Linux 7.0.0-28-generic (wei) 	08/14/26 	_x86_64_	(16 CPU)

# Time        UID       PID    %usr %system  %guest   %wait    %CPU   CPU  minflt/s  majflt/s     VSZ     RSS   %MEM   kB_rd/s   kB_wr/s kB_ccwr/s iodelay  Command
15:10:45        0        15    0.00    0.99    0.00    0.00    0.99    15      0.00      0.00       0       0   0.00     -1.00     -1.00     -1.00       0  rcu_preempt
15:10:45        0       676    0.00    1.98    0.00    0.00    1.98     1      0.00      0.00       0       0   0.00     -1.00     -1.00     -1.00       0  irq/163-rtw89_pci
15:10:45      101      1072    0.99    0.00    0.00    0.00    0.99    15      0.00      0.00   12504    6632   0.02     -1.00     -1.00     -1.00       0  dbus-daemon
15:10:45        0      1078    0.00    0.99    0.00    0.00    0.99    10      0.00      0.00 1029236   10664   0.03     -1.00     -1.00     -1.00       0  lttng-sessiond
15:10:45        0      1142    0.00    0.99    0.00    0.00    0.99    13      0.00      0.00   18372   11308   0.03     -1.00     -1.00     -1.00       0  wpa_supplicant
15:10:45     1000      2324   13.86    1.98    0.00    0.00   15.84     6     43.56      0.00 5557212  381620   1.17      0.00      0.00      0.00       0  gnome-shell
15:10:45     1000      2538    0.99    0.00    0.00    0.00    0.99    10      0.00      0.00  543976   11928   0.04      0.00      0.00      0.00       0  gsd-sharing
15:10:45     1000      2622    4.95    1.98    0.00    0.00    6.93     8      0.00      0.00 5685392  233232   0.72      0.00      0.00      0.00       0  ToDesk
15:10:45        0      3243    0.99    0.99    0.00    0.00    1.98    10      0.00      0.00 2778564   68480   0.21     -1.00     -1.00     -1.00       0  ToDesk_Service
15:10:45     1000     10213    0.00    0.00    0.00    0.00    0.00    15      2.97      0.00 1212301312  153828   0.47      0.00      0.00      0.00       0  github-desktop
15:10:45     1000     32140    1.98    0.99    0.00    0.00    2.97    12      0.00      0.00 11737228  752348   2.31      0.00      0.00      0.00       0  com.alibabainc.
15:10:45     1000     45971    0.00    0.00    0.00    0.00    0.00    13      5.94      0.00 50049280  218428   0.67      0.00      0.00      0.00       0  com.alibabainc.
15:10:45     1000    156386    0.99    0.00    0.00    0.00    0.99     6      0.00      0.00 1788224   49216   0.15      0.00      0.00      0.00       0  nxplayer.bin
15:10:45        0    332726    0.00    0.00    0.00    0.00    0.00    12      1.98      0.00  361696  237184   0.73     -1.00     -1.00     -1.00       0  systemd-journal
15:10:45     1000    425666    0.00    0.00    0.00    0.00    0.00    15      0.99      0.00 50028472  261208   0.80      0.00      0.00      0.00       0  com.alibabainc.
15:10:45     1000    577014    0.99    0.99    0.00    0.00    1.98    14      3.96      0.00 1521087724  394460   1.21      0.00      0.00      0.00       0  code
15:10:45     1000    577063    4.95    0.99    0.00    0.00    5.94    15    106.93      0.00 51395720  246020   0.76      0.00      0.00      0.00       0  code
15:10:45     1000    577132    0.00    0.00    0.00    0.00    0.00     4     32.67      0.00 1520364784  377820   1.16      0.00      0.00      0.00       0  code
15:10:45     1000    577160    0.99    0.99    0.00    0.00    1.98     3      0.00      0.00 1518795316  680328   2.09      0.00      0.00      0.00       0  code
15:10:45     1000    577170    0.00    0.00    0.00    0.00    0.00     4      2.97      0.00 1520378324  115260   0.35      0.00      0.00      0.00       0  code
15:10:45     1000    577171    0.00    0.00    0.00    0.00    0.00    14      2.97      0.00 1520352992  126200   0.39      0.00      0.00      0.00       0  code
15:10:45     1000    577172    0.00    0.00    0.00    0.00    0.00    15      2.97      0.00 1520369816  113428   0.35      0.00      0.00      0.00       0  code
15:10:45     1000    577241    0.00    0.00    0.00    0.00    0.00    13      1.98      0.00  673380  181896   0.56      0.00      0.00      0.00       0  codex
15:10:45     1000    577320    0.00    0.00    0.00    0.00    0.00     2      2.97      0.00 1520354644  108556   0.33      0.00      0.00      0.00       0  code
15:10:45     1000    799234    0.99    0.00    0.00    0.00    0.99     9      0.00      0.00 2026456  190724   0.59      0.00      0.00      0.00       0  gnome-control-c
15:10:45     1000    853053    0.00    0.00    0.00    0.00    0.00     6      0.99      0.00 55922224  487944   1.50      0.00      0.00      0.00       0  chrome
15:10:45     1000    888233    0.99    0.99    0.00    0.00    1.98     4      3.96      0.00 1754348  368736   1.13      0.00      0.00      0.00       0  gnome-system-mo
15:10:45        0   1049858    0.00    0.99    0.00    0.00    0.99     8      0.00      0.00       0       0   0.00     -1.00     -1.00     -1.00       0  kworker/u64:9-i915
15:10:45     1000   1073729    0.00    0.99    0.00    0.00    0.99     3      0.00      0.00  877608   71244   0.22      0.00      0.00      0.00       0  python3
15:10:45     1000   1074666    0.00    0.00    0.00    0.00    0.00     6      2.97      0.00 1520369816  129956   0.40      0.00      0.00      0.00       0  code
15:10:45     1000   1074681    0.00    0.00    0.00    0.00    0.00    15      1.98      0.00 1520363292  309260   0.95      0.00      0.00      0.00       0  code
15:10:45     1000   1074725    0.00    0.00    0.00    0.00    0.00    13    261.39      0.00  744064  182456   0.56      0.00      3.96      0.00       0  codex
15:10:45     1000   1075226    1.98    0.00    0.00    0.00    1.98    10     23.76      0.00 1518711308  401504   1.23      0.00      0.00      0.00       0  code
15:10:45     1000   1076599    0.00    0.00    0.00    0.00    0.00     0    324.75      0.00 1452868344   20300   0.06      0.00      0.00      0.00       0  codex-code-mode
15:10:45     1000   1095170    0.00    0.00    0.00    0.00    0.00     0      4.95      0.00  883436   72492   0.22      0.00      0.00      0.00       0  python3
15:10:45        0   1106397    0.00    0.99    0.00    0.00    0.99    12      0.00      0.00       0       0   0.00     -1.00     -1.00     -1.00       0  kworker/u65:2-i915_flip
15:10:45     1000   1108309    0.99    0.00    0.00    0.00    0.99     8      0.99      0.00   18224    7936   0.02      0.00    348.51      0.00       0  git
15:10:45     1000   1108784    0.00    0.00    0.00    0.00    0.00    13     54.46      0.00   10592    3692   0.01      0.00      0.00      0.00       0  bash
15:10:45     1000   1109016    0.99    0.00    0.00    0.00    0.99    11    708.91      0.00  899308   34652   0.11      0.00      0.00      0.00       0  real_go2_input_
15:10:45     1000   1109017    2.97    0.00    0.00    0.00    2.97     6     62.38      0.00  885700   74992   0.23      0.00      0.00      0.00       0  python3
15:10:45     1000   1109018    3.96    0.99    0.00    0.00    4.95     6    895.05      0.00 1131940  284672   0.87      0.00      3.96      0.00       0  scan_planner_no
15:10:45     1000   1109019    1.98    0.00    0.00    0.00    1.98     7     63.37      0.00  751036   32324   0.10      0.00      0.00      0.00       0  closed_loop_con
15:10:45     1000   1109020    1.98    0.99    0.00    0.00    2.97    10     59.41      0.00  750792   31236   0.10      0.00      3.96      0.00       0  cmd_vel_safety_
15:10:45     1000   1109021    8.91    0.00    0.00    0.00    8.91     5     62.38      0.00  884000   72832   0.22      0.00     59.41      0.00       0  telemetry_recor
15:10:45     1000   1109022    0.00    0.00    0.00    0.00    0.00     8     58.42      0.00  748984   30812   0.09      0.00      3.96      0.00       0  static_transfor
15:10:45     1000   1109177    0.00    0.99    0.00    0.00    0.99     8      2.97      0.00   12840    5940   0.02      0.00      0.00      0.00       0  pidstat
15:10:45     1000   1109178   24.75    3.96    0.00    0.00   28.71     4  18422.77      0.00  970548  110132   0.34      0.00      3.96      0.00       0  ros2
15:10:45     1000   1109196    0.00    0.00    0.00    0.00    0.00    12    101.98      0.00    8868    1792   0.01      0.00      0.00      0.00       0  sleep

# Time        UID       PID    %usr %system  %guest   %wait    %CPU   CPU  minflt/s  majflt/s     VSZ     RSS   %MEM   kB_rd/s   kB_wr/s kB_ccwr/s iodelay  Command
15:10:46     1000      2324   14.00    2.00    0.00    0.00   16.00    12      1.00      0.00 5557724  381620   1.17      0.00      0.00      0.00       0  gnome-shell
15:10:46     1000      2622    5.00    3.00    0.00    0.00    8.00     4      0.00      0.00 5685392  233232   0.72      0.00      0.00      0.00       0  ToDesk
15:10:46        0      3243    0.00    2.00    0.00    0.00    2.00    14      1.00      0.00 2778564   68480   0.21     -1.00     -1.00     -1.00       0  ToDesk_Service
15:10:46     1000     10213    0.00    0.00    0.00    0.00    0.00    12      4.00      0.00 1212301312  153828   0.47      0.00      0.00      0.00       0  github-desktop
15:10:46     1000     10251    0.00    0.00    0.00    0.00    0.00     6      3.00      0.00 34566360  113132   0.35      0.00      0.00      0.00       0  github-desktop
15:10:46     1000     32140    1.00    0.00    0.00    0.00    1.00    12      0.00      0.00 11737228  752348   2.31      0.00      0.00      0.00       0  com.alibabainc.
15:10:46     1000     45971    0.00    0.00    0.00    0.00    0.00    13      5.00      0.00 50049280  218428   0.67      0.00      0.00      0.00       0  com.alibabainc.
15:10:46        0    332726    0.00    0.00    0.00    0.00    0.00    14      2.00      0.00  361696  237184   0.73     -1.00     -1.00     -1.00       0  systemd-journal
15:10:46     1000    425666    0.00    0.00    0.00    0.00    0.00    15      1.00      0.00 50028472  261208   0.80      0.00      0.00      0.00       0  com.alibabainc.
15:10:46     1000    577014    1.00    0.00    0.00    0.00    1.00    12     16.00      0.00 1521087724  394460   1.21      0.00      0.00      0.00       0  code
15:10:46     1000    577063    4.00    2.00    0.00    0.00    6.00     6      5.00      0.00 51393600  245884   0.75      0.00      0.00      0.00       0  code
15:10:46     1000    577132    0.00    0.00    0.00    0.00    0.00     8      3.00      0.00 1520364784  377820   1.16      0.00      0.00      0.00       0  code
15:10:46     1000    577160    2.00    0.00    0.00    0.00    2.00     3    122.00      0.00 1518795316  680328   2.09      0.00      0.00      0.00       0  code
15:10:46     1000    577241    1.00    0.00    0.00    0.00    1.00    13      0.00      0.00  673380  181896   0.56      0.00      0.00      0.00       0  codex
15:10:46     1000    853053    0.00    0.00    0.00    0.00    0.00    12      2.00      0.00 55922224  487944   1.50      0.00    132.00      0.00       0  chrome
15:10:46     1000    853105    0.00    0.00    0.00    0.00    0.00    12      6.00      0.00 55066232   91896   0.28      0.00      0.00      0.00       0  chrome
15:10:46     1000    853115    0.00    1.00    0.00    0.00    1.00     0      0.00      0.00 55301888   57380   0.18      0.00      0.00      0.00       0  chrome
15:10:46     1000    880405    0.00    0.00    0.00    0.00    0.00    15      1.00      0.00 1518885044  322284   0.99      0.00      0.00      0.00       0  chrome
15:10:46     1000    881919    0.00    0.00    0.00    0.00    0.00    10      2.00      0.00 1518709608   96768   0.30      0.00      0.00      0.00       0  chrome
15:10:46        0   1074653    0.00    2.00    0.00    0.00    2.00     8      0.00      0.00       0       0   0.00     -1.00     -1.00     -1.00       0  kworker/u64:3-i915
15:10:46     1000   1075226    2.00    1.00    0.00    0.00    3.00     8      3.00      0.00 1518709132  401504   1.23      0.00      0.00      0.00       0  code
15:10:46     1000   1095170    0.00    1.00    0.00    0.00    1.00     4      0.00      0.00  883436   72492   0.22      0.00      0.00      0.00       0  python3
15:10:46     1000   1109016    3.00    1.00    0.00    0.00    4.00     2    394.00      0.00  899884   35740   0.11      0.00      0.00      0.00       0  real_go2_input_
15:10:46     1000   1109017   10.00    1.00    0.00    0.00   11.00     2    621.00      0.00  888420   77296   0.24      0.00      0.00      0.00       0  python3
15:10:46     1000   1109018   17.00    0.00    0.00    0.00   17.00     3   2291.00      0.00 1138464  289504   0.89      0.00      0.00      0.00       0  scan_planner_no
15:10:46     1000   1109019    2.00    1.00    0.00    0.00    3.00     7      2.00      0.00  751036   32324   0.10      0.00      0.00      0.00       0  closed_loop_con
15:10:46     1000   1109020    3.00    1.00    0.00    0.00    4.00     0      1.00      0.00  750792   31236   0.10      0.00      0.00      0.00       0  cmd_vel_safety_
15:10:46     1000   1109021   12.00    1.00    0.00    0.00   13.00    15      3.00      0.00  884000   72832   0.22      0.00    104.00      0.00       0  telemetry_recor
15:10:46     1000   1109177    1.00    0.00    0.00    0.00    1.00     6      2.00      0.00   12840    5940   0.02      0.00      8.00      0.00       0  pidstat
15:10:46     1000   1109178    3.00    2.00    0.00    0.00    5.00     4    156.00      0.00 1101620  110772   0.34      0.00      0.00      0.00       0  ros2

# Time        UID       PID    %usr %system  %guest   %wait    %CPU   CPU  minflt/s  majflt/s     VSZ     RSS   %MEM   kB_rd/s   kB_wr/s kB_ccwr/s iodelay  Command
15:10:47        0        15    0.00    1.00    0.00    0.00    1.00    11      0.00      0.00       0       0   0.00     -1.00     -1.00     -1.00       0  rcu_preempt
15:10:47        0       676    0.00    1.00    0.00    0.00    1.00     1      0.00      0.00       0       0   0.00     -1.00     -1.00     -1.00       0  irq/163-rtw89_pci
15:10:47        0      1119    1.00    0.00    0.00    0.00    1.00     1      0.00      0.00  425208   10052   0.03     -1.00     -1.00     -1.00       0  thermald
15:10:47     1000      2324   14.00    3.00    0.00    1.00   17.00     2      1.00      0.00 5557212  381620   1.17      0.00      0.00      0.00       0  gnome-shell
15:10:47     1000      2622    4.00    2.00    0.00    0.00    6.00     6      0.00      0.00 5685392  233232   0.72      0.00      0.00      0.00       0  ToDesk
15:10:47        0      3243    1.00    1.00    0.00    0.00    2.00    14      0.00      0.00 2778564   68480   0.21     -1.00     -1.00     -1.00       0  ToDesk_Service
15:10:47     1000     32140    1.00    1.00    0.00    1.00    2.00    13      0.00      0.00 11737228  752348   2.31      0.00      0.00      0.00       0  com.alibabainc.
15:10:47     1000     45971    0.00    0.00    0.00    0.00    0.00     2      4.00      0.00 50049280  218428   0.67      0.00      0.00      0.00       0  com.alibabainc.
15:10:47        0    332726    0.00    0.00    0.00    0.00    0.00    14      2.00      0.00  361696  237184   0.73     -1.00     -1.00     -1.00       0  systemd-journal
15:10:47     1000    577014    2.00    1.00    0.00    0.00    3.00     8      7.00      0.00 1521087724  394460   1.21      0.00      4.00      0.00       0  code
15:10:47     1000    577063    5.00    2.00    0.00    0.00    7.00     0      0.00      0.00 51393088  245884   0.75      0.00      0.00      0.00       0  code
15:10:47     1000    577067    0.00    0.00    0.00    0.00    0.00     9      8.00      0.00 50711564   88516   0.27      0.00      0.00      0.00       0  code
15:10:47     1000    577160    1.00    0.00    0.00    0.00    1.00     2      0.00      0.00 1518795316  680328   2.09      0.00      0.00      0.00       0  code
15:10:47     1000    577170    0.00    0.00    0.00    0.00    0.00    14      6.00      0.00 1520378324  115388   0.35      0.00      0.00      0.00       0  code
15:10:47     1000    577171    0.00    0.00    0.00    0.00    0.00    14      4.00      0.00 1520352992  126200   0.39      0.00      0.00      0.00       0  code
15:10:47     1000    577241    0.00    0.00    0.00    0.00    0.00    13      1.00      0.00  673380  181896   0.56      0.00      0.00      0.00       0  codex
15:10:47     1000    853053    1.00    0.00    0.00    0.00    1.00    10     18.00      0.00 55922224  488072   1.50      0.00      0.00      0.00       0  chrome
15:10:47     1000    853115    0.00    0.00    0.00    0.00    0.00     4      2.00      0.00 55301888   57380   0.18      0.00      0.00      0.00       0  chrome
15:10:47     1000    881951    0.00    0.00    0.00    0.00    0.00    10      1.00      0.00 55035016   60768   0.19      0.00      0.00      0.00       0  chrome
15:10:47        0    947446    0.00    1.00    0.00    0.00    1.00     7      0.00      0.00       0       0   0.00     -1.00     -1.00     -1.00       0  kworker/7:1-mm_percpu_wq
15:10:47        0   1074653    0.00    1.00    0.00    0.00    1.00     4      0.00      0.00       0       0   0.00     -1.00     -1.00     -1.00       0  kworker/u64:3-i915
15:10:47     1000   1074725    1.00    0.00    0.00    0.00    1.00    13     30.00      0.00  744064  182456   0.56      0.00     92.00      0.00       0  codex
15:10:47     1000   1075226    3.00    0.00    0.00    0.00    3.00     0      4.00      0.00 1518709132  401504   1.23      0.00      0.00      0.00       0  code
15:10:47        0   1106397    0.00    1.00    0.00    0.00    1.00     3      0.00      0.00       0       0   0.00     -1.00     -1.00     -1.00       0  kworker/u65:2-i915_flip
15:10:47     1000   1109016    2.00    2.00    0.00    0.00    4.00     3     60.00      0.00  900112   35996   0.11      0.00      0.00      0.00       0  real_go2_input_
15:10:47     1000   1109017   11.00    0.00    0.00    0.00   11.00     4    129.00      0.00  888420   77808   0.24      0.00      0.00      0.00       0  python3
15:10:47     1000   1109018   23.00    0.00    0.00    0.00   23.00    12      4.00      0.00 1138464  289632   0.89      0.00      0.00      0.00       0  scan_planner_no
15:10:47     1000   1109019    2.00    0.00    0.00    0.00    2.00     7      4.00      0.00  751036   32324   0.10      0.00      0.00      0.00       0  closed_loop_con
15:10:47     1000   1109020    3.00    0.00    0.00    0.00    3.00    15      0.00      0.00  750792   31236   0.10      0.00      0.00      0.00       0  cmd_vel_safety_
15:10:47     1000   1109021   13.00    0.00    0.00    0.00   13.00     5      2.00      0.00  884000   72832   0.22      0.00    116.00      0.00       0  telemetry_recor
15:10:47     1000   1109177    0.00    0.00    0.00    0.00    0.00     6      0.00      0.00   12840    5940   0.02      0.00      4.00      0.00       0  pidstat
15:10:47     1000   1109178    2.00    1.00    0.00    0.00    3.00     8      0.00      0.00 1101620  110772   0.34      0.00      0.00      0.00       0  ros2

# Time        UID       PID    %usr %system  %guest   %wait    %CPU   CPU  minflt/s  majflt/s     VSZ     RSS   %MEM   kB_rd/s   kB_wr/s kB_ccwr/s iodelay  Command
15:10:48        0         1    0.00    0.00    0.00    0.00    0.00    15      1.00      0.00   23564   14152   0.04     -1.00     -1.00     -1.00       0  systemd
15:10:48     1000      2324   15.00    1.00    0.00    0.00   16.00     0      0.00      0.00 5557212  381620   1.17      0.00      0.00      0.00       0  gnome-shell
15:10:48     1000      2622    4.00    2.00    0.00    0.00    6.00    10      0.00      0.00 5685392  233232   0.72      0.00      0.00      0.00       0  ToDesk
15:10:48        0      3243    0.00    2.00    0.00    0.00    2.00    12      0.00      0.00 2778564   68480   0.21     -1.00     -1.00     -1.00       0  ToDesk_Service
15:10:48     1000     10268    0.00    0.00    0.00    0.00    0.00    14      2.00      0.00 33882424   63200   0.19      0.00      0.00      0.00       0  github-desktop
15:10:48     1000     32140    2.00    0.00    0.00    0.00    2.00     8      0.00      0.00 11737228  752348   2.31      0.00      0.00      0.00       0  com.alibabainc.
15:10:48     1000     45971    0.00    0.00    0.00    0.00    0.00     8      4.00      0.00 50049280  218428   0.67      0.00      0.00      0.00       0  com.alibabainc.
15:10:48        0    332726    0.00    0.00    0.00    0.00    0.00    14      2.00      0.00  361696  237184   0.73     -1.00     -1.00     -1.00       0  systemd-journal
15:10:48     1000    425666    0.00    0.00    0.00    0.00    0.00    15      2.00      0.00 50028472  261208   0.80      0.00      0.00      0.00       0  com.alibabainc.
15:10:48     1000    425773    1.00    0.00    0.00    0.00    1.00     3      1.00      0.00 50014516  390508   1.20      0.00      0.00      0.00       0  com.alibabainc.
15:10:48     1000    516139    1.00    1.00    0.00    0.00    2.00     7      0.00      0.00 5453760   36840   0.11      0.00      0.00      0.00       0  clash
15:10:48     1000    577014    1.00    0.00    0.00    0.00    1.00     2      1.00      0.00 1521087724  394460   1.21      0.00      0.00      0.00       0  code
15:10:48     1000    577063    6.00    1.00    0.00    0.00    7.00     8    106.00      0.00 51395656  246012   0.76      0.00      0.00      0.00       0  code
15:10:48     1000    577067    0.00    0.00    0.00    0.00    0.00     9     39.00      0.00 50711564   88360   0.27      0.00      0.00      0.00       0  code
15:10:48     1000    577107    0.00    0.00    0.00    0.00    0.00     8    208.00      0.00 1522727200  597228   1.83      0.00      0.00      0.00       0  code
15:10:48     1000    577132    0.00    0.00    0.00    0.00    0.00     8      2.00      0.00 1520364784  377820   1.16      0.00      0.00      0.00       0  code
15:10:48     1000    577160    1.00    1.00    0.00    0.00    2.00     8      0.00      0.00 1518795316  680328   2.09      0.00      0.00      0.00       0  code
15:10:48     1000    577170    0.00    0.00    0.00    0.00    0.00     8      6.00      0.00 1520378324  115388   0.35      0.00      0.00      0.00       0  code
15:10:48     1000    577171    0.00    0.00    0.00    0.00    0.00    10    296.00      0.00 1520352992  126188   0.39      0.00      0.00      0.00       0  code
15:10:48     1000    577172    0.00    0.00    0.00    0.00    0.00    15      2.00      0.00 1520369816  113428   0.35      0.00      0.00      0.00       0  code
15:10:48     1000    577320    0.00    0.00    0.00    0.00    0.00     2     28.00      0.00 1520354644  108556   0.33      0.00      0.00      0.00       0  code
15:10:48     1000    853053    0.00    0.00    0.00    0.00    0.00    10     22.00      0.00 55922224  487892   1.50      0.00      0.00      0.00       0  chrome
15:10:48     1000    853103    0.00    0.00    0.00    0.00    0.00     0      9.00      0.00 55851500  301876   0.93      0.00      0.00      0.00       0  chrome
15:10:48     1000    853105    0.00    0.00    0.00    0.00    0.00    12     10.00      0.00 55066232   91896   0.28      0.00      0.00      0.00       0  chrome
15:10:48     1000    888233    2.00    1.00    0.00    0.00    3.00     6      1.00      0.00 1754336  368736   1.13      0.00      0.00      0.00       0  gnome-system-mo
15:10:48        0   1049858    0.00    1.00    0.00    0.00    1.00    10      0.00      0.00       0       0   0.00     -1.00     -1.00     -1.00       0  kworker/u64:9-events_power_efficient
15:10:48     1000   1073729    1.00    0.00    0.00    0.00    1.00     1      0.00      0.00  877608   71244   0.22      0.00      0.00      0.00       0  python3
15:10:48        0   1074653    0.00    1.00    0.00    0.00    1.00     7      0.00      0.00       0       0   0.00     -1.00     -1.00     -1.00       0  kworker/u64:3-i915
15:10:48     1000   1074666    0.00    0.00    0.00    0.00    0.00     6      3.00      0.00 1520369816  129956   0.40      0.00      0.00      0.00       0  code
15:10:48     1000   1074681    0.00    0.00    0.00    0.00    0.00    15      8.00      0.00 1520363292  309260   0.95      0.00      0.00      0.00       0  code
15:10:48     1000   1075226    2.00    0.00    0.00    0.00    2.00     4    131.00      0.00 1518711308  401356   1.23      0.00      0.00      0.00       0  code
15:10:48     1000   1108309    0.00    0.00    0.00    0.00    0.00    12      0.00      0.00   18224    7936   0.02      0.00     68.00      0.00       0  git
15:10:48     1000   1109016    3.00    1.00    0.00    0.00    4.00    10      0.00      0.00  900112   35996   0.11      0.00      0.00      0.00       0  real_go2_input_
15:10:48     1000   1109017   11.00    0.00    0.00    0.00   11.00    11      0.00      0.00  888420   77808   0.24      0.00      0.00      0.00       0  python3
15:10:48     1000   1109018   23.00    0.00    0.00    0.00   23.00     8      0.00      0.00 1138464  289632   0.89      0.00      0.00      0.00       0  scan_planner_no
15:10:48     1000   1109019    3.00    0.00    0.00    0.00    3.00     1      0.00      0.00  751036   32324   0.10      0.00      0.00      0.00       0  closed_loop_con
15:10:48     1000   1109020    4.00    1.00    0.00    0.00    5.00    15      0.00      0.00  750792   31236   0.10      0.00      0.00      0.00       0  cmd_vel_safety_
15:10:48     1000   1109021   11.00    1.00    0.00    0.00   12.00     5      1.00      0.00  884000   72832   0.22      0.00    116.00      0.00       0  telemetry_recor
15:10:48     1000   1109177    0.00    1.00    0.00    0.00    1.00     6      0.00      0.00   12840    5940   0.02      0.00      4.00      0.00       0  pidstat
15:10:48     1000   1109178    2.00    1.00    0.00    0.00    3.00     4      0.00      0.00 1101620  110772   0.34      0.00      0.00      0.00       0  ros2

# Time        UID       PID    %usr %system  %guest   %wait    %CPU   CPU  minflt/s  majflt/s     VSZ     RSS   %MEM   kB_rd/s   kB_wr/s kB_ccwr/s iodelay  Command
15:10:49        0       417    0.00    0.99    0.00    0.00    0.99    12      0.00      0.00       0       0   0.00     -1.00     -1.00     -1.00       0  kworker/12:1H-i915_cleanup
15:10:49     1000      2324   12.87    2.97    0.00    0.00   15.84    15      0.00      0.00 5557212  381620   1.17      0.00      0.00      0.00       0  gnome-shell
15:10:49     1000      2622    4.95    1.98    0.00    0.00    6.93     8      0.00      0.00 5685392  233232   0.72      0.00      0.00      0.00       0  ToDesk
15:10:49        0      3243    0.99    1.98    0.00    0.00    2.97     6      0.00      0.00 2778564   68480   0.21     -1.00     -1.00     -1.00       0  ToDesk_Service
15:10:49     1000     32140    0.00    0.99    0.00    0.00    0.99    10      0.00      0.00 11737228  752348   2.31      0.00      0.00      0.00       0  com.alibabainc.
15:10:49     1000     32292    0.00    0.00    0.00    0.00    0.00     2      0.00      0.00 1475368   79304   0.24      0.00      0.00      0.00       0  com.alibabainc.
15:10:49     1000     45971    0.99    0.00    0.00    0.00    0.99     2      4.95      0.00 50049280  218428   0.67      0.00      0.00      0.00       0  com.alibabainc.
15:10:49     1000     52294    0.00    0.00    0.00    0.00    0.00    10      0.99      0.00 53387424  465124   1.43      0.00      0.00      0.00       0  com.alibabainc.
15:10:49        0    332726    0.00    0.00    0.00    0.00    0.00     2      0.99      0.00  361696  237184   0.73     -1.00     -1.00     -1.00       0  systemd-journal
15:10:49     1000    425666    0.00    0.00    0.00    0.00    0.00     6      0.99      0.00 50028472  261208   0.80      0.00      0.00      0.00       0  com.alibabainc.
15:10:49     1000    426077    0.99    0.00    0.00    0.00    0.99    12      0.99      0.00 50132492  528136   1.62      0.00      0.00      0.00       0  com.alibabainc.
15:10:49     1000    577014    0.99    0.99    0.00    0.00    1.98    12      0.99      0.00 1521087724  394460   1.21      0.00      0.00      0.00       0  code
15:10:49     1000    577063    3.96    0.99    0.00    0.00    4.95    14     76.24      0.00 51395656  245688   0.75      0.00      0.00      0.00       0  code
15:10:49     1000    577132    0.00    0.00    0.00    0.00    0.00     8     29.70      0.00 1520364784  377820   1.16      0.00      0.00      0.00       0  code
15:10:49     1000    577160    0.99    0.00    0.00    0.00    0.99    14      0.00      0.00 1518795316  680328   2.09      0.00      0.00      0.00       0  code
15:10:49     1000    885261    0.00    0.00    0.00    0.00    0.00     6      0.00      0.00 1518767568  316548   0.97      0.00      0.00      0.00       0  code
15:10:49        0   1074653    0.00    0.99    0.00    0.00    0.99    12      0.00      0.00       0       0   0.00     -1.00     -1.00     -1.00       0  kworker/u64:3-i915
15:10:49     1000   1075226    2.97    0.00    0.00    0.00    2.97    12     17.82      0.00 1518711308  401356   1.23      0.00      0.00      0.00       0  code
15:10:49     1000   1108309    0.00    0.00    0.00    0.00    0.00    14      0.00      0.00   18224    7936   0.02      0.00     39.60      0.00       0  git
15:10:49     1000   1109016    2.97    0.99    0.00    0.00    3.96    12     18.81      0.00  900112   35996   0.11      0.00      0.00      0.00       0  real_go2_input_
15:10:49     1000   1109017    8.91    0.99    0.00    0.00    9.90     0      0.99      0.00  888420   77808   0.24      0.00      0.00      0.00       0  python3
15:10:49     1000   1109018   22.77    0.00    0.00    0.00   22.77     5      0.00      0.00 1138464  289632   0.89      0.00      0.00      0.00       0  scan_planner_no
15:10:49     1000   1109019    1.98    0.00    0.00    0.00    1.98     9      0.99      0.00  751036   32324   0.10      0.00      0.00      0.00       0  closed_loop_con
15:10:49     1000   1109020    2.97    0.00    0.00    0.00    2.97     7      0.99      0.00  750792   31236   0.10      0.00      0.00      0.00       0  cmd_vel_safety_
15:10:49     1000   1109021   12.87    0.99    0.00    0.00   13.86     6      0.99      0.00  884000   72832   0.22      0.00    114.85      0.00       0  telemetry_recor
15:10:49     1000   1109177    0.99    0.00    0.00    0.00    0.99     8      0.00      0.00   12840    5940   0.02      0.00      7.92      0.00       0  pidstat
15:10:49     1000   1109178    2.97    0.99    0.00    0.00    3.96     8      0.99      0.00 1101620  110772   0.34      0.00      0.00      0.00       0  ros2

# Time        UID       PID    %usr %system  %guest   %wait    %CPU   CPU  minflt/s  majflt/s     VSZ     RSS   %MEM   kB_rd/s   kB_wr/s kB_ccwr/s iodelay  Command
15:10:50        0        15    0.00    1.00    0.00    0.00    1.00     6      0.00      0.00       0       0   0.00     -1.00     -1.00     -1.00       0  rcu_preempt
15:10:50        0       464    0.00    1.00    0.00    0.00    1.00    14      0.00      0.00       0       0   0.00     -1.00     -1.00     -1.00       0  kworker/14:1H-i915_cleanup
15:10:50        0       676    0.00    1.00    0.00    0.00    1.00     1      0.00      0.00       0       0   0.00     -1.00     -1.00     -1.00       0  irq/163-rtw89_pci
15:10:50        0      1370    0.00    1.00    0.00    0.00    1.00    13      0.00      0.00 2606064   21460   0.07     -1.00     -1.00     -1.00       0  containerd
15:10:50     1000      2324   14.00    3.00    0.00    0.00   17.00     6      1.00      0.00 5557212  381620   1.17      0.00      0.00      0.00       0  gnome-shell
15:10:50     1000      2622    5.00    2.00    0.00    0.00    7.00    10      0.00      0.00 5685392  233232   0.72      0.00      0.00      0.00       0  ToDesk
15:10:50        0      3243    1.00    1.00    0.00    0.00    2.00    13      0.00      0.00 2778564   68480   0.21     -1.00     -1.00     -1.00       0  ToDesk_Service
15:10:50     1000     10213    0.00    0.00    0.00    0.00    0.00    12      5.00      0.00 1212301312  153828   0.47      0.00      0.00      0.00       0  github-desktop
15:10:50     1000     10251    0.00    0.00    0.00    0.00    0.00     6      3.00      0.00 34566360  113132   0.35      0.00      0.00      0.00       0  github-desktop
15:10:50     1000     32140    2.00    0.00    0.00    0.00    2.00     8      0.00      0.00 11737228  752348   2.31      0.00      0.00      0.00       0  com.alibabainc.
15:10:50     1000     45971    0.00    0.00    0.00    0.00    0.00     4      3.00      0.00 50049280  218428   0.67      0.00      0.00      0.00       0  com.alibabainc.
15:10:50        0    332726    0.00    0.00    0.00    0.00    0.00    10      1.00      0.00  361696  237184   0.73     -1.00     -1.00     -1.00       0  systemd-journal
15:10:50     1000    516139    0.00    1.00    0.00    0.00    1.00     4      0.00      0.00 5453760   36840   0.11      0.00      0.00      0.00       0  clash
15:10:50     1000    577014    1.00    1.00    0.00    0.00    2.00    13     16.00      0.00 1521087724  394460   1.21      0.00      0.00      0.00       0  code
15:10:50     1000    577063    6.00    1.00    0.00    0.00    7.00    12     34.00      0.00 51393536  245664   0.75      0.00      0.00      0.00       0  code
15:10:50     1000    577160    2.00    0.00    0.00    0.00    2.00     2    129.00      0.00 1518795316  680328   2.09      0.00      0.00      0.00       0  code
15:10:50     1000    577241    0.00    0.00    0.00    0.00    0.00    13      1.00      0.00  673380  181896   0.56      0.00      0.00      0.00       0  codex
15:10:50     1000    853105    0.00    0.00    0.00    0.00    0.00    12     14.00      0.00 55066232   91896   0.28      0.00    156.00      0.00       0  chrome
15:10:50     1000    885261    0.00    0.00    0.00    0.00    0.00    10     13.00      0.00 1518767568  316548   0.97      0.00      0.00      0.00       0  code
15:10:50        0   1074653    0.00    2.00    0.00    0.00    2.00     0      0.00      0.00       0       0   0.00     -1.00     -1.00     -1.00       0  kworker/u64:3-i915
15:10:50     1000   1074681    0.00    0.00    0.00    0.00    0.00    13     12.00      0.00 1520363292  309260   0.95      0.00      0.00      0.00       0  code
15:10:50     1000   1074725    1.00    1.00    0.00    0.00    2.00    13    812.00      0.00  744032  182324   0.56      0.00    124.00      0.00       0  codex
15:10:50     1000   1075226    2.00    0.00    0.00    0.00    2.00    10     13.00      0.00 1518709132  401356   1.23      0.00      0.00      0.00       0  code
15:10:50     1000   1076599    0.00    0.00    0.00    0.00    0.00     0      0.00      0.00 1450899656   19592   0.06      0.00      0.00      0.00       0  codex-code-mode
15:10:50        0   1106397    0.00    1.00    0.00    0.00    1.00    15      0.00      0.00       0       0   0.00     -1.00     -1.00     -1.00       0  kworker/u65:2-i915_flip
15:10:50     1000   1108300    1.00    0.00    0.00    0.00    1.00    15      0.00      0.00   33852   15940   0.05      0.00      0.00      0.00       0  git-remote-http
15:10:50     1000   1108309    0.00    0.00    0.00    0.00    0.00    12      0.00      0.00   18224    7936   0.02      0.00    440.00      0.00       0  git
15:10:50     1000   1108784    0.00    0.00    0.00    0.00    0.00    13     58.00      0.00   10592    3692   0.01      0.00      0.00      0.00       0  bash
15:10:50     1000   1109016    4.00    0.00    0.00    0.00    4.00    15      3.00      0.00  900112   35996   0.11      0.00      0.00      0.00       0  real_go2_input_
15:10:50     1000   1109017    9.00    0.00    0.00    0.00    9.00    14      0.00      0.00  888420   77808   0.24      0.00      0.00      0.00       0  python3
15:10:50     1000   1109018   24.00    0.00    0.00    0.00   24.00    13      0.00      0.00 1138464  289632   0.89      0.00      0.00      0.00       0  scan_planner_no
15:10:50     1000   1109019    2.00    1.00    0.00    0.00    3.00    12      0.00      0.00  751036   32324   0.10      0.00      0.00      0.00       0  closed_loop_con
15:10:50     1000   1109020    2.00    2.00    0.00    0.00    4.00     7      0.00      0.00  750792   31236   0.10      0.00      0.00      0.00       0  cmd_vel_safety_
15:10:50     1000   1109021   13.00    1.00    0.00    0.00   14.00     2      0.00      0.00  884000   72832   0.22      0.00    116.00      0.00       0  telemetry_recor
15:10:50     1000   1109177    0.00    1.00    0.00    0.00    1.00     8      0.00      0.00   12840    5940   0.02      0.00      4.00      0.00       0  pidstat
15:10:50     1000   1109178    2.00    1.00    0.00    0.00    3.00    13    127.00      0.00 1101620  111284   0.34      0.00      4.00      0.00       0  ros2
15:10:50     1000   1109234    0.00    0.00    0.00    0.00    0.00    15    104.00      0.00    8868    1916   0.01      0.00      0.00      0.00       0  sleep

# Time        UID       PID    %usr %system  %guest   %wait    %CPU   CPU  minflt/s  majflt/s     VSZ     RSS   %MEM   kB_rd/s   kB_wr/s kB_ccwr/s iodelay  Command
15:10:51     1000      2324   14.00    2.00    0.00    0.00   16.00     6      1.00      0.00 5557724  381620   1.17      0.00      0.00      0.00       0  gnome-shell
15:10:51     1000      2622    5.00    2.00    0.00    0.00    7.00    10      0.00      0.00 5685392  233232   0.72      0.00      0.00      0.00       0  ToDesk
15:10:51        0      3243    0.00    2.00    0.00    0.00    2.00    12      0.00      0.00 2778564   68480   0.21     -1.00     -1.00     -1.00       0  ToDesk_Service
15:10:51     1000     32140    1.00    1.00    0.00    0.00    2.00     8      0.00      0.00 11737228  752348   2.31      0.00      0.00      0.00       0  com.alibabainc.
15:10:51     1000     45971    0.00    0.00    0.00    0.00    0.00     4      4.00      0.00 50049280  218428   0.67      0.00      0.00      0.00       0  com.alibabainc.
15:10:51     1000     52294    1.00    0.00    0.00    0.00    1.00     8      0.00      0.00 53387424  465124   1.43      0.00      0.00      0.00       0  com.alibabainc.
15:10:51     1000    156386    0.00    1.00    0.00    0.00    1.00    13      0.00      0.00 1788224   49216   0.15      0.00      0.00      0.00       0  nxplayer.bin
15:10:51        0    332726    0.00    0.00    0.00    0.00    0.00    10      1.00      0.00  361696  237184   0.73     -1.00     -1.00     -1.00       0  systemd-journal
15:10:51     1000    425666    0.00    0.00    0.00    0.00    0.00     6      3.00      0.00 50028472  261208   0.80      0.00      0.00      0.00       0  com.alibabainc.
15:10:51     1000    577014    1.00    0.00    0.00    0.00    1.00    12      1.00      0.00 1521087724  394460   1.21      0.00      0.00      0.00       0  code
15:10:51     1000    577063    4.00    2.00    0.00    0.00    6.00    15      1.00      0.00 51393536  245664   0.75      0.00      0.00      0.00       0  code
15:10:51     1000    577067    0.00    0.00    0.00    0.00    0.00     9      0.00      0.00 50711564   88208   0.27      0.00      0.00      0.00       0  code
15:10:51     1000    577132    0.00    0.00    0.00    0.00    0.00     8      3.00      0.00 1520364784  377820   1.16      0.00      0.00      0.00       0  code
15:10:51     1000    577160    1.00    1.00    0.00    0.00    2.00    14     14.00      0.00 1518795316  680328   2.09      0.00      0.00      0.00       0  code
15:10:51     1000    577170    0.00    0.00    0.00    0.00    0.00     8      4.00      0.00 1520378324  115388   0.35      0.00      0.00      0.00       0  code
15:10:51     1000    853115    0.00    0.00    0.00    0.00    0.00     4      2.00      0.00 55301888   57380   0.18      0.00      0.00      0.00       0  chrome
15:10:51     1000    881951    0.00    0.00    0.00    0.00    0.00    10      1.00      0.00 55035016   60768   0.19      0.00      0.00      0.00       0  chrome
15:10:51     1000    885261    0.00    0.00    0.00    0.00    0.00     8      6.00      0.00 1518767568  316548   0.97      0.00      0.00      0.00       0  code
15:10:51     1000    888233    1.00    1.00    0.00    0.00    2.00     2      1.00      0.00 1754328  368736   1.13      0.00      0.00      0.00       0  gnome-system-mo
15:10:51        0   1049858    0.00    1.00    0.00    0.00    1.00     8      0.00      0.00       0       0   0.00     -1.00     -1.00     -1.00       0  kworker/u64:9-i915
15:10:51     1000   1074725    1.00    0.00    0.00    0.00    1.00    13     36.00      0.00  744032  182324   0.56      0.00    196.00     80.00       0  codex
15:10:51     1000   1075226    2.00    0.00    0.00    0.00    2.00    11     15.00      0.00 1518709132  401356   1.23      0.00      0.00      0.00       0  code
15:10:51     1000   1095170    1.00    0.00    0.00    0.00    1.00     0      0.00      0.00  883436   72492   0.22      0.00      0.00      0.00       0  python3
15:10:51     1000   1108309    1.00    0.00    0.00    0.00    1.00    15     35.00      0.00   39364    8064   0.02      0.00    280.00      0.00       0  git
15:10:51     1000   1109016    3.00    1.00    0.00    0.00    4.00     0      0.00      0.00  900112   35996   0.11      0.00      0.00      0.00       0  real_go2_input_
15:10:51     1000   1109017   10.00    0.00    0.00    0.00   10.00     8      0.00      0.00  888420   77808   0.24      0.00      0.00      0.00       0  python3
15:10:51     1000   1109018   25.00    0.00    0.00    0.00   25.00     2      0.00      0.00 1138464  289632   0.89      0.00      0.00      0.00       0  scan_planner_no
15:10:51     1000   1109019    3.00    1.00    0.00    0.00    4.00     7      0.00      0.00  751036   32324   0.10      0.00      0.00      0.00       0  closed_loop_con
15:10:51     1000   1109020    3.00    0.00    0.00    0.00    3.00    10      0.00      0.00  750792   31236   0.10      0.00      0.00      0.00       0  cmd_vel_safety_
15:10:51     1000   1109021   14.00    0.00    0.00    1.00   14.00     0      0.00      0.00  884000   72832   0.22      0.00    116.00      0.00       0  telemetry_recor
15:10:51     1000   1109177    0.00    0.00    0.00    0.00    0.00     4      0.00      0.00   12840    5940   0.02      0.00      8.00      0.00       0  pidstat
15:10:51     1000   1109178    2.00    1.00    0.00    0.00    3.00    14      0.00      0.00 1101620  111284   0.34      0.00      0.00      0.00       0  ros2

# Time        UID       PID    %usr %system  %guest   %wait    %CPU   CPU  minflt/s  majflt/s     VSZ     RSS   %MEM   kB_rd/s   kB_wr/s kB_ccwr/s iodelay  Command
15:10:52        0       676    0.00    1.00    0.00    0.00    1.00     1      0.00      0.00       0       0   0.00     -1.00     -1.00     -1.00       0  irq/163-rtw89_pci
15:10:52     1000      2324   14.00    3.00    0.00    0.00   17.00     6      1.00      0.00 5557724  381620   1.17      0.00      0.00      0.00       0  gnome-shell
15:10:52     1000      2622    6.00    1.00    0.00    0.00    7.00     8      0.00      0.00 5685392  233232   0.72      0.00      0.00      0.00       0  ToDesk
15:10:52        0      3243    1.00    1.00    0.00    0.00    2.00    13      0.00      0.00 2778564   68480   0.21     -1.00     -1.00     -1.00       0  ToDesk_Service
15:10:52     1000     10268    0.00    0.00    0.00    0.00    0.00    14      2.00      0.00 33882424   63200   0.19      0.00      0.00      0.00       0  github-desktop
15:10:52     1000     32140    1.00    1.00    0.00    0.00    2.00    10      0.00      0.00 11737228  752348   2.31      0.00      0.00      0.00       0  com.alibabainc.
15:10:52     1000     45971    0.00    0.00    0.00    0.00    0.00     4      4.00      0.00 50049280  218428   0.67      0.00      0.00      0.00       0  com.alibabainc.
15:10:52        0    332726    0.00    0.00    0.00    0.00    0.00    12      2.00      0.00  361696  237184   0.73     -1.00     -1.00     -1.00       0  systemd-journal
15:10:52      990    333267    0.00    1.00    0.00    0.00    1.00     8      0.00      0.00   17572    7292   0.02     -1.00     -1.00     -1.00       0  systemd-oomd
15:10:52     1000    516139    0.00    1.00    0.00    0.00    1.00     4      0.00      0.00 5453760   36840   0.11      0.00      0.00      0.00       0  clash
15:10:52     1000    577014    1.00    1.00    0.00    0.00    2.00     8      7.00      0.00 1521087724  394460   1.21      0.00      0.00      0.00       0  code
15:10:52     1000    577063    5.00    1.00    0.00    0.00    6.00     6    220.00      0.00 51395736  245744   0.75      0.00      0.00      0.00       0  code
15:10:52     1000    577132    1.00    0.00    0.00    0.00    1.00    12      0.00      0.00 1520364784  377820   1.16      0.00      0.00      0.00       0  code
15:10:52     1000    577160    1.00    0.00    0.00    0.00    1.00     0      4.00      0.00 1518795316  680328   2.09      0.00      0.00      0.00       0  code
15:10:52     1000    577170    0.00    0.00    0.00    0.00    0.00    10     31.00      0.00 1520378324  115388   0.35      0.00      0.00      0.00       0  code
15:10:52     1000    577171    1.00    0.00    0.00    0.00    1.00    10     30.00      0.00 1520352992  125600   0.39      0.00      0.00      0.00       0  code
15:10:52     1000    577172    0.00    0.00    0.00    0.00    0.00    15      3.00      0.00 1520369816  113428   0.35      0.00      0.00      0.00       0  code
15:10:52     1000    577241    0.00    0.00    0.00    0.00    0.00    13      1.00      0.00  673380  181896   0.56      0.00      0.00      0.00       0  codex
15:10:52     1000    577320    0.00    0.00    0.00    0.00    0.00     2     13.00      0.00 1520354644  108556   0.33      0.00      0.00      0.00       0  code
15:10:52     1000    853053    0.00    0.00    0.00    0.00    0.00    14     22.00      0.00 55922224  487892   1.50      0.00      0.00      0.00       0  chrome
15:10:52     1000    853103    0.00    0.00    0.00    0.00    0.00     0      9.00      0.00 55851500  301876   0.93      0.00      0.00      0.00       0  chrome
15:10:52     1000    853105    0.00    0.00    0.00    0.00    0.00    12      6.00      0.00 55066232   91896   0.28      0.00      0.00      0.00       0  chrome
15:10:52        0   1049858    0.00    1.00    0.00    0.00    1.00    12      0.00      0.00       0       0   0.00     -1.00     -1.00     -1.00       0  kworker/u64:9-ipv6_addrconf
15:10:52        0   1074653    0.00    2.00    0.00    0.00    2.00     0      0.00      0.00       0       0   0.00     -1.00     -1.00     -1.00       0  kworker/u64:3-i915
15:10:52     1000   1074666    0.00    0.00    0.00    0.00    0.00    15      4.00      0.00 1520369816  129956   0.40      0.00      0.00      0.00       0  code
15:10:52     1000   1074681    0.00    0.00    0.00    0.00    0.00     2      7.00      0.00 1520363292  309260   0.95      0.00      0.00      0.00       0  code
15:10:52     1000   1075226    2.00    1.00    0.00    0.00    3.00    11    112.00      0.00 1518711308  401484   1.23      0.00      0.00      0.00       0  code
15:10:52        0   1106397    0.00    1.00    0.00    0.00    1.00    14      0.00      0.00       0       0   0.00     -1.00     -1.00     -1.00       0  kworker/u65:2-i915_flip
15:10:52     1000   1108300    0.00    1.00    0.00    0.00    1.00    15      0.00      0.00   33852   15940   0.05      0.00      0.00      0.00       0  git-remote-http
15:10:52     1000   1108309    0.00    0.00    0.00    0.00    0.00    15     88.00      0.00   39364    8448   0.03      0.00    352.00      0.00       0  git
15:10:52     1000   1109016    3.00    1.00    0.00    0.00    4.00     8      0.00      0.00  900112   35996   0.11      0.00      0.00      0.00       0  real_go2_input_
15:10:52     1000   1109017   10.00    0.00    0.00    0.00   10.00     1      0.00      0.00  888420   77808   0.24      0.00      0.00      0.00       0  python3
15:10:52     1000   1109018   25.00    0.00    0.00    0.00   25.00     8      1.00      0.00 1138464  289632   0.89      0.00      0.00      0.00       0  scan_planner_no
15:10:52     1000   1109019    2.00    0.00    0.00    0.00    2.00    12      0.00      0.00  751036   32324   0.10      0.00      0.00      0.00       0  closed_loop_con
15:10:52     1000   1109020    4.00    1.00    0.00    0.00    5.00     3      0.00      0.00  750792   31236   0.10      0.00      0.00      0.00       0  cmd_vel_safety_
15:10:52     1000   1109021   12.00    1.00    0.00    0.00   13.00    10      0.00      0.00  884000   72832   0.22      0.00    116.00      0.00       0  telemetry_recor
15:10:52     1000   1109177    0.00    1.00    0.00    0.00    1.00     4      0.00      0.00   12840    5940   0.02      0.00      4.00      0.00       0  pidstat
15:10:52     1000   1109178    2.00    2.00    0.00    0.00    4.00    14      0.00      0.00 1101620  111284   0.34      0.00      0.00      0.00       0  ros2

# Time        UID       PID    %usr %system  %guest   %wait    %CPU   CPU  minflt/s  majflt/s     VSZ     RSS   %MEM   kB_rd/s   kB_wr/s kB_ccwr/s iodelay  Command
15:10:53        0        15    0.00    1.00    0.00    0.00    1.00    12      0.00      0.00       0       0   0.00     -1.00     -1.00     -1.00       0  rcu_preempt
15:10:53     1000      2324   15.00    2.00    0.00    0.00   17.00     0      0.00      0.00 5557212  381620   1.17      0.00      0.00      0.00       0  gnome-shell
15:10:53     1000      2622    4.00    3.00    0.00    0.00    7.00     0      0.00      0.00 5685392  233232   0.72      0.00      0.00      0.00       0  ToDesk
15:10:53      123      3242    0.00    1.00    0.00    0.00    1.00     6      0.00      0.00 2382172   77480   0.24     -1.00     -1.00     -1.00       0  nxserver.bin
15:10:53        0      3243    1.00    1.00    0.00    0.00    2.00    15      0.00      0.00 2778564   68480   0.21     -1.00     -1.00     -1.00       0  ToDesk_Service
15:10:53     1000     32140    2.00    0.00    0.00    0.00    2.00     4      0.00      0.00 11737228  752348   2.31      0.00      0.00      0.00       0  com.alibabainc.
15:10:53     1000     45971    0.00    0.00    0.00    0.00    0.00     6      4.00      0.00 50049280  218428   0.67      0.00      0.00      0.00       0  com.alibabainc.
15:10:53        0    332726    0.00    0.00    0.00    0.00    0.00     8      1.00      0.00  361696  237184   0.73     -1.00     -1.00     -1.00       0  systemd-journal
15:10:53     1000    425666    1.00    0.00    0.00    0.00    1.00     8      1.00      0.00 50028472  261208   0.80      0.00      0.00      0.00       0  com.alibabainc.
15:10:53     1000    516139    1.00    0.00    0.00    0.00    1.00     4      0.00      0.00 5453760   36840   0.11      0.00      0.00      0.00       0  clash
15:10:53     1000    577014    1.00    1.00    0.00    0.00    2.00     2      1.00      0.00 1521087724  394460   1.21      0.00      0.00      0.00       0  code
15:10:53     1000    577063    5.00    1.00    0.00    0.00    6.00     4     76.00      0.00 51395736  245592   0.75      0.00      0.00      0.00       0  code
15:10:53     1000    577107    0.00    0.00    0.00    0.00    0.00     8      5.00      0.00 1522727200  597228   1.83      0.00      0.00      0.00       0  code
15:10:53     1000    577132    0.00    0.00    0.00    0.00    0.00     2     33.00      0.00 1520364784  377820   1.16      0.00      0.00      0.00       0  code
15:10:53     1000    577160    1.00    1.00    0.00    0.00    2.00    14      0.00      0.00 1518795316  680328   2.09      0.00      0.00      0.00       0  code
15:10:53     1000    577170    0.00    0.00    0.00    0.00    0.00    15      1.00      0.00 1520378324  115388   0.35      0.00      0.00      0.00       0  code
15:10:53     1000    577172    1.00    0.00    0.00    0.00    1.00    15      0.00      0.00 1520369816  113428   0.35      0.00      0.00      0.00       0  code
15:10:53     1000    577320    0.00    0.00    0.00    0.00    0.00     0     14.00      0.00 1520354644  108556   0.33      0.00      0.00      0.00       0  code
15:10:53     1000    888233    0.00    1.00    0.00    0.00    1.00     6      0.00      0.00 1754328  368736   1.13      0.00      0.00      0.00       0  gnome-system-mo
15:10:53        0   1074653    0.00    1.00    0.00    0.00    1.00     4      0.00      0.00       0       0   0.00     -1.00     -1.00     -1.00       0  kworker/u64:3-i915
15:10:53     1000   1074725    0.00    0.00    0.00    0.00    0.00    13     20.00      0.00  744032  182324   0.56      0.00     92.00      0.00       0  codex
15:10:53     1000   1075226    3.00    1.00    0.00    0.00    4.00    11     23.00      0.00 1518711308  401484   1.23      0.00      0.00      0.00       0  code
15:10:53     1000   1108309    0.00    0.00    0.00    0.00    0.00    12     75.00      0.00   39364    8576   0.03      0.00    296.00      0.00       0  git
15:10:53     1000   1109016    3.00    1.00    0.00    0.00    4.00    13      0.00      0.00  900112   35996   0.11      0.00      0.00      0.00       0  real_go2_input_
15:10:53     1000   1109017    9.00    1.00    0.00    0.00   10.00     5      0.00      0.00  888420   77808   0.24      0.00      0.00      0.00       0  python3
15:10:53     1000   1109018   26.00    0.00    0.00    0.00   26.00    10     95.00      0.00 1138916  290016   0.89      0.00      0.00      0.00       0  scan_planner_no
15:10:53     1000   1109019    2.00    1.00    0.00    0.00    3.00     1      0.00      0.00  751036   32324   0.10      0.00      0.00      0.00       0  closed_loop_con
15:10:53     1000   1109020    2.00    2.00    0.00    0.00    4.00     0      0.00      0.00  750792   31236   0.10      0.00      0.00      0.00       0  cmd_vel_safety_
15:10:53     1000   1109021   12.00    1.00    0.00    0.00   13.00     3      0.00      0.00  884000   72832   0.22      0.00    108.00      0.00       0  telemetry_recor
15:10:53     1000   1109177    1.00    0.00    0.00    0.00    1.00     0      0.00      0.00   12840    5940   0.02      0.00      4.00      0.00       0  pidstat
15:10:53     1000   1109178    2.00    2.00    0.00    0.00    4.00    13      0.00      0.00 1101620  111284   0.34      0.00      0.00      0.00       0  ros2

# Time        UID       PID    %usr %system  %guest   %wait    %CPU   CPU  minflt/s  majflt/s     VSZ     RSS   %MEM   kB_rd/s   kB_wr/s kB_ccwr/s iodelay  Command
15:10:54        0       676    0.00    1.00    0.00    0.00    1.00     1      0.00      0.00       0       0   0.00     -1.00     -1.00     -1.00       0  irq/163-rtw89_pci
15:10:54     1000      2324   13.00    4.00    0.00    0.00   17.00     0      0.00      0.00 5557212  381620   1.17      0.00      0.00      0.00       0  gnome-shell
15:10:54     1000      2622    4.00    2.00    0.00    0.00    6.00    10      0.00      0.00 5685392  233232   0.72      0.00      0.00      0.00       0  ToDesk
15:10:54      123      3242    1.00    0.00    0.00    0.00    1.00     4      1.00      0.00 2382172   77480   0.24     -1.00     -1.00     -1.00       0  nxserver.bin
15:10:54        0      3243    1.00    2.00    0.00    0.00    3.00    15      0.00      0.00 2778564   68480   0.21     -1.00     -1.00     -1.00       0  ToDesk_Service
15:10:54     1000     10213    0.00    0.00    0.00    0.00    0.00     0      5.00      0.00 1212301312  153828   0.47      0.00      0.00      0.00       0  github-desktop
15:10:54     1000     10251    0.00    0.00    0.00    0.00    0.00     6      3.00      0.00 34566360  113132   0.35      0.00      0.00      0.00       0  github-desktop
15:10:54     1000     10268    0.00    0.00    0.00    0.00    0.00    14      0.00      0.00 33882424   63200   0.19      0.00      4.00      0.00       0  github-desktop
15:10:54     1000     32140    1.00    1.00    0.00    0.00    2.00    12      0.00      0.00 11737228  752348   2.31      0.00      0.00      0.00       0  com.alibabainc.
15:10:54     1000     45971    0.00    0.00    0.00    0.00    0.00     4      4.00      0.00 50049280  218556   0.67      0.00      0.00      0.00       0  com.alibabainc.
15:10:54     1000     46026    0.00    0.00    0.00    0.00    0.00     0      2.00      0.00 72704364  444932   1.37      0.00      0.00      0.00       0  com.alibabainc.
15:10:54        0    332726    0.00    0.00    0.00    0.00    0.00     8      2.00      0.00  361696  237184   0.73     -1.00     -1.00     -1.00       0  systemd-journal
15:10:54     1000    425666    0.00    0.00    0.00    0.00    0.00     6      1.00      0.00 50028472  261208   0.80      0.00      0.00      0.00       0  com.alibabainc.
15:10:54     1000    516139    0.00    2.00    0.00    0.00    2.00     4      0.00      0.00 5453760   36840   0.11      0.00      0.00      0.00       0  clash
15:10:54     1000    577014    2.00    1.00    0.00    0.00    3.00    12     16.00      0.00 1521087724  394460   1.21      0.00      0.00      0.00       0  code
15:10:54     1000    577063    5.00    1.00    0.00    0.00    6.00    14     18.00      0.00 51393504  245720   0.75      0.00      0.00      0.00       0  code
15:10:54     1000    577160    1.00    0.00    0.00    0.00    1.00    10    114.00      0.00 1518795316  680328   2.09      0.00      0.00      0.00       0  code
15:10:54     1000    577170    0.00    0.00    0.00    0.00    0.00    12      1.00      0.00 1520378324  115388   0.35      0.00      0.00      0.00       0  code
15:10:54     1000    577241    1.00    0.00    0.00    0.00    1.00    13     24.00      0.00  689788  181896   0.56      0.00     80.00      0.00       0  codex
15:10:54     1000    853105    0.00    0.00    0.00    0.00    0.00    12    405.00      0.00 55066232   92868   0.29      0.00    596.00      0.00       0  chrome
15:10:54     1000    856924    0.00    0.00    0.00    0.00    0.00    10      0.00      0.00 1518794828  253920   0.78      0.00      0.00      0.00       0  chrome
15:10:54     1000    880405    0.00    0.00    0.00    0.00    0.00     4      0.00      0.00 1518885044  319692   0.98      0.00      0.00      0.00       0  chrome
15:10:54     1000    885261    0.00    0.00    0.00    0.00    0.00     8     13.00      0.00 1518767568  316548   0.97      0.00      0.00      0.00       0  code
15:10:54     1000    888233    2.00    1.00    0.00    0.00    3.00     0      2.00      0.00 1754332  368736   1.13      0.00      0.00      0.00       0  gnome-system-mo
15:10:54        0   1074653    0.00    2.00    0.00    0.00    2.00    14      0.00      0.00       0       0   0.00     -1.00     -1.00     -1.00       0  kworker/u64:3-i915
15:10:54     1000   1074681    0.00    0.00    0.00    0.00    0.00     5     11.00      0.00 1520363292  309260   0.95      0.00      0.00      0.00       0  code
15:10:54     1000   1074725    1.00    0.00    0.00    0.00    1.00    13     36.00      0.00  744032  182324   0.56      0.00      4.00      0.00       0  codex
15:10:54     1000   1075226    2.00    0.00    0.00    0.00    2.00    11     32.00      0.00 1518709132  401468   1.23      0.00      0.00      0.00       0  code
15:10:54        0   1106397    0.00    1.00    0.00    0.00    1.00     2      0.00      0.00       0       0   0.00     -1.00     -1.00     -1.00       0  kworker/u65:2+i915_flip
15:10:54     1000   1108309    2.00    1.00    0.00    0.00    3.00    13    436.00      0.00   39364   10368   0.03      0.00   1744.00      0.00       0  git
15:10:54     1000   1109016    3.00    1.00    0.00    0.00    4.00    12      0.00      0.00  900112   35996   0.11      0.00      0.00      0.00       0  real_go2_input_
15:10:54     1000   1109017   10.00    0.00    0.00    0.00   10.00    14      0.00      0.00  888420   77808   0.24      0.00      0.00      0.00       0  python3
15:10:54     1000   1109018   30.00    0.00    0.00    0.00   30.00     4    119.00      0.00 1138916  290400   0.89      0.00      0.00      0.00       0  scan_planner_no
15:10:54     1000   1109019    2.00    1.00    0.00    0.00    3.00    10      4.00      0.00  751036   32324   0.10      0.00      0.00      0.00       0  closed_loop_con
15:10:54     1000   1109020    3.00    0.00    0.00    0.00    3.00     9      0.00      0.00  750792   31236   0.10      0.00      0.00      0.00       0  cmd_vel_safety_
15:10:54     1000   1109021   12.00    0.00    0.00    0.00   12.00     3      0.00      0.00  884000   72832   0.22      0.00    112.00      0.00       0  telemetry_recor
15:10:54     1000   1109177    0.00    1.00    0.00    0.00    1.00     6      0.00      0.00   12840    5940   0.02      0.00      8.00      0.00       0  pidstat
15:10:54     1000   1109178    2.00    1.00    0.00    0.00    3.00    13      0.00      0.00 1101620  111284   0.34      0.00      0.00      0.00       0  ros2

# Time        UID       PID    %usr %system  %guest   %wait    %CPU   CPU  minflt/s  majflt/s     VSZ     RSS   %MEM   kB_rd/s   kB_wr/s kB_ccwr/s iodelay  Command
15:10:55        0        67    0.00    1.00    0.00    0.00    1.00    14      0.00      0.00       0       0   0.00     -1.00     -1.00     -1.00       0  ksoftirqd/14
15:10:55     1000      2324   15.00    2.00    0.00    0.00   17.00    11      1.00      0.00 5557212  381620   1.17      0.00      0.00      0.00       0  gnome-shell
15:10:55     1000      2622    5.00    2.00    0.00    0.00    7.00     0      0.00      0.00 5685392  233232   0.72      0.00      0.00      0.00       0  ToDesk
15:10:55        0      3243    0.00    2.00    0.00    0.00    2.00    12      0.00      0.00 2778564   68480   0.21     -1.00     -1.00     -1.00       0  ToDesk_Service
15:10:55     1000     32140    1.00    0.00    0.00    0.00    1.00     4      0.00      0.00 11737228  752348   2.31      0.00      0.00      0.00       0  com.alibabainc.
15:10:55     1000     45971    0.00    0.00    0.00    0.00    0.00     6      4.00      0.00 50049280  218556   0.67      0.00      0.00      0.00       0  com.alibabainc.
15:10:55     1000    156386    1.00    0.00    0.00    0.00    1.00    15      0.00      0.00 1788224   49216   0.15      0.00      0.00      0.00       0  nxplayer.bin
15:10:55        0    332726    0.00    0.00    0.00    0.00    0.00     8      1.00      0.00  361696  237184   0.73     -1.00     -1.00     -1.00       0  systemd-journal
15:10:55     1000    425666    0.00    0.00    0.00    0.00    0.00     8      1.00      0.00 50028472  261208   0.80      0.00      0.00      0.00       0  com.alibabainc.
15:10:55     1000    516139    1.00    1.00    0.00    0.00    2.00     4      0.00      0.00 5453760   36840   0.11      0.00      0.00      0.00       0  clash
15:10:55     1000    577014    1.00    0.00    0.00    0.00    1.00     2      1.00      0.00 1521087724  394460   1.21      0.00      0.00      0.00       0  code
15:10:55     1000    577063    4.00    1.00    0.00    0.00    5.00     6     20.00      0.00 51393504  245720   0.75      0.00      0.00      0.00       0  code
15:10:55     1000    577067    0.00    0.00    0.00    0.00    0.00     9      2.00      0.00 50711564   88208   0.27      0.00      0.00      0.00       0  code
15:10:55     1000    577132    0.00    0.00    0.00    0.00    0.00     2      1.00      0.00 1520364784  377820   1.16      0.00      0.00      0.00       0  code
15:10:55     1000    577160    1.00    0.00    0.00    0.00    1.00     8      0.00      0.00 1518795316  680328   2.09      0.00      0.00      0.00       0  code
15:10:55     1000    577241    0.00    0.00    0.00    0.00    0.00    13      1.00      0.00  689788  181896   0.56      0.00      0.00      0.00       0  codex
15:10:55     1000    853115    0.00    0.00    0.00    0.00    0.00     4      2.00      0.00 55301888   57380   0.18      0.00      0.00      0.00       0  chrome
15:10:55     1000    881951    0.00    0.00    0.00    0.00    0.00    10      1.00      0.00 55035016   60768   0.19      0.00      0.00      0.00       0  chrome
15:10:55        0   1049858    0.00    1.00    0.00    0.00    1.00     0      0.00      0.00       0       0   0.00     -1.00     -1.00     -1.00       0  kworker/u64:9-i915
15:10:55     1000   1074725    1.00    0.00    0.00    0.00    1.00    13    169.00      0.00  743520  181752   0.56      0.00     52.00      0.00       0  codex
15:10:55     1000   1075226    2.00    0.00    0.00    0.00    2.00    12      3.00      0.00 1518709132  401468   1.23      0.00      0.00      0.00       0  code
15:10:55     1000   1108298    1.00    0.00    0.00    0.00    1.00     6      0.00      0.00   21840    4584   0.01      0.00      0.00      0.00       0  git
15:10:55     1000   1108300    1.00    1.00    0.00    0.00    2.00     2      0.00      0.00   33852   15940   0.05      0.00      0.00      0.00       0  git-remote-http
15:10:55     1000   1108309    3.00    0.00    0.00    0.00    3.00     8    967.00      0.00   39364   14208   0.04      0.00   3864.00      0.00       0  git
15:10:55     1000   1108784    0.00    0.00    0.00    0.00    0.00    13     57.00      0.00   10592    3692   0.01      0.00      0.00      0.00       0  bash
15:10:55     1000   1109016    4.00    0.00    0.00    0.00    4.00     2      1.00      0.00  900112   35996   0.11      0.00      0.00      0.00       0  real_go2_input_
15:10:55     1000   1109017   10.00    0.00    0.00    0.00   10.00     5      0.00      0.00  888420   77808   0.24      0.00      0.00      0.00       0  python3
15:10:55     1000   1109018   26.00    0.00    0.00    0.00   26.00     9      0.00      0.00 1138916  290400   0.89      0.00      0.00      0.00       0  scan_planner_no
15:10:55     1000   1109019    2.00    0.00    0.00    1.00    2.00    12      2.00      0.00  751036   32324   0.10      0.00      0.00      0.00       0  closed_loop_con
15:10:55     1000   1109020    3.00    1.00    0.00    0.00    4.00    10      0.00      0.00  750792   31236   0.10      0.00      0.00      0.00       0  cmd_vel_safety_
15:10:55     1000   1109021   13.00    1.00    0.00    0.00   14.00     8      0.00      0.00  884000   72832   0.22      0.00    116.00      0.00       0  telemetry_recor
15:10:55     1000   1109177    0.00    1.00    0.00    0.00    1.00     4      0.00      0.00   12840    5940   0.02      0.00      4.00      0.00       0  pidstat
15:10:55     1000   1109178    2.00    1.00    0.00    0.00    3.00    13      1.00      0.00 1101620  111284   0.34      0.00      0.00      0.00       0  ros2
15:10:55     1000   1109305    0.00    0.00    0.00    0.00    0.00    15    105.00      0.00    8868    1920   0.01      0.00      0.00      0.00       0  sleep

# Time        UID       PID    %usr %system  %guest   %wait    %CPU   CPU  minflt/s  majflt/s     VSZ     RSS   %MEM   kB_rd/s   kB_wr/s kB_ccwr/s iodelay  Command
15:10:56        0         1    0.00    0.00    0.00    0.00    0.00    15     12.00      0.00   23564   14152   0.04     -1.00     -1.00     -1.00       0  systemd
15:10:56        0        15    0.00    1.00    0.00    0.00    1.00    10      0.00      0.00       0       0   0.00     -1.00     -1.00     -1.00       0  rcu_preempt
15:10:56        0       676    0.00    2.00    0.00    0.00    2.00     1      0.00      0.00       0       0   0.00     -1.00     -1.00     -1.00       0  irq/163-rtw89_pci
15:10:56        0      1141    1.00    0.00    0.00    0.00    1.00     0      0.00      0.00  625260   21556   0.07     -1.00     -1.00     -1.00       0  NetworkManager
15:10:56     1000      2324   18.00    2.00    0.00    0.00   20.00     8     15.00      0.00 5557216  381620   1.17      0.00      0.00      0.00       0  gnome-shell
15:10:56     1000      2622    5.00    2.00    0.00    0.00    7.00     8      0.00      0.00 5685392  233232   0.72      0.00      0.00      0.00       0  ToDesk
15:10:56        0      3243    1.00    1.00    0.00    0.00    2.00    14      0.00      0.00 2778564   68480   0.21     -1.00     -1.00     -1.00       0  ToDesk_Service
15:10:56     1000     10268    0.00    0.00    0.00    0.00    0.00    14      2.00      0.00 33882424   63200   0.19      0.00      0.00      0.00       0  github-desktop
15:10:56     1000     32140    1.00    0.00    0.00    0.00    1.00     4      0.00      0.00 11737228  752348   2.31      0.00      8.00      0.00       0  com.alibabainc.
15:10:56     1000     45971    0.00    0.00    0.00    0.00    0.00     6      5.00      0.00 50049280  218684   0.67      0.00      0.00      0.00       0  com.alibabainc.
15:10:56     1000     52294    0.00    0.00    0.00    0.00    0.00     8      1.00      0.00 53387424  465124   1.43      0.00      0.00      0.00       0  com.alibabainc.
15:10:56        0    332726    0.00    0.00    0.00    0.00    0.00    12      1.00      0.00  361696  237184   0.73     -1.00     -1.00     -1.00       0  systemd-journal
15:10:56     1000    516139    2.00    3.00    0.00    0.00    5.00     4      0.00      0.00 5453760   36840   0.11      0.00      0.00      0.00       0  clash
15:10:56     1000    577014    2.00    1.00    0.00    0.00    3.00     2      6.00      0.00 1521087724  394460   1.21      0.00      0.00      0.00       0  code
15:10:56     1000    577063    7.00    1.00    0.00    0.00    8.00     6    177.00      0.00 51395740  246256   0.76      0.00      0.00      0.00       0  code
15:10:56     1000    577107    0.00    0.00    0.00    0.00    0.00     8      0.00      0.00 1522727200  596372   1.83      0.00      0.00      0.00       0  code
15:10:56     1000    577132    0.00    0.00    0.00    0.00    0.00    13      2.00      0.00 1520364784  377820   1.16      0.00      0.00      0.00       0  code
15:10:56     1000    577160    2.00    1.00    0.00    0.00    3.00    13      0.00      0.00 1518795316  680328   2.09      0.00      0.00      0.00       0  code
15:10:56     1000    577170    0.00    1.00    0.00    0.00    1.00    14      6.00      0.00 1520378324  115388   0.35      0.00      0.00      0.00       0  code
15:10:56     1000    577171    0.00    0.00    0.00    0.00    0.00    10     36.00      0.00 1520352992  124704   0.38      0.00      0.00      0.00       0  code
15:10:56     1000    577172    0.00    0.00    0.00    0.00    0.00    12      3.00      0.00 1520369816  113428   0.35      0.00      0.00      0.00       0  code
15:10:56     1000    577241    0.00    0.00    0.00    0.00    0.00    13      1.00      0.00  689788  181896   0.56      0.00      0.00      0.00       0  codex
15:10:56     1000    577320    0.00    0.00    0.00    0.00    0.00     0     13.00      0.00 1520354644  108556   0.33      0.00      0.00      0.00       0  code
15:10:56     1000    853053    0.00    0.00    0.00    0.00    0.00     8     22.00      0.00 55922224  487892   1.50      0.00      0.00      0.00       0  chrome
15:10:56     1000    853103    0.00    0.00    0.00    0.00    0.00     0      9.00      0.00 55851500  301876   0.93      0.00      0.00      0.00       0  chrome
15:10:56     1000    853105    0.00    0.00    0.00    0.00    0.00    12      9.00      0.00 55066232   91912   0.28      0.00      0.00      0.00       0  chrome
15:10:56     1000    885261    1.00    1.00    0.00    0.00    2.00     0     66.00      0.00 1518767568  316804   0.97      0.00      0.00      0.00       0  code
15:10:56        0   1049858    0.00    1.00    0.00    0.00    1.00     0      0.00      0.00       0       0   0.00     -1.00     -1.00     -1.00       0  kworker/u64:9-events_unbound
15:10:56        0   1074653    0.00    1.00    0.00    0.00    1.00     6      0.00      0.00       0       0   0.00     -1.00     -1.00     -1.00       0  kworker/u64:3-i915
15:10:56     1000   1074666    0.00    0.00    0.00    0.00    0.00    15      4.00      0.00 1520369816  129956   0.40      0.00      0.00      0.00       0  code
15:10:56     1000   1074681    1.00    0.00    0.00    0.00    1.00     5     42.00      0.00 1520363292  309260   0.95      0.00      0.00      0.00       0  code
15:10:56     1000   1074725    1.00    1.00    0.00    0.00    2.00    13   3587.00      0.00  743648  181940   0.56    660.00    128.00      0.00       0  codex
15:10:56     1000   1075226    5.00    1.00    0.00    0.00    6.00     0    183.00      0.00 1518711372  401852   1.23      0.00      0.00      0.00       0  code
15:10:56     1000   1076599    0.00    0.00    0.00    0.00    0.00    15    273.00      0.00 1450899656   19552   0.06      0.00      0.00      0.00       0  codex-code-mode
15:10:56     1000   1108300    2.00    1.00    0.00    0.00    3.00    14      0.00      0.00   33852   15940   0.05      0.00      0.00      0.00       0  git-remote-http
15:10:56     1000   1108309    5.00    2.00    0.00    0.00    7.00    13   1380.00      0.00   39364   19840   0.06      0.00   5512.00      0.00       0  git
15:10:56     1000   1109016    3.00    2.00    0.00    0.00    5.00     4      0.00      0.00  900112   35996   0.11      0.00      0.00      0.00       0  real_go2_input_
15:10:56     1000   1109017   10.00    0.00    0.00    0.00   10.00     5      0.00      0.00  888420   77808   0.24      0.00      0.00      0.00       0  python3
15:10:56     1000   1109018   32.00    0.00    0.00    0.00   32.00     3     76.00      0.00 1138916  290784   0.89      0.00      0.00      0.00       0  scan_planner_no
15:10:56     1000   1109019    2.00    1.00    0.00    0.00    3.00    14      0.00      0.00  751036   32324   0.10      0.00      0.00      0.00       0  closed_loop_con
15:10:56     1000   1109020    3.00    0.00    0.00    0.00    3.00     0      0.00      0.00  750792   31236   0.10      0.00      0.00      0.00       0  cmd_vel_safety_
15:10:56     1000   1109021   13.00    1.00    0.00    0.00   14.00     8      1.00      0.00  884000   72832   0.22      0.00    112.00      0.00       0  telemetry_recor
15:10:56     1000   1109177    0.00    0.00    0.00    0.00    0.00     4      0.00      0.00   12840    5940   0.02      0.00      8.00      0.00       0  pidstat
15:10:56     1000   1109178    2.00    1.00    0.00    0.00    3.00    13      0.00      0.00 1101620  111284   0.34      0.00      0.00      0.00       0  ros2

# Time        UID       PID    %usr %system  %guest   %wait    %CPU   CPU  minflt/s  majflt/s     VSZ     RSS   %MEM   kB_rd/s   kB_wr/s kB_ccwr/s iodelay  Command
15:10:57        0        14    0.00    1.00    0.00    0.00    1.00     0      0.00      0.00       0       0   0.00     -1.00     -1.00     -1.00       0  ksoftirqd/0
15:10:57        0       676    0.00    4.00    0.00    0.00    4.00     1      0.00      0.00       0       0   0.00     -1.00     -1.00     -1.00       0  irq/163-rtw89_pci
15:10:57     1000      2324   16.00    3.00    0.00    0.00   19.00    10      1.00      0.00 5557728  381620   1.17      0.00      0.00      0.00       0  gnome-shell
15:10:57     1000      2622    5.00    2.00    0.00    0.00    7.00     6      0.00      0.00 5685392  233232   0.72      0.00      0.00      0.00       0  ToDesk
15:10:57      123      3242    1.00    0.00    0.00    0.00    1.00     4     11.00      0.00 2382176   77480   0.24     -1.00     -1.00     -1.00       0  nxserver.bin
15:10:57        0      3243    0.00    2.00    0.00    0.00    2.00    14      0.00      0.00 2778564   68480   0.21     -1.00     -1.00     -1.00       0  ToDesk_Service
15:10:57     1000     32140    1.00    1.00    0.00    0.00    2.00     4      0.00      0.00 11737228  752348   2.31      0.00      4.00      0.00       0  com.alibabainc.
15:10:57     1000     45971    0.00    0.00    0.00    0.00    0.00     6      3.00      0.00 50049280  218684   0.67      0.00      0.00      0.00       0  com.alibabainc.
15:10:57     1000     46026    1.00    0.00    0.00    0.00    1.00     0      5.00      0.00 72704364  444932   1.37      0.00      0.00      0.00       0  com.alibabainc.
15:10:57     1000     52294    0.00    0.00    0.00    0.00    0.00     8      4.00      0.00 53387424  465124   1.43      0.00      0.00      0.00       0  com.alibabainc.
15:10:57        0    332726    0.00    0.00    0.00    0.00    0.00     8      2.00      0.00  361696  237184   0.73     -1.00     -1.00     -1.00       0  systemd-journal
15:10:57     1000    425666    0.00    0.00    0.00    1.00    0.00    13      2.00      0.00 50028472  261208   0.80      0.00      0.00      0.00       0  com.alibabainc.
15:10:57     1000    516139    1.00    1.00    0.00    0.00    2.00     4      0.00      0.00 5453760   36840   0.11      0.00      0.00      0.00       0  clash
15:10:57     1000    577014    2.00    1.00    0.00    0.00    3.00     8    107.00      0.00 1521087724  394716   1.21      0.00    104.00      0.00       0  code
15:10:57     1000    577063    5.00    2.00    0.00    0.00    7.00     6     97.00      0.00 51395740  246124   0.76      0.00      0.00      0.00       0  code
15:10:57     1000    577107    0.00    0.00    0.00    0.00    0.00     8      2.00      0.00 1522727200  596372   1.83      0.00      0.00      0.00       0  code
15:10:57     1000    577132    0.00    1.00    0.00    0.00    1.00    13     30.00      0.00 1520364784  377820   1.16      0.00      0.00      0.00       0  code
15:10:57     1000    577170    0.00    0.00    0.00    0.00    0.00    12      9.00      0.00 1520378324  115388   0.35      0.00      0.00      0.00       0  code
15:10:57     1000    577171    0.00    0.00    0.00    0.00    0.00    15      9.00      0.00 1520352992  124704   0.38      0.00      0.00      0.00       0  code
15:10:57     1000    578115    1.00    0.00    0.00    0.00    1.00    10      0.00      0.00 1518311084   83848   0.26      0.00      0.00      0.00       0  code
15:10:57     1000    853115    0.00    0.00    0.00    0.00    0.00     4      0.00      0.00 55301888   57380   0.18      0.00      4.00      0.00       0  chrome
15:10:57     1000    880405    0.00    0.00    0.00    0.00    0.00    15      4.00      0.00 1518885044  319692   0.98      0.00      0.00      0.00       0  chrome
15:10:57     1000    881919    0.00    0.00    0.00    0.00    0.00    10      3.00      0.00 1518709608   96768   0.30      0.00      0.00      0.00       0  chrome
15:10:57     1000    885261    1.00    0.00    0.00    0.00    1.00     8    249.00      0.00 1518767568  315824   0.97      0.00      0.00      0.00       0  code
15:10:57     1000    888233    1.00    1.00    0.00    0.00    2.00     4      2.00      0.00 1754840  368736   1.13      0.00      0.00      0.00       0  gnome-system-mo
15:10:57     1000    913217    0.00    0.00    0.00    0.00    0.00    12      3.00      0.00 72299740  382432   1.17      0.00      0.00      0.00       0  com.alibabainc.
15:10:57        0   1049858    0.00    1.00    0.00    0.00    1.00    15      0.00      0.00       0       0   0.00     -1.00     -1.00     -1.00       0  kworker/u64:9-events_unbound
15:10:57        0   1074653    0.00    1.00    0.00    0.00    1.00     2      0.00      0.00       0       0   0.00     -1.00     -1.00     -1.00       0  kworker/u64:3-i915
15:10:57     1000   1074666    0.00    0.00    0.00    0.00    0.00    10      1.00      0.00 1520369816  129956   0.40      0.00      0.00      0.00       0  code
15:10:57     1000   1074725    0.00    0.00    0.00    0.00    0.00    13    359.00      0.00  743648  182068   0.56      0.00    232.00    100.00       0  codex
15:10:57     1000   1075226    5.00    0.00    0.00    0.00    5.00    13     46.00      0.00 1518711372  401980   1.23      0.00      0.00      0.00       0  code
15:10:57        0   1097682    0.00    1.00    0.00    0.00    1.00     6      0.00      0.00       0       0   0.00     -1.00     -1.00     -1.00       0  kworker/u65:3-i915_flip
15:10:57     1000   1108298    0.00    1.00    0.00    0.00    1.00     6      0.00      0.00   21840    4584   0.01      0.00      0.00      0.00       0  git
15:10:57     1000   1108300    1.00    0.00    0.00    0.00    1.00    13      0.00      0.00   33852   15940   0.05      0.00      0.00      0.00       0  git-remote-http
15:10:57     1000   1108309    3.00    0.00    0.00    0.00    3.00    15    710.00      0.00   39364   22400   0.07      0.00   2832.00      0.00       0  git
15:10:57     1000   1109016    3.00    1.00    0.00    0.00    4.00     0      0.00      0.00  900112   35996   0.11      0.00      0.00      0.00       0  real_go2_input_
15:10:57     1000   1109017   10.00    1.00    0.00    0.00   11.00     2      0.00      0.00  888420   77808   0.24      0.00      0.00      0.00       0  python3
15:10:57     1000   1109018   31.00    1.00    0.00    0.00   32.00     7      1.00      0.00 1139124  290784   0.89      0.00      0.00      0.00       0  scan_planner_no
15:10:57     1000   1109019    3.00    0.00    0.00    0.00    3.00     3      1.00      0.00  751036   32324   0.10      0.00      0.00      0.00       0  closed_loop_con
15:10:57     1000   1109020    4.00    0.00    0.00    0.00    4.00     6      0.00      0.00  750792   31236   0.10      0.00      0.00      0.00       0  cmd_vel_safety_
15:10:57     1000   1109021   13.00    1.00    0.00    0.00   14.00    13      0.00      0.00  884000   72832   0.22      0.00    112.00      0.00       0  telemetry_recor
15:10:57     1000   1109177    1.00    0.00    0.00    0.00    1.00     4      0.00      0.00   12840    5940   0.02      0.00      8.00      0.00       0  pidstat
15:10:57     1000   1109178    2.00    2.00    0.00    0.00    4.00    12      0.00      0.00 1101620  111284   0.34      0.00      0.00      0.00       0  ros2

# Time        UID       PID    %usr %system  %guest   %wait    %CPU   CPU  minflt/s  majflt/s     VSZ     RSS   %MEM   kB_rd/s   kB_wr/s kB_ccwr/s iodelay  Command
15:10:58        0        60    0.00    1.00    0.00    0.00    1.00    13      0.00      0.00       0       0   0.00     -1.00     -1.00     -1.00       0  migration/13
15:10:58        0       676    0.00    3.00    0.00    0.00    3.00     1      0.00      0.00       0       0   0.00     -1.00     -1.00     -1.00       0  irq/163-rtw89_pci
15:10:58     1000      2324   15.00    3.00    0.00    0.00   18.00     3      1.00      0.00 5557212  381620   1.17      0.00      0.00      0.00       0  gnome-shell
15:10:58     1000      2622    5.00    2.00    0.00    0.00    7.00    10      0.00      0.00 5685392  233232   0.72      0.00      0.00      0.00       0  ToDesk
15:10:58      123      3242    1.00    1.00    0.00    0.00    2.00     4      8.00      0.00 2382176   77480   0.24     -1.00     -1.00     -1.00       0  nxserver.bin
15:10:58        0      3243    1.00    1.00    0.00    0.00    2.00    14      0.00      0.00 2778564   68480   0.21     -1.00     -1.00     -1.00       0  ToDesk_Service
15:10:58     1000     10213    1.00    0.00    0.00    0.00    1.00     0      5.00      0.00 1212301312  153828   0.47      0.00      0.00      0.00       0  github-desktop
15:10:58     1000     10251    0.00    0.00    0.00    0.00    0.00     5      3.00      0.00 34566360  113132   0.35      0.00      0.00      0.00       0  github-desktop
15:10:58     1000     32140    1.00    1.00    0.00    0.00    2.00    12      0.00      0.00 11733128  752348   2.31      0.00      0.00      0.00       0  com.alibabainc.
15:10:58     1000     45971    1.00    0.00    0.00    0.00    1.00    13      4.00      0.00 50049280  218684   0.67      0.00      0.00      0.00       0  com.alibabainc.
15:10:58        0    332726    0.00    0.00    0.00    0.00    0.00    13     32.00      0.00  361696  237184   0.73     -1.00     -1.00     -1.00       0  systemd-journal
15:10:58     1000    426077    1.00    0.00    0.00    0.00    1.00    14      0.00      0.00 50132492  528136   1.62      0.00      0.00      0.00       0  com.alibabainc.
15:10:58     1000    516139    1.00    1.00    0.00    0.00    2.00     4      0.00      0.00 5453760   36840   0.11      0.00      0.00      0.00       0  clash
15:10:58     1000    577014    1.00    1.00    0.00    0.00    2.00     8     13.00      0.00 1521087724  394716   1.21      0.00      0.00      0.00       0  code
15:10:58     1000    577063    5.00    2.00    0.00    0.00    7.00    12     31.00      0.00 51395744  246124   0.76      0.00      0.00      0.00       0  code
15:10:58     1000    577107    0.00    0.00    0.00    0.00    0.00    13     11.00      0.00 1522727200  596372   1.83      0.00      0.00      0.00       0  code
15:10:58     1000    577132    1.00    0.00    0.00    0.00    1.00    10    993.00      0.00 1520364784  380052   1.17      0.00      0.00      0.00       0  code
15:10:58     1000    577160    2.00    1.00    0.00    0.00    3.00    15    116.00      0.00 1518795316  680328   2.09      0.00      0.00      0.00       0  code
15:10:58     1000    577170    0.00    0.00    0.00    0.00    0.00    13      1.00      0.00 1520378324  115388   0.35      0.00      0.00      0.00       0  code
15:10:58     1000    577241    1.00    0.00    0.00    0.00    1.00    13     40.00      0.00  755420  181896   0.56      0.00     72.00      0.00       0  codex
15:10:58     1000    577320    0.00    0.00    0.00    0.00    0.00     0     13.00      0.00 1520354644  108556   0.33      0.00      0.00      0.00       0  code
15:10:58     1000    881251    0.00    0.00    0.00    0.00    0.00    12     18.00      0.00 72661500  494720   1.52      0.00      0.00      0.00       0  com.alibabainc.
15:10:58     1000    885261    0.00    0.00    0.00    0.00    0.00     3     36.00      0.00 1518767568  315824   0.97      0.00      0.00      0.00       0  code
15:10:58        0   1074653    0.00    2.00    0.00    0.00    2.00    10      0.00      0.00       0       0   0.00     -1.00     -1.00     -1.00       0  kworker/u64:3-i915
15:10:58     1000   1074681    0.00    0.00    0.00    0.00    0.00     5     43.00      0.00 1520363292  309388   0.95      0.00      0.00      0.00       0  code
15:10:58     1000   1074725    1.00    1.00    0.00    0.00    2.00    13    431.00      0.00  743648  182068   0.56      0.00      0.00      0.00       0  codex
15:10:58     1000   1075226    3.00    1.00    0.00    0.00    4.00     6     46.00      0.00 1518711372  401980   1.23      0.00      0.00      0.00       0  code
15:10:58     1000   1108292    0.00    0.00    0.00    0.00    0.00     6     63.00      0.00   10592    3704   0.01   1080.00 142944.00      8.00       0  bash
15:10:58     1000   1109016    4.00    1.00    0.00    0.00    5.00    14      0.00      0.00  900112   35996   0.11      0.00      0.00      0.00       0  real_go2_input_
15:10:58     1000   1109017   12.00    0.00    0.00    0.00   12.00    10      0.00      0.00  888420   77808   0.24      0.00      0.00      0.00       0  python3
15:10:58     1000   1109018   32.00    0.00    0.00    1.00   32.00    15      1.00      0.00 1139124  290784   0.89      0.00      0.00      0.00       0  scan_planner_no
15:10:58     1000   1109019    3.00    1.00    0.00    0.00    4.00     7      0.00      0.00  751036   32324   0.10      0.00      0.00      0.00       0  closed_loop_con
15:10:58     1000   1109020    3.00    2.00    0.00    0.00    5.00    11      0.00      0.00  750792   31236   0.10      0.00      0.00      0.00       0  cmd_vel_safety_
15:10:58     1000   1109021   15.00    0.00    0.00    0.00   15.00     8      0.00      0.00  884000   72832   0.22      0.00    116.00      0.00       0  telemetry_recor
15:10:58     1000   1109177    0.00    1.00    0.00    0.00    1.00     4      0.00      0.00   12840    5940   0.02      0.00      4.00      0.00       0  pidstat
15:10:58     1000   1109178    2.00    1.00    0.00    0.00    3.00    12      0.00      0.00 1101620  111284   0.34      0.00      0.00      0.00       0  ros2

# Time        UID       PID    %usr %system  %guest   %wait    %CPU   CPU  minflt/s  majflt/s     VSZ     RSS   %MEM   kB_rd/s   kB_wr/s kB_ccwr/s iodelay  Command
15:10:59        0        15    0.00    1.00    0.00    0.00    1.00     3      0.00      0.00       0       0   0.00     -1.00     -1.00     -1.00       0  rcu_preempt
15:10:59        0       461    0.00    1.00    0.00    0.00    1.00    15      0.00      0.00       0       0   0.00     -1.00     -1.00     -1.00       0  kworker/15:1H-i915_cleanup
15:10:59        0       676    0.00    1.00    0.00    0.00    1.00     1      0.00      0.00       0       0   0.00     -1.00     -1.00     -1.00       0  irq/163-rtw89_pci
15:10:59        0      1071    0.00    1.00    0.00    0.00    1.00     6      0.00      0.00   15268    7648   0.02     -1.00     -1.00     -1.00       0  bluetoothd
15:10:59     1000      2324   16.00    3.00    0.00    0.00   19.00     3      9.00      0.00 5557216  381620   1.17      0.00      0.00      0.00       0  gnome-shell
15:10:59     1000      2622    5.00    2.00    0.00    0.00    7.00     6      0.00      0.00 5685392  233232   0.72      0.00      0.00      0.00       0  ToDesk
15:10:59        0      3243    1.00    2.00    0.00    0.00    3.00    14      1.00      0.00 2778564   68480   0.21     -1.00     -1.00     -1.00       0  ToDesk_Service
15:10:59     1000     32140    1.00    0.00    0.00    0.00    1.00    13      0.00      0.00 11729028  752348   2.31      0.00      0.00      0.00       0  com.alibabainc.
15:10:59     1000     45971    0.00    0.00    0.00    0.00    0.00    14      4.00      0.00 50049280  218684   0.67      0.00      0.00      0.00       0  com.alibabainc.
15:10:59     1000     46026    0.00    0.00    0.00    0.00    0.00     2      0.00      0.00 72700264  444932   1.37      0.00      0.00      0.00       0  com.alibabainc.
15:10:59        0    332726    0.00    0.00    0.00    0.00    0.00    14      1.00      0.00  361696  237184   0.73     -1.00     -1.00     -1.00       0  systemd-journal
15:10:59     1000    425666    0.00    0.00    0.00    0.00    0.00    13      1.00      0.00 50028472  261336   0.80      0.00      0.00      0.00       0  com.alibabainc.
15:10:59     1000    425773    1.00    0.00    0.00    0.00    1.00    11      0.00      0.00 50014516  390508   1.20      0.00      0.00      0.00       0  com.alibabainc.
15:10:59     1000    577014    2.00    1.00    0.00    0.00    3.00     6      4.00      0.00 1521087724  394716   1.21      0.00      0.00      0.00       0  code
15:10:59     1000    577063    5.00    1.00    0.00    0.00    6.00     6     30.00      0.00 51395688  245968   0.76      0.00      0.00      0.00       0  code
15:10:59     1000    577067    0.00    0.00    0.00    0.00    0.00     9     12.00      0.00 50711564   88208   0.27      0.00      0.00      0.00       0  code
15:10:59     1000    577132    0.00    0.00    0.00    0.00    0.00     8      1.00      0.00 1520364784  380052   1.17      0.00      4.00      0.00       0  code
15:10:59     1000    577160    0.00    1.00    0.00    0.00    1.00     6      0.00      0.00 1518795316  680328   2.09      0.00      0.00      0.00       0  code
15:10:59     1000    577170    1.00    0.00    0.00    0.00    1.00    15      5.00      0.00 1520378324  115388   0.35      0.00      0.00      0.00       0  code
15:10:59     1000    577171    0.00    0.00    0.00    0.00    0.00     0     35.00      0.00 1520352992  124704   0.38      0.00      0.00      0.00       0  code
15:10:59     1000    577241    0.00    1.00    0.00    0.00    1.00    13      0.00      0.00  755420  181896   0.56      0.00      0.00      0.00       0  codex
15:10:59     1000    853115    0.00    0.00    0.00    0.00    0.00     4      2.00      0.00 55301888   57380   0.18      0.00      0.00      0.00       0  chrome
15:10:59     1000    881951    0.00    0.00    0.00    0.00    0.00    10      1.00      0.00 55035016   60768   0.19      0.00      0.00      0.00       0  chrome
15:10:59     1000    885261    1.00    0.00    0.00    0.00    1.00     6     56.00      0.00 1518767568  316080   0.97      0.00      0.00      0.00       0  code
15:10:59     1000    888233    1.00    0.00    0.00    0.00    1.00     4      0.00      0.00 1754840  368736   1.13      0.00      0.00      0.00       0  gnome-system-mo
15:10:59     1000    910028    0.00    0.00    0.00    0.00    0.00     5     51.00      0.00 1522797792  368416   1.13      0.00      0.00      0.00       0  chrome
15:10:59        0   1049858    0.00    1.00    0.00    0.00    1.00    10      0.00      0.00       0       0   0.00     -1.00     -1.00     -1.00       0  kworker/u64:9-i915
15:10:59     1000   1074681    0.00    0.00    0.00    0.00    0.00     5      2.00      0.00 1520363292  309388   0.95      0.00      4.00      0.00       0  code
15:10:59     1000   1074725    1.00    0.00    0.00    0.00    1.00    13    338.00      0.00  743264  181748   0.56   1984.00 143140.00     84.00       0  codex
15:10:59     1000   1075226    3.00    1.00    0.00    0.00    4.00     0    112.00      0.00 1518711308  402364   1.24      0.00      0.00      0.00       0  code
15:10:59     1000   1109016    3.00    1.00    0.00    0.00    4.00     1     10.00      0.00  900112   35996   0.11      0.00      0.00      0.00       0  real_go2_input_
15:10:59     1000   1109017    9.00    0.00    0.00    0.00    9.00     0      0.00      0.00  888420   77808   0.24      0.00      0.00      0.00       0  python3
15:10:59     1000   1109018   31.00    0.00    0.00    0.00   31.00    12    104.00      0.00 1139124  291168   0.89      0.00      0.00      0.00       0  scan_planner_no
15:10:59     1000   1109019    2.00    0.00    0.00    0.00    2.00     9      0.00      0.00  751036   32324   0.10      0.00      0.00      0.00       0  closed_loop_con
15:10:59     1000   1109020    3.00    1.00    0.00    0.00    4.00     6      0.00      0.00  750792   31236   0.10      0.00      0.00      0.00       0  cmd_vel_safety_
15:10:59     1000   1109021   13.00    1.00    0.00    0.00   14.00     3      0.00      0.00  884000   72832   0.22      0.00    112.00      0.00       0  telemetry_recor
15:10:59     1000   1109177    0.00    0.00    0.00    0.00    0.00     4      0.00      0.00   12840    5940   0.02      0.00      8.00      0.00       0  pidstat
15:10:59     1000   1109178    1.00    2.00    0.00    0.00    3.00    12      0.00      0.00 1101620  111284   0.34      0.00      0.00      0.00       0  ros2

# Time        UID       PID    %usr %system  %guest   %wait    %CPU   CPU  minflt/s  majflt/s     VSZ     RSS   %MEM   kB_rd/s   kB_wr/s kB_ccwr/s iodelay  Command
15:11:00        0        18    0.00    1.00    0.00    0.00    1.00     0      0.00      0.00       0       0   0.00     -1.00     -1.00     -1.00       0  migration/0
15:11:00        0       676    0.00    1.00    0.00    0.00    1.00     1      0.00      0.00       0       0   0.00     -1.00     -1.00     -1.00       0  irq/163-rtw89_pci
15:11:00     1000      2324   18.00    3.00    0.00    0.00   21.00     0     55.00      0.00 5557160  381620   1.17      0.00      0.00      0.00       0  gnome-shell
15:11:00     1000      2622    5.00    3.00    0.00    0.00    8.00     8      0.00      0.00 5685392  233232   0.72      0.00      0.00      0.00       0  ToDesk
15:11:00        0      3243    0.00    2.00    0.00    0.00    2.00    14      0.00      0.00 2778564   68480   0.21     -1.00     -1.00     -1.00       0  ToDesk_Service
15:11:00     1000     10213    0.00    0.00    0.00    0.00    0.00     0      3.00      0.00 1212301312  153828   0.47      0.00      0.00      0.00       0  github-desktop
15:11:00     1000     10268    0.00    0.00    0.00    0.00    0.00    14      2.00      0.00 33882424   63200   0.19      0.00      0.00      0.00       0  github-desktop
15:11:00     1000     32140    1.00    1.00    0.00    0.00    2.00    12      0.00      0.00 11729028  752348   2.31      0.00      0.00      0.00       0  com.alibabainc.
15:11:00     1000     45971    0.00    0.00    0.00    0.00    0.00    15      4.00      0.00 50049280  218684   0.67      0.00      0.00      0.00       0  com.alibabainc.
15:11:00        0    332726    0.00    1.00    0.00    0.00    1.00    14      1.00      0.00  361696  237184   0.73     -1.00     -1.00     -1.00       0  systemd-journal
15:11:00     1000    425666    0.00    0.00    0.00    0.00    0.00    15      1.00      0.00 50028472  261336   0.80      0.00      0.00      0.00       0  com.alibabainc.
15:11:00     1000    516139    0.00    1.00    0.00    0.00    1.00     4      0.00      0.00 5453760   36840   0.11      0.00      0.00      0.00       0  clash
15:11:00     1000    577014    2.00    1.00    0.00    0.00    3.00     2      8.00      0.00 1521087724  394716   1.21      0.00      0.00      0.00       0  code
15:11:00     1000    577063    6.00    1.00    0.00    0.00    7.00     8    102.00      0.00 51395664  245836   0.75      0.00      0.00      0.00       0  code
15:11:00     1000    577160    2.00    0.00    0.00    0.00    2.00     2      0.00      0.00 1518795316  680328   2.09      0.00      0.00      0.00       0  code
15:11:00     1000    577170    0.00    0.00    0.00    0.00    0.00    13      8.00      0.00 1520378324  115388   0.35      0.00      0.00      0.00       0  code
15:11:00     1000    577171    0.00    0.00    0.00    0.00    0.00     0     37.00      0.00 1520352992  124704   0.38      0.00      0.00      0.00       0  code
15:11:00     1000    577172    0.00    0.00    0.00    0.00    0.00     2      6.00      0.00 1520369816  113428   0.35      0.00      0.00      0.00       0  code
15:11:00     1000    577241    0.00    0.00    0.00    0.00    0.00    13      1.00      0.00  755420  181896   0.56      0.00     60.00      0.00       0  codex
15:11:00     1000    577320    0.00    0.00    0.00    0.00    0.00     0     16.00      0.00 1520354644  108556   0.33      0.00      0.00      0.00       0  code
15:11:00     1000    853053    0.00    0.00    0.00    0.00    0.00    14     26.00      0.00 55922224  487892   1.50      0.00      0.00      0.00       0  chrome
15:11:00     1000    853103    0.00    0.00    0.00    0.00    0.00     2      9.00      0.00 55851500  301876   0.93      0.00      0.00      0.00       0  chrome
15:11:00     1000    853105    0.00    0.00    0.00    0.00    0.00    12      9.00      0.00 55066232   91912   0.28      0.00      0.00      0.00       0  chrome
15:11:00     1000    880405    0.00    1.00    0.00    0.00    1.00    15      0.00      0.00 1518885044  319692   0.98      0.00      0.00      0.00       0  chrome
15:11:00     1000    881251    1.00    0.00    0.00    0.00    1.00    12      0.00      0.00 72661500  494720   1.52      0.00      0.00      0.00       0  com.alibabainc.
15:11:00     1000    885261    0.00    0.00    0.00    0.00    0.00    10     79.00      0.00 1518767568  316464   0.97      0.00      0.00      0.00       0  code
15:11:00     1000    888233    1.00    1.00    0.00    0.00    2.00    13      2.00      0.00 1754332  368736   1.13      0.00      0.00      0.00       0  gnome-system-mo
15:11:00        0   1049858    0.00    1.00    0.00    0.00    1.00     3      0.00      0.00       0       0   0.00     -1.00     -1.00     -1.00       0  kworker/u64:9-i915
15:11:00     1000   1074666    0.00    0.00    0.00    0.00    0.00    10      7.00      0.00 1520369816  129956   0.40      0.00      0.00      0.00       0  code
15:11:00     1000   1074681    1.00    0.00    0.00    0.00    1.00     5   1009.00      0.00 1520363292  311444   0.96      0.00      0.00      0.00       0  code
15:11:00     1000   1074725    2.00    1.00    0.00    0.00    3.00    13   3497.00      0.00  743264  181780   0.56      0.00    120.00      0.00       0  codex
15:11:00     1000   1075226    5.00    1.00    0.00    0.00    6.00    14    168.00      0.00 1518711308  402580   1.24      0.00      0.00      0.00       0  code
15:11:00     1000   1076599    0.00    0.00    0.00    0.00    0.00    12    290.00      0.00 1450899656   19720   0.06      0.00      0.00      0.00       0  codex-code-mode
15:11:00        0   1097682    0.00    1.00    0.00    0.00    1.00     7      0.00      0.00       0       0   0.00     -1.00     -1.00     -1.00       0  kworker/u65:3-hci0
15:11:00     1000   1108784    0.00    0.00    0.00    0.00    0.00    14     54.00      0.00   10592    3692   0.01      0.00      0.00      0.00       0  bash
15:11:00     1000   1109012    0.00    0.00    0.00    0.00    0.00     0      0.00      0.00  204044   41564   0.13      0.00      4.00      0.00       0  ros2
15:11:00     1000   1109016    3.00    1.00    0.00    0.00    4.00     1      1.00      0.00  900112   35996   0.11      0.00      0.00      0.00       0  real_go2_input_
15:11:00     1000   1109017   10.00    1.00    0.00    0.00   11.00     2      1.00      0.00  888420   77808   0.24      0.00      0.00      0.00       0  python3
15:11:00     1000   1109018   30.00    1.00    0.00    0.00   31.00     6      5.00      0.00 1139124  291168   0.89      0.00      0.00      0.00       0  scan_planner_no
15:11:00     1000   1109019    3.00    1.00    0.00    0.00    4.00    14      1.00      0.00  751036   32324   0.10      0.00      0.00      0.00       0  closed_loop_con
15:11:00     1000   1109020    2.00    0.00    0.00    0.00    2.00    15      2.00      0.00  750792   31236   0.10      0.00      0.00      0.00       0  cmd_vel_safety_
15:11:00     1000   1109021   13.00    1.00    0.00    0.00   14.00     3      1.00      0.00  884000   72960   0.22      0.00    112.00      0.00       0  telemetry_recor
15:11:00     1000   1109177    0.00    1.00    0.00    0.00    1.00     4      0.00      0.00   12840    5940   0.02      0.00      8.00      0.00       0  pidstat
15:11:00     1000   1109178    2.00    1.00    0.00    0.00    3.00    13    128.00      0.00 1101620  111796   0.34      0.00      0.00      0.00       0  ros2
15:11:00     1000   1109386    0.00    0.00    0.00    0.00    0.00     0    104.00      0.00    8868    1792   0.01      0.00      0.00      0.00       0  sleep

# Time        UID       PID    %usr %system  %guest   %wait    %CPU   CPU  minflt/s  majflt/s     VSZ     RSS   %MEM   kB_rd/s   kB_wr/s kB_ccwr/s iodelay  Command
15:11:01        0       676    0.00    1.00    0.00    0.00    1.00     1      0.00      0.00       0       0   0.00     -1.00     -1.00     -1.00       0  irq/163-rtw89_pci
15:11:01     1000      2324   18.00    3.00    0.00    0.00   21.00    10     35.00      0.00 5557160  381620   1.17      0.00      0.00      0.00       0  gnome-shell
15:11:01     1000      2622    4.00    2.00    0.00    0.00    6.00     8      0.00      0.00 5685392  233232   0.72      0.00      0.00      0.00       0  ToDesk
15:11:01        0      3243    1.00    1.00    0.00    0.00    2.00    12      0.00      0.00 2778564   68480   0.21     -1.00     -1.00     -1.00       0  ToDesk_Service
15:11:01     1000     32140    2.00    0.00    0.00    0.00    2.00    10      0.00      0.00 11729028  752348   2.31      0.00      4.00      0.00       0  com.alibabainc.
15:11:01     1000     45971    0.00    0.00    0.00    0.00    0.00     3      4.00      0.00 50049280  218684   0.67      0.00      0.00      0.00       0  com.alibabainc.
15:11:01     1000    156386    1.00    0.00    0.00    0.00    1.00    13      0.00      0.00 1788224   49216   0.15      0.00      0.00      0.00       0  nxplayer.bin
15:11:01        0    332726    0.00    0.00    0.00    0.00    0.00    12      3.00      0.00  361696  237184   0.73     -1.00     -1.00     -1.00       0  systemd-journal
15:11:01     1000    425666    0.00    0.00    0.00    0.00    0.00    15      1.00      0.00 50028472  261464   0.80      0.00      0.00      0.00       0  com.alibabainc.
15:11:01     1000    577014    3.00    1.00    0.00    0.00    4.00    10      9.00      0.00 1521087724  394716   1.21      0.00      0.00      0.00       0  code
15:11:01     1000    577063    6.00    2.00    0.00    0.00    8.00     3    160.00      0.00 51397188  245828   0.75      0.00      0.00      0.00       0  code
15:11:01     1000    577132    0.00    0.00    0.00    0.00    0.00    10     30.00      0.00 1520364784  379544   1.17      0.00      0.00      0.00       0  code
15:11:01     1000    577160    0.00    1.00    0.00    0.00    1.00     4      0.00      0.00 1518795316  680328   2.09      0.00      0.00      0.00       0  code
15:11:01     1000    853053    0.00    0.00    0.00    0.00    0.00    10     80.00      0.00 55922224  488020   1.50      0.00    608.00      0.00       0  chrome
15:11:01     1000    885261    2.00    0.00    0.00    0.00    2.00    14      1.00      0.00 1518767568  316464   0.97      0.00      0.00      0.00       0  code
15:11:01        0   1049858    0.00    2.00    0.00    0.00    2.00    12      0.00      0.00       0       0   0.00     -1.00     -1.00     -1.00       0  kworker/u64:9-events_unbound
15:11:01        0   1074653    0.00    1.00    0.00    0.00    1.00    12      0.00      0.00       0       0   0.00     -1.00     -1.00     -1.00       0  kworker/u64:3-i915
15:11:01     1000   1074725    0.00    0.00    0.00    0.00    0.00    13    619.00      0.00  743264  181908   0.56      0.00    264.00    112.00       0  codex
15:11:01     1000   1075226    8.00    0.00    0.00    0.00    8.00    10    281.00      0.00 1518712268  403604   1.24      0.00      0.00      0.00       0  code
15:11:01        0   1106397    0.00    1.00    0.00    0.00    1.00     2      0.00      0.00       0       0   0.00     -1.00     -1.00     -1.00       0  kworker/u65:2-i915_flip
15:11:01     1000   1109012    1.00    0.00    0.00    0.00    1.00     0      0.00      0.00  204044   41564   0.13      0.00      0.00      0.00       0  ros2
15:11:01     1000   1109016    3.00    1.00    0.00    0.00    4.00     1      0.00      0.00  900112   35996   0.11      0.00      0.00      0.00       0  real_go2_input_
15:11:01     1000   1109017   10.00    0.00    0.00    1.00   10.00     2      0.00      0.00  888420   77808   0.24      0.00      0.00      0.00       0  python3
15:11:01     1000   1109018   32.00    0.00    0.00    0.00   32.00     7      2.00      0.00 1139124  291168   0.89      0.00      0.00      0.00       0  scan_planner_no
15:11:01     1000   1109019    2.00    0.00    0.00    0.00    2.00     4      0.00      0.00  751036   32324   0.10      0.00      0.00      0.00       0  closed_loop_con
15:11:01     1000   1109020    3.00    2.00    0.00    0.00    5.00     8      0.00      0.00  750792   31236   0.10      0.00      0.00      0.00       0  cmd_vel_safety_
15:11:01     1000   1109021   13.00    0.00    0.00    0.00   13.00     0      1.00      0.00  884000   72960   0.22      0.00    112.00      0.00       0  telemetry_recor
15:11:01     1000   1109177    1.00    0.00    0.00    0.00    1.00     6      0.00      0.00   12840    5940   0.02      0.00      4.00      0.00       0  pidstat
15:11:01     1000   1109178    2.00    1.00    0.00    0.00    3.00    13    271.00      0.00 1101620  112820   0.35      0.00      0.00      0.00       0  ros2

# Time        UID       PID    %usr %system  %guest   %wait    %CPU   CPU  minflt/s  majflt/s     VSZ     RSS   %MEM   kB_rd/s   kB_wr/s kB_ccwr/s iodelay  Command
15:11:02        0        15    0.00    1.00    0.00    0.00    1.00     4      0.00      0.00       0       0   0.00     -1.00     -1.00     -1.00       0  rcu_preempt
15:11:02     1000      2324   16.00    3.00    0.00    0.00   19.00     4     11.00      0.00 5557736  381620   1.17      0.00      0.00      0.00       0  gnome-shell
15:11:02     1000      2622    6.00    3.00    0.00    0.00    9.00    10      0.00      0.00 5685392  233232   0.72      0.00      0.00      0.00       0  ToDesk
15:11:02        0      3243    1.00    2.00    0.00    0.00    3.00    15      0.00      0.00 2778564   68480   0.21     -1.00     -1.00     -1.00       0  ToDesk_Service
15:11:02     1000     10213    0.00    0.00    0.00    0.00    0.00     0      4.00      0.00 1212301312  153700   0.47      0.00      0.00      0.00       0  github-desktop
15:11:02     1000     10251    0.00    0.00    0.00    0.00    0.00     5      3.00      0.00 34566360  113132   0.35      0.00      0.00      0.00       0  github-desktop
15:11:02     1000     32140    1.00    1.00    0.00    0.00    2.00    10      0.00      0.00 11729028  752348   2.31      0.00      0.00      0.00       0  com.alibabainc.
15:11:02     1000     45971    0.00    0.00    0.00    0.00    0.00     3      7.00      0.00 50049280  218684   0.67      0.00      0.00      0.00       0  com.alibabainc.
15:11:02        0    332726    0.00    0.00    0.00    0.00    0.00    12      1.00      0.00  361696  237184   0.73     -1.00     -1.00     -1.00       0  systemd-journal
15:11:02     1000    425773    0.00    0.00    0.00    0.00    0.00     2      1.00      0.00 50014516  390508   1.20      0.00      0.00      0.00       0  com.alibabainc.
15:11:02     1000    426077    0.00    1.00    0.00    0.00    1.00     4      0.00      0.00 50132492  528136   1.62      0.00      0.00      0.00       0  com.alibabainc.
15:11:02     1000    577014    2.00    1.00    0.00    0.00    3.00     0     21.00      0.00 1521087724  394716   1.21      0.00      0.00      0.00       0  code
15:11:02     1000    577063    8.00    2.00    0.00    0.00   10.00     2    829.00      0.00 51398884  246408   0.76      0.00      0.00      0.00       0  code
15:11:02     1000    577107    0.00    0.00    0.00    0.00    0.00    12      3.00      0.00 1522727200  596372   1.83      0.00      0.00      0.00       0  code
15:11:02     1000    577132    1.00    0.00    0.00    0.00    1.00     8     14.00      0.00 1520364784  379544   1.17      0.00      0.00      0.00       0  code
15:11:02     1000    577160    2.00    0.00    0.00    0.00    2.00     1      0.00      0.00 1518795316  680328   2.09      0.00      0.00      0.00       0  code
15:11:02     1000    577170    0.00    0.00    0.00    0.00    0.00     2      8.00      0.00 1520378324  115388   0.35      0.00      0.00      0.00       0  code
15:11:02     1000    577241    0.00    0.00    0.00    0.00    0.00    13      1.00      0.00  755420  181896   0.56      0.00      0.00      0.00       0  codex
15:11:02     1000    885261    0.00    1.00    0.00    0.00    1.00     8     66.00      0.00 1518767568  316720   0.97      0.00      0.00      0.00       0  code
15:11:02        0    940783    0.00    1.00    0.00    1.00    1.00    14      0.00      0.00       0       0   0.00     -1.00     -1.00     -1.00       0  kworker/14:1-events
15:11:02        0   1025923    0.00    1.00    0.00    0.00    1.00     0      0.00      0.00       0       0   0.00     -1.00     -1.00     -1.00       0  kworker/0:0-events
15:11:02        0   1049858    0.00    1.00    0.00    0.00    1.00     2      0.00      0.00       0       0   0.00     -1.00     -1.00     -1.00       0  kworker/u64:9-i915
15:11:02        0   1074653    0.00    1.00    0.00    0.00    1.00     4      0.00      0.00       0       0   0.00     -1.00     -1.00     -1.00       0  kworker/u64:3-flush-259:0
15:11:02     1000   1074681    2.00    0.00    0.00    0.00    2.00     5     16.00      0.00 1520363292  311444   0.96      0.00      0.00      0.00       0  code
15:11:02     1000   1074725    1.00    0.00    0.00    0.00    1.00    13    186.00      0.00  743264  181908   0.56      0.00      0.00      0.00       0  codex
15:11:02     1000   1075226   13.00    1.00    0.00    0.00   14.00     5   1311.00      0.00 1518712268  406892   1.25      0.00      0.00      0.00       0  code
15:11:02     1000   1109016    3.00    1.00    0.00    0.00    4.00    12      0.00      0.00  900112   35996   0.11      0.00      0.00      0.00       0  real_go2_input_
15:11:02     1000   1109017   11.00    1.00    0.00    0.00   12.00     0      0.00      0.00  888420   77808   0.24      0.00      0.00      0.00       0  python3
15:11:02     1000   1109018   32.00    1.00    0.00    0.00   33.00     7      0.00      0.00 1139124  291168   0.89      0.00      0.00      0.00       0  scan_planner_no
15:11:02     1000   1109019    3.00    1.00    0.00    0.00    4.00     9      2.00      0.00  751036   32324   0.10      0.00      0.00      0.00       0  closed_loop_con
15:11:02     1000   1109020    3.00    1.00    0.00    1.00    4.00     8      0.00      0.00  750792   31236   0.10      0.00      0.00      0.00       0  cmd_vel_safety_
15:11:02     1000   1109021   13.00    1.00    0.00    0.00   14.00    12      0.00      0.00  884000   72960   0.22      0.00    112.00      0.00       0  telemetry_recor
15:11:02     1000   1109022    1.00    0.00    0.00    0.00    1.00     8      0.00      0.00  748984   30812   0.09      0.00      0.00      0.00       0  static_transfor
15:11:02     1000   1109177    0.00    1.00    0.00    0.00    1.00     6      0.00      0.00   12840    5940   0.02      0.00      8.00      0.00       0  pidstat
15:11:02     1000   1109178    3.00    1.00    0.00    0.00    4.00    12      0.00      0.00 1101620  112820   0.35      0.00      0.00      0.00       0  ros2

# Time        UID       PID    %usr %system  %guest   %wait    %CPU   CPU  minflt/s  majflt/s     VSZ     RSS   %MEM   kB_rd/s   kB_wr/s kB_ccwr/s iodelay  Command
15:11:03        0       326    0.00    1.00    0.00    0.00    1.00    12      0.00      0.00       0       0   0.00     -1.00     -1.00     -1.00       0  jbd2/nvme0n1p2-8
15:11:03        0       676    0.00    1.00    0.00    0.00    1.00     1      0.00      0.00       0       0   0.00     -1.00     -1.00     -1.00       0  irq/163-rtw89_pci
15:11:03        0      1071    0.00    1.00    0.00    0.00    1.00    13      0.00      0.00   15268    7648   0.02     -1.00     -1.00     -1.00       0  bluetoothd
15:11:03     1000      2324   17.00    2.00    0.00    0.00   19.00     8      5.00      0.00 5559720  381620   1.17      0.00      0.00      0.00       0  gnome-shell
15:11:03     1000      2622    6.00    1.00    0.00    0.00    7.00    10      0.00      0.00 5685392  233232   0.72      0.00      0.00      0.00       0  ToDesk
15:11:03        0      3243    0.00    1.00    0.00    0.00    1.00    15      0.00      0.00 2778564   68480   0.21     -1.00     -1.00     -1.00       0  ToDesk_Service
15:11:03     1000     32140    1.00    0.00    0.00    0.00    1.00     8      0.00      0.00 11729028  752348   2.31      0.00      0.00      0.00       0  com.alibabainc.
15:11:03     1000     45971    1.00    0.00    0.00    0.00    1.00     3      4.00      0.00 50049280  218684   0.67      0.00      0.00      0.00       0  com.alibabainc.
15:11:03        0    332726    0.00    0.00    0.00    0.00    0.00    10     34.00      0.00  361696  237184   0.73     -1.00     -1.00     -1.00       0  systemd-journal
15:11:03     1000    425666    0.00    1.00    0.00    0.00    1.00     1      1.00      0.00 50028472  261464   0.80      0.00      0.00      0.00       0  com.alibabainc.
15:11:03     1000    426077    0.00    0.00    0.00   10.00    0.00     3      1.00      0.00 50132492  528136   1.62      0.00      0.00      0.00       0  com.alibabainc.
15:11:03     1000    577014    1.00    2.00    0.00    0.00    3.00     0      5.00      0.00 1521087724  394844   1.21      0.00      0.00      0.00       0  code
15:11:03     1000    577063    9.00    2.00    0.00    0.00   11.00     4    825.00      0.00 51398608  246164   0.76      0.00      0.00      0.00       0  code
15:11:03     1000    577067    0.00    0.00    0.00    0.00    0.00     9      2.00      0.00 50711564   88208   0.27      0.00      0.00      0.00       0  code
15:11:03     1000    577107    0.00    0.00    0.00    0.00    0.00    12      9.00      0.00 1522727200  596500   1.83      0.00      0.00      0.00       0  code
15:11:03     1000    577160    1.00    0.00    0.00    0.00    1.00    12      0.00      0.00 1518795316  680328   2.09      0.00      0.00      0.00       0  code
15:11:03     1000    577320    0.00    0.00    0.00    0.00    0.00    14     10.00      0.00 1520354644  108556   0.33      0.00      0.00      0.00       0  code
15:11:03     1000    853115    0.00    0.00    0.00    0.00    0.00     4      2.00      0.00 55301888   57380   0.18      0.00      0.00      0.00       0  chrome
15:11:03     1000    881951    0.00    0.00    0.00    0.00    0.00    10      1.00      0.00 55035016   60768   0.19      0.00      0.00      0.00       0  chrome
15:11:03     1000    885261    2.00    0.00    0.00    0.00    2.00    12    121.00      0.00 1518767568  317232   0.97      0.00      0.00      0.00       0  code
15:11:03     1000    888233    2.00    1.00    0.00    0.00    3.00     4      1.00      0.00 1754332  368736   1.13      0.00      0.00      0.00       0  gnome-system-mo
15:11:03        0   1049858    0.00    1.00    0.00    0.00    1.00     4      0.00      0.00       0       0   0.00     -1.00     -1.00     -1.00       0  kworker/u64:9-events_power_efficient
15:11:03     1000   1073718    0.00    1.00    0.00    0.00    1.00    10      0.00      0.00  882600   74912   0.23      0.00      0.00      0.00       0  ros2
15:11:03     1000   1074681    1.00    0.00    0.00    0.00    1.00     5     60.00      0.00 1520363292  311572   0.96      0.00      0.00      0.00       0  code
15:11:03     1000   1074725    2.00    0.00    0.00    0.00    2.00    13    534.00      0.00  743136  181908   0.56      0.00     52.00      0.00       0  codex
15:11:03     1000   1075226   13.00    2.00    0.00    0.00   15.00     2   2229.00      0.00 1518712268  412568   1.27      0.00      0.00      0.00       0  code
15:11:03     1000   1109016    4.00    1.00    0.00    0.00    5.00     5      1.00      0.00  900112   35996   0.11      0.00      0.00      0.00       0  real_go2_input_
15:11:03     1000   1109017   11.00    0.00    0.00    0.00   11.00    12      0.00      0.00  888420   77808   0.24      0.00      0.00      0.00       0  python3
15:11:03     1000   1109018   35.00    1.00    0.00    0.00   36.00     7      0.00      0.00 1139124  291168   0.89      0.00      0.00      0.00       0  scan_planner_no
15:11:03     1000   1109019    2.00    1.00    0.00    0.00    3.00     4      0.00      0.00  751036   32324   0.10      0.00      0.00      0.00       0  closed_loop_con
15:11:03     1000   1109020    2.00    1.00    0.00    0.00    3.00    10      0.00      0.00  750792   31236   0.10      0.00      0.00      0.00       0  cmd_vel_safety_
15:11:03     1000   1109021   14.00    1.00    0.00    0.00   15.00    13      0.00      0.00  884000   72960   0.22      0.00    112.00      0.00       0  telemetry_recor
15:11:03     1000   1109177    0.00    1.00    0.00    0.00    1.00     6      0.00      0.00   12840    5940   0.02      0.00      4.00      0.00       0  pidstat
15:11:03     1000   1109178    2.00    1.00    0.00    0.00    3.00    12      0.00      0.00 1101620  112820   0.35      0.00      0.00      0.00       0  ros2

# Time        UID       PID    %usr %system  %guest   %wait    %CPU   CPU  minflt/s  majflt/s     VSZ     RSS   %MEM   kB_rd/s   kB_wr/s kB_ccwr/s iodelay  Command
15:11:04        0       676    0.00    1.00    0.00    0.00    1.00     1      0.00      0.00       0       0   0.00     -1.00     -1.00     -1.00       0  irq/163-rtw89_pci
15:11:04     1000      2324   17.00    3.00    0.00    0.00   20.00     3      8.00      0.00 5557160  381620   1.17      0.00      0.00      0.00       0  gnome-shell
15:11:04     1000      2622    6.00    1.00    0.00    0.00    7.00     6      0.00      0.00 5685392  233232   0.72      0.00      0.00      0.00       0  ToDesk
15:11:04        0      3243    1.00    2.00    0.00    0.00    3.00     8      0.00      0.00 2778564   68480   0.21     -1.00     -1.00     -1.00       0  ToDesk_Service
15:11:04     1000     10268    0.00    0.00    0.00    0.00    0.00    14      4.00      0.00 33882424   63200   0.19      0.00      0.00      0.00       0  github-desktop
15:11:04     1000     32140    2.00    1.00    0.00    0.00    3.00    12    191.00      0.00 11729028  752312   2.31      0.00     12.00      0.00       0  com.alibabainc.
15:11:04     1000     45971    0.00    0.00    0.00    0.00    0.00    12      2.00      0.00 50049280  218684   0.67      0.00      0.00      0.00       0  com.alibabainc.
15:11:04     1000     46026    1.00    0.00    0.00    0.00    1.00    12    752.00      0.00 73748840  447852   1.37      0.00      0.00      0.00       0  com.alibabainc.
15:11:04        0    332726    0.00    0.00    0.00    0.00    0.00    10      2.00      0.00  361696  237184   0.73     -1.00     -1.00     -1.00       0  systemd-journal
15:11:04     1000    425666    0.00    0.00    0.00    0.00    0.00     1      1.00      0.00 50028472  261464   0.80      0.00      0.00      0.00       0  com.alibabainc.
15:11:04     1000    577014    1.00    2.00    0.00    0.00    3.00    12      3.00      0.00 1521087724  394844   1.21      0.00      0.00      0.00       0  code
15:11:04     1000    577063   10.00    1.00    0.00    0.00   11.00    14    888.00      0.00 51399156  246476   0.76      0.00      0.00      0.00       0  code
15:11:04     1000    577160    2.00    0.00    0.00    0.00    2.00    13    112.00      0.00 1518795316  680328   2.09      0.00      0.00      0.00       0  code
15:11:04     1000    577170    0.00    0.00    0.00    0.00    0.00    10      5.00      0.00 1520378324  115388   0.35      0.00      0.00      0.00       0  code
15:11:04     1000    577171    0.00    0.00    0.00    0.00    0.00     0     37.00      0.00 1520352992  124704   0.38      0.00      0.00      0.00       0  code
15:11:04     1000    577172    0.00    0.00    0.00    0.00    0.00    15      2.00      0.00 1520369816  113428   0.35      0.00      0.00      0.00       0  code
15:11:04     1000    577241    0.00    0.00    0.00    0.00    0.00    13      1.00      0.00  755420  181896   0.56      0.00      0.00      0.00       0  codex
15:11:04     1000    577320    0.00    0.00    0.00    0.00    0.00    15     13.00      0.00 1520354644  108556   0.33      0.00      0.00      0.00       0  code
15:11:04     1000    853053    0.00    0.00    0.00    0.00    0.00    10     17.00      0.00 55922224  487888   1.50      0.00      0.00      0.00       0  chrome
15:11:04     1000    853103    0.00    0.00    0.00    0.00    0.00     2      9.00      0.00 55851500  301876   0.93      0.00      0.00      0.00       0  chrome
15:11:04     1000    853105    0.00    0.00    0.00    0.00    0.00     4      9.00      0.00 55066232   91912   0.28      0.00      0.00      0.00       0  chrome
15:11:04     1000    885261    0.00    0.00    0.00    0.00    0.00    12     10.00      0.00 1518767568  317232   0.97      0.00      0.00      0.00       0  code
15:11:04     1000   1073729    1.00    0.00    0.00    0.00    1.00     1      0.00      0.00  877608   71244   0.22      0.00      0.00      0.00       0  python3
15:11:04     1000   1074666    0.00    0.00    0.00    0.00    0.00    10      3.00      0.00 1520369816  129956   0.40      0.00      0.00      0.00       0  code
15:11:04     1000   1074681    0.00    0.00    0.00    0.00    0.00    14     14.00      0.00 1520363292  311176   0.96      0.00      0.00      0.00       0  code
15:11:04     1000   1074725    0.00    0.00    0.00    0.00    0.00    13     23.00      0.00  743136  181908   0.56      0.00      0.00      0.00       0  codex
15:11:04     1000   1075226   32.00    1.00    0.00    0.00   33.00    15   1263.00      0.00 1518712268  411244   1.26      0.00      0.00      0.00       0  code
15:11:04     1000   1095170    1.00    0.00    0.00    0.00    1.00     8      0.00      0.00  883436   72492   0.22      0.00      0.00      0.00       0  python3
15:11:04        0   1097682    0.00    1.00    0.00    0.00    1.00    10      0.00      0.00       0       0   0.00     -1.00     -1.00     -1.00       0  kworker/u65:3-i915_flip
15:11:04        0   1101398    0.00    2.00    0.00    0.00    2.00     4      0.00      0.00       0       0   0.00     -1.00     -1.00     -1.00       0  kworker/u64:0-i915
15:11:04     1000   1109012    0.00    0.00    0.00    0.00    0.00     8      1.00      0.00  204044   41564   0.13      0.00      0.00      0.00       0  ros2
15:11:04     1000   1109016    3.00    1.00    0.00    0.00    4.00     5      0.00      0.00  900112   35996   0.11      0.00      0.00      0.00       0  real_go2_input_
15:11:04     1000   1109017   10.00    1.00    0.00    0.00   11.00     7      0.00      0.00  888420   77808   0.24      0.00      0.00      0.00       0  python3
15:11:04     1000   1109018   38.00    0.00    0.00    0.00   38.00     2      0.00      0.00 1139124  291168   0.89      0.00      0.00      0.00       0  scan_planner_no
15:11:04     1000   1109019    2.00    0.00    0.00    0.00    2.00     4      0.00      0.00  751036   32324   0.10      0.00      0.00      0.00       0  closed_loop_con
15:11:04     1000   1109020    3.00    2.00    0.00    0.00    5.00     5      0.00      0.00  750792   31236   0.10      0.00      0.00      0.00       0  cmd_vel_safety_
15:11:04     1000   1109021   14.00    0.00    0.00    0.00   14.00     1      0.00      0.00  884000   72960   0.22      0.00    112.00      0.00       0  telemetry_recor
15:11:04     1000   1109177    0.00    0.00    0.00    0.00    0.00     6      0.00      0.00   12840    5940   0.02      0.00      8.00      0.00       0  pidstat
15:11:04     1000   1109178    2.00    1.00    0.00    0.00    3.00    14      0.00      0.00 1101620  112820   0.35      0.00      0.00      0.00       0  ros2

# Time        UID       PID    %usr %system  %guest   %wait    %CPU   CPU  minflt/s  majflt/s     VSZ     RSS   %MEM   kB_rd/s   kB_wr/s kB_ccwr/s iodelay  Command
15:11:05        0        15    0.00    1.00    0.00    1.00    1.00     1      0.00      0.00       0       0   0.00     -1.00     -1.00     -1.00       0  rcu_preempt
15:11:05        0      1370    1.00    0.00    0.00    0.00    1.00    13      0.00      0.00 2606064   21460   0.07     -1.00     -1.00     -1.00       0  containerd
15:11:05     1000      2324   16.00    3.00    0.00    0.00   19.00     7      2.00      0.00 5557160  381620   1.17      0.00      0.00      0.00       0  gnome-shell
15:11:05     1000      2622    6.00    2.00    0.00    0.00    8.00     4      0.00      0.00 5685392  233232   0.72      0.00      0.00      0.00       0  ToDesk
15:11:05        0      3243    1.00    2.00    0.00    0.00    3.00     6      0.00      0.00 2778564   68480   0.21     -1.00     -1.00     -1.00       0  ToDesk_Service
15:11:05     1000     32140    1.00    0.00    0.00    0.00    1.00    10      0.00      0.00 11729028  752312   2.31      0.00      0.00      0.00       0  com.alibabainc.
15:11:05     1000     45971    0.00    0.00    0.00    0.00    0.00    12      5.00      0.00 50049280  218684   0.67      0.00      0.00      0.00       0  com.alibabainc.
15:11:05     1000     46026    0.00    1.00    0.00    0.00    1.00     0      0.00      0.00 73748840  447852   1.37      0.00      0.00      0.00       0  com.alibabainc.
15:11:05        0    332726    0.00    0.00    0.00    0.00    0.00    12      1.00      0.00  361696  237184   0.73     -1.00     -1.00     -1.00       0  systemd-journal
15:11:05     1000    425666    1.00    0.00    0.00    0.00    1.00     1      2.00      0.00 50028472  261464   0.80      0.00      0.00      0.00       0  com.alibabainc.
15:11:05     1000    516139    1.00    0.00    0.00    0.00    1.00     4      0.00      0.00 5453760   36840   0.11      0.00      0.00      0.00       0  clash
15:11:05     1000    577014    2.00    0.00    0.00    0.00    2.00    14      5.00      0.00 1521087724  394844   1.21      0.00      0.00      0.00       0  code
15:11:05     1000    577063    9.00    1.00    0.00    0.00   10.00    10    324.00      0.00 51399788  246432   0.76      0.00      0.00      0.00       0  code
15:11:05     1000    577107    1.00    0.00    0.00    0.00    1.00    15     45.00      0.00 1522727200  596628   1.83      0.00      0.00      0.00       0  code
15:11:05     1000    577132    0.00    0.00    0.00    0.00    0.00    14     43.00      0.00 1520364784  379544   1.17      0.00      0.00      0.00       0  code
15:11:05     1000    577160    1.00    1.00    0.00    0.00    2.00     3      0.00      0.00 1518795316  680328   2.09      0.00      0.00      0.00       0  code
15:11:05     1000    577170    0.00    0.00    0.00    0.00    0.00     2      1.00      0.00 1520378324  115388   0.35      0.00      0.00      0.00       0  code
15:11:05     1000    577241    0.00    0.00    0.00    0.00    0.00    13      1.00      0.00  755420  181896   0.56      0.00      0.00      0.00       0  codex
15:11:05     1000    885261    1.00    0.00    0.00    0.00    1.00    14    547.00      0.00 1518767568  319152   0.98      0.00      0.00      0.00       0  code
15:11:05     1000   1074681    5.00    1.00    0.00    0.00    6.00     2    222.00      0.00 1520363292  311560   0.96      0.00      0.00      0.00       0  code
15:11:05     1000   1074725    2.00    2.00    0.00    0.00    4.00    13   3791.00      0.00  743136  181808   0.56      0.00    472.00     88.00       0  codex
15:11:05     1000   1075226   22.00    1.00    0.00    0.00   23.00     1    837.00      0.00 1518712292  411668   1.26      0.00      0.00      0.00       0  code
15:11:05     1000   1076599    0.00    0.00    0.00    0.00    0.00    15    252.00      0.00 1450899656   19640   0.06      0.00      0.00      0.00       0  codex-code-mode
15:11:05        0   1101398    0.00    1.00    0.00    0.00    1.00     2      0.00      0.00       0       0   0.00     -1.00     -1.00     -1.00       0  kworker/u64:0-i915
15:11:05     1000   1108784    0.00    0.00    0.00    0.00    0.00    15     56.00      0.00   10592    3692   0.01      0.00      0.00      0.00       0  bash
15:11:05     1000   1109016    3.00    1.00    0.00    0.00    4.00     4      1.00      0.00  900112   35996   0.11      0.00      0.00      0.00       0  real_go2_input_
15:11:05     1000   1109017   15.00    0.00    0.00    0.00   15.00    10    138.00      0.00  888056   78056   0.24      0.00      0.00      0.00       0  python3
15:11:05     1000   1109018   37.00    1.00    0.00    0.00   38.00     6      0.00      0.00 1139124  291168   0.89      0.00      0.00      0.00       0  scan_planner_no
15:11:05     1000   1109019    3.00    1.00    0.00    0.00    4.00     7      0.00      0.00  751036   32324   0.10      0.00      0.00      0.00       0  closed_loop_con
15:11:05     1000   1109020    2.00    1.00    0.00    0.00    3.00    12      0.00      0.00  750792   31236   0.10      0.00      0.00      0.00       0  cmd_vel_safety_
15:11:05     1000   1109021   15.00    1.00    0.00    1.00   16.00     0      0.00      0.00  884000   72960   0.22      0.00    112.00      0.00       0  telemetry_recor
15:11:05     1000   1109177    1.00    1.00    0.00    0.00    2.00     4      0.00      0.00   12840    5940   0.02      0.00      4.00      0.00       0  pidstat
15:11:05     1000   1109178    2.00    2.00    0.00    0.00    4.00    12      0.00      0.00 1101620  112820   0.35      0.00      0.00      0.00       0  ros2
15:11:05     1000   1109451    0.00    0.00    0.00    0.00    0.00    13    102.00      0.00    8868    1784   0.01      0.00      0.00      0.00       0  sleep

# Time        UID       PID    %usr %system  %guest   %wait    %CPU   CPU  minflt/s  majflt/s     VSZ     RSS   %MEM   kB_rd/s   kB_wr/s kB_ccwr/s iodelay  Command
15:11:06        0       676    0.00    1.00    0.00    0.00    1.00     1      0.00      0.00       0       0   0.00     -1.00     -1.00     -1.00       0  irq/163-rtw89_pci
15:11:06     1000      2324   15.00    3.00    0.00    0.00   18.00     8      5.00      0.00 5557160  381620   1.17      0.00      0.00      0.00       0  gnome-shell
15:11:06     1000      2622    4.00    3.00    0.00    0.00    7.00    10      0.00      0.00 5685392  233232   0.72      0.00      0.00      0.00       0  ToDesk
15:11:06        0      3243    1.00    1.00    0.00    0.00    2.00    12      0.00      0.00 2778564   68480   0.21     -1.00     -1.00     -1.00       0  ToDesk_Service
15:11:06     1000     10213    0.00    0.00    0.00    0.00    0.00     4      5.00      0.00 1212301312  153700   0.47      0.00      0.00      0.00       0  github-desktop
15:11:06     1000     10251    0.00    0.00    0.00    0.00    0.00     5      3.00      0.00 34566360  113132   0.35      0.00      0.00      0.00       0  github-desktop
15:11:06     1000     32140    2.00    1.00    0.00    0.00    3.00     3      0.00      0.00 11729028  752312   2.31      0.00      0.00      0.00       0  com.alibabainc.
15:11:06     1000     45971    0.00    1.00    0.00    0.00    1.00     2      4.00      0.00 50049280  218684   0.67      0.00      0.00      0.00       0  com.alibabainc.
15:11:06     1000     52294    0.00    0.00    0.00    0.00    0.00    10      1.00      0.00 53387424  465124   1.43      0.00      0.00      0.00       0  com.alibabainc.
15:11:06        0    332726    0.00    0.00    0.00    0.00    0.00     4      2.00      0.00  361696  237184   0.73     -1.00     -1.00     -1.00       0  systemd-journal
15:11:06     1000    425666    0.00    0.00    0.00    0.00    0.00     2      2.00      0.00 50028472  261464   0.80      0.00      0.00      0.00       0  com.alibabainc.
15:11:06     1000    577014    2.00    1.00    0.00    0.00    3.00    12     15.00      0.00 1521087724  394844   1.21      0.00      0.00      0.00       0  code
15:11:06     1000    577063    5.00    2.00    0.00    1.00    7.00     6     69.00      0.00 51397280  246420   0.76      0.00      0.00      0.00       0  code
15:11:06     1000    577160    2.00    0.00    0.00    0.00    2.00     3      0.00      0.00 1518795316  680328   2.09      0.00      0.00      0.00       0  code
15:11:06     1000    577241    0.00    0.00    0.00    0.00    0.00    13      1.00      0.00  755420  181896   0.56      0.00      0.00      0.00       0  codex
15:11:06     1000    888233    1.00    1.00    0.00    0.00    2.00     0      1.00      0.00 1754332  368736   1.13      0.00      0.00      0.00       0  gnome-system-mo
15:11:06        0   1049858    0.00    1.00    0.00    0.00    1.00     6      0.00      0.00       0       0   0.00     -1.00     -1.00     -1.00       0  kworker/u64:9-events_unbound
15:11:06     1000   1074681    0.00    0.00    0.00    0.00    0.00     6      5.00      0.00 1520363292  311688   0.96      0.00      0.00      0.00       0  code
15:11:06     1000   1074725    0.00    0.00    0.00    0.00    0.00    13    156.00      0.00  743136  181808   0.56      0.00      0.00      0.00       0  codex
15:11:06     1000   1075226    4.00    1.00    0.00    0.00    5.00    10     17.00      0.00 1518712292  410832   1.26      0.00      0.00      0.00       0  code
15:11:06        0   1097682    0.00    1.00    0.00    0.00    1.00    15      0.00      0.00       0       0   0.00     -1.00     -1.00     -1.00       0  kworker/u65:3-i915_flip
15:11:06        0   1101398    0.00    1.00    0.00    0.00    1.00     2      0.00      0.00       0       0   0.00     -1.00     -1.00     -1.00       0  kworker/u64:0-i915
15:11:06     1000   1109016    4.00    1.00    0.00    0.00    5.00    13      0.00      0.00  900112   35996   0.11      0.00      0.00      0.00       0  real_go2_input_
15:11:06     1000   1109017   10.00    0.00    0.00    0.00   10.00     1      0.00      0.00  888056   78056   0.24      0.00      0.00      0.00       0  python3
15:11:06     1000   1109018   31.00    0.00    0.00    0.00   31.00     6      0.00      0.00 1139124  291168   0.89      0.00      0.00      0.00       0  scan_planner_no
15:11:06     1000   1109019    2.00    0.00    0.00    0.00    2.00    12      0.00      0.00  751036   32324   0.10      0.00      0.00      0.00       0  closed_loop_con
15:11:06     1000   1109020    2.00    1.00    0.00    0.00    3.00     7      0.00      0.00  750792   31236   0.10      0.00      0.00      0.00       0  cmd_vel_safety_
15:11:06     1000   1109021   14.00    0.00    0.00    0.00   14.00     6      0.00      0.00  884000   72960   0.22      0.00    108.00      0.00       0  telemetry_recor
15:11:06     1000   1109177    0.00    0.00    0.00    0.00    0.00     4      0.00      0.00   12840    5940   0.02      0.00      8.00      0.00       0  pidstat
15:11:06     1000   1109178    2.00    1.00    0.00    0.00    3.00    14      0.00      0.00 1101620  112820   0.35      0.00      0.00      0.00       0  ros2

# Time        UID       PID    %usr %system  %guest   %wait    %CPU   CPU  minflt/s  majflt/s     VSZ     RSS   %MEM   kB_rd/s   kB_wr/s kB_ccwr/s iodelay  Command
15:11:07        0        54    0.00    1.00    0.00    0.00    1.00    12      0.00      0.00       0       0   0.00     -1.00     -1.00     -1.00       0  migration/12
15:11:07     1000      2324   17.00    2.00    0.00    0.00   19.00     6     23.00      0.00 5557420  381620   1.17      0.00      0.00      0.00       0  gnome-shell
15:11:07     1000      2622    6.00    1.00    0.00    0.00    7.00    10      0.00      0.00 5685392  233232   0.72      0.00      0.00      0.00       0  ToDesk
15:11:07        0      3243    0.00    2.00    0.00    0.00    2.00    12      0.00      0.00 2778564   68480   0.21     -1.00     -1.00     -1.00       0  ToDesk_Service
15:11:07     1000     32140    1.00    0.00    0.00    0.00    1.00     6      0.00      0.00 11729028  752312   2.31      0.00      0.00      0.00       0  com.alibabainc.
15:11:07     1000     45971    0.00    0.00    0.00    0.00    0.00    10      4.00      0.00 50049280  218684   0.67      0.00      0.00      0.00       0  com.alibabainc.
15:11:07        0    332726    0.00    0.00    0.00    0.00    0.00     6      1.00      0.00  361696  237184   0.73     -1.00     -1.00     -1.00       0  systemd-journal
15:11:07     1000    577014    2.00    1.00    0.00    0.00    3.00    12     22.00      0.00 1521087724  394844   1.21      0.00      0.00      0.00       0  code
15:11:07     1000    577063    7.00    2.00    0.00    0.00    9.00    14    148.00      0.00 51406376  246232   0.76      0.00      0.00      0.00       0  code
15:11:07     1000    577067    0.00    0.00    0.00    0.00    0.00     9      2.00      0.00 50711564   88208   0.27      0.00      0.00      0.00       0  code
15:11:07     1000    577107    2.00    0.00    0.00    0.00    2.00     2    209.00      0.00 1522730336  595872   1.83      0.00      0.00      0.00       0  code
15:11:07     1000    577160    1.00    0.00    0.00    0.00    1.00    12     18.00      0.00 1518797492  680456   2.09      0.00      0.00      0.00       0  code
15:11:07     1000    577170    0.00    0.00    0.00    0.00    0.00     2     10.00      0.00 1520378324  115388   0.35      0.00      0.00      0.00       0  code
15:11:07     1000    853105    0.00    0.00    0.00    0.00    0.00     4      5.00      0.00 55066232   91912   0.28      0.00      0.00      0.00       0  chrome
15:11:07     1000    853115    0.00    0.00    0.00    0.00    0.00     4      2.00      0.00 55301888   57380   0.18      0.00      0.00      0.00       0  chrome
15:11:07     1000    880405    0.00    0.00    0.00    0.00    0.00     8      3.00      0.00 1518885044  319692   0.98      0.00      0.00      0.00       0  chrome
15:11:07     1000    881951    0.00    0.00    0.00    0.00    0.00    10      1.00      0.00 55035016   60768   0.19      0.00      0.00      0.00       0  chrome
15:11:07     1000    885261    2.00    1.00    0.00    0.00    3.00     2    342.00      0.00 1518770704  319904   0.98      0.00      0.00      0.00       0  code
15:11:07     1000   1074666    1.00    0.00    0.00    0.00    1.00    12      0.00      0.00 1520369816  129956   0.40      0.00      0.00      0.00       0  code
15:11:07     1000   1074681    0.00    0.00    0.00    0.00    0.00    12      7.00      0.00 1520363292  311816   0.96      0.00      0.00      0.00       0  code
15:11:07     1000   1074725    1.00    0.00    0.00    0.00    1.00    13    390.00      0.00  743136  181936   0.56      0.00    304.00    120.00       0  codex
15:11:07     1000   1075226    5.00    1.00    0.00    0.00    6.00    15     24.00      0.00 1518713316  410820   1.26      0.00      0.00      0.00       0  code
15:11:07        0   1101398    0.00    1.00    0.00    0.00    1.00    12      0.00      0.00       0       0   0.00     -1.00     -1.00     -1.00       0  kworker/u64:0-events_unbound
15:11:07        0   1106397    0.00    1.00    0.00    0.00    1.00    15      0.00      0.00       0       0   0.00     -1.00     -1.00     -1.00       0  kworker/u65:2+i915_flip
15:11:07     1000   1109016    2.00    1.00    0.00    0.00    3.00     5      2.00      0.00  900112   35996   0.11      0.00      0.00      0.00       0  real_go2_input_
15:11:07     1000   1109017   10.00    1.00    0.00    0.00   11.00    12      0.00      0.00  888056   78056   0.24      0.00      0.00      0.00       0  python3
15:11:07     1000   1109018   36.00    1.00    0.00    0.00   37.00    10      0.00      0.00 1139124  291168   0.89      0.00      0.00      0.00       0  scan_planner_no
15:11:07     1000   1109019    3.00    0.00    0.00    0.00    3.00    15      0.00      0.00  751036   32324   0.10      0.00      0.00      0.00       0  closed_loop_con
15:11:07     1000   1109020    4.00    1.00    0.00    0.00    5.00     8      0.00      0.00  750792   31236   0.10      0.00      0.00      0.00       0  cmd_vel_safety_
15:11:07     1000   1109021   13.00    1.00    0.00    0.00   14.00     2      0.00      0.00  884000   72960   0.22      0.00    112.00      0.00       0  telemetry_recor
15:11:07     1000   1109022    0.00    1.00    0.00    0.00    1.00     8      0.00      0.00  748984   30812   0.09      0.00      0.00      0.00       0  static_transfor
15:11:07     1000   1109177    0.00    1.00    0.00    0.00    1.00     4      0.00      0.00   12840    5940   0.02      0.00      4.00      0.00       0  pidstat
15:11:07     1000   1109178    2.00    1.00    0.00    0.00    3.00    14      0.00      0.00 1101620  112820   0.35      0.00      0.00      0.00       0  ros2

# Time        UID       PID    %usr %system  %guest   %wait    %CPU   CPU  minflt/s  majflt/s     VSZ     RSS   %MEM   kB_rd/s   kB_wr/s kB_ccwr/s iodelay  Command
15:11:08        0        15    0.00    1.00    0.00    0.00    1.00    12      0.00      0.00       0       0   0.00     -1.00     -1.00     -1.00       0  rcu_preempt
15:11:08        0       676    0.00    1.00    0.00    0.00    1.00     1      0.00      0.00       0       0   0.00     -1.00     -1.00     -1.00       0  irq/163-rtw89_pci
15:11:08        0      1071    0.00    1.00    0.00    0.00    1.00    13      0.00      0.00   15268    7648   0.02     -1.00     -1.00     -1.00       0  bluetoothd
15:11:08     1000      2324   19.00    3.00    0.00    0.00   22.00     6     31.00      0.00 5557788  381620   1.17      0.00      0.00      0.00       0  gnome-shell
15:11:08     1000      2622    5.00    2.00    0.00    0.00    7.00     8      0.00      0.00 5685392  233232   0.72      0.00      0.00      0.00       0  ToDesk
15:11:08        0      3243    1.00    1.00    0.00    0.00    2.00    15      0.00      0.00 2778564   68480   0.21     -1.00     -1.00     -1.00       0  ToDesk_Service
15:11:08     1000      4056    1.00    0.00    0.00    0.00    1.00    14      0.00      0.00  896292  154828   0.48      0.00      0.00      0.00       0  x-terminal-emul
15:11:08     1000     10268    0.00    0.00    0.00    0.00    0.00    14      2.00      0.00 33882424   63200   0.19      0.00      0.00      0.00       0  github-desktop
15:11:08     1000     32140    1.00    0.00    0.00    0.00    1.00     7      0.00      0.00 11729028  752312   2.31      0.00      4.00      0.00       0  com.alibabainc.
15:11:08     1000     45971    0.00    0.00    0.00    0.00    0.00    10      5.00      0.00 50049280  218684   0.67      0.00      0.00      0.00       0  com.alibabainc.
15:11:08        0    332726    0.00    0.00    0.00    0.00    0.00     4     28.00      0.00  361696  237184   0.73     -1.00     -1.00     -1.00       0  systemd-journal
15:11:08     1000    425666    0.00    0.00    0.00    0.00    0.00     1      1.00      0.00 50028472  261464   0.80      0.00      0.00      0.00       0  com.alibabainc.
15:11:08     1000    426077    1.00    0.00    0.00    0.00    1.00     8      0.00      0.00 50132492  528136   1.62      0.00      0.00      0.00       0  com.alibabainc.
15:11:08     1000    516139    1.00    0.00    0.00    0.00    1.00    14      0.00      0.00 5453760   36840   0.11      0.00      0.00      0.00       0  clash
15:11:08     1000    577014    2.00    1.00    0.00    0.00    3.00    12    146.00      0.00 1521089836  395356   1.21      0.00     76.00      0.00       0  code
15:11:08     1000    577063    7.00    1.00    0.00    0.00    8.00     7    154.00      0.00 51408588  246360   0.76      0.00      0.00      0.00       0  code
15:11:08     1000    577107    1.00    0.00    0.00    0.00    1.00    12     48.00      0.00 1522730336  595872   1.83      0.00      0.00      0.00       0  code
15:11:08     1000    577160    2.00    0.00    0.00    1.00    2.00    14    106.00      0.00 1518797492  680456   2.09      0.00      0.00      0.00       0  code
15:11:08     1000    577170    0.00    0.00    0.00    0.00    0.00     4      5.00      0.00 1520378324  115388   0.35      0.00      0.00      0.00       0  code
15:11:08     1000    577171    0.00    0.00    0.00    0.00    0.00    11     71.00      0.00 1520352992  124704   0.38      0.00      0.00      0.00       0  code
15:11:08     1000    577172    0.00    0.00    0.00    0.00    0.00    15      3.00      0.00 1520369816  113428   0.35      0.00      0.00      0.00       0  code
15:11:08     1000    577241    0.00    0.00    0.00    0.00    0.00    13      1.00      0.00  673380  181896   0.56      0.00      0.00      0.00       0  codex
15:11:08     1000    577320    0.00    0.00    0.00    0.00    0.00     8     29.00      0.00 1520354644  108556   0.33      0.00      0.00      0.00       0  code
15:11:08     1000    853053    2.00    0.00    0.00    0.00    2.00    12    468.00      1.00 55929588  489556   1.50     28.00    532.00      0.00       0  chrome
15:11:08     1000    853103    4.00    2.00    0.00    0.00    6.00     8    244.00      0.00 55858412  302680   0.93      0.00      0.00      0.00       0  chrome
15:11:08     1000    853105    0.00    0.00    0.00    0.00    0.00     8     51.00      0.00 55066232   91912   0.28      0.00      0.00      0.00       0  chrome
15:11:08     1000    885261    1.00    0.00    0.00    0.00    1.00     0    854.00      0.00 1518770640  321912   0.99      0.00      0.00      0.00       0  code
15:11:08     1000    888233    0.00    1.00    0.00    0.00    1.00     2      0.00      0.00 1754332  368736   1.13      0.00      0.00      0.00       0  gnome-system-mo
15:11:08     1000    910028    6.00    1.00    0.00    0.00    7.00     3   5992.00      0.00 1524770340  391228   1.20      0.00      0.00      0.00       0  chrome
15:11:08     1000    910063    0.00    1.00    0.00    0.00    1.00     1      1.00      0.00 1518709612  117800   0.36      0.00      0.00      0.00       0  chrome
15:11:08        0   1049858    0.00    1.00    0.00    0.00    1.00     2      0.00      0.00       0       0   0.00     -1.00     -1.00     -1.00       0  kworker/u64:9-i915
15:11:08     1000   1074666    0.00    0.00    0.00    0.00    0.00    13      4.00      0.00 1520369816  129956   0.40      0.00      0.00      0.00       0  code
15:11:08     1000   1074681    1.00    0.00    0.00    0.00    1.00    15    103.00      0.00 1520363292  312072   0.96      0.00      0.00      0.00       0  code
15:11:08     1000   1074725    1.00    0.00    0.00    0.00    1.00    13    104.00      0.00  743136  181936   0.56      0.00      0.00      0.00       0  codex
15:11:08     1000   1075226   27.00    1.00    0.00    0.00   28.00    15    651.00      0.00 1518713316  410844   1.26      0.00      0.00      0.00       0  code
15:11:08        0   1101398    0.00    1.00    0.00    0.00    1.00     9      0.00      0.00       0       0   0.00     -1.00     -1.00     -1.00       0  kworker/u64:0-i915
15:11:08     1000   1109016    4.00    1.00    0.00    0.00    5.00     7      0.00      0.00  900112   35996   0.11      0.00      0.00      0.00       0  real_go2_input_
15:11:08     1000   1109017   11.00    1.00    0.00    0.00   12.00     4      0.00      0.00  888056   78056   0.24      0.00      0.00      0.00       0  python3
15:11:08     1000   1109018   37.00    0.00    0.00    0.00   37.00    11      0.00      0.00 1139124  291168   0.89      0.00      0.00      0.00       0  scan_planner_no
15:11:08     1000   1109019    3.00    0.00    0.00    0.00    3.00     5      0.00      0.00  751036   32324   0.10      0.00      0.00      0.00       0  closed_loop_con
15:11:08     1000   1109020    3.00    0.00    0.00    0.00    3.00    14      0.00      0.00  750792   31236   0.10      0.00      0.00      0.00       0  cmd_vel_safety_
15:11:08     1000   1109021   14.00    1.00    0.00    0.00   15.00    10      0.00      0.00  884000   72960   0.22      0.00    116.00      0.00       0  telemetry_recor
15:11:08     1000   1109177    1.00    0.00    0.00    0.00    1.00     4      0.00      0.00   12840    5940   0.02      0.00      4.00      0.00       0  pidstat
15:11:08     1000   1109178    2.00    2.00    0.00    0.00    4.00    13      0.00      0.00 1101620  112820   0.35      0.00      0.00      0.00       0  ros2

# Time        UID       PID    %usr %system  %guest   %wait    %CPU   CPU  minflt/s  majflt/s     VSZ     RSS   %MEM   kB_rd/s   kB_wr/s kB_ccwr/s iodelay  Command
15:11:09        0       676    0.00    1.00    0.00    0.00    1.00     1      0.00      0.00       0       0   0.00     -1.00     -1.00     -1.00       0  irq/163-rtw89_pci
15:11:09     1000      2324   18.00    3.00    0.00    0.00   21.00     0     24.00      0.00 5557724  381620   1.17      0.00      0.00      0.00       0  gnome-shell
15:11:09     1000      2622    5.00    2.00    0.00    0.00    7.00     0      0.00      0.00 5685392  233232   0.72      0.00      0.00      0.00       0  ToDesk
15:11:09        0      3243    1.00    1.00    0.00    0.00    2.00    15      0.00      0.00 2778564   68480   0.21     -1.00     -1.00     -1.00       0  ToDesk_Service
15:11:09     1000      3886    1.00    0.00    0.00    0.00    1.00    12      0.00      0.00 1480828   37028   0.11      0.00      0.00      0.00       0  nxrunner.bin
15:11:09     1000     32140    1.00    1.00    0.00    0.00    2.00    12      0.00      0.00 11729028  752312   2.31      0.00      0.00      0.00       0  com.alibabainc.
15:11:09     1000     45971    1.00    0.00    0.00    0.00    1.00    13      4.00      0.00 50049280  218684   0.67      0.00      0.00      0.00       0  com.alibabainc.
15:11:09     1000    156386    1.00    0.00    0.00    0.00    1.00     0      0.00      0.00 1788224   49216   0.15      0.00      0.00      0.00       0  nxplayer.bin
15:11:09        0    332726    0.00    0.00    0.00    0.00    0.00    14      2.00      0.00  361696  237184   0.73     -1.00     -1.00     -1.00       0  systemd-journal
15:11:09     1000    425666    0.00    0.00    0.00    0.00    0.00     2      1.00      0.00 50028472  261464   0.80      0.00      0.00      0.00       0  com.alibabainc.
15:11:09     1000    425773    1.00    0.00    0.00    0.00    1.00    10      0.00      0.00 50014516  390508   1.20      0.00      0.00      0.00       0  com.alibabainc.
15:11:09     1000    516139    0.00    1.00    0.00    0.00    1.00    15      0.00      0.00 5453760   36840   0.11      0.00      0.00      0.00       0  clash
15:11:09     1000    577014    1.00    1.00    0.00    0.00    2.00     2      1.00      0.00 1521089836  395484   1.21      0.00      0.00      0.00       0  code
15:11:09     1000    577063    6.00    1.00    0.00    0.00    7.00    11     70.00      0.00 51399892  245908   0.75      0.00      0.00      0.00       0  code
15:11:09     1000    577107    0.00    0.00    0.00    0.00    0.00    12      0.00      0.00 1522727200  595872   1.83      0.00      0.00      0.00       0  code
15:11:09     1000    577132    0.00    1.00    0.00    0.00    1.00     2     28.00      0.00 1520364784  379544   1.17      0.00      0.00      0.00       0  code
15:11:09     1000    577160    1.00    1.00    0.00    0.00    2.00    13      0.00      0.00 1518795316  680456   2.09      0.00      0.00      0.00       0  code
15:11:09     1000    577241    0.00    0.00    0.00    0.00    0.00    13      1.00      0.00  673380  181896   0.56      0.00      0.00      0.00       0  codex
15:11:09     1000    853053    3.00    1.00    0.00    0.00    4.00    10     12.00      0.00 55929524  489556   1.50      0.00    144.00      0.00       0  chrome
15:11:09     1000    853103    7.00    1.00    0.00    0.00    8.00     3     24.00      0.00 55860724  302548   0.93      0.00      0.00      0.00       0  chrome
15:11:09     1000    853105    1.00    1.00    0.00    0.00    2.00     8     20.00      0.00 55066488   91912   0.28      0.00     12.00      4.00       0  chrome
15:11:09     1000    885261    0.00    0.00    0.00    0.00    0.00     2    173.00      0.00 1518767504  322296   0.99      0.00      0.00      0.00       0  code
15:11:09     1000    888233    3.00    0.00    0.00    0.00    3.00    13      3.00      0.00 1754848  368736   1.13      0.00      0.00      0.00       0  gnome-system-mo
15:11:09     1000    910028   18.00    2.00    0.00    0.00   20.00     8   1990.00      0.00 1524770596  398780   1.22      0.00      0.00      0.00       0  chrome
15:11:09        0   1049858    0.00    1.00    0.00    0.00    1.00    10      0.00      0.00       0       0   0.00     -1.00     -1.00     -1.00       0  kworker/u64:9-i915
15:11:09     1000   1074681    0.00    0.00    0.00    0.00    0.00    12     65.00      0.00 1520363292  312200   0.96      0.00      0.00      0.00       0  code
15:11:09     1000   1074725    3.00    1.00    0.00    0.00    4.00    13   3790.00      0.00  743228  182184   0.56      0.00    368.00    100.00       0  codex
15:11:09     1000   1075226    4.00    0.00    0.00    0.00    4.00     2    147.00      0.00 1518713316  411092   1.26      0.00      0.00      0.00       0  code
15:11:09     1000   1076599    1.00    1.00    0.00    0.00    2.00     2    281.00      0.00 1450899656   19808   0.06      0.00      0.00      0.00       0  codex-code-mode
15:11:09     1000   1109016    4.00    0.00    0.00    0.00    4.00     9      0.00      0.00  900112   35996   0.11      0.00      0.00      0.00       0  real_go2_input_
15:11:09     1000   1109017   11.00    0.00    0.00    0.00   11.00     5      0.00      0.00  888056   78056   0.24      0.00      0.00      0.00       0  python3
15:11:09     1000   1109018   38.00    1.00    0.00    0.00   39.00     7      0.00      0.00 1139124  291168   0.89      0.00      0.00      0.00       0  scan_planner_no
15:11:09     1000   1109019    2.00    1.00    0.00    0.00    3.00     9      0.00      0.00  751036   32324   0.10      0.00      0.00      0.00       0  closed_loop_con
15:11:09     1000   1109020    2.00    2.00    0.00    0.00    4.00    14      0.00      0.00  750792   31236   0.10      0.00      0.00      0.00       0  cmd_vel_safety_
15:11:09     1000   1109021   15.00    0.00    0.00    0.00   15.00    15      0.00      0.00  884000   72960   0.22      0.00    112.00      0.00       0  telemetry_recor
15:11:09     1000   1109177    0.00    1.00    0.00    0.00    1.00     4      0.00      0.00   12840    5940   0.02      0.00      8.00      0.00       0  pidstat
15:11:09     1000   1109178    2.00    1.00    0.00    0.00    3.00     2      0.00      0.00 1101620  112820   0.35      0.00      0.00      0.00       0  ros2

# Time        UID       PID    %usr %system  %guest   %wait    %CPU   CPU  minflt/s  majflt/s     VSZ     RSS   %MEM   kB_rd/s   kB_wr/s kB_ccwr/s iodelay  Command
15:11:10        0       676    0.00    1.00    0.00    0.00    1.00     1      0.00      0.00       0       0   0.00     -1.00     -1.00     -1.00       0  irq/163-rtw89_pci
15:11:10        0      1071    0.00    1.00    0.00    0.00    1.00    12      0.00      0.00   15268    7648   0.02     -1.00     -1.00     -1.00       0  bluetoothd
15:11:10     1000      2324   19.00    3.00    0.00    1.00   22.00    12     29.00      0.00 5557100  381492   1.17      0.00      0.00      0.00       0  gnome-shell
15:11:10     1000      2622    5.00    1.00    0.00    0.00    6.00     4      0.00      0.00 5685392  233232   0.72      0.00      0.00      0.00       0  ToDesk
15:11:10      123      3242    0.00    0.00    0.00    0.00    0.00     0      3.00      0.00 2382176   77480   0.24     -1.00     -1.00     -1.00       0  nxserver.bin
15:11:10        0      3243    0.00    3.00    0.00    0.00    3.00    15      0.00      0.00 2778564   68480   0.21     -1.00     -1.00     -1.00       0  ToDesk_Service
15:11:10     1000     10213    0.00    0.00    0.00    0.00    0.00     0      5.00      0.00 1212301312  153700   0.47      0.00      0.00      0.00       0  github-desktop
15:11:10     1000     10251    0.00    0.00    0.00    0.00    0.00     5      3.00      0.00 34566360  113132   0.35      0.00      0.00      0.00       0  github-desktop
15:11:10     1000     32140    1.00    1.00    0.00    0.00    2.00     2      0.00      0.00 11729028  752312   2.31      0.00      0.00      0.00       0  com.alibabainc.
15:11:10     1000     45971    0.00    0.00    0.00    0.00    0.00    15      4.00      0.00 50049280  218684   0.67      0.00      0.00      0.00       0  com.alibabainc.
15:11:10        0    332726    0.00    0.00    0.00    0.00    0.00     4      2.00      0.00  361696  237184   0.73     -1.00     -1.00     -1.00       0  systemd-journal
15:11:10     1000    425666    0.00    0.00    0.00    0.00    0.00     2      1.00      0.00 50028472  261464   0.80      0.00      0.00      0.00       0  com.alibabainc.
15:11:10     1000    516139    1.00    0.00    0.00    0.00    1.00     7      3.00      0.00 5453760   36840   0.11      0.00      0.00      0.00       0  clash
15:11:10     1000    577014    2.00    0.00    0.00    0.00    2.00     2     10.00      0.00 1521086700  395212   1.21      0.00      0.00      0.00       0  code
15:11:10     1000    577063    6.00    2.00    0.00    0.00    8.00     9     13.00      0.00 51396044  245728   0.75      0.00      0.00      0.00       0  code
15:11:10     1000    577067    1.00    0.00    0.00    0.00    1.00     9      8.00      0.00 50711564   88336   0.27      0.00      0.00      0.00       0  code
15:11:10     1000    577160    2.00    0.00    0.00    0.00    2.00     5      0.00      0.00 1518795316  680456   2.09      0.00      0.00      0.00       0  code
15:11:10     1000    577170    0.00    0.00    0.00    0.00    0.00    14      1.00      0.00 1520378324  115388   0.35      0.00      0.00      0.00       0  code
15:11:10     1000    577171    0.00    0.00    0.00    0.00    0.00    11     18.00      0.00 1520352992  124704   0.38      0.00      0.00      0.00       0  code
15:11:10     1000    853053   12.00    2.00    0.00    0.00   14.00     6   1311.00      0.00 55941824  490748   1.51      0.00      8.00      0.00       0  chrome
15:11:10     1000    853103   12.00    2.00    0.00    1.00   14.00    14    796.00      0.00 55865896  303556   0.93      0.00      0.00      0.00       0  chrome
15:11:10     1000    853105    0.00    0.00    0.00    0.00    0.00     8     10.00      0.00 55066488   91912   0.28      0.00     12.00      0.00       0  chrome
15:11:10     1000    853144    0.00    0.00    0.00    0.00    0.00    13    104.00      0.00 1518750072  118064   0.36      0.00      0.00      0.00       0  chrome
15:11:10     1000    880405    6.00    0.00    0.00    0.00    6.00     8   2885.00      0.00 1518891448  330056   1.01      0.00      0.00      0.00       0  chrome
15:11:10     1000    881919    0.00    1.00    0.00    0.00    1.00     0      0.00      0.00 1518709608   96768   0.30      0.00      0.00      0.00       0  chrome
15:11:10     1000    882233    8.00    1.00    0.00    0.00    9.00     3   2199.00      1.00 1518829448  207988   0.64   2716.00      0.00      0.00       0  chrome
15:11:10     1000    885261    0.00    0.00    0.00    0.00    0.00     2      8.00      0.00 1518767504  322296   0.99      0.00      0.00      0.00       0  code
15:11:10     1000    888088   16.00    1.00    0.00    0.00   17.00     6   4757.00      1.00 1522741208  275148   0.84     32.00      0.00      0.00       0  chrome
15:11:10     1000    888233    0.00    0.00    0.00    0.00    0.00     6      0.00      0.00 1754848  368608   1.13      0.00      0.00      0.00       0  gnome-system-mo
15:11:10     1000    910028    1.00    0.00    0.00    0.00    1.00     5     26.00      0.00 1524768228  398668   1.22      0.00      0.00      0.00       0  chrome
15:11:10     1000    910063    0.00    0.00    0.00    0.00    0.00     1      1.00      0.00 1518709612  117800   0.36      0.00      0.00      0.00       0  chrome
15:11:10        0   1049858    0.00    2.00    0.00    0.00    2.00     0      0.00      0.00       0       0   0.00     -1.00     -1.00     -1.00       0  kworker/u64:9-events_unbound
15:11:10     1000   1074681    0.00    0.00    0.00    0.00    0.00    10     16.00      0.00 1520363292  312200   0.96      0.00      0.00      0.00       0  code
15:11:10     1000   1074725    0.00    0.00    0.00    0.00    0.00    13      8.00      0.00  743228  182184   0.56      0.00      0.00      0.00       0  codex
15:11:10     1000   1075226    2.00    0.00    0.00    0.00    2.00     1     24.00      0.00 1518713316  410536   1.26      0.00      0.00      0.00       0  code
15:11:10        0   1106397    0.00    1.00    0.00    0.00    1.00    15      0.00      0.00       0       0   0.00     -1.00     -1.00     -1.00       0  kworker/u65:2-i915_flip
15:11:10     1000   1108784    0.00    0.00    0.00    0.00    0.00    14     56.00      0.00   10592    3692   0.01      0.00      0.00      0.00       0  bash
15:11:10     1000   1109016    4.00    1.00    0.00    0.00    5.00     1      0.00      0.00  900112   35996   0.11      0.00      0.00      0.00       0  real_go2_input_
15:11:10     1000   1109017   12.00    1.00    0.00    0.00   13.00     4      0.00      0.00  888056   78056   0.24      0.00      0.00      0.00       0  python3
15:11:10     1000   1109018   39.00    0.00    0.00    0.00   39.00     7      0.00      0.00 1139124  291168   0.89      0.00      4.00      0.00       0  scan_planner_no
15:11:10     1000   1109019    3.00    1.00    0.00    0.00    4.00     0      0.00      0.00  751036   32324   0.10      0.00      0.00      0.00       0  closed_loop_con
15:11:10     1000   1109020    4.00    0.00    0.00    0.00    4.00     1      0.00      0.00  750792   31236   0.10      0.00      0.00      0.00       0  cmd_vel_safety_
15:11:10     1000   1109021   15.00    1.00    0.00    0.00   16.00     0      0.00      0.00  884000   72960   0.22      0.00    116.00      0.00       0  telemetry_recor
15:11:10     1000   1109177    0.00    1.00    0.00    0.00    1.00     4      0.00      0.00   12840    5940   0.02      0.00      8.00      0.00       0  pidstat
15:11:10     1000   1109178    2.00    1.00    0.00    0.00    3.00     4      0.00      0.00 1101620  112820   0.35      0.00      0.00      0.00       0  ros2
15:11:10     1000   1109507    0.00    0.00    0.00    0.00    0.00    15    104.00      0.00    8868    1920   0.01      0.00      0.00      0.00       0  sleep

# Time        UID       PID    %usr %system  %guest   %wait    %CPU   CPU  minflt/s  majflt/s     VSZ     RSS   %MEM   kB_rd/s   kB_wr/s kB_ccwr/s iodelay  Command
15:11:11        0         1    0.00    0.00    0.00    0.00    0.00     2     10.00      0.00   23564   14152   0.04     -1.00     -1.00     -1.00       0  systemd
15:11:11        0       676    0.00    1.00    0.00    0.00    1.00     1      0.00      0.00       0       0   0.00     -1.00     -1.00     -1.00       0  irq/163-rtw89_pci
15:11:11        0      1071    1.00    0.00    0.00    0.00    1.00    10      0.00      0.00   15268    7648   0.02     -1.00     -1.00     -1.00       0  bluetoothd
15:11:11     1000      2324   19.00    3.00    0.00    0.00   22.00     2     13.00      0.00 5557228  381492   1.17      0.00      0.00      0.00       0  gnome-shell
15:11:11     1000      2622    5.00    2.00    0.00    0.00    7.00    10      0.00      0.00 5685392  233232   0.72      0.00      0.00      0.00       0  ToDesk
15:11:11        0      3243    0.00    1.00    0.00    0.00    1.00    15      0.00      0.00 2778564   68480   0.21     -1.00     -1.00     -1.00       0  ToDesk_Service
15:11:11     1000     32140    1.00    1.00    0.00    0.00    2.00     6      0.00      0.00 11729028  752312   2.31      0.00      0.00      0.00       0  com.alibabainc.
15:11:11     1000     45971    0.00    0.00    0.00    0.00    0.00    13      3.00      0.00 50049280  218684   0.67      0.00      0.00      0.00       0  com.alibabainc.
15:11:11        0    332726    0.00    0.00    0.00    0.00    0.00     4      1.00      0.00  361696  237184   0.73     -1.00     -1.00     -1.00       0  systemd-journal
15:11:11     1000    577014    1.00    1.00    0.00    0.00    2.00    13      1.00      0.00 1521086700  395212   1.21      0.00      0.00      0.00       0  code
15:11:11     1000    577063    5.00    1.00    0.00    0.00    6.00    10      0.00      0.00 51394980  245728   0.75      0.00      0.00      0.00       0  code
15:11:11     1000    577067    0.00    0.00    0.00    0.00    0.00     9      4.00      0.00 50711564   88336   0.27      0.00      0.00      0.00       0  code
15:11:11     1000    577107    1.00    0.00    0.00    0.00    1.00    12      0.00      0.00 1522727200  595872   1.83      0.00      0.00      0.00       0  code
15:11:11     1000    577160    1.00    0.00    0.00    0.00    1.00     9      0.00      0.00 1518795316  680456   2.09      0.00      0.00      0.00       0  code
15:11:11     1000    577171    0.00    0.00    0.00    0.00    0.00     6      4.00      0.00 1520352992  124704   0.38      0.00      0.00      0.00       0  code
15:11:11     1000    577241    0.00    0.00    0.00    0.00    0.00    13      1.00      0.00  673380  181896   0.56      0.00      0.00      0.00       0  codex
15:11:11     1000    853053   11.00    2.00    0.00    0.00   13.00    10     73.00      0.00 55950268  490748   1.51      0.00     20.00      0.00       0  chrome
15:11:11     1000    853103   11.00    3.00    0.00    0.00   14.00     3    798.00      0.00 55892416  314868   0.97      0.00      0.00      0.00       0  chrome
15:11:11     1000    853105    2.00    0.00    0.00    0.00    2.00     8    121.00      0.00 55066488   92168   0.28     32.00     28.00      0.00       0  chrome
15:11:11     1000    853115    0.00    0.00    0.00    0.00    0.00     0      5.00      0.00 55301888   57380   0.18      0.00      0.00      0.00       0  chrome
15:11:11     1000    880405   22.00    4.00    0.00    0.00   26.00     6  17145.00      3.00 1518912052  378112   1.16    184.00      0.00      0.00       0  chrome
15:11:11     1000    881919    0.00    0.00    0.00    0.00    0.00     2      6.00      0.00 1518709608   96896   0.30      0.00      0.00      0.00       0  chrome
15:11:11     1000    881951    0.00    0.00    0.00    0.00    0.00    10      1.00      0.00 55035016   60768   0.19      0.00      0.00      0.00       0  chrome
15:11:11     1000    885261    0.00    0.00    0.00    0.00    0.00     8      9.00      0.00 1518767504  322296   0.99      0.00      0.00      0.00       0  code
15:11:11     1000    888233    0.00    1.00    0.00    0.00    1.00     6      0.00      0.00 1754848  368608   1.13      0.00      0.00      0.00       0  gnome-system-mo
15:11:11     1000    910028    1.00    0.00    0.00    0.00    1.00    13     13.00      0.00 1524768228  398668   1.22      0.00      0.00      0.00       0  chrome
15:11:11        0   1049858    0.00    1.00    0.00    0.00    1.00     8      0.00      0.00       0       0   0.00     -1.00     -1.00     -1.00       0  kworker/u64:9-events_unbound
15:11:11     1000   1074681    1.00    0.00    0.00    0.00    1.00     2      0.00      0.00 1520363292  312200   0.96      0.00      0.00      0.00       0  code
15:11:11     1000   1074725    0.00    0.00    0.00    0.00    0.00    13    421.00      0.00  743228  182184   0.56      0.00   1016.00    104.00       0  codex
15:11:11     1000   1075226    2.00    1.00    0.00    0.00    3.00     5    166.00      0.00 1518713316  410764   1.26      0.00      0.00      0.00       0  code
15:11:11        0   1106397    0.00    1.00    0.00    0.00    1.00    15      0.00      0.00       0       0   0.00     -1.00     -1.00     -1.00       0  kworker/u65:2-i915_flip
15:11:11     1000   1109016    4.00    1.00    0.00    0.00    5.00    14      0.00      0.00  900112   35996   0.11      0.00      0.00      0.00       0  real_go2_input_
15:11:11     1000   1109017   12.00    0.00    0.00    0.00   12.00     5      0.00      0.00  888056   78056   0.24      0.00      0.00      0.00       0  python3
15:11:11     1000   1109018   41.00    1.00    0.00    0.00   42.00     7      0.00      0.00 1139124  291168   0.89      0.00      0.00      0.00       0  scan_planner_no
15:11:11     1000   1109019    3.00    0.00    0.00    0.00    3.00     8      0.00      0.00  751036   32324   0.10      0.00      0.00      0.00       0  closed_loop_con
15:11:11     1000   1109020    3.00    1.00    0.00    0.00    4.00    15      0.00      0.00  750792   31236   0.10      0.00      0.00      0.00       0  cmd_vel_safety_
15:11:11     1000   1109021   15.00    1.00    0.00    0.00   16.00     9      0.00      0.00  884000   72960   0.22      0.00    120.00      0.00       0  telemetry_recor
15:11:11     1000   1109177    1.00    0.00    0.00    0.00    1.00     5      0.00      0.00   12840    5940   0.02      0.00      8.00      0.00       0  pidstat
15:11:11     1000   1109178    2.00    1.00    0.00    0.00    3.00     4      0.00      0.00 1101620  112820   0.35      0.00      0.00      0.00       0  ros2

# Time        UID       PID    %usr %system  %guest   %wait    %CPU   CPU  minflt/s  majflt/s     VSZ     RSS   %MEM   kB_rd/s   kB_wr/s kB_ccwr/s iodelay  Command
15:11:12        0        15    0.00    1.00    0.00    0.00    1.00     4      0.00      0.00       0       0   0.00     -1.00     -1.00     -1.00       0  rcu_preempt
15:11:12        0       676    0.00    3.00    0.00    0.00    3.00     1      0.00      0.00       0       0   0.00     -1.00     -1.00     -1.00       0  irq/163-rtw89_pci
15:11:12     1000      2324    1.00    1.00    0.00    0.00    2.00     5      0.00      0.00 5557228  381492   1.17      0.00      0.00      0.00       0  gnome-shell
15:11:12     1000      2622    4.00    2.00    0.00    0.00    6.00    12      0.00      0.00 5685392  233232   0.72      0.00      0.00      0.00       0  ToDesk
15:11:12        0      3243    1.00    2.00    0.00    0.00    3.00     0      1.00      0.00 2778564   68480   0.21     -1.00     -1.00     -1.00       0  ToDesk_Service
15:11:12     1000     10268    0.00    0.00    0.00    0.00    0.00    14      2.00      0.00 33882424   63200   0.19      0.00      0.00      0.00       0  github-desktop
15:11:12     1000     32140    1.00    0.00    0.00    0.00    1.00    13      0.00      0.00 11729028  752312   2.31      0.00      0.00      0.00       0  com.alibabainc.
15:11:12     1000     45971    0.00    0.00    0.00    0.00    0.00    13      5.00      0.00 50049280  218684   0.67      0.00      0.00      0.00       0  com.alibabainc.
15:11:12     1000     46026    0.00    0.00    0.00    0.00    0.00     0      1.00      0.00 73748840  447852   1.37      0.00      0.00      0.00       0  com.alibabainc.
15:11:12        0    332726    0.00    0.00    0.00    0.00    0.00    13      2.00      0.00  361696  237184   0.73     -1.00     -1.00     -1.00       0  systemd-journal
15:11:12     1000    425666    0.00    0.00    0.00    0.00    0.00     2      1.00      0.00 50028472  261464   0.80      0.00      0.00      0.00       0  com.alibabainc.
15:11:12     1000    577014    1.00    1.00    0.00    0.00    2.00    10      6.00      0.00 1521086700  395212   1.21      0.00      0.00      0.00       0  code
15:11:12     1000    577063    5.00    1.00    0.00    0.00    6.00     5      5.00      0.00 51393820  245856   0.75      0.00      0.00      0.00       0  code
15:11:12     1000    577160    2.00    0.00    0.00    0.00    2.00    15    108.00      0.00 1518795316  680456   2.09      0.00      0.00      0.00       0  code
15:11:12     1000    577170    0.00    0.00    0.00    0.00    0.00    13     16.00      0.00 1520378324  115388   0.35      0.00      0.00      0.00       0  code
15:11:12     1000    577171    0.00    0.00    0.00    0.00    0.00     6     35.00      0.00 1520352992  124704   0.38      0.00      0.00      0.00       0  code
15:11:12     1000    577172    0.00    0.00    0.00    0.00    0.00     5      3.00      0.00 1520369816  113428   0.35      0.00      0.00      0.00       0  code
15:11:12     1000    577320    0.00    0.00    0.00    0.00    0.00     8     13.00      0.00 1520354644  108556   0.33      0.00      0.00      0.00       0  code
15:11:12     1000    578115    0.00    0.00    0.00    0.00    0.00    12      1.00      0.00 1518311084   83848   0.26      0.00      0.00      0.00       0  code
15:11:12     1000    853053    1.00    0.00    0.00    0.00    1.00    10    106.00      0.00 55947068  488496   1.50      0.00      0.00      0.00       0  chrome
15:11:12     1000    853103    1.00    0.00    0.00    0.00    1.00     8      1.00      0.00 55886080  311904   0.96      0.00      0.00      0.00       0  chrome
15:11:12     1000    853105    0.00    0.00    0.00    0.00    0.00     8     94.00      0.00 55066488   92144   0.28      4.00      0.00      0.00       0  chrome
15:11:12     1000    880405    2.00    1.00    0.00    0.00    3.00     6    289.00      0.00 1518908916  375788   1.15      4.00     16.00      0.00       0  chrome
15:11:12     1000    882233    0.00    0.00    0.00    0.00    0.00     3      2.00      0.00 1518829448  205964   0.63      0.00      0.00      0.00       0  chrome
15:11:12     1000    888088    0.00    0.00    0.00    0.00    0.00     8      0.00      0.00 1522741208  275020   0.84      0.00      0.00      0.00       0  chrome
15:11:12     1000    888233    2.00    0.00    0.00    0.00    2.00     8      3.00      0.00 1754344  368608   1.13      0.00      0.00      0.00       0  gnome-system-mo
15:11:12     1000   1073718    1.00    0.00    0.00    0.00    1.00    10      0.00      0.00  882600   74912   0.23      0.00      0.00      0.00       0  ros2
15:11:12     1000   1074666    0.00    0.00    0.00    0.00    0.00    10      4.00      0.00 1520369816  129956   0.40      0.00      0.00      0.00       0  code
15:11:12     1000   1074681    0.00    0.00    0.00    0.00    0.00     2      3.00      0.00 1520363292  311648   0.96      0.00      0.00      0.00       0  code
15:11:12     1000   1074725    0.00    0.00    0.00    0.00    0.00    13      1.00      0.00  743228  182184   0.56      0.00      0.00      0.00       0  codex
15:11:12     1000   1075226    2.00    0.00    0.00    0.00    2.00    13      0.00      0.00 1518713316  410764   1.26      0.00      0.00      0.00       0  code
15:11:12     1000   1109016    3.00    1.00    0.00    0.00    4.00    10      0.00      0.00  900112   35996   0.11      0.00      0.00      0.00       0  real_go2_input_
15:11:12     1000   1109017   12.00    1.00    0.00    0.00   13.00    12      0.00      0.00  888056   78056   0.24      0.00      0.00      0.00       0  python3
15:11:12     1000   1109018   39.00    0.00    0.00    0.00   39.00     7     58.00      0.00 1139124  291296   0.89      0.00      0.00      0.00       0  scan_planner_no
15:11:12     1000   1109019    2.00    1.00    0.00    0.00    3.00     4      0.00      0.00  751036   32324   0.10      0.00      0.00      0.00       0  closed_loop_con
15:11:12     1000   1109020    2.00    1.00    0.00    1.00    3.00    14      0.00      0.00  750792   31236   0.10      0.00      0.00      0.00       0  cmd_vel_safety_
15:11:12     1000   1109021   14.00    0.00    0.00    0.00   14.00     5      0.00      0.00  884000   72960   0.22      0.00    112.00      0.00       0  telemetry_recor
15:11:12     1000   1109177    0.00    1.00    0.00    0.00    1.00     4      0.00      0.00   12840    5940   0.02      0.00      4.00      0.00       0  pidstat
15:11:12     1000   1109178    2.00    2.00    0.00    0.00    4.00     2      0.00      0.00 1101620  112820   0.35      0.00      0.00      0.00       0  ros2

# Time        UID       PID    %usr %system  %guest   %wait    %CPU   CPU  minflt/s  majflt/s     VSZ     RSS   %MEM   kB_rd/s   kB_wr/s kB_ccwr/s iodelay  Command
15:11:13        0       676    0.00    3.00    0.00    0.00    3.00     1      0.00      0.00       0       0   0.00     -1.00     -1.00     -1.00       0  irq/163-rtw89_pci
15:11:13     1000      2324   15.00    3.00    0.00    0.00   18.00     2      6.00      0.00 5557228  381492   1.17      0.00      0.00      0.00       0  gnome-shell
15:11:13     1000      2622    6.00    1.00    0.00    0.00    7.00    11      0.00      0.00 5685392  233232   0.72      0.00      0.00      0.00       0  ToDesk
15:11:13        0      3243    1.00    1.00    0.00    0.00    2.00     0      0.00      0.00 2778564   68480   0.21     -1.00     -1.00     -1.00       0  ToDesk_Service
15:11:13     1000      4056    0.00    0.00    0.00    0.00    0.00    12      1.00      0.00  896292  154828   0.48      0.00      0.00      0.00       0  x-terminal-emul
15:11:13     1000     32140    2.00    0.00    0.00    0.00    2.00     6      0.00      0.00 11729028  752312   2.31      0.00      0.00      0.00       0  com.alibabainc.
15:11:13     1000     45971    0.00    0.00    0.00    0.00    0.00     0      5.00      0.00 50049280  218684   0.67      0.00      0.00      0.00       0  com.alibabainc.
15:11:13        0    332726    0.00    0.00    0.00    0.00    0.00     4      2.00      0.00  361696  237184   0.73     -1.00     -1.00     -1.00       0  systemd-journal
15:11:13     1000    425666    1.00    0.00    0.00    0.00    1.00     1      1.00      0.00 50028472  261464   0.80      0.00      0.00      0.00       0  com.alibabainc.
15:11:13     1000    425773    0.00    1.00    0.00    0.00    1.00     8      0.00      0.00 50014516  390508   1.20      0.00      0.00      0.00       0  com.alibabainc.
15:11:13     1000    516139    1.00    0.00    0.00    0.00    1.00    14      0.00      0.00 5453760   36840   0.11      0.00      0.00      0.00       0  clash
15:11:13     1000    577014    1.00    0.00    0.00    0.00    1.00     6      0.00      0.00 1521086700  395212   1.21      0.00      0.00      0.00       0  code
15:11:13     1000    577063    6.00    1.00    0.00    0.00    7.00     5     73.00      0.00 51394396  245984   0.76      0.00      0.00      0.00       0  code
15:11:13     1000    577107    0.00    0.00    0.00    0.00    0.00    12      4.00      0.00 1522727200  595872   1.83      0.00      0.00      0.00       0  code
15:11:13     1000    577132    0.00    0.00    0.00    0.00    0.00     5     28.00      0.00 1520364784  379544   1.17      0.00      0.00      0.00       0  code
15:11:13     1000    577160    1.00    1.00    0.00    0.00    2.00    11      0.00      0.00 1518795316  680456   2.09      0.00      0.00      0.00       0  code
15:11:13     1000    577241    0.00    0.00    0.00    0.00    0.00    13      1.00      0.00  673380  181896   0.56      0.00      0.00      0.00       0  codex
15:11:13     1000    577320    0.00    0.00    0.00    0.00    0.00     6     13.00      0.00 1520354644  108556   0.33      0.00      0.00      0.00       0  code
15:11:13     1000    853053    4.00    1.00    0.00    0.00    5.00    14    136.00      0.00 55950204  488496   1.50      0.00   1248.00      0.00       0  chrome
15:11:13     1000    853103    5.00    1.00    0.00    0.00    6.00    10    177.00      0.00 55881544  312528   0.96      4.00      0.00      0.00       0  chrome
15:11:13     1000    853105    1.00    1.00    0.00    0.00    2.00     8    116.00      0.00 55066488   92656   0.28      4.00     48.00      0.00       0  chrome
15:11:13     1000    880405   13.00    1.00    0.00    0.00   14.00    13   1878.00      0.00 1518911156  380040   1.17      0.00      0.00      0.00       0  chrome
15:11:13     1000    885261    0.00    0.00    0.00    0.00    0.00    13     20.00      0.00 1518767504  322424   0.99      0.00      0.00      0.00       0  code
15:11:13     1000    888088    0.00    0.00    0.00    0.00    0.00     8      0.00      0.00 1522741208  274712   0.84      0.00      0.00      0.00       0  chrome
15:11:13     1000    888233    0.00    1.00    0.00    0.00    1.00     6      0.00      0.00 1754344  368608   1.13      0.00      0.00      0.00       0  gnome-system-mo
15:11:13     1000    910028    0.00    0.00    0.00    0.00    0.00    13      0.00      0.00 1524768228  398380   1.22      0.00      0.00      0.00       0  chrome
15:11:13        0   1049858    0.00    1.00    0.00    0.00    1.00    14      0.00      0.00       0       0   0.00     -1.00     -1.00     -1.00       0  kworker/u64:9-i915
15:11:13     1000   1074681    0.00    0.00    0.00    0.00    0.00    14     73.00      0.00 1520363292  311648   0.96      0.00      4.00      0.00       0  code
15:11:13     1000   1074725    2.00    0.00    0.00    0.00    2.00    13    483.00      0.00  743228  182184   0.56      0.00     72.00      0.00       0  codex
15:11:13     1000   1075226    2.00    0.00    0.00    0.00    2.00     2     70.00      0.00 1518713316  409384   1.26      0.00      0.00      0.00       0  code
15:11:13        0   1097682    0.00    1.00    0.00    0.00    1.00     7      0.00      0.00       0       0   0.00     -1.00     -1.00     -1.00       0  kworker/u65:3-i915_flip
15:11:13        0   1101398    0.00    1.00    0.00    0.00    1.00     5      0.00      0.00       0       0   0.00     -1.00     -1.00     -1.00       0  kworker/u64:0-ext4-rsv-conversion
15:11:13     1000   1109016    4.00    1.00    0.00    0.00    5.00     9      0.00      0.00  900112   35996   0.11      0.00      0.00      0.00       0  real_go2_input_
15:11:13     1000   1109017   11.00    1.00    0.00    0.00   12.00     5      0.00      0.00  888056   78056   0.24      0.00      0.00      0.00       0  python3
15:11:13     1000   1109018   45.00    1.00    0.00    0.00   46.00     7      0.00      0.00 1139124  291296   0.89      0.00      0.00      0.00       0  scan_planner_no
15:11:13     1000   1109019    2.00    0.00    0.00    0.00    2.00    14      0.00      0.00  751036   32324   0.10      0.00      0.00      0.00       0  closed_loop_con
15:11:13     1000   1109020    2.00    2.00    0.00    0.00    4.00    10      0.00      0.00  750792   31236   0.10      0.00      0.00      0.00       0  cmd_vel_safety_
15:11:13     1000   1109021   14.00    1.00    0.00    0.00   15.00     8      0.00      0.00  884000   72960   0.22      0.00    120.00      0.00       0  telemetry_recor
15:11:13     1000   1109177    0.00    0.00    0.00    0.00    0.00     4      0.00      0.00   12840    5940   0.02      0.00      8.00      0.00       0  pidstat
15:11:13     1000   1109178    2.00    0.00    0.00    0.00    2.00     8      0.00      0.00 1101620  112820   0.35      0.00      0.00      0.00       0  ros2

# Time        UID       PID    %usr %system  %guest   %wait    %CPU   CPU  minflt/s  majflt/s     VSZ     RSS   %MEM   kB_rd/s   kB_wr/s kB_ccwr/s iodelay  Command
15:11:14        0       676    0.00    1.00    0.00    0.00    1.00     1      0.00      0.00       0       0   0.00     -1.00     -1.00     -1.00       0  irq/163-rtw89_pci
15:11:14     1000      2075    0.00    0.00    0.00    0.00    0.00     6      6.00      0.00  120384   16796   0.05      0.00      0.00      0.00       0  pipewire
15:11:14     1000      2079    1.00    0.00    0.00    0.00    1.00     7      0.00      0.00  407440   16568   0.05      0.00      0.00      0.00       0  wireplumber
15:11:14     1000      2081    1.00    1.00    0.00    0.00    2.00     8     22.00      0.00  160440   48336   0.15      0.00      0.00      0.00       0  pipewire-pulse
15:11:14     1000      2324   20.00    3.00    0.00    0.00   23.00     4    157.00      0.00 5557296  381620   1.17      0.00      0.00      0.00       0  gnome-shell
15:11:14     1000      2505    0.00    1.00    0.00    0.00    1.00     8      7.00      0.00  595016   26076   0.08      0.00      0.00      0.00       0  gsd-media-keys
15:11:14     1000      2622    5.00    2.00    0.00    0.00    7.00     7      0.00      0.00 5685392  233232   0.72      0.00      0.00      0.00       0  ToDesk
15:11:14        0      3243    1.00    2.00    0.00    0.00    3.00    10      0.00      0.00 2778564   68480   0.21     -1.00     -1.00     -1.00       0  ToDesk_Service
15:11:14     1000     10213    0.00    0.00    0.00    0.00    0.00     4      5.00      0.00 1212301312  153700   0.47      0.00      0.00      0.00       0  github-desktop
15:11:14     1000     10251    0.00    0.00    0.00    0.00    0.00     8      3.00      0.00 34566360  113132   0.35      0.00      0.00      0.00       0  github-desktop
15:11:14     1000     32140    1.00    1.00    0.00    0.00    2.00     4      0.00      0.00 11729028  752312   2.31      0.00      0.00      0.00       0  com.alibabainc.
15:11:14     1000     45971    0.00    0.00    0.00    0.00    0.00     8      5.00      0.00 50049280  218684   0.67      0.00      0.00      0.00       0  com.alibabainc.
15:11:14        0    332726    0.00    0.00    0.00    0.00    0.00     0      5.00      0.00  361696  237184   0.73     -1.00     -1.00     -1.00       0  systemd-journal
15:11:14     1000    516139    0.00    3.00    0.00    0.00    3.00     7      0.00      0.00 5453760   36840   0.11      0.00      0.00      0.00       0  clash
15:11:14     1000    577014    2.00    0.00    0.00    0.00    2.00    14     54.00      0.00 1521086700  395084   1.21      0.00      0.00      0.00       0  code
15:11:14     1000    577063    6.00    2.00    0.00    0.00    8.00    15     20.00      0.00 51394372  245984   0.76      0.00      0.00      0.00       0  code
15:11:14     1000    577160    2.00    0.00    0.00    0.00    2.00     5      0.00      0.00 1518795316  680456   2.09      0.00      0.00      0.00       0  code
15:11:14     1000    577241    1.00    0.00    0.00    0.00    1.00    13      2.00      0.00  673380  181896   0.56      0.00      0.00      0.00       0  codex
15:11:14     1000    853053   10.00    3.00    0.00    0.00   13.00     3   1391.00     15.00 55950204  492576   1.51    976.00    712.00      0.00       0  chrome
15:11:14     1000    853103   10.00    3.00    0.00    0.00   13.00     2   2097.00      0.00 55908820  314928   0.97     44.00      0.00      0.00       0  chrome
15:11:14     1000    853105    6.00    5.00    0.00    0.00   11.00     8   1050.00      1.00 55066744   93468   0.29    188.00   1612.00     24.00       0  chrome
15:11:14     1000    853115    0.00    0.00    0.00    0.00    0.00     0   1484.00      0.00 55301888   57496   0.18      0.00      0.00      0.00       0  chrome
15:11:14     1000    853144    0.00    0.00    0.00    0.00    0.00    13      2.00      0.00 1518750072  118064   0.36      0.00      0.00      0.00       0  chrome
15:11:14     1000    880405   67.00   11.00    0.00    0.00   78.00     6  41264.00      4.00 1518931424  508996   1.56     72.00      0.00      0.00       0  chrome
15:11:14     1000    881919    0.00    0.00    0.00    0.00    0.00     8      1.00      0.00 1518709608   96896   0.30      0.00      0.00      0.00       0  chrome
15:11:14     1000    881951    0.00    0.00    0.00    0.00    0.00     3     34.00      0.00 55100564   60768   0.19      0.00      0.00      0.00       0  chrome
15:11:14     1000    885261    1.00    0.00    0.00    0.00    1.00    12    186.00      0.00 1518767504  323064   0.99      0.00      0.00      0.00       0  code
15:11:14        0    940783    0.00    1.00    0.00    0.00    1.00    14      0.00      0.00       0       0   0.00     -1.00     -1.00     -1.00       0  kworker/14:1-events
15:11:14        0   1049858    0.00    1.00    0.00    0.00    1.00    11      0.00      0.00       0       0   0.00     -1.00     -1.00     -1.00       0  kworker/u64:9-i915
15:11:14     1000   1074681    0.00    0.00    0.00    0.00    0.00     8     78.00      0.00 1520363292  312032   0.96      0.00      0.00      0.00       0  code
15:11:14     1000   1074725    3.00    1.00    0.00    0.00    4.00    13   3918.00      0.00  743596  182332   0.56      0.00    148.00      0.00       0  codex
15:11:14     1000   1075226    4.00    1.00    0.00    0.00    5.00    15    149.00      0.00 1518713316  409640   1.26      0.00      0.00      0.00       0  code
15:11:14     1000   1076599    0.00    0.00    0.00    0.00    0.00     2    325.00      0.00 1450899656   20004   0.06      0.00      0.00      0.00       0  codex-code-mode
15:11:14     1000   1109012    0.00    0.00    0.00    0.00    0.00    12      0.00      0.00  204044   41564   0.13      0.00      8.00      0.00       0  ros2
15:11:14     1000   1109016    4.00    0.00    0.00    0.00    4.00    14      0.00      0.00  900112   35996   0.11      0.00      0.00      0.00       0  real_go2_input_
15:11:14     1000   1109017   13.00    0.00    0.00    0.00   13.00    11      0.00      0.00  888056   78056   0.24      0.00      0.00      0.00       0  python3
15:11:14     1000   1109018   55.00    0.00    0.00    0.00   55.00    13      0.00      0.00 1139124  291296   0.89      0.00      0.00      0.00       0  scan_planner_no
15:11:14     1000   1109019    3.00    1.00    0.00    0.00    4.00     8      2.00      0.00  751036   32324   0.10      0.00      0.00      0.00       0  closed_loop_con
15:11:14     1000   1109020    4.00    0.00    0.00    1.00    4.00     9      0.00      0.00  750792   31236   0.10      0.00      0.00      0.00       0  cmd_vel_safety_
15:11:14     1000   1109021   17.00    1.00    0.00    0.00   18.00     3      0.00      0.00  884000   72960   0.22      0.00    104.00      0.00       0  telemetry_recor
15:11:14     1000   1109177    0.00    1.00    0.00    0.00    1.00     5      0.00      0.00   12840    5940   0.02      0.00      8.00      0.00       0  pidstat
15:11:14     1000   1109178    3.00    1.00    0.00    0.00    4.00     8      0.00      0.00 1101620  112820   0.35      0.00      0.00      0.00       0  ros2

# Time        UID       PID    %usr %system  %guest   %wait    %CPU   CPU  minflt/s  majflt/s     VSZ     RSS   %MEM   kB_rd/s   kB_wr/s kB_ccwr/s iodelay  Command
15:11:15        0       676    0.00    1.00    0.00    0.00    1.00     1      0.00      0.00       0       0   0.00     -1.00     -1.00     -1.00       0  irq/163-rtw89_pci
15:11:15        0      1071    0.00    1.00    0.00    0.00    1.00     2      0.00      0.00   15268    7648   0.02     -1.00     -1.00     -1.00       0  bluetoothd
15:11:15      101      1072    1.00    0.00    0.00    0.00    1.00     9      0.00      0.00   12504    6632   0.02     -1.00     -1.00     -1.00       0  dbus-daemon
15:11:15      987      1079    0.00    0.00    0.00    0.00    0.00    14      1.00      0.00  393536   16000   0.05     -1.00     -1.00     -1.00       0  polkitd
15:11:15     1000      2075    0.00    1.00    0.00    0.00    1.00     6      0.00      0.00  120384   16796   0.05      0.00      0.00      0.00       0  pipewire
15:11:15     1000      2079    0.00    0.00    0.00    0.00    0.00     7      0.00      0.00  407440   16568   0.05      0.00      4.00      0.00       0  wireplumber
15:11:15     1000      2093    1.00    0.00    0.00    0.00    1.00    13      0.00      0.00   12216    8368   0.03      0.00      0.00      0.00       0  dbus-daemon
15:11:15     1000      2270    1.00    0.00    0.00    0.00    1.00    10      0.00      0.00  595264   17016   0.05      0.00      0.00      0.00       0  gnome-session-b
15:11:15     1000      2324   24.00    4.00    0.00    0.00   28.00     2     24.00      0.00 5557808  381620   1.17      0.00      0.00      0.00       0  gnome-shell
15:11:15     1000      2497    1.00    0.00    0.00    0.00    1.00    12      0.00      0.00  432200   11968   0.04      0.00      0.00      0.00       0  gsd-datetime
15:11:15     1000      2505    0.00    0.00    0.00    0.00    0.00    12      2.00      0.00  595016   26076   0.08      0.00      0.00      0.00       0  gsd-media-keys
15:11:15     1000      2622    6.00    2.00    0.00    0.00    8.00     8      0.00      0.00 5685392  233232   0.72      0.00      0.00      0.00       0  ToDesk
15:11:15     1000      2927    1.00    0.00    0.00    0.00    1.00    10      0.00      0.00  794924   76624   0.24      0.00      0.00      0.00       0  gsd-xsettings
15:11:15     1000      3107    0.00    1.00    0.00    0.00    1.00     4      0.00      0.00  419144   27144   0.08      0.00      0.00      0.00       0  xdg-desktop-por
15:11:15        0      3243    0.00    2.00    0.00    0.00    2.00     4      0.00      0.00 2778564   68480   0.21     -1.00     -1.00     -1.00       0  ToDesk_Service
15:11:15     1000     10213    0.00    0.00    0.00    0.00    0.00     4      3.00      0.00 1212301312  153700   0.47      0.00      0.00      0.00       0  github-desktop
15:11:15     1000     32140    1.00    0.00    0.00    0.00    1.00    14      0.00      0.00 11729028  752312   2.31      0.00      4.00      0.00       0  com.alibabainc.
15:11:15     1000     45971    1.00    0.00    0.00    0.00    1.00     4      4.00      0.00 50049280  218684   0.67      0.00      0.00      0.00       0  com.alibabainc.
15:11:15        0    332726    0.00    0.00    0.00    1.00    0.00     8      1.00      0.00  361696  237184   0.73     -1.00     -1.00     -1.00       0  systemd-journal
15:11:15     1000    425666    0.00    0.00    0.00    0.00    0.00     1      1.00      0.00 50028472  261464   0.80      0.00      0.00      0.00       0  com.alibabainc.
15:11:15     1000    516139    2.00    1.00    0.00    0.00    3.00     7      5.00      0.00 5453760   36840   0.11      0.00      0.00      0.00       0  clash
15:11:15     1000    577014    2.00    1.00    0.00    0.00    3.00    10     36.00      0.00 1521086700  395084   1.21      0.00      0.00      0.00       0  code
15:11:15     1000    577063    7.00    1.00    0.00    0.00    8.00     4      1.00      0.00 51393944  245984   0.76      0.00      0.00      0.00       0  code
15:11:15     1000    577067    0.00    1.00    0.00    0.00    1.00     9      2.00      0.00 50711564   88336   0.27      0.00      0.00      0.00       0  code
15:11:15     1000    577107    0.00    1.00    0.00    0.00    1.00     8    180.00      0.00 1520761120  593620   1.82      0.00      0.00      0.00       0  code
15:11:15     1000    577132    1.00    0.00    0.00    0.00    1.00     6      3.00      0.00 1520364784  379544   1.17      0.00      0.00      0.00       0  code
15:11:15     1000    577160    1.00    0.00    0.00    0.00    1.00     1      0.00      0.00 1518795316  680456   2.09      0.00      0.00      0.00       0  code
15:11:15     1000    577170    0.00    1.00    0.00    0.00    1.00     1      1.00      0.00 1520378324  115388   0.35      0.00      0.00      0.00       0  code
15:11:15     1000    577171    0.00    0.00    0.00    0.00    0.00     6      2.00      0.00 1520352992  124704   0.38      0.00      0.00      0.00       0  code
15:11:15     1000    577172    0.00    0.00    0.00    0.00    0.00     5      3.00      0.00 1520369816  113428   0.35      0.00      0.00      0.00       0  code
15:11:15     1000    577241    0.00    0.00    0.00    0.00    0.00    13      1.00      0.00  673380  181896   0.56      0.00      0.00      0.00       0  codex
15:11:15     1000    799234    1.00    0.00    0.00    1.00    1.00     1      0.00      0.00 2026456  190724   0.59      0.00      0.00      0.00       0  gnome-control-c
15:11:15     1000    853053   16.00    3.00    0.00    1.00   19.00    14   1329.00      2.00 55950204  493776   1.52    100.00     88.00      0.00       0  chrome
15:11:15     1000    853103   14.00    4.00    0.00    0.00   18.00    15   1146.00      0.00 55978044  339484   1.04      0.00      0.00      0.00       0  chrome
15:11:15     1000    853105    7.00    6.00    0.00    0.00   13.00     8   1200.00      0.00 55068792   94588   0.29    160.00   2760.00      8.00       0  chrome
15:11:15     1000    853115    0.00    0.00    0.00    0.00    0.00    13    101.00      0.00 55301888   57508   0.18      0.00    200.00      0.00       0  chrome
15:11:15     1000    880405   90.00    8.00    0.00    0.00   98.00    11  17535.00      0.00 1518941040  525668   1.61      8.00      0.00      0.00       0  chrome
15:11:15     1000    881919    0.00    0.00    0.00    0.00    0.00     8     10.00      0.00 1518709608   97024   0.30      0.00      0.00      0.00       0  chrome
15:11:15     1000    881951    0.00    1.00    0.00    0.00    1.00    15      1.00      0.00 55100564   60768   0.19      0.00      0.00      0.00       0  chrome
15:11:15     1000    882233    0.00    0.00    0.00    0.00    0.00     3      1.00      0.00 1518829448  205964   0.63      0.00      0.00      0.00       0  chrome
15:11:15     1000    885261    0.00    0.00    0.00    0.00    0.00    12     44.00      0.00 1518767504  323192   0.99      0.00      0.00      0.00       0  code
15:11:15     1000    888233    3.00    1.00    0.00    0.00    4.00     4      1.00      0.00 1754268  368608   1.13      0.00      0.00      0.00       0  gnome-system-mo
15:11:15     1000    913217    0.00    0.00    0.00    0.00    0.00    15      1.00      0.00 72299740  382432   1.17      0.00      0.00      0.00       0  com.alibabainc.
15:11:15        0   1049858    0.00    1.00    0.00    0.00    1.00     6      0.00      0.00       0       0   0.00     -1.00     -1.00     -1.00       0  kworker/u64:9-events_unbound
15:11:15     1000   1074666    0.00    0.00    0.00    0.00    0.00    10      3.00      0.00 1520369816  129956   0.40      0.00      0.00      0.00       0  code
15:11:15     1000   1074681    0.00    0.00    0.00    0.00    0.00     2      1.00      0.00 1520363292  312032   0.96      0.00      0.00      0.00       0  code
15:11:15     1000   1074725    1.00    1.00    0.00    0.00    2.00    13   1651.00      0.00  743624  182140   0.56      0.00    392.00    116.00       0  codex
15:11:15     1000   1075226    2.00    0.00    0.00    0.00    2.00     3      2.00      0.00 1518713316  409640   1.26      0.00      0.00      0.00       0  code
15:11:15     1000   1076599    0.00    0.00    0.00    0.00    0.00     6      0.00      0.00 1448930716   18912   0.06      0.00      0.00      0.00       0  codex-code-mode
15:11:15        0   1097682    0.00    1.00    0.00    0.00    1.00     0      0.00      0.00       0       0   0.00     -1.00     -1.00     -1.00       0  kworker/u65:3-i915_flip
15:11:15     1000   1108784    0.00    0.00    0.00    0.00    0.00     8     55.00      0.00   10592    3692   0.01      0.00      0.00      0.00       0  bash
15:11:15     1000   1109016    4.00    2.00    0.00    0.00    6.00    11      0.00      0.00  900112   35996   0.11      0.00      0.00      0.00       0  real_go2_input_
15:11:15     1000   1109017   15.00    1.00    0.00    0.00   16.00    15      0.00      0.00  888056   78056   0.24      0.00      0.00      0.00       0  python3
15:11:15     1000   1109018   65.00    1.00    0.00    0.00   66.00     4      0.00      0.00 1139124  291296   0.89      0.00      0.00      0.00       0  scan_planner_no
15:11:15     1000   1109019    3.00    1.00    0.00    1.00    4.00     2      0.00      0.00  751036   32324   0.10      0.00      0.00      0.00       0  closed_loop_con
15:11:15     1000   1109020    3.00    1.00    0.00    0.00    4.00     7      0.00      0.00  750792   31236   0.10      0.00      0.00      0.00       0  cmd_vel_safety_
15:11:15     1000   1109021   20.00    0.00    0.00    0.00   20.00     8      0.00      0.00  884000   72960   0.22      0.00    112.00      0.00       0  telemetry_recor
15:11:15     1000   1109177    0.00    1.00    0.00    0.00    1.00     5      0.00      0.00   12840    5940   0.02      0.00      4.00      0.00       0  pidstat
15:11:15     1000   1109178    2.00    1.00    0.00    0.00    3.00     6      0.00      0.00 1101620  112820   0.35      0.00      0.00      0.00       0  ros2
15:11:15     1000   1109673    0.00    0.00    0.00    0.00    0.00    10    105.00      0.00    8868    1792   0.01      0.00      0.00      0.00       0  sleep

# Time        UID       PID    %usr %system  %guest   %wait    %CPU   CPU  minflt/s  majflt/s     VSZ     RSS   %MEM   kB_rd/s   kB_wr/s kB_ccwr/s iodelay  Command
15:11:16        0        15    0.00    1.00    0.00    0.00    1.00     6      0.00      0.00       0       0   0.00     -1.00     -1.00     -1.00       0  rcu_preempt
15:11:16     1000      2324   12.00    2.00    0.00    0.00   14.00     6      0.00      0.00 5557232  381620   1.17      0.00      0.00      0.00       0  gnome-shell
15:11:16     1000      2622    6.00    1.00    0.00    1.00    7.00    10      0.00      0.00 5685392  233232   0.72      0.00      0.00      0.00       0  ToDesk
15:11:16        0      3243    0.00    1.00    0.00    0.00    1.00     4      0.00      0.00 2778564   68480   0.21     -1.00     -1.00     -1.00       0  ToDesk_Service
15:11:16     1000     10268    0.00    0.00    0.00    0.00    0.00    14      2.00      0.00 33882424   63200   0.19      0.00      0.00      0.00       0  github-desktop
15:11:16     1000     32140    1.00    1.00    0.00    0.00    2.00    10      0.00      0.00 11729028  752312   2.31      0.00      0.00      0.00       0  com.alibabainc.
15:11:16     1000     45971    0.00    0.00    0.00    0.00    0.00     8      5.00      0.00 50049280  218684   0.67      0.00      0.00      0.00       0  com.alibabainc.
15:11:16        0    332726    0.00    0.00    0.00    0.00    0.00     8      1.00      0.00  361696  237184   0.73     -1.00     -1.00     -1.00       0  systemd-journal
15:11:16     1000    425666    0.00    0.00    0.00    0.00    0.00     1      1.00      0.00 50028472  261464   0.80      0.00      0.00      0.00       0  com.alibabainc.
15:11:16     1000    425773    0.00    0.00    0.00    0.00    0.00    15      1.00      0.00 50014516  390636   1.20      0.00      0.00      0.00       0  com.alibabainc.
15:11:16     1000    516139    0.00    1.00    0.00    0.00    1.00     7     27.00      0.00 5453760   36968   0.11      0.00      0.00      0.00       0  clash
15:11:16     1000    577014    2.00    0.00    0.00    0.00    2.00     1      0.00      0.00 1521086700  395084   1.21      0.00      0.00      0.00       0  code
15:11:16     1000    577063    6.00    1.00    0.00    0.00    7.00    14      0.00      0.00 51393872  245984   0.76      0.00      0.00      0.00       0  code
15:11:16     1000    577107    0.00    0.00    0.00    0.00    0.00    12    635.00      0.00 1520761120  595668   1.83      0.00      0.00      0.00       0  code
15:11:16     1000    577132    0.00    0.00    0.00    0.00    0.00     6    260.00      0.00 1520364784  380440   1.17      0.00      0.00      0.00       0  code
15:11:16     1000    577160    2.00    0.00    0.00    0.00    2.00    11    108.00      0.00 1518795316  680456   2.09      0.00      0.00      0.00       0  code
15:11:16     1000    577170    0.00    0.00    0.00    0.00    0.00     2      5.00      0.00 1520378324  115388   0.35      0.00      0.00      0.00       0  code
15:11:16     1000    577171    0.00    0.00    0.00    0.00    0.00     6     37.00      0.00 1520352992  124704   0.38      0.00      0.00      0.00       0  code
15:11:16     1000    577172    0.00    0.00    0.00    0.00    0.00     5      2.00      0.00 1520369816  113428   0.35      0.00      0.00      0.00       0  code
15:11:16     1000    577320    0.00    0.00    0.00    0.00    0.00     6     13.00      0.00 1520354644  108556   0.33      0.00      0.00      0.00       0  code
15:11:16     1000    853053    1.00    2.00    0.00    0.00    3.00    10     48.00      0.00 55950204  492228   1.51      0.00      0.00    204.00       0  chrome
15:11:16     1000    853103    6.00    2.00    0.00    0.00    8.00     8     71.00      0.00 56039548  339048   1.04      0.00      0.00      0.00       0  chrome
15:11:16     1000    853105    1.00    1.00    0.00    0.00    2.00    12    242.00      0.00 55066744   93152   0.29      0.00    700.00      0.00       0  chrome
15:11:16     1000    853115    0.00    0.00    0.00    0.00    0.00    15    191.00      0.00 55301888   57460   0.18      0.00     64.00      0.00       0  chrome
15:11:16     1000    880405   22.00    4.00    0.00    0.00   26.00     3   2644.00      0.00 1518938992  531652   1.63     16.00     92.00      0.00       0  chrome
15:11:16     1000    881251    0.00    0.00    0.00    0.00    0.00    13      1.00      0.00 72661500  494720   1.52      0.00      0.00      0.00       0  com.alibabainc.
15:11:16     1000    888088    0.00    0.00    0.00    0.00    0.00     0    106.00      0.00 1522741208  273492   0.84      0.00      0.00      0.00       0  chrome
15:11:16     1000    910028    0.00    0.00    0.00    0.00    0.00     1    444.00      0.00 1524768228  400044   1.23      0.00      0.00      0.00       0  chrome
15:11:16     1000   1074666    0.00    0.00    0.00    0.00    0.00    10      3.00      0.00 1520369816  129956   0.40      0.00      0.00      0.00       0  code
15:11:16     1000   1074681    0.00    0.00    0.00    0.00    0.00     6      4.00      0.00 1520363292  311476   0.96      0.00      0.00      0.00       0  code
15:11:16     1000   1074725    1.00    0.00    0.00    0.00    1.00    13     42.00      0.00  743624  182140   0.56      0.00      0.00      0.00       0  codex
15:11:16     1000   1075226   26.00    2.00    0.00    1.00   28.00    11   2228.00      0.00 1518713316  330084   1.01      0.00      0.00      0.00       0  code
15:11:16        0   1101398    0.00    1.00    0.00    0.00    1.00     0      0.00      0.00       0       0   0.00     -1.00     -1.00     -1.00       0  kworker/u64:0-i915
15:11:16     1000   1109016    4.00    1.00    0.00    0.00    5.00     2      0.00      0.00  900112   35996   0.11      0.00      0.00      0.00       0  real_go2_input_
15:11:16     1000   1109017   13.00    0.00    0.00    0.00   13.00    15      0.00      0.00  888056   78056   0.24      0.00      0.00      0.00       0  python3
15:11:16     1000   1109018   49.00    1.00    0.00    1.00   50.00     1      0.00      0.00 1139124  291296   0.89      0.00      0.00      0.00       0  scan_planner_no
15:11:16     1000   1109019    2.00    1.00    0.00    0.00    3.00     6      0.00      0.00  751036   32324   0.10      0.00      0.00      0.00       0  closed_loop_con
15:11:16     1000   1109020    3.00    1.00    0.00    0.00    4.00    11      0.00      0.00  750792   31236   0.10      0.00      0.00      0.00       0  cmd_vel_safety_
15:11:16     1000   1109021   15.00    1.00    0.00    1.00   16.00     0      0.00      0.00  884000   72960   0.22      0.00    112.00      0.00       0  telemetry_recor
15:11:16     1000   1109177    1.00    1.00    0.00    0.00    2.00     5      0.00      0.00   12840    5940   0.02      0.00     12.00      0.00       0  pidstat
15:11:16     1000   1109178    2.00    1.00    0.00    0.00    3.00     8      0.00      0.00 1101620  112820   0.35      0.00      0.00      0.00       0  ros2

# Time        UID       PID    %usr %system  %guest   %wait    %CPU   CPU  minflt/s  majflt/s     VSZ     RSS   %MEM   kB_rd/s   kB_wr/s kB_ccwr/s iodelay  Command
15:11:17        0        66    0.00    1.00    0.00    0.00    1.00    14      0.00      0.00       0       0   0.00     -1.00     -1.00     -1.00       0  migration/14
15:11:17        0      1370    1.00    0.00    0.00    0.00    1.00    13      0.00      0.00 2606064   21460   0.07     -1.00     -1.00     -1.00       0  containerd
15:11:17     1000      2075    1.00    0.00    0.00    0.00    1.00     6      0.00      0.00  120384   16796   0.05      0.00      0.00      0.00       0  pipewire
15:11:17     1000      2081    1.00    0.00    0.00    0.00    1.00     6      0.00      0.00  160440   48336   0.15      0.00      0.00      0.00       0  pipewire-pulse
15:11:17     1000      2324   13.00    3.00    0.00    0.00   16.00     3      1.00      0.00 5557284  381620   1.17      0.00      0.00      0.00       0  gnome-shell
15:11:17     1000      2622    5.00    2.00    0.00    0.00    7.00     8      0.00      0.00 5685392  233232   0.72      0.00      0.00      0.00       0  ToDesk
15:11:17        0      3243    1.00    2.00    0.00    0.00    3.00     8      0.00      0.00 2778564   68480   0.21     -1.00     -1.00     -1.00       0  ToDesk_Service
15:11:17     1000     32140    1.00    1.00    0.00    0.00    2.00    10      0.00      0.00 11729028  752312   2.31      0.00      0.00      0.00       0  com.alibabainc.
15:11:17     1000     45971    0.00    0.00    0.00    0.00    0.00    10      6.00      0.00 50049280  218684   0.67      0.00      0.00      0.00       0  com.alibabainc.
15:11:17     1000     46026    0.00    0.00    0.00    0.00    0.00     0      1.00      0.00 73748840  447852   1.37      0.00      0.00      0.00       0  com.alibabainc.
15:11:17     1000     52294    0.00    0.00    0.00    0.00    0.00    15      3.00      0.00 53387424  465124   1.43      0.00      0.00      0.00       0  com.alibabainc.
15:11:17        0    332726    0.00    0.00    0.00    0.00    0.00     8      2.00      0.00  361696  237184   0.73     -1.00     -1.00     -1.00       0  systemd-journal
15:11:17     1000    425666    0.00    0.00    0.00    0.00    0.00     4      1.00      0.00 50028472  261464   0.80      0.00      0.00      0.00       0  com.alibabainc.
15:11:17     1000    426077    1.00    0.00    0.00    0.00    1.00    15      0.00      0.00 50132492  528136   1.62      0.00      0.00      0.00       0  com.alibabainc.
15:11:17     1000    577014    1.00    2.00    0.00    0.00    3.00     2      6.00      0.00 1521086700  395084   1.21      0.00      0.00      0.00       0  code
15:11:17     1000    577063    6.00    2.00    0.00    0.00    8.00     0     66.00      0.00 51393336  245944   0.75      0.00      0.00      0.00       0  code
15:11:17     1000    577107    0.00    0.00    0.00    0.00    0.00    12      7.00      0.00 1520761120  595668   1.83      0.00      0.00      0.00       0  code
15:11:17     1000    577132    0.00    0.00    0.00    0.00    0.00     6     23.00      0.00 1520364784  380036   1.17      0.00      0.00      0.00       0  code
15:11:17     1000    577160    1.00    1.00    0.00    0.00    2.00    14     17.00      0.00 1518795316  679420   2.09      0.00      0.00      0.00       0  code
15:11:17     1000    577170    0.00    0.00    0.00    0.00    0.00     1     10.00      0.00 1520378324  115388   0.35      0.00      0.00      0.00       0  code
15:11:17     1000    577241    0.00    0.00    0.00    0.00    0.00    13      1.00      0.00  673380  181896   0.56      0.00      0.00      0.00       0  codex
15:11:17     1000    853053    2.00    1.00    0.00    0.00    3.00     6     77.00      0.00 55947068  492164   1.51      0.00      0.00      0.00       0  chrome
15:11:17     1000    853103    6.00    2.00    0.00    0.00    8.00    10    116.00      0.00 56092900  339096   1.04      0.00      0.00      0.00       0  chrome
15:11:17     1000    853105    1.00    1.00    0.00    0.00    2.00    12     52.00      0.00 55066744   93152   0.29     32.00      8.00      0.00       0  chrome
15:11:17     1000    880405   25.00    3.00    0.00    0.00   28.00     4    988.00      0.00 1518938992  532792   1.64      0.00      0.00      0.00       0  chrome
15:11:17     1000    881251    0.00    0.00    0.00    0.00    0.00     4      2.00      0.00 72661500  494848   1.52      0.00      0.00      0.00       0  com.alibabainc.
15:11:17     1000    881919    0.00    0.00    0.00    0.00    0.00     6      4.00      0.00 1518709608   97024   0.30      0.00      0.00      0.00       0  chrome
15:11:17     1000    881951    1.00    0.00    0.00    0.00    1.00    13      0.00      0.00 55100564   60768   0.19      0.00      0.00      0.00       0  chrome
15:11:17     1000    882233    0.00    0.00    0.00    0.00    0.00     4      1.00      0.00 1518829448  205964   0.63      0.00      0.00      0.00       0  chrome
15:11:17     1000    885261    1.00    0.00    0.00    0.00    1.00     1    255.00      0.00 1518767504  324088   0.99      0.00      0.00      0.00       0  code
15:11:17     1000    888088    0.00    0.00    0.00    0.00    0.00     0      1.00      0.00 1522741208  273492   0.84      0.00      0.00      0.00       0  chrome
15:11:17     1000    888233    1.00    0.00    0.00    0.00    1.00    13      0.00      0.00 1754268  368608   1.13      0.00      0.00      0.00       0  gnome-system-mo
15:11:17     1000    913217    0.00    0.00    0.00    0.00    0.00     2      2.00      0.00 72299740  382432   1.17      0.00      0.00      0.00       0  com.alibabainc.
15:11:17        0   1051464    0.00    1.00    0.00    0.00    1.00     6      0.00      0.00       0       0   0.00     -1.00     -1.00     -1.00       0  kworker/6:0-events
15:11:17     1000   1074681    2.00    1.00    0.00    0.00    3.00     4    389.00      0.00 1520363292  312184   0.96      0.00      0.00      0.00       0  code
15:11:17     1000   1074725    1.00    0.00    0.00    0.00    1.00    13    238.00      0.00  743880  182268   0.56      0.00    216.00     92.00       0  codex
15:11:17     1000   1075226   23.00    1.00    0.00    0.00   24.00    14   1039.00      0.00 1518713316  328056   1.01      0.00      0.00      0.00       0  code
15:11:17        0   1101398    0.00    1.00    0.00    0.00    1.00    10      0.00      0.00       0       0   0.00     -1.00     -1.00     -1.00       0  kworker/u64:0-i915
15:11:17     1000   1109016    3.00    1.00    0.00    0.00    4.00    13      0.00      0.00  900112   35996   0.11      0.00      0.00      0.00       0  real_go2_input_
15:11:17     1000   1109017   12.00    1.00    0.00    1.00   13.00    11      0.00      0.00  888056   78056   0.24      0.00      0.00      0.00       0  python3
15:11:17     1000   1109018   48.00    0.00    0.00    0.00   48.00     8      0.00      0.00 1139124  291296   0.89      0.00      0.00      0.00       0  scan_planner_no
15:11:17     1000   1109019    2.00    0.00    0.00    0.00    2.00    14      0.00      0.00  751036   32324   0.10      0.00      0.00      0.00       0  closed_loop_con
15:11:17     1000   1109020    3.00    1.00    0.00    0.00    4.00    10      0.00      0.00  750792   31236   0.10      0.00      0.00      0.00       0  cmd_vel_safety_
15:11:17     1000   1109021   15.00    0.00    0.00    0.00   15.00     1      0.00      0.00  884000   72960   0.22      0.00    112.00      0.00       0  telemetry_recor
15:11:17     1000   1109177    0.00    0.00    0.00    0.00    0.00     5      0.00      0.00   12840    5940   0.02      0.00      8.00      0.00       0  pidstat
15:11:17     1000   1109178    3.00    0.00    0.00    0.00    3.00     2      0.00      0.00 1101620  112820   0.35      0.00      0.00      0.00       0  ros2

# Time        UID       PID    %usr %system  %guest   %wait    %CPU   CPU  minflt/s  majflt/s     VSZ     RSS   %MEM   kB_rd/s   kB_wr/s kB_ccwr/s iodelay  Command
15:11:18        0       676    0.00    1.00    0.00    0.00    1.00     1      0.00      0.00       0       0   0.00     -1.00     -1.00     -1.00       0  irq/163-rtw89_pci
15:11:18     1000      2324   18.00    3.00    0.00    0.00   21.00     2      5.00      0.00 5557288  381620   1.17      0.00      0.00      0.00       0  gnome-shell
15:11:18     1000      2622    5.00    2.00    0.00    0.00    7.00    13      0.00      0.00 5685392  233232   0.72      0.00      0.00      0.00       0  ToDesk
15:11:18        0      3243    1.00    2.00    0.00    0.00    3.00     8      0.00      0.00 2778564   68480   0.21     -1.00     -1.00     -1.00       0  ToDesk_Service
15:11:18     1000     10213    0.00    0.00    0.00    0.00    0.00     0      4.00      0.00 1212301312  153700   0.47      0.00      0.00      0.00       0  github-desktop
15:11:18     1000     10251    1.00    0.00    0.00    0.00    1.00     5      3.00      0.00 34566360  113132   0.35      0.00      0.00      0.00       0  github-desktop
15:11:18     1000     32140    1.00    0.00    0.00    0.00    1.00    15      0.00      0.00 11729028  752312   2.31      0.00      0.00      0.00       0  com.alibabainc.
15:11:18     1000     45971    0.00    0.00    0.00    0.00    0.00    14      3.00      0.00 50049280  218684   0.67      0.00      0.00      0.00       0  com.alibabainc.
15:11:18        0    332726    0.00    0.00    0.00    0.00    0.00    15      2.00      0.00  361696  237184   0.73     -1.00     -1.00     -1.00       0  systemd-journal
15:11:18     1000    426077    0.00    0.00    0.00    0.00    0.00    14      1.00      0.00 50132492  528136   1.62      0.00      0.00      0.00       0  com.alibabainc.
15:11:18     1000    516139    0.00    1.00    0.00    0.00    1.00     7      1.00      0.00 5453760   36968   0.11      0.00      0.00      0.00       0  clash
15:11:18     1000    577014    1.00    0.00    0.00    0.00    1.00     8     14.00      0.00 1521086700  395084   1.21      0.00      0.00      0.00       0  code
15:11:18     1000    577063    6.00    1.00    0.00    0.00    7.00     4     12.00      0.00 51393848  246072   0.76      0.00      0.00      0.00       0  code
15:11:18     1000    577107    0.00    0.00    0.00    0.00    0.00    12      5.00      0.00 1520761120  595796   1.83      0.00      0.00      0.00       0  code
15:11:18     1000    577160    2.00    0.00    0.00    0.00    2.00    13      0.00      0.00 1518795316  679420   2.09      0.00      0.00      0.00       0  code
15:11:18     1000    577320    0.00    0.00    0.00    0.00    0.00     6     14.00      0.00 1520354644  108556   0.33      0.00      0.00      0.00       0  code
15:11:18     1000    853053    6.00    1.00    0.00    0.00    7.00     4    353.00      0.00 55947068  492800   1.51      0.00    200.00      0.00       0  chrome
15:11:18     1000    853103   11.00    3.00    0.00    0.00   14.00     8    120.00      0.00 56102356  339000   1.04      0.00      0.00      0.00       0  chrome
15:11:18     1000    853105    1.00    1.00    0.00    0.00    2.00    12     96.00      0.00 55066744   93408   0.29    292.00     36.00      0.00       0  chrome
15:11:18     1000    853115    0.00    0.00    0.00    0.00    0.00    15      0.00      0.00 55301888   57460   0.18      0.00      4.00      0.00       0  chrome
15:11:18     1000    880405   59.00    3.00    0.00    1.00   62.00     8   5001.00      0.00 1518941040  536364   1.65      4.00     24.00      0.00       0  chrome
15:11:18     1000    881919    0.00    0.00    0.00    0.00    0.00    12      3.00      0.00 1518709608   97024   0.30      0.00      0.00      0.00       0  chrome
15:11:18     1000    885261    0.00    1.00    0.00    0.00    1.00     6    475.00      0.00 1518767504  326136   1.00      0.00      0.00      0.00       0  code
15:11:18     1000    888233    2.00    1.00    0.00    0.00    3.00     0      2.00      0.00 1754328  368608   1.13      0.00      0.00      0.00       0  gnome-system-mo
15:11:18        0   1074653    0.00    1.00    0.00    1.00    1.00     1      0.00      0.00       0       0   0.00     -1.00     -1.00     -1.00       0  kworker/u64:3-writeback
15:11:18     1000   1074681    1.00    0.00    0.00    0.00    1.00     1      3.00      0.00 1520363292  312184   0.96      0.00      0.00      0.00       0  code
15:11:18     1000   1074725    0.00    0.00    0.00    0.00    0.00    13    182.00      0.00  743924  182268   0.56      0.00      0.00      0.00       0  codex
15:11:18     1000   1075226    4.00    0.00    0.00    0.00    4.00    12    238.00      0.00 1518713316  328268   1.01      0.00      0.00      0.00       0  code
15:11:18        0   1097682    0.00    1.00    0.00    0.00    1.00    12      0.00      0.00       0       0   0.00     -1.00     -1.00     -1.00       0  kworker/u65:3-hci0
15:11:18        0   1101398    0.00    1.00    0.00    0.00    1.00     0      0.00      0.00       0       0   0.00     -1.00     -1.00     -1.00       0  kworker/u64:0-events_unbound
15:11:18     1000   1109016    4.00    1.00    0.00    0.00    5.00     6      0.00      0.00  900112   35996   0.11      0.00      0.00      0.00       0  real_go2_input_
15:11:18     1000   1109017   16.00    0.00    0.00    0.00   16.00     1    141.00      0.00  888092   78220   0.24      0.00      0.00      0.00       0  python3
15:11:18     1000   1109018   52.00    0.00    0.00    0.00   52.00     7      0.00      0.00 1139124  291296   0.89      0.00      0.00      0.00       0  scan_planner_no
15:11:18     1000   1109019    3.00    1.00    0.00    0.00    4.00    14      1.00      0.00  751036   32324   0.10      0.00      0.00      0.00       0  closed_loop_con
15:11:18     1000   1109020    3.00    0.00    0.00    0.00    3.00    10      1.00      0.00  750792   31364   0.10      0.00      0.00      0.00       0  cmd_vel_safety_
15:11:18     1000   1109021   17.00    1.00    0.00    0.00   18.00     3      1.00      0.00  884000   72960   0.22      0.00    112.00      0.00       0  telemetry_recor
15:11:18     1000   1109177    0.00    1.00    0.00    0.00    1.00     5      0.00      0.00   12840    5940   0.02      0.00      4.00      0.00       0  pidstat
15:11:18     1000   1109178    1.00    2.00    0.00    0.00    3.00     2    272.00      0.00 1101620  113844   0.35      0.00      0.00      0.00       0  ros2

# Time        UID       PID    %usr %system  %guest   %wait    %CPU   CPU  minflt/s  majflt/s     VSZ     RSS   %MEM   kB_rd/s   kB_wr/s kB_ccwr/s iodelay  Command
15:11:19     1000      2075    0.00    1.00    0.00    0.00    1.00     6      0.00      0.00  120384   16796   0.05      0.00      0.00      0.00       0  pipewire
15:11:19     1000      2324   14.00    3.00    0.00    1.00   17.00     3      2.00      0.00 5557288  381620   1.17      0.00      0.00      0.00       0  gnome-shell
15:11:19     1000      2622    5.00    1.00    0.00    0.00    6.00     0      0.00      0.00 5685392  233232   0.72      0.00      0.00      0.00       0  ToDesk
15:11:19      123      3242    0.00    1.00    0.00    0.00    1.00     0      0.00      0.00 2382176   77480   0.24     -1.00     -1.00     -1.00       0  nxserver.bin
15:11:19        0      3243    0.00    1.00    0.00    0.00    1.00     8      0.00      0.00 2778564   68480   0.21     -1.00     -1.00     -1.00       0  ToDesk_Service
15:11:19     1000     32140    2.00    0.00    0.00    0.00    2.00    14      0.00      0.00 11729028  752312   2.31      0.00      0.00      0.00       0  com.alibabainc.
15:11:19     1000     32292    1.00    0.00    0.00    0.00    1.00     2      0.00      0.00 1475368   79304   0.24      0.00     36.00      0.00       0  com.alibabainc.
15:11:19     1000     45971    0.00    0.00    0.00    0.00    0.00    12      4.00      0.00 50049280  218812   0.67      0.00      0.00      0.00       0  com.alibabainc.
15:11:19     1000     46026    0.00    0.00    0.00    0.00    0.00    12      2.00      0.00 73748840  447852   1.37      0.00      0.00      0.00       0  com.alibabainc.
15:11:19     1000    156386    0.00    1.00    0.00    0.00    1.00    12      0.00      0.00 1788224   49216   0.15      0.00      0.00      0.00       0  nxplayer.bin
15:11:19        0    332726    0.00    0.00    0.00    0.00    0.00    15      1.00      0.00  361696  237184   0.73     -1.00     -1.00     -1.00       0  systemd-journal
15:11:19      990    333267    1.00    0.00    0.00    0.00    1.00     6      0.00      0.00   17572    7292   0.02     -1.00     -1.00     -1.00       0  systemd-oomd
15:11:19     1000    425666    0.00    0.00    0.00    0.00    0.00     1      2.00      0.00 50028472  261464   0.80      0.00      0.00      0.00       0  com.alibabainc.
15:11:19     1000    577014    2.00    1.00    0.00    0.00    3.00    10      1.00      0.00 1521086700  395084   1.21      0.00      0.00      0.00       0  code
15:11:19     1000    577063    5.00    2.00    0.00    0.00    7.00     6      3.00      0.00 51393780  246072   0.76      0.00      0.00      0.00       0  code
15:11:19     1000    577067    0.00    0.00    0.00    0.00    0.00    12      2.00      0.00 50711564   88336   0.27      0.00      0.00      0.00       0  code
15:11:19     1000    577160    1.00    0.00    0.00    0.00    1.00     2      0.00      0.00 1518795316  679420   2.09      0.00      0.00      0.00       0  code
15:11:19     1000    853053    1.00    1.00    0.00    0.00    2.00     6     66.00      0.00 55947068  492928   1.51      0.00      0.00      0.00       0  chrome
15:11:19     1000    853103    5.00    1.00    0.00    0.00    6.00    13     20.00      0.00 56024308  339128   1.04      0.00      0.00      0.00       0  chrome
15:11:19     1000    853105    1.00    0.00    0.00    0.00    1.00    12     45.00      0.00 55066744   93408   0.29      8.00     24.00      0.00       0  chrome
15:11:19     1000    853115    0.00    0.00    0.00    0.00    0.00    15      3.00      0.00 55301888   57280   0.18      0.00      0.00      0.00       0  chrome
15:11:19     1000    861538    0.00    1.00    0.00    0.00    1.00    10      0.00      0.00  136168   88584   0.27      0.00      0.00      0.00       0  cpptools
15:11:19     1000    880405   22.00    3.00    0.00    0.00   25.00     9   1466.00      0.00 1518941040  535420   1.64      0.00      0.00      0.00       0  chrome
15:11:19     1000    881251    0.00    0.00    0.00    0.00    0.00    14      2.00      0.00 72661500  494848   1.52      0.00      0.00      0.00       0  com.alibabainc.
15:11:19     1000    881951    0.00    1.00    0.00    0.00    1.00    15      0.00      0.00 55100564   60768   0.19      0.00      0.00      0.00       0  chrome
15:11:19     1000    913217    0.00    0.00    0.00    0.00    0.00     4      2.00      0.00 72299740  382432   1.17      0.00      0.00      0.00       0  com.alibabainc.
15:11:19     1000   1074725    1.00    0.00    0.00    0.00    1.00    13    168.00      0.00  743924  182268   0.56      0.00    452.00    176.00       0  codex
15:11:19     1000   1075226    2.00    1.00    0.00    0.00    3.00     0     22.00      0.00 1518713316  328132   1.01      0.00      0.00      0.00       0  code
15:11:19     1000   1076599    0.00    0.00    0.00    0.00    0.00     3    393.00      0.00 1450899532   19808   0.06      0.00      0.00      0.00       0  codex-code-mode
15:11:19        0   1101398    0.00    1.00    0.00    0.00    1.00     4      0.00      0.00       0       0   0.00     -1.00     -1.00     -1.00       0  kworker/u64:0-events_unbound
15:11:19     1000   1109016    3.00    2.00    0.00    0.00    5.00    15      0.00      0.00  900112   35996   0.11      0.00      0.00      0.00       0  real_go2_input_
15:11:19     1000   1109017   13.00    0.00    0.00    0.00   13.00     5    107.00      0.00  888092   78220   0.24      0.00      0.00      0.00       0  python3
15:11:19     1000   1109018   45.00    0.00    0.00    0.00   45.00     6      0.00      0.00 1139124  291296   0.89      0.00      0.00      0.00       0  scan_planner_no
15:11:19     1000   1109019    3.00    0.00    0.00    0.00    3.00    14      0.00      0.00  751036   32324   0.10      0.00      0.00      0.00       0  closed_loop_con
15:11:19     1000   1109020    2.00    2.00    0.00    0.00    4.00    13      0.00      0.00  750792   31364   0.10      0.00      0.00      0.00       0  cmd_vel_safety_
15:11:19     1000   1109021   14.00    0.00    0.00    0.00   14.00     8      0.00      0.00  884000   72960   0.22      0.00    104.00      0.00       0  telemetry_recor
15:11:19     1000   1109177    1.00    1.00    0.00    0.00    2.00    10      0.00      0.00   12840    5940   0.02      0.00     12.00      0.00       0  pidstat
15:11:19     1000   1109178    2.00    2.00    0.00    0.00    4.00     8      0.00      0.00 1101620  113844   0.35      0.00      0.00      0.00       0  ros2

# Time        UID       PID    %usr %system  %guest   %wait    %CPU   CPU  minflt/s  majflt/s     VSZ     RSS   %MEM   kB_rd/s   kB_wr/s kB_ccwr/s iodelay  Command
15:11:20        0        15    0.00    1.00    0.00    0.00    1.00     8      0.00      0.00       0       0   0.00     -1.00     -1.00     -1.00       0  rcu_preempt
15:11:20        0        78    0.00    1.00    0.00    0.00    1.00     1      0.00      0.00       0       0   0.00     -1.00     -1.00     -1.00       0  migration/1
15:11:20        0       676    0.00    1.00    0.00    0.00    1.00     1      0.00      0.00       0       0   0.00     -1.00     -1.00     -1.00       0  irq/163-rtw89_pci
15:11:20     1000      2081    0.00    1.00    0.00    0.00    1.00    14      0.00      0.00  160440   48336   0.15      0.00      0.00      0.00       0  pipewire-pulse
15:11:20     1000      2324   10.00    3.00    0.00    0.00   13.00    12      6.00      0.00 5557288  381352   1.17      0.00      0.00      0.00       0  gnome-shell
15:11:20     1000      2622    4.00    2.00    0.00    0.00    6.00     2      0.00      0.00 5685392  233232   0.72      0.00      0.00      0.00       0  ToDesk
15:11:20        0      3243    1.00    2.00    0.00    0.00    3.00    13      0.00      0.00 2778564   68480   0.21     -1.00     -1.00     -1.00       0  ToDesk_Service
15:11:20     1000     10268    0.00    0.00    0.00    0.00    0.00    14      2.00      0.00 33882424   63200   0.19      0.00      0.00      0.00       0  github-desktop
15:11:20     1000     32140    1.00    1.00    0.00    0.00    2.00    13      0.00      0.00 11729028  752312   2.31      0.00      0.00      0.00       0  com.alibabainc.
15:11:20     1000     45971    1.00    0.00    0.00    0.00    1.00     8     42.00      0.00 50049280  218192   0.67      0.00      0.00      0.00       0  com.alibabainc.
15:11:20     1000    156386    1.00    0.00    0.00    0.00    1.00    12      0.00      0.00 1788224   49216   0.15      0.00      0.00      0.00       0  nxplayer.bin
15:11:20        0    332726    0.00    1.00    0.00    0.00    1.00    12      2.00      0.00  361696  237184   0.73     -1.00     -1.00     -1.00       0  systemd-journal
15:11:20     1000    425666    0.00    0.00    0.00    0.00    0.00     2      1.00      0.00 50028472  261464   0.80      0.00      0.00      0.00       0  com.alibabainc.
15:11:20     1000    425773    1.00    0.00    0.00    0.00    1.00     9      0.00      0.00 50014516  390636   1.20      0.00      0.00      0.00       0  com.alibabainc.
15:11:20     1000    516139    0.00    0.00    0.00    0.00    0.00     7      3.00      0.00 5453760   36968   0.11      0.00      0.00      0.00       0  clash
15:11:20     1000    577014    0.00    1.00    0.00    0.00    1.00     8      0.00      0.00 1521086700  395084   1.21      0.00      0.00      0.00       0  code
15:11:20     1000    577063    4.00    2.00    0.00    0.00    6.00     2      0.00      0.00 51393748  246072   0.76      0.00      0.00      0.00       0  code
15:11:20     1000    577160    2.00    0.00    0.00    0.00    2.00     8    103.00      0.00 1518795316  679420   2.09      0.00      0.00      0.00       0  code
15:11:20     1000    577170    0.00    0.00    0.00    0.00    0.00     1      6.00      0.00 1520378324  115388   0.35      0.00      0.00      0.00       0  code
15:11:20     1000    577171    0.00    0.00    0.00    0.00    0.00     6     37.00      0.00 1520352992  124704   0.38      0.00      0.00      0.00       0  code
15:11:20     1000    577172    0.00    0.00    0.00    0.00    0.00     6      3.00      0.00 1520369816  113428   0.35      0.00      0.00      0.00       0  code
15:11:20     1000    577320    0.00    0.00    0.00    0.00    0.00     8     13.00      0.00 1520354644  108556   0.33      0.00      0.00      0.00       0  code
15:11:20     1000    853053    2.00    0.00    0.00    0.00    2.00    14     18.00      0.00 55947068  492084   1.51      0.00     12.00      0.00       0  chrome
15:11:20     1000    853103    2.00    1.00    0.00    0.00    3.00    15     51.00      0.00 55939140  338716   1.04      0.00      0.00      0.00       0  chrome
15:11:20     1000    853105    1.00    1.00    0.00    0.00    2.00    14    121.00      0.00 55066744   92724   0.28      0.00    392.00      0.00       0  chrome
15:11:20     1000    880405   19.00    2.00    0.00    0.00   21.00    13   1138.00      0.00 1518941040  536552   1.65      0.00      0.00      0.00       0  chrome
15:11:20     1000    882233    0.00    0.00    0.00    0.00    0.00     9     39.00      0.00 1518829448  204896   0.63      0.00      0.00      0.00       0  chrome
15:11:20     1000    885261    0.00    0.00    0.00    0.00    0.00     6     22.00      0.00 1518767504  326264   1.00      0.00      0.00      0.00       0  code
15:11:20     1000    888088    1.00    0.00    0.00    0.00    1.00     0     95.00      0.00 1522741208  272708   0.84      0.00      0.00      0.00       0  chrome
15:11:20     1000    910028    1.00    0.00    0.00    0.00    1.00     8     20.00      0.00 1524768228  398440   1.22      0.00      0.00      0.00       0  chrome
15:11:20     1000   1074666    0.00    0.00    0.00    0.00    0.00    10      4.00      0.00 1520369816  129956   0.40      0.00      0.00      0.00       0  code
15:11:20     1000   1074681    2.00    0.00    0.00    0.00    2.00     8   1252.00      0.00 1520363292  314244   0.96      0.00      0.00      0.00       0  code
15:11:20     1000   1074725    1.00    0.00    0.00    0.00    1.00    13     21.00      0.00  743924  182268   0.56      0.00      0.00      0.00       0  codex
15:11:20     1000   1075226    2.00    0.00    0.00    0.00    2.00     0    197.00      0.00 1518713316  328772   1.01      0.00      0.00      0.00       0  code
15:11:20     1000   1095170    0.00    1.00    0.00    0.00    1.00    12      0.00      0.00  883436   72492   0.22      0.00      0.00      0.00       0  python3
15:11:20        0   1101398    0.00    1.00    0.00    0.00    1.00     5      0.00      0.00       0       0   0.00     -1.00     -1.00     -1.00       0  kworker/u64:0-i915
15:11:20        0   1108714    0.00    1.00    0.00    0.00    1.00    15      0.00      0.00       0       0   0.00     -1.00     -1.00     -1.00       0  kworker/15:1-i915-unordered
15:11:20     1000   1109016    4.00    0.00    0.00    0.00    4.00    14      0.00      0.00  900112   35996   0.11      0.00      0.00      0.00       0  real_go2_input_
15:11:20     1000   1109017   11.00    0.00    0.00    0.00   11.00     7      0.00      0.00  888092   78220   0.24      0.00      0.00      0.00       0  python3
15:11:20     1000   1109018   44.00    1.00    0.00    0.00   45.00     6      1.00      0.00 1139124  291296   0.89      0.00      4.00      0.00       0  scan_planner_no
15:11:20     1000   1109019    2.00    1.00    0.00    0.00    3.00    10      0.00      0.00  751036   32324   0.10      0.00      0.00      0.00       0  closed_loop_con
15:11:20     1000   1109020    4.00    1.00    0.00    0.00    5.00     3      0.00      0.00  750792   31364   0.10      0.00      0.00      0.00       0  cmd_vel_safety_
15:11:20     1000   1109021   15.00    1.00    0.00    0.00   16.00     6      0.00      0.00  884000   72960   0.22      0.00    108.00      0.00       0  telemetry_recor
15:11:20     1000   1109177    0.00    0.00    0.00    0.00    0.00     6      0.00      0.00   12840    5940   0.02      0.00      8.00      0.00       0  pidstat
15:11:20     1000   1109178    2.00    1.00    0.00    0.00    3.00     8      0.00      0.00 1101620  113844   0.35      0.00      0.00      0.00       0  ros2

# Time        UID       PID    %usr %system  %guest   %wait    %CPU   CPU  minflt/s  majflt/s     VSZ     RSS   %MEM   kB_rd/s   kB_wr/s kB_ccwr/s iodelay  Command
15:11:21        0      1071    1.00    0.00    0.00    0.00    1.00     4      0.00      0.00   15268    7648   0.02     -1.00     -1.00     -1.00       0  bluetoothd
15:11:21     1000      2324   10.00    1.00    0.00    0.00   11.00    10     11.00      0.00 5557292  381352   1.17      0.00      0.00      0.00       0  gnome-shell
15:11:21     1000      2622    5.00    2.00    0.00    0.00    7.00     4      0.00      0.00 5685392  233232   0.72      0.00      0.00      0.00       0  ToDesk
15:11:21     1000      2991    0.00    1.00    0.00    0.00    1.00     7      0.00      0.00 1014492   28628   0.09      0.00      0.00      0.00       0  tracker-miner-f
15:11:21        0      3243    0.00    1.00    0.00    0.00    1.00    12      0.00      0.00 2778564   68480   0.21     -1.00     -1.00     -1.00       0  ToDesk_Service
15:11:21     1000     32140    1.00    0.00    0.00    0.00    1.00    14      0.00      0.00 11729028  752312   2.31      0.00      0.00      0.00       0  com.alibabainc.
15:11:21     1000     45971    0.00    0.00    0.00    0.00    0.00    14      5.00      0.00 50049280  218192   0.67      0.00      0.00      0.00       0  com.alibabainc.
15:11:21        0    332726    0.00    0.00    0.00    0.00    0.00    12      3.00      0.00  361696  237184   0.73     -1.00     -1.00     -1.00       0  systemd-journal
15:11:21     1000    425666    0.00    0.00    0.00    0.00    0.00     6      2.00      0.00 50028472  261464   0.80      0.00      0.00      0.00       0  com.alibabainc.
15:11:21     1000    516139    1.00    2.00    0.00    0.00    3.00     7      3.00      0.00 5453760   36968   0.11      0.00      0.00      0.00       0  clash
15:11:21     1000    577014    1.00    1.00    0.00    0.00    2.00    14      1.00      0.00 1521086700  395084   1.21      0.00      0.00      0.00       0  code
15:11:21     1000    577063    6.00    1.00    0.00    0.00    7.00     8     65.00      0.00 51393788  245936   0.75      0.00      0.00      0.00       0  code
15:11:21     1000    577132    0.00    0.00    0.00    0.00    0.00    14     27.00      0.00 1520364784  380036   1.17      0.00      0.00      0.00       0  code
15:11:21     1000    577160    1.00    0.00    0.00    0.00    1.00     2      0.00      0.00 1518795316  679420   2.09      0.00      0.00      0.00       0  code
15:11:21     1000    577170    0.00    0.00    0.00    0.00    0.00     1      1.00      0.00 1520378324  115388   0.35      0.00      0.00      0.00       0  code
15:11:21     1000    577241    0.00    0.00    0.00    0.00    0.00    13      1.00      0.00  673380  181896   0.56      0.00      0.00      0.00       0  codex
15:11:21     1000    853053    2.00    1.00    0.00    0.00    3.00    15      5.00      0.00 55947068  492084   1.51      0.00      0.00      0.00       0  chrome
15:11:21     1000    853103    2.00    1.00    0.00    0.00    3.00    12      3.00      0.00 55939300  338716   1.04      0.00      0.00      0.00       0  chrome
15:11:21     1000    853105    2.00    2.00    0.00    0.00    4.00    14    999.00      0.00 55068792   93604   0.29      4.00   3848.00      0.00       0  chrome
15:11:21     1000    880405   29.00    3.00    0.00    0.00   32.00     8   4141.00      0.00 1518945136  545392   1.67      0.00      0.00      0.00       0  chrome
15:11:21     1000    885261    0.00    0.00    0.00    0.00    0.00    10     23.00      0.00 1518767504  326264   1.00      0.00      0.00      0.00       0  code
15:11:21     1000    888233    2.00    2.00    0.00    0.00    4.00     2      2.00      0.00 1754840  368608   1.13      0.00      0.00      0.00       0  gnome-system-mo
15:11:21     1000    910028    0.00    0.00    0.00    0.00    0.00     4    537.00      0.00 1524768228  400488   1.23      0.00      0.00      0.00       0  chrome
15:11:21     1000   1073729    1.00    0.00    0.00    0.00    1.00    12      0.00      0.00  877608   71244   0.22      0.00      0.00      0.00       0  python3
15:11:21     1000   1074681    0.00    0.00    0.00    0.00    0.00     4      4.00      0.00 1520363292  314244   0.96      0.00      0.00      0.00       0  code
15:11:21     1000   1074725    0.00    0.00    0.00    0.00    0.00    13     47.00      0.00  744052  182268   0.56      0.00    128.00      0.00       0  codex
15:11:21     1000   1075226    1.00    1.00    0.00    0.00    2.00     1    210.00      0.00 1518713316  327692   1.01      0.00      0.00      0.00       0  code
15:11:21        0   1097682    0.00    1.00    0.00    0.00    1.00     0      0.00      0.00       0       0   0.00     -1.00     -1.00     -1.00       0  kworker/u65:3+i915_flip
15:11:21        0   1101398    0.00    1.00    0.00    0.00    1.00     0      0.00      0.00       0       0   0.00     -1.00     -1.00     -1.00       0  kworker/u64:0-flush-259:0
15:11:21     1000   1109016    4.00    1.00    0.00    0.00    5.00     2      0.00      0.00  900112   35996   0.11      0.00      0.00      0.00       0  real_go2_input_
15:11:21     1000   1109017   15.00    1.00    0.00    0.00   16.00     7    107.00      0.00  888092   78228   0.24      0.00      0.00      0.00       0  python3
15:11:21     1000   1109018   47.00    0.00    0.00    0.00   47.00    10      1.00      0.00 1139124  291296   0.89      0.00      0.00      0.00       0  scan_planner_no
15:11:21     1000   1109019    3.00    0.00    0.00    0.00    3.00    10      0.00      0.00  751036   32324   0.10      0.00      0.00      0.00       0  closed_loop_con
15:11:21     1000   1109020    2.00    1.00    0.00    0.00    3.00     8      0.00      0.00  750792   31364   0.10      0.00      0.00      0.00       0  cmd_vel_safety_
15:11:21     1000   1109021   14.00    1.00    0.00    0.00   15.00     5      0.00      0.00  884000   72960   0.22      0.00    112.00      0.00       0  telemetry_recor
15:11:21     1000   1109177    0.00    1.00    0.00    0.00    1.00     6      0.00      0.00   12840    5940   0.02      0.00      8.00      0.00       0  pidstat
15:11:21     1000   1109178    2.00    1.00    0.00    0.00    3.00     8      0.00      0.00 1101620  113844   0.35      0.00      0.00      0.00       0  ros2

# Time        UID       PID    %usr %system  %guest   %wait    %CPU   CPU  minflt/s  majflt/s     VSZ     RSS   %MEM   kB_rd/s   kB_wr/s kB_ccwr/s iodelay  Command
15:11:22        0        36    0.00    1.00    0.00    0.00    1.00     6      0.00      0.00       0       0   0.00     -1.00     -1.00     -1.00       0  migration/6
15:11:22        0       676    0.00    1.00    0.00    0.00    1.00     1      0.00      0.00       0       0   0.00     -1.00     -1.00     -1.00       0  irq/163-rtw89_pci
15:11:22     1000      2081    1.00    0.00    0.00    0.00    1.00    15      0.00      0.00  160440   48336   0.15      0.00      0.00      0.00       0  pipewire-pulse
15:11:22     1000      2324    9.00    3.00    0.00    0.00   12.00     5     26.00      0.00 5557292  381480   1.17      0.00      0.00      0.00       0  gnome-shell
15:11:22     1000      2622    5.00    2.00    0.00    0.00    7.00     6      0.00      0.00 5685392  233232   0.72      0.00      0.00      0.00       0  ToDesk
15:11:22        0      3243    1.00    2.00    0.00    0.00    3.00    13      0.00      0.00 2778564   68480   0.21     -1.00     -1.00     -1.00       0  ToDesk_Service
15:11:22     1000     10213    0.00    0.00    0.00    0.00    0.00     0      5.00      0.00 1212301312  153700   0.47      0.00      0.00      0.00       0  github-desktop
15:11:22     1000     10251    0.00    0.00    0.00    0.00    0.00     8      3.00      0.00 34566360  113132   0.35      0.00      0.00      0.00       0  github-desktop
15:11:22     1000     32140    2.00    0.00    0.00    0.00    2.00     2      0.00      0.00 11729028  752312   2.31      0.00      0.00      0.00       0  com.alibabainc.
15:11:22     1000     45971    0.00    0.00    0.00    0.00    0.00     4      4.00      0.00 50049280  218192   0.67      0.00      0.00      0.00       0  com.alibabainc.
15:11:22        0    332726    0.00    0.00    0.00    0.00    0.00     8      2.00      0.00  361696  237184   0.73     -1.00     -1.00     -1.00       0  systemd-journal
15:11:22     1000    425666    0.00    0.00    0.00    0.00    0.00     6      1.00      0.00 50028472  261464   0.80      0.00      0.00      0.00       0  com.alibabainc.
15:11:22     1000    516139    0.00    0.00    0.00    0.00    0.00     7      1.00      0.00 5453760   36968   0.11      0.00      0.00      0.00       0  clash
15:11:22     1000    577014    1.00    1.00    0.00    0.00    2.00    10     19.00      0.00 1521086700  394304   1.21      0.00      0.00      0.00       0  code
15:11:22     1000    577063    4.00    3.00    0.00    0.00    7.00     2     16.00      0.00 51393788  246064   0.76      0.00      0.00      0.00       0  code
15:11:22     1000    577160    2.00    1.00    0.00    0.00    3.00    11      0.00      0.00 1518795316  679420   2.09      0.00      0.00      0.00       0  code
15:11:22     1000    577170    1.00    0.00    0.00    0.00    1.00     1      9.00      0.00 1520378324  115388   0.35      0.00      0.00      0.00       0  code
15:11:22     1000    853053    1.00    1.00    0.00    0.00    2.00     9     30.00      2.00 55947068  492224   1.51    184.00     60.00      0.00       0  chrome
15:11:22     1000    853103    5.00    1.00    0.00    0.00    6.00     8    607.00      1.00 55940000  340220   1.04     96.00      0.00      0.00       0  chrome
15:11:22     1000    853105    2.00    0.00    0.00    0.00    2.00    14    133.00      0.00 55066744   92588   0.28     32.00    424.00      0.00       0  chrome
15:11:22     1000    880405   26.00    2.00    0.00    0.00   28.00     0   2857.00      0.00 1518941044  550240   1.69      0.00      0.00      0.00       0  chrome
15:11:22     1000    881951    0.00    1.00    0.00    0.00    1.00    12      0.00      0.00 55100564   60768   0.19      0.00      0.00      0.00       0  chrome
15:11:22     1000   1074666    0.00    0.00    0.00    0.00    0.00    13      1.00      0.00 1520369816  129956   0.40      0.00      0.00      0.00       0  code
15:11:22     1000   1074725    1.00    0.00    0.00    0.00    1.00    13     34.00      0.00  744052  182268   0.56      0.00      0.00      0.00       0  codex
15:11:22     1000   1075226    3.00    0.00    0.00    0.00    3.00    14     46.00      0.00 1518713316  327948   1.01      0.00      0.00      0.00       0  code
15:11:22        0   1101398    0.00    1.00    0.00    0.00    1.00    14      0.00      0.00       0       0   0.00     -1.00     -1.00     -1.00       0  kworker/u64:0-events_power_efficient
15:11:22        0   1101535    0.00    1.00    0.00    0.00    1.00    13      0.00      0.00       0       0   0.00     -1.00     -1.00     -1.00       0  kworker/13:2-events
15:11:22     1000   1109016    3.00    1.00    0.00    0.00    4.00    10      1.00      0.00  900112   35996   0.11      0.00      0.00      0.00       0  real_go2_input_
15:11:22     1000   1109017   11.00    0.00    0.00    0.00   11.00    12      0.00      0.00  888092   78228   0.24      0.00      0.00      0.00       0  python3
15:11:22     1000   1109018   39.00    1.00    0.00    0.00   40.00    11      3.00      0.00 1139256  291296   0.89      0.00      0.00      0.00       0  scan_planner_no
15:11:22     1000   1109019    2.00    1.00    0.00    0.00    3.00     2      0.00      0.00  751036   32324   0.10      0.00      0.00      0.00       0  closed_loop_con
15:11:22     1000   1109020    2.00    1.00    0.00    0.00    3.00     1      0.00      0.00  750792   31364   0.10      0.00      0.00      0.00       0  cmd_vel_safety_
15:11:22     1000   1109021   14.00    0.00    0.00    1.00   14.00    10      0.00      0.00  884000   72960   0.22      0.00    112.00      0.00       0  telemetry_recor
15:11:22     1000   1109177    0.00    0.00    0.00    0.00    0.00     6      0.00      0.00   12840    5940   0.02      0.00      4.00      0.00       0  pidstat
15:11:22     1000   1109178    2.00    1.00    0.00    0.00    3.00     2    127.00      0.00 1101620  114228   0.35      0.00      0.00      0.00       0  ros2

# Time        UID       PID    %usr %system  %guest   %wait    %CPU   CPU  minflt/s  majflt/s     VSZ     RSS   %MEM   kB_rd/s   kB_wr/s kB_ccwr/s iodelay  Command
15:11:23     1000      2324   14.00    2.00    0.00    0.00   16.00    14     10.00      0.00 5557292  381480   1.17      0.00      0.00      0.00       0  gnome-shell
15:11:23     1000      2622    6.00    1.00    0.00    0.00    7.00    10      0.00      0.00 5685392  233232   0.72      0.00      0.00      0.00       0  ToDesk
15:11:23        0      3243    0.00    2.00    0.00    0.00    2.00    12      0.00      0.00 2778564   68480   0.21     -1.00     -1.00     -1.00       0  ToDesk_Service
15:11:23     1000     32140    3.00    1.00    0.00    0.00    4.00    12    105.00      0.00 11729028  752268   2.31      0.00      0.00      0.00       0  com.alibabainc.
15:11:23     1000     32292    1.00    0.00    0.00    0.00    1.00     2      5.00      0.00 1475368   79308   0.24      0.00      4.00      0.00       0  com.alibabainc.
15:11:23     1000     45971    0.00    0.00    0.00    0.00    0.00     4      3.00      0.00 50049280  218192   0.67      0.00      0.00      0.00       0  com.alibabainc.
15:11:23     1000     46026    3.00    0.00    0.00    0.00    3.00     1   1292.00      0.00 73748840  447688   1.37      0.00      0.00      0.00       0  com.alibabainc.
15:11:23     1000     52294    5.00    1.00    0.00    0.00    6.00    14   2628.00      0.00 53387424  466440   1.43      0.00      0.00      0.00       0  com.alibabainc.
15:11:23        0    332726    0.00    0.00    0.00    0.00    0.00     8      1.00      0.00  361696  237184   0.73     -1.00     -1.00     -1.00       0  systemd-journal
15:11:23     1000    425666    2.00    0.00    0.00    0.00    2.00     3    538.00      0.00 52125624  263384   0.81      0.00      0.00      0.00       0  com.alibabainc.
15:11:23     1000    516139    1.00    0.00    0.00    0.00    1.00     7     44.00      0.00 5453760   36952   0.11      0.00      0.00      0.00       0  clash
15:11:23     1000    577014    2.00    0.00    0.00    0.00    2.00    15      1.00      0.00 1521086700  394304   1.21      0.00      0.00      0.00       0  code
15:11:23     1000    577063    6.00    1.00    0.00    0.00    7.00     5      2.00      0.00 51393788  246064   0.76      0.00      0.00      0.00       0  code
15:11:23     1000    577067    0.00    0.00    0.00    0.00    0.00     0      2.00      0.00 50711564   88336   0.27      0.00      0.00      0.00       0  code
15:11:23     1000    577107    0.00    0.00    0.00    0.00    0.00    12      5.00      0.00 1520761120  592300   1.82      0.00      0.00      0.00       0  code
15:11:23     1000    577160    1.00    0.00    0.00    0.00    1.00    12      0.00      0.00 1518795316  679420   2.09      0.00      0.00      0.00       0  code
15:11:23     1000    577241    0.00    0.00    0.00    0.00    0.00    13      2.00      0.00  673380  181896   0.56      0.00      0.00      0.00       0  codex
15:11:23     1000    577320    0.00    0.00    0.00    0.00    0.00     6     13.00      0.00 1520354644  108556   0.33      0.00      0.00      0.00       0  code
15:11:23     1000    853053    2.00    1.00    0.00    0.00    3.00    13    114.00      0.00 55947068  492608   1.51      0.00      0.00      0.00       0  chrome
15:11:23     1000    853103    6.00    2.00    0.00    0.00    8.00    11     48.00      0.00 56007920  340168   1.04     32.00     32.00      0.00       0  chrome
15:11:23     1000    853105    0.00    1.00    0.00    0.00    1.00    14     51.00      0.00 55066744   92844   0.28      4.00     28.00      0.00       0  chrome
15:11:23     1000    853115    0.00    0.00    0.00    0.00    0.00    15      6.00      0.00 55301888   57280   0.18      0.00      0.00      0.00       0  chrome
15:11:23     1000    880405   26.00    2.00    0.00    0.00   28.00     3    811.00      0.00 1518945076  549856   1.69     12.00     32.00      0.00       0  chrome
15:11:23     1000    881919    0.00    0.00    0.00    0.00    0.00    13      2.00      0.00 1518709608   97152   0.30      0.00      0.00      0.00       0  chrome
15:11:23     1000    885261    1.00    0.00    0.00    0.00    1.00     4    101.00      0.00 1518767504  326776   1.00      0.00      0.00      0.00       0  code
15:11:23     1000    913217    0.00    0.00    0.00    0.00    0.00     9      1.00      0.00 72299740  382432   1.17      0.00      0.00      0.00       0  com.alibabainc.
15:11:23        0   1049858    0.00    1.00    0.00    0.00    1.00    10      0.00      0.00       0       0   0.00     -1.00     -1.00     -1.00       0  kworker/u64:9-flush-259:0
15:11:23     1000   1074681    0.00    0.00    0.00    0.00    0.00    15     75.00      0.00 1520363292  314372   0.96      0.00      0.00      0.00       0  code
15:11:23     1000   1074725    3.00    1.00    0.00    0.00    4.00    13   3980.00      0.00  744160  182440   0.56      0.00    328.00     76.00       0  codex
15:11:23     1000   1075226    3.00    1.00    0.00    0.00    4.00     8    317.00      0.00 1518713316  328716   1.01      0.00      0.00      0.00       0  code
15:11:23     1000   1076599    1.00    0.00    0.00    0.00    1.00    13    357.00      0.00 1450899540   19852   0.06      0.00      0.00      0.00       0  codex-code-mode
15:11:23     1000   1095170    1.00    0.00    0.00    0.00    1.00     4      0.00      0.00  883436   72492   0.22      0.00      0.00      0.00       0  python3
15:11:23     1000   1109016    4.00    1.00    0.00    0.00    5.00    15      2.00      0.00  900112   35996   0.11      0.00      0.00      0.00       0  real_go2_input_
15:11:23     1000   1109017   14.00    1.00    0.00    0.00   15.00     8    107.00      0.00  888092   78340   0.24      0.00      0.00      0.00       0  python3
15:11:23     1000   1109018   45.00    0.00    0.00    0.00   45.00     8      2.00      0.00 1139464  291296   0.89      0.00      0.00      0.00       0  scan_planner_no
15:11:23     1000   1109019    3.00    0.00    0.00    0.00    3.00     1      0.00      0.00  751036   32324   0.10      0.00      0.00      0.00       0  closed_loop_con
15:11:23     1000   1109020    3.00    2.00    0.00    1.00    5.00    13      0.00      0.00  750792   31364   0.10      0.00      0.00      0.00       0  cmd_vel_safety_
15:11:23     1000   1109021   15.00    1.00    0.00    0.00   16.00     3      0.00      0.00  884000   72960   0.22      0.00    108.00      0.00       0  telemetry_recor
15:11:23     1000   1109177    0.00    1.00    0.00    0.00    1.00     6      0.00      0.00   12840    5940   0.02      0.00      8.00      0.00       0  pidstat
15:11:23     1000   1109178    2.00    2.00    0.00    0.00    4.00     4      0.00      0.00 1101620  114228   0.35      0.00      0.00      0.00       0  ros2

# Time        UID       PID    %usr %system  %guest   %wait    %CPU   CPU  minflt/s  majflt/s     VSZ     RSS   %MEM   kB_rd/s   kB_wr/s kB_ccwr/s iodelay  Command
15:11:24        0        15    0.00    1.00    0.00    0.00    1.00     6      0.00      0.00       0       0   0.00     -1.00     -1.00     -1.00       0  rcu_preempt
15:11:24      108      1070    1.00    0.00    0.00    0.00    1.00     4      0.00      0.00   11052    6140   0.02     -1.00     -1.00     -1.00       0  avahi-daemon
15:11:24     1000      2075    0.00    1.00    0.00    0.00    1.00     6      0.00      0.00  120384   16796   0.05      0.00      0.00      0.00       0  pipewire
15:11:24     1000      2324   18.00    3.00    0.00    0.00   21.00     0      1.00      0.00 5557348  381480   1.17      0.00      0.00      0.00       0  gnome-shell
15:11:24     1000      2622    5.00    1.00    0.00    0.00    6.00    10      0.00      0.00 5685392  233232   0.72      0.00      0.00      0.00       0  ToDesk
15:11:24      123      3242    1.00    0.00    0.00    0.00    1.00     0      0.00      0.00 2382176   77480   0.24     -1.00     -1.00     -1.00       0  nxserver.bin
15:11:24        0      3243    1.00    1.00    0.00    0.00    2.00    10      1.00      0.00 2778564   68480   0.21     -1.00     -1.00     -1.00       0  ToDesk_Service
15:11:24     1000      3866    1.00    0.00    0.00    0.00    1.00     8      0.00      0.00 1712860   72308   0.22      0.00      0.00      0.00       0  nxnode.bin
15:11:24     1000     10268    0.00    0.00    0.00    0.00    0.00    13      2.00      0.00 33882424   63200   0.19      0.00      0.00      0.00       0  github-desktop
15:11:24     1000     32140    2.00    0.00    0.00    0.00    2.00    14      0.00      0.00 11729028  752268   2.31      0.00      0.00      0.00       0  com.alibabainc.
15:11:24     1000     32292    0.00    0.00    0.00    0.00    0.00     2      2.00      0.00 1475368   79308   0.24      0.00      4.00      0.00       0  com.alibabainc.
15:11:24     1000     45971    0.00    0.00    0.00    0.00    0.00     4      6.00      0.00 50049280  218192   0.67      0.00      0.00      0.00       0  com.alibabainc.
15:11:24     1000     52294    0.00    0.00    0.00    0.00    0.00    14      4.00      0.00 53387424  466440   1.43      0.00      0.00      0.00       0  com.alibabainc.
15:11:24        0    332726    0.00    0.00    0.00    0.00    0.00    12      1.00      0.00  361696  237184   0.73     -1.00     -1.00     -1.00       0  systemd-journal
15:11:24     1000    425666    0.00    0.00    0.00    0.00    0.00     6      2.00      0.00 52125624  263384   0.81      0.00      0.00      0.00       0  com.alibabainc.
15:11:24     1000    577014    1.00    1.00    0.00    0.00    2.00     2      1.00      0.00 1521086700  394304   1.21      0.00      0.00      0.00       0  code
15:11:24     1000    577063    6.00    1.00    0.00    0.00    7.00     4      1.00      0.00 51393756  246064   0.76      0.00      0.00      0.00       0  code
15:11:24     1000    577160    1.00    1.00    0.00    0.00    2.00    14      0.00      0.00 1518795316  679420   2.09      0.00      0.00      0.00       0  code
15:11:24     1000    577170    0.00    0.00    0.00    0.00    0.00     1      6.00      0.00 1520378324  115388   0.35      0.00      0.00      0.00       0  code
15:11:24     1000    577171    0.00    0.00    0.00    0.00    0.00     6     37.00      0.00 1520352992  124704   0.38      0.00      0.00      0.00       0  code
15:11:24     1000    577172    0.00    0.00    0.00    0.00    0.00     5      3.00      0.00 1520369816  113428   0.35      0.00      0.00      0.00       0  code
15:11:24     1000    577320    0.00    0.00    0.00    0.00    0.00     6     13.00      0.00 1520354644  108556   0.33      0.00      0.00      0.00       0  code
15:11:24     1000    853053    2.00    1.00    0.00    0.00    3.00     8     35.00      0.00 55947068  492168   1.51      0.00    116.00      0.00       0  chrome
15:11:24     1000    853103    7.00    3.00    0.00    0.00   10.00     3    148.00      0.00 56068768  339520   1.04      0.00      0.00      0.00       0  chrome
15:11:24     1000    853105    0.00    0.00    0.00    0.00    0.00    14     41.00      0.00 55066744   92580   0.28      8.00      8.00      0.00       0  chrome
15:11:24     1000    880405   27.00    3.00    0.00    0.00   30.00     8   1119.00      0.00 1518945076  553348   1.70      0.00      0.00      0.00       0  chrome
15:11:24     1000    881919    1.00    0.00    0.00    0.00    1.00    13      2.00      0.00 1518709608   97152   0.30      0.00      0.00      0.00       0  chrome
15:11:24     1000    888233    2.00    1.00    0.00    0.00    3.00    12      1.00      0.00 1754328  368608   1.13      0.00      0.00      0.00       0  gnome-system-mo
15:11:24        0   1049858    0.00    1.00    0.00    0.00    1.00    15      0.00      0.00       0       0   0.00     -1.00     -1.00     -1.00       0  kworker/u64:9-i915
15:11:24     1000   1074666    0.00    0.00    0.00    0.00    0.00    13      4.00      0.00 1520369816  129956   0.40      0.00      0.00      0.00       0  code
15:11:24     1000   1074681    0.00    0.00    0.00    0.00    0.00    15      4.00      0.00 1520363292  313796   0.96      0.00      0.00      0.00       0  code
15:11:24     1000   1074725    1.00    0.00    0.00    0.00    1.00    13    341.00      0.00  744280  182568   0.56      0.00      0.00      0.00       0  codex
15:11:24     1000   1075226    1.00    0.00    0.00    0.00    1.00     9     19.00      0.00 1518713316  328844   1.01      0.00      0.00      0.00       0  code
15:11:24        0   1097682    0.00    1.00    0.00    0.00    1.00    14      0.00      0.00       0       0   0.00     -1.00     -1.00     -1.00       0  kworker/u65:3-i915_flip
15:11:24     1000   1109016    3.00    1.00    0.00    0.00    4.00    12      0.00      0.00  900112   35996   0.11      0.00      0.00      0.00       0  real_go2_input_
15:11:24     1000   1109017   15.00    1.00    0.00    0.00   16.00     0    107.00      0.00  888092   78340   0.24      0.00      0.00      0.00       0  python3
15:11:24     1000   1109018   43.00    1.00    0.00    0.00   44.00    10      2.00      0.00 1139464  291296   0.89      0.00      0.00      0.00       0  scan_planner_no
15:11:24     1000   1109019    2.00    1.00    0.00    0.00    3.00    13      0.00      0.00  751036   32324   0.10      0.00      0.00      0.00       0  closed_loop_con
15:11:24     1000   1109020    3.00    0.00    0.00    0.00    3.00     3      0.00      0.00  750792   31364   0.10      0.00      0.00      0.00       0  cmd_vel_safety_
15:11:24     1000   1109021   15.00    0.00    0.00    0.00   15.00     4      0.00      0.00  884000   72960   0.22      0.00    116.00      0.00       0  telemetry_recor
15:11:24     1000   1109177    1.00    1.00    0.00    0.00    2.00     6      0.00      0.00   12840    5940   0.02      0.00      4.00      0.00       0  pidstat
15:11:24     1000   1109178    2.00    1.00    0.00    0.00    3.00    13      0.00      0.00 1101620  114228   0.35      0.00      0.00      0.00       0  ros2

# Time        UID       PID    %usr %system  %guest   %wait    %CPU   CPU  minflt/s  majflt/s     VSZ     RSS   %MEM   kB_rd/s   kB_wr/s kB_ccwr/s iodelay  Command
15:11:25        0       676    0.00    1.00    0.00    0.00    1.00     1      0.00      0.00       0       0   0.00     -1.00     -1.00     -1.00       0  irq/163-rtw89_pci
15:11:25        0      1071    0.00    1.00    0.00    0.00    1.00    15      0.00      0.00   15268    7648   0.02     -1.00     -1.00     -1.00       0  bluetoothd
15:11:25     1000      2075    1.00    0.00    0.00    0.00    1.00     6      0.00      0.00  120384   16796   0.05      0.00      0.00      0.00       0  pipewire
15:11:25     1000      2081    0.00    1.00    0.00    0.00    1.00    10      0.00      0.00  160440   48336   0.15      0.00      0.00      0.00       0  pipewire-pulse
15:11:25     1000      2324   15.00    3.00    0.00    0.00   18.00     0      7.00      0.00 5557352  381480   1.17      0.00      0.00      0.00       0  gnome-shell
15:11:25     1000      2622    5.00    2.00    0.00    0.00    7.00     6      0.00      0.00 5685392  233232   0.72      0.00      0.00      0.00       0  ToDesk
15:11:25        0      3243    1.00    2.00    0.00    0.00    3.00    10      0.00      0.00 2778564   68480   0.21     -1.00     -1.00     -1.00       0  ToDesk_Service
15:11:25     1000     32140    1.00    1.00    0.00    0.00    2.00     4      0.00      0.00 11729028  752268   2.31      0.00      0.00      0.00       0  com.alibabainc.
15:11:25     1000     45971    0.00    0.00    0.00    0.00    0.00     3      3.00      0.00 50049280  218320   0.67      0.00      0.00      0.00       0  com.alibabainc.
15:11:25        0    332726    0.00    0.00    0.00    0.00    0.00     6      2.00      0.00  361696  237184   0.73     -1.00     -1.00     -1.00       0  systemd-journal
15:11:25     1000    425666    0.00    0.00    0.00    0.00    0.00     6      1.00      0.00 52125624  263384   0.81      0.00      0.00      0.00       0  com.alibabainc.
15:11:25     1000    516139    1.00    1.00    0.00    0.00    2.00     7      1.00      0.00 5453760   36952   0.11      0.00      0.00      0.00       0  clash
15:11:25     1000    577014    2.00    0.00    0.00    0.00    2.00     8      1.00      0.00 1521086700  394304   1.21      0.00      0.00      0.00       0  code
15:11:25     1000    577063    5.00    1.00    0.00    0.00    6.00     2     63.00      0.00 51393788  245936   0.75      0.00      0.00      0.00       0  code
15:11:25     1000    577132    0.00    0.00    0.00    0.00    0.00    10     27.00      0.00 1520364784  380036   1.17      0.00      0.00      0.00       0  code
15:11:25     1000    577160    1.00    0.00    0.00    0.00    1.00     3      0.00      0.00 1518795316  679420   2.09      0.00      0.00      0.00       0  code
15:11:25     1000    577171    0.00    0.00    0.00    0.00    0.00     6      1.00      0.00 1520352992  124704   0.38      0.00      0.00      0.00       0  code
15:11:25     1000    577241    0.00    0.00    0.00    0.00    0.00    13      1.00      0.00  673380  181896   0.56      0.00      0.00      0.00       0  codex
15:11:25     1000    853053    2.00    1.00    0.00    0.00    3.00     4    112.00      0.00 55947068  492424   1.51      0.00      0.00      0.00       0  chrome
15:11:25     1000    853103    6.00    2.00    0.00    0.00    8.00     7     32.00      0.00 56113824  339520   1.04      0.00      0.00      0.00       0  chrome
15:11:25     1000    853105    0.00    1.00    0.00    0.00    1.00    14    288.00      0.00 55068792   93476   0.29      0.00    984.00      0.00       0  chrome
15:11:25     1000    853115    0.00    0.00    0.00    0.00    0.00    15      1.00      0.00 55301888   57280   0.18      0.00      0.00      0.00       0  chrome
15:11:25     1000    880405   23.00    2.00    0.00    0.00   25.00     2    965.00      0.00 1518947124  555864   1.71     16.00     24.00      0.00       0  chrome
15:11:25     1000    881951    0.00    1.00    0.00    0.00    1.00    15      0.00      0.00 55100564   60768   0.19      0.00      0.00      0.00       0  chrome
15:11:25     1000    885261    0.00    0.00    0.00    0.00    0.00    14     16.00      0.00 1518767504  326776   1.00      0.00      0.00      0.00       0  code
15:11:25        0   1049858    0.00    2.00    0.00    0.00    2.00     8      0.00      0.00       0       0   0.00     -1.00     -1.00     -1.00       0  kworker/u64:9-flush-259:0
15:11:25     1000   1074681    0.00    0.00    0.00    0.00    0.00    15     11.00      0.00 1520363292  313796   0.96      0.00      0.00      0.00       0  code
15:11:25     1000   1074725    0.00    0.00    0.00    0.00    0.00    13    377.00      0.00  744288  182568   0.56      0.00    280.00    116.00       0  codex
15:11:25     1000   1075226    3.00    0.00    0.00    0.00    3.00     9    537.00      0.00 1518713316  329696   1.01      0.00      0.00      0.00       0  code
15:11:25     1000   1109016    4.00    2.00    0.00    0.00    6.00     2      0.00      0.00  900112   35996   0.11      0.00      0.00      0.00       0  real_go2_input_
15:11:25     1000   1109017   13.00    0.00    0.00    0.00   13.00    10      0.00      0.00  888092   78340   0.24      0.00      0.00      0.00       0  python3
15:11:25     1000   1109018   42.00    0.00    0.00    0.00   42.00     5      1.00      0.00 1139464  291296   0.89      0.00      0.00      0.00       0  scan_planner_no
15:11:25     1000   1109019    3.00    0.00    0.00    0.00    3.00     4      0.00      0.00  751036   32324   0.10      0.00      0.00      0.00       0  closed_loop_con
15:11:25     1000   1109020    4.00    0.00    0.00    0.00    4.00    12      0.00      0.00  750792   31364   0.10      0.00      0.00      0.00       0  cmd_vel_safety_
15:11:25     1000   1109021   15.00    1.00    0.00    0.00   16.00     9      0.00      0.00  884000   72960   0.22      0.00    112.00      0.00       0  telemetry_recor
15:11:25     1000   1109177    0.00    0.00    0.00    0.00    0.00     6      0.00      0.00   12840    5940   0.02      0.00      8.00      0.00       0  pidstat
15:11:25     1000   1109178    2.00    1.00    0.00    0.00    3.00    12      0.00      0.00 1101620  114228   0.35      0.00      0.00      0.00       0  ros2

# Time        UID       PID    %usr %system  %guest   %wait    %CPU   CPU  minflt/s  majflt/s     VSZ     RSS   %MEM   kB_rd/s   kB_wr/s kB_ccwr/s iodelay  Command
15:11:26        0         1    0.00    0.00    0.00    0.00    0.00    12     12.00      0.00   23564   14152   0.04     -1.00     -1.00     -1.00       0  systemd
15:11:26        0        48    0.00    1.00    0.00    0.00    1.00    10      0.00      0.00       0       0   0.00     -1.00     -1.00     -1.00       0  migration/10
15:11:26        0        54    0.00    1.00    0.00    0.00    1.00    12      0.00      0.00       0       0   0.00     -1.00     -1.00     -1.00       0  migration/12
15:11:26        0        85    0.00    1.00    0.00    0.00    1.00     3      0.00      0.00       0       0   0.00     -1.00     -1.00     -1.00       0  ksoftirqd/3
15:11:26        0       676    0.00    1.00    0.00    0.00    1.00     1      0.00      0.00       0       0   0.00     -1.00     -1.00     -1.00       0  irq/163-rtw89_pci
15:11:26      987      1079    0.00    0.00    0.00    0.00    0.00    13      2.00      0.00  393536   16000   0.05     -1.00     -1.00     -1.00       0  polkitd
15:11:26        0      1142    0.00    1.00    0.00    0.00    1.00     3      0.00      0.00   18372   11308   0.03     -1.00     -1.00     -1.00       0  wpa_supplicant
15:11:26        0      1370    0.00    1.00    0.00    0.00    1.00    13      0.00      0.00 2606064   21460   0.07     -1.00     -1.00     -1.00       0  containerd
15:11:26     1000      2324   15.00    4.00    0.00    0.00   19.00     2      7.00      0.00 5557288  381480   1.17      0.00      0.00      0.00       0  gnome-shell
15:11:26     1000      2622    5.00    1.00    0.00    0.00    6.00    15      0.00      0.00 5685392  233232   0.72      0.00      0.00      0.00       0  ToDesk
15:11:26        0      3243    0.00    1.00    0.00    0.00    1.00    12      0.00      0.00 2778564   68480   0.21     -1.00     -1.00     -1.00       0  ToDesk_Service
15:11:26     1000     10213    0.00    0.00    0.00    0.00    0.00     0      5.00      0.00 1212301312  153700   0.47      0.00      0.00      0.00       0  github-desktop
15:11:26     1000     10251    0.00    0.00    0.00    0.00    0.00     4      3.00      0.00 34566360  113132   0.35      0.00      0.00      0.00       0  github-desktop
15:11:26     1000     32140    1.00    0.00    0.00    0.00    1.00    14      0.00      0.00 11729028  752268   2.31      0.00      0.00      0.00       0  com.alibabainc.
15:11:26     1000     32292    0.00    0.00    0.00    0.00    0.00     2      2.00      0.00 1475368   79308   0.24      0.00      0.00      0.00       0  com.alibabainc.
15:11:26     1000     45971    1.00    0.00    0.00    0.00    1.00     3      4.00      0.00 50049280  218320   0.67      0.00      0.00      0.00       0  com.alibabainc.
15:11:26     1000     46026    0.00    0.00    0.00    0.00    0.00     8      4.00      0.00 73748840  447688   1.37      0.00      0.00      0.00       0  com.alibabainc.
15:11:26     1000     52294    0.00    0.00    0.00    0.00    0.00    12      1.00      0.00 53387424  466440   1.43      0.00      0.00      0.00       0  com.alibabainc.
15:11:26        0    332726    0.00    0.00    0.00    0.00    0.00    14      3.00      0.00  361696  237184   0.73     -1.00     -1.00     -1.00       0  systemd-journal
15:11:26     1000    425666    0.00    0.00    0.00    0.00    0.00    13      1.00      0.00 52125624  263384   0.81      0.00      0.00      0.00       0  com.alibabainc.
15:11:26     1000    577014    2.00    1.00    0.00    0.00    3.00     4     17.00      0.00 1521086700  394304   1.21      0.00      0.00      0.00       0  code
15:11:26     1000    577063    7.00    2.00    0.00    0.00    9.00     8      4.00      0.00 51395836  245936   0.75      0.00      0.00      0.00       0  code
15:11:26     1000    577160    2.00    0.00    0.00    0.00    2.00     5    108.00      0.00 1518795316  679292   2.09      0.00      0.00      0.00       0  code
15:11:26     1000    577241    0.00    0.00    0.00    0.00    0.00    13      1.00      0.00  673380  181896   0.56      0.00      0.00      0.00       0  codex
15:11:26     1000    853053    2.00    1.00    0.00    0.00    3.00    14     11.00      0.00 55950204  492424   1.51      0.00      8.00      0.00       0  chrome
15:11:26     1000    853103    7.00    3.00    0.00    0.00   10.00     4     60.00      0.00 56114716  339648   1.04      0.00      0.00      0.00       0  chrome
15:11:26     1000    853105    1.00    0.00    0.00    0.00    1.00    14     73.00      0.00 55066744   92556   0.28      0.00    264.00      0.00       0  chrome
15:11:26     1000    880405   24.00    3.00    0.00    0.00   27.00    15   1277.00      0.00 1518945076  557860   1.71      0.00      0.00      0.00       0  chrome
15:11:26     1000    881251    2.00    1.00    0.00    0.00    3.00     0   1928.00      0.00 72661500  496340   1.52      0.00      0.00      0.00       0  com.alibabainc.
15:11:26     1000    881951    1.00    0.00    0.00    0.00    1.00    14      0.00      0.00 55100564   60768   0.19      0.00      0.00      0.00       0  chrome
15:11:26     1000    910028    0.00    0.00    0.00    0.00    0.00     4     98.00      0.00 1524768228  400872   1.23      0.00      0.00      0.00       0  chrome
15:11:26        0   1052900    0.00    1.00    0.00    0.00    1.00     2      0.00      0.00       0       0   0.00     -1.00     -1.00     -1.00       0  kworker/2:0-events
15:11:26     1000   1074725    0.00    0.00    0.00    0.00    0.00    13     21.00      0.00  744288  182568   0.56      0.00      0.00      0.00       0  codex
15:11:26     1000   1075226    2.00    1.00    0.00    0.00    3.00    11    108.00      0.00 1518713316  329808   1.01      0.00      0.00      0.00       0  code
15:11:26        0   1101398    0.00    2.00    0.00    0.00    2.00    12      0.00      0.00       0       0   0.00     -1.00     -1.00     -1.00       0  kworker/u64:0-i915
15:11:26     1000   1109016    3.00    1.00    0.00    0.00    4.00    13      0.00      0.00  900112   35996   0.11      0.00      0.00      0.00       0  real_go2_input_
15:11:26     1000   1109017   12.00    0.00    0.00    0.00   12.00     9      0.00      0.00  888092   78340   0.24      0.00      0.00      0.00       0  python3
15:11:26     1000   1109018   43.00    1.00    0.00    0.00   44.00     5      1.00      0.00 1139596  291296   0.89      0.00      0.00      0.00       0  scan_planner_no
15:11:26     1000   1109019    2.00    1.00    0.00    0.00    3.00     2      1.00      0.00  751036   32324   0.10      0.00      0.00      0.00       0  closed_loop_con
15:11:26     1000   1109020    3.00    1.00    0.00    0.00    4.00    10      0.00      0.00  750792   31364   0.10      0.00      0.00      0.00       0  cmd_vel_safety_
15:11:26     1000   1109021   15.00    0.00    0.00    0.00   15.00     0      0.00      0.00  884000   72960   0.22      0.00    112.00      0.00       0  telemetry_recor
15:11:26     1000   1109177    0.00    1.00    0.00    0.00    1.00     6      0.00      0.00   12840    5940   0.02      0.00      8.00      0.00       0  pidstat
15:11:26     1000   1109178    1.00    2.00    0.00    0.00    3.00    12    272.00      0.00 1101620  115252   0.35      0.00      0.00      0.00       0  ros2

# Time        UID       PID    %usr %system  %guest   %wait    %CPU   CPU  minflt/s  majflt/s     VSZ     RSS   %MEM   kB_rd/s   kB_wr/s kB_ccwr/s iodelay  Command
15:11:27        0        15    0.00    1.00    0.00    0.00    1.00     8      0.00      0.00       0       0   0.00     -1.00     -1.00     -1.00       0  rcu_preempt
15:11:27        0       676    0.00    3.00    0.00    0.00    3.00     1      0.00      0.00       0       0   0.00     -1.00     -1.00     -1.00       0  irq/163-rtw89_pci
15:11:27     1000      2081    1.00    0.00    0.00    0.00    1.00    12      0.00      0.00  160440   48336   0.15      0.00      0.00      0.00       0  pipewire-pulse
15:11:27     1000      2324   10.00    4.00    0.00    1.00   14.00    14      0.00      0.00 5557288  381480   1.17      0.00      0.00      0.00       0  gnome-shell
15:11:27     1000      2622    6.00    2.00    0.00    0.00    8.00     6      0.00      0.00 5685392  233232   0.72      0.00      0.00      0.00       0  ToDesk
15:11:27        0      3243    1.00    1.00    0.00    0.00    2.00    15      0.00      0.00 2778564   68480   0.21     -1.00     -1.00     -1.00       0  ToDesk_Service
15:11:27     1000     32140    2.00    1.00    0.00    0.00    3.00     8      0.00      0.00 11729028  752268   2.31      0.00      0.00      0.00       0  com.alibabainc.
15:11:27     1000     45971    0.00    0.00    0.00    0.00    0.00     3      4.00      0.00 50049280  218320   0.67      0.00      0.00      0.00       0  com.alibabainc.
15:11:27     1000     46026    0.00    0.00    0.00    0.00    0.00     6      3.00      0.00 73748840  447688   1.37      0.00      0.00      0.00       0  com.alibabainc.
15:11:27     1000     52294    0.00    0.00    0.00    0.00    0.00    12      3.00      0.00 53387424  465108   1.43      0.00      0.00      0.00       0  com.alibabainc.
15:11:27     1000    156386    1.00    0.00    0.00    0.00    1.00    10      0.00      0.00 1788224   49216   0.15      0.00      0.00      0.00       0  nxplayer.bin
15:11:27        0    332726    0.00    0.00    0.00    0.00    0.00     8      2.00      0.00  361696  237184   0.73     -1.00     -1.00     -1.00       0  systemd-journal
15:11:27     1000    425666    0.00    0.00    0.00    0.00    0.00     6      1.00      0.00 52125624  263384   0.81      0.00      0.00      0.00       0  com.alibabainc.
15:11:27     1000    426077    1.00    0.00    0.00    0.00    1.00     9      0.00      0.00 50132492  528136   1.62      0.00      0.00      0.00       0  com.alibabainc.
15:11:27     1000    577014    1.00    0.00    0.00    0.00    1.00    13      7.00      0.00 1521086700  394304   1.21      0.00      0.00      0.00       0  code
15:11:27     1000    577063    5.00    2.00    0.00    0.00    7.00     2      9.00      0.00 51395828  245936   0.75      0.00      0.00      0.00       0  code
15:11:27     1000    577067    0.00    0.00    0.00    0.00    0.00     0      2.00      0.00 50711564   88336   0.27      0.00      0.00      0.00       0  code
15:11:27     1000    577160    1.00    0.00    0.00    0.00    1.00    14      0.00      0.00 1518795316  679292   2.09      0.00      0.00      0.00       0  code
15:11:27     1000    577170    0.00    0.00    0.00    0.00    0.00     1     10.00      0.00 1520378324  115388   0.35      0.00      0.00      0.00       0  code
15:11:27     1000    577241    0.00    0.00    0.00    0.00    0.00    13      1.00      0.00  673380  181896   0.56      0.00      0.00      0.00       0  codex
15:11:27     1000    853053    2.00    0.00    0.00    0.00    2.00     0      2.00      0.00 55950204  492424   1.51      0.00      0.00      0.00       0  chrome
15:11:27     1000    853103    6.00    2.00    0.00    0.00    8.00     7     33.00      0.00 56116764  339648   1.04      0.00      0.00      0.00       0  chrome
15:11:27     1000    853105    0.00    1.00    0.00    0.00    1.00    14      4.00      0.00 55066744   92556   0.28      0.00      0.00      0.00       0  chrome
15:11:27     1000    853115    0.00    0.00    0.00    0.00    0.00    15      3.00      0.00 55301888   57280   0.18      0.00      0.00      0.00       0  chrome
15:11:27     1000    880405   19.00    2.00    0.00    0.00   21.00     1    359.00      0.00 1518945076  557776   1.71      0.00      0.00      0.00       0  chrome
15:11:27     1000    881251    0.00    0.00    0.00    0.00    0.00     0      3.00      0.00 72661500  496340   1.52      0.00      0.00      0.00       0  com.alibabainc.
15:11:27     1000    881919    0.00    0.00    0.00    0.00    0.00    13      1.00      0.00 1518709608   97152   0.30      0.00      0.00      0.00       0  chrome
15:11:27     1000    882233    0.00    0.00    0.00    0.00    0.00     9      1.00      0.00 1518829448  204896   0.63      0.00      0.00      0.00       0  chrome
15:11:27     1000    885261    0.00    0.00    0.00    0.00    0.00    13     36.00      0.00 1518767504  326904   1.00      0.00      0.00      0.00       0  code
15:11:27     1000    888233    2.00    1.00    0.00    0.00    3.00     0      1.00      0.00 1754328  368608   1.13      0.00      0.00      0.00       0  gnome-system-mo
15:11:27     1000    913217    1.00    0.00    0.00    0.00    1.00     1      3.00      0.00 72299740  382432   1.17      0.00      0.00      0.00       0  com.alibabainc.
15:11:27     1000   1074666    0.00    1.00    0.00    0.00    1.00    10      0.00      0.00 1520369816  129956   0.40      0.00      0.00      0.00       0  code
15:11:27     1000   1074681    0.00    0.00    0.00    0.00    0.00     4     13.00      0.00 1520363292  313796   0.96      0.00      0.00      0.00       0  code
15:11:27     1000   1074725    1.00    0.00    0.00    0.00    1.00    13    162.00      0.00  744288  182568   0.56      0.00    172.00     72.00       0  codex
15:11:27     1000   1075226    3.00    0.00    0.00    0.00    3.00     0    110.00      0.00 1518713316  330192   1.01      0.00      0.00      0.00       0  code
15:11:27        0   1106397    0.00    1.00    0.00    0.00    1.00     8      0.00      0.00       0       0   0.00     -1.00     -1.00     -1.00       0  kworker/u65:2-i915_flip
15:11:27     1000   1109016    3.00    1.00    0.00    0.00    4.00     5      0.00      0.00  900112   35996   0.11      0.00      0.00      0.00       0  real_go2_input_
15:11:27     1000   1109017   11.00    1.00    0.00    0.00   12.00     6      0.00      0.00  888092   78340   0.24      0.00      0.00      0.00       0  python3
15:11:27     1000   1109018   43.00    0.00    0.00    0.00   43.00     8      0.00      0.00 1139596  291296   0.89      0.00      0.00      0.00       0  scan_planner_no
15:11:27     1000   1109019    2.00    1.00    0.00    1.00    3.00    15      0.00      0.00  751036   32324   0.10      0.00      0.00      0.00       0  closed_loop_con
15:11:27     1000   1109020    2.00    1.00    0.00    0.00    3.00     3      0.00      0.00  750792   31364   0.10      0.00      0.00      0.00       0  cmd_vel_safety_
15:11:27     1000   1109021   14.00    1.00    0.00    0.00   15.00     0      0.00      0.00  884000   72960   0.22      0.00    116.00      0.00       0  telemetry_recor
15:11:27     1000   1109177    0.00    0.00    0.00    0.00    0.00     6      0.00      0.00   12840    5940   0.02      0.00      4.00      0.00       0  pidstat
15:11:27     1000   1109178    3.00    1.00    0.00    0.00    4.00    12      0.00      0.00 1101620  115252   0.35      0.00      0.00      0.00       0  ros2

# Time        UID       PID    %usr %system  %guest   %wait    %CPU   CPU  minflt/s  majflt/s     VSZ     RSS   %MEM   kB_rd/s   kB_wr/s kB_ccwr/s iodelay  Command
15:11:28        0       676    0.00    2.00    0.00    0.00    2.00     1      0.00      0.00       0       0   0.00     -1.00     -1.00     -1.00       0  irq/163-rtw89_pci
15:11:28     1000      2324   13.00    3.00    0.00    0.00   16.00    14     13.00      0.00 5557356  381480   1.17      0.00      0.00      0.00       0  gnome-shell
15:11:28     1000      2558    1.00    0.00    0.00    0.00    1.00    15      0.00      0.00  394156    9912   0.03      0.00      0.00      0.00       0  gsd-sound
15:11:28     1000      2622    6.00    1.00    0.00    0.00    7.00     4      0.00      0.00 5685392  233232   0.72      0.00      0.00      0.00       0  ToDesk
15:11:28     1000      2801    0.00    0.00    0.00    0.00    0.00     6      1.00      0.00  809652  184916   0.57      0.00      0.00      0.00       0  Xwayland
15:11:28      123      3242    1.00    1.00    0.00    0.00    2.00     0      6.00      0.00 2382176   77480   0.24     -1.00     -1.00     -1.00       0  nxserver.bin
15:11:28        0      3243    1.00    2.00    0.00    0.00    3.00    15      0.00      0.00 2778564   68480   0.21     -1.00     -1.00     -1.00       0  ToDesk_Service
15:11:28     1000     10268    0.00    0.00    0.00    0.00    0.00    13      2.00      0.00 33882424   63200   0.19      0.00      0.00      0.00       0  github-desktop
15:11:28     1000     32140    1.00    0.00    0.00    0.00    1.00     8      0.00      0.00 11729028  752268   2.31      0.00      0.00      0.00       0  com.alibabainc.
15:11:28     1000     32287    0.00    0.00    0.00    0.00    0.00    10      0.00      0.00  656296   28664   0.09      0.00      4.00      0.00       0  com.alibabainc.
15:11:28     1000     45971    0.00    0.00    0.00    0.00    0.00     8      4.00      0.00 50049280  218320   0.67      0.00      0.00      0.00       0  com.alibabainc.
15:11:28        0    332726    0.00    0.00    0.00    0.00    0.00     6      1.00      0.00  361696  237184   0.73     -1.00     -1.00     -1.00       0  systemd-journal
15:11:28     1000    425666    0.00    0.00    0.00    0.00    0.00     4      1.00      0.00 52125624  263384   0.81      0.00      0.00      0.00       0  com.alibabainc.
15:11:28     1000    425773    0.00    0.00    0.00    0.00    0.00    10      1.00      0.00 50014516  390636   1.20      0.00      0.00      0.00       0  com.alibabainc.
15:11:28     1000    516139    0.00    0.00    0.00    0.00    0.00    15      1.00      0.00 5453760   36952   0.11      0.00      0.00      0.00       0  clash
15:11:28     1000    577014    2.00    1.00    0.00    0.00    3.00    15      1.00      0.00 1521086700  394304   1.21      0.00      0.00      0.00       0  code
15:11:28     1000    577063    7.00    1.00    0.00    0.00    8.00     1     62.00      0.00 51398208  246064   0.76      0.00      0.00      0.00       0  code
15:11:28     1000    577107    0.00    0.00    0.00    0.00    0.00     2      5.00      0.00 1520761120  592300   1.82      0.00      0.00      0.00       0  code
15:11:28     1000    577132    1.00    0.00    0.00    0.00    1.00     8      0.00      0.00 1520364784  380036   1.17      0.00      0.00      0.00       0  code
15:11:28     1000    577160    2.00    1.00    0.00    0.00    3.00    13      0.00      0.00 1518795316  679292   2.09      0.00      0.00      0.00       0  code
15:11:28     1000    577170    0.00    0.00    0.00    0.00    0.00     1      5.00      0.00 1520378324  115388   0.35      0.00      0.00      0.00       0  code
15:11:28     1000    577171    0.00    0.00    0.00    0.00    0.00     6     37.00      0.00 1520352992  124704   0.38      0.00      0.00      0.00       0  code
15:11:28     1000    577172    0.00    0.00    0.00    0.00    0.00    13      3.00      0.00 1520369816  113428   0.35      0.00      0.00      0.00       0  code
15:11:28     1000    577320    0.00    0.00    0.00    0.00    0.00     8     29.00      0.00 1520354644  108556   0.33      0.00      0.00      0.00       0  code
15:11:28     1000    853053    6.00    2.00    0.00    0.00    8.00    15   1387.00      0.00 55952516  492588   1.51    104.00    188.00      0.00       0  chrome
15:11:28     1000    853075    0.00    0.00    0.00    0.00    0.00    15     40.00      0.00 55234376   19268   0.06      0.00      0.00      0.00       0  chrome
15:11:28     1000    853103    6.00    2.00    0.00    0.00    8.00     9    406.00      0.00 56076156  331688   1.02      0.00      0.00      0.00       0  chrome
15:11:28     1000    853105    0.00    0.00    0.00    0.00    0.00    14     80.00      1.00 55066876   92720   0.28     44.00     28.00      0.00       0  chrome
15:11:28     1000    853115    0.00    0.00    0.00    0.00    0.00     6      7.00      0.00 55302016   57280   0.18      0.00      0.00      0.00       0  chrome
15:11:28     1000    853144    0.00    0.00    0.00    0.00    0.00    12     76.00      0.00 1518750072  118192   0.36      0.00      0.00      0.00       0  chrome
15:11:28     1000    880405   18.00    1.00    0.00    0.00   19.00     8    222.00      0.00 1518930676  549688   1.69      0.00      0.00      0.00       0  chrome
15:11:28     1000    881919    0.00    0.00    0.00    0.00    0.00    14      1.00      0.00 1518709608   97152   0.30      0.00      0.00      0.00       0  chrome
15:11:28     1000    885261   19.00    1.00    0.00    0.00   20.00     0    757.00      0.00 1518767504  318980   0.98      0.00      0.00      0.00       0  code
15:11:28        0   1049858    0.00    1.00    0.00    0.00    1.00     7      0.00      0.00       0       0   0.00     -1.00     -1.00     -1.00       0  kworker/u64:9-events_unbound
15:11:28     1000   1068542    0.00    0.00    0.00    0.00    0.00    15   1055.00      0.00 1518603764  109300   0.34      0.00      0.00      0.00       0  chrome
15:11:28        0   1074653    0.00    1.00    0.00    0.00    1.00     0      0.00      0.00       0       0   0.00     -1.00     -1.00     -1.00       0  kworker/u64:3-events_unbound
15:11:28     1000   1074666    0.00    0.00    0.00    0.00    0.00    11      4.00      0.00 1520369816  129956   0.40      0.00      0.00      0.00       0  code
15:11:28     1000   1074681    2.00    1.00    0.00    0.00    3.00     8    496.00      0.00 1520363292  314684   0.97      0.00      0.00      0.00       0  code
15:11:28     1000   1074725    1.00    1.00    0.00    0.00    2.00    13    451.00      0.00  744420  182696   0.56      0.00      0.00      0.00       0  codex
15:11:28     1000   1075226   12.00    0.00    0.00    0.00   12.00     4   1226.00      0.00 1518715364  334160   1.03      0.00      0.00      0.00       0  code
15:11:28        0   1101398    0.00    1.00    0.00    0.00    1.00    12      0.00      0.00       0       0   0.00     -1.00     -1.00     -1.00       0  kworker/u64:0-events_unbound
15:11:28        0   1108714    0.00    1.00    0.00    0.00    1.00    15      0.00      0.00       0       0   0.00     -1.00     -1.00     -1.00       0  kworker/15:1-i915-unordered
15:11:28     1000   1109016    4.00    2.00    0.00    0.00    6.00    10      0.00      0.00  900112   35996   0.11      0.00      0.00      0.00       0  real_go2_input_
15:11:28     1000   1109017   12.00    1.00    0.00    0.00   13.00     2      0.00      0.00  888092   78340   0.24      0.00      0.00      0.00       0  python3
15:11:28     1000   1109018   48.00    0.00    0.00    0.00   48.00     7      0.00      0.00 1139596  291296   0.89      0.00      0.00      0.00       0  scan_planner_no
15:11:28     1000   1109019    2.00    1.00    0.00    0.00    3.00    14      2.00      0.00  751036   32324   0.10      0.00      0.00      0.00       0  closed_loop_con
15:11:28     1000   1109020    4.00    0.00    0.00    0.00    4.00     4      0.00      0.00  750792   31364   0.10      0.00      0.00      0.00       0  cmd_vel_safety_
15:11:28     1000   1109021   16.00    0.00    0.00    0.00   16.00    13      0.00      0.00  884000   72960   0.22      0.00    120.00      0.00       0  telemetry_recor
15:11:28     1000   1109177    1.00    1.00    0.00    0.00    2.00     8      0.00      0.00   12840    5940   0.02      0.00      8.00      0.00       0  pidstat
15:11:28     1000   1109178    2.00    1.00    0.00    0.00    3.00    12      0.00      0.00 1101620  115252   0.35      0.00      0.00      0.00       0  ros2
15:11:28     1000   1109882    0.00    0.00    0.00    0.00    0.00     8   3158.00      0.00 1518593840   79064   0.24      0.00      0.00      0.00       0  chrome

# Time        UID       PID    %usr %system  %guest   %wait    %CPU   CPU  minflt/s  majflt/s     VSZ     RSS   %MEM   kB_rd/s   kB_wr/s kB_ccwr/s iodelay  Command
15:11:29        0        67    0.00    1.00    0.00    0.00    1.00    14      0.00      0.00       0       0   0.00     -1.00     -1.00     -1.00       0  ksoftirqd/14
15:11:29        0       676    0.00    1.00    0.00    0.00    1.00     1      0.00      0.00       0       0   0.00     -1.00     -1.00     -1.00       0  irq/163-rtw89_pci
15:11:29     1000      2075    1.00    1.00    0.00    0.00    2.00    13    106.00      0.00  121180   17308   0.05      0.00      0.00      0.00       0  pipewire
15:11:29     1000      2081    1.00    0.00    0.00    0.00    1.00     8     21.00      0.00  160524   48336   0.15      0.00      0.00      0.00       0  pipewire-pulse
15:11:29     1000      2324   20.00    3.00    0.00    0.00   23.00     7      4.00      0.00 5557356  381480   1.17      0.00      0.00      0.00       0  gnome-shell
15:11:29     1000      2622    5.00    2.00    0.00    0.00    7.00     8      0.00      0.00 5685392  233232   0.72      0.00      0.00      0.00       0  ToDesk
15:11:29      123      3242    0.00    1.00    0.00    0.00    1.00     0      1.00      0.00 2382180   77480   0.24     -1.00     -1.00     -1.00       0  nxserver.bin
15:11:29        0      3243    0.00    2.00    0.00    0.00    2.00     4      0.00      0.00 2778564   68480   0.21     -1.00     -1.00     -1.00       0  ToDesk_Service
15:11:29     1000     32140    1.00    0.00    0.00    0.00    1.00    10      0.00      0.00 11729028  752268   2.31      0.00      0.00      0.00       0  com.alibabainc.
15:11:29     1000     45971    0.00    0.00    0.00    0.00    0.00     8      4.00      0.00 50049280  218320   0.67      0.00      0.00      0.00       0  com.alibabainc.
15:11:29        0    332726    0.00    0.00    0.00    0.00    0.00    12     42.00      0.00  361696  237184   0.73     -1.00     -1.00     -1.00       0  systemd-journal
15:11:29     1000    425666    1.00    0.00    0.00    0.00    1.00    13      0.00      0.00 52125624  263384   0.81      0.00      0.00      0.00       0  com.alibabainc.
15:11:29     1000    426077    0.00    0.00    0.00    0.00    0.00     9      1.00      0.00 50132492  528136   1.62      0.00      0.00      0.00       0  com.alibabainc.
15:11:29     1000    516139    1.00    2.00    0.00    0.00    3.00     9      2.00      0.00 5453760   36952   0.11      0.00      0.00      0.00       0  clash
15:11:29     1000    577014    2.00    2.00    0.00    0.00    4.00    10      1.00      0.00 1521086700  394432   1.21      0.00      0.00      0.00       0  code
15:11:29     1000    577063    8.00    3.00    0.00    0.00   11.00     1    140.00      0.00 51410844  245904   0.75      0.00      0.00      0.00       0  code
15:11:29     1000    577132    0.00    0.00    0.00    0.00    0.00     2     27.00      0.00 1520364784  380036   1.17      0.00      0.00      0.00       0  code
15:11:29     1000    577160    1.00    0.00    0.00    0.00    1.00    13      0.00      0.00 1518795316  679292   2.09      0.00      0.00      0.00       0  code
15:11:29     1000    577170    0.00    0.00    0.00    0.00    0.00     2      1.00      0.00 1520378324  115388   0.35      0.00      0.00      0.00       0  code
15:11:29     1000    853053   23.00    5.00    0.00    0.00   28.00     0   1320.00      4.00 55962620  494028   1.52   2560.00    404.00      0.00       0  chrome
15:11:29     1000    853103   12.00    3.00    0.00    0.00   15.00     3   1411.00      1.00 56003664  340256   1.04     24.00      0.00      0.00       0  chrome
15:11:29     1000    853105    9.00    7.00    0.00    0.00   16.00    14   2335.00      0.00 55070976   94964   0.29    944.00   1440.00     24.00       0  chrome
15:11:29     1000    853115    1.00    0.00    0.00    0.00    1.00     2    594.00      0.00 55302016   57736   0.18      8.00      0.00      0.00       0  chrome
15:11:29     1000    880405   27.00    2.00    0.00    0.00   29.00    13    135.00      0.00 1518927636  547124   1.68      0.00      0.00      0.00       0  chrome
15:11:29     1000    881919    1.00    0.00    0.00    0.00    1.00    13    483.00      0.00 1518709676  107704   0.33      0.00      0.00      0.00       0  chrome
15:11:29     1000    881951    0.00    1.00    0.00    0.00    1.00    14     38.00      0.00 55174296   61056   0.19      0.00      0.00      0.00       0  chrome
15:11:29     1000    885261    1.00    1.00    0.00    0.00    2.00     2    719.00      0.00 1518767504  321540   0.99      0.00      0.00      0.00       0  code
15:11:29     1000    888233    0.00    1.00    0.00    0.00    1.00     2      0.00      0.00 1754328  368480   1.13      0.00      0.00      0.00       0  gnome-system-mo
15:11:29     1000    910028    0.00    0.00    0.00    0.00    0.00     4      1.00      0.00 1524768228  400872   1.23      0.00      0.00      0.00       0  chrome
15:11:29        0   1049858    0.00    2.00    0.00    0.00    2.00    10      0.00      0.00       0       0   0.00     -1.00     -1.00     -1.00       0  kworker/u64:9-events_unbound
15:11:29     1000   1068542   58.00   14.00    0.00    0.00   72.00    12  37331.00      9.00 1518812248  245272   0.75    172.00      0.00      0.00       0  chrome
15:11:29        0   1074653    0.00    1.00    0.00    0.00    1.00    10      0.00      0.00       0       0   0.00     -1.00     -1.00     -1.00       0  kworker/u64:3-i915
15:11:29     1000   1074681    2.00    0.00    0.00    0.00    2.00     4    246.00      0.00 1520363292  315708   0.97      0.00      4.00      0.00       0  code
15:11:29     1000   1074725    2.00    0.00    0.00    0.00    2.00    13    130.00      0.00  744332  182696   0.56      0.00    308.00    108.00       0  codex
15:11:29     1000   1075226   14.00    2.00    0.00    0.00   16.00     2   1573.00      0.00 1518727652  338060   1.04      0.00      0.00      0.00       0  code
15:11:29     1000   1109016    5.00    1.00    0.00    1.00    6.00     2      0.00      0.00  900112   35996   0.11      0.00      0.00      0.00       0  real_go2_input_
15:11:29     1000   1109017   14.00    0.00    0.00    1.00   14.00    11      0.00      0.00  888092   78340   0.24      0.00      0.00      0.00       0  python3
15:11:29     1000   1109018   60.00    1.00    0.00    0.00   61.00     3      0.00      0.00 1139596  291296   0.89      0.00      0.00      0.00       0  scan_planner_no
15:11:29     1000   1109019    3.00    1.00    0.00    0.00    4.00     2      0.00      0.00  751036   32324   0.10      0.00      0.00      0.00       0  closed_loop_con
15:11:29     1000   1109020    3.00    1.00    0.00    0.00    4.00    10      0.00      0.00  750792   31364   0.10      0.00      0.00      0.00       0  cmd_vel_safety_
15:11:29     1000   1109021   17.00    1.00    0.00    0.00   18.00    13      0.00      0.00  884000   72960   0.22      0.00    116.00      0.00       0  telemetry_recor
15:11:29     1000   1109177    0.00    1.00    0.00    0.00    1.00     8      0.00      0.00   12840    5940   0.02      0.00      8.00      0.00       0  pidstat
15:11:29     1000   1109178    2.00    1.00    0.00    0.00    3.00     2      0.00      0.00 1101620  115252   0.35      0.00      0.00      0.00       0  ros2

# Time        UID       PID    %usr %system  %guest   %wait    %CPU   CPU  minflt/s  majflt/s     VSZ     RSS   %MEM   kB_rd/s   kB_wr/s kB_ccwr/s iodelay  Command
15:11:30        0        15    0.00    1.00    0.00    0.00    1.00    12      0.00      0.00       0       0   0.00     -1.00     -1.00     -1.00       0  rcu_preempt
15:11:30        0       676    0.00    2.00    0.00    0.00    2.00     1      0.00      0.00       0       0   0.00     -1.00     -1.00     -1.00       0  irq/163-rtw89_pci
15:11:30        0      1141    1.00    0.00    0.00    0.00    1.00     2      0.00      0.00  625260   21556   0.07     -1.00     -1.00     -1.00       0  NetworkManager
15:11:30     1000      2079    0.00    0.00    0.00    0.00    0.00     9      0.00      0.00  407440   16568   0.05      0.00      4.00      0.00       0  wireplumber
15:11:30     1000      2081    0.00    1.00    0.00    0.00    1.00     8      0.00      0.00  160524   48336   0.15      0.00      0.00      0.00       0  pipewire-pulse
15:11:30     1000      2324   13.00    1.00    0.00    0.00   14.00     1     42.00      0.00 5557356  381480   1.17      0.00      0.00      0.00       0  gnome-shell
15:11:30     1000      2538    1.00    0.00    0.00    0.00    1.00    13      0.00      0.00  543976   11928   0.04      0.00      0.00      0.00       0  gsd-sharing
15:11:30     1000      2622    7.00    1.00    0.00    0.00    8.00     6      0.00      0.00 5685392  233232   0.72      0.00      0.00      0.00       0  ToDesk
15:11:30        0      3243    0.00    1.00    0.00    0.00    1.00     4      0.00      0.00 2778564   68480   0.21     -1.00     -1.00     -1.00       0  ToDesk_Service
15:11:30     1000     10213    0.00    0.00    0.00    0.00    0.00     0      8.00      0.00 1212301312  153700   0.47      0.00      0.00      0.00       0  github-desktop
15:11:30     1000     10251    0.00    0.00    0.00    0.00    0.00     4      3.00      0.00 34566360  113132   0.35      0.00      0.00      0.00       0  github-desktop
15:11:30     1000     32140    1.00    1.00    0.00    0.00    2.00     2      0.00      0.00 11729028  752268   2.31      0.00      0.00      0.00       0  com.alibabainc.
15:11:30     1000     45971    0.00    0.00    0.00    0.00    0.00    14      2.00      0.00 50049280  218320   0.67      0.00      0.00      0.00       0  com.alibabainc.
15:11:30        0    332726    0.00    0.00    0.00    0.00    0.00     6      1.00      0.00  361696  237184   0.73     -1.00     -1.00     -1.00       0  systemd-journal
15:11:30     1000    425666    0.00    0.00    0.00    0.00    0.00     0      1.00      0.00 52125624  263512   0.81      0.00      0.00      0.00       0  com.alibabainc.
15:11:30     1000    516139    1.00    1.00    0.00    0.00    2.00     9      0.00      0.00 5453760   36952   0.11      0.00      0.00      0.00       0  clash
15:11:30     1000    577014    2.00    0.00    0.00    0.00    2.00    14     17.00      0.00 1521086700  394432   1.21      0.00      0.00      0.00       0  code
15:11:30     1000    577063    9.00    1.00    0.00    0.00   10.00    10    123.00      0.00 51410956  246160   0.76      0.00      0.00      0.00       0  code
15:11:30     1000    577132    0.00    0.00    0.00    0.00    0.00    14      3.00      0.00 1520364784  380036   1.17      0.00      0.00      0.00       0  code
15:11:30     1000    577160    1.00    1.00    0.00    0.00    2.00     2    125.00      0.00 1518795316  679292   2.09      0.00      0.00      0.00       0  code
15:11:30     1000    577170    0.00    0.00    0.00    0.00    0.00     1      2.00      0.00 1520378324  115388   0.35      0.00      0.00      0.00       0  code
15:11:30     1000    577171    0.00    0.00    0.00    0.00    0.00     6      2.00      0.00 1520352992  124704   0.38      0.00      0.00      0.00       0  code
15:11:30     1000    577172    0.00    0.00    0.00    0.00    0.00    13      3.00      0.00 1520369816  113428   0.35      0.00      0.00      0.00       0  code
15:11:30     1000    577241    0.00    0.00    0.00    0.00    0.00    13      1.00      0.00  673380  181896   0.56      0.00      0.00      0.00       0  codex
15:11:30     1000    853053    3.00    2.00    0.00    0.00    5.00    12    319.00      0.00 55962620  493852   1.52    252.00     12.00      0.00       0  chrome
15:11:30     1000    853103   10.00    2.00    0.00    0.00   12.00     9   1135.00      0.00 56001392  339680   1.04     36.00      0.00      0.00       0  chrome
15:11:30     1000    853105    4.00    3.00    0.00    0.00    7.00    14    968.00      0.00 55066884   94012   0.29     84.00   1784.00     12.00       0  chrome
15:11:30     1000    853115    0.00    1.00    0.00    0.00    1.00     2    386.00      0.00 55302016   57612   0.18      0.00      0.00      0.00       0  chrome
15:11:30     1000    880405   34.00    2.00    0.00    0.00   36.00     8   1107.00      0.00 1518927636  550316   1.69      0.00      0.00      0.00       0  chrome
15:11:30     1000    881951    1.00    0.00    0.00    0.00    1.00     0      0.00      0.00 55174296   61056   0.19      0.00      0.00      0.00       0  chrome
15:11:30     1000    882233    0.00    0.00    0.00    0.00    0.00     0      0.00      0.00 1518829448  203924   0.63      0.00      0.00      0.00       0  chrome
15:11:30     1000    885261    1.00    0.00    0.00    0.00    1.00    10    841.00      0.00 1518767504  324740   1.00      0.00      0.00      0.00       0  code
15:11:30     1000    888088    0.00    0.00    0.00    0.00    0.00     0      0.00      0.00 1522741208  271864   0.83      0.00      0.00      0.00       0  chrome
15:11:30     1000    888233    3.00    1.00    0.00    0.00    4.00    13      2.00      0.00 1754332  368480   1.13      0.00      0.00      0.00       0  gnome-system-mo
15:11:30     1000    910028    0.00    0.00    0.00    0.00    0.00     4      0.00      0.00 1524768228  383376   1.18      0.00      0.00      0.00       0  chrome
15:11:30     1000   1068542   27.00    6.00    0.00    0.00   33.00     8  14972.00      0.00 1518808728  255032   0.78    128.00      0.00      0.00       0  chrome
15:11:30        0   1074653    0.00    1.00    0.00    0.00    1.00     6      0.00      0.00       0       0   0.00     -1.00     -1.00     -1.00       0  kworker/u64:3-events_unbound
15:11:30     1000   1074666    0.00    0.00    0.00    0.00    0.00    11      3.00      0.00 1520369816  129956   0.40      0.00      0.00      0.00       0  code
15:11:30     1000   1074681    1.00    0.00    0.00    0.00    1.00     6    297.00      0.00 1520363292  316988   0.97      0.00      0.00      0.00       0  code
15:11:30     1000   1074725    1.00    0.00    0.00    0.00    1.00    13     25.00      0.00  744184  182696   0.56      0.00      0.00      0.00       0  codex
15:11:30     1000   1075226   14.00    1.00    0.00    0.00   15.00     4   1738.00      0.00 1518727652  344276   1.06      0.00      0.00      0.00       0  code
15:11:30     1000   1109016    4.00    0.00    0.00    0.00    4.00     5      2.00      0.00  900116   35996   0.11      0.00      0.00      0.00       0  real_go2_input_
15:11:30     1000   1109017   15.00    1.00    0.00    0.00   16.00    14      0.00      0.00  888092   78340   0.24      0.00      0.00      0.00       0  python3
15:11:30     1000   1109018   60.00    0.00    0.00    0.00   60.00     0      0.00      0.00 1139596  291296   0.89      0.00      0.00      0.00       0  scan_planner_no
15:11:30     1000   1109019    3.00    1.00    0.00    0.00    4.00    13      0.00      0.00  751036   32324   0.10      0.00      0.00      0.00       0  closed_loop_con
15:11:30     1000   1109020    3.00    1.00    0.00    1.00    4.00     6      0.00      0.00  750792   31364   0.10      0.00      0.00      0.00       0  cmd_vel_safety_
15:11:30     1000   1109021   17.00    1.00    0.00    1.00   18.00    13      0.00      0.00  884000   72960   0.22      0.00    104.00      0.00       0  telemetry_recor
15:11:30     1000   1109177    0.00    1.00    0.00    0.00    1.00     6      0.00      0.00   12840    5940   0.02      0.00      8.00      0.00       0  pidstat
15:11:30     1000   1109178    2.00    1.00    0.00    0.00    3.00     6      2.00      0.00 1101620  115252   0.35      0.00      0.00      0.00       0  ros2

# Time        UID       PID    %usr %system  %guest   %wait    %CPU   CPU  minflt/s  majflt/s     VSZ     RSS   %MEM   kB_rd/s   kB_wr/s kB_ccwr/s iodelay  Command
15:11:31     1000      2324    2.00    2.00    0.00    0.00    4.00    12      2.00      0.00 5557356  381480   1.17      0.00      0.00      0.00       0  gnome-shell
15:11:31     1000      2622    5.00    1.00    0.00    0.00    6.00     8      0.00      0.00 5685392  233232   0.72      0.00      0.00      0.00       0  ToDesk
15:11:31        0      3243    2.00    2.00    0.00    0.00    4.00     2      0.00      0.00 2778564   68480   0.21     -1.00     -1.00     -1.00       0  ToDesk_Service
15:11:31     1000     32140    1.00    0.00    0.00    0.00    1.00    12      0.00      0.00 11729028  752268   2.31      0.00      0.00      0.00       0  com.alibabainc.
15:11:31     1000     45971    1.00    0.00    0.00    0.00    1.00     3      7.00      0.00 50049280  218320   0.67      0.00      0.00      0.00       0  com.alibabainc.
15:11:31        0    332726    0.00    0.00    0.00    0.00    0.00    14      1.00      0.00  361696  237184   0.73     -1.00     -1.00     -1.00       0  systemd-journal
15:11:31     1000    425666    0.00    0.00    0.00    0.00    0.00     0      2.00      0.00 52125624  263512   0.81      0.00      0.00      0.00       0  com.alibabainc.
15:11:31     1000    516139    0.00    1.00    0.00    0.00    1.00    15      0.00      0.00 5453760   36952   0.11      0.00      0.00      0.00       0  clash
15:11:31     1000    577014    0.00    2.00    0.00    1.00    2.00    13      0.00      0.00 1521086700  394432   1.21      0.00      0.00      0.00       0  code
15:11:31     1000    577063    8.00    2.00    0.00    0.00   10.00    10     88.00      0.00 51410956  246288   0.76      0.00      0.00      0.00       0  code
15:11:31     1000    577067    0.00    0.00    0.00    0.00    0.00     0      2.00      0.00 50711564   88336   0.27      0.00      0.00      0.00       0  code
15:11:31     1000    577107    0.00    0.00    0.00    0.00    0.00     2      0.00      0.00 1520761120  590972   1.81      0.00      0.00      0.00       0  code
15:11:31     1000    577160    2.00    0.00    0.00    0.00    2.00    14      0.00      0.00 1518795316  679292   2.09      0.00      0.00      0.00       0  code
15:11:31     1000    577172    0.00    1.00    0.00    0.00    1.00     6      0.00      0.00 1520369816  113428   0.35      0.00      0.00      0.00       0  code
15:11:31     1000    577241    0.00    0.00    0.00    0.00    0.00    13      1.00      0.00  673380  181896   0.56      0.00      0.00      0.00       0  codex
15:11:31     1000    853053    3.00    0.00    0.00    0.00    3.00     8    149.00      0.00 55959484  493364   1.51     24.00      4.00      0.00       0  chrome
15:11:31     1000    853103    0.00    0.00    0.00    0.00    0.00     9      7.00      0.00 55980980  331660   1.02      0.00      0.00      0.00       0  chrome
15:11:31     1000    853105    2.00    1.00    0.00    0.00    3.00    14    220.00      0.00 55066888   94580   0.29    116.00     64.00      0.00       0  chrome
15:11:31     1000    853115    0.00    0.00    0.00    0.00    0.00     8     56.00      0.00 55302016   57480   0.18      0.00     72.00      0.00       0  chrome
15:11:31     1000    880405   19.00    0.00    0.00    0.00   19.00     8     95.00      0.00 1518927636  550708   1.69      0.00      0.00      0.00       0  chrome
15:11:31     1000    881919    0.00    0.00    0.00    0.00    0.00     6      3.00      0.00 1518709676  107704   0.33      0.00      0.00      0.00       0  chrome
15:11:31     1000    881951    0.00    1.00    0.00    0.00    1.00     9      0.00      0.00 55174296   61056   0.19      0.00      0.00      0.00       0  chrome
15:11:31     1000    885261    1.00    1.00    0.00    0.00    2.00     8    880.00      0.00 1518767504  328324   1.01      0.00      0.00      0.00       0  code
15:11:31     1000    910028    1.00    0.00    0.00    0.00    1.00     6     17.00      0.00 1524768228  383504   1.18      0.00      0.00      0.00       0  chrome
15:11:31     1000   1068542    5.00    1.00    0.00    0.00    6.00    11   1659.00      0.00 1518809928  250700   0.77      0.00    784.00      0.00       0  chrome
15:11:31     1000   1074681    2.00    1.00    0.00    0.00    3.00     8   1732.00      0.00 1520363292  322236   0.99      0.00      0.00      0.00       0  code
15:11:31     1000   1074725    2.00    0.00    0.00    0.00    2.00    13    428.00      0.00  744244  182696   0.56      0.00    372.00    108.00       0  codex
15:11:31     1000   1075226   32.00    1.00    0.00    0.00   33.00     8   1595.00      0.00 1518727652  346760   1.06      0.00      0.00      0.00       0  code
15:11:31        0   1106397    0.00    1.00    0.00    0.00    1.00    11      0.00      0.00       0       0   0.00     -1.00     -1.00     -1.00       0  kworker/u65:2-rtw89_tx_wq
15:11:31     1000   1109012    0.00    0.00    0.00    0.00    0.00     0      1.00      0.00  204044   41564   0.13      0.00      0.00      0.00       0  ros2
15:11:31     1000   1109016    4.00    1.00    0.00    0.00    5.00     2      0.00      0.00  900116   35996   0.11      0.00      0.00      0.00       0  real_go2_input_
15:11:31     1000   1109017   12.00    0.00    0.00    0.00   12.00     4      0.00      0.00  888092   78340   0.24      0.00      0.00      0.00       0  python3
15:11:31     1000   1109018   65.00    0.00    0.00    1.00   65.00     6     36.00      0.00 1139596  291424   0.89      0.00      4.00      0.00       0  scan_planner_no
15:11:31     1000   1109019    2.00    0.00    0.00    0.00    2.00     8      0.00      0.00  751036   32324   0.10      0.00      0.00      0.00       0  closed_loop_con
15:11:31     1000   1109020    3.00    1.00    0.00    0.00    4.00    11      0.00      0.00  750792   31364   0.10      0.00      0.00      0.00       0  cmd_vel_safety_
15:11:31     1000   1109021   16.00    0.00    0.00    0.00   16.00     2      0.00      0.00  884000   72960   0.22      0.00    124.00      0.00       0  telemetry_recor
15:11:31     1000   1109177    1.00    0.00    0.00    0.00    1.00     5      0.00      0.00   12840    5940   0.02      0.00      8.00      0.00       0  pidstat
15:11:31     1000   1109178    2.00    1.00    0.00    0.00    3.00     6      0.00      0.00 1101620  115252   0.35      0.00      0.00      0.00       0  ros2

# Time        UID       PID    %usr %system  %guest   %wait    %CPU   CPU  minflt/s  majflt/s     VSZ     RSS   %MEM   kB_rd/s   kB_wr/s kB_ccwr/s iodelay  Command
15:11:32        0       676    0.00    1.00    0.00    0.00    1.00     1      0.00      0.00       0       0   0.00     -1.00     -1.00     -1.00       0  irq/163-rtw89_pci
15:11:32     1000      2324    2.00    0.00    0.00    0.00    2.00    14      1.00      0.00 5557164  381480   1.17      0.00      0.00      0.00       0  gnome-shell
15:11:32     1000      2622    6.00    1.00    0.00    0.00    7.00    10      0.00      0.00 5685392  233232   0.72      0.00      0.00      0.00       0  ToDesk
15:11:32      123      3242    1.00    0.00    0.00    0.00    1.00     0      0.00      0.00 2382180   77480   0.24     -1.00     -1.00     -1.00       0  nxserver.bin
15:11:32        0      3243    0.00    1.00    0.00    0.00    1.00     6      0.00      0.00 2778564   68480   0.21     -1.00     -1.00     -1.00       0  ToDesk_Service
15:11:32     1000     10268    0.00    0.00    0.00    0.00    0.00    13      2.00      0.00 33882424   63200   0.19      0.00      0.00      0.00       0  github-desktop
15:11:32     1000     32140    2.00    1.00    0.00    0.00    3.00    14      0.00      0.00 11729028  752268   2.31      0.00      4.00      0.00       0  com.alibabainc.
15:11:32     1000     45971    0.00    0.00    0.00    0.00    0.00     6      2.00      0.00 50049280  218320   0.67      0.00      0.00      0.00       0  com.alibabainc.
15:11:32        0    332726    0.00    0.00    0.00    0.00    0.00    13      1.00      0.00  361696  237184   0.73     -1.00     -1.00     -1.00       0  systemd-journal
15:11:32     1000    425666    0.00    0.00    0.00    0.00    0.00     0      1.00      0.00 52125624  263512   0.81      0.00      0.00      0.00       0  com.alibabainc.
15:11:32     1000    425773    1.00    0.00    0.00    0.00    1.00     4      0.00      0.00 50014516  390636   1.20      0.00      0.00      0.00       0  com.alibabainc.
15:11:32     1000    577014    2.00    1.00    0.00    0.00    3.00    15      7.00      0.00 1521086700  394432   1.21      0.00      0.00      0.00       0  code
15:11:32     1000    577063    8.00    2.00    0.00    0.00   10.00    15     94.00      0.00 51410820  246288   0.76      0.00      0.00      0.00       0  code
15:11:32     1000    577160    1.00    0.00    0.00    0.00    1.00    15      0.00      0.00 1518795316  679292   2.09      0.00      0.00      0.00       0  code
15:11:32     1000    577170    0.00    0.00    0.00    0.00    0.00    11     16.00      0.00 1520378324  115388   0.35      0.00      0.00      0.00       0  code
15:11:32     1000    577171    0.00    0.00    0.00    0.00    0.00     6     37.00      0.00 1520352992  124704   0.38      0.00      0.00      0.00       0  code
15:11:32     1000    577172    0.00    0.00    0.00    0.00    0.00     6      2.00      0.00 1520369816  113428   0.35      0.00      0.00      0.00       0  code
15:11:32     1000    577320    0.00    0.00    0.00    0.00    0.00     8     13.00      0.00 1520354644  108556   0.33      0.00      0.00      0.00       0  code
15:11:32     1000    853053    0.00    1.00    0.00    0.00    1.00     2     65.00      0.00 55959484  492556   1.51      0.00      0.00      0.00       0  chrome
15:11:32     1000    853103    0.00    0.00    0.00    0.00    0.00     9     15.00      0.00 55958800  329812   1.01      0.00      0.00      0.00       0  chrome
15:11:32     1000    853105    1.00    0.00    0.00    0.00    1.00    14     21.00      0.00 55066888   93900   0.29      0.00      0.00      0.00       0  chrome
15:11:32     1000    880405   14.00    1.00    0.00    0.00   15.00    13     37.00      0.00 1518927636  550836   1.69      0.00      0.00      0.00       0  chrome
15:11:32     1000    885261   18.00    0.00    0.00    0.00   18.00     5    903.00      0.00 1518767504  320392   0.98      0.00      0.00      0.00       0  code
15:11:32     1000   1068542    1.00    0.00    0.00    0.00    1.00    13      4.00      0.00 1518809928  249968   0.77      0.00      0.00      0.00       0  chrome
15:11:32        0   1074653    0.00    1.00    0.00    0.00    1.00    11      0.00      0.00       0       0   0.00     -1.00     -1.00     -1.00       0  kworker/u64:3-events_unbound
15:11:32     1000   1074666    0.00    0.00    0.00    0.00    0.00    11      3.00      0.00 1520369816  129956   0.40      0.00      0.00      0.00       0  code
15:11:32     1000   1074681    2.00    0.00    0.00    0.00    2.00    11    369.00      0.00 1520363292  323476   0.99      0.00      0.00      0.00       0  code
15:11:32     1000   1074725    1.00    0.00    0.00    0.00    1.00    13     22.00      0.00  744244  182696   0.56      0.00      0.00      0.00       0  codex
15:11:32     1000   1075226   12.00    1.00    0.00    0.00   13.00     4   1584.00      0.00 1518727652  349568   1.07      0.00      0.00      0.00       0  code
15:11:32     1000   1109016    3.00    1.00    0.00    0.00    4.00    13      0.00      0.00  900116   35996   0.11      0.00      0.00      0.00       0  real_go2_input_
15:11:32     1000   1109017   12.00    1.00    0.00    0.00   13.00    11      0.00      0.00  888092   78340   0.24      0.00      0.00      0.00       0  python3
15:11:32     1000   1109018   51.00    1.00    0.00    0.00   52.00    14      0.00      0.00 1139596  291424   0.89      0.00      0.00      0.00       0  scan_planner_no
15:11:32     1000   1109019    3.00    0.00    0.00    0.00    3.00     0      0.00      0.00  751036   32324   0.10      0.00      0.00      0.00       0  closed_loop_con
15:11:32     1000   1109020    3.00    1.00    0.00    0.00    4.00    13      0.00      0.00  750792   31364   0.10      0.00      0.00      0.00       0  cmd_vel_safety_
15:11:32     1000   1109021   14.00    1.00    0.00    0.00   15.00     1      0.00      0.00  884000   72960   0.22      0.00    112.00      0.00       0  telemetry_recor
15:11:32     1000   1109177    0.00    1.00    0.00    0.00    1.00     5      0.00      0.00   12840    5940   0.02      0.00      8.00      0.00       0  pidstat
15:11:32     1000   1109178    2.00    1.00    0.00    0.00    3.00     6      0.00      0.00 1101620  115252   0.35      0.00      0.00      0.00       0  ros2

# Time        UID       PID    %usr %system  %guest   %wait    %CPU   CPU  minflt/s  majflt/s     VSZ     RSS   %MEM   kB_rd/s   kB_wr/s kB_ccwr/s iodelay  Command
15:11:33     1000      2075    1.00    0.00    0.00    0.00    1.00    13      0.00      0.00  121180   17308   0.05      0.00      0.00      0.00       0  pipewire
15:11:33     1000      2081    1.00    0.00    0.00    0.00    1.00     0      0.00      0.00  160524   48336   0.15      0.00      0.00      0.00       0  pipewire-pulse
15:11:33     1000      2324    2.00    1.00    0.00    0.00    3.00     8      1.00      0.00 5557164  381480   1.17      0.00      0.00      0.00       0  gnome-shell
15:11:33     1000      2622    5.00    3.00    0.00    0.00    8.00     6      0.00      0.00 5685392  233232   0.72      0.00      0.00      0.00       0  ToDesk
15:11:33        0      3243    1.00    2.00    0.00    0.00    3.00     4      0.00      0.00 2778564   68480   0.21     -1.00     -1.00     -1.00       0  ToDesk_Service
15:11:33     1000     32140    0.00    1.00    0.00    0.00    1.00     6      0.00      0.00 11729028  752268   2.31      0.00      4.00      0.00       0  com.alibabainc.
15:11:33     1000     45971    0.00    0.00    0.00    0.00    0.00    15      4.00      0.00 50049280  218320   0.67      0.00      0.00      0.00       0  com.alibabainc.
15:11:33        0    332726    0.00    0.00    0.00    0.00    0.00    13      1.00      0.00  361696  237184   0.73     -1.00     -1.00     -1.00       0  systemd-journal
15:11:33     1000    577014    1.00    0.00    0.00    0.00    1.00     6      1.00      0.00 1521086700  394432   1.21      0.00      0.00      0.00       0  code
15:11:33     1000    577063    9.00    3.00    0.00    0.00   12.00     0    228.00      0.00 51411044  246272   0.76      0.00      0.00      0.00       0  code
15:11:33     1000    577107    0.00    0.00    0.00    0.00    0.00     2      5.00      0.00 1520761120  590972   1.81      0.00      0.00      0.00       0  code
15:11:33     1000    577132    0.00    0.00    0.00    0.00    0.00    14     26.00      0.00 1520364784  380036   1.17      0.00      0.00      0.00       0  code
15:11:33     1000    577160    2.00    1.00    0.00    0.00    3.00    14      0.00      0.00 1518795316  679292   2.09      0.00      0.00      0.00       0  code
15:11:33     1000    577320    0.00    0.00    0.00    0.00    0.00     8     16.00      0.00 1520354644  108556   0.33      0.00      0.00      0.00       0  code
15:11:33     1000    853053    0.00    0.00    0.00    0.00    0.00    13     31.00      0.00 55959484  492684   1.51      0.00     16.00      0.00       0  chrome
15:11:33     1000    853105    0.00    0.00    0.00    0.00    0.00    14     23.00      0.00 55066888   94028   0.29      0.00      0.00      0.00       0  chrome
15:11:33     1000    880405   13.00    1.00    0.00    0.00   14.00    14     61.00      0.00 1518927636  550836   1.69      0.00      0.00      0.00       0  chrome
15:11:33     1000    881951    1.00    0.00    0.00    0.00    1.00    13      0.00      0.00 55174296   61056   0.19      0.00      0.00      0.00       0  chrome
15:11:33     1000    882233    1.00    0.00    0.00    0.00    1.00     0      0.00      0.00 1518829448  203924   0.63      0.00      0.00      0.00       0  chrome
15:11:33     1000    885261    1.00    1.00    0.00    0.00    2.00    10    640.00      0.00 1518767504  322696   0.99      0.00      0.00      0.00       0  code
15:11:33     1000    888233    3.00    1.00    0.00    0.00    4.00    14      2.00      0.00 1754840  368480   1.13      0.00      0.00      0.00       0  gnome-system-mo
15:11:33     1000    913217    0.00    0.00    0.00    0.00    0.00     1      2.00      0.00 72299740  382432   1.17      0.00      0.00      0.00       0  com.alibabainc.
15:11:33     1000   1068542    0.00    0.00    0.00    0.00    0.00    13      0.00      0.00 1518809928  249392   0.77      0.00      0.00      0.00       0  chrome
15:11:33     1000   1074681    1.00    1.00    0.00    0.00    2.00    14    255.00      0.00 1520363292  324244   1.00      0.00      0.00      0.00       0  code
15:11:33     1000   1074725    2.00    0.00    0.00    0.00    2.00    13    115.00      0.00  744324  182824   0.56      0.00    372.00    104.00       0  codex
15:11:33     1000   1075226   16.00    1.00    0.00    0.00   17.00     8   2017.00      0.00 1518727652  352948   1.08      0.00      0.00      0.00       0  code
15:11:33     1000   1076599    0.00    0.00    0.00    0.00    0.00    13      0.00      0.00 1450897468   19852   0.06      0.00      0.00      0.00       0  codex-code-mode
15:11:33     1000   1109012    1.00    0.00    0.00    0.00    1.00     6      0.00      0.00  204044   41564   0.13      0.00      4.00      0.00       0  ros2
15:11:33     1000   1109016    4.00    1.00    0.00    0.00    5.00    14      0.00      0.00  900116   35996   0.11      0.00      0.00      0.00       0  real_go2_input_
15:11:33     1000   1109017   10.00    0.00    0.00    0.00   10.00     7      0.00      0.00  888092   78340   0.24      0.00      0.00      0.00       0  python3
15:11:33     1000   1109018   63.00    0.00    0.00    0.00   63.00     6    164.00      0.00 1139596  292064   0.90      0.00      0.00      0.00       0  scan_planner_no
15:11:33     1000   1109019    3.00    1.00    0.00    0.00    4.00     2      0.00      0.00  751036   32324   0.10      0.00      0.00      0.00       0  closed_loop_con
15:11:33     1000   1109020    3.00    1.00    0.00    0.00    4.00    15      0.00      0.00  750792   31364   0.10      0.00      0.00      0.00       0  cmd_vel_safety_
15:11:33     1000   1109021   16.00    0.00    0.00    0.00   16.00    12      0.00      0.00  884000   72960   0.22      0.00    104.00      0.00       0  telemetry_recor
15:11:33     1000   1109177    0.00    1.00    0.00    0.00    1.00     5      0.00      0.00   12840    5940   0.02      0.00      4.00      0.00       0  pidstat
15:11:33     1000   1109178    2.00    1.00    0.00    0.00    3.00     6      0.00      0.00 1101620  115252   0.35      0.00      0.00      0.00       0  ros2

# Time        UID       PID    %usr %system  %guest   %wait    %CPU   CPU  minflt/s  majflt/s     VSZ     RSS   %MEM   kB_rd/s   kB_wr/s kB_ccwr/s iodelay  Command
15:11:34        0       676    0.00    1.00    0.00    0.00    1.00     1      0.00      0.00       0       0   0.00     -1.00     -1.00     -1.00       0  irq/163-rtw89_pci
15:11:34      101      1072    1.00    0.00    0.00    0.00    1.00    10      0.00      0.00   12504    6632   0.02     -1.00     -1.00     -1.00       0  dbus-daemon
15:11:34     1000      2075    0.00    0.00    0.00    0.00    0.00    10      0.00      0.00  120384   16928   0.05      0.00      0.00      0.00       0  pipewire
15:11:34     1000      2079    1.00    0.00    0.00    0.00    1.00     9      0.00      0.00  407440   16568   0.05      0.00      0.00      0.00       0  wireplumber
15:11:34     1000      2081    0.00    0.00    0.00    0.00    0.00     0      0.00      0.00  160440   48336   0.15      0.00      0.00      0.00       0  pipewire-pulse
15:11:34     1000      2324    2.00    1.00    0.00    0.00    3.00     6      0.00      0.00 5557164  381480   1.17      0.00      0.00      0.00       0  gnome-shell
15:11:34     1000      2622    5.00    2.00    0.00    0.00    7.00     4      0.00      0.00 5685392  233232   0.72      0.00      0.00      0.00       0  ToDesk
15:11:34        0      3243    0.00    2.00    0.00    0.00    2.00     6      0.00      0.00 2778564   68480   0.21     -1.00     -1.00     -1.00       0  ToDesk_Service
15:11:34     1000     10213    0.00    0.00    0.00    0.00    0.00     0      4.00      0.00 1212301312  153700   0.47      0.00      0.00      0.00       0  github-desktop
15:11:34     1000     10251    0.00    0.00    0.00    0.00    0.00     5      3.00      0.00 34566360  113132   0.35      0.00      0.00      0.00       0  github-desktop
15:11:34     1000     32140    2.00    0.00    0.00    0.00    2.00    14      0.00      0.00 11729028  752268   2.31      0.00     28.00      0.00       0  com.alibabainc.
15:11:34     1000     45971    0.00    0.00    0.00    0.00    0.00    13      5.00      0.00 50049280  218320   0.67      0.00      0.00      0.00       0  com.alibabainc.
15:11:34        0    332726    0.00    0.00    0.00    0.00    0.00     4      2.00      0.00  361696  237184   0.73     -1.00     -1.00     -1.00       0  systemd-journal
15:11:34     1000    425666    0.00    0.00    0.00    0.00    0.00    12      2.00      0.00 52125624  263512   0.81      0.00      0.00      0.00       0  com.alibabainc.
15:11:34     1000    516139    1.00    0.00    0.00    0.00    1.00     0      0.00      0.00 5453760   36952   0.11      0.00      0.00      0.00       0  clash
15:11:34     1000    577014    2.00    1.00    0.00    0.00    3.00     4     16.00      0.00 1521086700  394432   1.21      0.00      0.00      0.00       0  code
15:11:34     1000    577063    9.00    1.00    0.00    0.00   10.00     7    139.00      0.00 51411220  246244   0.76      0.00      0.00      0.00       0  code
15:11:34     1000    577160    1.00    0.00    0.00    0.00    1.00     8    125.00      0.00 1518795316  679292   2.09      0.00      0.00      0.00       0  code
15:11:34     1000    577170    0.00    1.00    0.00    0.00    1.00    13      1.00      0.00 1520378324  115388   0.35      0.00      0.00      0.00       0  code
15:11:34     1000    853053    0.00    0.00    0.00    0.00    0.00     0      1.00      0.00 55959484  492684   1.51      0.00      0.00      0.00       0  chrome
15:11:34     1000    853105    0.00    0.00    0.00    0.00    0.00    14      9.00      0.00 55066888   94028   0.29      0.00      0.00      0.00       0  chrome
15:11:34     1000    853115    0.00    0.00    0.00    0.00    0.00     8      1.00      0.00 55302016   57480   0.18      0.00      0.00      0.00       0  chrome
15:11:34     1000    856924    1.00    0.00    0.00    0.00    1.00    15   1351.00      0.00 1518794828  259296   0.80      0.00      0.00      0.00       0  chrome
15:11:34     1000    880405   22.00    2.00    0.00    0.00   24.00    12     96.00      0.00 1518927636  551348   1.69      0.00      0.00      0.00       0  chrome
15:11:34     1000    881951    0.00    0.00    0.00    0.00    0.00     0      0.00      0.00 55108760   61056   0.19      0.00      0.00      0.00       0  chrome
15:11:34     1000    885261    1.00    1.00    0.00    0.00    2.00    13    838.00      0.00 1518767504  326152   1.00      0.00      0.00      0.00       0  code
15:11:34        0   1049858    0.00    1.00    0.00    0.00    1.00     8      0.00      0.00       0       0   0.00     -1.00     -1.00     -1.00       0  kworker/u64:9-ext4-rsv-conversion
15:11:34     1000   1068542    0.00    0.00    0.00    0.00    0.00    13      0.00      1.00 1518809928  248440   0.76     28.00      0.00      0.00       0  chrome
15:11:34     1000   1074681    3.00    0.00    0.00    0.00    3.00    11    205.00      0.00 1520363292  320584   0.98      0.00      0.00      0.00       0  code
15:11:34     1000   1074725    1.00    1.00    0.00    0.00    2.00    13     22.00      0.00  744324  182824   0.56      0.00      0.00      0.00       0  codex
15:11:34     1000   1075226   33.00    1.00    0.00    0.00   34.00     9   1394.00      0.00 1518727652  355732   1.09      0.00      0.00      0.00       0  code
15:11:34     1000   1109016    3.00    1.00    0.00    0.00    4.00    15      0.00      0.00  900116   35996   0.11      0.00      0.00      0.00       0  real_go2_input_
15:11:34     1000   1109017   11.00    1.00    0.00    0.00   12.00    14      1.00      0.00  888092   78340   0.24      0.00      0.00      0.00       0  python3
15:11:34     1000   1109018   45.00    1.00    0.00    0.00   46.00     8      0.00      0.00 1139596  292064   0.90      0.00      0.00      0.00       0  scan_planner_no
15:11:34     1000   1109019    2.00    0.00    0.00    1.00    2.00    12      1.00      0.00  751036   32500   0.10      0.00      0.00      0.00       0  closed_loop_con
15:11:34     1000   1109020    3.00    1.00    0.00    0.00    4.00    10      1.00      0.00  750792   31364   0.10      0.00      0.00      0.00       0  cmd_vel_safety_
15:11:34     1000   1109021   15.00    0.00    0.00    0.00   15.00     1      1.00      0.00  884000   72960   0.22      0.00    120.00      0.00       0  telemetry_recor
15:11:34     1000   1109177    0.00    0.00    0.00    0.00    0.00     5      0.00      0.00   12840    5940   0.02      0.00      8.00      0.00       0  pidstat
15:11:34     1000   1109178    1.00    2.00    0.00    0.00    3.00     8      0.00      0.00 1101620  115252   0.35      0.00      0.00      0.00       0  ros2

# Time        UID       PID    %usr %system  %guest   %wait    %CPU   CPU  minflt/s  majflt/s     VSZ     RSS   %MEM   kB_rd/s   kB_wr/s kB_ccwr/s iodelay  Command
15:11:35        0        60    0.00    1.00    0.00    0.00    1.00    13      0.00      0.00       0       0   0.00     -1.00     -1.00     -1.00       0  migration/13
15:11:35        0        72    0.00    1.00    0.00    0.00    1.00    15      0.00      0.00       0       0   0.00     -1.00     -1.00     -1.00       0  migration/15
15:11:35        0      1119    0.00    1.00    0.00    0.00    1.00     1      0.00      0.00  425208   10052   0.03     -1.00     -1.00     -1.00       0  thermald
15:11:35     1000      2075    0.00    1.00    0.00    0.00    1.00    10      0.00      0.00  120384   16928   0.05      0.00      0.00      0.00       0  pipewire
15:11:35     1000      2081    0.00    1.00    0.00    0.00    1.00     0      0.00      0.00  160440   48336   0.15      0.00      0.00      0.00       0  pipewire-pulse
15:11:35     1000      2324    1.00    0.00    0.00    0.00    1.00     8      0.00      0.00 5557164  381480   1.17      0.00      0.00      0.00       0  gnome-shell
15:11:35     1000      2622    5.00    1.00    0.00    0.00    6.00     5      0.00      0.00 5685392  233232   0.72      0.00      0.00      0.00       0  ToDesk
15:11:35        0      3243    1.00    1.00    0.00    0.00    2.00    14      0.00      0.00 2778564   68480   0.21     -1.00     -1.00     -1.00       0  ToDesk_Service
15:11:35     1000      6477    0.00    1.00    0.00    0.00    1.00    12      0.00      0.00  608556   37716   0.12      0.00      0.00      0.00       0  update-notifier
15:11:35     1000     10268    0.00    0.00    0.00    0.00    0.00    13      1.00      0.00 33882424   63200   0.19      0.00      0.00      0.00       0  github-desktop
15:11:35     1000     32140    1.00    1.00    0.00    0.00    2.00    15      0.00      0.00 11729028  752268   2.31      0.00      0.00      0.00       0  com.alibabainc.
15:11:35     1000     45971    0.00    0.00    0.00    0.00    0.00    14      4.00      0.00 50049280  218320   0.67      0.00      0.00      0.00       0  com.alibabainc.
15:11:35        0    332726    0.00    0.00    0.00    0.00    0.00    12      2.00      0.00  361696  237184   0.73     -1.00     -1.00     -1.00       0  systemd-journal
15:11:35     1000    516139    0.00    1.00    0.00    7.00    1.00    12      0.00      0.00 5453760   36952   0.11      0.00      0.00      0.00       0  clash
15:11:35     1000    577014    1.00    1.00    0.00    0.00    2.00     6      0.00      0.00 1521086700  394432   1.21      0.00      0.00      0.00       0  code
15:11:35     1000    577063    9.00    2.00    0.00    0.00   11.00     0     80.00      0.00 51411268  246500   0.76      0.00      0.00      0.00       0  code
15:11:35     1000    577067    0.00    0.00    0.00    0.00    0.00     0      2.00      0.00 50711564   88336   0.27      0.00      0.00      0.00       0  code
15:11:35     1000    577107    1.00    0.00    0.00    0.00    1.00     2      0.00      0.00 1520761120  590972   1.81      0.00      0.00      0.00       0  code
15:11:35     1000    577160    1.00    1.00    0.00    0.00    2.00    15      0.00      0.00 1518795316  679292   2.09      0.00      0.00      0.00       0  code
15:11:35     1000    577241    1.00    0.00    0.00    0.00    1.00    13      1.00      0.00  673380  181896   0.56      0.00      0.00      0.00       0  codex
15:11:35     1000    853053    1.00    0.00    0.00    0.00    1.00    13      0.00      0.00 55959484  492684   1.51      0.00      0.00      0.00       0  chrome
15:11:35     1000    853105    1.00    1.00    0.00    0.00    2.00    14    382.00      0.00 55066888   93740   0.29      0.00   1476.00      0.00       0  chrome
15:11:35     1000    853115    0.00    0.00    0.00    0.00    0.00    14      2.00      0.00 55302016   57480   0.18      0.00      0.00      0.00       0  chrome
15:11:35     1000    880405   14.00    2.00    0.00    0.00   16.00     2   1111.00      0.00 1518927636  554100   1.70      0.00      0.00      0.00       0  chrome
15:11:35     1000    882233    0.00    0.00    0.00    0.00    0.00     9      1.00      0.00 1518829448  203924   0.63      0.00      0.00      0.00       0  chrome
15:11:35     1000    885261    2.00    0.00    0.00    0.00    2.00     8    802.00      0.00 1518767504  329480   1.01      0.00      0.00      0.00       0  code
15:11:35     1000    888233    0.00    1.00    0.00    0.00    1.00    14      0.00      0.00 1754840  368480   1.13      0.00      0.00      0.00       0  gnome-system-mo
15:11:35     1000   1068542    0.00    0.00    0.00    0.00    0.00    14      1.00      0.00 1518809928  248440   0.76      0.00      0.00      0.00       0  chrome
15:11:35     1000   1074681    1.00    0.00    0.00    0.00    1.00     0      3.00      0.00 1520363292  320584   0.98      0.00      0.00      0.00       0  code
15:11:35     1000   1074725    2.00    0.00    0.00    0.00    2.00    13    301.00      0.00  744396  182824   0.56      0.00    332.00    104.00       0  codex
15:11:35     1000   1075226   16.00    1.00    0.00    0.00   17.00    14   3190.00      0.00 1518727652  363172   1.11      0.00      0.00      0.00       0  code
15:11:35     1000   1109016    3.00    2.00    0.00    0.00    5.00    15      0.00      0.00  900116   35996   0.11      0.00      0.00      0.00       0  real_go2_input_
15:11:35     1000   1109017   11.00    1.00    0.00    0.00   12.00    12      0.00      0.00  888092   78340   0.24      0.00      0.00      0.00       0  python3
15:11:35     1000   1109018   45.00    0.00    0.00    0.00   45.00     3      0.00      0.00 1139596  292064   0.90      0.00      0.00      0.00       0  scan_planner_no
15:11:35     1000   1109019    2.00    1.00    0.00    0.00    3.00     4      2.00      0.00  751036   32500   0.10      0.00      0.00      0.00       0  closed_loop_con
15:11:35     1000   1109020    3.00    1.00    0.00    1.00    4.00    13      0.00      0.00  750792   31364   0.10      0.00      0.00      0.00       0  cmd_vel_safety_
15:11:35     1000   1109021   14.00    1.00    0.00    0.00   15.00     6      0.00      0.00  884000   72960   0.22      0.00    104.00      0.00       0  telemetry_recor
15:11:35     1000   1109177    0.00    1.00    0.00    0.00    1.00     5      0.00      0.00   12840    5940   0.02      0.00      8.00      0.00       0  pidstat
15:11:35     1000   1109178    2.00    2.00    0.00    0.00    4.00     2      0.00      0.00 1101620  115252   0.35      0.00      0.00      0.00       0  ros2

# Time        UID       PID    %usr %system  %guest   %wait    %CPU   CPU  minflt/s  majflt/s     VSZ     RSS   %MEM   kB_rd/s   kB_wr/s kB_ccwr/s iodelay  Command
15:11:36     1000      2324    2.00    1.00    0.00    0.00    3.00     3      1.00      0.00 5557156  381480   1.17      0.00      0.00      0.00       0  gnome-shell
15:11:36     1000      2622    5.00    1.00    0.00    0.00    6.00     9      0.00      0.00 5685392  233232   0.72      0.00      0.00      0.00       0  ToDesk
15:11:36      123      3242    0.00    1.00    0.00    0.00    1.00     0      0.00      0.00 2382180   77480   0.24     -1.00     -1.00     -1.00       0  nxserver.bin
15:11:36        0      3243    1.00    2.00    0.00    0.00    3.00    12      0.00      0.00 2778564   68480   0.21     -1.00     -1.00     -1.00       0  ToDesk_Service
15:11:36     1000     10268    0.00    0.00    0.00    0.00    0.00    13      2.00      0.00 33882424   63200   0.19      0.00      0.00      0.00       0  github-desktop
15:11:36     1000     32140    1.00    0.00    0.00    0.00    1.00    15      0.00      0.00 11729028  752268   2.31      0.00      0.00      0.00       0  com.alibabainc.
15:11:36     1000     45971    1.00    0.00    0.00    0.00    1.00    14      4.00      0.00 50049280  218320   0.67      0.00      0.00      0.00       0  com.alibabainc.
15:11:36        0    332726    0.00    0.00    0.00    0.00    0.00    13      1.00      0.00  361696  237184   0.73     -1.00     -1.00     -1.00       0  systemd-journal
15:11:36     1000    425666    0.00    0.00    0.00    0.00    0.00    12      1.00      0.00 52125624  263512   0.81      0.00      0.00      0.00       0  com.alibabainc.
15:11:36     1000    516139    0.00    1.00    0.00    0.00    1.00    12      0.00      0.00 5453760   36952   0.11      0.00      0.00      0.00       0  clash
15:11:36     1000    577014    1.00    1.00    0.00    0.00    2.00    10      1.00      0.00 1521086700  394432   1.21      0.00      0.00      0.00       0  code
15:11:36     1000    577063   10.00    3.00    0.00    0.00   13.00     4      3.00      0.00 51411172  246500   0.76      0.00      0.00      0.00       0  code
15:11:36     1000    577160    2.00    0.00    0.00    0.00    2.00    14      0.00      0.00 1518795316  679292   2.09      0.00      0.00      0.00       0  code
15:11:36     1000    577170    0.00    0.00    0.00    0.00    0.00    13      6.00      0.00 1520378324  115388   0.35      0.00      0.00      0.00       0  code
15:11:36     1000    577171    0.00    0.00    0.00    0.00    0.00     6     37.00      0.00 1520352992  124704   0.38      0.00      0.00      0.00       0  code
15:11:36     1000    577172    0.00    0.00    0.00    0.00    0.00     5      3.00      0.00 1520369816  113428   0.35      0.00      0.00      0.00       0  code
15:11:36     1000    577320    0.00    0.00    0.00    0.00    0.00     8     12.00      0.00 1520354644  108556   0.33      0.00      0.00      0.00       0  code
15:11:36     1000    853053    0.00    0.00    0.00    0.00    0.00    14      8.00      0.00 55959484  492420   1.51      0.00      0.00     76.00       0  chrome
15:11:36     1000    853103    0.00    1.00    0.00    0.00    1.00     9      2.00      0.00 55958800  329556   1.01      0.00      0.00      0.00       0  chrome
15:11:36     1000    853105    1.00    2.00    0.00    0.00    3.00    14    724.00      0.00 55066888   93428   0.29      0.00   2768.00      0.00       0  chrome
15:11:36     1000    853115    2.00    1.00    0.00    0.00    3.00     2  14202.00      0.00 55302016   57640   0.18      0.00   3504.00      0.00       0  chrome
15:11:36     1000    880405   22.00    2.00    0.00    0.00   24.00     6   2472.00      0.00 1518927636  561480   1.72      0.00      0.00      0.00       0  chrome
15:11:36     1000    885261   18.00    1.00    0.00    0.00   19.00     8   1097.00      0.00 1518767504  321200   0.99      0.00      0.00      0.00       0  code
15:11:36     1000    888233    3.00    0.00    0.00    0.00    3.00    10      3.00      0.00 1754336  368480   1.13      0.00      0.00      0.00       0  gnome-system-mo
15:11:36     1000    910028    0.00    0.00    0.00    0.00    0.00    15     20.00      0.00 1524768228  377524   1.16      0.00      0.00      0.00       0  chrome
15:11:36     1000   1068542    0.00    0.00    0.00    0.00    0.00     3      2.00      0.00 1518809928  248440   0.76      0.00      0.00      0.00       0  chrome
15:11:36     1000   1074666    0.00    0.00    0.00    0.00    0.00    11      4.00      0.00 1520369816  129956   0.40      0.00      0.00      0.00       0  code
15:11:36     1000   1074681    2.00    1.00    0.00    0.00    3.00     3    314.00      0.00 1520363292  320624   0.98      0.00      0.00      0.00       0  code
15:11:36     1000   1074725    1.00    0.00    0.00    0.00    1.00    13     22.00      0.00  744396  182824   0.56      0.00      0.00      0.00       0  codex
15:11:36     1000   1075226   15.00    1.00    0.00    0.00   16.00     2   1873.00      0.00 1518727652  367784   1.13      0.00      0.00      0.00       0  code
15:11:36     1000   1076599    0.00    0.00    0.00    0.00    0.00    13      0.00      0.00 1450897440   19480   0.06      0.00      0.00      0.00       0  codex-code-mode
15:11:36     1000   1095170    1.00    0.00    0.00    0.00    1.00    13      0.00      0.00  883436   72492   0.22      0.00      0.00      0.00       0  python3
15:11:36     1000   1109016    4.00    0.00    0.00    0.00    4.00    13      0.00      0.00  900116   35996   0.11      0.00      0.00      0.00       0  real_go2_input_
15:11:36     1000   1109017   13.00    0.00    0.00    0.00   13.00     2      0.00      0.00  888092   78340   0.24      0.00      0.00      0.00       0  python3
15:11:36     1000   1109018   47.00    0.00    0.00    0.00   47.00    10      0.00      0.00 1139596  292064   0.90      0.00      0.00      0.00       0  scan_planner_no
15:11:36     1000   1109019    2.00    1.00    0.00    0.00    3.00     4      0.00      0.00  751036   32500   0.10      0.00      0.00      0.00       0  closed_loop_con
15:11:36     1000   1109020    2.00    1.00    0.00    0.00    3.00    11      0.00      0.00  750792   31364   0.10      0.00      0.00      0.00       0  cmd_vel_safety_
15:11:36     1000   1109021   16.00    0.00    0.00    0.00   16.00    14      0.00      0.00  884000   72960   0.22      0.00    108.00      0.00       0  telemetry_recor
15:11:36     1000   1109177    1.00    1.00    0.00    0.00    2.00     5      0.00      0.00   12840    5940   0.02      0.00      4.00      0.00       0  pidstat
15:11:36     1000   1109178    2.00    1.00    0.00    0.00    3.00     8      0.00      0.00 1101620  115252   0.35      0.00      0.00      0.00       0  ros2

# Time        UID       PID    %usr %system  %guest   %wait    %CPU   CPU  minflt/s  majflt/s     VSZ     RSS   %MEM   kB_rd/s   kB_wr/s kB_ccwr/s iodelay  Command
15:11:37        0       676    0.00    1.00    0.00    0.00    1.00     1      0.00      0.00       0       0   0.00     -1.00     -1.00     -1.00       0  irq/163-rtw89_pci
15:11:37     1000      2081    0.00    1.00    0.00    0.00    1.00     4      0.00      0.00  160440   48336   0.15      0.00      0.00      0.00       0  pipewire-pulse
15:11:37     1000      2324    5.00    2.00    0.00    0.00    7.00     1     13.00      0.00 5557428  381480   1.17      0.00      0.00      0.00       0  gnome-shell
15:11:37     1000      2622    6.00    1.00    0.00    0.00    7.00     5      0.00      0.00 5685392  233232   0.72      0.00      0.00      0.00       0  ToDesk
15:11:37        0      3243    1.00    1.00    0.00    0.00    2.00    13      1.00      0.00 2778564   68480   0.21     -1.00     -1.00     -1.00       0  ToDesk_Service
15:11:37     1000     32140    2.00    0.00    0.00    0.00    2.00    14      0.00      0.00 11729028  752268   2.31      0.00      0.00      0.00       0  com.alibabainc.
15:11:37     1000     45971    0.00    0.00    0.00    0.00    0.00    12      4.00      0.00 50049280  218320   0.67      0.00      0.00      0.00       0  com.alibabainc.
15:11:37        0    332726    0.00    0.00    0.00    0.00    0.00    13      2.00      0.00  361696  237184   0.73     -1.00     -1.00     -1.00       0  systemd-journal
15:11:37     1000    425666    0.00    0.00    0.00    0.00    0.00     0      1.00      0.00 52125624  263512   0.81      0.00      0.00      0.00       0  com.alibabainc.
15:11:37     1000    426077    1.00    0.00    0.00    0.00    1.00    14      0.00      0.00 50132492  528136   1.62      0.00      0.00      0.00       0  com.alibabainc.
15:11:37     1000    577014    1.00    1.00    0.00    0.00    2.00     6      7.00      0.00 1521086700  394560   1.21      0.00      0.00      0.00       0  code
15:11:37     1000    577063    9.00    2.00    0.00    0.00   11.00     2    194.00      0.00 51411204  246308   0.76      0.00      0.00      0.00       0  code
15:11:37     1000    577132    0.00    0.00    0.00    0.00    0.00     4     27.00      0.00 1520364784  380036   1.17      0.00      0.00      0.00       0  code
15:11:37     1000    577160    1.00    0.00    0.00    0.00    1.00    12      0.00      0.00 1518795316  679292   2.09      0.00      0.00      0.00       0  code
15:11:37     1000    577170    0.00    0.00    0.00    0.00    0.00    10      9.00      0.00 1520378324  115388   0.35      0.00      0.00      0.00       0  code
15:11:37     1000    853053    1.00    1.00    0.00    0.00    2.00     2     23.00      0.00 55959484  492420   1.51      0.00      0.00      0.00       0  chrome
15:11:37     1000    853103    1.00    0.00    0.00    0.00    1.00     9     39.00      0.00 55960884  329556   1.01      0.00      0.00      0.00       0  chrome
15:11:37     1000    853105    1.00    0.00    0.00    0.00    1.00    14    124.00      0.00 55066888   93496   0.29      0.00    476.00      0.00       0  chrome
15:11:37     1000    880405   20.00    2.00    0.00    0.00   22.00    14    883.00      0.00 1518927636  503312   1.54      0.00      0.00      0.00       0  chrome
15:11:37     1000    881919    0.00    0.00    0.00    0.00    0.00     6      3.00      0.00 1518709676  107704   0.33      0.00      0.00      0.00       0  chrome
15:11:37     1000    881951    1.00    0.00    0.00    0.00    1.00     0      0.00      0.00 55108760   61056   0.19      0.00      0.00      0.00       0  chrome
15:11:37     1000    882233    0.00    0.00    0.00    0.00    0.00     9      2.00      0.00 1518829448  203924   0.63      0.00      0.00      0.00       0  chrome
15:11:37     1000    885261    0.00    1.00    0.00    0.00    1.00     4    787.00      0.00 1518767504  324016   0.99      0.00      0.00      0.00       0  code
15:11:37     1000   1068542    2.00    0.00    0.00    0.00    2.00     3    108.00      0.00 1518813128  245892   0.75      0.00      0.00      0.00       0  chrome
15:11:37     1000   1074681    1.00    0.00    0.00    0.00    1.00     3    236.00      0.00 1520363292  321648   0.99      0.00      0.00      0.00       0  code
15:11:37     1000   1074725    2.00    1.00    0.00    0.00    3.00    13    105.00      0.00  744396  182824   0.56      0.00    568.00    172.00       0  codex
15:11:37     1000   1075226   14.00    1.00    0.00    0.00   15.00     8   1553.00      0.00 1518727652  371788   1.14      0.00      0.00      0.00       0  code
15:11:37     1000   1109016    4.00    1.00    0.00    0.00    5.00    14      0.00      0.00  900116   35996   0.11      0.00      0.00      0.00       0  real_go2_input_
15:11:37     1000   1109017   12.00    0.00    0.00    0.00   12.00     6      0.00      0.00  888092   78340   0.24      0.00      0.00      0.00       0  python3
15:11:37     1000   1109018   48.00    1.00    0.00    0.00   49.00     4      0.00      0.00 1139596  292064   0.90      0.00      0.00      0.00       0  scan_planner_no
15:11:37     1000   1109019    3.00    0.00    0.00    0.00    3.00    13      0.00      0.00  751036   32500   0.10      0.00      0.00      0.00       0  closed_loop_con
15:11:37     1000   1109020    3.00    1.00    0.00    0.00    4.00     3      0.00      0.00  750792   31364   0.10      0.00      0.00      0.00       0  cmd_vel_safety_
15:11:37     1000   1109021   14.00    1.00    0.00    0.00   15.00     2      0.00      0.00  884000   72960   0.22      0.00    104.00      0.00       0  telemetry_recor
15:11:37     1000   1109177    0.00    0.00    0.00    0.00    0.00     5      0.00      0.00   12840    5940   0.02      0.00      8.00      0.00       0  pidstat
15:11:37     1000   1109178    2.00    1.00    0.00    0.00    3.00     2      0.00      0.00 1101620  115252   0.35      0.00      0.00      0.00       0  ros2

# Time        UID       PID    %usr %system  %guest   %wait    %CPU   CPU  minflt/s  majflt/s     VSZ     RSS   %MEM   kB_rd/s   kB_wr/s kB_ccwr/s iodelay  Command
15:11:38     1000      2075    1.00    0.00    0.00    0.00    1.00    10      0.00      0.00  120384   16928   0.05      0.00      0.00      0.00       0  pipewire
15:11:38     1000      2324   12.00    2.00    0.00    0.00   14.00     3     10.00      0.00 5557172  381480   1.17      0.00      0.00      0.00       0  gnome-shell
15:11:38     1000      2622    5.00    2.00    0.00    0.00    7.00     6      0.00      0.00 5685392  233232   0.72      0.00      0.00      0.00       0  ToDesk
15:11:38     1000      2801    0.00    0.00    0.00    0.00    0.00     7      2.00      0.00  809652  184916   0.57      0.00      0.00      0.00       0  Xwayland
15:11:38        0      3243    0.00    2.00    0.00    0.00    2.00     6      0.00      0.00 2778564   68480   0.21     -1.00     -1.00     -1.00       0  ToDesk_Service
15:11:38     1000     10213    0.00    0.00    0.00    0.00    0.00     0      5.00      0.00 1212301312  153700   0.47      0.00      0.00      0.00       0  github-desktop
15:11:38     1000     10251    0.00    0.00    0.00    0.00    0.00     5      3.00      0.00 34566360  113132   0.35      0.00      0.00      0.00       0  github-desktop
15:11:38     1000     32140    1.00    1.00    0.00    0.00    2.00    14      0.00      0.00 11729028  752268   2.31      0.00     12.00      0.00       0  com.alibabainc.
15:11:38     1000     45971    0.00    0.00    0.00    0.00    0.00    14      7.00      0.00 50049280  218320   0.67      0.00      0.00      0.00       0  com.alibabainc.
15:11:38        0    332726    0.00    0.00    0.00    0.00    0.00    10      2.00      0.00  361696  237184   0.73     -1.00     -1.00     -1.00       0  systemd-journal
15:11:38     1000    425666    0.00    0.00    0.00    0.00    0.00     4      2.00      0.00 52125624  263512   0.81      0.00      0.00      0.00       0  com.alibabainc.
15:11:38     1000    516139    0.00    1.00    0.00    0.00    1.00    15      0.00      0.00 5453760   36952   0.11      0.00      0.00      0.00       0  clash
15:11:38     1000    577014    2.00    1.00    0.00    0.00    3.00    12     17.00      0.00 1521087724  394560   1.21      0.00      0.00      0.00       0  code
15:11:38     1000    577063    9.00    2.00    0.00    0.00   11.00     8    198.00      0.00 51412492  246272   0.76      0.00      0.00      0.00       0  code
15:11:38     1000    577107    0.00    0.00    0.00    0.00    0.00    11      5.00      0.00 1520761120  590972   1.81      0.00      0.00      0.00       0  code
15:11:38     1000    577160    2.00    0.00    0.00    0.00    2.00    15    125.00      0.00 1518795316  679292   2.09      0.00      0.00      0.00       0  code
15:11:38     1000    577320    0.00    0.00    0.00    0.00    0.00     8     14.00      0.00 1520354644  108556   0.33      0.00      0.00      0.00       0  code
15:11:38     1000    853053    8.00    2.00    0.00    0.00   10.00     2   2075.00      0.00 55964932  495368   1.52   3768.00    316.00      0.00       0  chrome
15:11:38     1000    853075    0.00    0.00    0.00    0.00    0.00    15     58.00      0.00 55234376   19268   0.06      0.00      0.00      0.00       0  chrome
15:11:38     1000    853103    4.00    2.00    0.00    0.00    6.00     0    402.00      0.00 55958124  329004   1.01     24.00      0.00      0.00       0  chrome
15:11:38     1000    853105    3.00    2.00    0.00    0.00    5.00    14   2750.00      0.00 55067016   94496   0.29    936.00    828.00      0.00       0  chrome
15:11:38     1000    853115    1.00    0.00    0.00    0.00    1.00    14      0.00      0.00 55302016   57640   0.18      0.00      0.00      0.00       0  chrome
15:11:38     1000    853144    0.00    0.00    0.00    0.00    0.00    13     36.00      0.00 1518750072  118320   0.36      0.00      0.00      0.00       0  chrome
15:11:38     1000    880405    9.00    1.00    0.00    0.00   10.00    13     43.00      0.00 1518927636  503440   1.55      0.00      0.00      0.00       0  chrome
15:11:38     1000    881919    0.00    0.00    0.00    0.00    0.00     6      6.00      0.00 1518709676  107868   0.33      0.00      0.00      0.00       0  chrome
15:11:38     1000    885261    1.00    0.00    0.00    0.00    1.00     5    749.00      0.00 1518767568  326832   1.00      0.00      0.00      0.00       0  code
15:11:38     1000    888233    0.00    1.00    0.00    0.00    1.00    13      0.00      0.00 1754336  368480   1.13      0.00      0.00      0.00       0  gnome-system-mo
15:11:38     1000    910028    0.00    0.00    0.00    0.00    0.00    15      2.00      0.00 1524768228  377524   1.16      0.00      0.00      0.00       0  chrome
15:11:38     1000   1068542   28.00    5.00    0.00    0.00   33.00     0  21208.00      0.00 1518806692  272728   0.84      0.00      0.00      0.00       0  chrome
15:11:38        0   1074653    0.00    1.00    0.00    0.00    1.00     5      0.00      0.00       0       0   0.00     -1.00     -1.00     -1.00       0  kworker/u64:3-i915
15:11:38     1000   1074681    2.00    0.00    0.00    0.00    2.00    14    579.00      0.00 1520363292  323016   0.99      0.00      0.00      0.00       0  code
15:11:38     1000   1074725    0.00    0.00    0.00    0.00    0.00    13     17.00      0.00  744396  182824   0.56      0.00      0.00      0.00       0  codex
15:11:38     1000   1075226   34.00    1.00    0.00    0.00   35.00    12   2209.00      0.00 1518727652  373704   1.15      0.00      0.00      0.00       0  code
15:11:38     1000   1109016    4.00    1.00    0.00    0.00    5.00     6      0.00      0.00  900116   35996   0.11      0.00      0.00      0.00       0  real_go2_input_
15:11:38     1000   1109017   15.00    1.00    0.00    0.00   16.00    13    107.00      0.00  888092   78352   0.24      0.00      0.00      0.00       0  python3
15:11:38     1000   1109018   50.00    0.00    0.00    0.00   50.00     7      0.00      0.00 1139596  292064   0.90      0.00      0.00      0.00       0  scan_planner_no
15:11:38     1000   1109019    3.00    1.00    0.00    0.00    4.00     4      0.00      0.00  751036   32500   0.10      0.00      0.00      0.00       0  closed_loop_con
15:11:38     1000   1109020    3.00    0.00    0.00    0.00    3.00     4      0.00      0.00  750792   31364   0.10      0.00      0.00      0.00       0  cmd_vel_safety_
15:11:38     1000   1109021   16.00    0.00    0.00    1.00   16.00     9      0.00      0.00  884000   72960   0.22      0.00    116.00      0.00       0  telemetry_recor
15:11:38     1000   1109177    0.00    1.00    0.00    0.00    1.00     5      0.00      0.00   12840    5940   0.02      0.00      4.00      0.00       0  pidstat
15:11:38     1000   1109178    2.00    1.00    0.00    0.00    3.00     2      0.00      0.00 1101620  115252   0.35      0.00      0.00      0.00       0  ros2
15:11:38     1000   1109882    1.00    1.00    0.00    0.00    2.00     6    591.00      0.00 1518595128   98028   0.30      0.00      0.00      0.00       0  chrome
15:11:38     1000   1109998    1.00    0.00    0.00    0.00    1.00     4   3162.00      0.00 1518593840   78888   0.24      0.00      0.00      0.00       0  chrome

# Time        UID       PID    %usr %system  %guest   %wait    %CPU   CPU  minflt/s  majflt/s     VSZ     RSS   %MEM   kB_rd/s   kB_wr/s kB_ccwr/s iodelay  Command
15:11:39        0        15    0.00    1.00    0.00    0.00    1.00    15      0.00      0.00       0       0   0.00     -1.00     -1.00     -1.00       0  rcu_preempt
15:11:39        0       676    0.00    1.00    0.00    0.00    1.00     1      0.00      0.00       0       0   0.00     -1.00     -1.00     -1.00       0  irq/163-rtw89_pci
15:11:39     1000      2075    0.00    0.00    0.00    0.00    0.00     1    108.00      0.00  121184   17312   0.05      0.00      0.00      0.00       0  pipewire
15:11:39     1000      2081    0.00    0.00    0.00    0.00    0.00     2     22.00      0.00  160528   48336   0.15      0.00      0.00      0.00       0  pipewire-pulse
15:11:39     1000      2324   16.00    3.00    0.00    0.00   19.00     0      1.00      0.00 5557164  381480   1.17      0.00      0.00      0.00       0  gnome-shell
15:11:39     1000      2622    6.00    2.00    0.00    0.00    8.00     4      0.00      0.00 5685392  233232   0.72      0.00      0.00      0.00       0  ToDesk
15:11:39     1000      2994    1.00    0.00    0.00    0.00    1.00    11      0.00      0.00 1931452  176212   0.54      0.00      0.00      0.00       0  xdg-desktop-por
15:11:39        0      3243    1.00    1.00    0.00    0.00    2.00     4      0.00      0.00 2778564   68480   0.21     -1.00     -1.00     -1.00       0  ToDesk_Service
15:11:39     1000      4056    0.00    0.00    0.00    0.00    0.00     3      1.00      0.00  896292  154828   0.48      0.00     20.00      0.00       0  x-terminal-emul
15:11:39     1000     32140    1.00    1.00    0.00    0.00    2.00     4      0.00      0.00 11729028  752268   2.31      0.00      0.00      0.00       0  com.alibabainc.
15:11:39     1000     45971    0.00    0.00    0.00    0.00    0.00     8      3.00      0.00 50049280  218320   0.67      0.00      0.00      0.00       0  com.alibabainc.
15:11:39     1000    156386    1.00    0.00    0.00    0.00    1.00    15      0.00      0.00 1788224   49216   0.15      0.00      0.00      0.00       0  nxplayer.bin
15:11:39        0    332726    0.00    0.00    0.00    0.00    0.00     6      1.00      0.00  361696  237184   0.73     -1.00     -1.00     -1.00       0  systemd-journal
15:11:39     1000    425666    0.00    0.00    0.00    0.00    0.00     3      2.00      0.00 52125624  263512   0.81      0.00      0.00      0.00       0  com.alibabainc.
15:11:39     1000    516139    1.00    0.00    0.00    0.00    1.00    13      0.00      0.00 5453760   36952   0.11      0.00      0.00      0.00       0  clash
15:11:39     1000    577014    1.00    1.00    0.00    0.00    2.00    13      1.00      0.00 1521087724  394560   1.21      0.00      0.00      0.00       0  code
15:11:39     1000    577063   10.00    1.00    0.00    0.00   11.00    12    155.00      0.00 51413068  246256   0.76      0.00      0.00      0.00       0  code
15:11:39     1000    577067    0.00    0.00    0.00    0.00    0.00     0      2.00      0.00 50711564   88336   0.27      0.00      0.00      0.00       0  code
15:11:39     1000    577160    1.00    0.00    0.00    0.00    1.00     1      0.00      0.00 1518795316  679292   2.09      0.00      0.00      0.00       0  code
15:11:39     1000    577170    0.00    0.00    0.00    0.00    0.00    10      1.00      0.00 1520378324  115388   0.35      0.00      0.00      0.00       0  code
15:11:39     1000    577241    0.00    0.00    0.00    0.00    0.00    13      1.00      0.00  673380  181896   0.56      0.00      0.00      0.00       0  codex
15:11:39     1000    853053   17.00    4.00    0.00    0.00   21.00    10   2063.00      4.00 55969096  495808   1.52   3268.00     64.00      0.00       0  chrome
15:11:39     1000    853103   10.00    2.00    0.00    0.00   12.00    10   1108.00      0.00 55964312  332604   1.02      0.00      0.00      0.00       0  chrome
15:11:39     1000    853105    6.00    5.00    0.00    0.00   11.00    14   1850.00      0.00 55067024   95064   0.29   1808.00    208.00      4.00       0  chrome
15:11:39     1000    853115    0.00    2.00    0.00    0.00    2.00     6  12591.00      0.00 55302144   57388   0.18      0.00      0.00      0.00       0  chrome
15:11:39     1000    853144    1.00    0.00    0.00    0.00    1.00    15     38.00      0.00 1518750072  118448   0.36      0.00      0.00      0.00       0  chrome
15:11:39     1000    880405    3.00    0.00    0.00    0.00    3.00    10    715.00      0.00 1518927636  506128   1.55      0.00      0.00      0.00       0  chrome
15:11:39     1000    881919    0.00    0.00    0.00    0.00    0.00     2    252.00      0.00 1518709680  108508   0.33      0.00      0.00      0.00       0  chrome
15:11:39     1000    881951    1.00    1.00    0.00    0.00    2.00     4     30.00      0.00 55174436   61056   0.19      0.00      0.00      0.00       0  chrome
15:11:39     1000    885261    2.00    1.00    0.00    0.00    3.00    13   1183.00      0.00 1518767568  330904   1.02      0.00      0.00      0.00       0  code
15:11:39     1000    888233    3.00    1.00    0.00    0.00    4.00    10      1.00      0.00 1754328  368480   1.13      0.00      0.00      0.00       0  gnome-system-mo
15:11:39     1000    910028    1.00    0.00    0.00    0.00    1.00     6    195.00      0.00 1522802148  377316   1.16      0.00      0.00      0.00       0  chrome
15:11:39        0    940783    0.00    1.00    0.00    1.00    1.00    14      0.00      0.00       0       0   0.00     -1.00     -1.00     -1.00       0  kworker/14:1-events
15:11:39        0   1049858    0.00    1.00    0.00    0.00    1.00    15      0.00      0.00       0       0   0.00     -1.00     -1.00     -1.00       0  kworker/u64:9-events_unbound
15:11:39     1000   1068542    2.00    0.00    0.00    0.00    2.00    14    726.00      1.00 1518806824  275544   0.85      4.00      0.00      0.00       0  chrome
15:11:39        0   1074653    0.00    1.00    0.00    0.00    1.00    12      0.00      0.00       0       0   0.00     -1.00     -1.00     -1.00       0  kworker/u64:3-i915
15:11:39     1000   1074681    1.00    1.00    0.00    0.00    2.00    15    337.00      0.00 1520363292  324168   1.00      0.00      0.00      0.00       0  code
15:11:39     1000   1074725    2.00    0.00    0.00    0.00    2.00    13     96.00      0.00  744596  182952   0.56      0.00    344.00    100.00       0  codex
15:11:39     1000   1075226   14.00    1.00    0.00    0.00   15.00     7   1641.00      0.00 1518727652  377792   1.16      0.00      0.00      0.00       0  code
15:11:39     1000   1109016    4.00    1.00    0.00    0.00    5.00     6      0.00      0.00  900116   35996   0.11      0.00      0.00      0.00       0  real_go2_input_
15:11:39     1000   1109017   15.00    0.00    0.00    0.00   15.00     8    107.00      0.00  888092   78352   0.24      0.00      0.00      0.00       0  python3
15:11:39     1000   1109018   50.00    0.00    0.00    0.00   50.00    13      0.00      0.00 1139596  292064   0.90      0.00      0.00      0.00       0  scan_planner_no
15:11:39     1000   1109019    2.00    1.00    0.00    1.00    3.00     6      0.00      0.00  751036   32500   0.10      0.00      0.00      0.00       0  closed_loop_con
15:11:39     1000   1109020    4.00    1.00    0.00    0.00    5.00     7      0.00      0.00  750792   31364   0.10      0.00      0.00      0.00       0  cmd_vel_safety_
15:11:39     1000   1109021   17.00    1.00    0.00    0.00   18.00     3      0.00      0.00  884000   72960   0.22      0.00    112.00      0.00       0  telemetry_recor
15:11:39     1000   1109177    0.00    1.00    0.00    0.00    1.00     5      0.00      0.00   12840    5940   0.02      0.00      8.00      0.00       0  pidstat
15:11:39     1000   1109178    2.00    1.00    0.00    0.00    3.00    12      0.00      0.00 1101620  115252   0.35      0.00      0.00      0.00       0  ros2
15:11:39     1000   1109882   33.00    6.00    0.00    0.00   39.00     9  26327.00      1.00 1518815288  226544   0.70    136.00      0.00      0.00       0  chrome

# Time        UID       PID    %usr %system  %guest   %wait    %CPU   CPU  minflt/s  majflt/s     VSZ     RSS   %MEM   kB_rd/s   kB_wr/s kB_ccwr/s iodelay  Command
15:11:40        0       142    0.00    3.00    0.00    0.00    3.00    11      0.00      0.00       0       0   0.00     -1.00     -1.00     -1.00       0  kswapd0
15:11:40        0      1071    1.00    1.00    0.00    0.00    2.00    13      0.00      0.00   15268    7648   0.02     -1.00     -1.00     -1.00       0  bluetoothd
15:11:40     1000      2079    0.00    0.00    0.00    0.00    0.00     9      0.00      0.00  407440   16568   0.05      0.00      4.00      0.00       0  wireplumber
15:11:40     1000      2081    1.00    1.00    0.00    0.00    2.00     0      0.00      0.00  160528   48336   0.15      0.00      0.00      0.00       0  pipewire-pulse
15:11:40     1000      2324   22.00    4.00    0.00    0.00   26.00     0     47.00      0.00 5557608  381736   1.17      0.00      0.00      0.00       0  gnome-shell
15:11:40     1000      2474    0.00    0.00    0.00    0.00    0.00     3      0.00      0.00 1279704   40020   0.12      0.00      0.00      0.00       0  evolution-sourc
15:11:40     1000      2622    6.00    1.00    0.00    0.00    7.00     0      0.00      0.00 5685392  231952   0.71      0.00      0.00      0.00       0  ToDesk
15:11:40     1000      2695    0.00    0.00    0.00    0.00    0.00     0      0.00      0.00  972020  129560   0.40      0.00      0.00      0.00       0  fcitx5
15:11:40     1000      2927    0.00    0.00    0.00    0.00    0.00     3      0.00      0.00  794924   76112   0.23      0.00      0.00      0.00       0  gsd-xsettings
15:11:40        0      3241    0.00    0.00    0.00    0.00    0.00     2      0.00      0.00 2722348   31472   0.10     -1.00     -1.00     -1.00       0  dockerd
15:11:40      123      3242    0.00    0.00    0.00    0.00    0.00     0      0.00      0.00 2382180   76072   0.23     -1.00     -1.00     -1.00       0  nxserver.bin
15:11:40        0      3243    1.00    1.00    0.00    0.00    2.00     4      0.00      0.00 2778564   67840   0.21     -1.00     -1.00     -1.00       0  ToDesk_Service
15:11:40     1000      4056    1.00    0.00    0.00    0.00    1.00    12      0.00      0.00  896292  154828   0.48      0.00      0.00      0.00       0  x-terminal-emul
15:11:40     1000     10268    0.00    0.00    0.00    0.00    0.00     8      3.00      0.00 33882424   63200   0.19      0.00      0.00      0.00       0  github-desktop
15:11:40     1000     32140    2.00    0.00    0.00    0.00    2.00     6      0.00      0.00 11729028  750732   2.30      0.00      0.00      0.00       0  com.alibabainc.
15:11:40     1000     45971    0.00    0.00    0.00    0.00    0.00    14      4.00      0.00 50049280  218320   0.67      0.00      0.00      0.00       0  com.alibabainc.
15:11:40     1000     46026    0.00    0.00    0.00    0.00    0.00     6      0.00      0.00 73748840  447560   1.37      0.00      0.00      0.00       0  com.alibabainc.
15:11:40     1000     52294    0.00    0.00    0.00    0.00    0.00    10      0.00      0.00 53387424  463828   1.42      0.00      0.00      0.00       0  com.alibabainc.
15:11:40        0    332726    0.00    0.00    0.00    0.00    0.00     8     19.00      0.00  361696  237184   0.73     -1.00     -1.00     -1.00       0  systemd-journal
15:11:40        0    340322    0.00    0.00    0.00    0.00    0.00     9      0.00      0.00   67252   32956   0.10     -1.00     -1.00     -1.00       0  python3
15:11:40     1000    425666    1.00    0.00    0.00    0.00    1.00     3      0.00      0.00 52125624  263512   0.81      0.00      0.00      0.00       0  com.alibabainc.
15:11:40     1000    516139    2.00    2.00    0.00    0.00    4.00    12     40.00      0.00 5453760   37080   0.11      0.00      0.00      0.00       0  clash
15:11:40     1000    577014    2.00    0.00    0.00    0.00    2.00    12      1.00      0.00 1521087724  394560   1.21      0.00      0.00      0.00       0  code
15:11:40     1000    577063   11.00    3.00    0.00    0.00   14.00    15    130.00      0.00 51413132  246512   0.76      0.00      0.00      0.00       0  code
15:11:40     1000    577160    2.00    1.00    0.00    0.00    3.00     8      0.00      0.00 1518795316  679292   2.09      0.00      0.00      0.00       0  code
15:11:40     1000    577170    1.00    0.00    0.00    0.00    1.00    13      5.00      0.00 1520378324  115388   0.35      0.00      0.00      0.00       0  code
15:11:40     1000    577171    0.00    0.00    0.00    0.00    0.00     6     37.00      0.00 1520352992  124704   0.38      0.00      0.00      0.00       0  code
15:11:40     1000    577172    0.00    0.00    0.00    0.00    0.00     6      3.00      0.00 1520369816  113428   0.35      0.00      0.00      0.00       0  code
15:11:40     1000    577320    0.00    0.00    0.00    0.00    0.00    12     12.00      0.00 1520354644  108556   0.33      0.00      0.00      0.00       0  code
15:11:40     1000    853053   17.00    6.00    0.00    0.00   23.00    13   4846.00      1.00 55969096  496388   1.52   4884.00   4752.00      0.00       0  chrome
15:11:40     1000    853103   14.00    4.00    0.00    0.00   18.00     9   1800.00      0.00 56059984  356312   1.09      0.00      0.00      0.00       0  chrome
15:11:40     1000    853105   15.00   10.00    0.00    0.00   25.00     8   7564.00      0.00 55066772   95444   0.29   3072.00   3220.00     56.00       0  chrome
15:11:40     1000    853115    1.00    3.00    0.00    0.00    4.00     8  15659.00      0.00 55302144   57520   0.18      0.00      0.00      0.00       0  chrome
15:11:40     1000    880405    3.00    1.00    0.00    0.00    4.00     3    985.00      0.00 1518927636  508940   1.56      0.00      0.00      0.00       0  chrome
15:11:40     1000    881919    1.00    1.00    0.00    0.00    2.00     0    256.00      0.00 1518709684  110436   0.34      0.00      0.00      0.00       0  chrome
15:11:40     1000    885261   22.00    1.00    0.00    0.00   23.00     4    654.00      0.00 1518767568  320128   0.98      0.00      0.00      0.00       0  code
15:11:40     1000    910028    1.00    1.00    0.00    0.00    2.00     3     27.00      0.00 1522802148  377444   1.16      0.00      0.00      0.00       0  chrome
15:11:40     1000   1068542    1.00    1.00    0.00    0.00    2.00    10    669.00      0.00 1518806824  276364   0.85      0.00      0.00      0.00       0  chrome
15:11:40        0   1074653    0.00    2.00    0.00    0.00    2.00     0      0.00      0.00       0       0   0.00     -1.00     -1.00     -1.00       0  kworker/u64:3-events_unbound
15:11:40     1000   1074666    0.00    0.00    0.00    0.00    0.00    11      4.00      0.00 1520369816  129956   0.40      0.00      0.00      0.00       0  code
15:11:40     1000   1074681    2.00    0.00    0.00    0.00    2.00    13    286.00      0.00 1520363292  324536   1.00      0.00      0.00      0.00       0  code
15:11:40     1000   1074725    2.00    0.00    0.00    0.00    2.00    13    151.00      0.00  744596  182952   0.56      0.00      0.00      0.00       0  codex
15:11:40     1000   1075226   13.00    1.00    0.00    0.00   14.00    11   1402.00      0.00 1518727652  381604   1.17      0.00      0.00      0.00       0  code
15:11:40        0   1106397    0.00    1.00    0.00    0.00    1.00    13      0.00      0.00       0       0   0.00     -1.00     -1.00     -1.00       0  kworker/u65:2-hci0
15:11:40     1000   1109016    7.00    1.00    0.00    1.00    8.00    13      0.00      0.00  900116   35996   0.11      0.00      0.00      0.00       0  real_go2_input_
15:11:40     1000   1109017   19.00    1.00    0.00    1.00   20.00    13      0.00      0.00  888092   78352   0.24      0.00      0.00      0.00       0  python3
15:11:40     1000   1109018   62.00    0.00    0.00    0.00   62.00    11      0.00      0.00 1139596  292064   0.90      0.00      0.00      0.00       0  scan_planner_no
15:11:40     1000   1109019    3.00    1.00    0.00    0.00    4.00    12      0.00      0.00  751036   32500   0.10      0.00      0.00      0.00       0  closed_loop_con
15:11:40     1000   1109020    4.00    1.00    0.00    1.00    5.00    15      0.00      0.00  750792   31364   0.10      0.00      0.00      0.00       0  cmd_vel_safety_
15:11:40     1000   1109021   23.00    0.00    0.00    0.00   23.00    15      0.00      0.00  884000   72960   0.22      0.00    100.00      0.00       0  telemetry_recor
15:11:40     1000   1109177    1.00    1.00    0.00    0.00    2.00     6      0.00      0.00   12840    5940   0.02      0.00      8.00      0.00       0  pidstat
15:11:40     1000   1109178    2.00    1.00    0.00    0.00    3.00     4      0.00      0.00 1101620  115252   0.35      0.00      0.00      0.00       0  ros2
15:11:40     1000   1109882  163.00   29.00    0.00    0.00  192.00     5 119849.00      5.00 1518892028  477308   1.47    100.00      0.00      0.00       0  chrome
15:11:40     1000   1109998    0.00    0.00    0.00    0.00    0.00     2      2.00      0.00 1518593840   79016   0.24      0.00      0.00      0.00       0  chrome

# Time        UID       PID    %usr %system  %guest   %wait    %CPU   CPU  minflt/s  majflt/s     VSZ     RSS   %MEM   kB_rd/s   kB_wr/s kB_ccwr/s iodelay  Command
15:11:41        0         1    0.00    0.00    0.00    0.00    0.00    15     13.00      0.00   23564   14152   0.04     -1.00     -1.00     -1.00       0  systemd
15:11:41        0       676    0.00    1.00    0.00    0.00    1.00     1      0.00      0.00       0       0   0.00     -1.00     -1.00     -1.00       0  irq/163-rtw89_pci
15:11:41      987      1079    0.00    0.00    0.00    0.00    0.00    14      2.00      0.00  393536   16000   0.05     -1.00     -1.00     -1.00       0  polkitd
15:11:41        0      1142    0.00    1.00    0.00    0.00    1.00     4      0.00      0.00   18372   11308   0.03     -1.00     -1.00     -1.00       0  wpa_supplicant
15:11:41     1000      2075    1.00    1.00    0.00    0.00    2.00     1      0.00      0.00  121184   17312   0.05      0.00      0.00      0.00       0  pipewire
15:11:41     1000      2324   16.00    2.00    0.00    0.00   18.00     1      6.00      0.00 5557604  381736   1.17      0.00      0.00      0.00       0  gnome-shell
15:11:41     1000      2622    6.00    2.00    0.00    0.00    8.00     2      0.00      0.00 5685392  231952   0.71      0.00      0.00      0.00       0  ToDesk
15:11:41        0      3243    0.00    2.00    0.00    0.00    2.00     4      0.00      0.00 2778564   67840   0.21     -1.00     -1.00     -1.00       0  ToDesk_Service
15:11:41     1000     32140    1.00    0.00    0.00    1.00    1.00    10      0.00      0.00 11729028  750732   2.30      0.00      0.00      0.00       0  com.alibabainc.
15:11:41     1000     45971    1.00    0.00    0.00    0.00    1.00     2      5.00      0.00 50049280  218320   0.67      0.00      0.00      0.00       0  com.alibabainc.
15:11:41     1000     52294    0.00    0.00    0.00    0.00    0.00    10      1.00      0.00 53387424  463828   1.42      0.00      0.00      0.00       0  com.alibabainc.
15:11:41        0    332726    0.00    0.00    0.00    0.00    0.00     6      2.00      0.00  361696  237184   0.73     -1.00     -1.00     -1.00       0  systemd-journal
15:11:41     1000    425666    0.00    0.00    0.00    0.00    0.00    15      1.00      0.00 52125624  263512   0.81      0.00      0.00      0.00       0  com.alibabainc.
15:11:41     1000    425773    1.00    0.00    0.00    0.00    1.00    12      0.00      0.00 50014516  390636   1.20      0.00      0.00      0.00       0  com.alibabainc.
15:11:41     1000    516139    0.00    1.00    0.00    0.00    1.00    15      0.00      0.00 5453760   37080   0.11      0.00      0.00      0.00       0  clash
15:11:41     1000    577014    2.00    1.00    0.00    0.00    3.00    10      1.00      0.00 1521087724  394560   1.21      0.00      0.00      0.00       0  code
15:11:41     1000    577063   10.00    1.00    0.00    0.00   11.00     2    259.00      0.00 51396552  245880   0.75      0.00      0.00      0.00       0  code
15:11:41     1000    577132    1.00    0.00    0.00    0.00    1.00    11     27.00      0.00 1520364784  380036   1.17      0.00      0.00      0.00       0  code
15:11:41     1000    577160    2.00    0.00    0.00    0.00    2.00    11      0.00      0.00 1518795316  679292   2.09      0.00      0.00      0.00       0  code
15:11:41     1000    577170    0.00    0.00    0.00    0.00    0.00    13      1.00      0.00 1520378324  115388   0.35      0.00      0.00      0.00       0  code
15:11:41     1000    577241    0.00    0.00    0.00    0.00    0.00    13      1.00      0.00  673380  181896   0.56      0.00      0.00      0.00       0  codex
15:11:41     1000    853053    8.00    2.00    0.00    0.00   10.00    14   1034.00      0.00 55969096  497424   1.53   1064.00     44.00      0.00       0  chrome
15:11:41     1000    853103    9.00    2.00    0.00    0.00   11.00     1     78.00      0.00 56119184  355860   1.09      0.00      0.00      0.00       0  chrome
15:11:41     1000    853105    6.00    4.00    0.00    0.00   10.00     8   1156.00      0.00 55067284   95388   0.29    284.00   1200.00     16.00       0  chrome
15:11:41     1000    853115    0.00    0.00    0.00    0.00    0.00    14    108.00      0.00 55302144   57724   0.18      0.00    204.00      0.00       0  chrome
15:11:41     1000    880405    1.00    0.00    0.00    3.00    1.00     2     54.00      0.00 1518927636  509068   1.56      0.00      0.00      0.00       0  chrome
15:11:41     1000    881919    1.00    0.00    0.00    0.00    1.00    13      8.00      0.00 1518709684  110564   0.34      0.00      0.00      0.00       0  chrome
15:11:41     1000    881951    1.00    1.00    0.00    0.00    2.00    14      0.00      0.00 55174436   61056   0.19      0.00      0.00      0.00       0  chrome
15:11:41     1000    885261    1.00    0.00    0.00    0.00    1.00    13    672.00      0.00 1518767568  322432   0.99      0.00      0.00      0.00       0  code
15:11:41     1000    910028    0.00    0.00    0.00    0.00    0.00     3     79.00      0.00 1522802148  377700   1.16      0.00      0.00      0.00       0  chrome
15:11:41     1000    913217    0.00    0.00    0.00    0.00    0.00     1      1.00      0.00 72299740  382432   1.17      0.00      0.00      0.00       0  com.alibabainc.
15:11:41     1000   1068542    0.00    0.00    0.00    0.00    0.00    13      3.00      0.00 1518806824  274944   0.84      0.00      0.00      0.00       0  chrome
15:11:41     1000   1074681    1.00    0.00    0.00    0.00    1.00     7    329.00      0.00 1520363292  325816   1.00      0.00      0.00      0.00       0  code
15:11:41     1000   1074725    1.00    0.00    0.00    0.00    1.00    13     68.00      0.00  744664  183080   0.56      0.00    400.00    100.00       0  codex
15:11:41     1000   1075226   11.00    1.00    0.00    0.00   12.00    14   1878.00      0.00 1518711396  386248   1.19      0.00      0.00      0.00       0  code
15:11:41        0   1108714    0.00    1.00    0.00    0.00    1.00    15      0.00      0.00       0       0   0.00     -1.00     -1.00     -1.00       0  kworker/15:1-i915-unordered
15:11:41     1000   1109012    0.00    0.00    0.00    0.00    0.00     2      1.00      0.00  204044   41564   0.13      0.00      4.00      0.00       0  ros2
15:11:41     1000   1109016    4.00    1.00    0.00    0.00    5.00    12      0.00      0.00  900116   35996   0.11      0.00      0.00      0.00       0  real_go2_input_
15:11:41     1000   1109017   16.00    0.00    0.00    0.00   16.00     7    110.00      0.00  888092   78392   0.24      0.00      0.00      0.00       0  python3
15:11:41     1000   1109018   73.00    1.00    0.00    0.00   74.00     5      2.00      0.00 1140148  292064   0.90      0.00      4.00      0.00       0  scan_planner_no
15:11:41     1000   1109019    2.00    1.00    0.00    0.00    3.00    10      0.00      0.00  751036   32500   0.10      0.00      0.00      0.00       0  closed_loop_con
15:11:41     1000   1109020    3.00    1.00    0.00    0.00    4.00    12      0.00      0.00  750792   31364   0.10      0.00      0.00      0.00       0  cmd_vel_safety_
15:11:41     1000   1109021   18.00    1.00    0.00    1.00   19.00     1      0.00      0.00  884000   72960   0.22      0.00    112.00      0.00       0  telemetry_recor
15:11:41     1000   1109177    0.00    0.00    0.00    0.00    0.00     6      0.00      0.00   12840    5940   0.02      0.00      8.00      0.00       0  pidstat
15:11:41     1000   1109178    3.00    1.00    0.00    0.00    4.00    12    556.00      0.00 1103840  116404   0.36      0.00      0.00      0.00       0  ros2
15:11:41     1000   1109882   45.00    6.00    0.00    0.00   51.00    11  11342.00      0.00 1518886608  502176   1.54      0.00    472.00      0.00       0  chrome

# Time        UID       PID    %usr %system  %guest   %wait    %CPU   CPU  minflt/s  majflt/s     VSZ     RSS   %MEM   kB_rd/s   kB_wr/s kB_ccwr/s iodelay  Command
15:11:42        0        54    0.00    1.00    0.00    0.00    1.00    12      0.00      0.00       0       0   0.00     -1.00     -1.00     -1.00       0  migration/12
15:11:42        0       676    0.00    3.00    0.00    0.00    3.00     1      0.00      0.00       0       0   0.00     -1.00     -1.00     -1.00       0  irq/163-rtw89_pci
15:11:42     1000      2324   11.00    3.00    0.00    0.00   14.00     1      1.00      0.00 5557156  381736   1.17      0.00      0.00      0.00       0  gnome-shell
15:11:42     1000      2622    5.00    1.00    0.00    0.00    6.00     2      0.00      0.00 5685392  231952   0.71      0.00      0.00      0.00       0  ToDesk
15:11:42        0      3243    1.00    2.00    0.00    0.00    3.00     6      0.00      0.00 2778564   67840   0.21     -1.00     -1.00     -1.00       0  ToDesk_Service
15:11:42     1000     10213    0.00    0.00    0.00    0.00    0.00     2      5.00      0.00 1212301312  153700   0.47      0.00      0.00      0.00       0  github-desktop
15:11:42     1000     10251    0.00    0.00    0.00    0.00    0.00     5      3.00      0.00 34566360  113132   0.35      0.00      0.00      0.00       0  github-desktop
15:11:42     1000     32140    1.00    0.00    0.00    0.00    1.00     4      0.00      0.00 11729028  750732   2.30      0.00      0.00      0.00       0  com.alibabainc.
15:11:42     1000     45971    0.00    0.00    0.00    0.00    0.00     1      4.00      0.00 50049280  218320   0.67      0.00      0.00      0.00       0  com.alibabainc.
15:11:42        0    332726    0.00    0.00    0.00    0.00    0.00     8      2.00      0.00  361696  237184   0.73     -1.00     -1.00     -1.00       0  systemd-journal
15:11:42     1000    425666    0.00    0.00    0.00    0.00    0.00    15      1.00      0.00 52125624  263512   0.81      0.00      0.00      0.00       0  com.alibabainc.
15:11:42     1000    425773    0.00    0.00    0.00    0.00    0.00     2      1.00      0.00 50014516  390636   1.20      0.00      0.00      0.00       0  com.alibabainc.
15:11:42     1000    577014    2.00    2.00    0.00    0.00    4.00     1     22.00      0.00 1521087724  394560   1.21      0.00      0.00      0.00       0  code
15:11:42     1000    577063   12.00    3.00    0.00    0.00   15.00     4    327.00      0.00 51398112  246424   0.76      0.00      0.00      0.00       0  code
15:11:42     1000    577160    1.00    0.00    0.00    3.00    1.00     6    125.00      0.00 1518795316  679292   2.09      0.00      0.00      0.00       0  code
15:11:42     1000    577170    0.00    0.00    0.00    0.00    0.00    13      9.00      0.00 1520378324  115516   0.35      0.00      0.00      0.00       0  code
15:11:42     1000    853053    1.00    1.00    0.00    0.00    2.00     3      0.00      0.00 55965896  497056   1.53      0.00      0.00      0.00       0  chrome
15:11:42     1000    853103    4.00    2.00    0.00    0.00    6.00    10     29.00      0.00 56159368  355568   1.09      0.00      0.00      0.00       0  chrome
15:11:42     1000    853105    0.00    0.00    0.00    0.00    0.00     8      1.00      0.00 55067284   95388   0.29      0.00      0.00      0.00       0  chrome
15:11:42     1000    880405    2.00    0.00    0.00    0.00    2.00     9     45.00      0.00 1518927636  509196   1.56      0.00      0.00      0.00       0  chrome
15:11:42     1000    881951    1.00    0.00    0.00    0.00    1.00    14      0.00      0.00 55174436   61056   0.19      0.00      0.00      0.00       0  chrome
15:11:42     1000    885261   22.00    1.00    0.00    0.00   23.00     1   2211.00      0.00 1518767568  319196   0.98      0.00      0.00      0.00       0  code
15:11:42     1000    888233    2.00    2.00    0.00    0.00    4.00    12      3.00      0.00 1754332  368480   1.13      0.00      0.00      0.00       0  gnome-system-mo
15:11:42        0   1049858    0.00    1.00    0.00    0.00    1.00     8      0.00      0.00       0       0   0.00     -1.00     -1.00     -1.00       0  kworker/u64:9-i915
15:11:42     1000   1068542    0.00    0.00    0.00    0.00    0.00    15      4.00      0.00 1518806824  274608   0.84      0.00      0.00      0.00       0  chrome
15:11:42        0   1074653    0.00    1.00    0.00    0.00    1.00    12      0.00      0.00       0       0   0.00     -1.00     -1.00     -1.00       0  kworker/u64:3-writeback
15:11:42     1000   1074681    3.00    1.00    0.00    0.00    4.00     3   1009.00      0.00 1520363292  328980   1.01      0.00      0.00      0.00       0  code
15:11:42     1000   1074725    3.00    1.00    0.00    0.00    4.00    13     68.00      0.00  744664  183080   0.56      0.00    400.00    108.00       0  codex
15:11:42     1000   1075226   52.00    2.00    0.00    0.00   54.00    10   4256.00      0.00 1518711780  395972   1.22      0.00      0.00      0.00       0  code
15:11:42     1000   1109012    0.00    0.00    0.00    0.00    0.00     2      0.00      0.00  204044   41564   0.13      0.00      4.00      0.00       0  ros2
15:11:42     1000   1109016    4.00    1.00    0.00    0.00    5.00     8      0.00      0.00  900116   35996   0.11      0.00      0.00      0.00       0  real_go2_input_
15:11:42     1000   1109017   13.00    1.00    0.00    0.00   14.00    15      0.00      0.00  888092   78392   0.24      0.00      0.00      0.00       0  python3
15:11:42     1000   1109018   57.00    0.00    0.00    1.00   57.00     7      1.00      0.00 1140148  292064   0.90      0.00      0.00      0.00       0  scan_planner_no
15:11:42     1000   1109019    3.00    1.00    0.00    1.00    4.00    13      0.00      0.00  751036   32500   0.10      0.00      0.00      0.00       0  closed_loop_con
15:11:42     1000   1109020    3.00    0.00    0.00    1.00    3.00     8      0.00      0.00  750792   31364   0.10      0.00      0.00      0.00       0  cmd_vel_safety_
15:11:42     1000   1109021   17.00    0.00    0.00    0.00   17.00    10      0.00      0.00  884000   72960   0.22      0.00    120.00      0.00       0  telemetry_recor
15:11:42     1000   1109177    0.00    1.00    0.00    0.00    1.00     1      0.00      0.00   12840    5940   0.02      0.00      8.00      0.00       0  pidstat
15:11:42     1000   1109178    2.00    1.00    0.00    0.00    3.00    12      0.00      0.00 1103840  116404   0.36      0.00      0.00      0.00       0  ros2
15:11:42     1000   1109882   17.00    2.00    0.00    0.00   19.00     4   1094.00      0.00 1518886608  505856   1.55      0.00      0.00      0.00       0  chrome

# Time        UID       PID    %usr %system  %guest   %wait    %CPU   CPU  minflt/s  majflt/s     VSZ     RSS   %MEM   kB_rd/s   kB_wr/s kB_ccwr/s iodelay  Command
15:11:43        0        15    0.00    1.00    0.00    0.00    1.00     9      0.00      0.00       0       0   0.00     -1.00     -1.00     -1.00       0  rcu_preempt
15:11:43        0       676    0.00    2.00    0.00    0.00    2.00     1      0.00      0.00       0       0   0.00     -1.00     -1.00     -1.00       0  irq/163-rtw89_pci
15:11:43     1000      2081    1.00    0.00    0.00    0.00    1.00     7      0.00      0.00  160528   48336   0.15      0.00      0.00      0.00       0  pipewire-pulse
15:11:43     1000      2324   12.00    4.00    0.00    0.00   16.00     0      0.00      0.00 5557156  381736   1.17      0.00      0.00      0.00       0  gnome-shell
15:11:43     1000      2622    5.00    2.00    0.00    0.00    7.00     4      0.00      0.00 5685392  231952   0.71      0.00      0.00      0.00       0  ToDesk
15:11:43        0      3243    0.00    2.00    0.00    0.00    2.00     6      0.00      0.00 2778564   67840   0.21     -1.00     -1.00     -1.00       0  ToDesk_Service
15:11:43     1000     32140    1.00    1.00    0.00    0.00    2.00     4      0.00      0.00 11729028  750732   2.30      0.00      0.00      0.00       0  com.alibabainc.
15:11:43     1000     45971    0.00    0.00    0.00    0.00    0.00     6      4.00      0.00 50049280  218320   0.67      0.00      0.00      0.00       0  com.alibabainc.
15:11:43        0    332726    0.00    0.00    0.00    0.00    0.00    10      1.00      0.00  361696  237184   0.73     -1.00     -1.00     -1.00       0  systemd-journal
15:11:43     1000    425666    0.00    0.00    0.00    0.00    0.00    14      1.00      0.00 52125624  263512   0.81      0.00      0.00      0.00       0  com.alibabainc.
15:11:43     1000    426077    0.00    0.00    0.00    0.00    0.00    14      1.00      0.00 50132492  528136   1.62      0.00      0.00      0.00       0  com.alibabainc.
15:11:43     1000    577014    1.00    0.00    0.00    0.00    1.00     2      1.00      0.00 1521087724  394560   1.21      0.00      0.00      0.00       0  code
15:11:43     1000    577063    8.00    2.00    0.00    0.00   10.00     4    125.00      0.00 51398296  246412   0.76      0.00      0.00      0.00       0  code
15:11:43     1000    577067    0.00    0.00    0.00    0.00    0.00     0      2.00      0.00 50711564   88336   0.27      0.00      0.00      0.00       0  code
15:11:43     1000    577107    0.00    0.00    0.00    0.00    0.00    14      7.00      0.00 1520761120  590972   1.81      0.00      0.00      0.00       0  code
15:11:43     1000    577160    2.00    0.00    0.00    0.00    2.00    11      0.00      0.00 1518795316  679292   2.09      0.00      0.00      0.00       0  code
15:11:43     1000    577241    0.00    0.00    0.00    0.00    0.00    13      1.00      0.00  673380  181896   0.56      0.00      0.00      0.00       0  codex
15:11:43     1000    577320    0.00    0.00    0.00    0.00    0.00     2     13.00      0.00 1520354644  108556   0.33      0.00      0.00      0.00       0  code
15:11:43     1000    853053    3.00    1.00    0.00    0.00    4.00     6     68.00      0.00 55965896  497184   1.53      0.00    384.00      0.00       0  chrome
15:11:43     1000    853103    6.00    2.00    0.00    0.00    8.00     8     29.00      0.00 56158848  355568   1.09      0.00      0.00      0.00       0  chrome
15:11:43     1000    853105    0.00    0.00    0.00    0.00    0.00     8    110.00      0.00 55067288   95388   0.29      0.00      8.00      8.00       0  chrome
15:11:43     1000    853115    0.00    0.00    0.00    0.00    0.00     0      8.00      0.00 55302144   57588   0.18      0.00      0.00      0.00       0  chrome
15:11:43     1000    880405    1.00    0.00    0.00    0.00    1.00    11     67.00      0.00 1518927636  509324   1.56     16.00    132.00      0.00       0  chrome
15:11:43     1000    881919    0.00    0.00    0.00    0.00    0.00    13      1.00      0.00 1518709684  110564   0.34      0.00      0.00      0.00       0  chrome
15:11:43     1000    885261    1.00    0.00    0.00    0.00    1.00     1    470.00      0.00 1518767568  320988   0.99      0.00      0.00      0.00       0  code
15:11:43        0   1049858    0.00    1.00    0.00    0.00    1.00    10      0.00      0.00       0       0   0.00     -1.00     -1.00     -1.00       0  kworker/u64:9-events_unbound
15:11:43     1000   1074666    0.00    0.00    0.00    0.00    0.00     6      1.00      0.00 1520369816  129956   0.40      0.00      0.00      0.00       0  code
15:11:43     1000   1074681    0.00    0.00    0.00    0.00    0.00    13    230.00      0.00 1520363292  329876   1.01      0.00      0.00      0.00       0  code
15:11:43     1000   1074725    0.00    0.00    0.00    0.00    0.00    13     37.00      0.00  744664  183080   0.56      0.00    324.00    100.00       0  codex
15:11:43     1000   1075226    6.00    1.00    0.00    0.00    7.00     6    226.00      0.00 1518711780  395676   1.21      0.00      0.00      0.00       0  code
15:11:43        0   1106397    0.00    1.00    0.00    0.00    1.00     3      0.00      0.00       0       0   0.00     -1.00     -1.00     -1.00       0  kworker/u65:2-i915_flip
15:11:43     1000   1109016    4.00    1.00    0.00    0.00    5.00    13      0.00      0.00  900116   35996   0.11      0.00      0.00      0.00       0  real_go2_input_
15:11:43     1000   1109017   11.00    1.00    0.00    0.00   12.00     6      0.00      0.00  888092   78392   0.24      0.00      0.00      0.00       0  python3
15:11:43     1000   1109018   39.00    1.00    0.00    0.00   40.00     5      2.00      0.00 1140148  292192   0.90      0.00      0.00      0.00       0  scan_planner_no
15:11:43     1000   1109019    2.00    1.00    0.00    0.00    3.00     9      0.00      0.00  751036   32500   0.10      0.00      0.00      0.00       0  closed_loop_con
15:11:43     1000   1109020    4.00    1.00    0.00    0.00    5.00    13      0.00      0.00  750792   31364   0.10      0.00      0.00      0.00       0  cmd_vel_safety_
15:11:43     1000   1109021   14.00    2.00    0.00    0.00   16.00     1      0.00      0.00  884000   72960   0.22      0.00    108.00      0.00       0  telemetry_recor
15:11:43     1000   1109177    1.00    0.00    0.00    0.00    1.00     1      0.00      0.00   12840    5940   0.02      0.00      8.00      0.00       0  pidstat
15:11:43     1000   1109178    2.00    1.00    0.00    0.00    3.00    12      0.00      0.00 1103840  113872   0.35      0.00      0.00      0.00       0  ros2
15:11:43     1000   1109882   18.00    2.00    0.00    0.00   20.00    12    862.00      0.00 1518886608  508800   1.56      0.00      0.00      0.00       0  chrome

# Time        UID       PID    %usr %system  %guest   %wait    %CPU   CPU  minflt/s  majflt/s     VSZ     RSS   %MEM   kB_rd/s   kB_wr/s kB_ccwr/s iodelay  Command
15:11:44        0       370    0.00    1.00    0.00    0.00    1.00    13      0.00      0.00       0       0   0.00     -1.00     -1.00     -1.00       0  kworker/13:1H-i915_cleanup
15:11:44        0       676    0.00    1.00    0.00    0.00    1.00     1      0.00      0.00       0       0   0.00     -1.00     -1.00     -1.00       0  irq/163-rtw89_pci
15:11:44     1000      2324   11.00    3.00    0.00    0.00   14.00     7      1.00      0.00 5557220  381736   1.17      0.00      0.00      0.00       0  gnome-shell
15:11:44     1000      2622    6.00    1.00    0.00    0.00    7.00     8      0.00      0.00 5685392  231952   0.71      0.00      0.00      0.00       0  ToDesk
15:11:44        0      3243    1.00    2.00    0.00    0.00    3.00     6      0.00      0.00 2778564   67840   0.21     -1.00     -1.00     -1.00       0  ToDesk_Service
15:11:44     1000     10268    0.00    0.00    0.00    0.00    0.00     8      3.00      0.00 33882424   63200   0.19      0.00      0.00      0.00       0  github-desktop
15:11:44     1000     32140    1.00    0.00    0.00    0.00    1.00     4      0.00      0.00 11729028  750732   2.30      0.00      0.00      0.00       0  com.alibabainc.
15:11:44     1000     32292    0.00    1.00    0.00    0.00    1.00     2      0.00      0.00 1475368   79308   0.24      0.00     96.00      0.00       0  com.alibabainc.
15:11:44     1000     45971    0.00    0.00    0.00    0.00    0.00     4      3.00      0.00 50049280  218320   0.67      0.00      0.00      0.00       0  com.alibabainc.
15:11:44        0    332726    0.00    0.00    0.00    0.00    0.00     4      1.00      0.00  361696  237184   0.73     -1.00     -1.00     -1.00       0  systemd-journal
15:11:44     1000    577014    1.00    1.00    0.00    0.00    2.00    10      1.00      0.00 1521087724  394560   1.21      0.00      0.00      0.00       0  code
15:11:44     1000    577063    6.00    2.00    0.00    0.00    8.00     8     58.00      0.00 51398776  246540   0.76      0.00      0.00      0.00       0  code
15:11:44     1000    577160    1.00    1.00    0.00    0.00    2.00     5      0.00      0.00 1518795316  679292   2.09      0.00      0.00      0.00       0  code
15:11:44     1000    577170    0.00    0.00    0.00    0.00    0.00    15      6.00      0.00 1520378324  115516   0.35      0.00      0.00      0.00       0  code
15:11:44     1000    577171    0.00    0.00    0.00    0.00    0.00     6     37.00      0.00 1520352992  124704   0.38      0.00      0.00      0.00       0  code
15:11:44     1000    577172    0.00    0.00    0.00    0.00    0.00     5      3.00      0.00 1520369816  113428   0.35      0.00      0.00      0.00       0  code
15:11:44     1000    577241    0.00    1.00    0.00    0.00    1.00    13      0.00      0.00  673380  181896   0.56      0.00      0.00      0.00       0  codex
15:11:44     1000    577320    0.00    0.00    0.00    0.00    0.00     2     12.00      0.00 1520354644  108556   0.33      0.00      0.00      0.00       0  code
15:11:44     1000    853053    1.00    0.00    0.00    0.00    1.00     8     11.00      0.00 55965896  495944   1.52      0.00    464.00      0.00       0  chrome
15:11:44     1000    853103    5.00    2.00    0.00    0.00    7.00     4     96.00      0.00 56158320  354768   1.09      0.00      0.00      0.00       0  chrome
15:11:44     1000    853105    1.00    0.00    0.00    0.00    1.00    10     34.00      0.00 55067288   94620   0.29      0.00      8.00      0.00       0  chrome
15:11:44     1000    880405    2.00    0.00    0.00    0.00    2.00     6     60.00      0.00 1518927636  509580   1.56      0.00      0.00      0.00       0  chrome
15:11:44     1000    881951    1.00    0.00    0.00    0.00    1.00    13      0.00      0.00 55174436   61056   0.19      0.00      0.00      0.00       0  chrome
15:11:44     1000    885261    0.00    1.00    0.00    0.00    1.00     1    326.00      0.00 1518767568  322268   0.99      0.00      0.00      0.00       0  code
15:11:44     1000    888233    1.00    0.00    0.00    0.00    1.00    14      0.00      0.00 1754332  368480   1.13      0.00      0.00      0.00       0  gnome-system-mo
15:11:44        0   1049858    0.00    1.00    0.00    0.00    1.00     8      0.00      0.00       0       0   0.00     -1.00     -1.00     -1.00       0  kworker/u64:9-events_unbound
15:11:44     1000   1073729    1.00    0.00    0.00    0.00    1.00     1      0.00      0.00  877608   71244   0.22      0.00      0.00      0.00       0  python3
15:11:44     1000   1074666    0.00    0.00    0.00    0.00    0.00     6      4.00      0.00 1520369816  129956   0.40      0.00      0.00      0.00       0  code
15:11:44     1000   1074681    1.00    0.00    0.00    0.00    1.00     3    120.00      0.00 1520363292  329844   1.01      0.00      0.00      0.00       0  code
15:11:44     1000   1074725    1.00    1.00    0.00    0.00    2.00    13     18.00      0.00  744664  183080   0.56      0.00      0.00      0.00       0  codex
15:11:44     1000   1075226    5.00    1.00    0.00    0.00    6.00    10    277.00      0.00 1518712292  395612   1.21      0.00      0.00      0.00       0  code
15:11:44     1000   1109016    3.00    1.00    0.00    0.00    4.00     9      0.00      0.00  900116   35996   0.11      0.00      0.00      0.00       0  real_go2_input_
15:11:44     1000   1109017   12.00    0.00    0.00    0.00   12.00     2      0.00      0.00  888092   78392   0.24      0.00      0.00      0.00       0  python3
15:11:44     1000   1109018   41.00    0.00    0.00    0.00   41.00     8      3.00      0.00 1140360  292192   0.90      0.00      0.00      0.00       0  scan_planner_no
15:11:44     1000   1109019    3.00    0.00    0.00    0.00    3.00    12      4.00      0.00  751152   32500   0.10      0.00      0.00      0.00       0  closed_loop_con
15:11:44     1000   1109020    3.00    1.00    0.00    0.00    4.00     6      0.00      0.00  750792   31364   0.10      0.00      0.00      0.00       0  cmd_vel_safety_
15:11:44     1000   1109021   15.00    0.00    0.00    0.00   15.00    10      0.00      0.00  884000   72960   0.22      0.00    124.00      0.00       0  telemetry_recor
15:11:44     1000   1109177    0.00    1.00    0.00    0.00    1.00     1      0.00      0.00   12840    5940   0.02      0.00      8.00      0.00       0  pidstat
15:11:44     1000   1109178    2.00    1.00    0.00    0.00    3.00    13      0.00      0.00 1103840  113872   0.35      0.00      0.00      0.00       0  ros2
15:11:44     1000   1109882   22.00    1.00    0.00    0.00   23.00     0    768.00      0.00 1518886608  511232   1.57      0.00      0.00      0.00       0  chrome

# Time        UID       PID    %usr %system  %guest   %wait    %CPU   CPU  minflt/s  majflt/s     VSZ     RSS   %MEM   kB_rd/s   kB_wr/s kB_ccwr/s iodelay  Command
15:11:45        0       676    0.00    2.00    0.00    0.00    2.00     1      0.00      0.00       0       0   0.00     -1.00     -1.00     -1.00       0  irq/163-rtw89_pci
15:11:45        0      1370    0.00    1.00    0.00    0.00    1.00    13      0.00      0.00 2606064   21460   0.07     -1.00     -1.00     -1.00       0  containerd
15:11:45     1000      2075    1.00    0.00    0.00    0.00    1.00     1      0.00      0.00  121184   17312   0.05      0.00      0.00      0.00       0  pipewire
15:11:45     1000      2081    0.00    1.00    0.00    0.00    1.00     6      0.00      0.00  160528   48336   0.15      0.00      0.00      0.00       0  pipewire-pulse
15:11:45     1000      2324   11.00    3.00    0.00    1.00   14.00    12     15.00      0.00 5557220  381736   1.17      0.00      0.00      0.00       0  gnome-shell
15:11:45     1000      2622    4.00    2.00    0.00    0.00    6.00     6      0.00      0.00 5685392  231952   0.71      0.00      0.00      0.00       0  ToDesk
15:11:45        0      3241    1.00    0.00    0.00    0.00    1.00     2      0.00      0.00 2722348   31472   0.10     -1.00     -1.00     -1.00       0  dockerd
15:11:45        0      3243    0.00    1.00    0.00    0.00    1.00     5      0.00      0.00 2778564   67840   0.21     -1.00     -1.00     -1.00       0  ToDesk_Service
15:11:45     1000     10213    0.00    0.00    0.00    0.00    0.00     2      3.00      0.00 1212301312  153700   0.47      0.00      0.00      0.00       0  github-desktop
15:11:45     1000     32140    1.00    1.00    0.00    0.00    2.00    14      0.00      0.00 11729028  750732   2.30      0.00      0.00      0.00       0  com.alibabainc.
15:11:45     1000     45971    0.00    0.00    0.00    0.00    0.00    12      4.00      0.00 50049280  218320   0.67      0.00      0.00      0.00       0  com.alibabainc.
15:11:45        0    332726    0.00    0.00    0.00    0.00    0.00    14      1.00      0.00  361696  237184   0.73     -1.00     -1.00     -1.00       0  systemd-journal
15:11:45     1000    425666    0.00    0.00    0.00    0.00    0.00    15      2.00      0.00 52125624  263512   0.81      0.00      0.00      0.00       0  com.alibabainc.
15:11:45     1000    516139    0.00    1.00    0.00    0.00    1.00    13      0.00      0.00 5453760   37080   0.11      0.00      0.00      0.00       0  clash
15:11:45     1000    577014    1.00    1.00    0.00    0.00    2.00    14      2.00      0.00 1521087724  394560   1.21      0.00      0.00      0.00       0  code
15:11:45     1000    577063    6.00    1.00    0.00    0.00    7.00     6     63.00      0.00 51395592  245988   0.76      0.00      0.00      0.00       0  code
15:11:45     1000    577132    0.00    0.00    0.00    0.00    0.00    11     30.00      0.00 1520364784  380036   1.17      0.00      0.00      0.00       0  code
15:11:45     1000    577160    2.00    0.00    0.00    0.00    2.00     3      0.00      0.00 1518795316  679292   2.09      0.00      0.00      0.00       0  code
15:11:45     1000    577170    0.00    0.00    0.00    0.00    0.00     0      1.00      0.00 1520378324  115516   0.35      0.00      0.00      0.00       0  code
15:11:45     1000    577171    0.00    0.00    0.00    0.00    0.00     6      2.00      0.00 1520352992  124704   0.38      0.00      0.00      0.00       0  code
15:11:45     1000    577172    0.00    0.00    0.00    0.00    0.00     5      3.00      0.00 1520369816  113428   0.35      0.00      0.00      0.00       0  code
15:11:45     1000    577241    0.00    0.00    0.00    0.00    0.00    13      1.00      0.00  673380  181896   0.56      0.00      0.00      0.00       0  codex
15:11:45     1000    577320    0.00    0.00    0.00    0.00    0.00     2      3.00      0.00 1520354644  108556   0.33      0.00      0.00      0.00       0  code
15:11:45     1000    799234    1.00    0.00    0.00    0.00    1.00    15      0.00      0.00 2026456  190724   0.59      0.00      0.00      0.00       0  gnome-control-c
15:11:45     1000    853053    1.00    1.00    0.00    0.00    2.00    15     44.00      0.00 55965896  495944   1.52      0.00    352.00      0.00       0  chrome
15:11:45     1000    853103    5.00    0.00    0.00    0.00    5.00    15     29.00      0.00 56156256  354768   1.09      0.00      0.00      0.00       0  chrome
15:11:45     1000    853105    0.00    1.00    0.00    0.00    1.00    10    248.00      0.00 55067288   94696   0.29      0.00    852.00      0.00       0  chrome
15:11:45     1000    880405    3.00    1.00    0.00    0.00    4.00    14    277.00      0.00 1518927636  509580   1.56      0.00      8.00      0.00       0  chrome
15:11:45     1000    881951    0.00    1.00    0.00    0.00    1.00     8      0.00      0.00 55174436   61056   0.19      0.00      0.00      0.00       0  chrome
15:11:45     1000    888233    2.00    1.00    0.00    0.00    3.00     6      2.00      0.00 1754840  368480   1.13      0.00      0.00      0.00       0  gnome-system-mo
15:11:45        0    948806    0.00    1.00    0.00    0.00    1.00     4      0.00      0.00       0       0   0.00     -1.00     -1.00     -1.00       0  kworker/4:3-events
15:11:45        0   1049858    0.00    1.00    0.00    0.00    1.00     8      0.00      0.00       0       0   0.00     -1.00     -1.00     -1.00       0  kworker/u64:9-events_unbound
15:11:45     1000   1068542    0.00    0.00    0.00    0.00    0.00    12      1.00      0.00 1518806824  274608   0.84      0.00      0.00      0.00       0  chrome
15:11:45        0   1074653    0.00    1.00    0.00    0.00    1.00     4      0.00      0.00       0       0   0.00     -1.00     -1.00     -1.00       0  kworker/u64:3-i915
15:11:45     1000   1074666    0.00    0.00    0.00    0.00    0.00     6      3.00      0.00 1520369816  129956   0.40      0.00      0.00      0.00       0  code
15:11:45     1000   1074725    0.00    0.00    0.00    0.00    0.00    13     30.00      0.00  744792  183080   0.56      0.00    292.00     96.00       0  codex
15:11:45     1000   1075226    3.00    0.00    0.00    0.00    3.00     2     70.00      0.00 1518709156  393948   1.21      0.00      0.00      0.00       0  code
15:11:45     1000   1109016    4.00    1.00    0.00    0.00    5.00     8      0.00      0.00  900116   35996   0.11      0.00      0.00      0.00       0  real_go2_input_
15:11:45     1000   1109017   11.00    0.00    0.00    0.00   11.00     2      0.00      0.00  888092   78392   0.24      0.00      0.00      0.00       0  python3
15:11:45     1000   1109018   40.00    0.00    0.00    0.00   40.00     7      0.00      0.00 1140360  292192   0.90      0.00      4.00      0.00       0  scan_planner_no
15:11:45     1000   1109019    2.00    0.00    0.00    0.00    2.00     4      0.00      0.00  751152   32500   0.10      0.00      0.00      0.00       0  closed_loop_con
15:11:45     1000   1109020    2.00    1.00    0.00    0.00    3.00    12      0.00      0.00  750792   31364   0.10      0.00      0.00      0.00       0  cmd_vel_safety_
15:11:45     1000   1109021   13.00    1.00    0.00    0.00   14.00     4      0.00      0.00  884000   72960   0.22      0.00    104.00      0.00       0  telemetry_recor
15:11:45     1000   1109177    0.00    1.00    0.00    0.00    1.00     4      0.00      0.00   12840    5940   0.02      0.00      4.00      0.00       0  pidstat
15:11:45     1000   1109178    2.00    1.00    0.00    0.00    3.00    13      0.00      0.00 1103840  113872   0.35      0.00      0.00      0.00       0  ros2
15:11:45     1000   1109882   16.00    2.00    0.00    0.00   18.00     8    544.00      1.00 1518886608  511868   1.57    128.00      0.00      0.00       0  chrome

# Time        UID       PID    %usr %system  %guest   %wait    %CPU   CPU  minflt/s  majflt/s     VSZ     RSS   %MEM   kB_rd/s   kB_wr/s kB_ccwr/s iodelay  Command
15:11:46        0        15    0.00    1.00    0.00    0.00    1.00     1      0.00      0.00       0       0   0.00     -1.00     -1.00     -1.00       0  rcu_preempt
15:11:46        0      1141    1.00    0.00    0.00    0.00    1.00    10      0.00      0.00  625260   21556   0.07     -1.00     -1.00     -1.00       0  NetworkManager
15:11:46     1000      2081    1.00    0.00    0.00    0.00    1.00    10      0.00      0.00  160528   48336   0.15      0.00      0.00      0.00       0  pipewire-pulse
15:11:46     1000      2324   11.00    2.00    0.00    0.00   13.00     4      0.00      0.00 5557220  381736   1.17      0.00      0.00      0.00       0  gnome-shell
15:11:46     1000      2622    5.00    2.00    0.00    0.00    7.00     5      0.00      0.00 5685392  231952   0.71      0.00      0.00      0.00       0  ToDesk
15:11:46        0      3243    1.00    2.00    0.00    0.00    3.00     8      0.00      0.00 2778564   67840   0.21     -1.00     -1.00     -1.00       0  ToDesk_Service
15:11:46     1000     10213    0.00    0.00    0.00    0.00    0.00     2      4.00      0.00 1212301312  153700   0.47      0.00      0.00      0.00       0  github-desktop
15:11:46     1000     10251    0.00    0.00    0.00    0.00    0.00     5      3.00      0.00 34566360  113132   0.35      0.00      0.00      0.00       0  github-desktop
15:11:46     1000     32140    2.00    0.00    0.00    0.00    2.00    15      0.00      0.00 11729028  750732   2.30      0.00      0.00      0.00       0  com.alibabainc.
15:11:46     1000     45971    0.00    0.00    0.00    0.00    0.00    14      3.00      0.00 50049280  218320   0.67      0.00      0.00      0.00       0  com.alibabainc.
15:11:46     1000    156386    1.00    0.00    0.00    0.00    1.00    14      0.00      0.00 1788224   49216   0.15      0.00      0.00      0.00       0  nxplayer.bin
15:11:46        0    332726    1.00    1.00    0.00    0.00    2.00    12      2.00      0.00  361696  237184   0.73     -1.00     -1.00     -1.00       0  systemd-journal
15:11:46     1000    425666    0.00    0.00    0.00    0.00    0.00    15      1.00      0.00 52125624  263512   0.81      0.00      0.00      0.00       0  com.alibabainc.
15:11:46     1000    426077    1.00    0.00    0.00    0.00    1.00     0      0.00      0.00 50132492  528136   1.62      0.00      0.00      0.00       0  com.alibabainc.
15:11:46     1000    577014    2.00    1.00    0.00    0.00    3.00     6     17.00      0.00 1521087724  394560   1.21      0.00      0.00      0.00       0  code
15:11:46     1000    577063    9.00    2.00    0.00    0.00   11.00    10    247.00      0.00 51398216  246352   0.76      0.00      0.00      0.00       0  code
15:11:46     1000    577160    1.00    0.00    0.00    0.00    1.00    10      0.00      0.00 1518795316  679292   2.09      0.00      0.00      0.00       0  code
15:11:46     1000    577170    0.00    0.00    0.00    0.00    0.00     0      1.00      0.00 1520378324  115516   0.35      0.00      0.00      0.00       0  code
15:11:46     1000    853053    2.00    0.00    0.00    0.00    2.00     1      2.00      0.00 55965896  495944   1.52      0.00      0.00      0.00       0  chrome
15:11:46     1000    853103    5.00    2.00    0.00    5.00    7.00    13     30.00      0.00 56162384  354768   1.09      0.00      0.00      0.00       0  chrome
15:11:46     1000    853105    2.00    1.00    0.00    0.00    3.00    10    379.00      0.00 55067288   94524   0.29      0.00   1508.00      0.00       0  chrome
15:11:46     1000    880405    1.00    0.00    0.00    0.00    1.00     3      5.00      0.00 1518927636  509580   1.56      0.00      0.00      0.00       0  chrome
15:11:46     1000    885261    1.00    0.00    0.00    0.00    1.00     1   1739.00      0.00 1518767568  328136   1.01      0.00      0.00      0.00       0  code
15:11:46     1000    888088    0.00    0.00    0.00    0.00    0.00    15    193.00      0.00 1520775128  271544   0.83      0.00      0.00      0.00       0  chrome
15:11:46     1000    910028    1.00    0.00    0.00    0.00    1.00     9    393.00      0.00 1522802148  379236   1.16      0.00      0.00      0.00       0  chrome
15:11:46     1000   1068542    0.00    0.00    0.00    0.00    0.00    13      1.00      0.00 1518806824  274608   0.84      0.00      0.00      0.00       0  chrome
15:11:46     1000   1073729    0.00    1.00    0.00    0.00    1.00     1      0.00      0.00  877608   71244   0.22      0.00      0.00      0.00       0  python3
15:11:46        0   1074653    0.00    1.00    0.00    0.00    1.00    10      0.00      0.00       0       0   0.00     -1.00     -1.00     -1.00       0  kworker/u64:3-i915
15:11:46     1000   1074681    1.00    0.00    0.00    0.00    1.00     3    614.00      0.00 1520363292  332276   1.02      0.00      0.00      0.00       0  code
15:11:46     1000   1074725    1.00    0.00    0.00    0.00    1.00    13     24.00      0.00  744792  183080   0.56      0.00      0.00      0.00       0  codex
15:11:46     1000   1075226   13.00    1.00    0.00    0.00   14.00     8   1815.00      0.00 1518711396  398168   1.22      0.00      0.00      0.00       0  code
15:11:46        0   1106397    0.00    1.00    0.00    0.00    1.00     2      0.00      0.00       0       0   0.00     -1.00     -1.00     -1.00       0  kworker/u65:2-hci0
15:11:46     1000   1109016    3.00    1.00    0.00    0.00    4.00    13      6.00      0.00  900140   35996   0.11      0.00      0.00      0.00       0  real_go2_input_
15:11:46     1000   1109017   11.00    1.00    0.00    0.00   12.00     9      0.00      0.00  888092   78392   0.24      0.00      0.00      0.00       0  python3
15:11:46     1000   1109018   42.00    1.00    0.00    0.00   43.00     1      0.00      0.00 1140360  292192   0.90      0.00      0.00      0.00       0  scan_planner_no
15:11:46     1000   1109019    3.00    1.00    0.00    0.00    4.00     0      0.00      0.00  751152   32500   0.10      0.00      0.00      0.00       0  closed_loop_con
15:11:46     1000   1109020    3.00    1.00    0.00    0.00    4.00     8      0.00      0.00  750792   31364   0.10      0.00      0.00      0.00       0  cmd_vel_safety_
15:11:46     1000   1109021   14.00    1.00    0.00    0.00   15.00    14      0.00      0.00  884000   72960   0.22      0.00    124.00      0.00       0  telemetry_recor
15:11:46     1000   1109022    0.00    1.00    0.00    0.00    1.00     8      0.00      0.00  748984   30812   0.09      0.00      0.00      0.00       0  static_transfor
15:11:46     1000   1109177    0.00    0.00    0.00    0.00    0.00     4      0.00      0.00   12840    5940   0.02      0.00      8.00      0.00       0  pidstat
15:11:46     1000   1109178    2.00    2.00    0.00    0.00    4.00     6      6.00      0.00 1103840  113872   0.35      0.00      0.00      0.00       0  ros2
15:11:46     1000   1109882   17.00    3.00    0.00    0.00   20.00     5   1224.00      0.00 1518886608  515520   1.58      0.00      0.00      0.00       0  chrome

# Time        UID       PID    %usr %system  %guest   %wait    %CPU   CPU  minflt/s  majflt/s     VSZ     RSS   %MEM   kB_rd/s   kB_wr/s kB_ccwr/s iodelay  Command
15:11:47        0       102    0.00    1.00    0.00    0.00    1.00     9      0.00      0.00       0       0   0.00     -1.00     -1.00     -1.00       0  migration/9
15:11:47        0       676    0.00    1.00    0.00    0.00    1.00     1      0.00      0.00       0       0   0.00     -1.00     -1.00     -1.00       0  irq/163-rtw89_pci
15:11:47        0      1370    1.00    0.00    0.00    0.00    1.00    13      0.00      0.00 2606064   21460   0.07     -1.00     -1.00     -1.00       0  containerd
15:11:47     1000      2324   16.00    2.00    0.00    0.00   18.00     6      3.00      0.00 5557228  381736   1.17      0.00      0.00      0.00       0  gnome-shell
15:11:47     1000      2622    5.00    1.00    0.00    0.00    6.00     5      0.00      0.00 5685392  231952   0.71      0.00      0.00      0.00       0  ToDesk
15:11:47        0      3243    1.00    1.00    0.00    0.00    2.00     5      0.00      0.00 2778564   67840   0.21     -1.00     -1.00     -1.00       0  ToDesk_Service
15:11:47     1000     32140    1.00    1.00    0.00    0.00    2.00    14      0.00      0.00 11729028  750732   2.30      0.00      0.00      0.00       0  com.alibabainc.
15:11:47     1000     45971    0.00    0.00    0.00    0.00    0.00    14      5.00      0.00 50049280  218320   0.67      0.00      0.00      0.00       0  com.alibabainc.
15:11:47     1000    156386    0.00    1.00    0.00    0.00    1.00    12      0.00      0.00 1788224   49216   0.15      0.00      0.00      0.00       0  nxplayer.bin
15:11:47        0    332726    0.00    0.00    0.00    0.00    0.00    15      1.00      0.00  361696  237184   0.73     -1.00     -1.00     -1.00       0  systemd-journal
15:11:47     1000    516139    1.00    1.00    0.00    0.00    2.00     0      0.00      0.00 5453760   37080   0.11      0.00      0.00      0.00       0  clash
15:11:47     1000    577014    2.00    0.00    0.00    0.00    2.00     0      7.00      0.00 1521087724  394560   1.21      0.00      4.00      0.00       0  code
15:11:47     1000    577063    6.00    1.00    0.00    0.00    7.00     6      0.00      0.00 51398100  246352   0.76      0.00      0.00      0.00       0  code
15:11:47     1000    577067    0.00    0.00    0.00    0.00    0.00     0      2.00      0.00 50711564   88336   0.27      0.00      0.00      0.00       0  code
15:11:47     1000    577160    2.00    0.00    0.00    0.00    2.00    10      0.00      0.00 1518795316  679292   2.09      0.00      0.00      0.00       0  code
15:11:47     1000    577170    0.00    0.00    0.00    0.00    0.00     0      8.00      0.00 1520378324  115516   0.35      0.00      0.00      0.00       0  code
15:11:47     1000    853053    3.00    1.00    0.00    0.00    4.00    14    176.00      0.00 55965896  496072   1.52    104.00    436.00      0.00       0  chrome
15:11:47     1000    853103   10.00    3.00    0.00    0.00   13.00     2    196.00      0.00 56160456  355344   1.09      0.00      0.00      0.00       0  chrome
15:11:47     1000    853105    3.00    2.00    0.00    0.00    5.00    10    784.00      0.00 55067288   95100   0.29     52.00   2424.00      0.00       0  chrome
15:11:47     1000    853115    0.00    1.00    0.00    0.00    1.00     8   2777.00      0.00 55302144   57488   0.18      0.00      0.00      0.00       0  chrome
15:11:47     1000    880405    2.00    0.00    0.00    0.00    2.00     2    266.00      0.00 1518927636  510476   1.57      4.00     56.00      0.00       0  chrome
15:11:47     1000    881919    0.00    0.00    0.00    0.00    0.00     6     11.00      0.00 1518709684  110564   0.34      0.00      0.00      0.00       0  chrome
15:11:47     1000    881951    1.00    1.00    0.00    0.00    2.00    12      0.00      0.00 55174436   61056   0.19      0.00      0.00      0.00       0  chrome
15:11:47     1000    885261    0.00    0.00    0.00    0.00    0.00     1      0.00      0.00 1518767568  328008   1.01      0.00      0.00      0.00       0  code
15:11:47     1000   1068542    0.00    0.00    0.00    0.00    0.00    14    292.00      0.00 1518806824  275632   0.85      0.00      0.00      0.00       0  chrome
15:11:47        0   1074653    0.00    1.00    0.00    0.00    1.00    15      0.00      0.00       0       0   0.00     -1.00     -1.00     -1.00       0  kworker/u64:3-events_power_efficient
15:11:47     1000   1074725    1.00    0.00    0.00    0.00    1.00    13     48.00      0.00  744920  183080   0.56      0.00    316.00    104.00       0  codex
15:11:47     1000   1075226    3.00    1.00    0.00    0.00    4.00     1     40.00      0.00 1518711396  398144   1.22      0.00      0.00      0.00       0  code
15:11:47        0   1108714    0.00    1.00    0.00    0.00    1.00    15      0.00      0.00       0       0   0.00     -1.00     -1.00     -1.00       0  kworker/15:1-i915-unordered
15:11:47     1000   1109016    4.00    1.00    0.00    0.00    5.00    12      0.00      0.00  900140   35996   0.11      0.00      0.00      0.00       0  real_go2_input_
15:11:47     1000   1109017   12.00    0.00    0.00    0.00   12.00    12      0.00      0.00  888092   78392   0.24      0.00      0.00      0.00       0  python3
15:11:47     1000   1109018   48.00    0.00    0.00    0.00   48.00     4     49.00      0.00 1140360  292448   0.90      0.00      0.00      0.00       0  scan_planner_no
15:11:47     1000   1109019    2.00    1.00    0.00    0.00    3.00    11      0.00      0.00  751152   32500   0.10      0.00      0.00      0.00       0  closed_loop_con
15:11:47     1000   1109020    3.00    1.00    0.00    0.00    4.00     7      0.00      0.00  750792   31364   0.10      0.00      0.00      0.00       0  cmd_vel_safety_
15:11:47     1000   1109021   16.00    0.00    0.00    0.00   16.00    13      0.00      0.00  884000   72960   0.22      0.00    112.00      0.00       0  telemetry_recor
15:11:47     1000   1109177    1.00    1.00    0.00    0.00    2.00     8      0.00      0.00   12840    5940   0.02      0.00      8.00      0.00       0  pidstat
15:11:47     1000   1109178    2.00    0.00    0.00    0.00    2.00    10     97.00      0.00 1103840  114256   0.35      0.00      0.00      0.00       0  ros2
15:11:47     1000   1109882   29.00    4.00    0.00    0.00   33.00     6   4180.00      0.00 1518886708  526676   1.62      0.00     12.00      0.00       0  chrome

# Time        UID       PID    %usr %system  %guest   %wait    %CPU   CPU  minflt/s  majflt/s     VSZ     RSS   %MEM   kB_rd/s   kB_wr/s kB_ccwr/s iodelay  Command
15:11:48     1000      2075    0.00    1.00    0.00    0.00    1.00     1      0.00      0.00  121184   17312   0.05      0.00      0.00      0.00       0  pipewire
15:11:48     1000      2324   18.00    3.00    0.00    0.00   21.00     6      4.00      0.00 5557228  381736   1.17      0.00      0.00      0.00       0  gnome-shell
15:11:48     1000      2622    7.00    1.00    0.00    0.00    8.00     8      0.00      0.00 5685392  231952   0.71      0.00      0.00      0.00       0  ToDesk
15:11:48        0      3243    0.00    2.00    0.00    0.00    2.00     5      0.00      0.00 2778564   67840   0.21     -1.00     -1.00     -1.00       0  ToDesk_Service
15:11:48     1000     10268    0.00    0.00    0.00    0.00    0.00     8      3.00      0.00 33882424   63200   0.19      0.00      0.00      0.00       0  github-desktop
15:11:48     1000     32140    1.00    0.00    0.00    0.00    1.00     0      0.00      0.00 11729028  750732   2.30      0.00      0.00      0.00       0  com.alibabainc.
15:11:48     1000     45971    1.00    0.00    0.00    0.00    1.00    15      4.00      0.00 50049280  218320   0.67      0.00      0.00      0.00       0  com.alibabainc.
15:11:48        0    332726    0.00    0.00    0.00    0.00    0.00     8      2.00      0.00  361696  237184   0.73     -1.00     -1.00     -1.00       0  systemd-journal
15:11:48     1000    425666    0.00    0.00    0.00    0.00    0.00    14      2.00      0.00 52125624  263512   0.81      0.00      0.00      0.00       0  com.alibabainc.
15:11:48     1000    577014    1.00    1.00    0.00    0.00    2.00    10      1.00      0.00 1521087724  394560   1.21      0.00      0.00      0.00       0  code
15:11:48     1000    577063   13.00    3.00    0.00    1.00   16.00     7    643.00      0.00 51398244  246500   0.76      0.00      0.00      0.00       0  code
15:11:48     1000    577107    0.00    0.00    0.00    9.00    0.00     2      9.00      0.00 1520761120  590972   1.81      0.00      0.00      0.00       0  code
15:11:48     1000    577132    0.00    1.00    0.00    0.00    1.00     5      0.00      0.00 1520364784  380036   1.17      0.00      0.00      0.00       0  code
15:11:48     1000    577160    2.00    1.00    0.00    0.00    3.00     1    125.00      0.00 1518795316  679292   2.09      0.00      0.00      0.00       0  code
15:11:48     1000    577170    0.00    0.00    0.00    0.00    0.00     0      5.00      0.00 1520378324  115516   0.35      0.00      0.00      0.00       0  code
15:11:48     1000    577171    0.00    0.00    0.00    0.00    0.00     6     37.00      0.00 1520352992  124704   0.38      0.00      0.00      0.00       0  code
15:11:48     1000    577172    0.00    0.00    0.00    0.00    0.00     5      2.00      0.00 1520369816  113428   0.35      0.00      0.00      0.00       0  code
15:11:48     1000    577241    0.00    0.00    0.00    0.00    0.00    13      1.00      0.00  673380  181896   0.56      0.00      0.00      0.00       0  codex
15:11:48     1000    577320    0.00    0.00    0.00    0.00    0.00     3     27.00      0.00 1520354644  108556   0.33      0.00      0.00      0.00       0  code
15:11:48     1000    853053    4.00    3.00    0.00    0.00    7.00     2    356.00      0.00 55965896  496220   1.52     76.00    244.00      0.00       0  chrome
15:11:48     1000    853103   11.00    5.00    0.00    0.00   16.00     2   2223.00      0.00 56216044  362804   1.11      0.00      0.00      0.00       0  chrome
15:11:48     1000    853105    4.00    4.00    0.00    0.00    8.00    10   1275.00      0.00 55067288   94584   0.29   4164.00    148.00      0.00       0  chrome
15:11:48     1000    853115    0.00    0.00    0.00    0.00    0.00     8      2.00      0.00 55302144   57488   0.18      0.00      0.00      0.00       0  chrome
15:11:48     1000    880405    5.00    1.00    0.00    0.00    6.00     6   4030.00      0.00 1518939028  518912   1.59      0.00      0.00      0.00       0  chrome
15:11:48     1000    881919    0.00    0.00    0.00    0.00    0.00    13      7.00      0.00 1518709684  110564   0.34      0.00      0.00      0.00       0  chrome
15:11:48     1000    885261   25.00    2.00    0.00    0.00   27.00     6   2522.00      0.00 1518767568  324904   1.00      0.00      0.00      0.00       0  code
15:11:48     1000    888233    4.00    2.00    0.00    0.00    6.00    10      1.00      0.00 1754328  368480   1.13      0.00      0.00      0.00       0  gnome-system-mo
15:11:48        0   1049858    0.00    1.00    0.00    2.00    1.00    11      0.00      0.00       0       0   0.00     -1.00     -1.00     -1.00       0  kworker/u64:9-writeback
15:11:48     1000   1068542    0.00    0.00    0.00    0.00    0.00     8      1.00      0.00 1518806824  272728   0.84      0.00      0.00      0.00       0  chrome
15:11:48     1000   1074666    0.00    0.00    0.00    0.00    0.00     6      3.00      0.00 1520369816  129956   0.40      0.00      0.00      0.00       0  code
15:11:48     1000   1074681    3.00    1.00    0.00    0.00    4.00     1    978.00      0.00 1520363292  335292   1.03      0.00      0.00      0.00       0  code
15:11:48     1000   1074725    2.00    0.00    0.00    0.00    2.00    13     73.00      0.00  744920  183080   0.56      0.00   1464.00    108.00       0  codex
15:11:48     1000   1075226   62.00    2.00    0.00    1.00   64.00     2   3905.00      0.00 1518711524  405024   1.24      0.00      0.00      0.00       0  code
15:11:48     1000   1109016    4.00    2.00    0.00    0.00    6.00     2      0.00      0.00  900140   35996   0.11      0.00      0.00      0.00       0  real_go2_input_
15:11:48     1000   1109017   16.00    1.00    0.00    0.00   17.00     0      0.00      0.00  888092   78392   0.24      0.00      0.00      0.00       0  python3
15:11:48     1000   1109018   64.00    0.00    0.00    1.00   64.00    10     18.00      0.00 1140360  292576   0.90      0.00      0.00      0.00       0  scan_planner_no
15:11:48     1000   1109019    3.00    1.00    0.00    0.00    4.00    15      0.00      0.00  751152   32500   0.10      0.00      0.00      0.00       0  closed_loop_con
15:11:48     1000   1109020    4.00    0.00    0.00    0.00    4.00     4      0.00      0.00  750792   31364   0.10      0.00      0.00      0.00       0  cmd_vel_safety_
15:11:48     1000   1109021   21.00    1.00    0.00    0.00   22.00     5      0.00      0.00  884000   72960   0.22      0.00    116.00      0.00       0  telemetry_recor
15:11:48     1000   1109177    0.00    0.00    0.00    0.00    0.00     6      0.00      0.00   12840    5940   0.02      0.00      8.00      0.00       0  pidstat
15:11:48     1000   1109178    3.00    1.00    0.00    0.00    4.00    12      0.00      0.00 1103840  114256   0.35      0.00      0.00      0.00       0  ros2
15:11:48     1000   1109882   92.00    9.00    0.00    0.00  101.00    14  23080.00      0.00 1518893392  547716   1.68      0.00      0.00      0.00       0  chrome
15:11:48     1000   1109998    0.00    0.00    0.00    0.00    0.00     2      3.00      0.00 1518593840   78472   0.24      0.00      0.00      0.00       0  chrome

# Time        UID       PID    %usr %system  %guest   %wait    %CPU   CPU  minflt/s  majflt/s     VSZ     RSS   %MEM   kB_rd/s   kB_wr/s kB_ccwr/s iodelay  Command
15:11:49        0       676    0.00    1.00    0.00    0.00    1.00     1      0.00      0.00       0       0   0.00     -1.00     -1.00     -1.00       0  irq/163-rtw89_pci
15:11:49     1000      2081    0.00    1.00    0.00    0.00    1.00     6      0.00      0.00  160528   48336   0.15      0.00      0.00      0.00       0  pipewire-pulse
15:11:49     1000      2324   13.00    4.00    0.00    0.00   17.00     1     15.00      0.00 5557160  381736   1.17      0.00      0.00      0.00       0  gnome-shell
15:11:49     1000      2622    5.00    2.00    0.00    0.00    7.00     5      0.00      0.00 5685392  231952   0.71      0.00      0.00      0.00       0  ToDesk
15:11:49        0      3243    1.00    2.00    0.00    0.00    3.00    14      0.00      0.00 2778564   67840   0.21     -1.00     -1.00     -1.00       0  ToDesk_Service
15:11:49     1000     32140    1.00    1.00    0.00    0.00    2.00    13      0.00      0.00 11729028  750732   2.30      0.00      0.00      0.00       0  com.alibabainc.
15:11:49     1000     45971    0.00    0.00    0.00    0.00    0.00    15      4.00      0.00 50049280  218448   0.67      0.00      0.00      0.00       0  com.alibabainc.
15:11:49        0    332726    0.00    0.00    0.00    0.00    0.00    12      1.00      0.00  361696  237184   0.73     -1.00     -1.00     -1.00       0  systemd-journal
15:11:49      990    333267    0.00    1.00    0.00    0.00    1.00    13      0.00      0.00   17572    7292   0.02     -1.00     -1.00     -1.00       0  systemd-oomd
15:11:49     1000    577014    2.00    1.00    0.00    0.00    3.00     0      1.00      0.00 1521087724  394560   1.21      0.00      0.00      0.00       0  code
15:11:49     1000    577063    7.00    1.00    0.00    0.00    8.00     7     94.00      0.00 51398244  246064   0.76      0.00      0.00      0.00       0  code
15:11:49     1000    577132    0.00    0.00    0.00    0.00    0.00    11     26.00      0.00 1520364784  380036   1.17      0.00      0.00      0.00       0  code
15:11:49     1000    577160    1.00    0.00    0.00    0.00    1.00     7      0.00      0.00 1518795316  679292   2.09      0.00      0.00      0.00       0  code
15:11:49     1000    577170    0.00    0.00    0.00    0.00    0.00     2      1.00      0.00 1520378324  115516   0.35      0.00      0.00      0.00       0  code
15:11:49     1000    577241    0.00    0.00    0.00    0.00    0.00    13      1.00      0.00  673380  181896   0.56      0.00      0.00      0.00       0  codex
15:11:49     1000    853053    4.00    1.00    0.00    0.00    5.00     2    276.00      0.00 55965896  496988   1.53      0.00    192.00      0.00       0  chrome
15:11:49     1000    853103    5.00    2.00    0.00    0.00    7.00     1     62.00      0.00 56219692  362932   1.11      0.00      0.00      0.00       0  chrome
15:11:49     1000    853105    0.00    1.00    0.00    0.00    1.00    10      2.00      0.00 55067288   94584   0.29      0.00      0.00      0.00       0  chrome
15:11:49     1000    880405    1.00    0.00    0.00    0.00    1.00    15      2.00      0.00 1518939028  518912   1.59      0.00      0.00      0.00       0  chrome
15:11:49     1000    881919    0.00    0.00    0.00    0.00    0.00    13      1.00      0.00 1518709684  110432   0.34      0.00      0.00      0.00       0  chrome
15:11:49     1000    881951    1.00    1.00    0.00    0.00    2.00    12      0.00      0.00 55174436   61056   0.19      0.00      0.00      0.00       0  chrome
15:11:49     1000    885261    1.00    0.00    0.00    0.00    1.00     6    525.00      0.00 1518767568  327080   1.00      0.00      0.00      0.00       0  code
15:11:49     1000   1068542    1.00    0.00    0.00    0.00    1.00    10      7.00      0.00 1518806824  272728   0.84      0.00      0.00      0.00       0  chrome
15:11:49        0   1074653    0.00    1.00    0.00    0.00    1.00     6      0.00      0.00       0       0   0.00     -1.00     -1.00     -1.00       0  kworker/u64:3-events_unbound
15:11:49     1000   1074681    0.00    0.00    0.00    0.00    0.00     6      6.00      0.00 1520363292  335292   1.03      0.00      0.00      0.00       0  code
15:11:49     1000   1074725    2.00    1.00    0.00    0.00    3.00    13   1149.00      0.00  745020  183276   0.56      0.00    468.00    108.00       0  codex
15:11:49     1000   1075226    7.00    1.00    0.00    0.00    8.00    10    254.00      0.00 1518711524  404036   1.24      0.00      0.00      0.00       0  code
15:11:49     1000   1076599    0.00    0.00    0.00    0.00    0.00    12      1.00      0.00 1448930632   18208   0.06      0.00      0.00      0.00       0  codex-code-mode
15:11:49     1000   1095170    1.00    0.00    0.00    0.00    1.00     3      0.00      0.00  883436   72492   0.22      0.00      0.00      0.00       0  python3
15:11:49        0   1106397    0.00    1.00    0.00    0.00    1.00    15      0.00      0.00       0       0   0.00     -1.00     -1.00     -1.00       0  kworker/u65:2-hci0
15:11:49     1000   1109016    4.00    1.00    0.00    0.00    5.00     7      0.00      0.00  900140   35996   0.11      0.00      0.00      0.00       0  real_go2_input_
15:11:49     1000   1109017   12.00    0.00    0.00    0.00   12.00    13      0.00      0.00  888092   78392   0.24      0.00      0.00      0.00       0  python3
15:11:49     1000   1109018   45.00    1.00    0.00    0.00   46.00     4      0.00      0.00 1140360  292576   0.90      0.00      0.00      0.00       0  scan_planner_no
15:11:49     1000   1109019    3.00    0.00    0.00    0.00    3.00    14      0.00      0.00  751152   32500   0.10      0.00      0.00      0.00       0  closed_loop_con
15:11:49     1000   1109020    3.00    1.00    0.00    0.00    4.00     6      0.00      0.00  750792   31364   0.10      0.00      0.00      0.00       0  cmd_vel_safety_
15:11:49     1000   1109021   16.00    0.00    0.00    0.00   16.00    11      0.00      0.00  884000   72960   0.22      0.00    104.00      0.00       0  telemetry_recor
15:11:49     1000   1109177    1.00    1.00    0.00    0.00    2.00     8      0.00      0.00   12840    5940   0.02      0.00      4.00      0.00       0  pidstat
15:11:49     1000   1109178    2.00    2.00    0.00    0.00    4.00    13      0.00      0.00 1103840  114256   0.35      0.00      0.00      0.00       0  ros2
15:11:49     1000   1109882   22.00    2.00    0.00    0.00   24.00     5    816.00      0.00 1518893392  550180   1.69      0.00     24.00      0.00       0  chrome

# Time        UID       PID    %usr %system  %guest   %wait    %CPU   CPU  minflt/s  majflt/s     VSZ     RSS   %MEM   kB_rd/s   kB_wr/s kB_ccwr/s iodelay  Command
15:11:50        0        15    0.00    1.00    0.00    0.00    1.00    11      0.00      0.00       0       0   0.00     -1.00     -1.00     -1.00       0  rcu_preempt
15:11:50     1000      2075    1.00    0.00    0.00    0.00    1.00     1      0.00      0.00  121184   17312   0.05      0.00      0.00      0.00       0  pipewire
15:11:50     1000      2081    1.00    0.00    0.00    0.00    1.00     2      0.00      0.00  160528   48336   0.15      0.00      0.00      0.00       0  pipewire-pulse
15:11:50     1000      2324   15.00    2.00    0.00    0.00   17.00    13     14.00      0.00 5557160  381452   1.17      0.00      0.00      0.00       0  gnome-shell
15:11:50     1000      2622    4.00    3.00    0.00    0.00    7.00     5      0.00      0.00 5685392  231952   0.71      0.00      0.00      0.00       0  ToDesk
15:11:50        0      3243    1.00    1.00    0.00    0.00    2.00    15      1.00      0.00 2778564   67840   0.21     -1.00     -1.00     -1.00       0  ToDesk_Service
15:11:50     1000     10213    0.00    0.00    0.00    0.00    0.00     2      5.00      0.00 1212301312  153700   0.47      0.00      0.00      0.00       0  github-desktop
15:11:50     1000     10251    0.00    0.00    0.00    0.00    0.00     5      3.00      0.00 34566360  113132   0.35      0.00      0.00      0.00       0  github-desktop
15:11:50     1000     32140    2.00    0.00    0.00    0.00    2.00    15      0.00      0.00 11729028  750732   2.30      0.00      4.00      0.00       0  com.alibabainc.
15:11:50     1000     45971    0.00    0.00    0.00    0.00    0.00    14      5.00      0.00 50049280  218576   0.67      0.00      0.00      0.00       0  com.alibabainc.
15:11:50        0    332726    0.00    0.00    0.00    0.00    0.00    12      2.00      0.00  361696  237184   0.73     -1.00     -1.00     -1.00       0  systemd-journal
15:11:50     1000    425666    0.00    0.00    0.00    0.00    0.00     1      1.00      0.00 52125624  263512   0.81      0.00      0.00      0.00       0  com.alibabainc.
15:11:50     1000    425773    1.00    0.00    0.00    0.00    1.00    15      0.00      0.00 50014516  390636   1.20      0.00      0.00      0.00       0  com.alibabainc.
15:11:50     1000    516139    0.00    1.00    0.00    0.00    1.00    12      0.00      0.00 5453760   37080   0.11      0.00      0.00      0.00       0  clash
15:11:50     1000    577014    1.00    1.00    0.00    0.00    2.00    12     15.00      0.00 1521087724  394560   1.21      0.00      0.00      0.00       0  code
15:11:50     1000    577063    9.00    2.00    0.00    0.00   11.00    12     50.00      0.00 51397332  246036   0.76      0.00      0.00      0.00       0  code
15:11:50     1000    577160    1.00    0.00    0.00    0.00    1.00     9      3.00      0.00 1518795316  679292   2.09      0.00      0.00      0.00       0  code
15:11:50     1000    577170    0.00    0.00    0.00    0.00    0.00    14      1.00      0.00 1520378324  115516   0.35      0.00      0.00      0.00       0  code
15:11:50     1000    853053    2.00    0.00    0.00    0.00    2.00    14     16.00      0.00 55965896  496988   1.53      0.00    156.00    208.00       0  chrome
15:11:50     1000    853103    6.00    2.00    0.00    0.00    8.00     0     43.00      0.00 56212504  363064   1.11      0.00      0.00      0.00       0  chrome
15:11:50     1000    853105    1.00    0.00    0.00    0.00    1.00    10    125.00      0.00 55067288   94584   0.29      8.00    452.00      0.00       0  chrome
15:11:50     1000    853115    1.00    0.00    0.00    0.00    1.00     2    278.00      0.00 55302144   57708   0.18      0.00    252.00      0.00       0  chrome
15:11:50     1000    880405    2.00    0.00    0.00    0.00    2.00     0      6.00      0.00 1518939028  518912   1.59      0.00      0.00      0.00       0  chrome
15:11:50     1000    881919    0.00    0.00    0.00    0.00    0.00    12      6.00      0.00 1518709684  110432   0.34      0.00      0.00      0.00       0  chrome
15:11:50     1000    885261    1.00    0.00    0.00    0.00    1.00     8    506.00      0.00 1518767568  328872   1.01      0.00      0.00      0.00       0  code
15:11:50     1000    888088    0.00    0.00    0.00    0.00    0.00    15      0.00      0.00 1520775128  270752   0.83      0.00      0.00      0.00       0  chrome
15:11:50     1000    910028    0.00    0.00    0.00    0.00    0.00     6      0.00      0.00 1522802148  377396   1.16      0.00      0.00      0.00       0  chrome
15:11:50        0   1049858    0.00    2.00    0.00    0.00    2.00     6      0.00      0.00       0       0   0.00     -1.00     -1.00     -1.00       0  kworker/u64:9-events_unbound
15:11:50     1000   1068542    0.00    0.00    0.00    0.00    0.00    12      2.00      0.00 1518806824  272728   0.84      0.00      0.00      0.00       0  chrome
15:11:50        0   1074653    0.00    1.00    0.00    0.00    1.00     2      0.00      0.00       0       0   0.00     -1.00     -1.00     -1.00       0  kworker/u64:3-i915
15:11:50     1000   1074681   14.00    0.00    0.00    0.00   14.00     3    519.00      0.00 1520363292  331828   1.02      0.00      0.00      0.00       0  code
15:11:50     1000   1074725    1.00    0.00    0.00    0.00    1.00    13     99.00      0.00  745020  183276   0.56      0.00      0.00      0.00       0  codex
15:11:50     1000   1075226   14.00    1.00    0.00    0.00   15.00     5   3051.00      0.00 1518711780  414284   1.27      0.00      0.00      0.00       0  code
15:11:50     1000   1109012    1.00    0.00    0.00    0.00    1.00    12      0.00      0.00  204044   41564   0.13      0.00      4.00      0.00       0  ros2
15:11:50     1000   1109016    3.00    1.00    0.00    1.00    4.00     0      0.00      0.00  900140   35996   0.11      0.00      0.00      0.00       0  real_go2_input_
15:11:50     1000   1109017   12.00    1.00    0.00    0.00   13.00     4      0.00      0.00  888092   78392   0.24      0.00      0.00      0.00       0  python3
15:11:50     1000   1109018   43.00    0.00    0.00    0.00   43.00     7      0.00      0.00 1140360  292576   0.90      0.00      0.00      0.00       0  scan_planner_no
15:11:50     1000   1109019    2.00    1.00    0.00    0.00    3.00    10      0.00      0.00  751152   32500   0.10      0.00      0.00      0.00       0  closed_loop_con
15:11:50     1000   1109020    3.00    1.00    0.00    1.00    4.00     9      0.00      0.00  750792   31364   0.10      0.00      0.00      0.00       0  cmd_vel_safety_
15:11:50     1000   1109021   15.00    1.00    0.00    1.00   16.00     4      0.00      0.00  884000   72960   0.22      0.00    112.00      0.00       0  telemetry_recor
15:11:50     1000   1109177    0.00    0.00    0.00    0.00    0.00     6      0.00      0.00   12840    5940   0.02      0.00     12.00      0.00       0  pidstat
15:11:50     1000   1109178    1.00    1.00    0.00    0.00    2.00    13      0.00      0.00 1103840  114256   0.35      0.00      0.00      0.00       0  ros2
15:11:50     1000   1109882   19.00    3.00    0.00    0.00   22.00    12    684.00      0.00 1518897488  551572   1.69      0.00      0.00      0.00       0  chrome

# Time        UID       PID    %usr %system  %guest   %wait    %CPU   CPU  minflt/s  majflt/s     VSZ     RSS   %MEM   kB_rd/s   kB_wr/s kB_ccwr/s iodelay  Command
15:11:51        0      1071    0.00    1.00    0.00    0.00    1.00    10      0.00      0.00   15268    7648   0.02     -1.00     -1.00     -1.00       0  bluetoothd
15:11:51        0      1343    0.00    1.00    0.00    0.00    1.00     3      0.00      0.00  358996   48564   0.15     -1.00     -1.00     -1.00       0  upowerd
15:11:51     1000      2324   13.00    4.00    0.00    0.00   17.00     8      0.00      0.00 5557096  381452   1.17      0.00      0.00      0.00       0  gnome-shell
15:11:51     1000      2622    5.00    2.00    0.00    0.00    7.00     7      0.00      0.00 5685392  231952   0.71      0.00      0.00      0.00       0  ToDesk
15:11:51        0      3243    1.00    1.00    0.00    0.00    2.00    12      0.00      0.00 2778564   67840   0.21     -1.00     -1.00     -1.00       0  ToDesk_Service
15:11:51     1000     32140    1.00    1.00    0.00    0.00    2.00    15      0.00      0.00 11729028  750732   2.30      0.00      0.00      0.00       0  com.alibabainc.
15:11:51     1000     45971    0.00    0.00    0.00    0.00    0.00     1      3.00      0.00 50049280  218576   0.67      0.00      0.00      0.00       0  com.alibabainc.
15:11:51        0    332726    0.00    0.00    0.00    0.00    0.00     4      1.00      0.00  361696  237184   0.73     -1.00     -1.00     -1.00       0  systemd-journal
15:11:51     1000    425666    1.00    0.00    0.00    0.00    1.00    12      1.00      0.00 52125624  263512   0.81      0.00      0.00      0.00       0  com.alibabainc.
15:11:51     1000    577014    2.00    0.00    0.00    0.00    2.00    10      1.00      0.00 1521087724  394560   1.21      0.00      0.00      0.00       0  code
15:11:51     1000    577063   11.00    2.00    0.00    0.00   13.00    13     21.00      0.00 51398100  246196   0.76      0.00      0.00      0.00       0  code
15:11:51     1000    577067    0.00    0.00    0.00    0.00    0.00    12      2.00      0.00 50711564   88336   0.27      0.00      0.00      0.00       0  code
15:11:51     1000    577160    2.00    1.00    0.00    0.00    3.00    14      0.00      0.00 1518795316  679292   2.09      0.00      0.00      0.00       0  code
15:11:51     1000    853053    2.00    1.00    0.00    1.00    3.00    12     49.00      0.00 55965896  497244   1.53      0.00      0.00      0.00       0  chrome
15:11:51     1000    853103    7.00    2.00    0.00    0.00    9.00     1     59.00      0.00 56210660  363320   1.12      0.00      0.00      0.00       0  chrome
15:11:51     1000    853105    1.00    0.00    0.00    0.00    1.00    10     29.00      0.00 55067288   94584   0.29      0.00     24.00      0.00       0  chrome
15:11:51     1000    853115    0.00    0.00    0.00    0.00    0.00     2      4.00      0.00 55302144   57576   0.18      0.00      0.00      0.00       0  chrome
15:11:51     1000    880405    1.00    0.00    0.00    0.00    1.00    10     16.00      0.00 1518939028  517656   1.59      0.00     12.00      0.00       0  chrome
15:11:51     1000    881951    1.00    1.00    0.00    0.00    2.00    15      0.00      0.00 55174436   61056   0.19      0.00      0.00      0.00       0  chrome
15:11:51     1000    885261   19.00    1.00    0.00    0.00   20.00     5   1099.00      0.00 1518767568  321696   0.99      0.00      0.00      0.00       0  code
15:11:51     1000    888233    3.00    1.00    0.00    0.00    4.00     2      1.00      0.00 1754328  368480   1.13      0.00      0.00      0.00       0  gnome-system-mo
15:11:51     1000    910028    0.00    0.00    0.00    0.00    0.00     6     50.00      0.00 1522802148  377524   1.16      0.00      0.00      0.00       0  chrome
15:11:51        0   1074653    0.00    1.00    0.00    0.00    1.00     6      0.00      0.00       0       0   0.00     -1.00     -1.00     -1.00       0  kworker/u64:3-i915
15:11:51     1000   1074681    2.00    1.00    0.00    0.00    3.00     4      5.00      0.00 1520363292  331828   1.02      0.00      0.00      0.00       0  code
15:11:51     1000   1074725    2.00    0.00    0.00    0.00    2.00    13    196.00      0.00  745084  183204   0.56      0.00    288.00    108.00       0  codex
15:11:51     1000   1075226   23.00    1.00    0.00    0.00   24.00     6   4953.00      0.00 1518712292  432000   1.33      0.00      0.00      0.00       0  code
15:11:51     1000   1076599    0.00    0.00    0.00    0.00    0.00    15    443.00      0.00 1450899504   19360   0.06      0.00      0.00      0.00       0  codex-code-mode
15:11:51     1000   1109016    4.00    1.00    0.00    0.00    5.00    14      0.00      0.00  900140   35996   0.11      0.00      0.00      0.00       0  real_go2_input_
15:11:51     1000   1109017   13.00    0.00    0.00    0.00   13.00     3      0.00      0.00  888092   78392   0.24      0.00      0.00      0.00       0  python3
15:11:51     1000   1109018   46.00    0.00    0.00    0.00   46.00     5      0.00      0.00 1140360  292576   0.90      0.00      0.00      0.00       0  scan_planner_no
15:11:51     1000   1109019    3.00    0.00    0.00    0.00    3.00    10      0.00      0.00  751152   32500   0.10      0.00      0.00      0.00       0  closed_loop_con
15:11:51     1000   1109020    3.00    0.00    0.00    0.00    3.00     9      0.00      0.00  750792   31364   0.10      0.00      0.00      0.00       0  cmd_vel_safety_
15:11:51     1000   1109021   16.00    0.00    0.00    0.00   16.00     8      0.00      0.00  884000   72960   0.22      0.00    104.00      0.00       0  telemetry_recor
15:11:51     1000   1109177    0.00    1.00    0.00    0.00    1.00     4      0.00      0.00   12840    5940   0.02      0.00      8.00      0.00       0  pidstat
15:11:51     1000   1109178    3.00    1.00    0.00    0.00    4.00    12      0.00      0.00 1103840  114256   0.35      0.00      0.00      0.00       0  ros2
15:11:51     1000   1109882   26.00    1.00    0.00    0.00   27.00    10    338.00      0.00 1518897488  551724   1.69      0.00     16.00      0.00       0  chrome

# Time        UID       PID    %usr %system  %guest   %wait    %CPU   CPU  minflt/s  majflt/s     VSZ     RSS   %MEM   kB_rd/s   kB_wr/s kB_ccwr/s iodelay  Command
15:11:52        0       676    0.00    1.00    0.00    0.00    1.00     1      0.00      0.00       0       0   0.00     -1.00     -1.00     -1.00       0  irq/163-rtw89_pci
15:11:52     1000      2324   11.00    2.00    0.00    0.00   13.00    10     21.00      0.00 5557092  381452   1.17      0.00      0.00      0.00       0  gnome-shell
15:11:52     1000      2622    6.00    1.00    0.00    0.00    7.00     7      0.00      0.00 5685392  231952   0.71      0.00      0.00      0.00       0  ToDesk
15:11:52      123      3242    0.00    1.00    0.00    0.00    1.00     0      0.00      0.00 2382180   76072   0.23     -1.00     -1.00     -1.00       0  nxserver.bin
15:11:52        0      3243    1.00    2.00    0.00    0.00    3.00    12      0.00      0.00 2778564   67840   0.21     -1.00     -1.00     -1.00       0  ToDesk_Service
15:11:52     1000     10268    0.00    0.00    0.00    0.00    0.00     8      3.00      0.00 33882424   63200   0.19      0.00      0.00      0.00       0  github-desktop
15:11:52     1000     32140    1.00    0.00    0.00    0.00    1.00     6      0.00      0.00 11729028  750732   2.30      0.00      0.00      0.00       0  com.alibabainc.
15:11:52     1000     45971    0.00    0.00    0.00    0.00    0.00     4      6.00      0.00 50049280  218576   0.67      0.00      0.00      0.00       0  com.alibabainc.
15:11:52        0    332726    0.00    0.00    0.00    0.00    0.00     8      2.00      0.00  361696  237184   0.73     -1.00     -1.00     -1.00       0  systemd-journal
15:11:52     1000    425666    0.00    0.00    0.00    0.00    0.00    12      1.00      0.00 52125624  263512   0.81      0.00      0.00      0.00       0  com.alibabainc.
15:11:52     1000    577014    3.00    1.00    0.00    0.00    4.00    12      8.00      0.00 1521087724  394560   1.21      0.00      0.00      0.00       0  code
15:11:52     1000    577063    9.00    2.00    0.00    0.00   11.00     8     30.00      0.00 51399300  246196   0.76      0.00      0.00      0.00       0  code
15:11:52     1000    577160    1.00    0.00    0.00    0.00    1.00     3    124.00      0.00 1518795316  679292   2.09      0.00      0.00      0.00       0  code
15:11:52     1000    577170    0.00    0.00    0.00    0.00    0.00     4     15.00      0.00 1520378324  115516   0.35      0.00      0.00      0.00       0  code
15:11:52     1000    577171    0.00    0.00    0.00    0.00    0.00     6     37.00      0.00 1520352992  124704   0.38      0.00      0.00      0.00       0  code
15:11:52     1000    577172    0.00    0.00    0.00    0.00    0.00     6      3.00      0.00 1520369816  113428   0.35      0.00      0.00      0.00       0  code
15:11:52     1000    577241    0.00    0.00    0.00    0.00    0.00    13     16.00      0.00  673380  181896   0.56      0.00     72.00      0.00       0  codex
15:11:52     1000    577320    0.00    0.00    0.00    0.00    0.00     3     12.00      0.00 1520354644  108556   0.33      0.00      0.00      0.00       0  code
15:11:52     1000    853053    1.00    1.00    0.00    0.00    2.00     8      7.00      0.00 55965896  496416   1.52      0.00      0.00      0.00       0  chrome
15:11:52     1000    853103    5.00    1.00    0.00    0.00    6.00     3     62.00      0.00 56210204  363060   1.11      0.00      0.00      0.00       0  chrome
15:11:52     1000    853105    0.00    0.00    0.00    0.00    0.00    10      2.00      0.00 55067288   93992   0.29      0.00      0.00      0.00       0  chrome
15:11:52     1000    880405    2.00    0.00    0.00    0.00    2.00     1     36.00      0.00 1518939028  517656   1.59      0.00      0.00      0.00       0  chrome
15:11:52     1000    885261    1.00    0.00    0.00    0.00    1.00     5    702.00      0.00 1518767568  324384   1.00      0.00      0.00      0.00       0  code
15:11:52        0   1074653    0.00    1.00    0.00    0.00    1.00     3      0.00      0.00       0       0   0.00     -1.00     -1.00     -1.00       0  kworker/u64:3-i915
15:11:52     1000   1074666    0.00    0.00    0.00    0.00    0.00    14      4.00      0.00 1520369816  129956   0.40      0.00      0.00      0.00       0  code
15:11:52     1000   1074681    1.00    1.00    0.00    0.00    2.00     8     46.00      0.00 1520363292  331548   1.02      0.00      0.00      0.00       0  code
15:11:52     1000   1074725    1.00    0.00    0.00    0.00    1.00    13     15.00      0.00  745084  183204   0.56      0.00      0.00      0.00       0  codex
15:11:52     1000   1075226   18.00    1.00    0.00    0.00   19.00     6   3031.00      0.00 1518713316  441388   1.35      0.00      0.00      0.00       0  code
15:11:52        0   1097682    0.00    1.00    0.00    0.00    1.00    12      0.00      0.00       0       0   0.00     -1.00     -1.00     -1.00       0  kworker/u65:3-i915_flip
15:11:52     1000   1109016    3.00    1.00    0.00    0.00    4.00     3      0.00      0.00  900140   35996   0.11      0.00      0.00      0.00       0  real_go2_input_
15:11:52     1000   1109017   14.00    0.00    0.00    1.00   14.00     2    110.00      0.00  888092   78392   0.24      0.00      0.00      0.00       0  python3
15:11:52     1000   1109018   41.00    1.00    0.00    0.00   42.00    10      0.00      0.00 1140360  292576   0.90      0.00      0.00      0.00       0  scan_planner_no
15:11:52     1000   1109019    3.00    1.00    0.00    0.00    4.00     6      0.00      0.00  751152   32500   0.10      0.00      0.00      0.00       0  closed_loop_con
15:11:52     1000   1109020    3.00    2.00    0.00    0.00    5.00    13      0.00      0.00  750792   31364   0.10      0.00      0.00      0.00       0  cmd_vel_safety_
15:11:52     1000   1109021   14.00    1.00    0.00    0.00   15.00     7      0.00      0.00  884000   72960   0.22      0.00    112.00      0.00       0  telemetry_recor
15:11:52     1000   1109177    0.00    1.00    0.00    0.00    1.00     4      0.00      0.00   12840    5940   0.02      0.00      4.00      0.00       0  pidstat
15:11:52     1000   1109178    1.00    1.00    0.00    0.00    2.00    12      0.00      0.00 1103840  114256   0.35      0.00      0.00      0.00       0  ros2
15:11:52     1000   1109882   17.00    1.00    0.00    0.00   18.00     8     42.00      0.00 1518897488  551980   1.69      0.00      0.00      0.00       0  chrome

# Time        UID       PID    %usr %system  %guest   %wait    %CPU   CPU  minflt/s  majflt/s     VSZ     RSS   %MEM   kB_rd/s   kB_wr/s kB_ccwr/s iodelay  Command
15:11:53        0        66    0.00    1.00    0.00    0.00    1.00    14      0.00      0.00       0       0   0.00     -1.00     -1.00     -1.00       0  migration/14
15:11:53     1000      2075    0.00    1.00    0.00    0.00    1.00     1      0.00      0.00  121184   17312   0.05      0.00      0.00      0.00       0  pipewire
15:11:53     1000      2081    0.00    1.00    0.00    0.00    1.00     3      0.00      0.00  160528   48336   0.15      0.00      0.00      0.00       0  pipewire-pulse
15:11:53     1000      2324   11.00    3.00    0.00    0.00   14.00     0      1.00      0.00 5557156  381452   1.17      0.00      0.00      0.00       0  gnome-shell
15:11:53     1000      2622    4.00    2.00    0.00    0.00    6.00     7      0.00      0.00 5685392  231952   0.71      0.00      0.00      0.00       0  ToDesk
15:11:53        0      3243    0.00    1.00    0.00    0.00    1.00    15      0.00      0.00 2778564   67840   0.21     -1.00     -1.00     -1.00       0  ToDesk_Service
15:11:53     1000     32140    1.00    1.00    0.00    0.00    2.00     4      0.00      0.00 11729028  750732   2.30      0.00      0.00      0.00       0  com.alibabainc.
15:11:53     1000     32292    0.00    0.00    0.00    0.00    0.00     2      0.00      0.00 1475368   79308   0.24      0.00     40.00      0.00       0  com.alibabainc.
15:11:53     1000     45971    0.00    0.00    0.00    0.00    0.00     6      4.00      0.00 50049280  218576   0.67      0.00      0.00      0.00       0  com.alibabainc.
15:11:53        0    332726    0.00    0.00    0.00    0.00    0.00    10      3.00      0.00  361696  237184   0.73     -1.00     -1.00     -1.00       0  systemd-journal
15:11:53     1000    425666    0.00    0.00    0.00    0.00    0.00    13      1.00      0.00 50028472  261412   0.80      0.00      0.00      0.00       0  com.alibabainc.
15:11:53     1000    516139    0.00    1.00    0.00    0.00    1.00    14      0.00      0.00 5453760   37080   0.11      0.00      0.00      0.00       0  clash
15:11:53     1000    577014    1.00    1.00    0.00    0.00    2.00     2      0.00      0.00 1521087724  394560   1.21      0.00      0.00      0.00       0  code
15:11:53     1000    577063   11.00    2.00    0.00    0.00   13.00    10    119.00      0.00 51405412  246176   0.76      0.00      0.00      0.00       0  code
15:11:53     1000    577107    0.00    0.00    0.00    0.00    0.00     2      9.00      0.00 1520761120  590972   1.81      0.00      0.00      0.00       0  code
15:11:53     1000    577132    0.00    0.00    0.00    0.00    0.00     0     27.00      0.00 1520364784  380036   1.17      0.00      0.00      0.00       0  code
15:11:53     1000    577160    2.00    0.00    0.00    0.00    2.00     3      6.00      0.00 1518795316  679292   2.09      0.00      0.00      0.00       0  code
15:11:53     1000    577170    0.00    0.00    0.00    0.00    0.00     2      1.00      0.00 1520378324  115516   0.35      0.00      0.00      0.00       0  code
15:11:53     1000    577320    0.00    0.00    0.00    0.00    0.00     3     13.00      0.00 1520354644  108556   0.33      0.00      0.00      0.00       0  code
15:11:53     1000    853053    1.00    0.00    0.00    0.00    1.00     8      9.00      0.00 55965896  496416   1.52      0.00      0.00      0.00       0  chrome
15:11:53     1000    853103    4.00    3.00    0.00    0.00    7.00     2     29.00      0.00 56213788  363060   1.11      0.00      0.00      0.00       0  chrome
15:11:53     1000    853105    0.00    0.00    0.00    0.00    0.00    10     16.00      0.00 55067288   93992   0.29      0.00      0.00      0.00       0  chrome
15:11:53     1000    880405    1.00    1.00    0.00    0.00    2.00    10      6.00      0.00 1518939028  517784   1.59      0.00      0.00      0.00       0  chrome
15:11:53     1000    881951    1.00    0.00    0.00    0.00    1.00     0      0.00      0.00 55174436   61056   0.19      0.00      0.00      0.00       0  chrome
15:11:53     1000    885261    3.00    1.00    0.00    0.00    4.00    15   1248.00      0.00 1518767568  328992   1.01      0.00      0.00      0.00       0  code
15:11:53        0   1049858    0.00    1.00    0.00    0.00    1.00     0      0.00      0.00       0       0   0.00     -1.00     -1.00     -1.00       0  kworker/u64:9-events_unbound
15:11:53     1000   1068542    0.00    0.00    0.00    0.00    0.00    10      1.00      0.00 1518806824  272728   0.84      0.00      0.00      0.00       0  chrome
15:11:53     1000   1074681    2.00    0.00    0.00    0.00    2.00     4      8.00      0.00 1520363292  331548   1.02      0.00      0.00      0.00       0  code
15:11:53     1000   1074725    3.00    0.00    0.00    0.00    3.00    13     95.00      0.00  744700  182752   0.56      0.00    600.00    216.00       0  codex
15:11:53     1000   1075226   29.00    2.00    0.00    0.00   31.00     4   4043.00      0.00 1518719460  451640   1.39      0.00      0.00      0.00       0  code
15:11:53        0   1108714    0.00    1.00    0.00    0.00    1.00    15      0.00      0.00       0       0   0.00     -1.00     -1.00     -1.00       0  kworker/15:1-i915-unordered
15:11:53     1000   1109012    0.00    0.00    0.00    0.00    0.00     6      1.00      0.00  204044   41564   0.13      0.00      0.00      0.00       0  ros2
15:11:53     1000   1109016    4.00    1.00    0.00    0.00    5.00     4      0.00      0.00  900140   35996   0.11      0.00      0.00      0.00       0  real_go2_input_
15:11:53     1000   1109017   15.00    0.00    0.00    0.00   15.00     9    110.00      0.00  888092   78392   0.24      0.00      0.00      0.00       0  python3
15:11:53     1000   1109018   45.00    0.00    0.00    0.00   45.00     5      1.00      0.00 1140360  292576   0.90      0.00      0.00      0.00       0  scan_planner_no
15:11:53     1000   1109019    2.00    0.00    0.00    0.00    2.00    15      0.00      0.00  751152   32500   0.10      0.00      0.00      0.00       0  closed_loop_con
15:11:53     1000   1109020    3.00    1.00    0.00    0.00    4.00    14      0.00      0.00  750792   31364   0.10      0.00      0.00      0.00       0  cmd_vel_safety_
15:11:53     1000   1109021   15.00    0.00    0.00    0.00   15.00     2      0.00      0.00  884000   72960   0.22      0.00    120.00      0.00       0  telemetry_recor
15:11:53     1000   1109177    1.00    0.00    0.00    0.00    1.00     6      0.00      0.00   12840    5940   0.02      0.00      8.00      0.00       0  pidstat
15:11:53     1000   1109178    2.00    1.00    0.00    0.00    3.00    13      0.00      0.00 1103840  114256   0.35      0.00      0.00      0.00       0  ros2
15:11:53     1000   1109882   16.00    2.00    0.00    0.00   18.00     2      4.00      0.00 1518897488  551980   1.69      0.00      0.00      0.00       0  chrome

# Time        UID       PID    %usr %system  %guest   %wait    %CPU   CPU  minflt/s  majflt/s     VSZ     RSS   %MEM   kB_rd/s   kB_wr/s kB_ccwr/s iodelay  Command
15:11:54        0        15    0.00    1.00    0.00    0.00    1.00    15      0.00      0.00       0       0   0.00     -1.00     -1.00     -1.00       0  rcu_preempt
15:11:54        0        54    0.00    1.00    0.00    0.00    1.00    12      0.00      0.00       0       0   0.00     -1.00     -1.00     -1.00       0  migration/12
15:11:54        0       456    0.00    1.00    0.00    0.00    1.00     0      0.00      0.00       0       0   0.00     -1.00     -1.00     -1.00       0  kworker/0:1H-i915_cleanup
15:11:54        0       676    0.00    1.00    0.00    0.00    1.00     1      0.00      0.00       0       0   0.00     -1.00     -1.00     -1.00       0  irq/163-rtw89_pci
15:11:54     1000      2075    1.00    0.00    0.00    0.00    1.00     1      0.00      0.00  121184   17312   0.05      0.00      0.00      0.00       0  pipewire
15:11:54     1000      2324   12.00    2.00    0.00    1.00   14.00     0      0.00      0.00 5557156  381452   1.17      0.00      0.00      0.00       0  gnome-shell
15:11:54     1000      2622    6.00    1.00    0.00    0.00    7.00     5      0.00      0.00 5685392  231952   0.71      0.00      0.00      0.00       0  ToDesk
15:11:54      123      3242    0.00    0.00    0.00    0.00    0.00     0     13.00      0.00 2382180   76072   0.23     -1.00     -1.00     -1.00       0  nxserver.bin
15:11:54        0      3243    1.00    1.00    0.00    0.00    2.00     2      0.00      0.00 2778564   67840   0.21     -1.00     -1.00     -1.00       0  ToDesk_Service
15:11:54     1000      4056    0.00    1.00    0.00    0.00    1.00     4      0.00      0.00  896292  154828   0.48      0.00      0.00      0.00       0  x-terminal-emul
15:11:54     1000     10213    0.00    0.00    0.00    0.00    0.00     2      5.00      0.00 1212301312  153700   0.47      0.00      0.00      0.00       0  github-desktop
15:11:54     1000     10251    0.00    0.00    0.00    0.00    0.00     5      3.00      0.00 34566360  113132   0.35      0.00      0.00      0.00       0  github-desktop
15:11:54     1000     32140    2.00    0.00    0.00    0.00    2.00    12      0.00      0.00 11729028  750732   2.30      0.00      0.00      0.00       0  com.alibabainc.
15:11:54     1000     45971    1.00    1.00    0.00    0.00    2.00    10      4.00      0.00 50049280  218576   0.67      0.00      0.00      0.00       0  com.alibabainc.
15:11:54     1000     46026    1.00    0.00    0.00    0.00    1.00     6      0.00      0.00 73748840  447560   1.37      0.00      0.00      0.00       0  com.alibabainc.
15:11:54     1000    156386    1.00    0.00    0.00    0.00    1.00    14      0.00      0.00 1788224   49216   0.15      0.00      0.00      0.00       0  nxplayer.bin
15:11:54        0    332726    0.00    0.00    0.00    0.00    0.00    13      1.00      0.00  361696  237184   0.73     -1.00     -1.00     -1.00       0  systemd-journal
15:11:54     1000    425666    0.00    0.00    0.00    0.00    0.00    13      3.00      0.00 50028472  261412   0.80      0.00      0.00      0.00       0  com.alibabainc.
15:11:54     1000    577014    2.00    1.00    0.00    0.00    3.00     2     16.00      0.00 1521087724  394560   1.21      0.00      0.00      0.00       0  code
15:11:54     1000    577063    9.00    1.00    0.00    0.00   10.00    12     65.00      0.00 51405684  246304   0.76      0.00      0.00      0.00       0  code
15:11:54     1000    577160    1.00    0.00    0.00    0.00    1.00     3      0.00      0.00 1518795316  679292   2.09      0.00      0.00      0.00       0  code
15:11:54     1000    577170    0.00    0.00    0.00    0.00    0.00     2      2.00      0.00 1520378324  115516   0.35      0.00      0.00      0.00       0  code
15:11:54     1000    577241    0.00    0.00    0.00    0.00    0.00    13      1.00      0.00  673380  181896   0.56      0.00      0.00      0.00       0  codex
15:11:54     1000    853053    0.00    1.00    0.00    0.00    1.00     8      0.00      0.00 55965896  496416   1.52      0.00      0.00      0.00       0  chrome
15:11:54     1000    853103    5.00    1.00    0.00    0.00    6.00     5     29.00      0.00 56211772  363060   1.11      0.00      0.00      0.00       0  chrome
15:11:54     1000    856924    0.00    1.00    0.00    0.00    1.00     5      0.00      0.00 1518794828  253964   0.78      0.00      0.00      0.00       0  chrome
15:11:54     1000    880405    2.00    0.00    0.00    0.00    2.00     8      3.00      0.00 1518939028  517784   1.59      0.00      0.00      0.00       0  chrome
15:11:54     1000    881951    0.00    1.00    0.00    0.00    1.00     4      0.00      0.00 55174436   61056   0.19      0.00      0.00      0.00       0  chrome
15:11:54     1000    885261   19.00    1.00    0.00    0.00   20.00     4   1028.00      0.00 1518767568  321252   0.99      0.00      0.00      0.00       0  code
15:11:54     1000    888088    0.00    0.00    0.00    0.00    0.00    15      0.00      0.00 1520775128  270412   0.83      0.00      0.00      0.00       0  chrome
15:11:54     1000    888233    2.00    2.00    0.00    0.00    4.00     1      1.00      0.00 1754328  368480   1.13      0.00      0.00      0.00       0  gnome-system-mo
15:11:54     1000   1068542    0.00    0.00    0.00    0.00    0.00    12      1.00      0.00 1518806824  272728   0.84      0.00      0.00      0.00       0  chrome
15:11:54     1000   1074681    2.00    0.00    0.00    0.00    2.00    10      7.00      0.00 1520363292  331548   1.02      0.00      0.00      0.00       0  code
15:11:54     1000   1074725    2.00    1.00    0.00    0.00    3.00    13     60.00      0.00  744700  182752   0.56      0.00    336.00    104.00       0  codex
15:11:54     1000   1075226   15.00    1.00    0.00    0.00   16.00    10   2531.00      0.00 1518719460  457360   1.40      0.00      0.00      0.00       0  code
15:11:54     1000   1109016    4.00    1.00    0.00    0.00    5.00    15      0.00      0.00  900140   35996   0.11      0.00      0.00      0.00       0  real_go2_input_
15:11:54     1000   1109017   11.00    1.00    0.00    0.00   12.00     2      0.00      0.00  888092   78392   0.24      0.00      0.00      0.00       0  python3
15:11:54     1000   1109018   42.00    0.00    0.00    0.00   42.00     8      3.00      0.00 1140360  292576   0.90      0.00      0.00      0.00       0  scan_planner_no
15:11:54     1000   1109019    2.00    1.00    0.00    0.00    3.00    12      0.00      0.00  751152   32500   0.10      0.00      0.00      0.00       0  closed_loop_con
15:11:54     1000   1109020    2.00    1.00    0.00    0.00    3.00    11      0.00      0.00  750792   31364   0.10      0.00      0.00      0.00       0  cmd_vel_safety_
15:11:54     1000   1109021   16.00    1.00    0.00    0.00   17.00    10      0.00      0.00  884000   72960   0.22      0.00    104.00      0.00       0  telemetry_recor
15:11:54     1000   1109177    0.00    1.00    0.00    0.00    1.00     6      0.00      0.00   12840    5940   0.02      0.00      8.00      0.00       0  pidstat
15:11:54     1000   1109178    2.00    2.00    0.00    0.00    4.00    13      0.00      0.00 1103840  114256   0.35      0.00      0.00      0.00       0  ros2
15:11:54     1000   1109882   22.00    1.00    0.00    0.00   23.00    10    163.00      0.00 1518897488  552492   1.70      0.00      0.00      0.00       0  chrome

# Time        UID       PID    %usr %system  %guest   %wait    %CPU   CPU  minflt/s  majflt/s     VSZ     RSS   %MEM   kB_rd/s   kB_wr/s kB_ccwr/s iodelay  Command
15:11:55        0        42    0.00    1.00    0.00    0.00    1.00     8      0.00      0.00       0       0   0.00     -1.00     -1.00     -1.00       0  migration/8
15:11:55        0       326    0.00    1.00    0.00    0.00    1.00     0      0.00      0.00       0       0   0.00     -1.00     -1.00     -1.00       0  jbd2/nvme0n1p2-8
15:11:55     1000      2081    1.00    0.00    0.00    0.00    1.00     6      0.00      0.00  160528   48336   0.15      0.00      0.00      0.00       0  pipewire-pulse
15:11:55     1000      2324   12.00    3.00    0.00    0.00   15.00    14      0.00      0.00 5557156  381452   1.17      0.00      0.00      0.00       0  gnome-shell
15:11:55     1000      2622    5.00    2.00    0.00    0.00    7.00     6      0.00      0.00 5685392  231952   0.71      0.00      0.00      0.00       0  ToDesk
15:11:55        0      3243    1.00    1.00    0.00    0.00    2.00     4      0.00      0.00 2778564   67840   0.21     -1.00     -1.00     -1.00       0  ToDesk_Service
15:11:55        0     25271    0.00    1.00    0.00    0.00    1.00    12      0.00      0.00  664968   42912   0.13     -1.00     -1.00     -1.00       0  fwupd
15:11:55     1000     32140    1.00    1.00    0.00    0.00    2.00    13      0.00      0.00 11729028  750732   2.30      0.00      0.00      0.00       0  com.alibabainc.
15:11:55     1000     45971    0.00    0.00    0.00    0.00    0.00    10      4.00      0.00 50049280  218832   0.67      0.00      0.00      0.00       0  com.alibabainc.
15:11:55        0    332726    0.00    0.00    0.00    0.00    0.00    14      1.00      0.00  361696  237184   0.73     -1.00     -1.00     -1.00       0  systemd-journal
15:11:55     1000    577014    1.00    1.00    0.00    0.00    2.00     0      1.00      0.00 1521087724  394560   1.21      0.00      0.00      0.00       0  code
15:11:55     1000    577063    8.00    2.00    0.00    0.00   10.00    15     35.00      0.00 51413524  246260   0.76      0.00      0.00      0.00       0  code
15:11:55     1000    577067    0.00    0.00    0.00    0.00    0.00    13      2.00      0.00 50711564   88336   0.27      0.00      0.00      0.00       0  code
15:11:55     1000    577160    2.00    0.00    0.00    0.00    2.00     3      0.00      0.00 1518795316  679292   2.09      0.00      0.00      0.00       0  code
15:11:55     1000    577170    0.00    1.00    0.00    0.00    1.00     2      1.00      0.00 1520378324  115516   0.35      0.00      0.00      0.00       0  code
15:11:55     1000    853053    2.00    0.00    0.00    0.00    2.00    15     21.00      0.00 55965896  496416   1.52      0.00      0.00    192.00       0  chrome
15:11:55     1000    853103    6.00    2.00    0.00    0.00    8.00     4     52.00      0.00 56202080  363188   1.11      0.00      0.00      0.00       0  chrome
15:11:55     1000    853105    1.00    1.00    0.00    0.00    2.00    10    192.00      0.00 55067288   94164   0.29      0.00    548.00      0.00       0  chrome
15:11:55     1000    853115    0.00    0.00    0.00    0.00    0.00    13    173.00      0.00 55302144   57580   0.18      0.00     52.00      0.00       0  chrome
15:11:55     1000    880405    1.00    0.00    0.00    0.00    1.00     3      4.00      0.00 1518939028  517784   1.59      0.00     16.00      0.00       0  chrome
15:11:55     1000    881919    0.00    0.00    0.00    0.00    0.00    12      2.00      0.00 1518709684  110432   0.34      0.00      0.00      0.00       0  chrome
15:11:55     1000    881951    1.00    0.00    0.00    0.00    1.00    12      0.00      0.00 55174436   61056   0.19      0.00      0.00      0.00       0  chrome
15:11:55     1000    885261    1.00    0.00    0.00    0.00    1.00     0    471.00      0.00 1518767568  323172   0.99      0.00      0.00      0.00       0  code
15:11:55        0   1049858    0.00    1.00    0.00    0.00    1.00     1      0.00      0.00       0       0   0.00     -1.00     -1.00     -1.00       0  kworker/u64:9-i915
15:11:55     1000   1074681    0.00    0.00    0.00    1.00    0.00     5      5.00      0.00 1520363292  331676   1.02      0.00      0.00      0.00       0  code
15:11:55     1000   1074725    1.00    0.00    0.00    0.00    1.00    13     32.00      0.00  744700  182880   0.56      0.00    172.00     68.00       0  codex
15:11:55     1000   1075226   39.00    2.00    0.00    1.00   41.00    10   3315.00      0.00 1518727652  463760   1.42      0.00      0.00      0.00       0  code
15:11:55     1000   1109012    0.00    0.00    0.00    0.00    0.00     6      0.00      0.00  204044   41564   0.13      0.00      4.00      0.00       0  ros2
15:11:55     1000   1109016    3.00    2.00    0.00    0.00    5.00     0      0.00      0.00  900140   35996   0.11      0.00      0.00      0.00       0  real_go2_input_
15:11:55     1000   1109017   12.00    0.00    0.00    0.00   12.00    11      0.00      0.00  888092   78392   0.24      0.00      0.00      0.00       0  python3
15:11:55     1000   1109018   40.00    0.00    0.00    1.00   40.00     7      2.00      0.00 1140500  292576   0.90      0.00      4.00      0.00       0  scan_planner_no
15:11:55     1000   1109019    3.00    1.00    0.00    0.00    4.00     3      0.00      0.00  751152   32500   0.10      0.00      0.00      0.00       0  closed_loop_con
15:11:55     1000   1109020    3.00    1.00    0.00    1.00    4.00     2      0.00      0.00  750792   31364   0.10      0.00      0.00      0.00       0  cmd_vel_safety_
15:11:55     1000   1109021   15.00    0.00    0.00    0.00   15.00     2      0.00      0.00  884000   72960   0.22      0.00    112.00      0.00       0  telemetry_recor
15:11:55     1000   1109177    1.00    1.00    0.00    0.00    2.00     0      0.00      0.00   12840    5940   0.02      0.00      4.00      0.00       0  pidstat
15:11:55     1000   1109178    2.00    1.00    0.00    0.00    3.00    13      0.00      0.00 1103840  114256   0.35      0.00      0.00      0.00       0  ros2
15:11:55     1000   1109882   19.00    2.00    0.00    0.00   21.00    12    650.00      0.00 1518897488  552668   1.70      0.00      0.00      0.00       0  chrome

# Time        UID       PID    %usr %system  %guest   %wait    %CPU   CPU  minflt/s  majflt/s     VSZ     RSS   %MEM   kB_rd/s   kB_wr/s kB_ccwr/s iodelay  Command
15:11:56        0         1    0.00    0.00    0.00    0.00    0.00    15      8.00      0.00   23564   14152   0.04     -1.00     -1.00     -1.00       0  systemd
15:11:56        0        24    0.00    1.00    0.00    0.00    1.00     2      0.00      0.00       0       0   0.00     -1.00     -1.00     -1.00       0  migration/2
15:11:56        0       461    0.00    1.00    0.00    0.00    1.00    15      0.00      0.00       0       0   0.00     -1.00     -1.00     -1.00       0  kworker/15:1H-i915_cleanup
15:11:56        0       676    0.00    1.00    0.00    1.00    1.00     1      0.00      0.00       0       0   0.00     -1.00     -1.00     -1.00       0  irq/163-rtw89_pci
15:11:56        0      1071    1.00    0.00    0.00    0.00    1.00    14      0.00      0.00   15268    7648   0.02     -1.00     -1.00     -1.00       0  bluetoothd
15:11:56     1000      2324   16.00    3.00    0.00    0.00   19.00     6      1.00      0.00 5557220  381452   1.17      0.00      0.00      0.00       0  gnome-shell
15:11:56     1000      2622    6.00    1.00    0.00    0.00    7.00     8      0.00      0.00 5685392  231952   0.71      0.00      0.00      0.00       0  ToDesk
15:11:56        0      3243    0.00    2.00    0.00    0.00    2.00     4      0.00      0.00 2778564   67840   0.21     -1.00     -1.00     -1.00       0  ToDesk_Service
15:11:56     1000     10268    0.00    0.00    0.00    0.00    0.00     8      3.00      0.00 33882424   63200   0.19      0.00      0.00      0.00       0  github-desktop
15:11:56     1000     32140    1.00    0.00    0.00    0.00    1.00    12      0.00      0.00 11729028  750732   2.30      0.00      0.00      0.00       0  com.alibabainc.
15:11:56     1000     45971    0.00    0.00    0.00    0.00    0.00     2      5.00      0.00 50049280  218832   0.67      0.00      0.00      0.00       0  com.alibabainc.
15:11:56     1000     46026    0.00    0.00    0.00    0.00    0.00     6      0.00      0.00 72700264  445296   1.37      0.00      0.00      0.00       0  com.alibabainc.
15:11:56        0    332726    0.00    0.00    0.00    0.00    0.00    14      2.00      0.00  361696  237184   0.73     -1.00     -1.00     -1.00       0  systemd-journal
15:11:56     1000    425666    0.00    0.00    0.00    0.00    0.00     6      1.00      0.00 50028472  261412   0.80      0.00      0.00      0.00       0  com.alibabainc.
15:11:56     1000    425773    0.00    0.00    0.00    0.00    0.00    13      1.00      0.00 50014516  390636   1.20      0.00      0.00      0.00       0  com.alibabainc.
15:11:56     1000    516139    1.00    1.00    0.00    0.00    2.00     7      0.00      0.00 5453760   37080   0.11      0.00      0.00      0.00       0  clash
15:11:56     1000    577014    2.00    2.00    0.00    0.00    4.00     8      2.00      0.00 1521087724  394560   1.21      0.00      0.00      0.00       0  code
15:11:56     1000    577063   12.00    1.00    0.00    0.00   13.00     2     35.00      0.00 51413628  246388   0.76      0.00      0.00      0.00       0  code
15:11:56     1000    577160    1.00    1.00    0.00    0.00    2.00    10    123.00      0.00 1518795316  679292   2.09      0.00      0.00      0.00       0  code
15:11:56     1000    577170    0.00    0.00    0.00    0.00    0.00     8      5.00      0.00 1520378324  115516   0.35      0.00      0.00      0.00       0  code
15:11:56     1000    577171    0.00    0.00    0.00    0.00    0.00     6     37.00      0.00 1520352992  124704   0.38      0.00      0.00      0.00       0  code
15:11:56     1000    577172    0.00    0.00    0.00    0.00    0.00     8      3.00      0.00 1520369816  113428   0.35      0.00      0.00      0.00       0  code
15:11:56     1000    577320    0.00    0.00    0.00    0.00    0.00     3     12.00      0.00 1520354644  108556   0.33      0.00      0.00      0.00       0  code
15:11:56     1000    853053    2.00    1.00    0.00    0.00    3.00    10    150.00      0.00 55965896  496800   1.52      0.00      0.00      0.00       0  chrome
15:11:56     1000    853103    8.00    2.00    0.00    0.00   10.00     9    185.00      0.00 56200972  363832   1.12      0.00      0.00      0.00       0  chrome
15:11:56     1000    853105    1.00    0.00    0.00    0.00    1.00    10    113.00      0.00 55067288   94152   0.29      0.00     24.00      0.00       0  chrome
15:11:56     1000    880405    1.00    0.00    0.00    0.00    1.00     1      3.00      0.00 1518939028  517784   1.59      0.00      0.00      0.00       0  chrome
15:11:56     1000    881919    0.00    0.00    0.00    0.00    0.00    12      1.00      0.00 1518709684  110432   0.34      0.00      0.00      0.00       0  chrome
15:11:56     1000    882233    0.00    0.00    0.00    0.00    0.00     6      1.00      0.00 1518829448  203924   0.63      0.00      0.00      0.00       0  chrome
15:11:56     1000    885261    2.00    0.00    0.00    0.00    2.00    12    784.00      0.00 1518767568  325988   1.00      0.00      0.00      0.00       0  code
15:11:56     1000    910028    1.00    0.00    0.00    0.00    1.00     8      8.00      0.00 1522802148  377524   1.16      0.00      0.00      0.00       0  chrome
15:11:56        0   1074653    0.00    1.00    0.00    0.00    1.00     0      0.00      0.00       0       0   0.00     -1.00     -1.00     -1.00       0  kworker/u64:3-events_unbound
15:11:56     1000   1074666    0.00    0.00    0.00    0.00    0.00    15      4.00      0.00 1520369816  129956   0.40      0.00      0.00      0.00       0  code
15:11:56     1000   1074681    2.00    1.00    0.00    0.00    3.00     5     20.00      0.00 1520363292  331544   1.02      0.00      0.00      0.00       0  code
15:11:56     1000   1074725    1.00    0.00    0.00    0.00    1.00    13     25.00      0.00  744700  182880   0.56      0.00      0.00      0.00       0  codex
15:11:56     1000   1075226   28.00    1.00    0.00    0.00   29.00     7    719.00      0.00 1518727652  464180   1.42      0.00      0.00      0.00       0  code
15:11:56     1000   1109016    4.00    1.00    0.00    0.00    5.00    10      0.00      0.00  900140   35996   0.11      0.00      0.00      0.00       0  real_go2_input_
15:11:56     1000   1109017   13.00    0.00    0.00    0.00   13.00     9      0.00      0.00  888092   78392   0.24      0.00      0.00      0.00       0  python3
15:11:56     1000   1109018   43.00    0.00    0.00    0.00   43.00     2      1.00      0.00 1140500  292576   0.90      0.00      0.00      0.00       0  scan_planner_no
15:11:56     1000   1109019    3.00    0.00    0.00    0.00    3.00     6      0.00      0.00  751152   32500   0.10      0.00      0.00      0.00       0  closed_loop_con
15:11:56     1000   1109020    3.00    1.00    0.00    0.00    4.00     6      0.00      0.00  750792   31364   0.10      0.00      0.00      0.00       0  cmd_vel_safety_
15:11:56     1000   1109021   17.00    1.00    0.00    0.00   18.00     6      0.00      0.00  884000   72960   0.22      0.00    112.00      0.00       0  telemetry_recor
15:11:56     1000   1109177    0.00    0.00    0.00    0.00    0.00     4      0.00      0.00   12840    5940   0.02      0.00      8.00      0.00       0  pidstat
15:11:56     1000   1109178    2.00    1.00    0.00    0.00    3.00    14      0.00      0.00 1103840  114256   0.35      0.00      0.00      0.00       0  ros2
15:11:56     1000   1109882   23.00    1.00    0.00    1.00   24.00     2    780.00      0.00 1518897488  553600   1.70      0.00      0.00      0.00       0  chrome

# Time        UID       PID    %usr %system  %guest   %wait    %CPU   CPU  minflt/s  majflt/s     VSZ     RSS   %MEM   kB_rd/s   kB_wr/s kB_ccwr/s iodelay  Command
15:11:57        0        15    0.00    1.00    0.00    0.00    1.00    15      0.00      0.00       0       0   0.00     -1.00     -1.00     -1.00       0  rcu_preempt
15:11:57        0       676    0.00    3.00    0.00    0.00    3.00     1      0.00      0.00       0       0   0.00     -1.00     -1.00     -1.00       0  irq/163-rtw89_pci
15:11:57     1000      2081    0.00    1.00    0.00    0.00    1.00     2      0.00      0.00  160528   48336   0.15      0.00      0.00      0.00       0  pipewire-pulse
15:11:57     1000      2324   11.00    2.00    0.00    0.00   13.00    10      0.00      0.00 5557220  381452   1.17      0.00      0.00      0.00       0  gnome-shell
15:11:57     1000      2622    5.00    3.00    0.00    0.00    8.00     6      0.00      0.00 5685392  231952   0.71      0.00      0.00      0.00       0  ToDesk
15:11:57        0      3243    1.00    2.00    0.00    0.00    3.00    12      0.00      0.00 2778564   67840   0.21     -1.00     -1.00     -1.00       0  ToDesk_Service
15:11:57     1000     32140    1.00    1.00    0.00    0.00    2.00    10      0.00      0.00 11729028  750732   2.30      0.00      0.00      0.00       0  com.alibabainc.
15:11:57     1000     32292    0.00    0.00    0.00    0.00    0.00     2      1.00      0.00 1475368   79308   0.24      0.00      0.00      0.00       0  com.alibabainc.
15:11:57     1000     45971    0.00    0.00    0.00    0.00    0.00     4      4.00      0.00 50049280  218832   0.67      0.00      0.00      0.00       0  com.alibabainc.
15:11:57     1000     46026    0.00    0.00    0.00    0.00    0.00     8      8.00      0.00 72700264  445296   1.37      0.00      0.00      0.00       0  com.alibabainc.
15:11:57     1000     52294    0.00    0.00    0.00    0.00    0.00     5      9.00      0.00 53387424  463828   1.42      0.00      0.00      0.00       0  com.alibabainc.
15:11:57        0    332726    0.00    0.00    0.00    0.00    0.00     0      1.00      0.00  361696  237184   0.73     -1.00     -1.00     -1.00       0  systemd-journal
15:11:57     1000    425666    0.00    0.00    0.00    0.00    0.00     6      1.00      0.00 50028472  261412   0.80      0.00      0.00      0.00       0  com.alibabainc.
15:11:57     1000    426077    1.00    0.00    0.00    0.00    1.00    10      1.00      0.00 50132492  528136   1.62      0.00      0.00      0.00       0  com.alibabainc.
15:11:57     1000    577014    2.00    0.00    0.00    0.00    2.00     7     36.00      0.00 1521087724  394560   1.21      0.00      4.00      0.00       0  code
15:11:57     1000    577063   10.00    2.00    0.00    0.00   12.00     2    159.00      0.00 51413612  246456   0.76      0.00      0.00      0.00       0  code
15:11:57     1000    577132    0.00    0.00    0.00    0.00    0.00    13     27.00      0.00 1520364784  380036   1.17      0.00      0.00      0.00       0  code
15:11:57     1000    577160    2.00    0.00    0.00    0.00    2.00    12      0.00      0.00 1518795316  679292   2.09      0.00      0.00      0.00       0  code
15:11:57     1000    577170    0.00    0.00    0.00    0.00    0.00    14     10.00      0.00 1520378324  115516   0.35      0.00      0.00      0.00       0  code
15:11:57     1000    577171    0.00    0.00    0.00    0.00    0.00    13     17.00      0.00 1520352992  124704   0.38      0.00      0.00      0.00       0  code
15:11:57     1000    577241    0.00    0.00    0.00    0.00    0.00    13      1.00      0.00  673380  181896   0.56      0.00      0.00      0.00       0  codex
15:11:57     1000    853053    1.00    0.00    0.00    0.00    1.00     3     22.00      0.00 55965896  496800   1.52      0.00      0.00      0.00       0  chrome
15:11:57     1000    853103    5.00    1.00    0.00    0.00    6.00     4     28.00      0.00 56203020  363832   1.12      0.00      0.00      0.00       0  chrome
15:11:57     1000    853105    0.00    0.00    0.00    0.00    0.00    10     13.00      0.00 55067288   94152   0.29      0.00      0.00      0.00       0  chrome
15:11:57     1000    880405    2.00    0.00    0.00    0.00    2.00    14      9.00      0.00 1518939028  517784   1.59      0.00      0.00      0.00       0  chrome
15:11:57     1000    881251    0.00    0.00    0.00    0.00    0.00    14      6.00      0.00 72661500  496340   1.52      0.00      0.00      0.00       0  com.alibabainc.
15:11:57     1000    881919    0.00    0.00    0.00    0.00    0.00     2      1.00      0.00 1518709684  110432   0.34      0.00      0.00      0.00       0  chrome
15:11:57     1000    881951    1.00    1.00    0.00    0.00    2.00     3      2.00      0.00 55174436   61056   0.19      0.00      0.00      0.00       0  chrome
15:11:57     1000    882233    0.00    0.00    0.00    0.00    0.00     3      1.00      0.00 1518829448  203924   0.63      0.00      0.00      0.00       0  chrome
15:11:57     1000    885261    1.00    1.00    0.00    0.00    2.00    13    997.00      0.00 1518767568  327048   1.00      0.00      0.00      0.00       0  code
15:11:57     1000    888233    3.00    1.00    0.00    0.00    4.00     2      3.00      0.00 1754844  368480   1.13      0.00      0.00      0.00       0  gnome-system-mo
15:11:57     1000    913217    0.00    0.00    0.00    0.00    0.00     2      6.00      0.00 72299740  382432   1.17      0.00      0.00      0.00       0  com.alibabainc.
15:11:57        0   1049858    0.00    1.00    0.00    0.00    1.00     0      0.00      0.00       0       0   0.00     -1.00     -1.00     -1.00       0  kworker/u64:9-writeback
15:11:57        0   1074653    0.00    1.00    0.00    0.00    1.00     6      0.00      0.00       0       0   0.00     -1.00     -1.00     -1.00       0  kworker/u64:3-events_unbound
15:11:57     1000   1074681    1.00    0.00    0.00    0.00    1.00    10     11.00      0.00 1520363292  331544   1.02      0.00      0.00      0.00       0  code
15:11:57     1000   1074725    2.00    0.00    0.00    0.00    2.00    13     63.00      0.00  744768  182880   0.56      0.00    304.00    100.00       0  codex
15:11:57     1000   1075226   21.00    0.00    0.00    0.00   21.00     5    984.00      0.00 1518727652  464484   1.43      0.00      0.00      0.00       0  code
15:11:57        0   1106397    0.00    1.00    0.00    0.00    1.00    12      0.00      0.00       0       0   0.00     -1.00     -1.00     -1.00       0  kworker/u65:2-i915_flip
15:11:57     1000   1109016    4.00    1.00    0.00    0.00    5.00    15      0.00      0.00  900140   35996   0.11      0.00      0.00      0.00       0  real_go2_input_
15:11:57     1000   1109017   12.00    1.00    0.00    0.00   13.00     7      0.00      0.00  888092   78392   0.24      0.00      0.00      0.00       0  python3
15:11:57     1000   1109018   43.00    0.00    0.00    0.00   43.00    10      0.00      0.00 1140500  292576   0.90      0.00      0.00      0.00       0  scan_planner_no
15:11:57     1000   1109019    2.00    1.00    0.00    0.00    3.00    15      0.00      0.00  751152   32500   0.10      0.00      0.00      0.00       0  closed_loop_con
15:11:57     1000   1109020    2.00    1.00    0.00    0.00    3.00     9      0.00      0.00  750792   31364   0.10      0.00      0.00      0.00       0  cmd_vel_safety_
15:11:57     1000   1109021   15.00    0.00    0.00    0.00   15.00    13      0.00      0.00  884000   72960   0.22      0.00    124.00      0.00       0  telemetry_recor
15:11:57     1000   1109177    0.00    1.00    0.00    0.00    1.00     4      0.00      0.00   12840    5940   0.02      0.00      8.00      0.00       0  pidstat
15:11:57     1000   1109178    2.00    1.00    0.00    0.00    3.00    14      0.00      0.00 1103840  114256   0.35      0.00      0.00      0.00       0  ros2
15:11:57     1000   1109882   20.00    2.00    0.00    0.00   22.00     7     28.00      0.00 1518897488  553600   1.70      0.00     32.00      0.00       0  chrome

# Time        UID       PID    %usr %system  %guest   %wait    %CPU   CPU  minflt/s  majflt/s     VSZ     RSS   %MEM   kB_rd/s   kB_wr/s kB_ccwr/s iodelay  Command
15:11:58        0       676    0.00    3.00    0.00    0.00    3.00     1      0.00      0.00       0       0   0.00     -1.00     -1.00     -1.00       0  irq/163-rtw89_pci
15:11:58     1000      2075    0.00    1.00    0.00    0.00    1.00     1      0.00      0.00  121184   17312   0.05      0.00      0.00      0.00       0  pipewire
15:11:58     1000      2324   11.00    2.00    0.00    0.00   13.00     6      0.00      0.00 5557220  381452   1.17      0.00      0.00      0.00       0  gnome-shell
15:11:58     1000      2622    5.00    2.00    0.00    0.00    7.00     5      0.00      0.00 5685392  231952   0.71      0.00      0.00      0.00       0  ToDesk
15:11:58        0      3243    0.00    2.00    0.00    0.00    2.00    15      0.00      0.00 2778564   67840   0.21     -1.00     -1.00     -1.00       0  ToDesk_Service
15:11:58     1000     10213    0.00    0.00    0.00    0.00    0.00     2      5.00      0.00 1212301312  153700   0.47      0.00      0.00      0.00       0  github-desktop
15:11:58     1000     10251    0.00    0.00    0.00    0.00    0.00     5      3.00      0.00 34566360  113132   0.35      0.00      0.00      0.00       0  github-desktop
15:11:58     1000     32140    2.00    0.00    0.00    0.00    2.00     8      0.00      0.00 11729028  750732   2.30      0.00      0.00      0.00       0  com.alibabainc.
15:11:58     1000     45971    0.00    0.00    0.00    0.00    0.00    12      3.00      0.00 50049280  218832   0.67      0.00      0.00      0.00       0  com.alibabainc.
15:11:58        0    332726    0.00    0.00    0.00    0.00    0.00     0      2.00      0.00  361696  237184   0.73     -1.00     -1.00     -1.00       0  systemd-journal
15:11:58     1000    577014    1.00    2.00    0.00    0.00    3.00     8     13.00      0.00 1521087724  394560   1.21      0.00      0.00      0.00       0  code
15:11:58     1000    577063   10.00    2.00    0.00    0.00   12.00    12    207.00      0.00 51413676  246580   0.76      0.00      0.00      0.00       0  code
15:11:58     1000    577107    0.00    0.00    0.00    0.00    0.00    11      9.00      0.00 1520761120  590972   1.81      0.00      0.00      0.00       0  code
15:11:58     1000    577132    1.00    0.00    0.00    0.00    1.00    10      0.00      0.00 1520364784  380036   1.17      0.00      0.00      0.00       0  code
15:11:58     1000    577160    1.00    0.00    0.00    0.00    1.00    14      1.00      0.00 1518795316  679292   2.09      0.00      0.00      0.00       0  code
15:11:58     1000    577320    0.00    0.00    0.00    0.00    0.00     3     13.00      0.00 1520354644  108556   0.33      0.00      0.00      0.00       0  code
15:11:58     1000    853053    1.00    1.00    0.00    0.00    2.00    10      0.00      0.00 55965896  496800   1.52      0.00      0.00      0.00       0  chrome
15:11:58     1000    853103    6.00    2.00    0.00    0.00    8.00     4     28.00      0.00 56200412  363832   1.12      0.00      0.00      0.00       0  chrome
15:11:58     1000    880405    1.00    1.00    0.00    1.00    2.00     4      4.00      0.00 1518939028  517784   1.59      0.00      0.00      0.00       0  chrome
15:11:58     1000    881919    0.00    0.00    0.00    0.00    0.00     2      1.00      0.00 1518709684  110432   0.34      0.00      0.00      0.00       0  chrome
15:11:58     1000    885261   19.00    1.00    0.00    0.00   20.00     3   1026.00      0.00 1518767568  319652   0.98      0.00      0.00      0.00       0  code
15:11:58        0   1059497    0.00    1.00    0.00    0.00    1.00     8      0.00      0.00       0       0   0.00     -1.00     -1.00     -1.00       0  kworker/8:0-events
15:11:58        0   1074653    0.00    1.00    0.00    0.00    1.00     0      0.00      0.00       0       0   0.00     -1.00     -1.00     -1.00       0  kworker/u64:3-events_unbound
15:11:58     1000   1074681    1.00    1.00    0.00    0.00    2.00    10    135.00      0.00 1520363292  332056   1.02      0.00      0.00      0.00       0  code
15:11:58     1000   1074725    1.00    1.00    0.00    0.00    2.00    13     20.00      0.00  744768  182880   0.56      0.00      0.00      0.00       0  codex
15:11:58     1000   1075226   19.00    1.00    0.00    0.00   20.00    10   2164.00      0.00 1518727652  467224   1.43      0.00      0.00      0.00       0  code
15:11:58        0   1108714    0.00    1.00    0.00    0.00    1.00    15      0.00      0.00       0       0   0.00     -1.00     -1.00     -1.00       0  kworker/15:1-i915-unordered
15:11:58     1000   1109016    4.00    1.00    0.00    0.00    5.00     8      0.00      0.00  900140   35996   0.11      0.00      0.00      0.00       0  real_go2_input_
15:11:58     1000   1109017   12.00    0.00    0.00    0.00   12.00    10      0.00      0.00  888092   78392   0.24      0.00      0.00      0.00       0  python3
15:11:58     1000   1109018   45.00    0.00    0.00    0.00   45.00     6      0.00      0.00 1140500  292576   0.90      0.00      0.00      0.00       0  scan_planner_no
15:11:58     1000   1109019    3.00    0.00    0.00    0.00    3.00     7      0.00      0.00  751152   32500   0.10      0.00      0.00      0.00       0  closed_loop_con
15:11:58     1000   1109020    3.00    1.00    0.00    0.00    4.00     2      0.00      0.00  750792   31364   0.10      0.00      0.00      0.00       0  cmd_vel_safety_
15:11:58     1000   1109021   16.00    1.00    0.00    1.00   17.00     8      0.00      0.00  884000   72960   0.22      0.00    112.00      0.00       0  telemetry_recor
15:11:58     1000   1109177    1.00    0.00    0.00    0.00    1.00     4      0.00      0.00   12840    5940   0.02      0.00      8.00      0.00       0  pidstat
15:11:58     1000   1109178    2.00    1.00    0.00    0.00    3.00     8    127.00      0.00 1103840  114768   0.35      0.00      0.00      0.00       0  ros2
15:11:58     1000   1109882   20.00    2.00    0.00    0.00   22.00    15     27.00      0.00 1518894448  550564   1.69      0.00      0.00      0.00       0  chrome

# Time        UID       PID    %usr %system  %guest   %wait    %CPU   CPU  minflt/s  majflt/s     VSZ     RSS   %MEM   kB_rd/s   kB_wr/s kB_ccwr/s iodelay  Command
15:11:59        0       417    0.00    1.00    0.00    0.00    1.00    12      0.00      0.00       0       0   0.00     -1.00     -1.00     -1.00       0  kworker/12:1H-i915_cleanup
15:11:59        0       676    0.00    1.00    0.00    0.00    1.00     1      0.00      0.00       0       0   0.00     -1.00     -1.00     -1.00       0  irq/163-rtw89_pci
15:11:59     1000      2081    1.00    0.00    0.00    0.00    1.00     1      0.00      0.00  160528   48336   0.15      0.00      0.00      0.00       0  pipewire-pulse
15:11:59     1000      2324   11.00    3.00    0.00    0.00   14.00    11      0.00      0.00 5557220  381452   1.17      0.00      0.00      0.00       0  gnome-shell
15:11:59     1000      2622    6.00    1.00    0.00    0.00    7.00     5      0.00      0.00 5685392  231952   0.71      0.00      0.00      0.00       0  ToDesk
15:11:59      123      3242    1.00    1.00    0.00    0.00    2.00     0      5.00      0.00 2382180   76072   0.23     -1.00     -1.00     -1.00       0  nxserver.bin
15:11:59        0      3243    1.00    1.00    0.00    0.00    2.00    15      0.00      0.00 2778564   67840   0.21     -1.00     -1.00     -1.00       0  ToDesk_Service
15:11:59     1000     32140    1.00    1.00    0.00    0.00    2.00     6      0.00      0.00 11729028  750732   2.30      0.00      0.00      0.00       0  com.alibabainc.
15:11:59     1000     45971    0.00    0.00    0.00    0.00    0.00    11      4.00      0.00 50049280  218832   0.67      0.00      0.00      0.00       0  com.alibabainc.
15:11:59        0    332726    0.00    0.00    0.00    0.00    0.00     8     30.00      1.00  361696  237184   0.73     -1.00     -1.00     -1.00       0  systemd-journal
15:11:59     1000    425666    1.00    0.00    0.00    0.00    1.00    14      1.00      0.00 50028472  261412   0.80      0.00      0.00      0.00       0  com.alibabainc.
15:11:59     1000    577014    2.00    1.00    0.00    0.00    3.00     2      1.00      0.00 1521087724  394560   1.21      0.00      0.00      0.00       0  code
15:11:59     1000    577063    9.00    2.00    0.00    0.00   11.00     7     66.00      0.00 51413676  246580   0.76      0.00      0.00      0.00       0  code
15:11:59     1000    577067    0.00    0.00    0.00    0.00    0.00     6     12.00      0.00 50711564   88336   0.27      0.00      0.00      0.00       0  code
15:11:59     1000    577160    2.00    0.00    0.00    0.00    2.00    10      0.00      0.00 1518795316  679292   2.09      0.00      0.00      0.00       0  code
15:11:59     1000    577170    1.00    0.00    0.00    0.00    1.00    14      1.00      0.00 1520378324  115516   0.35      0.00      0.00      0.00       0  code
15:11:59     1000    577171    0.00    0.00    0.00    0.00    0.00     6     22.00      0.00 1520352992  124832   0.38      0.00      0.00      0.00       0  code
15:11:59     1000    853053    1.00    1.00    0.00    0.00    2.00    12      3.00      0.00 55965896  496800   1.52      0.00     32.00      0.00       0  chrome
15:11:59     1000    853103    5.00    1.00    0.00    0.00    6.00     6     35.00      0.00 56195248  363704   1.12      0.00      0.00      0.00       0  chrome
15:11:59     1000    853115    0.00    0.00    0.00    0.00    0.00     3      4.00      0.00 55302144   57580   0.18      0.00      0.00      0.00       0  chrome
15:11:59        0    879650    0.00    1.00    0.00    0.00    1.00    11      0.00      0.00       0       0   0.00     -1.00     -1.00     -1.00       0  kworker/11:1-mm_percpu_wq
15:11:59     1000    880405    1.00    0.00    0.00    0.00    1.00    11      3.00      0.00 1518939028  517784   1.59      0.00      0.00      0.00       0  chrome
15:11:59     1000    881919    0.00    0.00    0.00    0.00    0.00     2      1.00      0.00 1518709684  110432   0.34      0.00      0.00      0.00       0  chrome
15:11:59     1000    881951    1.00    0.00    0.00    0.00    1.00     3      0.00      0.00 55174436   61056   0.19      0.00      0.00      0.00       0  chrome
15:11:59     1000    885261    1.00    0.00    0.00    0.00    1.00    10    352.00      0.00 1518767568  320804   0.98      0.00      0.00      0.00       0  code
15:11:59     1000   1068542    9.00    0.00    0.00    0.00    9.00     6    729.00      0.00 1518806468  260224   0.80      0.00      0.00      0.00       0  chrome
15:11:59        0   1074653    0.00    1.00    0.00    0.00    1.00     3      0.00      0.00       0       0   0.00     -1.00     -1.00     -1.00       0  kworker/u64:3-i915
15:11:59     1000   1074681    2.00    0.00    0.00    0.00    2.00     4      4.00      0.00 1520363292  332056   1.02      0.00      0.00      0.00       0  code
15:11:59     1000   1074725    1.00    0.00    0.00    0.00    1.00    13     60.00      0.00  744768  182880   0.56      0.00    524.00    180.00       0  codex
15:11:59     1000   1075226   20.00    1.00    0.00    0.00   21.00     8   1753.00      0.00 1518727652  469432   1.44      0.00      0.00      0.00       0  code
15:11:59     1000   1109012    0.00    0.00    0.00    0.00    0.00     6      1.00      0.00  204044   41564   0.13      0.00      0.00      0.00       0  ros2
15:11:59     1000   1109016    4.00    1.00    0.00    0.00    5.00     2      0.00      0.00  900140   35996   0.11      0.00      0.00      0.00       0  real_go2_input_
15:11:59     1000   1109017   12.00    0.00    0.00    0.00   12.00     7      0.00      0.00  888092   78392   0.24      0.00      0.00      0.00       0  python3
15:11:59     1000   1109018   49.00    1.00    0.00    1.00   50.00     6      0.00      0.00 1140500  292576   0.90      0.00      0.00      0.00       0  scan_planner_no
15:11:59     1000   1109019    2.00    1.00    0.00    1.00    3.00     3      0.00      0.00  751152   32500   0.10      0.00      0.00      0.00       0  closed_loop_con
15:11:59     1000   1109020    3.00    1.00    0.00    0.00    4.00     0      0.00      0.00  750792   31364   0.10      0.00      0.00      0.00       0  cmd_vel_safety_
15:11:59     1000   1109021   16.00    0.00    0.00    0.00   16.00    15      0.00      0.00  884000   72960   0.22      0.00    112.00      0.00       0  telemetry_recor
15:11:59     1000   1109177    0.00    1.00    0.00    0.00    1.00     4      0.00      0.00   12840    5940   0.02      0.00      4.00      0.00       0  pidstat
15:11:59     1000   1109178    3.00    1.00    0.00    0.00    4.00    12      0.00      0.00 1103840  114768   0.35      0.00      0.00      0.00       0  ros2
15:11:59     1000   1109882   24.00    2.00    0.00    0.00   26.00    10    206.00      0.00 1518894448  550920   1.69      0.00      0.00      0.00       0  chrome

# Time        UID       PID    %usr %system  %guest   %wait    %CPU   CPU  minflt/s  majflt/s     VSZ     RSS   %MEM   kB_rd/s   kB_wr/s kB_ccwr/s iodelay  Command
15:12:00        0       676    0.00    2.00    0.00    0.00    2.00     1      0.00      0.00       0       0   0.00     -1.00     -1.00     -1.00       0  irq/163-rtw89_pci
15:12:00      101      1072    1.00    0.00    0.00    0.00    1.00    15      0.00      0.00   12504    6632   0.02     -1.00     -1.00     -1.00       0  dbus-daemon
15:12:00     1000      2324   16.00    3.00    0.00    0.00   19.00    12     43.00      0.00 5557220  381452   1.17      0.00      0.00      0.00       0  gnome-shell
15:12:00     1000      2622    6.00    2.00    0.00    0.00    8.00     6      0.00      0.00 5685392  231952   0.71      0.00      0.00      0.00       0  ToDesk
15:12:00      123      3242    1.00    0.00    0.00    0.00    1.00     0      2.00      0.00 2382180   76072   0.23     -1.00     -1.00     -1.00       0  nxserver.bin
15:12:00        0      3243    0.00    2.00    0.00    0.00    2.00    15      0.00      0.00 2778564   67840   0.21     -1.00     -1.00     -1.00       0  ToDesk_Service
15:12:00     1000     10213    0.00    0.00    0.00    0.00    0.00     2      3.00      0.00 1212301312  153700   0.47      0.00      0.00      0.00       0  github-desktop
15:12:00     1000     10268    0.00    0.00    0.00    0.00    0.00     8      3.00      0.00 33882424   63200   0.19      0.00      0.00      0.00       0  github-desktop
15:12:00     1000     32140    1.00    0.00    0.00    0.00    1.00     6      0.00      0.00 11729028  750732   2.30      0.00      0.00      0.00       0  com.alibabainc.
15:12:00     1000     45971    0.00    0.00    0.00    0.00    0.00    11      5.00      0.00 50049280  218832   0.67      0.00      0.00      0.00       0  com.alibabainc.
15:12:00        0    332726    0.00    0.00    0.00    0.00    0.00     8      1.00      0.00  361696  237184   0.73     -1.00     -1.00     -1.00       0  systemd-journal
15:12:00     1000    425666    0.00    0.00    0.00    0.00    0.00     6      2.00      0.00 50028472  261412   0.80      0.00      0.00      0.00       0  com.alibabainc.
15:12:00     1000    577014    1.00    0.00    0.00    0.00    1.00    13      4.00      0.00 1521087724  394560   1.21      0.00      0.00      0.00       0  code
15:12:00     1000    577063    8.00    2.00    0.00    0.00   10.00     2     84.00      0.00 51413804  246440   0.76      0.00      0.00      0.00       0  code
15:12:00     1000    577132    0.00    0.00    0.00    0.00    0.00     6      3.00      0.00 1520364784  380036   1.17      0.00      0.00      0.00       0  code
15:12:00     1000    577160    2.00    0.00    0.00    0.00    2.00    13    123.00      0.00 1518795316  679292   2.09      0.00      0.00      0.00       0  code
15:12:00     1000    577170    0.00    0.00    0.00    0.00    0.00    15      7.00      0.00 1520378324  115516   0.35      0.00      0.00      0.00       0  code
15:12:00     1000    577171    0.00    0.00    0.00    0.00    0.00     6     37.00      0.00 1520352992  124700   0.38      0.00      0.00      0.00       0  code
15:12:00     1000    577172    0.00    0.00    0.00    0.00    0.00     8      6.00      0.00 1520369816  113428   0.35      0.00      0.00      0.00       0  code
15:12:00     1000    577320    0.00    0.00    0.00    0.00    0.00     3     15.00      0.00 1520354644  108556   0.33      0.00      0.00      0.00       0  code
15:12:00     1000    853053    1.00    1.00    0.00    0.00    2.00     6     85.00      0.00 55965896  496228   1.52      0.00     12.00      0.00       0  chrome
15:12:00     1000    853103    7.00    2.00    0.00    0.00    9.00    13    163.00      0.00 56196852  366160   1.12      0.00      0.00      0.00       0  chrome
15:12:00     1000    853105    1.00    2.00    0.00    0.00    3.00    10    305.00      0.00 55069336   93824   0.29     12.00    932.00      0.00       0  chrome
15:12:00     1000    880405    2.00    0.00    0.00    0.00    2.00     0     31.00      0.00 1518939028  517784   1.59      0.00      0.00      0.00       0  chrome
15:12:00     1000    881919    0.00    0.00    0.00    0.00    0.00     2      1.00      0.00 1518709684  110432   0.34      0.00      0.00      0.00       0  chrome
15:12:00     1000    881951    0.00    1.00    0.00    0.00    1.00     0      0.00      0.00 55174436   61056   0.19      0.00      0.00      0.00       0  chrome
15:12:00     1000    885261    1.00    0.00    0.00    0.00    1.00     6    657.00      0.00 1518767568  323748   0.99      0.00      0.00      0.00       0  code
15:12:00     1000    888233    3.00    1.00    0.00    0.00    4.00     8      1.00      0.00 1754328  368480   1.13      0.00      0.00      0.00       0  gnome-system-mo
15:12:00        0   1049858    0.00    1.00    0.00    1.00    1.00    15      0.00      0.00       0       0   0.00     -1.00     -1.00     -1.00       0  kworker/u64:9-i915
15:12:00     1000   1068542    0.00    0.00    0.00    0.00    0.00    14      7.00      0.00 1518806468  259968   0.80      0.00      0.00      0.00       0  chrome
15:12:00     1000   1074666    0.00    0.00    0.00    0.00    0.00     8      7.00      0.00 1520369816  129956   0.40      0.00      0.00      0.00       0  code
15:12:00     1000   1074681    1.00    1.00    0.00    0.00    2.00     6    264.00      0.00 1520363292  331712   1.02      0.00      0.00      0.00       0  code
15:12:00     1000   1074725    1.00    0.00    0.00    0.00    1.00    13     15.00      0.00  744768  182880   0.56      0.00      0.00      0.00       0  codex
15:12:00     1000   1075226   16.00    1.00    0.00    0.00   17.00    14    967.00      0.00 1518727652  470708   1.44      0.00      0.00      0.00       0  code
15:12:00     1000   1109016    3.00    1.00    0.00    0.00    4.00     0      0.00      0.00  900140   35996   0.11      0.00      0.00      0.00       0  real_go2_input_
15:12:00     1000   1109017   13.00    1.00    0.00    0.00   14.00    14      0.00      0.00  888092   78392   0.24      0.00      0.00      0.00       0  python3
15:12:00     1000   1109018   48.00    0.00    0.00    0.00   48.00     5      0.00      0.00 1140500  292576   0.90      0.00      4.00      0.00       0  scan_planner_no
15:12:00     1000   1109019    2.00    1.00    0.00    0.00    3.00     6      0.00      0.00  751152   32500   0.10      0.00      0.00      0.00       0  closed_loop_con
15:12:00     1000   1109020    4.00    0.00    0.00    0.00    4.00     8      0.00      0.00  750792   31364   0.10      0.00      0.00      0.00       0  cmd_vel_safety_
15:12:00     1000   1109021   15.00    1.00    0.00    0.00   16.00     6      0.00      0.00  884000   72960   0.22      0.00    104.00      0.00       0  telemetry_recor
15:12:00     1000   1109022    1.00    0.00    0.00    0.00    1.00     8      0.00      0.00  748984   30812   0.09      0.00      0.00      0.00       0  static_transfor
15:12:00     1000   1109177    0.00    1.00    0.00    0.00    1.00     4      0.00      0.00   12840    5940   0.02      0.00      8.00      0.00       0  pidstat
15:12:00     1000   1109178    2.00    1.00    0.00    0.00    3.00    12      0.00      0.00 1103840  114768   0.35      0.00      0.00      0.00       0  ros2
15:12:00     1000   1109882   22.00    2.00    0.00    0.00   24.00     8   1560.00      0.00 1518899536  555748   1.71      0.00      0.00      0.00       0  chrome

# Time        UID       PID    %usr %system  %guest   %wait    %CPU   CPU  minflt/s  majflt/s     VSZ     RSS   %MEM   kB_rd/s   kB_wr/s kB_ccwr/s iodelay  Command
15:12:01        0        15    0.00    1.00    0.00    0.00    1.00     7      0.00      0.00       0       0   0.00     -1.00     -1.00     -1.00       0  rcu_preempt
15:12:01        0        18    0.00    1.00    0.00    0.00    1.00     0      0.00      0.00       0       0   0.00     -1.00     -1.00     -1.00       0  migration/0
15:12:01     1000      2075    1.00    0.00    0.00    0.00    1.00    10    133.00      0.00  122112   17824   0.05      0.00      0.00      0.00       0  pipewire
15:12:01     1000      2079    1.00    0.00    0.00    0.00    1.00     9      0.00      0.00  407440   16568   0.05      0.00      0.00      0.00       0  wireplumber
15:12:01     1000      2081    1.00    1.00    0.00    0.00    2.00    10     23.00      0.00  160612   48336   0.15      0.00      0.00      0.00       0  pipewire-pulse
15:12:01     1000      2324   15.00    2.00    0.00    0.00   17.00     6      3.00      0.00 5557096  381452   1.17      0.00      0.00      0.00       0  gnome-shell
15:12:01     1000      2622    5.00    2.00    0.00    0.00    7.00     4      0.00      0.00 5685392  231952   0.71      0.00      0.00      0.00       0  ToDesk
15:12:01      123      3242    0.00    1.00    0.00    0.00    1.00     0      0.00      0.00 2382180   76072   0.23     -1.00     -1.00     -1.00       0  nxserver.bin
15:12:01        0      3243    1.00    2.00    0.00    0.00    3.00    15      0.00      0.00 2778564   67840   0.21     -1.00     -1.00     -1.00       0  ToDesk_Service
15:12:01     1000     32140    1.00    1.00    0.00    0.00    2.00     9      0.00      0.00 11729028  750732   2.30      0.00      0.00      0.00       0  com.alibabainc.
15:12:01     1000     45971    1.00    0.00    0.00    0.00    1.00     4      4.00      0.00 50049280  218832   0.67      0.00      0.00      0.00       0  com.alibabainc.
15:12:01        0    332726    0.00    0.00    0.00    0.00    0.00     8      1.00      0.00  361696  237184   0.73     -1.00     -1.00     -1.00       0  systemd-journal
15:12:01     1000    425666    0.00    0.00    0.00    0.00    0.00     6      1.00      0.00 50028472  261412   0.80      0.00      0.00      0.00       0  com.alibabainc.
15:12:01     1000    516139    1.00    0.00    0.00    0.00    1.00    15      0.00      0.00 5453760   37080   0.11      0.00      0.00      0.00       0  clash
15:12:01     1000    577014    2.00    1.00    0.00    0.00    3.00     1      0.00      0.00 1521087724  394560   1.21      0.00      0.00      0.00       0  code
15:12:01     1000    577063    8.00    2.00    0.00    0.00   10.00     3    136.00      0.00 51413844  246268   0.76      0.00      0.00      0.00       0  code
15:12:01     1000    577132    0.00    0.00    0.00    0.00    0.00    14     26.00      0.00 1520364784  380036   1.17      0.00      0.00      0.00       0  code
15:12:01     1000    577160    1.00    1.00    0.00    0.00    2.00    14      0.00      0.00 1518795316  679292   2.09      0.00      0.00      0.00       0  code
15:12:01     1000    577170    0.00    0.00    0.00    0.00    0.00    15      1.00      0.00 1520378324  115516   0.35      0.00      0.00      0.00       0  code
15:12:01     1000    577241    0.00    0.00    0.00    0.00    0.00    13      1.00      0.00  673380  181896   0.56      0.00      0.00      0.00       0  codex
15:12:01     1000    853053    4.00    1.00    0.00    0.00    5.00     6    209.00      0.00 55969032  496740   1.52      0.00      4.00      0.00       0  chrome
15:12:01     1000    853103    9.00    2.00    0.00    0.00   11.00     0    256.00      0.00 56207976  366416   1.12      0.00      0.00      0.00       0  chrome
15:12:01     1000    853105    2.00    1.00    0.00    0.00    3.00    10    210.00      0.00 55067288   93672   0.29      0.00    584.00      8.00       0  chrome
15:12:01     1000    880405    3.00    0.00    0.00    0.00    3.00     2    224.00      0.00 1518939164  518424   1.59      0.00      0.00      0.00       0  chrome
15:12:01     1000    881919    0.00    0.00    0.00    0.00    0.00     0      2.00      0.00 1518709684  110560   0.34      0.00      0.00      0.00       0  chrome
15:12:01     1000    881951    1.00    1.00    0.00    0.00    2.00     6     37.00      0.00 55248168   61056   0.19      0.00      0.00      0.00       0  chrome
15:12:01     1000    882233    0.00    0.00    0.00    0.00    0.00     4      1.00      0.00 1518829448  203924   0.63      0.00      0.00      0.00       0  chrome
15:12:01     1000    885261    1.00    1.00    0.00    0.00    2.00    14    572.00      0.00 1518767568  325668   1.00      0.00      0.00      0.00       0  code
15:12:01     1000    910028    0.00    0.00    0.00    0.00    0.00     2     13.00      0.00 1522802148  377652   1.16      0.00      0.00      0.00       0  chrome
15:12:01        0    912488    0.00    1.00    0.00    0.00    1.00    10      0.00      0.00       0       0   0.00     -1.00     -1.00     -1.00       0  kworker/10:2-events
15:12:01        0   1049858    0.00    1.00    0.00    0.00    1.00    10      0.00      0.00       0       0   0.00     -1.00     -1.00     -1.00       0  kworker/u64:9-i915
15:12:01     1000   1068542    0.00    0.00    0.00    0.00    0.00     1      2.00      0.00 1518806468  259968   0.80      0.00      0.00      0.00       0  chrome
15:12:01     1000   1074681    1.00    0.00    0.00    0.00    1.00     6      5.00      0.00 1520363292  331712   1.02      0.00      0.00      0.00       0  code
15:12:01     1000   1074725    2.00    0.00    0.00    0.00    2.00    13     43.00      0.00  744812  182880   0.56      0.00    280.00    100.00       0  codex
15:12:01     1000   1075226   17.00    0.00    0.00    0.00   17.00     2   1021.00      0.00 1518727652  472828   1.45      0.00      0.00      0.00       0  code
15:12:01     1000   1076599    0.00    0.00    0.00    0.00    0.00    15      0.00      0.00 1450897432   19360   0.06      0.00      0.00      0.00       0  codex-code-mode
15:12:01     1000   1109016    4.00    1.00    0.00    0.00    5.00     0      0.00      0.00  900140   35996   0.11      0.00      0.00      0.00       0  real_go2_input_
15:12:01     1000   1109017   13.00    0.00    0.00    0.00   13.00     6      0.00      0.00  888092   78392   0.24      0.00      0.00      0.00       0  python3
15:12:01     1000   1109018   52.00    1.00    0.00    0.00   53.00    12      0.00      0.00 1140500  292576   0.90      0.00      0.00      0.00       0  scan_planner_no
15:12:01     1000   1109019    3.00    0.00    0.00    0.00    3.00    11      0.00      0.00  751152   32500   0.10      0.00      0.00      0.00       0  closed_loop_con
15:12:01     1000   1109020    3.00    1.00    0.00    0.00    4.00     2      0.00      0.00  750792   31364   0.10      0.00      0.00      0.00       0  cmd_vel_safety_
15:12:01     1000   1109021   17.00    0.00    0.00    0.00   17.00     9      0.00      0.00  884000   72960   0.22      0.00    124.00      0.00       0  telemetry_recor
15:12:01     1000   1109177    0.00    1.00    0.00    0.00    1.00    10      0.00      0.00   12840    5940   0.02      0.00      8.00      0.00       0  pidstat
15:12:01     1000   1109178    3.00    0.00    0.00    0.00    3.00     4      0.00      0.00 1103840  114768   0.35      0.00      0.00      0.00       0  ros2
15:12:01     1000   1109882   45.00    5.00    0.00    0.00   50.00     2   2720.00      0.00 1518915036  556356   1.71      0.00     16.00      0.00       0  chrome

# Time        UID       PID    %usr %system  %guest   %wait    %CPU   CPU  minflt/s  majflt/s     VSZ     RSS   %MEM   kB_rd/s   kB_wr/s kB_ccwr/s iodelay  Command
15:12:02     1000      2075    0.00    1.00    0.00    0.00    1.00    10      0.00      0.00  122112   17824   0.05      0.00      0.00      0.00       0  pipewire
15:12:02     1000      2079    0.00    0.00    0.00    0.00    0.00     7      0.00      0.00  407440   16568   0.05      0.00      4.00      0.00       0  wireplumber
15:12:02     1000      2324   16.00    2.00    0.00    1.00   18.00    13      5.00      0.00 5557224  381452   1.17      0.00      0.00      0.00       0  gnome-shell
15:12:02     1000      2622    6.00    1.00    0.00    0.00    7.00    10      0.00      0.00 5685392  231952   0.71      0.00      0.00      0.00       0  ToDesk
15:12:02        0      3243    1.00    1.00    0.00    0.00    2.00    15      0.00      0.00 2778564   67840   0.21     -1.00     -1.00     -1.00       0  ToDesk_Service
15:12:02     1000     10213    0.00    0.00    0.00    0.00    0.00     2      4.00      0.00 1212301312  153700   0.47      0.00      0.00      0.00       0  github-desktop
15:12:02     1000     10251    0.00    0.00    0.00    0.00    0.00     5      3.00      0.00 34566360  113132   0.35      0.00      0.00      0.00       0  github-desktop
15:12:02     1000     32140    1.00    0.00    0.00    0.00    1.00     0      0.00      0.00 11729028  750732   2.30      0.00      4.00      0.00       0  com.alibabainc.
15:12:02     1000     45971    0.00    0.00    0.00    0.00    0.00    14      3.00      0.00 50049280  218832   0.67      0.00      0.00      0.00       0  com.alibabainc.
15:12:02        0    332726    0.00    0.00    0.00    0.00    0.00     8      2.00      0.00  361696  237184   0.73     -1.00     -1.00     -1.00       0  systemd-journal
15:12:02     1000    516139    0.00    1.00    0.00    0.00    1.00     0      0.00      0.00 5453760   37080   0.11      0.00      0.00      0.00       0  clash
15:12:02     1000    577014    1.00    1.00    0.00    0.00    2.00     0     21.00      0.00 1521087724  394560   1.21      0.00      0.00      0.00       0  code
15:12:02     1000    577063   11.00    1.00    0.00    0.00   12.00     3    221.00      0.00 51414512  246484   0.76      0.00      0.00      0.00       0  code
15:12:02     1000    577107    0.00    0.00    0.00    0.00    0.00     2     77.00      0.00 1520761120  591356   1.82      0.00      0.00      0.00       0  code
15:12:02     1000    577132    2.00    0.00    0.00    1.00    2.00    13    940.00      0.00 1520364784  381884   1.17      0.00      4.00      0.00       0  code
15:12:02     1000    577160    2.00    0.00    0.00    0.00    2.00     5     13.00      0.00 1518795316  679292   2.09      0.00      0.00      0.00       0  code
15:12:02     1000    577170    0.00    0.00    0.00    0.00    0.00    15      7.00      0.00 1520378324  115516   0.35      0.00      0.00      0.00       0  code
15:12:02     1000    577241    1.00    0.00    0.00    0.00    1.00    13     35.00      0.00  771828  182024   0.56      0.00     64.00      0.00       0  codex
15:12:02     1000    853053    2.00    2.00    0.00    0.00    4.00     8     54.00      0.00 55965896  496868   1.53      0.00     16.00      0.00       0  chrome
15:12:02     1000    853103    6.00    3.00    0.00    0.00    9.00    13     39.00      0.00 56216852  365960   1.12      0.00      0.00      0.00       0  chrome
15:12:02     1000    853105    0.00    0.00    0.00    0.00    0.00    10      5.00      0.00 55067288   93672   0.29      0.00      8.00      0.00       0  chrome
15:12:02     1000    880405    1.00    0.00    0.00    0.00    1.00    15      1.00      0.00 1518939164  518424   1.59      0.00      0.00      0.00       0  chrome
15:12:02     1000    881919    0.00    0.00    0.00    0.00    0.00     0      1.00      0.00 1518709684  110560   0.34      0.00      0.00      0.00       0  chrome
15:12:02     1000    885261   22.00    1.00    0.00    0.00   23.00     5   1803.00      0.00 1518767568  320740   0.98      0.00      0.00      0.00       0  code
15:12:02        0   1049858    0.00    2.00    0.00    0.00    2.00     5      0.00      0.00       0       0   0.00     -1.00     -1.00     -1.00       0  kworker/u64:9-i915
15:12:02     1000   1068542    0.00    0.00    0.00    0.00    0.00     1      4.00      0.00 1518806468  259968   0.80      0.00      0.00      0.00       0  chrome
15:12:02     1000   1074681    5.00    2.00    0.00    0.00    7.00    10   1706.00      0.00 1520363292  299124   0.92      0.00      8.00      0.00       0  code
15:12:02     1000   1074725    2.00    0.00    0.00    0.00    2.00    13    212.00      0.00  744956  183136   0.56      0.00    208.00      0.00       0  codex
15:12:02     1000   1075226   54.00    1.00    0.00    1.00   55.00     2   4785.00      0.00 1518727652  478956   1.47      0.00      0.00      0.00       0  code
15:12:02        0   1097682    0.00    1.00    0.00    0.00    1.00     0      0.00      0.00       0       0   0.00     -1.00     -1.00     -1.00       0  kworker/u65:3-i915_flip
15:12:02     1000   1109016    4.00    1.00    0.00    0.00    5.00    13      0.00      0.00  900140   35996   0.11      0.00      0.00      0.00       0  real_go2_input_
15:12:02     1000   1109017   14.00    0.00    0.00    1.00   14.00     1      0.00      0.00  888092   78392   0.24      0.00      0.00      0.00       0  python3
15:12:02     1000   1109018   51.00    0.00    0.00    0.00   51.00    15      0.00      0.00 1140500  292576   0.90      0.00      0.00      0.00       0  scan_planner_no
15:12:02     1000   1109019    3.00    1.00    0.00    1.00    4.00     8      0.00      0.00  751152   32500   0.10      0.00      0.00      0.00       0  closed_loop_con
15:12:02     1000   1109020    4.00    0.00    0.00    0.00    4.00    10      0.00      0.00  750792   31364   0.10      0.00      0.00      0.00       0  cmd_vel_safety_
15:12:02     1000   1109021   17.00    1.00    0.00    1.00   18.00     0      0.00      0.00  884000   72960   0.22      0.00    112.00      0.00       0  telemetry_recor
15:12:02     1000   1109177    1.00    0.00    0.00    0.00    1.00     6      0.00      0.00   12840    5940   0.02      0.00      8.00      0.00       0  pidstat
15:12:02     1000   1109178    2.00    1.00    0.00    0.00    3.00     8      0.00      0.00 1103840  114768   0.35      0.00      0.00      0.00       0  ros2
15:12:02     1000   1109882   23.00    1.00    0.00    0.00   24.00     1    321.00      0.00 1518923228  556532   1.71      0.00      0.00      0.00       0  chrome

# Time        UID       PID    %usr %system  %guest   %wait    %CPU   CPU  minflt/s  majflt/s     VSZ     RSS   %MEM   kB_rd/s   kB_wr/s kB_ccwr/s iodelay  Command
15:12:03        0        60    0.00    1.00    0.00    0.00    1.00    13      0.00      0.00       0       0   0.00     -1.00     -1.00     -1.00       0  migration/13
15:12:03        0       450    0.00    1.00    0.00    0.00    1.00     1      0.00      0.00       0       0   0.00     -1.00     -1.00     -1.00       0  kworker/1:1H-i915_cleanup
15:12:03        0       676    0.00    1.00    0.00    0.00    1.00     1      0.00      0.00       0       0   0.00     -1.00     -1.00     -1.00       0  irq/163-rtw89_pci
15:12:03     1000      2324   11.00    2.00    0.00    0.00   13.00     2      0.00      0.00 5557224  381452   1.17      0.00      0.00      0.00       0  gnome-shell
15:12:03     1000      2622    5.00    2.00    0.00    0.00    7.00    10      0.00      0.00 5685392  231952   0.71      0.00      0.00      0.00       0  ToDesk
15:12:03        0      3243    0.00    1.00    0.00    0.00    1.00    15      1.00      0.00 2778564   67840   0.21     -1.00     -1.00     -1.00       0  ToDesk_Service
15:12:03     1000     32140    1.00    1.00    0.00    0.00    2.00     6      0.00      0.00 11729028  750732   2.30      0.00      0.00      0.00       0  com.alibabainc.
15:12:03     1000     45971    0.00    0.00    0.00    0.00    0.00     6      5.00      0.00 50049280  218832   0.67      0.00      0.00      0.00       0  com.alibabainc.
15:12:03     1000    156386    1.00    0.00    0.00    0.00    1.00     6      0.00      0.00 1788224   49216   0.15      0.00      0.00      0.00       0  nxplayer.bin
15:12:03        0    332726    0.00    0.00    0.00    0.00    0.00    10      2.00      0.00  361696  237184   0.73     -1.00     -1.00     -1.00       0  systemd-journal
15:12:03     1000    425666    0.00    0.00    0.00    0.00    0.00    14      2.00      0.00 50028472  261412   0.80      0.00      0.00      0.00       0  com.alibabainc.
15:12:03     1000    425773    1.00    0.00    0.00    0.00    1.00     1      0.00      0.00 50014516  390636   1.20      0.00      0.00      0.00       0  com.alibabainc.
15:12:03     1000    577014    1.00    1.00    0.00    0.00    2.00    10    143.00      0.00 1521087724  394944   1.21      0.00      0.00      0.00       0  code
15:12:03     1000    577063    6.00    2.00    0.00    0.00    8.00     4      5.00      0.00 51414576  246484   0.76      0.00      0.00      0.00       0  code
15:12:03     1000    577067    0.00    0.00    0.00    0.00    0.00     6      2.00      0.00 50711564   88336   0.27      0.00      0.00      0.00       0  code
15:12:03     1000    577107    0.00    0.00    0.00    0.00    0.00     2      9.00      0.00 1520761120  591356   1.82      0.00      0.00      0.00       0  code
15:12:03     1000    577160    1.00    1.00    0.00    0.00    2.00     1      1.00      0.00 1518795316  679292   2.09      0.00      0.00      0.00       0  code
15:12:03     1000    577241    0.00    0.00    0.00    0.00    0.00    13      1.00      0.00  771828  182024   0.56      0.00      0.00      0.00       0  codex
15:12:03     1000    577320    0.00    0.00    0.00    0.00    0.00     3     11.00      0.00 1520354644  108556   0.33      0.00      0.00      0.00       0  code
15:12:03     1000    853053    1.00    0.00    0.00    0.00    1.00     4     15.00      0.00 55965896  496868   1.53      0.00     12.00      0.00       0  chrome
15:12:03     1000    853103    5.00    2.00    0.00    0.00    7.00    15     29.00      0.00 56210516  365960   1.12      0.00      0.00      0.00       0  chrome
15:12:03     1000    853105    0.00    0.00    0.00    0.00    0.00    10      6.00      0.00 55067288   93672   0.29      0.00      0.00      0.00       0  chrome
15:12:03     1000    853115    0.00    0.00    0.00    0.00    0.00    15      4.00      0.00 55302144   57580   0.18      0.00      0.00      0.00       0  chrome
15:12:03     1000    880405    2.00    0.00    0.00    0.00    2.00     6      4.00      0.00 1518939164  518424   1.59      0.00      0.00      0.00       0  chrome
15:12:03     1000    881951    1.00    0.00    0.00    0.00    1.00     2      0.00      0.00 55248168   61056   0.19      0.00      0.00      0.00       0  chrome
15:12:03     1000    885261    0.00    0.00    0.00    0.00    0.00    14    147.00      0.00 1518767568  320996   0.99      0.00      0.00      0.00       0  code
15:12:03     1000    888233    2.00    1.00    0.00    0.00    3.00     0      1.00      0.00 1754328  368480   1.13      0.00      0.00      0.00       0  gnome-system-mo
15:12:03     1000   1068542    0.00    0.00    0.00    0.00    0.00     0      1.00      0.00 1518806468  259968   0.80      0.00      0.00      0.00       0  chrome
15:12:03     1000   1074666    0.00    0.00    0.00    0.00    0.00    10     39.00      0.00 1520369816  130084   0.40      0.00      0.00      0.00       0  code
15:12:03     1000   1074681    2.00    1.00    0.00    0.00    3.00     8   2707.00      0.00 1520363292  300824   0.92      0.00      4.00      4.00       0  code
15:12:03     1000   1074725    1.00    1.00    0.00    0.00    2.00    13     90.00      0.00  745032  183264   0.56      0.00    364.00    120.00       0  codex
15:12:03     1000   1075226    1.00    1.00    0.00    0.00    2.00    14     51.00      0.00 1518727652  477988   1.47      0.00      0.00      0.00       0  code
15:12:03     1000   1109016    3.00    1.00    0.00    0.00    4.00     3      0.00      0.00  900140   35996   0.11      0.00      0.00      0.00       0  real_go2_input_
15:12:03     1000   1109017   14.00    0.00    0.00    0.00   14.00     5      1.00      0.00  888092   78576   0.24      0.00      0.00      0.00       0  python3
15:12:03     1000   1109018   49.00    0.00    0.00    0.00   49.00     7      0.00      0.00 1140500  292576   0.90      0.00      0.00      0.00       0  scan_planner_no
15:12:03     1000   1109019    2.00    0.00    0.00    0.00    2.00    11      1.00      0.00  751152   32500   0.10      0.00      0.00      0.00       0  closed_loop_con
15:12:03     1000   1109020    3.00    1.00    0.00    0.00    4.00     2      1.00      0.00  750792   31364   0.10      0.00      0.00      0.00       0  cmd_vel_safety_
15:12:03     1000   1109021   16.00    0.00    0.00    0.00   16.00     6      1.00      0.00  884000   73124   0.22      0.00    116.00      0.00       0  telemetry_recor
15:12:03     1000   1109177    0.00    1.00    0.00    0.00    1.00     4      0.00      0.00   12840    5940   0.02      0.00      4.00      0.00       0  pidstat
15:12:03     1000   1109178    2.00    1.00    0.00    0.00    3.00     8      0.00      0.00 1103840  114768   0.35      0.00      0.00      0.00       0  ros2
15:12:03     1000   1109882   20.00    2.00    0.00    0.00   22.00     8    105.00      0.00 1518923228  555936   1.71      0.00      8.00      0.00       0  chrome

# Time        UID       PID    %usr %system  %guest   %wait    %CPU   CPU  minflt/s  majflt/s     VSZ     RSS   %MEM   kB_rd/s   kB_wr/s kB_ccwr/s iodelay  Command
15:12:04        0        15    0.00    1.00    0.00    0.00    1.00     5      0.00      0.00       0       0   0.00     -1.00     -1.00     -1.00       0  rcu_preempt
15:12:04     1000      2075    1.00    0.00    0.00    0.00    1.00    10      0.00      0.00  122112   17824   0.05      0.00      0.00      0.00       0  pipewire
15:12:04     1000      2081    1.00    0.00    0.00    0.00    1.00     2      0.00      0.00  160612   48336   0.15      0.00      0.00      0.00       0  pipewire-pulse
15:12:04     1000      2324   13.00    4.00    0.00    0.00   17.00    10      0.00      0.00 5557220  381452   1.17      0.00      0.00      0.00       0  gnome-shell
15:12:04     1000      2622    6.00    2.00    0.00    0.00    8.00    10      0.00      0.00 5685392  231952   0.71      0.00      0.00      0.00       0  ToDesk
15:12:04        0      3243    1.00    2.00    0.00    0.00    3.00    12      0.00      0.00 2778564   67840   0.21     -1.00     -1.00     -1.00       0  ToDesk_Service
15:12:04     1000     10268    0.00    0.00    0.00    0.00    0.00     8      3.00      0.00 33882424   63200   0.19      0.00      0.00      0.00       0  github-desktop
15:12:04     1000     32140    2.00    0.00    0.00    0.00    2.00    13      0.00      0.00 11729028  750732   2.30      0.00      0.00      0.00       0  com.alibabainc.
15:12:04     1000     45971    0.00    0.00    0.00    0.00    0.00    10      4.00      0.00 50049280  218832   0.67      0.00      0.00      0.00       0  com.alibabainc.
15:12:04        0    332726    0.00    0.00    0.00    0.00    0.00    12      2.00      0.00  361696  237184   0.73     -1.00     -1.00     -1.00       0  systemd-journal
15:12:04     1000    577014    2.00    1.00    0.00    0.00    3.00    12      1.00      0.00 1521087724  394944   1.21      0.00      0.00      0.00       0  code
15:12:04     1000    577063    6.00    1.00    0.00    0.00    7.00     8      2.00      0.00 51395128  246172   0.76      0.00      0.00      0.00       0  code
15:12:04     1000    577132    0.00    0.00    0.00    0.00    0.00    14      4.00      0.00 1520364784  381884   1.17      0.00      0.00      0.00       0  code
15:12:04     1000    577160    1.00    0.00    0.00    0.00    1.00     1    122.00      0.00 1518795316  679292   2.09      0.00      0.00      0.00       0  code
15:12:04     1000    577170    0.00    0.00    0.00    0.00    0.00    13      6.00      0.00 1520378324  115516   0.35      0.00      0.00      0.00       0  code
15:12:04     1000    577171    1.00    0.00    0.00    0.00    1.00     6     37.00      0.00 1520352992  124700   0.38      0.00      0.00      0.00       0  code
15:12:04     1000    577172    0.00    0.00    0.00    0.00    0.00    14      2.00      0.00 1520369816  113428   0.35      0.00      0.00      0.00       0  code
15:12:04     1000    577241    0.00    0.00    0.00    0.00    0.00    13     12.00      0.00  771828  182024   0.56      0.00     60.00      0.00       0  codex
15:12:04     1000    577320    0.00    0.00    0.00    0.00    0.00     3     12.00      0.00 1520354644  108556   0.33      0.00      0.00      0.00       0  code
15:12:04     1000    853053    2.00    1.00    0.00    0.00    3.00     8     15.00      0.00 55965896  496160   1.52      0.00      0.00      0.00       0  chrome
15:12:04     1000    853103    6.00    3.00    0.00    0.00    9.00     2    138.00      0.00 56204504  366076   1.12      0.00      0.00      0.00       0  chrome
15:12:04     1000    853105    1.00    0.00    0.00    0.00    1.00    10     58.00      0.00 55067288   93760   0.29      4.00      8.00      0.00       0  chrome
15:12:04     1000    880405    1.00    1.00    0.00    0.00    2.00     0      4.00      0.00 1518939164  518424   1.59      0.00      0.00      0.00       0  chrome
15:12:04     1000    881919    0.00    0.00    0.00    0.00    0.00     0      4.00      0.00 1518709684  110560   0.34      0.00      0.00      0.00       0  chrome
15:12:04     1000    881951    0.00    1.00    0.00    0.00    1.00     1      0.00      0.00 55248168   61056   0.19      0.00      0.00      0.00       0  chrome
15:12:04     1000    882233    0.00    0.00    0.00    0.00    0.00    14      1.00      0.00 1518829448  203924   0.63      0.00      0.00      0.00       0  chrome
15:12:04     1000    888233    1.00    0.00    0.00    0.00    1.00     6      0.00      0.00 1754328  368608   1.13      0.00      0.00      0.00       0  gnome-system-mo
15:12:04        0   1049858    0.00    2.00    0.00    0.00    2.00     5      0.00      0.00       0       0   0.00     -1.00     -1.00     -1.00       0  kworker/u64:9-flush-259:0
15:12:04     1000   1073729    1.00    0.00    0.00    0.00    1.00    13      0.00      0.00  877608   71244   0.22      0.00      0.00      0.00       0  python3
15:12:04        0   1074653    0.00    1.00    0.00    0.00    1.00    14      0.00      0.00       0       0   0.00     -1.00     -1.00     -1.00       0  kworker/u64:3-i915
15:12:04     1000   1074666    0.00    0.00    0.00    0.00    0.00    10      3.00      0.00 1520369816  130084   0.40      0.00      0.00      0.00       0  code
15:12:04     1000   1074681    0.00    0.00    0.00    0.00    0.00     2    316.00      0.00 1520363292  299480   0.92      0.00      0.00      0.00       0  code
15:12:04     1000   1074725    0.00    0.00    0.00    0.00    0.00    13      6.00      0.00  745020  183264   0.56      0.00      0.00      0.00       0  codex
15:12:04     1000   1075226    2.00    1.00    0.00    0.00    3.00     2      0.00      0.00 1518709156  475816   1.46      0.00      0.00      0.00       0  code
15:12:04     1000   1109012    0.00    0.00    0.00    0.00    0.00    10      0.00      0.00  204044   41564   0.13      0.00      4.00      0.00       0  ros2
15:12:04     1000   1109016    4.00    1.00    0.00    0.00    5.00     3      0.00      0.00  900140   35996   0.11      0.00      0.00      0.00       0  real_go2_input_
15:12:04     1000   1109017   11.00    1.00    0.00    0.00   12.00     8      0.00      0.00  888092   78576   0.24      0.00      0.00      0.00       0  python3
15:12:04     1000   1109018   48.00    1.00    0.00    0.00   49.00     6      0.00      0.00 1140500  292576   0.90      0.00      0.00      0.00       0  scan_planner_no
15:12:04     1000   1109019    3.00    1.00    0.00    0.00    4.00     3      0.00      0.00  751152   32500   0.10      0.00      0.00      0.00       0  closed_loop_con
15:12:04     1000   1109020    2.00    1.00    0.00    1.00    3.00    15      0.00      0.00  750792   31364   0.10      0.00      0.00      0.00       0  cmd_vel_safety_
15:12:04     1000   1109021   15.00    1.00    0.00    0.00   16.00    14      0.00      0.00  884000   73124   0.22      0.00    112.00      0.00       0  telemetry_recor
15:12:04     1000   1109177    0.00    1.00    0.00    0.00    1.00     4      0.00      0.00   12840    5940   0.02      0.00      8.00      0.00       0  pidstat
15:12:04     1000   1109178    2.00    1.00    0.00    0.00    3.00     8      0.00      0.00 1103840  114768   0.35      0.00      0.00      0.00       0  ros2
15:12:04     1000   1109882   25.00    2.00    0.00    0.00   27.00     2    764.00      0.00 1518923228  557740   1.71      0.00      0.00      0.00       0  chrome

# Time        UID       PID    %usr %system  %guest   %wait    %CPU   CPU  minflt/s  majflt/s     VSZ     RSS   %MEM   kB_rd/s   kB_wr/s kB_ccwr/s iodelay  Command
15:12:05        0       676    0.00    1.00    0.00    0.00    1.00     1      0.00      0.00       0       0   0.00     -1.00     -1.00     -1.00       0  irq/163-rtw89_pci
15:12:05        0      1119    0.00    1.00    0.00    0.00    1.00     1      0.00      0.00  425208   10052   0.03     -1.00     -1.00     -1.00       0  thermald
15:12:05     1000      2081    0.00    1.00    0.00    0.00    1.00     2      0.00      0.00  160612   48336   0.15      0.00      0.00      0.00       0  pipewire-pulse
15:12:05     1000      2324   12.00    2.00    0.00    0.00   14.00     4      1.00      0.00 5557732  381452   1.17      0.00      0.00      0.00       0  gnome-shell
15:12:05     1000      2622    5.00    1.00    0.00    0.00    6.00     3      0.00      0.00 5685392  231952   0.71      0.00      0.00      0.00       0  ToDesk
15:12:05        0      3243    1.00    2.00    0.00    0.00    3.00    12      0.00      0.00 2778564   67840   0.21     -1.00     -1.00     -1.00       0  ToDesk_Service
15:12:05     1000     32140    1.00    0.00    0.00    0.00    1.00    12      0.00      0.00 11729028  750732   2.30      0.00      0.00      0.00       0  com.alibabainc.
15:12:05     1000     45971    0.00    0.00    0.00    0.00    0.00    10      2.00      0.00 50049280  218832   0.67      0.00      0.00      0.00       0  com.alibabainc.
15:12:05        0    332726    0.00    0.00    0.00    0.00    0.00    13      1.00      0.00  361696  237184   0.73     -1.00     -1.00     -1.00       0  systemd-journal
15:12:05     1000    425666    0.00    0.00    0.00    0.00    0.00    14      1.00      0.00 50028472  261412   0.80      0.00      0.00      0.00       0  com.alibabainc.
15:12:05     1000    577014    1.00    1.00    0.00    0.00    2.00     6      1.00      0.00 1521087724  394944   1.21      0.00      0.00      0.00       0  code
15:12:05     1000    577063    6.00    1.00    0.00    0.00    7.00     9     37.00      0.00 51395128  245328   0.75      0.00      0.00      0.00       0  code
15:12:05     1000    577132    0.00    0.00    0.00    0.00    0.00    14     23.00      0.00 1520364784  381380   1.17      0.00      0.00      0.00       0  code
15:12:05     1000    577160    1.00    1.00    0.00    0.00    2.00     6      1.00      0.00 1518795316  679292   2.09      0.00      0.00      0.00       0  code
15:12:05     1000    853053    2.00    0.00    0.00    0.00    2.00     8    144.00      0.00 55965896  496800   1.52      0.00      0.00      0.00       0  chrome
15:12:05     1000    853103    6.00    1.00    0.00    0.00    7.00    12     32.00      0.00 56208696  366076   1.12      0.00      0.00      0.00       0  chrome
15:12:05     1000    853105    0.00    1.00    0.00    0.00    1.00    10    155.00      0.00 55067288   93920   0.29      0.00    404.00      0.00       0  chrome
15:12:05     1000    853115    0.00    0.00    0.00    0.00    0.00    12      1.00      0.00 55302144   57580   0.18      0.00      0.00      0.00       0  chrome
15:12:05     1000    880405    2.00    0.00    0.00    0.00    2.00    14      4.00      0.00 1518939164  518424   1.59      0.00      0.00      0.00       0  chrome
15:12:05     1000    881951    1.00    0.00    0.00    0.00    1.00     2      0.00      0.00 55248168   61056   0.19      0.00      0.00      0.00       0  chrome
15:12:05     1000    888233    0.00    1.00    0.00    0.00    1.00     8      0.00      0.00 1754328  368608   1.13      0.00      0.00      0.00       0  gnome-system-mo
15:12:05     1000   1068542    0.00    0.00    0.00    0.00    0.00     3      2.00      0.00 1518806468  259968   0.80      0.00      0.00      0.00       0  chrome
15:12:05        0   1074653    0.00    1.00    0.00    0.00    1.00    10      0.00      0.00       0       0   0.00     -1.00     -1.00     -1.00       0  kworker/u64:3-i915
15:12:05     1000   1074681    0.00    0.00    0.00    0.00    0.00     2      1.00      0.00 1520363292  299480   0.92      0.00      0.00      0.00       0  code
15:12:05     1000   1074725    1.00    0.00    0.00    0.00    1.00    13     13.00      0.00  745020  183264   0.56      0.00     76.00      0.00       0  codex
15:12:05     1000   1075226    1.00    1.00    0.00    0.00    2.00     3      0.00      0.00 1518709156  475816   1.46      0.00      0.00      0.00       0  code
15:12:05        0   1097682    0.00    1.00    0.00    0.00    1.00    14      0.00      0.00       0       0   0.00     -1.00     -1.00     -1.00       0  kworker/u65:3-i915_flip
15:12:05     1000   1109016    3.00    1.00    0.00    0.00    4.00     7      0.00      0.00  900140   35996   0.11      0.00      0.00      0.00       0  real_go2_input_
15:12:05     1000   1109017   12.00    0.00    0.00    0.00   12.00     8      0.00      0.00  888092   78576   0.24      0.00      0.00      0.00       0  python3
15:12:05     1000   1109018   43.00    0.00    0.00    0.00   43.00     4      0.00      0.00 1140500  292576   0.90      0.00      0.00      0.00       0  scan_planner_no
15:12:05     1000   1109019    2.00    1.00    0.00    0.00    3.00     3      0.00      0.00  751152   32500   0.10      0.00      0.00      0.00       0  closed_loop_con
15:12:05     1000   1109020    3.00    1.00    0.00    0.00    4.00     6      0.00      0.00  750792   31364   0.10      0.00      0.00      0.00       0  cmd_vel_safety_
15:12:05     1000   1109021   14.00    1.00    0.00    0.00   15.00     2      0.00      0.00  884000   73124   0.22      0.00    104.00      0.00       0  telemetry_recor
15:12:05     1000   1109177    0.00    0.00    0.00    0.00    0.00    10      0.00      0.00   12840    5940   0.02      0.00      8.00      0.00       0  pidstat
15:12:05     1000   1109178    2.00    1.00    0.00    0.00    3.00    10      0.00      0.00 1103840  114768   0.35      0.00      0.00      0.00       0  ros2
15:12:05     1000   1109882   16.00    2.00    0.00    0.00   18.00     2    508.00      0.00 1518923228  557704   1.71      0.00     36.00      0.00       0  chrome

# Time        UID       PID    %usr %system  %guest   %wait    %CPU   CPU  minflt/s  majflt/s     VSZ     RSS   %MEM   kB_rd/s   kB_wr/s kB_ccwr/s iodelay  Command
15:12:06     1000      2075    0.00    0.00    0.00    0.00    0.00    10      0.00      0.00  121312   17412   0.05      0.00      0.00      0.00       0  pipewire
15:12:06     1000      2081    0.00    0.00    0.00    0.00    0.00     9      0.00      0.00  160528   48336   0.15      0.00      0.00      0.00       0  pipewire-pulse
15:12:06     1000      2324   13.00    2.00    0.00    0.00   15.00     7      0.00      0.00 5557732  381452   1.17      0.00      0.00      0.00       0  gnome-shell
15:12:06     1000      2622    5.00    2.00    0.00    0.00    7.00     3      0.00      0.00 5685392  231952   0.71      0.00      0.00      0.00       0  ToDesk
15:12:06        0      3243    1.00    1.00    0.00    0.00    2.00    15      0.00      0.00 2778564   67840   0.21     -1.00     -1.00     -1.00       0  ToDesk_Service
15:12:06     1000     10213    0.00    0.00    0.00    0.00    0.00     2      5.00      0.00 1212301312  153700   0.47      0.00      0.00      0.00       0  github-desktop
15:12:06     1000     10251    0.00    0.00    0.00    0.00    0.00     5      3.00      0.00 34566360  113132   0.35      0.00      0.00      0.00       0  github-desktop
15:12:06     1000     32140    2.00    1.00    0.00    0.00    3.00     4      0.00      0.00 11729028  750732   2.30      0.00      0.00      0.00       0  com.alibabainc.
15:12:06     1000     45971    0.00    0.00    0.00    0.00    0.00     6      5.00      0.00 50049280  218832   0.67      0.00      0.00      0.00       0  com.alibabainc.
15:12:06     1000     52294    0.00    0.00    0.00    0.00    0.00    10      1.00      0.00 53387424  463828   1.42      0.00      0.00      0.00       0  com.alibabainc.
15:12:06        0    332726    0.00    0.00    0.00    0.00    0.00    13      2.00      0.00  361696  237184   0.73     -1.00     -1.00     -1.00       0  systemd-journal
15:12:06     1000    425666    0.00    0.00    0.00    0.00    0.00    12      1.00      0.00 50028472  261412   0.80      0.00      0.00      0.00       0  com.alibabainc.
15:12:06     1000    426077    1.00    0.00    0.00    0.00    1.00     8      0.00      0.00 50132492  528136   1.62      0.00      0.00      0.00       0  com.alibabainc.
15:12:06     1000    577014    1.00    0.00    0.00    0.00    1.00     4     13.00      0.00 1521087724  394816   1.21      0.00      0.00      0.00       0  code
15:12:06     1000    577063    5.00    1.00    0.00    0.00    6.00    13      2.00      0.00 51394752  245328   0.75      0.00      0.00      0.00       0  code
15:12:06     1000    577160    2.00    0.00    0.00    0.00    2.00     6      0.00      0.00 1518795316  679292   2.09      0.00      0.00      0.00       0  code
15:12:06     1000    577170    0.00    0.00    0.00    0.00    0.00    13      1.00      0.00 1520378324  115516   0.35      0.00      0.00      0.00       0  code
15:12:06     1000    853053    1.00    0.00    0.00    0.00    1.00     8     54.00      0.00 55965896  496928   1.53      0.00      0.00      0.00       0  chrome
15:12:06     1000    853103    6.00    2.00    0.00    0.00    8.00    12     34.00      0.00 56214668  366076   1.12      0.00      0.00      0.00       0  chrome
15:12:06     1000    853105    1.00    0.00    0.00    0.00    1.00    10      9.00      0.00 55067288   94048   0.29      0.00      0.00      0.00       0  chrome
15:12:06     1000    880405    1.00    0.00    0.00    0.00    1.00     4      2.00      0.00 1518939164  518424   1.59      0.00      0.00      0.00       0  chrome
15:12:06     1000    881951    0.00    0.00    0.00    0.00    0.00    15      0.00      0.00 55182632   61056   0.19      0.00      0.00      0.00       0  chrome
15:12:06     1000    888233    2.00    0.00    0.00    0.00    2.00    15      1.00      0.00 1754328  368608   1.13      0.00      0.00      0.00       0  gnome-system-mo
15:12:06     1000    910028    1.00    0.00    0.00    0.00    1.00     8     13.00      0.00 1522802148  377652   1.16      0.00      0.00      0.00       0  chrome
15:12:06        0   1074653    0.00    1.00    0.00    0.00    1.00     5      0.00      0.00       0       0   0.00     -1.00     -1.00     -1.00       0  kworker/u64:3-events_unbound
15:12:06     1000   1074725    0.00    0.00    0.00    0.00    0.00    13      1.00      0.00  745020  183264   0.56      0.00      0.00      0.00       0  codex
15:12:06     1000   1075226    2.00    0.00    0.00    0.00    2.00     9      5.00      0.00 1518709156  473180   1.45      0.00      0.00      0.00       0  code
15:12:06        0   1108714    0.00    1.00    0.00    0.00    1.00    15      0.00      0.00       0       0   0.00     -1.00     -1.00     -1.00       0  kworker/15:1-i915-unordered
15:12:06     1000   1109016    4.00    1.00    0.00    0.00    5.00     9      0.00      0.00  900140   35996   0.11      0.00      0.00      0.00       0  real_go2_input_
15:12:06     1000   1109017   12.00    0.00    0.00    0.00   12.00    15      0.00      0.00  888092   78576   0.24      0.00      0.00      0.00       0  python3
15:12:06     1000   1109018   38.00    0.00    0.00    0.00   38.00     6      0.00      0.00 1140500  292576   0.90      0.00      0.00      0.00       0  scan_planner_no
15:12:06     1000   1109019    2.00    0.00    0.00    0.00    2.00     4      0.00      0.00  751152   32500   0.10      0.00      0.00      0.00       0  closed_loop_con
15:12:06     1000   1109020    3.00    1.00    0.00    0.00    4.00     1      0.00      0.00  750792   31364   0.10      0.00      0.00      0.00       0  cmd_vel_safety_
15:12:06     1000   1109021   16.00    0.00    0.00    0.00   16.00     8      0.00      0.00  884000   73124   0.22      0.00    112.00      0.00       0  telemetry_recor
15:12:06     1000   1109177    0.00    1.00    0.00    0.00    1.00    10      0.00      0.00   12840    5940   0.02      0.00      4.00      0.00       0  pidstat
15:12:06     1000   1109178    2.00    1.00    0.00    0.00    3.00    14      0.00      0.00 1103840  114768   0.35      0.00      0.00      0.00       0  ros2
15:12:06     1000   1109882   18.00    2.00    0.00    0.00   20.00     2    204.00      0.00 1518923228  557812   1.71      0.00      0.00      0.00       0  chrome

# Time        UID       PID    %usr %system  %guest   %wait    %CPU   CPU  minflt/s  majflt/s     VSZ     RSS   %MEM   kB_rd/s   kB_wr/s kB_ccwr/s iodelay  Command
15:12:07        0       676    0.00    1.00    0.00    0.00    1.00     1      0.00      0.00       0       0   0.00     -1.00     -1.00     -1.00       0  irq/163-rtw89_pci
15:12:07     1000      2075    0.00    1.00    0.00    0.00    1.00    10      0.00      0.00  121312   17412   0.05      0.00      0.00      0.00       0  pipewire
15:12:07     1000      2324   13.00    3.00    0.00    0.00   16.00     6      1.00      0.00 5557284  381452   1.17      0.00      0.00      0.00       0  gnome-shell
15:12:07     1000      2622    5.00    3.00    0.00    0.00    8.00     6      0.00      0.00 5685392  231952   0.71      0.00      0.00      0.00       0  ToDesk
15:12:07        0      3243    0.00    2.00    0.00    0.00    2.00    13      0.00      0.00 2778564   67840   0.21     -1.00     -1.00     -1.00       0  ToDesk_Service
15:12:07     1000     32140    1.00    0.00    0.00    0.00    1.00     8      0.00      0.00 11729028  750732   2.30      0.00      0.00      0.00       0  com.alibabainc.
15:12:07     1000     45971    1.00    0.00    0.00    0.00    1.00    12     42.00      0.00 50049280  218272   0.67      0.00      0.00      0.00       0  com.alibabainc.
15:12:07        0    332726    0.00    0.00    0.00    0.00    0.00    10      1.00      0.00  361696  237184   0.73     -1.00     -1.00     -1.00       0  systemd-journal
15:12:07     1000    425666    0.00    0.00    0.00    0.00    0.00    15      1.00      0.00 50028472  261412   0.80      0.00      0.00      0.00       0  com.alibabainc.
15:12:07     1000    577014    1.00    1.00    0.00    0.00    2.00    10      7.00      0.00 1521087724  394944   1.21      0.00      0.00      0.00       0  code
15:12:07     1000    577063    6.00    1.00    0.00    0.00    7.00     8      4.00      0.00 51394752  245328   0.75      0.00      0.00      0.00       0  code
15:12:07     1000    577067    0.00    0.00    0.00    0.00    0.00     6      2.00      0.00 50711564   88336   0.27      0.00      0.00      0.00       0  code
15:12:07     1000    577160    2.00    0.00    0.00    0.00    2.00    13      1.00      0.00 1518795316  679292   2.09      0.00      0.00      0.00       0  code
15:12:07     1000    577170    0.00    0.00    0.00    0.00    0.00    12      9.00      0.00 1520378324  115516   0.35      0.00      0.00      0.00       0  code
15:12:07     1000    577241    0.00    0.00    0.00    0.00    0.00    13      1.00      0.00  771828  182024   0.56      0.00      0.00      0.00       0  codex
15:12:07     1000    853053    2.00    1.00    0.00    0.00    3.00     4     12.00      0.00 55965896  497056   1.53      0.00      8.00      0.00       0  chrome
15:12:07     1000    853103    7.00    1.00    0.00    0.00    8.00     2     47.00      0.00 56220884  366076   1.12      0.00      0.00      0.00       0  chrome
15:12:07     1000    853105    0.00    0.00    0.00    0.00    0.00    10     14.00      0.00 55067288   94048   0.29     12.00      0.00      0.00       0  chrome
15:12:07     1000    853115    0.00    0.00    0.00    0.00    0.00    12      4.00      0.00 55302144   57580   0.18      0.00      0.00      0.00       0  chrome
15:12:07     1000    880405    1.00    0.00    0.00    0.00    1.00     5      5.00      0.00 1518939164  518424   1.59      0.00      0.00      0.00       0  chrome
15:12:07     1000    881919    0.00    0.00    0.00    0.00    0.00     6      3.00      0.00 1518709684  110560   0.34      0.00      0.00      0.00       0  chrome
15:12:07     1000    881951    1.00    1.00    0.00    0.00    2.00     4      0.00      0.00 55182632   61056   0.19      0.00      0.00      0.00       0  chrome
15:12:07     1000    882233    0.00    0.00    0.00    0.00    0.00    14     25.00      0.00 1518829448  204052   0.63      0.00      0.00      0.00       0  chrome
15:12:07        0   1049858    0.00    1.00    0.00    0.00    1.00     2      0.00      0.00       0       0   0.00     -1.00     -1.00     -1.00       0  kworker/u64:9-flush-259:0
15:12:07     1000   1068542    1.00    0.00    0.00    0.00    1.00     0      1.00      0.00 1518806468  259968   0.80      0.00      0.00      0.00       0  chrome
15:12:07     1000   1074725    1.00    0.00    0.00    0.00    1.00    13     18.00      0.00  744884  183264   0.56      0.00     88.00      0.00       0  codex
15:12:07     1000   1075226    2.00    0.00    0.00    0.00    2.00     9     20.00      0.00 1518709156  473180   1.45      0.00      0.00      0.00       0  code
15:12:07     1000   1109012    0.00    0.00    0.00    0.00    0.00    15      1.00      0.00  204044   41564   0.13      0.00      0.00      0.00       0  ros2
15:12:07     1000   1109016    3.00    1.00    0.00    0.00    4.00    14      0.00      0.00  900140   35996   0.11      0.00      0.00      0.00       0  real_go2_input_
15:12:07     1000   1109017   12.00    1.00    0.00    0.00   13.00    14      0.00      0.00  888092   78576   0.24      0.00      0.00      0.00       0  python3
15:12:07     1000   1109018   56.00    0.00    0.00    0.00   56.00     0      0.00      0.00 1140500  292576   0.90      0.00      4.00      0.00       0  scan_planner_no
15:12:07     1000   1109019    3.00    1.00    0.00    0.00    4.00     5      0.00      0.00  751152   32500   0.10      0.00      0.00      0.00       0  closed_loop_con
15:12:07     1000   1109020    3.00    1.00    0.00    0.00    4.00     4      0.00      0.00  750792   31364   0.10      0.00      0.00      0.00       0  cmd_vel_safety_
15:12:07     1000   1109021   15.00    0.00    0.00    0.00   15.00    13      0.00      0.00  884000   73124   0.22      0.00    116.00      0.00       0  telemetry_recor
15:12:07     1000   1109177    1.00    1.00    0.00    0.00    2.00     6      0.00      0.00   12840    5940   0.02      0.00      8.00      0.00       0  pidstat
15:12:07     1000   1109178    2.00    1.00    0.00    0.00    3.00    14      0.00      0.00 1103840  114768   0.35      0.00      0.00      0.00       0  ros2
15:12:07     1000   1109882   17.00    2.00    0.00    0.00   19.00    13    305.00      0.00 1518923228  558296   1.71      0.00      0.00      0.00       0  chrome

# Time        UID       PID    %usr %system  %guest   %wait    %CPU   CPU  minflt/s  majflt/s     VSZ     RSS   %MEM   kB_rd/s   kB_wr/s kB_ccwr/s iodelay  Command
15:12:08        0        15    0.00    1.00    0.00    0.00    1.00    15      0.00      0.00       0       0   0.00     -1.00     -1.00     -1.00       0  rcu_preempt
15:12:08     1000      2075    1.00    0.00    0.00    0.00    1.00    10      0.00      0.00  121312   17412   0.05      0.00      0.00      0.00       0  pipewire
15:12:08     1000      2081    1.00    0.00    0.00    0.00    1.00    15      0.00      0.00  160528   48336   0.15      0.00      0.00      0.00       0  pipewire-pulse
15:12:08     1000      2324   13.00    3.00    0.00    0.00   16.00     3      0.00      0.00 5557284  381452   1.17      0.00      4.00      0.00       0  gnome-shell
15:12:08     1000      2622    5.00    2.00    0.00    1.00    7.00     0      0.00      0.00 5685392  231952   0.71      0.00      0.00      0.00       0  ToDesk
15:12:08        0      3243    1.00    1.00    0.00    0.00    2.00    14      0.00      0.00 2778564   67840   0.21     -1.00     -1.00     -1.00       0  ToDesk_Service
15:12:08     1000     10268    0.00    0.00    0.00    0.00    0.00     8      3.00      0.00 33882424   63200   0.19      0.00      0.00      0.00       0  github-desktop
15:12:08     1000     32140    1.00    1.00    0.00    0.00    2.00    12      0.00      0.00 11729028  750732   2.30      0.00      4.00      0.00       0  com.alibabainc.
15:12:08     1000     45971    0.00    0.00    0.00    0.00    0.00     0      4.00      0.00 50049280  218272   0.67      0.00      0.00      0.00       0  com.alibabainc.
15:12:08        0    332726    0.00    0.00    0.00    0.00    0.00    13      2.00      0.00  361696  237184   0.73     -1.00     -1.00     -1.00       0  systemd-journal
15:12:08     1000    516139    0.00    1.00    0.00    0.00    1.00    13      0.00      0.00 5453760   37080   0.11      0.00      0.00      0.00       0  clash
15:12:08     1000    577014    2.00    1.00    0.00    0.00    3.00     4      1.00      0.00 1521087724  394944   1.21      0.00      0.00      0.00       0  code
15:12:08     1000    577063    6.00    1.00    0.00    0.00    7.00    13      1.00      0.00 51394624  245328   0.75      0.00      0.00      0.00       0  code
15:12:08     1000    577107    0.00    0.00    0.00    0.00    0.00     2      9.00      0.00 1520761120  591484   1.82      0.00      0.00      0.00       0  code
15:12:08     1000    577160    1.00    0.00    0.00    0.00    1.00    12      0.00      0.00 1518795316  679292   2.09      0.00      0.00      0.00       0  code
15:12:08     1000    577170    0.00    0.00    0.00    0.00    0.00     0      6.00      0.00 1520378324  115516   0.35      0.00      0.00      0.00       0  code
15:12:08     1000    577171    0.00    0.00    0.00    0.00    0.00     6     37.00      0.00 1520352992  124700   0.38      0.00      0.00      0.00       0  code
15:12:08     1000    577172    0.00    0.00    0.00    0.00    0.00    12      3.00      0.00 1520369816  113428   0.35      0.00      0.00      0.00       0  code
15:12:08     1000    577241    0.00    1.00    0.00    0.00    1.00    13      1.00      0.00  771828  182024   0.56      0.00      0.00      0.00       0  codex
15:12:08     1000    577320    0.00    0.00    0.00    0.00    0.00     3     28.00      0.00 1520354644  108556   0.33      0.00      0.00      0.00       0  code
15:12:08     1000    853053    1.00    1.00    0.00    0.00    2.00    10     76.00      0.00 55966920  496412   1.52      0.00    112.00      0.00       0  chrome
15:12:08     1000    853103    7.00    3.00    0.00    0.00   10.00     1     98.00      0.00 56215820  366076   1.12      0.00      0.00      0.00       0  chrome
15:12:08     1000    853105    1.00    0.00    0.00    0.00    1.00    10     43.00      0.00 55067288   93852   0.29      0.00      4.00      0.00       0  chrome
15:12:08     1000    880405    1.00    0.00    0.00    0.00    1.00     4      5.00      0.00 1518939164  518424   1.59      0.00      0.00      0.00       0  chrome
15:12:08     1000    882233    0.00    0.00    0.00    0.00    0.00    15      4.00      0.00 1518829448  204052   0.63      0.00      0.00      0.00       0  chrome
15:12:08     1000    885261    1.00    0.00    0.00    0.00    1.00    15      5.00      0.00 1518767568  321124   0.99      0.00      0.00      0.00       0  code
15:12:08     1000    888233    0.00    1.00    0.00    0.00    1.00    15      0.00      0.00 1754328  368608   1.13      0.00      0.00      0.00       0  gnome-system-mo
15:12:08     1000   1068542    0.00    0.00    0.00    0.00    0.00     0      1.00      0.00 1518806468  259968   0.80      0.00      0.00      0.00       0  chrome
15:12:08        0   1074653    0.00    1.00    0.00    0.00    1.00     4      0.00      0.00       0       0   0.00     -1.00     -1.00     -1.00       0  kworker/u64:3-events_unbound
15:12:08     1000   1074666    0.00    0.00    0.00    0.00    0.00    12      4.00      0.00 1520369816  130084   0.40      0.00      0.00      0.00       0  code
15:12:08     1000   1074681    2.00    0.00    0.00    0.00    2.00    10    333.00      0.00 1520363292  299480   0.92      0.00      0.00      0.00       0  code
15:12:08     1000   1074725    0.00    0.00    0.00    0.00    0.00    13     25.00      0.00  744884  183264   0.56      0.00      0.00      0.00       0  codex
15:12:08     1000   1075226    1.00    0.00    0.00    0.00    1.00     9      3.00      0.00 1518709156  473180   1.45      0.00      0.00      0.00       0  code
15:12:08     1000   1095170    1.00    0.00    0.00    0.00    1.00     2      0.00      0.00  883436   72492   0.22      0.00      0.00      0.00       0  python3
15:12:08        0   1097682    0.00    1.00    0.00    0.00    1.00     0      0.00      0.00       0       0   0.00     -1.00     -1.00     -1.00       0  kworker/u65:3-i915_flip
15:12:08     1000   1109016    3.00    1.00    0.00    0.00    4.00     1      0.00      0.00  900140   35996   0.11      0.00      0.00      0.00       0  real_go2_input_
15:12:08     1000   1109017   14.00    0.00    0.00    0.00   14.00     7    110.00      0.00  888092   78576   0.24      0.00      0.00      0.00       0  python3
15:12:08     1000   1109018   41.00    1.00    0.00    0.00   42.00     0      0.00      0.00 1140500  292576   0.90      0.00      0.00      0.00       0  scan_planner_no
15:12:08     1000   1109019    2.00    1.00    0.00    0.00    3.00    15      0.00      0.00  751152   32500   0.10      0.00      0.00      0.00       0  closed_loop_con
15:12:08     1000   1109020    3.00    1.00    0.00    0.00    4.00    12      0.00      0.00  750792   31364   0.10      0.00      0.00      0.00       0  cmd_vel_safety_
15:12:08     1000   1109021   15.00    1.00    0.00    0.00   16.00     9      0.00      0.00  884000   73124   0.22      0.00    116.00      0.00       0  telemetry_recor
15:12:08     1000   1109177    0.00    1.00    0.00    0.00    1.00     6      0.00      0.00   12840    5940   0.02      0.00      8.00      0.00       0  pidstat
15:12:08     1000   1109178    2.00    1.00    0.00    0.00    3.00    12      0.00      0.00 1103840  114768   0.35      0.00      0.00      0.00       0  ros2
15:12:08     1000   1109882   18.00    1.00    0.00    0.00   19.00    14    269.00      0.00 1518923228  558804   1.72      0.00      0.00      0.00       0  chrome

# Time        UID       PID    %usr %system  %guest   %wait    %CPU   CPU  minflt/s  majflt/s     VSZ     RSS   %MEM   kB_rd/s   kB_wr/s kB_ccwr/s iodelay  Command
15:12:09     1000      2081    0.00    1.00    0.00    0.00    1.00     0      0.00      0.00  160528   48336   0.15      0.00      0.00      0.00       0  pipewire-pulse
15:12:09     1000      2324   12.00    2.00    0.00    0.00   14.00     4      0.00      0.00 5557220  381452   1.17      0.00      0.00      0.00       0  gnome-shell
15:12:09     1000      2622    6.00    2.00    0.00    0.00    8.00     0      0.00      0.00 5685392  231952   0.71      0.00      0.00      0.00       0  ToDesk
15:12:09        0      3243    1.00    2.00    0.00    0.00    3.00     4      0.00      0.00 2778564   67840   0.21     -1.00     -1.00     -1.00       0  ToDesk_Service
15:12:09     1000     32140    2.00    0.00    0.00    0.00    2.00     6      0.00      0.00 11729028  750732   2.30      0.00      0.00      0.00       0  com.alibabainc.
15:12:09     1000     45971    0.00    0.00    0.00    0.00    0.00     8      5.00      0.00 50049280  218400   0.67      0.00      0.00      0.00       0  com.alibabainc.
15:12:09        0    332726    0.00    0.00    0.00    0.00    0.00     1      3.00      0.00  361696  237184   0.73     -1.00     -1.00     -1.00       0  systemd-journal
15:12:09     1000    425666    1.00    0.00    0.00    0.00    1.00     6      1.00      0.00 50028472  261412   0.80      0.00      0.00      0.00       0  com.alibabainc.
15:12:09     1000    577014    1.00    1.00    0.00    0.00    2.00     1      1.00      0.00 1521087724  394944   1.21      0.00      0.00      0.00       0  code
15:12:09     1000    577063    6.00    1.00    0.00    0.00    7.00     2     48.00      0.00 51392448  245192   0.75      0.00      0.00      0.00       0  code
15:12:09     1000    577132    0.00    0.00    0.00    0.00    0.00    14     26.00      0.00 1520364784  381380   1.17      0.00      0.00      0.00       0  code
15:12:09     1000    577160    1.00    0.00    0.00    0.00    1.00    13      1.00      0.00 1518795316  679292   2.09      0.00      0.00      0.00       0  code
15:12:09     1000    577170    1.00    0.00    0.00    0.00    1.00    15      1.00      0.00 1520378324  115516   0.35      0.00      0.00      0.00       0  code
15:12:09     1000    853053    2.00    0.00    0.00    0.00    2.00    10    120.00      0.00 55966920  496668   1.52      0.00      0.00      0.00       0  chrome
15:12:09     1000    853103    5.00    1.00    0.00    0.00    6.00    15     31.00      0.00 56220808  366076   1.12      0.00      0.00      0.00       0  chrome
15:12:09     1000    853105    0.00    1.00    0.00    0.00    1.00    10     59.00      0.00 55067288   93980   0.29      0.00    124.00      0.00       0  chrome
15:12:09     1000    861538    1.00    0.00    0.00    0.00    1.00    15      0.00      0.00  136168   88584   0.27      0.00      0.00      0.00       0  cpptools
15:12:09     1000    880405    2.00    1.00    0.00    0.00    3.00     8      3.00      0.00 1518939164  518424   1.59      0.00      0.00      0.00       0  chrome
15:12:09     1000    881951    0.00    1.00    0.00    0.00    1.00    12      0.00      0.00 55182632   61056   0.19      0.00      0.00      0.00       0  chrome
15:12:09     1000    882233    0.00    0.00    0.00    0.00    0.00    15      2.00      0.00 1518829448  204052   0.63      0.00      0.00      0.00       0  chrome
15:12:09     1000    888233    2.00    1.00    0.00    0.00    3.00     6      3.00      0.00 1754844  368608   1.13      0.00      0.00      0.00       0  gnome-system-mo
15:12:09        0   1025923    0.00    1.00    0.00    0.00    1.00     0      0.00      0.00       0       0   0.00     -1.00     -1.00     -1.00       0  kworker/0:0-events
15:12:09        0   1049858    0.00    1.00    0.00    0.00    1.00    12      0.00      0.00       0       0   0.00     -1.00     -1.00     -1.00       0  kworker/u64:9-i915
15:12:09     1000   1068542    0.00    0.00    0.00    0.00    0.00     0      2.00      0.00 1518806468  259968   0.80      0.00      0.00      0.00       0  chrome
15:12:09        0   1074653    0.00    1.00    0.00    0.00    1.00     6      0.00      0.00       0       0   0.00     -1.00     -1.00     -1.00       0  kworker/u64:3-ipv6_addrconf
15:12:09     1000   1074681    0.00    0.00    0.00    0.00    0.00    10     25.00      0.00 1520363292  299480   0.92      0.00      0.00      0.00       0  code
15:12:09     1000   1074725    1.00    0.00    0.00    0.00    1.00    13      9.00      0.00  744884  183264   0.56      0.00     48.00      0.00       0  codex
15:12:09     1000   1075226    2.00    1.00    0.00    0.00    3.00     3      0.00      0.00 1518709156  473180   1.45      0.00      0.00      0.00       0  code
15:12:09     1000   1109016    3.00    2.00    0.00    0.00    5.00     8      3.00      0.00  900152   35996   0.11      0.00      0.00      0.00       0  real_go2_input_
15:12:09     1000   1109017   11.00    0.00    0.00    1.00   11.00    15      1.00      0.00  888092   78576   0.24      0.00      0.00      0.00       0  python3
15:12:09     1000   1109018   35.00    0.00    0.00    1.00   35.00     5      0.00      0.00 1140500  292576   0.90      0.00      0.00      0.00       0  scan_planner_no
15:12:09     1000   1109019    2.00    0.00    0.00    0.00    2.00     8      1.00      0.00  751152   32500   0.10      0.00      0.00      0.00       0  closed_loop_con
15:12:09     1000   1109020    3.00    0.00    0.00    0.00    3.00     2      1.00      0.00  750792   31364   0.10      0.00      0.00      0.00       0  cmd_vel_safety_
15:12:09     1000   1109021   15.00    0.00    0.00    0.00   15.00    10      1.00      0.00  884000   73124   0.22      0.00    112.00      0.00       0  telemetry_recor
15:12:09     1000   1109177    0.00    0.00    0.00    0.00    0.00     6      0.00      0.00   12840    5940   0.02      0.00      4.00      0.00       0  pidstat
15:12:09     1000   1109178    2.00    1.00    0.00    0.00    3.00     7      0.00      0.00 1103840  114768   0.35      0.00      0.00      0.00       0  ros2
15:12:09     1000   1109882   35.00    2.00    0.00    0.00   37.00     9    922.00      0.00 1518922072  492500   1.51      0.00      8.00      0.00       0  chrome

# Time        UID       PID    %usr %system  %guest   %wait    %CPU   CPU  minflt/s  majflt/s     VSZ     RSS   %MEM   kB_rd/s   kB_wr/s kB_ccwr/s iodelay  Command
15:12:10        0       676    0.00    1.00    0.00    0.00    1.00     1      0.00      0.00       0       0   0.00     -1.00     -1.00     -1.00       0  irq/163-rtw89_pci
15:12:10     1000      2324   10.00    2.00    0.00    0.00   12.00     6      0.00      0.00 5557220  381452   1.17      0.00      0.00      0.00       0  gnome-shell
15:12:10     1000      2622    5.00    2.00    0.00    0.00    7.00     2      0.00      0.00 5685392  231952   0.71      0.00      0.00      0.00       0  ToDesk
15:12:10        0      3243    0.00    2.00    0.00    0.00    2.00     4      0.00      0.00 2778564   67840   0.21     -1.00     -1.00     -1.00       0  ToDesk_Service
15:12:10     1000     10213    0.00    0.00    0.00    0.00    0.00     0      5.00      0.00 1212301312  153700   0.47      0.00      0.00      0.00       0  github-desktop
15:12:10     1000     10251    0.00    0.00    0.00    0.00    0.00     5      3.00      0.00 34566360  113132   0.35      0.00      0.00      0.00       0  github-desktop
15:12:10     1000     32140    0.00    1.00    0.00    0.00    1.00    10      0.00      0.00 11729028  750732   2.30      0.00      0.00      0.00       0  com.alibabainc.
15:12:10     1000     45971    0.00    0.00    0.00    0.00    0.00     5      4.00      0.00 50049280  218528   0.67      0.00      0.00      0.00       0  com.alibabainc.
15:12:10        0    332726    0.00    0.00    0.00    0.00    0.00     1      3.00      0.00  361696  237184   0.73     -1.00     -1.00     -1.00       0  systemd-journal
15:12:10     1000    425666    0.00    0.00    0.00    0.00    0.00     4      1.00      0.00 50028472  261412   0.80      0.00      0.00      0.00       0  com.alibabainc.
15:12:10     1000    425773    0.00    0.00    0.00    0.00    0.00    15      1.00      0.00 50014516  390636   1.20      0.00      0.00      0.00       0  com.alibabainc.
15:12:10     1000    577014    2.00    0.00    0.00    0.00    2.00     8     14.00      0.00 1521087724  394944   1.21      0.00      0.00      0.00       0  code
15:12:10     1000    577063    5.00    1.00    0.00    0.00    6.00    15      1.00      0.00 51392448  245192   0.75      0.00      0.00      0.00       0  code
15:12:10     1000    577132    0.00    1.00    0.00    0.00    1.00     2      0.00      0.00 1520364784  381380   1.17      0.00      0.00      0.00       0  code
15:12:10     1000    577160    2.00    1.00    0.00    0.00    3.00     0    149.00      0.00 1518795316  679292   2.09      0.00      0.00      0.00       0  code
15:12:10     1000    577170    0.00    0.00    0.00    0.00    0.00    14      1.00      0.00 1520378324  115516   0.35      0.00      0.00      0.00       0  code
15:12:10     1000    577241    0.00    0.00    0.00    0.00    0.00    13      1.00      0.00  771828  182024   0.56      0.00      0.00      0.00       0  codex
15:12:10     1000    853053    1.00    1.00    0.00    0.00    2.00    10      6.00      0.00 55958476  496668   1.52      0.00     12.00      0.00       0  chrome
15:12:10     1000    853103    5.00    2.00    0.00    0.00    7.00     8     28.00      0.00 56220144  366076   1.12      0.00      0.00      0.00       0  chrome
15:12:10     1000    853105    1.00    0.00    0.00    0.00    1.00    10    111.00      0.00 55067288   93920   0.29      0.00    380.00      0.00       0  chrome
15:12:10     1000    880405    1.00    0.00    0.00    0.00    1.00     5     10.00      0.00 1518930720  510076   1.57      0.00      0.00      0.00       0  chrome
15:12:10     1000    881919    0.00    0.00    0.00    0.00    0.00     0      1.00      0.00 1518709684  110560   0.34      0.00      0.00      0.00       0  chrome
15:12:10     1000    881951    1.00    0.00    0.00    0.00    1.00    12      0.00      0.00 55182632   61056   0.19      0.00      0.00      0.00       0  chrome
15:12:10        0   1049858    0.00    1.00    0.00    0.00    1.00    12      0.00      0.00       0       0   0.00     -1.00     -1.00     -1.00       0  kworker/u64:9-i915
15:12:10     1000   1068542    0.00    0.00    0.00    0.00    0.00     3      1.00      0.00 1518806468  259968   0.80      0.00      0.00      0.00       0  chrome
15:12:10     1000   1074681    0.00    0.00    0.00    0.00    0.00    10     54.00      0.00 1520363292  294508   0.90      0.00      0.00      0.00       0  code
15:12:10     1000   1075226    1.00    0.00    0.00    0.00    1.00     9     61.00      0.00 1518709156  473180   1.45      0.00      0.00      0.00       0  code
15:12:10     1000   1109012    1.00    0.00    0.00    0.00    1.00    10      0.00      0.00  204044   41564   0.13      0.00      0.00      0.00       0  ros2
15:12:10     1000   1109016    4.00    1.00    0.00    0.00    5.00     8      0.00      0.00  900152   35996   0.11      0.00      0.00      0.00       0  real_go2_input_
15:12:10     1000   1109017   12.00    1.00    0.00    0.00   13.00     9      0.00      0.00  888092   78576   0.24      0.00      0.00      0.00       0  python3
15:12:10     1000   1109018   36.00    0.00    0.00    0.00   36.00    15      0.00      0.00 1140500  292576   0.90      0.00      0.00      0.00       0  scan_planner_no
15:12:10     1000   1109019    3.00    1.00    0.00    0.00    4.00    13      1.00      0.00  751152   32500   0.10      0.00      0.00      0.00       0  closed_loop_con
15:12:10     1000   1109020    3.00    1.00    0.00    0.00    4.00     0      0.00      0.00  750792   31364   0.10      0.00      0.00      0.00       0  cmd_vel_safety_
15:12:10     1000   1109021   14.00    0.00    0.00    0.00   14.00     4      0.00      0.00  884000   73124   0.22      0.00    108.00      0.00       0  telemetry_recor
15:12:10     1000   1109177    0.00    1.00    0.00    0.00    1.00     6      0.00      0.00   12840    5940   0.02      0.00      8.00      0.00       0  pidstat
15:12:10     1000   1109178    2.00    2.00    0.00    0.00    4.00     7      0.00      0.00 1103840  114768   0.35      0.00      0.00      0.00       0  ros2
15:12:10     1000   1109882   26.00    3.00    0.00    0.00   29.00     4    839.00      0.00 1518922072  491580   1.51      0.00      0.00      0.00       0  chrome

# Time        UID       PID    %usr %system  %guest   %wait    %CPU   CPU  minflt/s  majflt/s     VSZ     RSS   %MEM   kB_rd/s   kB_wr/s kB_ccwr/s iodelay  Command
15:12:11        0         1    0.00    0.00    0.00    0.00    0.00    15     11.00      0.00   23564   14152   0.04     -1.00     -1.00     -1.00       0  systemd
15:12:11        0       676    0.00    1.00    0.00    0.00    1.00     1      0.00      0.00       0       0   0.00     -1.00     -1.00     -1.00       0  irq/163-rtw89_pci
15:12:11      987      1079    1.00    0.00    0.00    0.00    1.00    13      1.00      0.00  393536   16000   0.05     -1.00     -1.00     -1.00       0  polkitd
15:12:11        0      1142    0.00    1.00    0.00    0.00    1.00     8      0.00      0.00   18372   11308   0.03     -1.00     -1.00     -1.00       0  wpa_supplicant
15:12:11        0      1370    1.00    0.00    0.00    0.00    1.00    13      0.00      0.00 2606064   21460   0.07     -1.00     -1.00     -1.00       0  containerd
15:12:11     1000      2075    0.00    1.00    0.00    0.00    1.00    10      0.00      0.00  121312   17412   0.05      0.00      0.00      0.00       0  pipewire
15:12:11     1000      2324   11.00    3.00    0.00    0.00   14.00     4      6.00      0.00 5557220  381452   1.17      0.00      0.00      0.00       0  gnome-shell
15:12:11     1000      2622    5.00    2.00    0.00    0.00    7.00     8      0.00      0.00 5685392  231952   0.71      0.00      0.00      0.00       0  ToDesk
15:12:11        0      3243    1.00    2.00    0.00    0.00    3.00    14      0.00      0.00 2778564   67840   0.21     -1.00     -1.00     -1.00       0  ToDesk_Service
15:12:11     1000     32140    2.00    0.00    0.00    0.00    2.00     0      0.00      0.00 11729028  750732   2.30      0.00      0.00      0.00       0  com.alibabainc.
15:12:11     1000     45971    1.00    0.00    0.00    0.00    1.00     5      4.00      0.00 50049280  218528   0.67      0.00      0.00      0.00       0  com.alibabainc.
15:12:11        0    332726    0.00    0.00    0.00    0.00    0.00     4      1.00      0.00  361696  237184   0.73     -1.00     -1.00     -1.00       0  systemd-journal
15:12:11     1000    425666    0.00    0.00    0.00    0.00    0.00    14      2.00      0.00 50028472  261412   0.80      0.00      0.00      0.00       0  com.alibabainc.
15:12:11     1000    577014    1.00    1.00    0.00    0.00    2.00     8      1.00      0.00 1521087724  394944   1.21      0.00      0.00      0.00       0  code
15:12:11     1000    577063    6.00    1.00    0.00    0.00    7.00    11      1.00      0.00 51392448  245192   0.75      0.00      0.00      0.00       0  code
15:12:11     1000    577067    0.00    0.00    0.00    0.00    0.00     6      2.00      0.00 50711564   88336   0.27      0.00      0.00      0.00       0  code
15:12:11     1000    577132    1.00    0.00    0.00    0.00    1.00     2      0.00      0.00 1520364784  381380   1.17      0.00      0.00      0.00       0  code
15:12:11     1000    577160    1.00    0.00    0.00    0.00    1.00     6      1.00      0.00 1518795316  679292   2.09      0.00      0.00      0.00       0  code
15:12:11     1000    853053    1.00    0.00    0.00    0.00    1.00    12      0.00      0.00 55958476  496668   1.52      0.00      0.00      0.00       0  chrome
15:12:11     1000    853103    5.00    2.00    0.00    0.00    7.00     3     29.00      0.00 56210960  357976   1.10      0.00      0.00      0.00       0  chrome
15:12:11     1000    853105    0.00    0.00    0.00    0.00    0.00     8     22.00      0.00 55067288   94048   0.29      0.00     84.00      0.00       0  chrome
15:12:11     1000    853115    0.00    0.00    0.00    0.00    0.00    12      4.00      0.00 55302144   57580   0.18      0.00      0.00      0.00       0  chrome
15:12:11     1000    880405    1.00    0.00    0.00    0.00    1.00    12      0.00      0.00 1518919328  502008   1.54      0.00      0.00      0.00       0  chrome
15:12:11     1000    881951    1.00    0.00    0.00    0.00    1.00    12      0.00      0.00 55182632   61056   0.19      0.00      0.00      0.00       0  chrome
15:12:11     1000    885261   35.00    1.00    0.00    0.00   36.00     9    488.00      0.00 1518767568  315408   0.97      0.00      0.00      0.00       0  code
15:12:11     1000    888233    1.00    0.00    0.00    0.00    1.00    12      0.00      0.00 1754844  368608   1.13      0.00      0.00      0.00       0  gnome-system-mo
15:12:11     1000   1074725    0.00    0.00    0.00    0.00    0.00    13      1.00      0.00  744884  183264   0.56      0.00      0.00      0.00       0  codex
15:12:11     1000   1075226    2.00    0.00    0.00    0.00    2.00     5      1.00      0.00 1518709156  473180   1.45      0.00      0.00      0.00       0  code
15:12:11     1000   1109012    0.00    0.00    0.00    0.00    0.00    10      0.00      0.00  204044   41564   0.13      0.00      4.00      0.00       0  ros2
15:12:11     1000   1109016    4.00    0.00    0.00    0.00    4.00     6      0.00      0.00  900152   35996   0.11      0.00      0.00      0.00       0  real_go2_input_
15:12:11     1000   1109017   11.00    0.00    0.00    0.00   11.00     3      0.00      0.00  888092   78576   0.24      0.00      0.00      0.00       0  python3
15:12:11     1000   1109018   36.00    1.00    0.00    0.00   37.00     7      0.00      0.00 1140500  292576   0.90      0.00      0.00      0.00       0  scan_planner_no
15:12:11     1000   1109019    2.00    0.00    0.00    0.00    2.00     1      0.00      0.00  751152   32500   0.10      0.00      0.00      0.00       0  closed_loop_con
15:12:11     1000   1109020    2.00    1.00    0.00    0.00    3.00     4      0.00      0.00  750792   31364   0.10      0.00      0.00      0.00       0  cmd_vel_safety_
15:12:11     1000   1109021   15.00    1.00    0.00    1.00   16.00    10      0.00      0.00  884000   73124   0.22      0.00    112.00      0.00       0  telemetry_recor
15:12:11     1000   1109177    0.00    0.00    0.00    0.00    0.00     6      0.00      0.00   12840    5940   0.02      0.00      4.00      0.00       0  pidstat
15:12:11     1000   1109178    3.00    0.00    0.00    0.00    3.00     0      0.00      0.00 1103840  114768   0.35      0.00      0.00      0.00       0  ros2
15:12:11     1000   1109882   18.00    1.00    0.00    0.00   19.00     4    381.00      0.00 1518922072  492988   1.51      0.00     68.00      0.00       0  chrome

# Time        UID       PID    %usr %system  %guest   %wait    %CPU   CPU  minflt/s  majflt/s     VSZ     RSS   %MEM   kB_rd/s   kB_wr/s kB_ccwr/s iodelay  Command
15:12:12        0        15    0.00    1.00    0.00    0.00    1.00     6      0.00      0.00       0       0   0.00     -1.00     -1.00     -1.00       0  rcu_preempt
15:12:12        0       676    0.00    3.00    0.00    0.00    3.00     1      0.00      0.00       0       0   0.00     -1.00     -1.00     -1.00       0  irq/163-rtw89_pci
15:12:12     1000      2081    0.00    1.00    0.00    0.00    1.00     0      0.00      0.00  160528   48336   0.15      0.00      0.00      0.00       0  pipewire-pulse
15:12:12     1000      2324   10.00    3.00    0.00    0.00   13.00    14      1.00      0.00 5557284  381452   1.17      0.00      0.00      0.00       0  gnome-shell
15:12:12     1000      2622    5.00    2.00    0.00    0.00    7.00     6      0.00      0.00 5685392  231952   0.71      0.00      0.00      0.00       0  ToDesk
15:12:12        0      3243    0.00    2.00    0.00    0.00    2.00    14      0.00      0.00 2778564   67840   0.21     -1.00     -1.00     -1.00       0  ToDesk_Service
15:12:12     1000     10268    0.00    0.00    0.00    0.00    0.00     8      3.00      0.00 33882424   63200   0.19      0.00      0.00      0.00       0  github-desktop
15:12:12     1000     32140    1.00    0.00    0.00    0.00    1.00     2      0.00      0.00 11729028  750732   2.30      0.00      0.00      0.00       0  com.alibabainc.
15:12:12     1000     45971    0.00    0.00    0.00    0.00    0.00     5      2.00      0.00 50049280  218528   0.67      0.00      0.00      0.00       0  com.alibabainc.
15:12:12        0    332726    0.00    0.00    0.00    0.00    0.00     1      2.00      0.00  361696  237184   0.73     -1.00     -1.00     -1.00       0  systemd-journal
15:12:12     1000    425773    1.00    0.00    0.00    0.00    1.00    10      0.00      0.00 50014516  390636   1.20      0.00      0.00      0.00       0  com.alibabainc.
15:12:12     1000    426077    0.00    0.00    0.00    0.00    0.00     2      1.00      0.00 50132492  528136   1.62      0.00      0.00      0.00       0  com.alibabainc.
15:12:12     1000    577014    2.00    0.00    0.00    0.00    2.00    15      8.00      0.00 1521087724  394944   1.21      0.00      0.00      0.00       0  code
15:12:12     1000    577063    5.00    2.00    0.00    0.00    7.00     8      1.00      0.00 51392448  245192   0.75      0.00      0.00      0.00       0  code
15:12:12     1000    577160    2.00    0.00    0.00    0.00    2.00     2      0.00      0.00 1518795316  679292   2.09      0.00      0.00      0.00       0  code
15:12:12     1000    577170    0.00    0.00    0.00    0.00    0.00     6     16.00      0.00 1520378324  115516   0.35      0.00      0.00      0.00       0  code
15:12:12     1000    577171    0.00    0.00    0.00    0.00    0.00     6     37.00      0.00 1520352992  124700   0.38      0.00      0.00      0.00       0  code
15:12:12     1000    577172    0.00    0.00    0.00    0.00    0.00    12      3.00      0.00 1520369816  113428   0.35      0.00      0.00      0.00       0  code
15:12:12     1000    577241    1.00    0.00    0.00    0.00    1.00    13      1.00      0.00  673380  182024   0.56      0.00      0.00      0.00       0  codex
15:12:12     1000    577320    0.00    0.00    0.00    0.00    0.00     3     12.00      0.00 1520354644  108556   0.33      0.00      0.00      0.00       0  code
15:12:12     1000    853053    1.00    0.00    0.00    0.00    1.00     0     10.00      0.00 55958476  496256   1.52      0.00      0.00      0.00       0  chrome
15:12:12     1000    853103    4.00    2.00    0.00    0.00    6.00     2     71.00      0.00 56206352  357844   1.10      0.00      0.00      0.00       0  chrome
15:12:12     1000    853105    0.00    0.00    0.00    0.00    0.00     8      1.00      0.00 55067288   93772   0.29      0.00      0.00      0.00       0  chrome
15:12:12     1000    880405    1.00    1.00    0.00    0.00    2.00    15      3.00      0.00 1518919328  502008   1.54      0.00      0.00      0.00       0  chrome
15:12:12     1000    888233    1.00    1.00    0.00    0.00    2.00     4      1.00      0.00 1754264  368608   1.13      0.00      0.00      0.00       0  gnome-system-mo
15:12:12     1000   1068542    0.00    0.00    0.00    0.00    0.00     4      1.00      0.00 1518806468  259968   0.80      0.00      0.00      0.00       0  chrome
15:12:12        0   1074653    0.00    1.00    0.00    0.00    1.00     8      0.00      0.00       0       0   0.00     -1.00     -1.00     -1.00       0  kworker/u64:3-events_unbound
15:12:12     1000   1074666    0.00    0.00    0.00    0.00    0.00    10      4.00      0.00 1520369816  130084   0.40      0.00      0.00      0.00       0  code
15:12:12     1000   1074681    0.00    0.00    0.00    0.00    0.00     4     37.00      0.00 1520363292  294252   0.90      0.00      0.00      0.00       0  code
15:12:12     1000   1075226   45.00    2.00    0.00    0.00   47.00     5   1675.00      0.00 1518709156  334576   1.03      0.00      0.00      0.00       0  code
15:12:12        0   1097682    0.00    1.00    0.00    0.00    1.00    15      0.00      0.00       0       0   0.00     -1.00     -1.00     -1.00       0  kworker/u65:3-i915_flip
15:12:12        0   1108714    0.00    1.00    0.00    0.00    1.00    15      0.00      0.00       0       0   0.00     -1.00     -1.00     -1.00       0  kworker/15:1-i915-unordered
15:12:12     1000   1109016    3.00    1.00    0.00    0.00    4.00     8      0.00      0.00  900152   35996   0.11      0.00      0.00      0.00       0  real_go2_input_
15:12:12     1000   1109017   12.00    0.00    0.00    1.00   12.00     3      0.00      0.00  888092   78576   0.24      0.00      0.00      0.00       0  python3
15:12:12     1000   1109018   39.00    0.00    0.00    0.00   39.00     0      0.00      0.00 1140500  292576   0.90      0.00      0.00      0.00       0  scan_planner_no
15:12:12     1000   1109019    2.00    1.00    0.00    0.00    3.00    14      0.00      0.00  751152   32500   0.10      0.00      0.00      0.00       0  closed_loop_con
15:12:12     1000   1109020    3.00    1.00    0.00    1.00    4.00    11      0.00      0.00  750792   31364   0.10      0.00      0.00      0.00       0  cmd_vel_safety_
15:12:12     1000   1109021   16.00    0.00    0.00    0.00   16.00     2      0.00      0.00  884000   73124   0.22      0.00    120.00      0.00       0  telemetry_recor
15:12:12     1000   1109177    0.00    1.00    0.00    0.00    1.00     6      0.00      0.00   12840    5940   0.02      0.00      8.00      0.00       0  pidstat
15:12:12     1000   1109178    2.00    2.00    0.00    0.00    4.00     7      0.00      0.00 1103840  114768   0.35      0.00      0.00      0.00       0  ros2
15:12:12     1000   1109882   17.00    1.00    0.00    0.00   18.00    14    109.00      0.00 1518922072  493244   1.51      0.00      0.00      0.00       0  chrome

# Time        UID       PID    %usr %system  %guest   %wait    %CPU   CPU  minflt/s  majflt/s     VSZ     RSS   %MEM   kB_rd/s   kB_wr/s kB_ccwr/s iodelay  Command
15:12:13        0       676    0.00    3.00    0.00    0.00    3.00     1      0.00      0.00       0       0   0.00     -1.00     -1.00     -1.00       0  irq/163-rtw89_pci
15:12:13     1000      2324   15.00    2.00    0.00    1.00   17.00    14      5.00      0.00 5557224  381452   1.17      0.00      0.00      0.00       0  gnome-shell
15:12:13     1000      2622    4.00    2.00    0.00    0.00    6.00     8      0.00      0.00 5685392  231952   0.71      0.00      0.00      0.00       0  ToDesk
15:12:13        0      3243    1.00    1.00    0.00    0.00    2.00    13      0.00      0.00 2778564   67840   0.21     -1.00     -1.00     -1.00       0  ToDesk_Service
15:12:13     1000     32140    1.00    1.00    0.00    0.00    2.00    10      0.00      0.00 11729028  750732   2.30      0.00      0.00      0.00       0  com.alibabainc.
15:12:13     1000     45971    0.00    0.00    0.00    0.00    0.00     5      5.00      0.00 50049280  218528   0.67      0.00      0.00      0.00       0  com.alibabainc.
15:12:13     1000    156386    1.00    0.00    0.00    0.00    1.00     4      0.00      0.00 1788224   49216   0.15      0.00      0.00      0.00       0  nxplayer.bin
15:12:13        0    332726    0.00    0.00    0.00    0.00    0.00     1      1.00      0.00  361696  237184   0.73     -1.00     -1.00     -1.00       0  systemd-journal
15:12:13     1000    425666    0.00    0.00    0.00    0.00    0.00     8      1.00      0.00 50028472  261412   0.80      0.00      0.00      0.00       0  com.alibabainc.
15:12:13     1000    577014    1.00    1.00    0.00    0.00    2.00    12      0.00      0.00 1521087724  394944   1.21      0.00      0.00      0.00       0  code
15:12:13     1000    577063    5.00    2.00    0.00    0.00    7.00     0     60.00      0.00 51392512  245064   0.75      0.00      0.00      0.00       0  code
15:12:13     1000    577107    0.00    0.00    0.00    0.00    0.00     2      9.00      0.00 1520761120  591484   1.82      0.00      0.00      0.00       0  code
15:12:13     1000    577132    0.00    0.00    0.00    0.00    0.00    10     26.00      0.00 1520364784  381380   1.17      0.00      0.00      0.00       0  code
15:12:13     1000    577160    1.00    1.00    0.00    0.00    2.00    11      1.00      0.00 1518795316  679292   2.09      0.00      0.00      0.00       0  code
15:12:13     1000    577170    0.00    0.00    0.00    0.00    0.00     6      1.00      0.00 1520378324  115516   0.35      0.00      0.00      0.00       0  code
15:12:13     1000    577320    0.00    1.00    0.00    0.00    1.00     3     13.00      0.00 1520354644  108556   0.33      0.00      0.00      0.00       0  code
15:12:13     1000    853053    1.00    2.00    0.00    0.00    3.00    12     59.00      0.00 55958476  496256   1.52      0.00      0.00      0.00       0  chrome
15:12:13     1000    853103    9.00    2.00    0.00    0.00   11.00    13    105.00      0.00 56209760  357972   1.10      0.00      0.00      0.00       0  chrome
15:12:13     1000    853105    1.00    0.00    0.00    0.00    1.00     8     68.00      0.00 55067288   93900   0.29      0.00     28.00      0.00       0  chrome
15:12:13     1000    880405    2.00    0.00    0.00    0.00    2.00    13      4.00      0.00 1518919328  502008   1.54      0.00      0.00      0.00       0  chrome
15:12:13     1000    881951    1.00    0.00    0.00    0.00    1.00     3      0.00      0.00 55182632   61056   0.19      0.00      0.00      0.00       0  chrome
15:12:13     1000    888233    1.00    0.00    0.00    0.00    1.00    15      0.00      0.00 1754264  368608   1.13      0.00      0.00      0.00       0  gnome-system-mo
15:12:13        0   1068456    0.00    2.00    0.00    0.00    2.00    10      0.00      0.00       0       0   0.00     -1.00     -1.00     -1.00       0  kworker/u64:2-writeback
15:12:13     1000   1074666    0.00    0.00    0.00    0.00    0.00    10      1.00      0.00 1520369816  130084   0.40      0.00      0.00      0.00       0  code
15:12:13     1000   1074681    1.00    0.00    0.00    0.00    1.00     6   1856.00      0.00 1520363292  298204   0.92      0.00      0.00      0.00       0  code
15:12:13     1000   1075226    1.00    0.00    0.00    0.00    1.00     1      9.00      0.00 1518709156  334576   1.03      0.00      0.00      0.00       0  code
15:12:13     1000   1109016    3.00    2.00    0.00    1.00    5.00     7    126.00      0.00  900152   36380   0.11      0.00      0.00      0.00       0  real_go2_input_
15:12:13     1000   1109017   12.00    0.00    0.00    0.00   12.00     0      0.00      0.00  888092   78576   0.24      0.00      0.00      0.00       0  python3
15:12:13     1000   1109018   41.00    0.00    0.00    0.00   41.00     4      0.00      0.00 1140500  292576   0.90      0.00      0.00      0.00       0  scan_planner_no
15:12:13     1000   1109019    3.00    1.00    0.00    1.00    4.00    10      0.00      0.00  751152   32500   0.10      0.00      0.00      0.00       0  closed_loop_con
15:12:13     1000   1109020    3.00    1.00    0.00    0.00    4.00     3      0.00      0.00  750792   31364   0.10      0.00      0.00      0.00       0  cmd_vel_safety_
15:12:13     1000   1109021   15.00    1.00    0.00    0.00   16.00    10      0.00      0.00  884000   73124   0.22      0.00    116.00      0.00       0  telemetry_recor
15:12:13     1000   1109177    1.00    0.00    0.00    0.00    1.00     6      0.00      0.00   12840    5940   0.02      0.00      8.00      0.00       0  pidstat
15:12:13     1000   1109178    1.00    1.00    0.00    0.00    2.00     7      0.00      0.00 1103840  114768   0.35      0.00      0.00      0.00       0  ros2
15:12:13     1000   1109882   27.00    3.00    0.00    0.00   30.00     2   3972.00      0.00 1518922072  501624   1.54      0.00      0.00      0.00       0  chrome

# Time        UID       PID    %usr %system  %guest   %wait    %CPU   CPU  minflt/s  majflt/s     VSZ     RSS   %MEM   kB_rd/s   kB_wr/s kB_ccwr/s iodelay  Command
15:12:14        0        54    0.00    1.00    0.00    0.00    1.00    12      0.00      0.00       0       0   0.00     -1.00     -1.00     -1.00       0  migration/12
15:12:14        0       676    0.00    1.00    0.00    0.00    1.00     1      0.00      0.00       0       0   0.00     -1.00     -1.00     -1.00       0  irq/163-rtw89_pci
15:12:14        0      1370    0.00    1.00    0.00    0.00    1.00    13      0.00      0.00 2606064   21460   0.07     -1.00     -1.00     -1.00       0  containerd
15:12:14     1000      2081    0.00    1.00    0.00    0.00    1.00     0      0.00      0.00  160528   48336   0.15      0.00      0.00      0.00       0  pipewire-pulse
15:12:14     1000      2324   10.00    3.00    0.00    0.00   13.00     6      0.00      0.00 5557160  381452   1.17      0.00      0.00      0.00       0  gnome-shell
15:12:14     1000      2622    5.00    1.00    0.00    0.00    6.00     8      0.00      0.00 5685392  231952   0.71      0.00      0.00      0.00       0  ToDesk
15:12:14        0      3243    0.00    1.00    0.00    0.00    1.00    14      0.00      0.00 2778564   67840   0.21     -1.00     -1.00     -1.00       0  ToDesk_Service
15:12:14     1000     10213    0.00    0.00    0.00    0.00    0.00     0      5.00      0.00 1212301312  153700   0.47      0.00      0.00      0.00       0  github-desktop
15:12:14     1000     10251    0.00    0.00    0.00    0.00    0.00     5      3.00      0.00 34566360  113132   0.35      0.00      0.00      0.00       0  github-desktop
15:12:14     1000     32140    2.00    0.00    0.00    0.00    2.00     3      0.00      0.00 11729028  750732   2.30      0.00      0.00      0.00       0  com.alibabainc.
15:12:14     1000     45971    0.00    0.00    0.00    0.00    0.00     5      4.00      0.00 50049280  218528   0.67      0.00      0.00      0.00       0  com.alibabainc.
15:12:14        0    332726    0.00    0.00    0.00    0.00    0.00     4      2.00      0.00  361696  237184   0.73     -1.00     -1.00     -1.00       0  systemd-journal
15:12:14     1000    425666    0.00    0.00    0.00    0.00    0.00     8      2.00      0.00 50028472  261412   0.80      0.00      0.00      0.00       0  com.alibabainc.
15:12:14     1000    577014    2.00    0.00    0.00    0.00    2.00     8     15.00      0.00 1521087724  394944   1.21      0.00      0.00      0.00       0  code
15:12:14     1000    577063    5.00    2.00    0.00    1.00    7.00     1      1.00      0.00 51392512  245064   0.75      0.00      0.00      0.00       0  code
15:12:14     1000    577160    1.00    0.00    0.00    0.00    1.00    11    122.00      0.00 1518795316  679292   2.09      0.00      0.00      0.00       0  code
15:12:14     1000    853053    1.00    1.00    0.00    0.00    2.00     8    114.00      0.00 55957452  496768   1.52      0.00      0.00      0.00       0  chrome
15:12:14     1000    853103    5.00    2.00    0.00    0.00    7.00     4     34.00      0.00 56200508  357972   1.10      0.00      0.00      0.00       0  chrome
15:12:14     1000    853105    1.00    1.00    0.00    0.00    2.00     8     55.00      0.00 55067288   94028   0.29      0.00     24.00      0.00       0  chrome
15:12:14     1000    880405    1.00    0.00    0.00    0.00    1.00     8      6.00      0.00 1518919328  502008   1.54      0.00      0.00      0.00       0  chrome
15:12:14     1000    881951    1.00    1.00    0.00    0.00    2.00    14      0.00      0.00 55182632   61056   0.19      0.00      0.00      0.00       0  chrome
15:12:14     1000    888233    0.00    1.00    0.00    0.00    1.00    10      0.00      0.00 1754264  368608   1.13      0.00      0.00      0.00       0  gnome-system-mo
15:12:14        0    940783    0.00    1.00    0.00    0.00    1.00    14      0.00      0.00       0       0   0.00     -1.00     -1.00     -1.00       0  kworker/14:1-events
15:12:14        0   1068456    0.00    1.00    0.00    0.00    1.00     5      0.00      0.00       0       0   0.00     -1.00     -1.00     -1.00       0  kworker/u64:2-events_unbound
15:12:14     1000   1068542    0.00    0.00    0.00    0.00    0.00     4      1.00      0.00 1518806468  259968   0.80      0.00      0.00      0.00       0  chrome
15:12:14     1000   1074681    0.00    0.00    0.00    0.00    0.00    14     27.00      0.00 1520363292  298204   0.92      0.00      0.00      0.00       0  code
15:12:14     1000   1075226    2.00    1.00    0.00    0.00    3.00     3     21.00      0.00 1518709156  331560   1.02      0.00      0.00      0.00       0  code
15:12:14     1000   1109016    4.00    1.00    0.00    0.00    5.00     8      0.00      0.00  900152   36380   0.11      0.00      0.00      0.00       0  real_go2_input_
15:12:14     1000   1109017   11.00    1.00    0.00    0.00   12.00    13      0.00      0.00  888092   78576   0.24      0.00      0.00      0.00       0  python3
15:12:14     1000   1109018   37.00    0.00    0.00    1.00   37.00     0      0.00      0.00 1140500  292576   0.90      0.00      0.00      0.00       0  scan_planner_no
15:12:14     1000   1109019    2.00    0.00    0.00    0.00    2.00    15      0.00      0.00  751152   32500   0.10      0.00      0.00      0.00       0  closed_loop_con
15:12:14     1000   1109020    2.00    2.00    0.00    0.00    4.00     4      0.00      0.00  750792   31364   0.10      0.00      0.00      0.00       0  cmd_vel_safety_
15:12:14     1000   1109021   14.00    0.00    0.00    0.00   14.00     7      0.00      0.00  884000   73124   0.22      0.00    112.00      0.00       0  telemetry_recor
15:12:14     1000   1109177    0.00    1.00    0.00    0.00    1.00    14      0.00      0.00   12840    5940   0.02      0.00      4.00      0.00       0  pidstat
15:12:14     1000   1109178    2.00    2.00    0.00    0.00    4.00     7      0.00      0.00 1103840  114768   0.35      0.00      0.00      0.00       0  ros2
15:12:14     1000   1109882   24.00    2.00    0.00    0.00   26.00     0    750.00      0.00 1518922072  502712   1.54      0.00      0.00      0.00       0  chrome

# Time        UID       PID    %usr %system  %guest   %wait    %CPU   CPU  minflt/s  majflt/s     VSZ     RSS   %MEM   kB_rd/s   kB_wr/s kB_ccwr/s iodelay  Command
15:12:15        0        15    0.00    1.00    0.00    0.00    1.00     0      0.00      0.00       0       0   0.00     -1.00     -1.00     -1.00       0  rcu_preempt
15:12:15        0       676    0.00    2.00    0.00    0.00    2.00     1      0.00      0.00       0       0   0.00     -1.00     -1.00     -1.00       0  irq/163-rtw89_pci
15:12:15        0      1094    1.00    0.00    0.00    0.00    1.00    11      0.00      0.00  313728    7808   0.02     -1.00     -1.00     -1.00       0  accounts-daemon
15:12:15        0      1141    1.00    0.00    0.00    0.00    1.00    15      0.00      0.00  625260   21556   0.07     -1.00     -1.00     -1.00       0  NetworkManager
15:12:15     1000      2075    1.00    0.00    0.00    0.00    1.00    10      0.00      0.00  121312   17412   0.05      0.00      0.00      0.00       0  pipewire
15:12:15     1000      2081    1.00    0.00    0.00    0.00    1.00     0      0.00      0.00  160528   48336   0.15      0.00      0.00      0.00       0  pipewire-pulse
15:12:15     1000      2324   14.00    3.00    0.00    0.00   17.00    14     45.00      0.00 5557092  381580   1.17      0.00      0.00      0.00       0  gnome-shell
15:12:15     1000      2538    1.00    0.00    0.00    0.00    1.00     1      0.00      0.00  543976   11928   0.04      0.00      0.00      0.00       0  gsd-sharing
15:12:15     1000      2622    5.00    2.00    0.00    0.00    7.00     8      0.00      0.00 5685392  231952   0.71      0.00      0.00      0.00       0  ToDesk
15:12:15        0      3243    1.00    2.00    0.00    0.00    3.00     4      0.00      0.00 2778564   67840   0.21     -1.00     -1.00     -1.00       0  ToDesk_Service
15:12:15     1000     10213    0.00    0.00    0.00    0.00    0.00     0      3.00      0.00 1212301312  153700   0.47      0.00      0.00      0.00       0  github-desktop
15:12:15     1000     32140    1.00    1.00    0.00    0.00    2.00    14      0.00      0.00 11729028  750732   2.30      0.00      0.00      0.00       0  com.alibabainc.
15:12:15     1000     45971    0.00    0.00    0.00    0.00    0.00     5      3.00      0.00 50049280  218528   0.67      0.00      0.00      0.00       0  com.alibabainc.
15:12:15        0    332726    0.00    0.00    0.00    0.00    0.00    15      1.00      0.00  361696  237184   0.73     -1.00     -1.00     -1.00       0  systemd-journal
15:12:15     1000    426077    1.00    0.00    0.00    0.00    1.00    12      0.00      0.00 50132492  528136   1.62      0.00      0.00      0.00       0  com.alibabainc.
15:12:15     1000    577014    1.00    1.00    0.00    1.00    2.00    12      2.00      0.00 1521087724  394944   1.21      0.00      0.00      0.00       0  code
15:12:15     1000    577063    5.00    1.00    0.00    0.00    6.00    13      3.00      0.00 51392384  245064   0.75      0.00      0.00      0.00       0  code
15:12:15     1000    577067    0.00    0.00    0.00    0.00    0.00     6      2.00      0.00 50711564   88336   0.27      0.00      0.00      0.00       0  code
15:12:15     1000    577132    0.00    0.00    0.00    0.00    0.00    15      3.00      0.00 1520364784  381380   1.17      0.00      0.00      0.00       0  code
15:12:15     1000    577160    2.00    1.00    0.00    0.00    3.00     4      1.00      0.00 1518795316  679292   2.09      0.00      0.00      0.00       0  code
15:12:15     1000    577170    0.00    1.00    0.00    0.00    1.00     6      0.00      0.00 1520378324  115516   0.35      0.00      0.00      0.00       0  code
15:12:15     1000    577171    0.00    0.00    0.00    0.00    0.00     6      2.00      0.00 1520352992  124700   0.38      0.00      0.00      0.00       0  code
15:12:15     1000    577172    0.00    0.00    0.00    0.00    0.00    12      3.00      0.00 1520369816  113428   0.35      0.00      0.00      0.00       0  code
15:12:15     1000    799234    1.00    0.00    0.00    0.00    1.00     8      0.00      0.00 2026456  190724   0.59      0.00      0.00      0.00       0  gnome-control-c
15:12:15     1000    853053    1.00    0.00    0.00    0.00    1.00     0      2.00      0.00 55957452  496768   1.52      0.00      0.00      0.00       0  chrome
15:12:15     1000    853103    6.00    2.00    0.00    0.00    8.00    10     67.00      0.00 56200296  357972   1.10      0.00      0.00      0.00       0  chrome
15:12:15     1000    853105    0.00    0.00    0.00    0.00    0.00     8    103.00      0.00 55067288   94032   0.29    132.00    420.00      0.00       0  chrome
15:12:15     1000    853115    0.00    0.00    0.00    0.00    0.00     2      5.00      0.00 55302144   57580   0.18      0.00      0.00      0.00       0  chrome
15:12:15     1000    880405    2.00    1.00    0.00    0.00    3.00    12      9.00      0.00 1518919328  502136   1.54      0.00      0.00      0.00       0  chrome
15:12:15     1000    881951    1.00    0.00    0.00    0.00    1.00     8      0.00      0.00 55182632   61056   0.19      0.00      0.00      0.00       0  chrome
15:12:15     1000    888233    1.00    1.00    0.00    0.00    2.00     6      2.00      0.00 1754328  368608   1.13      0.00      0.00      0.00       0  gnome-system-mo
15:12:15     1000   1068542    0.00    0.00    0.00    0.00    0.00     4      1.00      0.00 1518806468  259968   0.80      0.00      0.00      0.00       0  chrome
15:12:15        0   1074653    0.00    1.00    0.00    0.00    1.00    12      0.00      0.00       0       0   0.00     -1.00     -1.00     -1.00       0  kworker/u64:3-i915
15:12:15     1000   1074666    1.00    0.00    0.00    0.00    1.00    10      3.00      0.00 1520369816  130084   0.40      0.00      0.00      0.00       0  code
15:12:15     1000   1074681    0.00    0.00    0.00    0.00    0.00    12     19.00      0.00 1520363292  298204   0.92      0.00      0.00      0.00       0  code
15:12:15     1000   1075226    2.00    0.00    0.00    0.00    2.00     0      4.00      0.00 1518709156  331560   1.02      0.00      0.00      0.00       0  code
15:12:15     1000   1109016    3.00    1.00    0.00    0.00    4.00     6      0.00      0.00  900152   36380   0.11      0.00      0.00      0.00       0  real_go2_input_
15:12:15     1000   1109017   12.00    0.00    0.00    0.00   12.00     9      0.00      0.00  888092   78576   0.24      0.00      0.00      0.00       0  python3
15:12:15     1000   1109018   41.00    1.00    0.00    0.00   42.00     2      0.00      0.00 1140500  292576   0.90      0.00      0.00      0.00       0  scan_planner_no
15:12:15     1000   1109019    2.00    1.00    0.00    0.00    3.00     2      0.00      0.00  751152   32500   0.10      0.00      0.00      0.00       0  closed_loop_con
15:12:15     1000   1109020    3.00    1.00    0.00    0.00    4.00     6      0.00      0.00  750792   31364   0.10      0.00      0.00      0.00       0  cmd_vel_safety_
15:12:15     1000   1109021   15.00    0.00    0.00    0.00   15.00    15      0.00      0.00  884000   73124   0.22      0.00    112.00      0.00       0  telemetry_recor
15:12:15     1000   1109177    0.00    1.00    0.00    0.00    1.00     0      0.00      0.00   12840    5940   0.02      0.00      8.00      0.00       0  pidstat
15:12:15     1000   1109178    3.00    1.00    0.00    0.00    4.00     0      0.00      0.00 1103840  114768   0.35      0.00      0.00      0.00       0  ros2
15:12:15     1000   1109882   19.00    2.00    0.00    0.00   21.00     1   1374.00      0.00 1518922072  506212   1.55      0.00      4.00      0.00       0  chrome

# Time        UID       PID    %usr %system  %guest   %wait    %CPU   CPU  minflt/s  majflt/s     VSZ     RSS   %MEM   kB_rd/s   kB_wr/s kB_ccwr/s iodelay  Command
15:12:16        0       676    0.00    1.00    0.00    0.00    1.00     1      0.00      0.00       0       0   0.00     -1.00     -1.00     -1.00       0  irq/163-rtw89_pci
15:12:16     1000      2324   10.00    2.00    0.00    0.00   12.00     2      0.00      0.00 5557092  381580   1.17      0.00      0.00      0.00       0  gnome-shell
15:12:16     1000      2622    5.00    2.00    0.00    0.00    7.00    10      0.00      0.00 5685392  231952   0.71      0.00      0.00      0.00       0  ToDesk
15:12:16        0      3243    0.00    2.00    0.00    0.00    2.00     4      1.00      0.00 2778564   67840   0.21     -1.00     -1.00     -1.00       0  ToDesk_Service
15:12:16     1000     10268    0.00    0.00    0.00    0.00    0.00     6      3.00      0.00 33882424   63200   0.19      0.00      0.00      0.00       0  github-desktop
15:12:16     1000     32140    1.00    0.00    0.00    0.00    1.00    12      0.00      0.00 11729028  750732   2.30      0.00      0.00      0.00       0  com.alibabainc.
15:12:16     1000     45971    0.00    0.00    0.00    0.00    0.00     5      7.00      0.00 50049280  218528   0.67      0.00      0.00      0.00       0  com.alibabainc.
15:12:16        0    332726    0.00    0.00    0.00    0.00    0.00    15      1.00      0.00  361696  237184   0.73     -1.00     -1.00     -1.00       0  systemd-journal
15:12:16     1000    425666    0.00    0.00    0.00    0.00    0.00     0      2.00      0.00 50028472  261412   0.80      0.00      0.00      0.00       0  com.alibabainc.
15:12:16     1000    516139    0.00    1.00    0.00    0.00    1.00    10      0.00      0.00 5453760   37080   0.11      0.00      0.00      0.00       0  clash
15:12:16     1000    577014    1.00    1.00    0.00    0.00    2.00     0      1.00      0.00 1521087724  394944   1.21      0.00      0.00      0.00       0  code
15:12:16     1000    577063    6.00    1.00    0.00    0.00    7.00     2      3.00      0.00 51392512  245064   0.75      0.00      0.00      0.00       0  code
15:12:16     1000    577107    0.00    0.00    0.00    0.00    0.00     8    348.00      0.00 1520761120  592296   1.82      0.00      0.00      0.00       0  code
15:12:16     1000    577132    0.00    0.00    0.00    0.00    0.00    14    260.00      0.00 1520364784  382276   1.17      0.00      0.00      0.00       0  code
15:12:16     1000    577160    1.00    0.00    0.00    0.00    1.00    10      0.00      0.00 1518795316  679292   2.09      0.00      0.00      0.00       0  code
15:12:16     1000    577170    0.00    0.00    0.00    0.00    0.00     6      6.00      0.00 1520378324  115516   0.35      0.00      0.00      0.00       0  code
15:12:16     1000    577171    0.00    0.00    0.00    0.00    0.00     6     37.00      0.00 1520352992  124700   0.38      0.00      0.00      0.00       0  code
15:12:16     1000    577172    1.00    0.00    0.00    0.00    1.00    14      2.00      0.00 1520369816  113428   0.35      0.00      0.00      0.00       0  code
15:12:16     1000    577320    0.00    0.00    0.00    0.00    0.00     3     12.00      0.00 1520354644  108556   0.33      0.00      0.00      0.00       0  code
15:12:16     1000    853053    1.00    1.00    0.00    0.00    2.00     6     54.00      0.00 55957452  496040   1.52      0.00     12.00      0.00       0  chrome
15:12:16     1000    853103    4.00    3.00    0.00    0.00    7.00     5     75.00      0.00 56202344  357708   1.10      0.00      0.00      0.00       0  chrome
15:12:16     1000    853105    0.00    1.00    0.00    0.00    1.00     8     79.00      0.00 55067288   93868   0.29      0.00     48.00      0.00       0  chrome
15:12:16     1000    880405    1.00    0.00    0.00    0.00    1.00    12      6.00      0.00 1518919328  502136   1.54      0.00      0.00      0.00       0  chrome
15:12:16     1000    881251    0.00    0.00    0.00    0.00    0.00    14      1.00      0.00 72661500  496340   1.52      0.00      0.00      0.00       0  com.alibabainc.
15:12:16     1000    885261    0.00    0.00    0.00    0.00    0.00     9      2.00      0.00 1518767568  315408   0.97      0.00      0.00      0.00       0  code
15:12:16     1000   1068542    0.00    0.00    0.00    0.00    0.00    12      1.00      0.00 1518806468  259968   0.80      0.00      0.00      0.00       0  chrome
15:12:16        0   1074653    0.00    1.00    0.00    0.00    1.00    12      0.00      0.00       0       0   0.00     -1.00     -1.00     -1.00       0  kworker/u64:3-i915
15:12:16     1000   1074666    0.00    0.00    0.00    0.00    0.00    12      3.00      0.00 1520369816  130084   0.40      0.00      0.00      0.00       0  code
15:12:16     1000   1074681    1.00    0.00    0.00    0.00    1.00    14     68.00      0.00 1520363292  297928   0.91      0.00      0.00      0.00       0  code
15:12:16     1000   1074725    0.00    0.00    0.00    0.00    0.00    13      2.00      0.00  744884  183264   0.56      0.00      0.00      0.00       0  codex
15:12:16     1000   1075226    1.00    0.00    0.00    0.00    1.00    13     19.00      0.00 1518709156  331416   1.02      0.00      0.00      0.00       0  code
15:12:16        0   1097682    0.00    1.00    0.00    0.00    1.00    15      0.00      0.00       0       0   0.00     -1.00     -1.00     -1.00       0  kworker/u65:3-i915_flip
15:12:16     1000   1109016    4.00    0.00    0.00    0.00    4.00     1      0.00      0.00  900152   36380   0.11      0.00      0.00      0.00       0  real_go2_input_
15:12:16     1000   1109017   10.00    0.00    0.00    0.00   10.00     6      1.00      0.00  888092   78576   0.24      0.00      0.00      0.00       0  python3
15:12:16     1000   1109018   41.00    0.00    0.00    0.00   41.00     4      0.00      0.00 1140500  292576   0.90      0.00      0.00      0.00       0  scan_planner_no
15:12:16     1000   1109019    3.00    0.00    0.00    0.00    3.00     7      1.00      0.00  751152   32680   0.10      0.00      0.00      0.00       0  closed_loop_con
15:12:16     1000   1109020    3.00    0.00    0.00    0.00    3.00    13      1.00      0.00  750792   31364   0.10      0.00      0.00      0.00       0  cmd_vel_safety_
15:12:16     1000   1109021   15.00    0.00    0.00    0.00   15.00     2      1.00      0.00  884000   73308   0.23      0.00    120.00      0.00       0  telemetry_recor
15:12:16     1000   1109177    1.00    0.00    0.00    0.00    1.00     0      0.00      0.00   12840    5940   0.02      0.00      8.00      0.00       0  pidstat
15:12:16     1000   1109178    2.00    1.00    0.00    0.00    3.00     0      0.00      0.00 1103840  114768   0.35      0.00      0.00      0.00       0  ros2
15:12:16     1000   1109882   17.00    2.00    0.00    0.00   19.00     1    213.00      0.00 1518922072  506852   1.56      0.00      0.00      0.00       0  chrome

# Time        UID       PID    %usr %system  %guest   %wait    %CPU   CPU  minflt/s  majflt/s     VSZ     RSS   %MEM   kB_rd/s   kB_wr/s kB_ccwr/s iodelay  Command
15:12:17     1000      2075    0.00    1.00    0.00    0.00    1.00    10      0.00      0.00  121312   17412   0.05      0.00      0.00      0.00       0  pipewire
15:12:17     1000      2081    0.00    1.00    0.00    0.00    1.00     2      0.00      0.00  160528   48336   0.15      0.00      0.00      0.00       0  pipewire-pulse
15:12:17     1000      2324   12.00    4.00    0.00    0.00   16.00     7      1.00      0.00 5557156  381580   1.17      0.00      0.00      0.00       0  gnome-shell
15:12:17     1000      2622    6.00    1.00    0.00    0.00    7.00    10      0.00      0.00 5685392  231952   0.71      0.00      0.00      0.00       0  ToDesk
15:12:17      123      3242    1.00    0.00    0.00    0.00    1.00    12      0.00      0.00 2382180   76072   0.23     -1.00     -1.00     -1.00       0  nxserver.bin
15:12:17        0      3243    0.00    2.00    0.00    0.00    2.00     6      0.00      0.00 2778564   67840   0.21     -1.00     -1.00     -1.00       0  ToDesk_Service
15:12:17     1000     32140    1.00    1.00    0.00    0.00    2.00     2      0.00      0.00 11729028  750732   2.30      0.00      0.00      0.00       0  com.alibabainc.
15:12:17     1000     45971    1.00    0.00    0.00    0.00    1.00     5      4.00      0.00 50049280  218528   0.67      0.00      0.00      0.00       0  com.alibabainc.
15:12:17        0    332726    0.00    0.00    0.00    0.00    0.00     3      2.00      0.00  361696  237184   0.73     -1.00     -1.00     -1.00       0  systemd-journal
15:12:17     1000    577014    2.00    1.00    0.00    0.00    3.00    10      6.00      0.00 1521087724  394944   1.21      0.00      0.00      0.00       0  code
15:12:17     1000    577063    5.00    2.00    0.00    0.00    7.00     0     44.00      0.00 51392512  245064   0.75      0.00      0.00      0.00       0  code
15:12:17     1000    577132    0.00    0.00    0.00    0.00    0.00    14     22.00      0.00 1520364784  381788   1.17      0.00      0.00      0.00       0  code
15:12:17     1000    577160    1.00    0.00    0.00    0.00    1.00    15      1.00      0.00 1518795316  679292   2.09      0.00      0.00      0.00       0  code
15:12:17     1000    577170    0.00    0.00    0.00    0.00    0.00     4      9.00      0.00 1520378324  115516   0.35      0.00      0.00      0.00       0  code
15:12:17     1000    577241    0.00    0.00    0.00    0.00    0.00    13      1.00      0.00  673380  182024   0.56      0.00      0.00      0.00       0  codex
15:12:17     1000    853053    2.00    0.00    0.00    0.00    2.00    10     10.00      0.00 55957452  496040   1.52      0.00      0.00      0.00       0  chrome
15:12:17     1000    853103    6.00    2.00    0.00    0.00    8.00    10     72.00      0.00 56198240  357836   1.10      0.00      0.00      0.00       0  chrome
15:12:17     1000    853105    0.00    0.00    0.00    0.00    0.00     8     17.00      0.00 55067288   93868   0.29      0.00      8.00      0.00       0  chrome
15:12:17     1000    880405    2.00    0.00    0.00    0.00    2.00    13      4.00      0.00 1518919328  502136   1.54      0.00      0.00      0.00       0  chrome
15:12:17     1000    881251    1.00    0.00    0.00    0.00    1.00    14      0.00      0.00 72661500  496340   1.52      0.00      0.00      0.00       0  com.alibabainc.
15:12:17     1000    881919    0.00    0.00    0.00    0.00    0.00     0      3.00      0.00 1518709684  110560   0.34      0.00      0.00      0.00       0  chrome
15:12:17     1000    881951    0.00    1.00    0.00    0.00    1.00    15      0.00      0.00 55182632   61056   0.19      0.00      0.00      0.00       0  chrome
15:12:17     1000    885261    0.00    0.00    0.00    0.00    0.00     9      0.00      0.00 1518767568  315256   0.97      0.00      0.00      0.00       0  code
15:12:17        0   1074653    0.00    2.00    0.00    0.00    2.00     0      0.00      0.00       0       0   0.00     -1.00     -1.00     -1.00       0  kworker/u64:3-i915
15:12:17     1000   1074681    0.00    1.00    0.00    0.00    1.00     4      2.00      0.00 1520363292  297928   0.91      0.00      0.00      0.00       0  code
15:12:17     1000   1074725    1.00    0.00    0.00    0.00    1.00    13     18.00      0.00  744884  183264   0.56      0.00    104.00      0.00       0  codex
15:12:17     1000   1075226    1.00    1.00    0.00    0.00    2.00    13      9.00      0.00 1518709156  331416   1.02      0.00      0.00      0.00       0  code
15:12:17     1000   1109016    3.00    1.00    0.00    0.00    4.00    15      0.00      0.00  900152   36380   0.11      0.00      0.00      0.00       0  real_go2_input_
15:12:17     1000   1109017   12.00    0.00    0.00    0.00   12.00     0      0.00      0.00  888092   78576   0.24      0.00      0.00      0.00       0  python3
15:12:17     1000   1109018   39.00    0.00    0.00    0.00   39.00     4      0.00      0.00 1140500  292576   0.90      0.00      0.00      0.00       0  scan_planner_no
15:12:17     1000   1109019    3.00    0.00    0.00    0.00    3.00     2      0.00      0.00  751152   32680   0.10      0.00      0.00      0.00       0  closed_loop_con
15:12:17     1000   1109020    3.00    1.00    0.00    0.00    4.00     3      0.00      0.00  750792   31364   0.10      0.00      0.00      0.00       0  cmd_vel_safety_
15:12:17     1000   1109021   14.00    1.00    0.00    0.00   15.00     6      0.00      0.00  884000   73308   0.23      0.00    112.00      0.00       0  telemetry_recor
15:12:17     1000   1109177    0.00    1.00    0.00    0.00    1.00    10      0.00      0.00   12840    5940   0.02      0.00      4.00      0.00       0  pidstat
15:12:17     1000   1109178    2.00    1.00    0.00    0.00    3.00     7      0.00      0.00 1103840  114768   0.35      0.00      0.00      0.00       0  ros2
15:12:17     1000   1109882   19.00    2.00    0.00    0.00   21.00     2    521.00      0.00 1518922072  508516   1.56      0.00      4.00      0.00       0  chrome

# Time        UID       PID    %usr %system  %guest   %wait    %CPU   CPU  minflt/s  majflt/s     VSZ     RSS   %MEM   kB_rd/s   kB_wr/s kB_ccwr/s iodelay  Command
15:12:18     1000      2324   11.00    3.00    0.00    0.00   14.00     0      1.00      0.00 5557668  381580   1.17      0.00      0.00      0.00       0  gnome-shell
15:12:18     1000      2622    5.00    2.00    0.00    0.00    7.00     6      0.00      0.00 5685392  231952   0.71      0.00      0.00      0.00       0  ToDesk
15:12:18        0      3243    1.00    1.00    0.00    0.00    2.00     4      0.00      0.00 2778564   67840   0.21     -1.00     -1.00     -1.00       0  ToDesk_Service
15:12:18     1000     10213    0.00    0.00    0.00    0.00    0.00     0      4.00      0.00 1212301312  153700   0.47      0.00      0.00      0.00       0  github-desktop
15:12:18     1000     10251    0.00    0.00    0.00    0.00    0.00     5      3.00      0.00 34566360  113132   0.35      0.00      0.00      0.00       0  github-desktop
15:12:18     1000     32140    1.00    1.00    0.00    0.00    2.00    12      0.00      0.00 11729028  750732   2.30      0.00      0.00      0.00       0  com.alibabainc.
15:12:18     1000     45971    0.00    0.00    0.00    0.00    0.00    14      4.00      0.00 50049280  218528   0.67      0.00      0.00      0.00       0  com.alibabainc.
15:12:18        0    332726    0.00    0.00    0.00    0.00    0.00    13      1.00      0.00  361696  237184   0.73     -1.00     -1.00     -1.00       0  systemd-journal
15:12:18     1000    425666    0.00    0.00    0.00    0.00    0.00     0      1.00      0.00 50028472  261412   0.80      0.00      0.00      0.00       0  com.alibabainc.
15:12:18     1000    577014    1.00    1.00    0.00    0.00    2.00     9     15.00      0.00 1521087724  394944   1.21      0.00      0.00      0.00       0  code
15:12:18     1000    577063    6.00    1.00    0.00    0.00    7.00     4      4.00      0.00 51392512  245064   0.75      0.00      0.00      0.00       0  code
15:12:18     1000    577067    0.00    0.00    0.00    0.00    0.00     6      3.00      0.00 50711564   88336   0.27      0.00      0.00      0.00       0  code
15:12:18     1000    577107    0.00    0.00    0.00    0.00    0.00    11     11.00      0.00 1520761120  592424   1.82      0.00      0.00      0.00       0  code
15:12:18     1000    577160    2.00    0.00    0.00    0.00    2.00    12    122.00      0.00 1518795316  679292   2.09      0.00      0.00      0.00       0  code
15:12:18     1000    577170    0.00    0.00    0.00    0.00    0.00     6      1.00      0.00 1520378324  115516   0.35      0.00      0.00      0.00       0  code
15:12:18     1000    577320    0.00    0.00    0.00    0.00    0.00     3     13.00      0.00 1520354644  108556   0.33      0.00      0.00      0.00       0  code
15:12:18     1000    853053    2.00    1.00    0.00    0.00    3.00     6    197.00      0.00 55957452  496808   1.52      0.00   1016.00      0.00       0  chrome
15:12:18     1000    853103    7.00    1.00    0.00    1.00    8.00    14     69.00      0.00 56195376  354796   1.09      0.00      0.00      0.00       0  chrome
15:12:18     1000    853105    1.00    1.00    0.00    0.00    2.00     8     53.00      0.00 55067288   94124   0.29      8.00     16.00      0.00       0  chrome
15:12:18     1000    880405    1.00    1.00    0.00    0.00    2.00     4      4.00      0.00 1518919328  502136   1.54      0.00      0.00      0.00       0  chrome
15:12:18     1000    881951    1.00    0.00    0.00    0.00    1.00     9      0.00      0.00 55182632   61056   0.19      0.00      0.00      0.00       0  chrome
15:12:18     1000    888233    3.00    1.00    0.00    0.00    4.00     4      1.00      0.00 1754264  368608   1.13      0.00      0.00      0.00       0  gnome-system-mo
15:12:18     1000   1068542    0.00    0.00    0.00    0.00    0.00     1      1.00      0.00 1518806468  259968   0.80      0.00      0.00      0.00       0  chrome
15:12:18        0   1074653    0.00    1.00    0.00    0.00    1.00    14      0.00      0.00       0       0   0.00     -1.00     -1.00     -1.00       0  kworker/u64:3-i915
15:12:18     1000   1074725    0.00    0.00    0.00    0.00    0.00    13      2.00      0.00  646436  183264   0.56      0.00      0.00      0.00       0  codex
15:12:18     1000   1075226    2.00    0.00    0.00    0.00    2.00    12    104.00      0.00 1518709156  330728   1.02      0.00      0.00      0.00       0  code
15:12:18     1000   1109016    4.00    1.00    0.00    0.00    5.00     2      0.00      0.00  900152   36380   0.11      0.00      0.00      0.00       0  real_go2_input_
15:12:18     1000   1109017   12.00    0.00    0.00    0.00   12.00     0      0.00      0.00  888092   78576   0.24      0.00      0.00      0.00       0  python3
15:12:18     1000   1109018   41.00    0.00    0.00    0.00   41.00     5      0.00      0.00 1140500  292576   0.90      0.00      0.00      0.00       0  scan_planner_no
15:12:18     1000   1109019    2.00    1.00    0.00    0.00    3.00    13      0.00      0.00  751152   32680   0.10      0.00      0.00      0.00       0  closed_loop_con
15:12:18     1000   1109020    3.00    1.00    0.00    0.00    4.00     7      0.00      0.00  750792   31364   0.10      0.00      0.00      0.00       0  cmd_vel_safety_
15:12:18     1000   1109021   17.00    0.00    0.00    0.00   17.00    12      0.00      0.00  884000   73308   0.23      0.00    112.00      0.00       0  telemetry_recor
15:12:18     1000   1109177    0.00    1.00    0.00    0.00    1.00     8      0.00      0.00   12840    5940   0.02      0.00      8.00      0.00       0  pidstat
15:12:18     1000   1109178    2.00    1.00    0.00    0.00    3.00     7      0.00      0.00 1103840  114768   0.35      0.00      0.00      0.00       0  ros2
15:12:18     1000   1109882   36.00    3.00    0.00    1.00   39.00     2   1720.00      0.00 1518919032  507676   1.56      0.00      0.00      0.00       0  chrome

# Time        UID       PID    %usr %system  %guest   %wait    %CPU   CPU  minflt/s  majflt/s     VSZ     RSS   %MEM   kB_rd/s   kB_wr/s kB_ccwr/s iodelay  Command
15:12:19        0        15    0.00    1.00    0.00    0.00    1.00     9      0.00      0.00       0       0   0.00     -1.00     -1.00     -1.00       0  rcu_preempt
15:12:19        0       676    0.00    1.00    0.00    0.00    1.00     1      0.00      0.00       0       0   0.00     -1.00     -1.00     -1.00       0  irq/163-rtw89_pci
15:12:19     1000      2081    1.00    0.00    0.00    0.00    1.00     0      0.00      0.00  160528   48336   0.15      0.00      0.00      0.00       0  pipewire-pulse
15:12:19     1000      2324   14.00    3.00    0.00    1.00   17.00     0      5.00      0.00 5557160  381580   1.17      0.00      0.00      0.00       0  gnome-shell
15:12:19     1000      2622    5.00    2.00    0.00    0.00    7.00     6      0.00      0.00 5685392  231952   0.71      0.00      0.00      0.00       0  ToDesk
15:12:19        0      3243    1.00    2.00    0.00    0.00    3.00     4      0.00      0.00 2778564   67840   0.21     -1.00     -1.00     -1.00       0  ToDesk_Service
15:12:19     1000     32140    1.00    0.00    0.00    0.00    1.00     0      0.00      0.00 11729028  750732   2.30      0.00      0.00      0.00       0  com.alibabainc.
15:12:19     1000     32292    0.00    0.00    0.00    0.00    0.00     2      0.00      0.00 1475112   79308   0.24      0.00      0.00      0.00       0  com.alibabainc.
15:12:19     1000     45971    0.00    0.00    0.00    0.00    0.00    15      4.00      0.00 50049280  218528   0.67      0.00      0.00      0.00       0  com.alibabainc.
15:12:19        0    332726    0.00    0.00    0.00    0.00    0.00     2      2.00      0.00  361696  237184   0.73     -1.00     -1.00     -1.00       0  systemd-journal
15:12:19     1000    425666    1.00    0.00    0.00    0.00    1.00    12      1.00      0.00 50028472  261412   0.80      0.00      0.00      0.00       0  com.alibabainc.
15:12:19     1000    577014    1.00    1.00    0.00    0.00    2.00     2      1.00      0.00 1521087724  394944   1.21      0.00      0.00      0.00       0  code
15:12:19     1000    577063    5.00    2.00    0.00    0.00    7.00     8      0.00      0.00 51392512  245064   0.75      0.00      0.00      0.00       0  code
15:12:19     1000    577067    0.00    0.00    0.00    0.00    0.00     6      1.00      0.00 50711564   88336   0.27      0.00      0.00      0.00       0  code
15:12:19     1000    577160    1.00    1.00    0.00    4.00    2.00     2      1.00      0.00 1518795316  679292   2.09      0.00      0.00      0.00       0  code
15:12:19     1000    577241    0.00    0.00    0.00    0.00    0.00    13      1.00      0.00  673380  182024   0.56      0.00      0.00      0.00       0  codex
15:12:19     1000    853053    2.00    1.00    0.00    0.00    3.00    10     14.00      0.00 55957452  496808   1.52      0.00    160.00      0.00       0  chrome
15:12:19     1000    853103    6.00    2.00    0.00    0.00    8.00     6     31.00      0.00 56187248  354796   1.09      0.00      0.00      0.00       0  chrome
15:12:19     1000    853115    0.00    0.00    0.00    0.00    0.00     2      3.00      0.00 55302144   57580   0.18      0.00      0.00      0.00       0  chrome
15:12:19     1000    880405    1.00    0.00    0.00    0.00    1.00     0      3.00      0.00 1518919328  502136   1.54      0.00      0.00      0.00       0  chrome
15:12:19     1000    881919    0.00    0.00    0.00    0.00    0.00    10      2.00      0.00 1518709684  110688   0.34      0.00      0.00      0.00       0  chrome
15:12:19     1000   1068542    0.00    0.00    0.00    0.00    0.00     1      5.00      0.00 1518806468  259968   0.80      0.00      0.00      0.00       0  chrome
15:12:19        0   1074653    0.00    1.00    0.00    0.00    1.00     7      0.00      0.00       0       0   0.00     -1.00     -1.00     -1.00       0  kworker/u64:3-i915
15:12:19     1000   1074681    0.00    0.00    0.00    0.00    0.00     4      1.00      0.00 1520363292  297928   0.91      0.00      0.00      0.00       0  code
15:12:19     1000   1075226    1.00    1.00    0.00    0.00    2.00     7      6.00      0.00 1518709156  330728   1.02      0.00      0.00      0.00       0  code
15:12:19     1000   1095170    0.00    1.00    0.00    0.00    1.00     5      0.00      0.00  883436   72492   0.22      0.00      0.00      0.00       0  python3
15:12:19        0   1106397    0.00    1.00    0.00    0.00    1.00    12      0.00      0.00       0       0   0.00     -1.00     -1.00     -1.00       0  kworker/u65:2-hci0
15:12:19     1000   1109016    4.00    1.00    0.00    0.00    5.00     1      0.00      0.00  900152   36380   0.11      0.00      0.00      0.00       0  real_go2_input_
15:12:19     1000   1109017   11.00    0.00    0.00    0.00   11.00     2      0.00      0.00  888092   78576   0.24      0.00      0.00      0.00       0  python3
15:12:19     1000   1109018   41.00    0.00    0.00    0.00   41.00    11      0.00      0.00 1140500  292576   0.90      0.00      0.00      0.00       0  scan_planner_no
15:12:19     1000   1109019    2.00    1.00    0.00    1.00    3.00    14      0.00      0.00  751152   32680   0.10      0.00      0.00      0.00       0  closed_loop_con
15:12:19     1000   1109020    2.00    1.00    0.00    0.00    3.00     4      0.00      0.00  750792   31364   0.10      0.00      0.00      0.00       0  cmd_vel_safety_
15:12:19     1000   1109021   15.00    1.00    0.00    0.00   16.00     2      0.00      0.00  884000   73308   0.23      0.00    116.00      0.00       0  telemetry_recor
15:12:19     1000   1109177    0.00    0.00    0.00    0.00    0.00     8      0.00      0.00   12840    5940   0.02      0.00      4.00      0.00       0  pidstat
15:12:19     1000   1109178    3.00    1.00    0.00    0.00    4.00     7    255.00      0.00 1103840  115792   0.36      0.00      0.00      0.00       0  ros2
15:12:19     1000   1109882   25.00    2.00    0.00    0.00   27.00    14    605.00      0.00 1518919032  506584   1.56      0.00      0.00      0.00       0  chrome

# Time        UID       PID    %usr %system  %guest   %wait    %CPU   CPU  minflt/s  majflt/s     VSZ     RSS   %MEM   kB_rd/s   kB_wr/s kB_ccwr/s iodelay  Command
15:12:20        0      1071    0.00    1.00    0.00    0.00    1.00     2      0.00      0.00   15268    7648   0.02     -1.00     -1.00     -1.00       0  bluetoothd
15:12:20     1000      2075    1.00    0.00    0.00    0.00    1.00    10      0.00      0.00  121312   17412   0.05      0.00      0.00      0.00       0  pipewire
15:12:20     1000      2324   18.00    3.00    0.00    0.00   21.00     7     10.00      0.00 5557160  381580   1.17      0.00      0.00      0.00       0  gnome-shell
15:12:20     1000      2622    5.00    2.00    0.00    0.00    7.00     2      0.00      0.00 5685392  231952   0.71      0.00      0.00      0.00       0  ToDesk
15:12:20        0      3243    1.00    1.00    0.00    0.00    2.00     6      0.00      0.00 2778564   67840   0.21     -1.00     -1.00     -1.00       0  ToDesk_Service
15:12:20     1000      4056    0.00    0.00    0.00    0.00    0.00    14      1.00      0.00  896292  154828   0.48      0.00      0.00      0.00       0  x-terminal-emul
15:12:20     1000     10268    0.00    0.00    0.00    0.00    0.00     6      3.00      0.00 33882424   63200   0.19      0.00      0.00      0.00       0  github-desktop
15:12:20     1000     32140    1.00    1.00    0.00    0.00    2.00    13      0.00      0.00 11729028  750732   2.30      0.00      8.00      0.00       0  com.alibabainc.
15:12:20     1000     45971    0.00    0.00    0.00    0.00    0.00    13      4.00      0.00 50049280  218528   0.67      0.00      0.00      0.00       0  com.alibabainc.
15:12:20     1000    156386    1.00    0.00    0.00    0.00    1.00     6      0.00      0.00 1788224   49216   0.15      0.00      0.00      0.00       0  nxplayer.bin
15:12:20        0    332726    0.00    0.00    0.00    0.00    0.00    14      1.00      0.00  361696  237184   0.73     -1.00     -1.00     -1.00       0  systemd-journal
15:12:20     1000    425666    0.00    0.00    0.00    0.00    0.00     5      1.00      0.00 50028472  261412   0.80      0.00      0.00      0.00       0  com.alibabainc.
15:12:20     1000    425773    1.00    0.00    0.00    0.00    1.00    14      0.00      0.00 50014516  390636   1.20      0.00      0.00      0.00       0  com.alibabainc.
15:12:20     1000    516139    1.00    0.00    0.00    0.00    1.00    10      0.00      0.00 5453760   37080   0.11      0.00      0.00      0.00       0  clash
15:12:20     1000    577014    1.00    1.00    0.00    0.00    2.00     8      1.00      0.00 1521087724  394944   1.21      0.00      0.00      0.00       0  code
15:12:20     1000    577063    6.00    1.00    0.00    0.00    7.00     8      0.00      0.00 51392000  245064   0.75      0.00      0.00      0.00       0  code
15:12:20     1000    577132    2.00    0.00    0.00    0.00    2.00     8    866.00      0.00 1520364784  383540   1.18      0.00      0.00      0.00       0  code
15:12:20     1000    577160    2.00    0.00    0.00    0.00    2.00     5      0.00      0.00 1518795316  679292   2.09      0.00      0.00      0.00       0  code
15:12:20     1000    577170    0.00    0.00    0.00    0.00    0.00     6      5.00      0.00 1520378324  115516   0.35      0.00      0.00      0.00       0  code
15:12:20     1000    577171    0.00    0.00    0.00    0.00    0.00     6     37.00      0.00 1520352992  124700   0.38      0.00      0.00      0.00       0  code
15:12:20     1000    577172    0.00    0.00    0.00    0.00    0.00    14      3.00      0.00 1520369816  113428   0.35      0.00      0.00      0.00       0  code
15:12:20     1000    577320    0.00    0.00    0.00    0.00    0.00     3     12.00      0.00 1520354644  108556   0.33      0.00      0.00      0.00       0  code
15:12:20     1000    853053    6.00    1.00    0.00    0.00    7.00     0    436.00      0.00 55961548  496964   1.53      0.00    496.00      0.00       0  chrome
15:12:20     1000    853103   10.00    2.00    0.00    0.00   12.00     8    132.00      0.00 56174100  355040   1.09      0.00      0.00      0.00       0  chrome
15:12:20     1000    853105    0.00    0.00    0.00    0.00    0.00     8    126.00      0.00 55067288   93540   0.29      0.00    404.00      0.00       0  chrome
15:12:20     1000    880405    2.00    0.00    0.00    0.00    2.00    10      6.00      0.00 1518919328  502136   1.54      0.00      0.00      0.00       0  chrome
15:12:20     1000    881951    1.00    1.00    0.00    0.00    2.00     9      0.00      0.00 55182632   61056   0.19      0.00      0.00      0.00       0  chrome
15:12:20        0   1068456    0.00    1.00    0.00    0.00    1.00     5      0.00      0.00       0       0   0.00     -1.00     -1.00     -1.00       0  kworker/u64:2-flush-259:0
15:12:20        0   1074653    0.00    1.00    0.00    0.00    1.00     6      0.00      0.00       0       0   0.00     -1.00     -1.00     -1.00       0  kworker/u64:3-i915
15:12:20     1000   1074666    0.00    0.00    0.00    0.00    0.00    10      4.00      0.00 1520369816  130084   0.40      0.00      0.00      0.00       0  code
15:12:20     1000   1074681    0.00    0.00    0.00    0.00    0.00     0     46.00      0.00 1520363292  297928   0.91      0.00      0.00      0.00       0  code
15:12:20     1000   1075226    1.00    1.00    0.00    0.00    2.00    15      8.00      0.00 1518709156  330728   1.02      0.00      0.00      0.00       0  code
15:12:20        0   1108714    0.00    1.00    0.00    0.00    1.00    15      0.00      0.00       0       0   0.00     -1.00     -1.00     -1.00       0  kworker/15:1-i915-unordered
15:12:20     1000   1109016    3.00    1.00    0.00    0.00    4.00    14      0.00      0.00  900152   36380   0.11      0.00      0.00      0.00       0  real_go2_input_
15:12:20     1000   1109017   13.00    1.00    0.00    0.00   14.00    10      0.00      0.00  888092   78576   0.24      0.00      0.00      0.00       0  python3
15:12:20     1000   1109018   42.00    1.00    0.00    0.00   43.00     4      0.00      0.00 1140500  292576   0.90      0.00      4.00      0.00       0  scan_planner_no
15:12:20     1000   1109019    2.00    0.00    0.00    0.00    2.00    10      0.00      0.00  751152   32680   0.10      0.00      0.00      0.00       0  closed_loop_con
15:12:20     1000   1109020    3.00    1.00    0.00    0.00    4.00    15      0.00      0.00  750792   31364   0.10      0.00      0.00      0.00       0  cmd_vel_safety_
15:12:20     1000   1109021   16.00    0.00    0.00    1.00   16.00     2      0.00      0.00  884000   73308   0.23      0.00    104.00      0.00       0  telemetry_recor
15:12:20     1000   1109177    1.00    1.00    0.00    0.00    2.00     8      0.00      0.00   12840    5940   0.02      0.00      8.00      0.00       0  pidstat
15:12:20     1000   1109178    1.00    1.00    0.00    0.00    2.00     0      0.00      0.00 1103840  115792   0.36      0.00      0.00      0.00       0  ros2
15:12:20     1000   1109882   19.00    3.00    0.00    0.00   22.00    10    530.00      0.00 1518919032  505608   1.55      0.00      4.00      0.00       0  chrome

# Time        UID       PID    %usr %system  %guest   %wait    %CPU   CPU  minflt/s  majflt/s     VSZ     RSS   %MEM   kB_rd/s   kB_wr/s kB_ccwr/s iodelay  Command
15:12:21        0       416    0.00    1.00    0.00    0.00    1.00     8      0.00      0.00       0       0   0.00     -1.00     -1.00     -1.00       0  kworker/8:1H-i915_cleanup
15:12:21        0      1071    1.00    0.00    0.00    0.00    1.00     2      0.00      0.00   15268    7648   0.02     -1.00     -1.00     -1.00       0  bluetoothd
15:12:21     1000      2075    0.00    1.00    0.00    0.00    1.00     3      0.00      0.00  121308   17412   0.05      0.00      0.00      0.00       0  pipewire
15:12:21     1000      2081    0.00    1.00    0.00    0.00    1.00     2      0.00      0.00  160524   48336   0.15      0.00      0.00      0.00       0  pipewire-pulse
15:12:21     1000      2324   18.00    3.00    0.00    0.00   21.00     9     29.00      0.00 5557164  381580   1.17      0.00      0.00      0.00       0  gnome-shell
15:12:21     1000      2622    5.00    2.00    0.00    0.00    7.00     9      0.00      0.00 5685392  231952   0.71      0.00      0.00      0.00       0  ToDesk
15:12:21        0      3243    0.00    2.00    0.00    0.00    2.00     6      0.00      0.00 2778564   67840   0.21     -1.00     -1.00     -1.00       0  ToDesk_Service
15:12:21     1000     32140    2.00    0.00    0.00    0.00    2.00    15      0.00      0.00 11729028  750732   2.30      0.00      0.00      0.00       0  com.alibabainc.
15:12:21     1000     45971    0.00    0.00    0.00    0.00    0.00    10      4.00      0.00 50049280  218528   0.67      0.00      0.00      0.00       0  com.alibabainc.
15:12:21     1000    156386    0.00    1.00    0.00    0.00    1.00     7      0.00      0.00 1788224   49216   0.15      0.00      0.00      0.00       0  nxplayer.bin
15:12:21        0    332726    0.00    0.00    0.00    0.00    0.00    12      2.00      0.00  361696  237184   0.73     -1.00     -1.00     -1.00       0  systemd-journal
15:12:21     1000    577014    1.00    0.00    0.00    0.00    1.00    10      1.00      0.00 1521087724  394944   1.21      0.00      0.00      0.00       0  code
15:12:21     1000    577063    5.00    1.00    0.00    0.00    6.00     2     60.00      0.00 51392000  245320   0.75      0.00      0.00      0.00       0  code
15:12:21     1000    577132    0.00    0.00    0.00    0.00    0.00    13     28.00      0.00 1520364784  383276   1.18      0.00      0.00      0.00       0  code
15:12:21     1000    577160    1.00    0.00    0.00    0.00    1.00     0      1.00      0.00 1518795316  679292   2.09      0.00      0.00      0.00       0  code
15:12:21     1000    577170    0.00    0.00    0.00    0.00    0.00    10      1.00      0.00 1520378324  115516   0.35      0.00      0.00      0.00       0  code
15:12:21     1000    853053   13.00    3.00    0.00    0.00   16.00     0   1200.00      1.00 55959236  497248   1.53     72.00    396.00      0.00       0  chrome
15:12:21     1000    853075    0.00    0.00    0.00    0.00    0.00     5     17.00      0.00 55234376   19268   0.06    364.00    704.00      0.00       0  chrome
15:12:21     1000    853103   10.00    4.00    0.00    0.00   14.00     2   1535.00      1.00 56118168  341760   1.05     20.00      0.00      0.00       0  chrome
15:12:21     1000    853105    2.00    1.00    0.00    0.00    3.00     8    359.00      0.00 55066632   94264   0.29     44.00    280.00    244.00       0  chrome
15:12:21     1000    853115    0.00    0.00    0.00    0.00    0.00     3     66.00      0.00 55302016   57576   0.18      0.00      4.00      0.00       0  chrome
15:12:21     1000    853144    0.00    0.00    0.00    0.00    0.00     6     36.00      0.00 1518750072  118704   0.36      0.00      0.00      0.00       0  chrome
15:12:21     1000    880405    1.00    0.00    0.00    0.00    1.00     0    138.00      0.00 1518919328  502776   1.54      0.00      0.00      0.00       0  chrome
15:12:21     1000    881919    1.00    0.00    0.00    0.00    1.00    14     35.00      0.00 1518709680  111768   0.34      0.00      0.00      0.00       0  chrome
15:12:21     1000    881951    0.00    0.00    0.00    0.00    0.00     3      6.00      0.00 55182492   61440   0.19      0.00      0.00      0.00       0  chrome
15:12:21     1000    885261    0.00    0.00    0.00    0.00    0.00     9     14.00      0.00 1518767568  315256   0.97      0.00      0.00      0.00       0  code
15:12:21     1000    888233    4.00    1.00    0.00    0.00    5.00    10      2.00      0.00 1754328  368608   1.13      0.00      0.00      0.00       0  gnome-system-mo
15:12:21        0   1049858    0.00    1.00    0.00    0.00    1.00     3      0.00      0.00       0       0   0.00     -1.00     -1.00     -1.00       0  kworker/u64:9-i915
15:12:21        0   1052900    0.00    1.00    0.00    0.00    1.00     2      0.00      0.00       0       0   0.00     -1.00     -1.00     -1.00       0  kworker/2:0-events
15:12:21     1000   1068542   19.00    4.00    0.00    0.00   23.00    11  12056.00      1.00 1518823052  280032   0.86     12.00      0.00      0.00       0  chrome
15:12:21     1000   1073718    1.00    0.00    0.00    0.00    1.00    10      0.00      0.00  882600   74912   0.23      0.00      0.00      0.00       0  ros2
15:12:21     1000   1074681    0.00    0.00    0.00    0.00    0.00    14     31.00      0.00 1520363292  297928   0.91      0.00      0.00      0.00       0  code
15:12:21     1000   1074725    0.00    1.00    0.00    0.00    1.00    13    177.00      0.00  662896  183252   0.56      0.00    144.00      0.00       0  codex
15:12:21     1000   1075226    2.00    0.00    0.00    0.00    2.00    10     27.00      0.00 1518709156  330728   1.02      0.00      0.00      0.00       0  code
15:12:21     1000   1076599    0.00    0.00    0.00    0.00    0.00     4      1.00      0.00 1448930632   18276   0.06      0.00      0.00      0.00       0  codex-code-mode
15:12:21        0   1106397    0.00    1.00    0.00    1.00    1.00     8      0.00      0.00       0       0   0.00     -1.00     -1.00     -1.00       0  kworker/u65:2-i915_flip
15:12:21     1000   1109012    0.00    0.00    0.00    0.00    0.00     8      0.00      0.00  204044   41564   0.13      0.00      4.00      0.00       0  ros2
15:12:21     1000   1109016    4.00    1.00    0.00    1.00    5.00     9      0.00      0.00  900152   36380   0.11      0.00      0.00      0.00       0  real_go2_input_
15:12:21     1000   1109017   13.00    0.00    0.00    0.00   13.00     9    110.00      0.00  888092   78596   0.24      0.00      0.00      0.00       0  python3
15:12:21     1000   1109018   50.00    1.00    0.00    0.00   51.00     7     28.00      0.00 1173284  292704   0.90      0.00      0.00      0.00       0  scan_planner_no
15:12:21     1000   1109019    3.00    1.00    0.00    0.00    4.00    12      0.00      0.00  751152   32680   0.10      0.00      0.00      0.00       0  closed_loop_con
15:12:21     1000   1109020    4.00    1.00    0.00    1.00    5.00     8      0.00      0.00  750792   31364   0.10      0.00      0.00      0.00       0  cmd_vel_safety_
15:12:21     1000   1109021   15.00    1.00    0.00    0.00   16.00     4      0.00      0.00  884000   73308   0.23      0.00    112.00      0.00       0  telemetry_recor
15:12:21     1000   1109177    0.00    1.00    0.00    0.00    1.00     6      0.00      0.00   12840    5940   0.02      0.00     12.00      0.00       0  pidstat
15:12:21     1000   1109178    2.00    1.00    0.00    0.00    3.00    13      0.00      0.00 1103840  115792   0.36      0.00      0.00      0.00       0  ros2

# Time        UID       PID    %usr %system  %guest   %wait    %CPU   CPU  minflt/s  majflt/s     VSZ     RSS   %MEM   kB_rd/s   kB_wr/s kB_ccwr/s iodelay  Command
15:12:22        0        15    0.00    1.00    0.00    0.00    1.00    14      0.00      0.00       0       0   0.00     -1.00     -1.00     -1.00       0  rcu_preempt
15:12:22        0       676    0.00    1.00    0.00    0.00    1.00     1      0.00      0.00       0       0   0.00     -1.00     -1.00     -1.00       0  irq/163-rtw89_pci
15:12:22      101      1072    1.00    0.00    0.00    0.00    1.00    15      0.00      0.00   12504    6632   0.02     -1.00     -1.00     -1.00       0  dbus-daemon
15:12:22        0      1141    0.00    1.00    0.00    0.00    1.00    12      0.00      0.00  625260   21556   0.07     -1.00     -1.00     -1.00       0  NetworkManager
15:12:22     1000      2324   15.00    3.00    0.00    0.00   18.00     6     13.00      0.00 5557164  381580   1.17      0.00      0.00      0.00       0  gnome-shell
15:12:22     1000      2622    5.00    2.00    0.00    0.00    7.00     9      0.00      0.00 5685392  231952   0.71      0.00      0.00      0.00       0  ToDesk
15:12:22      123      3242    0.00    1.00    0.00    0.00    1.00    12      0.00      0.00 2382180   76072   0.23     -1.00     -1.00     -1.00       0  nxserver.bin
15:12:22        0      3243    1.00    1.00    0.00    0.00    2.00    10      0.00      0.00 2778564   67840   0.21     -1.00     -1.00     -1.00       0  ToDesk_Service
15:12:22     1000     10213    1.00    0.00    0.00    0.00    1.00     0      5.00      0.00 1212301312  153700   0.47      0.00      0.00      0.00       0  github-desktop
15:12:22     1000     10251    0.00    0.00    0.00    0.00    0.00     5      3.00      0.00 34566360  113132   0.35      0.00      0.00      0.00       0  github-desktop
15:12:22     1000     32140    1.00    1.00    0.00    0.00    2.00     9      0.00      0.00 11729028  750732   2.30      0.00      0.00      0.00       0  com.alibabainc.
15:12:22     1000     45971    0.00    0.00    0.00    0.00    0.00     6      5.00      0.00 50049280  218528   0.67      0.00      0.00      0.00       0  com.alibabainc.
15:12:22     1000     46026    0.00    0.00    0.00    0.00    0.00     8      6.00      0.00 72700264  445296   1.37      0.00      0.00      0.00       0  com.alibabainc.
15:12:22     1000     52294    0.00    0.00    0.00    0.00    0.00     5      2.00      0.00 53387424  463828   1.42      0.00      0.00      0.00       0  com.alibabainc.
15:12:22        0    332726    0.00    1.00    0.00    0.00    1.00    12      2.00      0.00  361696  237184   0.73     -1.00     -1.00     -1.00       0  systemd-journal
15:12:22     1000    425666    0.00    0.00    0.00    0.00    0.00     5      2.00      0.00 50028472  261412   0.80      0.00      0.00      0.00       0  com.alibabainc.
15:12:22     1000    426077    0.00    1.00    0.00    0.00    1.00    10      0.00      0.00 50132492  528136   1.62      0.00      0.00      0.00       0  com.alibabainc.
15:12:22     1000    577014    1.00    1.00    0.00    0.00    2.00    10     21.00      0.00 1521087724  395072   1.21      0.00      0.00      0.00       0  code
15:12:22     1000    577063    4.00    3.00    0.00    0.00    7.00     3      1.00      0.00 51392512  245320   0.75      0.00      0.00      0.00       0  code
15:12:22     1000    577160    2.00    0.00    0.00    0.00    2.00     1    122.00      0.00 1518795316  679292   2.09      0.00      0.00      0.00       0  code
15:12:22     1000    577170    0.00    0.00    0.00    0.00    0.00    12      9.00      0.00 1520378324  115516   0.35      0.00      0.00      0.00       0  code
15:12:22     1000    853053    4.00    1.00    0.00    0.00    5.00    14     12.00      0.00 55959236  497248   1.53      0.00      0.00      0.00       0  chrome
15:12:22     1000    853103    5.00    2.00    0.00    0.00    7.00     1    558.00      5.00 55976676  342884   1.05    380.00      0.00      0.00       0  chrome
15:12:22     1000    853105    1.00    1.00    0.00    0.00    2.00     8     55.00      0.00 55066632   94392   0.29      0.00    124.00     76.00       0  chrome
15:12:22     1000    853115    0.00    0.00    0.00    0.00    0.00     4      3.00      0.00 55302016   57576   0.18      0.00      0.00      0.00       0  chrome
15:12:22        0    878990    0.00    1.00    0.00    0.00    1.00     5      0.00      0.00       0       0   0.00     -1.00     -1.00     -1.00       0  kworker/5:1-events
15:12:22     1000    880405    2.00    0.00    0.00    0.00    2.00     8      2.00      0.00 1518919328  502776   1.54      0.00      0.00      0.00       0  chrome
15:12:22     1000    881251    0.00    0.00    0.00    0.00    0.00    14      3.00      0.00 72661500  496340   1.52      0.00      0.00      0.00       0  com.alibabainc.
15:12:22     1000    913217    0.00    0.00    0.00    0.00    0.00    12      4.00      0.00 72299740  382560   1.17      0.00      0.00      0.00       0  com.alibabainc.
15:12:22        0   1049858    0.00    1.00    0.00    0.00    1.00     3      0.00      0.00       0       0   0.00     -1.00     -1.00     -1.00       0  kworker/u64:9-i915
15:12:22        0   1068456    0.00    1.00    0.00    0.00    1.00     8      0.00      0.00       0       0   0.00     -1.00     -1.00     -1.00       0  kworker/u64:2-events_power_efficient
15:12:22     1000   1068542   17.00    1.00    0.00    0.00   18.00     4   2027.00      0.00 1518823052  286940   0.88      0.00      0.00      0.00       0  chrome
15:12:22     1000   1074725    0.00    0.00    0.00    0.00    0.00    13     24.00      0.00  662768  183252   0.56      0.00      0.00      0.00       0  codex
15:12:22     1000   1075226    2.00    0.00    0.00    0.00    2.00    12      8.00      0.00 1518709156  330728   1.02      0.00      0.00      0.00       0  code
15:12:22        0   1097682    0.00    1.00    0.00    0.00    1.00     0      0.00      0.00       0       0   0.00     -1.00     -1.00     -1.00       0  kworker/u65:3-i915_flip
15:12:22     1000   1109016    3.00    1.00    0.00    0.00    4.00    12      0.00      0.00  900152   36380   0.11      0.00      0.00      0.00       0  real_go2_input_
15:12:22     1000   1109017   11.00    0.00    0.00    0.00   11.00    10      0.00      0.00  888092   78596   0.24      0.00      0.00      0.00       0  python3
15:12:22     1000   1109018   41.00    0.00    0.00    0.00   41.00     9      2.00      0.00 1173284  292704   0.90      0.00      0.00      0.00       0  scan_planner_no
15:12:22     1000   1109019    2.00    0.00    0.00    0.00    2.00     7      0.00      0.00  751152   32680   0.10      0.00      0.00      0.00       0  closed_loop_con
15:12:22     1000   1109020    3.00    1.00    0.00    0.00    4.00     2      0.00      0.00  750792   31364   0.10      0.00      0.00      0.00       0  cmd_vel_safety_
15:12:22     1000   1109021   13.00    0.00    0.00    0.00   13.00     2      0.00      0.00  884000   73308   0.23      0.00    112.00      0.00       0  telemetry_recor
15:12:22     1000   1109177    0.00    0.00    0.00    0.00    0.00    10      0.00      0.00   12840    5940   0.02      0.00      8.00      0.00       0  pidstat
15:12:22     1000   1109178    2.00    1.00    0.00    0.00    3.00    13      0.00      0.00 1103840  115792   0.36      0.00      0.00      0.00       0  ros2

# Time        UID       PID    %usr %system  %guest   %wait    %CPU   CPU  minflt/s  majflt/s     VSZ     RSS   %MEM   kB_rd/s   kB_wr/s kB_ccwr/s iodelay  Command
15:12:23        0        67    0.00    1.00    0.00    0.00    1.00    14      0.00      0.00       0       0   0.00     -1.00     -1.00     -1.00       0  ksoftirqd/14
15:12:23     1000      2324   17.00    2.00    0.00    0.00   19.00    10      5.00      0.00 5557164  381580   1.17      0.00      0.00      0.00       0  gnome-shell
15:12:23     1000      2622    5.00    2.00    0.00    0.00    7.00     9      0.00      0.00 5685392  231952   0.71      0.00      0.00      0.00       0  ToDesk
15:12:23     1000      2801    0.00    1.00    0.00    0.00    1.00     1      4.00      0.00  809716  184916   0.57      0.00      0.00      0.00       0  Xwayland
15:12:23        0      3243    0.00    2.00    0.00    0.00    2.00    14      0.00      0.00 2778564   67840   0.21     -1.00     -1.00     -1.00       0  ToDesk_Service
15:12:23     1000     32140    1.00    0.00    0.00    0.00    1.00    14      0.00      0.00 11729028  750732   2.30      0.00      0.00      0.00       0  com.alibabainc.
15:12:23     1000     45971    1.00    0.00    0.00    0.00    1.00    13      3.00      0.00 50049280  218528   0.67      0.00      0.00      0.00       0  com.alibabainc.
15:12:23     1000     52294    1.00    0.00    0.00    0.00    1.00     5      2.00      0.00 53387424  463828   1.42      0.00      0.00      0.00       0  com.alibabainc.
15:12:23        0    332726    0.00    0.00    0.00    0.00    0.00    13      2.00      0.00  361696  237184   0.73     -1.00     -1.00     -1.00       0  systemd-journal
15:12:23     1000    516139    1.00    1.00    0.00    0.00    2.00     4      0.00      0.00 5453760   37080   0.11      0.00      0.00      0.00       0  clash
15:12:23     1000    577014    2.00    1.00    0.00    0.00    3.00     8      1.00      0.00 1521087724  395072   1.21      0.00      0.00      0.00       0  code
15:12:23     1000    577063    5.00    1.00    0.00    0.00    6.00     4      0.00      0.00 51392512  245320   0.75      0.00      0.00      0.00       0  code
15:12:23     1000    577067    0.00    0.00    0.00    0.00    0.00     8      3.00      0.00 50711564   88336   0.27      0.00      0.00      0.00       0  code
15:12:23     1000    577107    0.00    0.00    0.00    0.00    0.00    11     17.00      0.00 1520761120  592424   1.82      0.00      0.00      0.00       0  code
15:12:23     1000    577132    1.00    0.00    0.00    0.00    1.00     6     13.00      0.00 1520364784  383276   1.18      0.00      0.00      0.00       0  code
15:12:23     1000    577160    1.00    0.00    0.00    0.00    1.00     8      4.00      0.00 1518795316  679420   2.09      0.00      0.00      0.00       0  code
15:12:23     1000    577170    0.00    0.00    0.00    0.00    0.00    15      1.00      0.00 1520378324  115516   0.35      0.00      0.00      0.00       0  code
15:12:23     1000    577241    0.00    0.00    0.00    0.00    0.00    13      1.00      0.00  673380  182024   0.56      0.00      0.00      0.00       0  codex
15:12:23     1000    577320    0.00    0.00    0.00    0.00    0.00     3     14.00      0.00 1520354644  108556   0.33      0.00      0.00      0.00       0  code
15:12:23     1000    853053   19.00    5.00    0.00    1.00   24.00    12   2447.00      0.00 55965648  497852   1.53      0.00     88.00      0.00       0  chrome
15:12:23     1000    853075    0.00    0.00    0.00    0.00    0.00    12     40.00      0.00 55234376   19268   0.06      0.00      0.00      0.00       0  chrome
15:12:23     1000    853103   10.00    4.00    0.00    0.00   14.00     0   1493.00      1.00 55977592  334544   1.03      4.00      0.00      0.00       0  chrome
15:12:23     1000    853105    6.00    5.00    0.00    0.00   11.00     8   2190.00      0.00 55066768   94832   0.29    284.00    496.00    284.00       0  chrome
15:12:23     1000    853115    0.00    2.00    0.00    0.00    2.00    12  12106.00      0.00 55302144   56968   0.17      0.00      0.00      0.00       0  chrome
15:12:23     1000    853144    0.00    0.00    0.00    0.00    0.00     5     93.00      0.00 1518750072  119132   0.37      0.00      0.00      0.00       0  chrome
15:12:23     1000    880405    1.00    0.00    0.00    0.00    1.00     3    658.00      0.00 1518919328  504952   1.55      0.00      0.00      0.00       0  chrome
15:12:23     1000    881919    0.00    1.00    0.00    0.00    1.00    15    346.00      0.00 1518709684  113048   0.35      0.00      0.00      0.00       0  chrome
15:12:23     1000    881951    1.00    0.00    0.00    0.00    1.00     3      0.00      0.00 55182492   61440   0.19      0.00      0.00      0.00       0  chrome
15:12:23     1000    885261    1.00    0.00    0.00    0.00    1.00    12    300.00      0.00 1518767568  316408   0.97      0.00      0.00      0.00       0  code
15:12:23        0   1049858    0.00    1.00    0.00    0.00    1.00    12      0.00      0.00       0       0   0.00     -1.00     -1.00     -1.00       0  kworker/u64:9-events_unbound
15:12:23     1000   1068542   11.00    2.00    0.00    1.00   13.00    12   2244.00      0.00 1518809676  274420   0.84      0.00      0.00      0.00       0  chrome
15:12:23     1000   1074666    0.00    0.00    0.00    0.00    0.00    12     47.00      0.00 1520369816  130212   0.40      0.00      0.00      0.00       0  code
15:12:23     1000   1074681    1.00    0.00    0.00    0.00    1.00    15    244.00      0.00 1520363292  298184   0.92      0.00      0.00      0.00       0  code
15:12:23     1000   1074725    1.00    0.00    0.00    0.00    1.00    13     79.00      0.00  662896  183380   0.56      0.00    232.00    104.00       0  codex
15:12:23     1000   1075226    3.00    1.00    0.00    0.00    4.00     0    652.00      0.00 1518709156  332124   1.02      0.00      0.00      0.00       0  code
15:12:23     1000   1109016    4.00    1.00    0.00    0.00    5.00    11      0.00      0.00  900152   36380   0.11      0.00      0.00      0.00       0  real_go2_input_
15:12:23     1000   1109017   11.00    0.00    0.00    0.00   11.00     5      0.00      0.00  888092   78596   0.24      0.00      0.00      0.00       0  python3
15:12:23     1000   1109018   44.00    0.00    0.00    0.00   44.00     2      0.00      0.00 1173284  292704   0.90      0.00      0.00      0.00       0  scan_planner_no
15:12:23     1000   1109019    3.00    1.00    0.00    0.00    4.00     8      0.00      0.00  751152   32680   0.10      0.00      0.00      0.00       0  closed_loop_con
15:12:23     1000   1109020    2.00    1.00    0.00    0.00    3.00    13      0.00      0.00  750792   31364   0.10      0.00      0.00      0.00       0  cmd_vel_safety_
15:12:23     1000   1109021   17.00    1.00    0.00    0.00   18.00     1      0.00      0.00  884000   73308   0.23      0.00    112.00      0.00       0  telemetry_recor
15:12:23     1000   1109177    0.00    1.00    0.00    0.00    1.00    10      0.00      0.00   12840    5940   0.02      0.00      4.00      0.00       0  pidstat
15:12:23     1000   1109178    2.00    1.00    0.00    0.00    3.00     0      0.00      0.00 1103840  115792   0.36      0.00      0.00      0.00       0  ros2
15:12:23     1000   1109998   32.00    7.00    0.00    0.00   39.00     0  26303.00      1.00 1518804752  224824   0.69     40.00      0.00      0.00       0  chrome
15:12:23     1000   1110618    0.00    1.00    0.00    0.00    1.00    14   3165.00      0.00 1518593840   78088   0.24      0.00      0.00      0.00       0  chrome

# Time        UID       PID    %usr %system  %guest   %wait    %CPU   CPU  minflt/s  majflt/s     VSZ     RSS   %MEM   kB_rd/s   kB_wr/s kB_ccwr/s iodelay  Command
15:12:24        0        30    0.00    1.00    0.00    0.00    1.00     4      0.00      0.00       0       0   0.00     -1.00     -1.00     -1.00       0  migration/4
15:12:24        0        72    0.00    1.00    0.00    0.00    1.00    15      0.00      0.00       0       0   0.00     -1.00     -1.00     -1.00       0  migration/15
15:12:24        0       280    0.00    1.00    0.00    0.00    1.00    15      0.00      0.00       0       0   0.00     -1.00     -1.00     -1.00       0  irq/142-SYNA2BA6:00
15:12:24        0       676    0.00    1.00    0.00    0.00    1.00     1      0.00      0.00       0       0   0.00     -1.00     -1.00     -1.00       0  irq/163-rtw89_pci
15:12:24     1000      2075    0.00    0.00    0.00    0.00    0.00    14      0.00      0.00  121312   17412   0.05      0.00      0.00      0.00       0  pipewire
15:12:24     1000      2081    0.00    0.00    0.00    0.00    0.00     3      1.00      0.00  160528   48336   0.15      0.00      0.00      0.00       0  pipewire-pulse
15:12:24     1000      2093    0.00    1.00    0.00    1.00    1.00     6      0.00      0.00   12216    8368   0.03      0.00      0.00      0.00       0  dbus-daemon
15:12:24     1000      2324   16.00    2.00    0.00    0.00   18.00    14    112.00      0.00 5557096  381580   1.17      0.00      0.00      0.00       0  gnome-shell
15:12:24     1000      2622    6.00    1.00    0.00    0.00    7.00    10      0.00      0.00 5685392  231952   0.71      0.00      0.00      0.00       0  ToDesk
15:12:24        0      3243    1.00    1.00    0.00    0.00    2.00    14      0.00      0.00 2778564   67840   0.21     -1.00     -1.00     -1.00       0  ToDesk_Service
15:12:24     1000     10268    0.00    0.00    0.00    0.00    0.00     6      3.00      0.00 33882424   63200   0.19      0.00      0.00      0.00       0  github-desktop
15:12:24     1000     32140    2.00    0.00    0.00    0.00    2.00     6      0.00      0.00 11729028  750732   2.30      0.00      0.00      0.00       0  com.alibabainc.
15:12:24     1000     45971    0.00    0.00    0.00    0.00    0.00     4      4.00      0.00 50049280  218528   0.67      0.00      0.00      0.00       0  com.alibabainc.
15:12:24        0    332726    0.00    0.00    0.00    0.00    0.00    12      3.00      0.00  361696  237184   0.73     -1.00     -1.00     -1.00       0  systemd-journal
15:12:24     1000    425666    0.00    0.00    0.00    0.00    0.00     5      1.00      0.00 50028472  261412   0.80      0.00      0.00      0.00       0  com.alibabainc.
15:12:24     1000    425773    0.00    0.00    0.00    0.00    0.00    15      1.00      0.00 50014516  390636   1.20      0.00      0.00      0.00       0  com.alibabainc.
15:12:24     1000    516139    0.00    1.00    0.00    0.00    1.00     4      0.00      0.00 5453760   37080   0.11      0.00      0.00      0.00       0  clash
15:12:24     1000    577014    1.00    0.00    0.00    0.00    1.00    13      1.00      0.00 1521087724  395072   1.21      0.00      0.00      0.00       0  code
15:12:24     1000    577063    6.00    2.00    0.00    0.00    8.00    14      0.00      0.00 51392000  245320   0.75      0.00      0.00      0.00       0  code
15:12:24     1000    577160    2.00    1.00    0.00    0.00    3.00     1      1.00      0.00 1518795316  679420   2.09      0.00      0.00      0.00       0  code
15:12:24     1000    577170    0.00    0.00    0.00    0.00    0.00     2      5.00      0.00 1520378324  115516   0.35      0.00      0.00      0.00       0  code
15:12:24     1000    577171    0.00    0.00    0.00    0.00    0.00     6     37.00      0.00 1520352992  124700   0.38      0.00      0.00      0.00       0  code
15:12:24     1000    577172    0.00    0.00    0.00    0.00    0.00    14      3.00      0.00 1520369816  113428   0.35      0.00      0.00      0.00       0  code
15:12:24     1000    577320    0.00    0.00    0.00    0.00    0.00     3     12.00      0.00 1520354644  108556   0.33      0.00      0.00      0.00       0  code
15:12:24     1000    853053   11.00    4.00    0.00    0.00   15.00    12   4437.00      0.00 55966672  496592   1.52      0.00     52.00      0.00       0  chrome
15:12:24     1000    853103    8.00    4.00    0.00    0.00   12.00     8    969.00      0.00 55987976  337108   1.03     16.00      0.00      0.00       0  chrome
15:12:24     1000    853105    9.00    6.00    0.00    0.00   15.00     8   6754.00      0.00 55066772   95716   0.29      8.00   1436.00      0.00       0  chrome
15:12:24     1000    853115    1.00    2.00    0.00    0.00    3.00     0   8938.00      0.00 55302144   56880   0.17      0.00      0.00      0.00       0  chrome
15:12:24     1000    880405    2.00    1.00    0.00    0.00    3.00     8    290.00      0.00 1518919328  505976   1.55      0.00      0.00      0.00       0  chrome
15:12:24     1000    881919    1.00    0.00    0.00    0.00    1.00     8    195.00      0.00 1518709816  113968   0.35      0.00      0.00      0.00       0  chrome
15:12:24     1000    881951    0.00    1.00    0.00    0.00    1.00    14      9.00      0.00 55182696   61440   0.19      0.00      0.00      0.00       0  chrome
15:12:24     1000    885261    0.00    0.00    0.00    0.00    0.00    15    218.00      0.00 1518767568  317176   0.97      0.00      0.00      0.00       0  code
15:12:24     1000    888233    3.00    1.00    0.00    0.00    4.00    10      4.00      0.00 1754848  368608   1.13      0.00      0.00      0.00       0  gnome-system-mo
15:12:24        0   1049858    0.00    2.00    0.00    0.00    2.00    15      0.00      0.00       0       0   0.00     -1.00     -1.00     -1.00       0  kworker/u64:9-i915
15:12:24     1000   1068542    1.00    0.00    0.00    0.00    1.00     1    292.00      0.00 1518809676  275316   0.85      0.00      0.00      0.00       0  chrome
15:12:24     1000   1074666    0.00    0.00    0.00    0.00    0.00    12      1.00      0.00 1520369816  130212   0.40      0.00      0.00      0.00       0  code
15:12:24     1000   1074681    1.00    0.00    0.00    0.00    1.00    14    111.00      0.00 1520363292  298296   0.92      0.00      0.00      0.00       0  code
15:12:24     1000   1074725    1.00    0.00    0.00    0.00    1.00    13     81.00      0.00  662896  183320   0.56      0.00      0.00      0.00       0  codex
15:12:24     1000   1075226    3.00    0.00    0.00    0.00    3.00    15     98.00      0.00 1518709156  332380   1.02      0.00      0.00      0.00       0  code
15:12:24     1000   1076599    0.00    0.00    0.00    0.00    0.00     4    442.00      0.00 1450899504   19428   0.06      0.00      0.00      0.00       0  codex-code-mode
15:12:24     1000   1095170    1.00    0.00    0.00    0.00    1.00     5      0.00      0.00  883436   72492   0.22      0.00      0.00      0.00       0  python3
15:12:24        0   1097682    0.00    1.00    0.00    0.00    1.00    13      0.00      0.00       0       0   0.00     -1.00     -1.00     -1.00       0  kworker/u65:3-i915_flip
15:12:24     1000   1109016    4.00    1.00    0.00    0.00    5.00    14      0.00      0.00  900152   36380   0.11      0.00      0.00      0.00       0  real_go2_input_
15:12:24     1000   1109017   15.00    0.00    0.00    0.00   15.00     9    110.00      0.00  888092   78596   0.24      0.00      0.00      0.00       0  python3
15:12:24     1000   1109018   48.00    0.00    0.00    0.00   48.00    14      1.00      0.00 1173284  292704   0.90      0.00      0.00      0.00       0  scan_planner_no
15:12:24     1000   1109019    2.00    0.00    0.00    0.00    2.00     4      0.00      0.00  751152   32680   0.10      0.00      0.00      0.00       0  closed_loop_con
15:12:24     1000   1109020    3.00    1.00    0.00    0.00    4.00    15      0.00      0.00  750792   31364   0.10      0.00      0.00      0.00       0  cmd_vel_safety_
15:12:24     1000   1109021   17.00    0.00    0.00    1.00   17.00     2      0.00      0.00  884000   73308   0.23      0.00    108.00      0.00       0  telemetry_recor
15:12:24     1000   1109177    1.00    1.00    0.00    0.00    2.00    10      0.00      0.00   12840    5940   0.02      0.00      8.00      0.00       0  pidstat
15:12:24     1000   1109178    2.00    1.00    0.00    0.00    3.00    13      0.00      0.00 1103840  115792   0.36      0.00      0.00      0.00       0  ros2
15:12:24     1000   1109998   82.00   15.00    0.00    0.00   97.00     6  61816.00      0.00 1518919148  341532   1.05      0.00      0.00      0.00       0  chrome

# Time        UID       PID    %usr %system  %guest   %wait    %CPU   CPU  minflt/s  majflt/s     VSZ     RSS   %MEM   kB_rd/s   kB_wr/s kB_ccwr/s iodelay  Command
15:12:25        0       280    0.00    1.00    0.00    0.00    1.00    15      0.00      0.00       0       0   0.00     -1.00     -1.00     -1.00       0  irq/142-SYNA2BA6:00
15:12:25     1000      2075    1.00    0.00    0.00    0.00    1.00    14      0.00      0.00  121312   17412   0.05      0.00      0.00      0.00       0  pipewire
15:12:25     1000      2081    1.00    1.00    0.00    0.00    2.00    10      0.00      0.00  160528   48336   0.15      0.00      0.00      0.00       0  pipewire-pulse
15:12:25     1000      2324   14.00    3.00    0.00    0.00   17.00     8      0.00      0.00 5557092  381580   1.17      0.00      0.00      0.00       0  gnome-shell
15:12:25     1000      2622    6.00    1.00    0.00    0.00    7.00    11      0.00      0.00 5685392  231952   0.71      0.00      0.00      0.00       0  ToDesk
15:12:25        0      3243    1.00    1.00    0.00    0.00    2.00    10      0.00      0.00 2778564   67840   0.21     -1.00     -1.00     -1.00       0  ToDesk_Service
15:12:25     1000     32140    1.00    1.00    0.00    0.00    2.00     8      0.00      0.00 11729028  750732   2.30      0.00      0.00      0.00       0  com.alibabainc.
15:12:25     1000     45971    0.00    0.00    0.00    0.00    0.00     6      5.00      0.00 50049280  218528   0.67      0.00      0.00      0.00       0  com.alibabainc.
15:12:25        0    332726    0.00    0.00    0.00    0.00    0.00     4      2.00      0.00  361696  237184   0.73     -1.00     -1.00     -1.00       0  systemd-journal
15:12:25     1000    425666    0.00    0.00    0.00    0.00    0.00     5      1.00      0.00 50028472  261412   0.80      0.00      0.00      0.00       0  com.alibabainc.
15:12:25     1000    426077    1.00    0.00    0.00    0.00    1.00     8      0.00      0.00 50132492  528136   1.62      0.00      0.00      0.00       0  com.alibabainc.
15:12:25     1000    516139    2.00    1.00    0.00    0.00    3.00    15      0.00      0.00 5453760   37080   0.11      0.00      0.00      0.00       0  clash
15:12:25     1000    577014    1.00    1.00    0.00    0.00    2.00     0      0.00      0.00 1521087724  395072   1.21      0.00      0.00      0.00       0  code
15:12:25     1000    577063    6.00    1.00    0.00    0.00    7.00    15     45.00      0.00 51391936  245184   0.75      0.00      0.00      0.00       0  code
15:12:25     1000    577132    0.00    0.00    0.00    0.00    0.00     6     24.00      0.00 1520364784  383276   1.18      0.00      0.00      0.00       0  code
15:12:25     1000    577160    1.00    0.00    0.00    0.00    1.00     3      0.00      0.00 1518795316  679420   2.09      0.00      0.00      0.00       0  code
15:12:25     1000    577171    0.00    0.00    0.00    0.00    0.00     6      1.00      0.00 1520352992  124700   0.38      0.00      0.00      0.00       0  code
15:12:25     1000    853053   14.00    2.00    0.00    0.00   16.00     8   1279.00      0.00 55966672  498656   1.53      0.00     60.00      0.00       0  chrome
15:12:25     1000    853103   10.00    2.00    0.00    0.00   12.00    10    617.00      0.00 55990608  338680   1.04     48.00      0.00      0.00       0  chrome
15:12:25     1000    853105    8.00    9.00    0.00    0.00   17.00     8   1673.00      0.00 55067284   95340   0.29    176.00   1404.00     24.00       0  chrome
15:12:25     1000    853115    0.00    1.00    0.00    0.00    1.00     4   6283.00      0.00 55302144   57164   0.18      0.00    220.00      0.00       0  chrome
15:12:25     1000    853144    0.00    0.00    0.00    0.00    0.00     6      1.00      0.00 1518750072  119132   0.37      0.00      0.00      0.00       0  chrome
15:12:25     1000    880405    2.00    0.00    0.00    0.00    2.00     4    197.00      0.00 1518919328  506744   1.56      0.00      0.00      0.00       0  chrome
15:12:25     1000    881919    1.00    0.00    0.00    0.00    1.00    12     25.00      0.00 1518709688  114096   0.35      0.00      0.00      0.00       0  chrome
15:12:25     1000    881951    0.00    1.00    0.00    0.00    1.00     0      0.00      0.00 55182696   61440   0.19      0.00      0.00      0.00       0  chrome
15:12:25     1000    888233    0.00    1.00    0.00    0.00    1.00    12      0.00      0.00 1754848  368608   1.13      0.00      0.00      0.00       0  gnome-system-mo
15:12:25        0   1049858    0.00    1.00    0.00    0.00    1.00    12      0.00      0.00       0       0   0.00     -1.00     -1.00     -1.00       0  kworker/u64:9-writeback
15:12:25     1000   1068542    0.00    0.00    0.00    0.00    0.00    14    193.00      0.00 1518809676  274600   0.84      0.00      0.00      0.00       0  chrome
15:12:25     1000   1074725    0.00    0.00    0.00    0.00    0.00    13     36.00      0.00  662896  183448   0.56      0.00    288.00    112.00       0  codex
15:12:25     1000   1075226    2.00    0.00    0.00    0.00    2.00    13     11.00      0.00 1518709156  332508   1.02      0.00      0.00      0.00       0  code
15:12:25     1000   1109016    4.00    1.00    0.00    0.00    5.00     2      0.00      0.00  900152   36380   0.11      0.00      0.00      0.00       0  real_go2_input_
15:12:25     1000   1109017   16.00    1.00    0.00    0.00   17.00    14    111.00      0.00  888092   78604   0.24      0.00      0.00      0.00       0  python3
15:12:25     1000   1109018   46.00    1.00    0.00    0.00   47.00     0      0.00      0.00 1173284  292704   0.90      0.00      0.00      0.00       0  scan_planner_no
15:12:25     1000   1109019    4.00    1.00    0.00    1.00    5.00     9      0.00      0.00  751152   32680   0.10      0.00      0.00      0.00       0  closed_loop_con
15:12:25     1000   1109020    3.00    1.00    0.00    0.00    4.00     7      0.00      0.00  750792   31364   0.10      0.00      0.00      0.00       0  cmd_vel_safety_
15:12:25     1000   1109021   18.00    0.00    0.00    0.00   18.00    11      0.00      0.00  884000   73308   0.23      0.00    112.00      0.00       0  telemetry_recor
15:12:25     1000   1109177    0.00    0.00    0.00    0.00    0.00    10      0.00      0.00   12840    5940   0.02      0.00      8.00      0.00       0  pidstat
15:12:25     1000   1109178    2.00    1.00    0.00    0.00    3.00     2      0.00      0.00 1103840  115792   0.36      0.00      0.00      0.00       0  ros2
15:12:25     1000   1109998   61.00   10.00    0.00    0.00   71.00    10  23669.00      0.00 1518880872  383856   1.18      0.00     92.00      0.00       0  chrome

# Time        UID       PID    %usr %system  %guest   %wait    %CPU   CPU  minflt/s  majflt/s     VSZ     RSS   %MEM   kB_rd/s   kB_wr/s kB_ccwr/s iodelay  Command
15:12:26        0         1    0.00    0.00    0.00    0.00    0.00    15      8.00      0.00   23564   14152   0.04     -1.00     -1.00     -1.00       0  systemd
15:12:26        0        15    0.00    1.00    0.00    0.00    1.00     4      0.00      0.00       0       0   0.00     -1.00     -1.00     -1.00       0  rcu_preempt
15:12:26        0        54    0.00    1.00    0.00    0.00    1.00    12      0.00      0.00       0       0   0.00     -1.00     -1.00     -1.00       0  migration/12
15:12:26        0       280    0.00    1.00    0.00    0.00    1.00    15      0.00      0.00       0       0   0.00     -1.00     -1.00     -1.00       0  irq/142-SYNA2BA6:00
15:12:26        0       676    0.00    2.00    0.00    0.00    2.00     1      0.00      0.00       0       0   0.00     -1.00     -1.00     -1.00       0  irq/163-rtw89_pci
15:12:26      987      1079    0.00    0.00    0.00    0.00    0.00    10      1.00      0.00  393536   16000   0.05     -1.00     -1.00     -1.00       0  polkitd
15:12:26     1000      2075    0.00    1.00    0.00    0.00    1.00    14      0.00      0.00  121312   17412   0.05      0.00      0.00      0.00       0  pipewire
15:12:26     1000      2324   12.00    3.00    0.00    0.00   15.00    14      6.00      0.00 5557156  381444   1.17      0.00      0.00      0.00       0  gnome-shell
15:12:26     1000      2622    4.00    2.00    0.00    0.00    6.00    11      0.00      0.00 5685392  231952   0.71      0.00      0.00      0.00       0  ToDesk
15:12:26        0      3243    0.00    2.00    0.00    0.00    2.00    10      0.00      0.00 2778564   67840   0.21     -1.00     -1.00     -1.00       0  ToDesk_Service
15:12:26     1000     10213    0.00    0.00    0.00    0.00    0.00     2      5.00      0.00 1212301312  153700   0.47      0.00      0.00      0.00       0  github-desktop
15:12:26     1000     10251    0.00    0.00    0.00    0.00    0.00     5      3.00      0.00 34566360  113132   0.35      0.00      0.00      0.00       0  github-desktop
15:12:26     1000     32140    1.00    0.00    0.00    0.00    1.00     0      0.00      0.00 11729028  750732   2.30      0.00      4.00      0.00       0  com.alibabainc.
15:12:26     1000     45971    0.00    0.00    0.00    0.00    0.00     4      3.00      0.00 50049280  218656   0.67      0.00      0.00      0.00       0  com.alibabainc.
15:12:26        0    332726    0.00    0.00    0.00    0.00    0.00     4      2.00      0.00  361696  237184   0.73     -1.00     -1.00     -1.00       0  systemd-journal
15:12:26     1000    426077    0.00    0.00    0.00    0.00    0.00     8      1.00      0.00 50132492  528136   1.62      0.00      0.00      0.00       0  com.alibabainc.
15:12:26     1000    577014    1.00    1.00    0.00    0.00    2.00     4     16.00      0.00 1521087724  395072   1.21      0.00      0.00      0.00       0  code
15:12:26     1000    577063    5.00    1.00    0.00    0.00    6.00     8      2.00      0.00 51392512  245184   0.75      0.00      0.00      0.00       0  code
15:12:26     1000    577160    2.00    0.00    0.00    0.00    2.00     3      1.00      0.00 1518795316  679420   2.09      0.00      0.00      0.00       0  code
15:12:26     1000    577170    0.00    0.00    0.00    0.00    0.00    14      1.00      0.00 1520378324  115516   0.35      0.00      0.00      0.00       0  code
15:12:26     1000    577241    0.00    0.00    0.00    0.00    0.00    13      1.00      0.00  673380  182024   0.56      0.00      0.00      0.00       0  codex
15:12:26     1000    853053    1.00    1.00    0.00    0.00    2.00    15      1.00      0.00 55961552  497756   1.53      0.00      8.00      0.00       0  chrome
15:12:26     1000    853103    4.00    0.00    0.00    0.00    4.00    15     13.00      0.00 55984144  338448   1.04      0.00      0.00      0.00       0  chrome
15:12:26     1000    853105    0.00    0.00    0.00    0.00    0.00     8     12.00      0.00 55067284   95340   0.29      0.00      0.00      0.00       0  chrome
15:12:26     1000    880405    1.00    0.00    0.00    0.00    1.00     6      3.00      0.00 1518919328  506744   1.56      0.00      0.00      0.00       0  chrome
15:12:26     1000    885261    0.00    0.00    0.00    0.00    0.00     0      7.00      0.00 1518767568  317304   0.97      0.00      0.00      0.00       0  code
15:12:26        0   1068456    0.00    2.00    0.00    0.00    2.00     2      0.00      0.00       0       0   0.00     -1.00     -1.00     -1.00       0  kworker/u64:2-events_unbound
15:12:26     1000   1068542    0.00    0.00    0.00    0.00    0.00    10      0.00      0.00 1518809676  274040   0.84      0.00      0.00      0.00       0  chrome
15:12:26     1000   1073729    1.00    0.00    0.00    0.00    1.00     0      0.00      0.00  877608   71244   0.22      0.00      0.00      0.00       0  python3
15:12:26     1000   1074681    0.00    0.00    0.00    0.00    0.00    10     33.00      0.00 1520363292  298424   0.92      0.00      0.00      0.00       0  code
15:12:26     1000   1074725    1.00    0.00    0.00    0.00    1.00    13      0.00      0.00  662896  183448   0.56      0.00      0.00      0.00       0  codex
15:12:26     1000   1075226    1.00    1.00    0.00    0.00    2.00     1     17.00      0.00 1518709156  332508   1.02      0.00      0.00      0.00       0  code
15:12:26     1000   1109016    3.00    1.00    0.00    0.00    4.00     3      0.00      0.00  900152   36380   0.11      0.00      0.00      0.00       0  real_go2_input_
15:12:26     1000   1109017   10.00    0.00    0.00    0.00   10.00    12      0.00      0.00  888092   78604   0.24      0.00      0.00      0.00       0  python3
15:12:26     1000   1109018   30.00    0.00    0.00    0.00   30.00     7      0.00      0.00 1173284  292704   0.90      0.00      0.00      0.00       0  scan_planner_no
15:12:26     1000   1109019    2.00    0.00    0.00    0.00    2.00     8      0.00      0.00  751152   32680   0.10      0.00      0.00      0.00       0  closed_loop_con
15:12:26     1000   1109020    3.00    1.00    0.00    0.00    4.00     9      0.00      0.00  750792   31364   0.10      0.00      0.00      0.00       0  cmd_vel_safety_
15:12:26     1000   1109021   13.00    1.00    0.00    0.00   14.00     5      0.00      0.00  884000   73308   0.23      0.00    120.00      0.00       0  telemetry_recor
15:12:26     1000   1109177    0.00    1.00    0.00    0.00    1.00    10      0.00      0.00   12840    5940   0.02      0.00      8.00      0.00       0  pidstat
15:12:26     1000   1109178    3.00    1.00    0.00    0.00    4.00     4      0.00      0.00 1103840  115792   0.36      0.00      0.00      0.00       0  ros2
15:12:26     1000   1109998    5.00    1.00    0.00    0.00    6.00     4    349.00      0.00 1518880872  384848   1.18      0.00      0.00      0.00       0  chrome

# Time        UID       PID    %usr %system  %guest   %wait    %CPU   CPU  minflt/s  majflt/s     VSZ     RSS   %MEM   kB_rd/s   kB_wr/s kB_ccwr/s iodelay  Command
15:12:27        0       676    0.00    3.00    0.00    0.00    3.00     1      0.00      0.00       0       0   0.00     -1.00     -1.00     -1.00       0  irq/163-rtw89_pci
15:12:27        0      1071    0.00    1.00    0.00    0.00    1.00    10      0.00      0.00   15268    7648   0.02     -1.00     -1.00     -1.00       0  bluetoothd
15:12:27     1000      2324   12.00    2.00    0.00    0.00   14.00     4      5.00      0.00 5557160  381444   1.17      0.00      0.00      0.00       0  gnome-shell
15:12:27     1000      2622    5.00    3.00    0.00    0.00    8.00    11      0.00      0.00 5685392  231952   0.71      0.00      0.00      0.00       0  ToDesk
15:12:27        0      3243    1.00    1.00    0.00    0.00    2.00     6      0.00      0.00 2778564   67840   0.21     -1.00     -1.00     -1.00       0  ToDesk_Service
15:12:27     1000     32140    1.00    1.00    0.00    0.00    2.00     6      0.00      0.00 11729028  750732   2.30      0.00      0.00      0.00       0  com.alibabainc.
15:12:27     1000     32292    1.00    0.00    0.00    0.00    1.00     2      0.00      0.00 1475112   79308   0.24      0.00      0.00      0.00       0  com.alibabainc.
15:12:27     1000     45971    0.00    0.00    0.00    0.00    0.00     6      6.00      0.00 50049280  218656   0.67      0.00      0.00      0.00       0  com.alibabainc.
15:12:27     1000     46026    0.00    0.00    0.00    0.00    0.00     8      3.00      0.00 72700264  445424   1.37      0.00      0.00      0.00       0  com.alibabainc.
15:12:27     1000     52294    0.00    0.00    0.00    0.00    0.00     5      3.00      0.00 53387424  463828   1.42      0.00      0.00      0.00       0  com.alibabainc.
15:12:27        0    332726    0.00    0.00    0.00    0.00    0.00     4      1.00      0.00  361696  237184   0.73     -1.00     -1.00     -1.00       0  systemd-journal
15:12:27     1000    425666    0.00    0.00    0.00    0.00    0.00     5      1.00      0.00 50028472  261412   0.80      0.00      0.00      0.00       0  com.alibabainc.
15:12:27     1000    577014    1.00    1.00    0.00    0.00    2.00    13     14.00      0.00 1521087724  395072   1.21      0.00      0.00      0.00       0  code
15:12:27     1000    577063    5.00    2.00    0.00    0.00    7.00    10      1.00      0.00 51392512  245184   0.75      0.00      0.00      0.00       0  code
15:12:27     1000    577067    0.00    0.00    0.00    0.00    0.00     8     15.00      0.00 50711564   88336   0.27      0.00      0.00      0.00       0  code
15:12:27     1000    577160    1.00    1.00    0.00    0.00    2.00    12      0.00      0.00 1518795316  679420   2.09      0.00      0.00      0.00       0  code
15:12:27     1000    577170    0.00    0.00    0.00    0.00    0.00    12      9.00      0.00 1520378324  115516   0.35      0.00      0.00      0.00       0  code
15:12:27     1000    577241    0.00    0.00    0.00    0.00    0.00    13      1.00      0.00  673380  182024   0.56      0.00      0.00      0.00       0  codex
15:12:27     1000    853053    3.00    0.00    0.00    0.00    3.00     6     53.00      0.00 55961552  497756   1.53      0.00      0.00      0.00       0  chrome
15:12:27     1000    853103    4.00    1.00    0.00    0.00    5.00     2      9.00      0.00 55982084  338448   1.04      0.00      0.00      0.00       0  chrome
15:12:27     1000    853105    1.00    0.00    0.00    0.00    1.00     8    110.00      0.00 55067288   95468   0.29      4.00     20.00      0.00       0  chrome
15:12:27     1000    853115    0.00    0.00    0.00    0.00    0.00    10      2.00      0.00 55302144   56976   0.17      0.00      0.00      0.00       0  chrome
15:12:27     1000    880405    1.00    0.00    0.00    1.00    1.00    10      4.00      0.00 1518919328  506744   1.56      0.00      0.00      0.00       0  chrome
15:12:27     1000    881251    0.00    0.00    0.00    0.00    0.00    14      4.00      0.00 72661500  496340   1.52      0.00      0.00      0.00       0  com.alibabainc.
15:12:27     1000    881919    0.00    0.00    0.00    0.00    0.00    13      4.00      0.00 1518709688  114248   0.35      0.00      0.00      0.00       0  chrome
15:12:27     1000    881951    1.00    1.00    0.00    0.00    2.00     0      0.00      0.00 55182696   61440   0.19      0.00      0.00      0.00       0  chrome
15:12:27     1000    885261    0.00    0.00    0.00    0.00    0.00     0     47.00      0.00 1518767568  317304   0.97      0.00      0.00      0.00       0  code
15:12:27     1000    888233    3.00    1.00    0.00    0.00    4.00    14      1.00      0.00 1754328  368608   1.13      0.00      0.00      0.00       0  gnome-system-mo
15:12:27     1000    913217    0.00    0.00    0.00    0.00    0.00    12      4.00      0.00 72299740  382560   1.17      0.00      0.00      0.00       0  com.alibabainc.
15:12:27        0   1049858    0.00    1.00    0.00    0.00    1.00     8      0.00      0.00       0       0   0.00     -1.00     -1.00     -1.00       0  kworker/u64:9-events_unbound
15:12:27     1000   1074681    0.00    0.00    0.00    0.00    0.00    10      2.00      0.00 1520363292  298424   0.92      0.00      0.00      0.00       0  code
15:12:27     1000   1074725    0.00    1.00    0.00    0.00    1.00    13     27.00      0.00  662896  183448   0.56      0.00    184.00     80.00       0  codex
15:12:27     1000   1075226    1.00    0.00    0.00    0.00    1.00    14     99.00      0.00 1518709156  331800   1.02      0.00      0.00      0.00       0  code
15:12:27     1000   1109016    4.00    1.00    0.00    0.00    5.00    12      0.00      0.00  900152   36380   0.11      0.00      0.00      0.00       0  real_go2_input_
15:12:27     1000   1109017   10.00    0.00    0.00    0.00   10.00     9      0.00      0.00  888092   78604   0.24      0.00      0.00      0.00       0  python3
15:12:27     1000   1109018   29.00    0.00    0.00    0.00   29.00     7      0.00      0.00 1173284  292704   0.90      0.00      0.00      0.00       0  scan_planner_no
15:12:27     1000   1109019    3.00    0.00    0.00    0.00    3.00    13      0.00      0.00  751152   32680   0.10      0.00      0.00      0.00       0  closed_loop_con
15:12:27     1000   1109020    2.00    1.00    0.00    0.00    3.00     4      0.00      0.00  750792   31364   0.10      0.00      0.00      0.00       0  cmd_vel_safety_
15:12:27     1000   1109021   14.00    0.00    0.00    0.00   14.00     3      0.00      0.00  884000   73308   0.23      0.00    116.00      0.00       0  telemetry_recor
15:12:27     1000   1109177    0.00    0.00    0.00    0.00    0.00    10      0.00      0.00   12840    5940   0.02      0.00      8.00      0.00       0  pidstat
15:12:27     1000   1109178    2.00    1.00    0.00    0.00    3.00     6      0.00      0.00 1103840  115792   0.36      0.00      0.00      0.00       0  ros2
15:12:27     1000   1109998    8.00    1.00    0.00    0.00    9.00    11   1254.00      0.00 1518880872  389192   1.19      0.00      0.00      0.00       0  chrome

# Time        UID       PID    %usr %system  %guest   %wait    %CPU   CPU  minflt/s  majflt/s     VSZ     RSS   %MEM   kB_rd/s   kB_wr/s kB_ccwr/s iodelay  Command
15:12:28        0       676    0.00    3.00    0.00    0.00    3.00     1      0.00      0.00       0       0   0.00     -1.00     -1.00     -1.00       0  irq/163-rtw89_pci
15:12:28     1000      2324   18.00    4.00    0.00    0.00   22.00     6     44.00      0.00 5557160  381444   1.17      0.00      0.00      0.00       0  gnome-shell
15:12:28     1000      2622    4.00    1.00    0.00    0.00    5.00    11      0.00      0.00 5685392  231952   0.71      0.00      0.00      0.00       0  ToDesk
15:12:28     1000      2801    0.00    0.00    0.00    0.00    0.00     1      2.00      0.00  809716  184916   0.57      0.00      0.00      0.00       0  Xwayland
15:12:28        0      3243    0.00    2.00    0.00    0.00    2.00    12      0.00      0.00 2778564   67840   0.21     -1.00     -1.00     -1.00       0  ToDesk_Service
15:12:28     1000     10268    0.00    0.00    0.00    0.00    0.00     8      3.00      0.00 33882424   63200   0.19      0.00      0.00      0.00       0  github-desktop
15:12:28     1000     32140    1.00    0.00    0.00    0.00    1.00     9      0.00      0.00 11729028  750732   2.30      0.00      0.00      0.00       0  com.alibabainc.
15:12:28     1000     45971    0.00    0.00    0.00    0.00    0.00     6      5.00      0.00 50049280  218656   0.67      0.00      0.00      0.00       0  com.alibabainc.
15:12:28        0    332726    1.00    0.00    0.00    0.00    1.00    14      1.00      0.00  361696  237184   0.73     -1.00     -1.00     -1.00       0  systemd-journal
15:12:28     1000    425666    0.00    0.00    0.00    0.00    0.00     5      3.00      0.00 50028472  261412   0.80      0.00      0.00      0.00       0  com.alibabainc.
15:12:28     1000    516139    1.00    0.00    0.00    0.00    1.00    15      4.00      0.00 5453760   37080   0.11      0.00      0.00      0.00       0  clash
15:12:28     1000    577014    2.00    0.00    0.00    0.00    2.00     2      1.00      0.00 1521087724  395072   1.21      0.00      0.00      0.00       0  code
15:12:28     1000    577063    5.00    0.00    0.00    0.00    5.00     0      2.00      0.00 51392512  245184   0.75      0.00      0.00      0.00       0  code
15:12:28     1000    577107    1.00    0.00    0.00    0.00    1.00     8     10.00      0.00 1520761120  592424   1.82      0.00      0.00      0.00       0  code
15:12:28     1000    577160    1.00    0.00    0.00    0.00    1.00    10    123.00      0.00 1518795316  679420   2.09      0.00      0.00      0.00       0  code
15:12:28     1000    577170    1.00    0.00    0.00    0.00    1.00    12      6.00      0.00 1520378324  115516   0.35      0.00      0.00      0.00       0  code
15:12:28     1000    577171    0.00    0.00    0.00    0.00    0.00     6    199.00      0.00 1520352992  125212   0.38      0.00      0.00      0.00       0  code
15:12:28     1000    577172    0.00    0.00    0.00    0.00    0.00    15      3.00      0.00 1520369816  113428   0.35      0.00      0.00      0.00       0  code
15:12:28     1000    577320    0.00    0.00    0.00    0.00    0.00     3     28.00      0.00 1520354644  108556   0.33      0.00      0.00      0.00       0  code
15:12:28     1000    853053    3.00    2.00    0.00    0.00    5.00    12    194.00      8.00 55964688  497048   1.53    340.00     12.00      0.00       0  chrome
15:12:28     1000    853103    9.00    3.00    0.00    0.00   12.00    14    220.00      0.00 55986696  338432   1.04      0.00      0.00      0.00       0  chrome
15:12:28     1000    853105    0.00    1.00    0.00    0.00    1.00    10    108.00      0.00 55067288   94844   0.29     24.00     20.00      0.00       0  chrome
15:12:28     1000    853115    0.00    0.00    0.00    0.00    0.00    10      2.00      0.00 55302144   56976   0.17      0.00      4.00      0.00       0  chrome
15:12:28     1000    880405    1.00    1.00    0.00    0.00    2.00    15      4.00      0.00 1518919328  506744   1.56      0.00      0.00      0.00       0  chrome
15:12:28     1000    881919    0.00    0.00    0.00    0.00    0.00    14      2.00      0.00 1518709688  114248   0.35      0.00      0.00      0.00       0  chrome
15:12:28     1000    885261    0.00    0.00    0.00    0.00    0.00     2    192.00      0.00 1518767568  318228   0.98      0.00      0.00      0.00       0  code
15:12:28        0   1049858    0.00    1.00    0.00    0.00    1.00    10      0.00      0.00       0       0   0.00     -1.00     -1.00     -1.00       0  kworker/u64:9-events_power_efficient
15:12:28     1000   1074666    0.00    0.00    0.00    0.00    0.00    12      1.00      0.00 1520369816  130212   0.40      0.00      0.00      0.00       0  code
15:12:28     1000   1074681    0.00    0.00    0.00    0.00    0.00    10     27.00      0.00 1520363292  298424   0.92      0.00      0.00      0.00       0  code
15:12:28     1000   1074725    1.00    0.00    0.00    0.00    1.00    13    141.00      0.00  663028  183448   0.56      0.00      0.00      0.00       0  codex
15:12:28     1000   1075226    2.00    1.00    0.00    0.00    3.00     7      4.00      0.00 1518709156  331800   1.02      0.00      0.00      0.00       0  code
15:12:28        0   1106397    0.00    1.00    0.00    0.00    1.00    15      0.00      0.00       0       0   0.00     -1.00     -1.00     -1.00       0  kworker/u65:2-i915_flip
15:12:28     1000   1109016    3.00    1.00    0.00    0.00    4.00    12      0.00      0.00  900152   36380   0.11      0.00      0.00      0.00       0  real_go2_input_
15:12:28     1000   1109017   12.00    0.00    0.00    0.00   12.00     9      0.00      0.00  888092   78604   0.24      0.00      0.00      0.00       0  python3
15:12:28     1000   1109018   31.00    1.00    0.00    0.00   32.00     4      0.00      0.00 1173284  292704   0.90      0.00      0.00      0.00       0  scan_planner_no
15:12:28     1000   1109019    1.00    2.00    0.00    0.00    3.00    11      0.00      0.00  751152   32680   0.10      0.00      0.00      0.00       0  closed_loop_con
15:12:28     1000   1109020    3.00    1.00    0.00    0.00    4.00    12      0.00      0.00  750792   31364   0.10      0.00      0.00      0.00       0  cmd_vel_safety_
15:12:28     1000   1109021   14.00    0.00    0.00    0.00   14.00     0      0.00      0.00  884000   73308   0.23      0.00    112.00      0.00       0  telemetry_recor
15:12:28     1000   1109177    1.00    1.00    0.00    0.00    2.00    10      0.00      0.00   12840    5940   0.02      0.00      4.00      0.00       0  pidstat
15:12:28     1000   1109178    2.00    1.00    0.00    0.00    3.00     4      0.00      0.00 1103840  115792   0.36      0.00      0.00      0.00       0  ros2
15:12:28     1000   1109998   20.00    3.00    0.00    0.00   23.00    15   3960.00      1.00 1518880872  399328   1.23      4.00      0.00      0.00       0  chrome

# Time        UID       PID    %usr %system  %guest   %wait    %CPU   CPU  minflt/s  majflt/s     VSZ     RSS   %MEM   kB_rd/s   kB_wr/s kB_ccwr/s iodelay  Command
15:12:29        0        15    0.00    1.00    0.00    0.00    1.00     1      0.00      0.00       0       0   0.00     -1.00     -1.00     -1.00       0  rcu_preempt
15:12:29        0        66    0.00    1.00    0.00    0.00    1.00    14      0.00      0.00       0       0   0.00     -1.00     -1.00     -1.00       0  migration/14
15:12:29        0       676    0.00    2.00    0.00    0.00    2.00     1      0.00      0.00       0       0   0.00     -1.00     -1.00     -1.00       0  irq/163-rtw89_pci
15:12:29     1000      2081    0.00    1.00    0.00    0.00    1.00     8      0.00      0.00  160528   48336   0.15      0.00      0.00      0.00       0  pipewire-pulse
15:12:29     1000      2324   12.00    3.00    0.00    0.00   15.00     6      2.00      0.00 5557160  381444   1.17      0.00      0.00      0.00       0  gnome-shell
15:12:29     1000      2622    5.00    2.00    0.00    0.00    7.00     4      0.00      0.00 5685392  231952   0.71      0.00      0.00      0.00       0  ToDesk
15:12:29        0      3243    1.00    2.00    0.00    0.00    3.00    13      1.00      0.00 2778564   67840   0.21     -1.00     -1.00     -1.00       0  ToDesk_Service
15:12:29     1000     32140    2.00    0.00    0.00    0.00    2.00     0      0.00      0.00 11729028  750732   2.30      0.00      0.00      0.00       0  com.alibabainc.
15:12:29     1000     45971    0.00    0.00    0.00    0.00    0.00     6      4.00      0.00 50049280  218656   0.67      0.00      0.00      0.00       0  com.alibabainc.
15:12:29        0    332726    0.00    0.00    0.00    0.00    0.00     8      1.00      0.00  361696  237184   0.73     -1.00     -1.00     -1.00       0  systemd-journal
15:12:29     1000    425666    0.00    1.00    0.00    0.00    1.00     5      1.00      0.00 50028472  261412   0.80      0.00      0.00      0.00       0  com.alibabainc.
15:12:29     1000    516139    0.00    1.00    0.00    0.00    1.00     4      0.00      0.00 5453760   37080   0.11      0.00      0.00      0.00       0  clash
15:12:29     1000    577063    0.00    0.00    0.00    0.00    0.00     0     10.00      0.00 51392512  245184   0.75      0.00      0.00      0.00       0  code
15:12:29     1000    577132    0.00    1.00    0.00    0.00    1.00    10     27.00      0.00 1520364784  383276   1.18      0.00      0.00      0.00       0  code
15:12:29     1000    577160    1.00    0.00    0.00    0.00    1.00    10      0.00      0.00 1518795316  679420   2.09      0.00      0.00      0.00       0  code
15:12:29     1000    577170    0.00    1.00    0.00    0.00    1.00    12      0.00      0.00 1520378324  115516   0.35      0.00      0.00      0.00       0  code
15:12:29     1000    577241    0.00    0.00    0.00    0.00    0.00    13      1.00      0.00  673380  182024   0.56      0.00      0.00      0.00       0  codex
15:12:29     1000    853053    3.00    1.00    0.00    0.00    4.00    14     53.00      0.00 55967128  497304   1.53      0.00     12.00      0.00       0  chrome
15:12:29     1000    853103    5.00    2.00    0.00    0.00    7.00     4    158.00      0.00 56007692  346440   1.06      0.00      0.00      0.00       0  chrome
15:12:29     1000    853105    1.00    0.00    0.00    0.00    1.00    10     53.00      0.00 55067288   95128   0.29      0.00     68.00      0.00       0  chrome
15:12:29     1000    880405    2.00    0.00    0.00    0.00    2.00     0      4.00      0.00 1518919328  506744   1.56      0.00      0.00      0.00       0  chrome
15:12:29     1000    881919    0.00    0.00    0.00    0.00    0.00    14      1.00      0.00 1518709688  114248   0.35      0.00      0.00      0.00       0  chrome
15:12:29     1000    881951    1.00    0.00    0.00    0.00    1.00     2      0.00      0.00 55182696   61440   0.19      0.00      0.00      0.00       0  chrome
15:12:29     1000    885261    0.00    0.00    0.00    0.00    0.00     0      2.00      0.00 1518767568  318228   0.98      0.00      0.00      0.00       0  code
15:12:29        0    940783    0.00    1.00    0.00    0.00    1.00    14      0.00      0.00       0       0   0.00     -1.00     -1.00     -1.00       0  kworker/14:1-events
15:12:29        0   1068456    0.00    1.00    0.00    0.00    1.00    10      0.00      0.00       0       0   0.00     -1.00     -1.00     -1.00       0  kworker/u64:2-events_unbound
15:12:29     1000   1068542    1.00    0.00    0.00    0.00    1.00     4      1.00      0.00 1518803672  268212   0.82      0.00      0.00      0.00       0  chrome
15:12:29     1000   1074725    0.00    0.00    0.00    0.00    0.00    13     18.00      0.00  662896  183448   0.56      0.00     72.00      0.00       0  codex
15:12:29        0   1108714    0.00    1.00    0.00    0.00    1.00    15      0.00      0.00       0       0   0.00     -1.00     -1.00     -1.00       0  kworker/15:1-i915-unordered
15:12:29     1000   1109012    0.00    0.00    0.00    0.00    0.00     8      0.00      0.00  204044   41564   0.13      0.00      4.00      0.00       0  ros2
15:12:29     1000   1109016    3.00    1.00    0.00    0.00    4.00    15      0.00      0.00  900152   36380   0.11      0.00      0.00      0.00       0  real_go2_input_
15:12:29     1000   1109017   10.00    0.00    0.00    0.00   10.00     2      0.00      0.00  888092   78604   0.24      0.00      0.00      0.00       0  python3
15:12:29     1000   1109018   28.00    0.00    0.00    0.00   28.00     7      0.00      0.00 1173284  292704   0.90      0.00      0.00      0.00       0  scan_planner_no
15:12:29     1000   1109019    3.00    0.00    0.00    0.00    3.00    12      0.00      0.00  751152   32680   0.10      0.00      0.00      0.00       0  closed_loop_con
15:12:29     1000   1109020    3.00    1.00    0.00    0.00    4.00    12      0.00      0.00  750792   31364   0.10      0.00      0.00      0.00       0  cmd_vel_safety_
15:12:29     1000   1109021   14.00    1.00    0.00    0.00   15.00     2      0.00      0.00  884000   73308   0.23      0.00    116.00      0.00       0  telemetry_recor
15:12:29     1000   1109177    0.00    1.00    0.00    0.00    1.00    10      0.00      0.00   12840    5940   0.02      0.00      8.00      0.00       0  pidstat
15:12:29     1000   1109178    3.00    1.00    0.00    0.00    4.00     4      0.00      0.00 1103840  115792   0.36      0.00      0.00      0.00       0  ros2
15:12:29     1000   1109998    7.00    1.00    0.00    0.00    8.00     9   4718.00      0.00 1518900072  417704   1.28      0.00     44.00      0.00       0  chrome

# Time        UID       PID    %usr %system  %guest   %wait    %CPU   CPU  minflt/s  majflt/s     VSZ     RSS   %MEM   kB_rd/s   kB_wr/s kB_ccwr/s iodelay  Command
15:12:30        0       676    0.00    3.00    0.00    0.00    3.00     1      0.00      0.00       0       0   0.00     -1.00     -1.00     -1.00       0  irq/163-rtw89_pci
15:12:30        0      1142    1.00    0.00    0.00    0.00    1.00     2      0.00      0.00   18372   11308   0.03     -1.00     -1.00     -1.00       0  wpa_supplicant
15:12:30     1000      2075    0.00    1.00    0.00    0.00    1.00    14      0.00      0.00  121312   17412   0.05      0.00      0.00      0.00       0  pipewire
15:12:30     1000      2081    1.00    0.00    0.00    0.00    1.00     2      0.00      0.00  160528   48336   0.15      0.00      0.00      0.00       0  pipewire-pulse
15:12:30     1000      2324   12.00    2.00    0.00    0.00   14.00     0     28.00      0.00 5557156  381572   1.17      0.00      0.00      0.00       0  gnome-shell
15:12:30     1000      2622    5.00    1.00    0.00    0.00    6.00     6      0.00      0.00 5685392  231952   0.71      0.00      0.00      0.00       0  ToDesk
15:12:30      123      3242    1.00    0.00    0.00    0.00    1.00     8      5.00      0.00 2382188   76072   0.23     -1.00     -1.00     -1.00       0  nxserver.bin
15:12:30        0      3243    0.00    1.00    0.00    0.00    1.00    13      0.00      0.00 2778564   67840   0.21     -1.00     -1.00     -1.00       0  ToDesk_Service
15:12:30     1000     10213    0.00    0.00    0.00    0.00    0.00     2      8.00      0.00 1212301312  153700   0.47      0.00      0.00      0.00       0  github-desktop
15:12:30     1000     10251    0.00    0.00    0.00    0.00    0.00     5      3.00      0.00 34566360  113132   0.35      0.00      0.00      0.00       0  github-desktop
15:12:30     1000     32140    1.00    1.00    0.00    0.00    2.00     6      0.00      0.00 11729028  750732   2.30      0.00      0.00      0.00       0  com.alibabainc.
15:12:30     1000     45971    1.00    0.00    0.00    0.00    1.00    10      4.00      0.00 50049280  218656   0.67      0.00      0.00      0.00       0  com.alibabainc.
15:12:30        0    332726    0.00    0.00    0.00    0.00    0.00     4      1.00      0.00  361696  237184   0.73     -1.00     -1.00     -1.00       0  systemd-journal
15:12:30     1000    425666    1.00    0.00    0.00    0.00    1.00     5      0.00      0.00 50028472  261412   0.80      0.00      0.00      0.00       0  com.alibabainc.
15:12:30     1000    577014    0.00    0.00    0.00    0.00    0.00    10     15.00      0.00 1521087724  395072   1.21      0.00      0.00      0.00       0  code
15:12:30     1000    577132    0.00    0.00    0.00    0.00    0.00    12      3.00      0.00 1520364784  383276   1.18      0.00      0.00      0.00       0  code
15:12:30     1000    577160    0.00    0.00    0.00    0.00    0.00    12      1.00      0.00 1518795316  679420   2.09      0.00      0.00      0.00       0  code
15:12:30     1000    577170    0.00    0.00    0.00    0.00    0.00    13      3.00      0.00 1520378324  115516   0.35      0.00      0.00      0.00       0  code
15:12:30     1000    577172    0.00    0.00    0.00    0.00    0.00    15      3.00      0.00 1520369816  113428   0.35      0.00      0.00      0.00       0  code
15:12:30     1000    577241    0.00    0.00    0.00    0.00    0.00    13      1.00      0.00  673380  182024   0.56      0.00      0.00      0.00       0  codex
15:12:30     1000    578115    0.00    0.00    0.00    0.00    0.00    12      1.00      0.00 1518311084   83848   0.26      0.00      0.00      0.00       0  code
15:12:30     1000    799234    1.00    0.00    0.00    0.00    1.00     4      0.00      0.00 2026456  190724   0.59      0.00      0.00      0.00       0  gnome-control-c
15:12:30     1000    853053    1.00    1.00    0.00    0.00    2.00     2      2.00      0.00 55963992  497304   1.53      0.00      0.00      0.00       0  chrome
15:12:30     1000    853103    3.00    1.00    0.00    0.00    4.00     8      5.00      0.00 56003260  346712   1.06      0.00      0.00      0.00       0  chrome
15:12:30     1000    853105    1.00    1.00    0.00    0.00    2.00    10    338.00      0.00 55069336   95208   0.29      0.00   1228.00      0.00       0  chrome
15:12:30     1000    880405    1.00    0.00    0.00    0.00    1.00    12      8.00      0.00 1518919328  506744   1.56      0.00      0.00      0.00       0  chrome
15:12:30     1000    885261    1.00    0.00    0.00    0.00    1.00     2      1.00      0.00 1518767568  318228   0.98      0.00      0.00      0.00       0  code
15:12:30     1000    888233    1.00    1.00    0.00    0.00    2.00     2      2.00      0.00 1754332  368608   1.13      0.00      0.00      0.00       0  gnome-system-mo
15:12:30        0   1049858    0.00    1.00    0.00    0.00    1.00     4      0.00      0.00       0       0   0.00     -1.00     -1.00     -1.00       0  kworker/u64:9-ext4-rsv-conversion
15:12:30        0   1068456    0.00    1.00    0.00    0.00    1.00     4      0.00      0.00       0       0   0.00     -1.00     -1.00     -1.00       0  kworker/u64:2-events_unbound
15:12:30     1000   1068542    0.00    0.00    0.00    0.00    0.00     6      9.00      0.00 1518803672  268212   0.82      0.00      0.00      0.00       0  chrome
15:12:30     1000   1074681    0.00    0.00    0.00    0.00    0.00    10     19.00      0.00 1520363292  298424   0.92      0.00      0.00      0.00       0  code
15:12:30     1000   1109016    4.00    1.00    0.00    0.00    5.00    15      0.00      0.00  900152   36380   0.11      0.00      0.00      0.00       0  real_go2_input_
15:12:30     1000   1109017   10.00    0.00    0.00    0.00   10.00     0      0.00      0.00  888092   78604   0.24      0.00      0.00      0.00       0  python3
15:12:30     1000   1109018   28.00    0.00    0.00    1.00   28.00     7      0.00      0.00 1173284  292704   0.90      0.00      4.00      0.00       0  scan_planner_no
15:12:30     1000   1109019    1.00    2.00    0.00    0.00    3.00    13      0.00      0.00  751152   32680   0.10      0.00      0.00      0.00       0  closed_loop_con
15:12:30     1000   1109020    3.00    1.00    0.00    0.00    4.00     4      0.00      0.00  750792   31364   0.10      0.00      0.00      0.00       0  cmd_vel_safety_
15:12:30     1000   1109021   13.00    0.00    0.00    0.00   13.00     8      0.00      0.00  884000   73308   0.23      0.00    112.00      0.00       0  telemetry_recor
15:12:30     1000   1109177    0.00    1.00    0.00    0.00    1.00    10      0.00      0.00   12840    5940   0.02      0.00      8.00      0.00       0  pidstat
15:12:30     1000   1109178    2.00    2.00    0.00    0.00    4.00     4      0.00      0.00 1103840  115792   0.36      0.00      0.00      0.00       0  ros2
15:12:30     1000   1109998    7.00    1.00    0.00    0.00    8.00     9    960.00      0.00 1518902120  420196   1.29      0.00      0.00      0.00       0  chrome

# Time        UID       PID    %usr %system  %guest   %wait    %CPU   CPU  minflt/s  majflt/s     VSZ     RSS   %MEM   kB_rd/s   kB_wr/s kB_ccwr/s iodelay  Command
15:12:31     1000      2324    9.00    2.00    0.00    0.00   11.00     9      0.00      0.00 5557156  381572   1.17      0.00      0.00      0.00       0  gnome-shell
15:12:31     1000      2622    4.00    2.00    0.00    0.00    6.00     8      0.00      0.00 5685392  231952   0.71      0.00      0.00      0.00       0  ToDesk
15:12:31      123      3242    1.00    1.00    0.00    0.00    2.00     8      0.00      0.00 2382188   76072   0.23     -1.00     -1.00     -1.00       0  nxserver.bin
15:12:31        0      3243    1.00    2.00    0.00    0.00    3.00    13      0.00      0.00 2778564   67840   0.21     -1.00     -1.00     -1.00       0  ToDesk_Service
15:12:31     1000     32140    2.00    0.00    0.00    0.00    2.00     8      0.00      0.00 11729028  750732   2.30      0.00      0.00      0.00       0  com.alibabainc.
15:12:31     1000     45971    0.00    0.00    0.00    0.00    0.00    10      3.00      0.00 50049280  218656   0.67      0.00      0.00      0.00       0  com.alibabainc.
15:12:31     1000    156386    1.00    0.00    0.00    0.00    1.00    13      0.00      0.00 1788224   49216   0.15      0.00      0.00      0.00       0  nxplayer.bin
15:12:31        0    332726    0.00    0.00    0.00    0.00    0.00     4     32.00      0.00  361696  237184   0.73     -1.00     -1.00     -1.00       0  systemd-journal
15:12:31     1000    425666    0.00    0.00    0.00    0.00    0.00    10      2.00      0.00 50028472  261412   0.80      0.00      0.00      0.00       0  com.alibabainc.
15:12:31     1000    577063    1.00    0.00    0.00    0.00    1.00     0      0.00      0.00 51392512  245184   0.75      0.00      0.00      0.00       0  code
15:12:31     1000    577067    0.00    0.00    0.00    0.00    0.00     8      3.00      0.00 50711564   88336   0.27      0.00      0.00      0.00       0  code
15:12:31     1000    577170    0.00    0.00    0.00    0.00    0.00    10      1.00      0.00 1520378324  115516   0.35      0.00      0.00      0.00       0  code
15:12:31     1000    853053    1.00    0.00    0.00    0.00    1.00     4     85.00      0.00 55963992  497432   1.53      0.00    236.00      0.00       0  chrome
15:12:31     1000    853103    4.00    0.00    0.00    0.00    4.00     8      6.00      0.00 55992204  346712   1.06      0.00      0.00      0.00       0  chrome
15:12:31     1000    853105    2.00    0.00    0.00    0.00    2.00    10    268.00      0.00 55067288   95080   0.29      0.00   1056.00      0.00       0  chrome
15:12:31     1000    853115    0.00    0.00    0.00    0.00    0.00    14      2.00      0.00 55302144   56976   0.17      0.00      0.00      0.00       0  chrome
15:12:31     1000    880405    1.00    1.00    0.00    0.00    2.00     0      4.00      0.00 1518919328  506872   1.56      0.00      0.00      0.00       0  chrome
15:12:31     1000    881951    1.00    1.00    0.00    0.00    2.00     0      0.00      0.00 55182696   61440   0.19      0.00      0.00      0.00       0  chrome
15:12:31        0   1049858    0.00    1.00    0.00    0.00    1.00     6      0.00      0.00       0       0   0.00     -1.00     -1.00     -1.00       0  kworker/u64:9-events_unbound
15:12:31     1000   1068542    0.00    0.00    0.00    0.00    0.00     6      2.00      0.00 1518803672  268212   0.82      0.00      0.00      0.00       0  chrome
15:12:31     1000   1074725    0.00    0.00    0.00    0.00    0.00    13      5.00      0.00  662896  183448   0.56      0.00     84.00      0.00       0  codex
15:12:31        0   1106397    0.00    1.00    0.00    0.00    1.00    12      0.00      0.00       0       0   0.00     -1.00     -1.00     -1.00       0  kworker/u65:2+i915_flip
15:12:31     1000   1109016    3.00    1.00    0.00    0.00    4.00    15      0.00      0.00  900152   36380   0.11      0.00      0.00      0.00       0  real_go2_input_
15:12:31     1000   1109017   10.00    1.00    0.00    0.00   11.00     5      0.00      0.00  888092   78604   0.24      0.00      0.00      0.00       0  python3
15:12:31     1000   1109018   30.00    1.00    0.00    0.00   31.00     7      1.00      0.00 1173284  292704   0.90      0.00      0.00      0.00       0  scan_planner_no
15:12:31     1000   1109019    3.00    0.00    0.00    0.00    3.00     4      0.00      0.00  751152   32680   0.10      0.00      0.00      0.00       0  closed_loop_con
15:12:31     1000   1109020    3.00    0.00    0.00    0.00    3.00    12      0.00      0.00  750792   31364   0.10      0.00      0.00      0.00       0  cmd_vel_safety_
15:12:31     1000   1109021   14.00    1.00    0.00    0.00   15.00     8      0.00      0.00  884000   73308   0.23      0.00    116.00      0.00       0  telemetry_recor
15:12:31     1000   1109177    0.00    0.00    0.00    0.00    0.00    10      0.00      0.00   12840    5940   0.02      0.00      8.00      0.00       0  pidstat
15:12:31     1000   1109178    2.00    1.00    0.00    0.00    3.00     6      0.00      0.00 1103840  115792   0.36      0.00      0.00      0.00       0  ros2
15:12:31     1000   1109998    5.00    2.00    0.00    0.00    7.00     5   1052.00      0.00 1518900072  423632   1.30      0.00      0.00      0.00       0  chrome

# Time        UID       PID    %usr %system  %guest   %wait    %CPU   CPU  minflt/s  majflt/s     VSZ     RSS   %MEM   kB_rd/s   kB_wr/s kB_ccwr/s iodelay  Command
15:12:32        0       676    0.00    1.00    0.00    0.00    1.00     1      0.00      0.00       0       0   0.00     -1.00     -1.00     -1.00       0  irq/163-rtw89_pci
15:12:32     1000      2075    1.00    0.00    0.00    0.00    1.00    14      0.00      0.00  121312   17412   0.05      0.00      0.00      0.00       0  pipewire
15:12:32     1000      2324   10.00    3.00    0.00    0.00   13.00     6      0.00      0.00 5557156  381572   1.17      0.00      0.00      0.00       0  gnome-shell
15:12:32     1000      2622    5.00    2.00    0.00    0.00    7.00     6      0.00      0.00 5685392  231952   0.71      0.00      0.00      0.00       0  ToDesk
15:12:32        0      3243    0.00    2.00    0.00    0.00    2.00     5      0.00      0.00 2778564   67840   0.21     -1.00     -1.00     -1.00       0  ToDesk_Service
15:12:32     1000     10268    0.00    0.00    0.00    0.00    0.00     6      3.00      0.00 33882424   63200   0.19      0.00      0.00      0.00       0  github-desktop
15:12:32     1000     32140    1.00    1.00    0.00    0.00    2.00     2      0.00      0.00 11729028  750732   2.30      0.00      0.00      0.00       0  com.alibabainc.
15:12:32     1000     45971    0.00    0.00    0.00    0.00    0.00     4      5.00      0.00 50049280  218656   0.67      0.00      0.00      0.00       0  com.alibabainc.
15:12:32        0    332726    0.00    0.00    0.00    0.00    0.00    13      1.00      0.00  361696  237184   0.73     -1.00     -1.00     -1.00       0  systemd-journal
15:12:32     1000    425773    1.00    0.00    0.00    0.00    1.00    10      0.00      0.00 50014516  390636   1.20      0.00      0.00      0.00       0  com.alibabainc.
15:12:32     1000    577014    0.00    0.00    0.00    0.00    0.00     4      5.00      0.00 1521087724  395072   1.21      0.00      0.00      0.00       0  code
15:12:32     1000    577170    0.00    0.00    0.00    0.00    0.00    14     15.00      0.00 1520378324  115516   0.35      0.00      0.00      0.00       0  code
15:12:32     1000    577171    0.00    0.00    0.00    0.00    0.00     6     35.00      0.00 1520352992  124876   0.38      0.00      0.00      0.00       0  code
15:12:32     1000    577172    0.00    0.00    0.00    0.00    0.00    15      2.00      0.00 1520369816  113428   0.35      0.00      0.00      0.00       0  code
15:12:32     1000    577320    0.00    0.00    0.00    0.00    0.00     3     12.00      0.00 1520354644  108556   0.33      0.00      0.00      0.00       0  code
15:12:32     1000    853053    1.00    2.00    0.00    0.00    3.00    14     88.00      0.00 55963992  496332   1.52      0.00     20.00      0.00       0  chrome
15:12:32     1000    853103    4.00    1.00    0.00    0.00    5.00    15     26.00      0.00 55983996  346580   1.06      0.00      0.00      0.00       0  chrome
15:12:32     1000    853105    0.00    0.00    0.00    0.00    0.00    10      0.00      0.00 55067288   94548   0.29      0.00      0.00      0.00       0  chrome
15:12:32     1000    880405    1.00    0.00    0.00    0.00    1.00     3      3.00      0.00 1518919328  506872   1.56      0.00      0.00      0.00       0  chrome
15:12:32        0   1049858    0.00    1.00    0.00    0.00    1.00     5      0.00      0.00       0       0   0.00     -1.00     -1.00     -1.00       0  kworker/u64:9-i915
15:12:32     1000   1068542    0.00    0.00    0.00    0.00    0.00     4     84.00      0.00 1518803672  268468   0.82      0.00      0.00      0.00       0  chrome
15:12:32     1000   1074666    0.00    0.00    0.00    0.00    0.00     2      1.00      0.00 1520369816  130064   0.40      0.00      0.00      0.00       0  code
15:12:32     1000   1074681    0.00    0.00    0.00    0.00    0.00    10     59.00      0.00 1520363292  298424   0.92      0.00      0.00      0.00       0  code
15:12:32     1000   1109016    3.00    0.00    0.00    0.00    3.00     3      0.00      0.00  900152   36380   0.11      0.00      0.00      0.00       0  real_go2_input_
15:12:32     1000   1109017   10.00    0.00    0.00    0.00   10.00     4      0.00      0.00  888092   78604   0.24      0.00      0.00      0.00       0  python3
15:12:32     1000   1109018   29.00    0.00    0.00    0.00   29.00     7      0.00      0.00 1173284  292704   0.90      0.00      0.00      0.00       0  scan_planner_no
15:12:32     1000   1109019    2.00    1.00    0.00    0.00    3.00    15      0.00      0.00  751152   32680   0.10      0.00      0.00      0.00       0  closed_loop_con
15:12:32     1000   1109020    3.00    1.00    0.00    1.00    4.00     8      0.00      0.00  750792   31364   0.10      0.00      0.00      0.00       0  cmd_vel_safety_
15:12:32     1000   1109021   12.00    0.00    0.00    0.00   12.00     2      0.00      0.00  884000   73308   0.23      0.00    112.00      0.00       0  telemetry_recor
15:12:32     1000   1109177    0.00    1.00    0.00    0.00    1.00    10      0.00      0.00   12840    5940   0.02      0.00      4.00      0.00       0  pidstat
15:12:32     1000   1109178    2.00    1.00    0.00    0.00    3.00     4      0.00      0.00 1103840  115792   0.36      0.00      0.00      0.00       0  ros2
15:12:32     1000   1109998    3.00    0.00    0.00    0.00    3.00     4    100.00      0.00 1518900072  424272   1.30      0.00      0.00      0.00       0  chrome

# Time        UID       PID    %usr %system  %guest   %wait    %CPU   CPU  minflt/s  majflt/s     VSZ     RSS   %MEM   kB_rd/s   kB_wr/s kB_ccwr/s iodelay  Command
15:12:33        0        15    0.00    1.00    0.00    0.00    1.00     8      0.00      0.00       0       0   0.00     -1.00     -1.00     -1.00       0  rcu_preempt
15:12:33        0       676    0.00    1.00    0.00    0.00    1.00     1      0.00      0.00       0       0   0.00     -1.00     -1.00     -1.00       0  irq/163-rtw89_pci
15:12:33     1000      2081    0.00    1.00    0.00    0.00    1.00     0      0.00      0.00  160528   48336   0.15      0.00      0.00      0.00       0  pipewire-pulse
15:12:33     1000      2324   14.00    1.00    0.00    0.00   15.00    14      0.00      0.00 5556900  381572   1.17      0.00      0.00      0.00       0  gnome-shell
15:12:33     1000      2622    5.00    2.00    0.00    0.00    7.00    14      0.00      0.00 5685392  231952   0.71      0.00      0.00      0.00       0  ToDesk
15:12:33        0      3243    1.00    1.00    0.00    0.00    2.00     5      0.00      0.00 2778564   67840   0.21     -1.00     -1.00     -1.00       0  ToDesk_Service
15:12:33     1000     32140    1.00    0.00    0.00    0.00    1.00    12      0.00      0.00 11729028  750732   2.30      0.00      0.00      0.00       0  com.alibabainc.
15:12:33     1000     45971    0.00    0.00    0.00    0.00    0.00     4      2.00      0.00 50049280  218656   0.67      0.00      0.00      0.00       0  com.alibabainc.
15:12:33        0    332726    0.00    0.00    0.00    0.00    0.00     4      1.00      0.00  361696  237184   0.73     -1.00     -1.00     -1.00       0  systemd-journal
15:12:33     1000    425666    0.00    0.00    0.00    0.00    0.00    13      1.00      0.00 50028472  261412   0.80      0.00      0.00      0.00       0  com.alibabainc.
15:12:33     1000    577063    0.00    0.00    0.00    0.00    0.00     0     18.00      0.00 51392512  245184   0.75      0.00      0.00      0.00       0  code
15:12:33     1000    577107    0.00    0.00    0.00    0.00    0.00     8     11.00      0.00 1520761120  592552   1.82      0.00      0.00      0.00       0  code
15:12:33     1000    577132    0.00    0.00    0.00    0.00    0.00    13     26.00      0.00 1520364784  383276   1.18      0.00      0.00      0.00       0  code
15:12:33     1000    577160    0.00    0.00    0.00    0.00    0.00    14      1.00      0.00 1518795316  679420   2.09      0.00      0.00      0.00       0  code
15:12:33     1000    577170    0.00    0.00    0.00    0.00    0.00    13      1.00      0.00 1520378324  115516   0.35      0.00      0.00      0.00       0  code
15:12:33     1000    577320    0.00    0.00    0.00    0.00    0.00     3     13.00      0.00 1520354644  108556   0.33      0.00      0.00      0.00       0  code
15:12:33     1000    853053    2.00    1.00    0.00    0.00    3.00    14     13.00      0.00 55963992  496332   1.52      0.00      0.00      0.00       0  chrome
15:12:33     1000    853103    5.00    1.00    0.00    0.00    6.00     8     47.00      0.00 55984592  346708   1.06      0.00      0.00      0.00       0  chrome
15:12:33     1000    853105    0.00    0.00    0.00    0.00    0.00    10     57.00      0.00 55067288   94804   0.29      0.00      0.00      0.00       0  chrome
15:12:33     1000    880405    1.00    0.00    0.00    0.00    1.00     3      8.00      0.00 1518919328  506872   1.56      0.00      0.00      0.00       0  chrome
15:12:33     1000    881919    0.00    0.00    0.00    0.00    0.00    12      1.00      0.00 1518709688  113988   0.35      0.00      0.00      0.00       0  chrome
15:12:33     1000    881951    1.00    0.00    0.00    0.00    1.00     0      0.00      0.00 55182696   61440   0.19      0.00      0.00      0.00       0  chrome
15:12:33     1000    888233    2.00    1.00    0.00    0.00    3.00     5      0.00      0.00 1754332  368608   1.13      0.00      0.00      0.00       0  gnome-system-mo
15:12:33     1000    913217    0.00    0.00    0.00    0.00    0.00    12      1.00      0.00 72299740  382560   1.17      0.00      0.00      0.00       0  com.alibabainc.
15:12:33        0   1068456    0.00    2.00    0.00    0.00    2.00     8      0.00      0.00       0       0   0.00     -1.00     -1.00     -1.00       0  kworker/u64:2-events_unbound
15:12:33     1000   1068542    0.00    0.00    0.00    0.00    0.00     4      0.00      0.00 1518803672  265408   0.81      0.00      0.00      0.00       0  chrome
15:12:33     1000   1074681    0.00    0.00    0.00    0.00    0.00    10      9.00      0.00 1520363292  298424   0.92      0.00      0.00      0.00       0  code
15:12:33     1000   1109016    3.00    1.00    0.00    0.00    4.00     3      0.00      0.00  900152   36380   0.11      0.00      0.00      0.00       0  real_go2_input_
15:12:33     1000   1109017    9.00    0.00    0.00    0.00    9.00     0      0.00      0.00  888092   78604   0.24      0.00      0.00      0.00       0  python3
15:12:33     1000   1109018   29.00    0.00    0.00    0.00   29.00     7      0.00      0.00 1173284  292704   0.90      0.00      0.00      0.00       0  scan_planner_no
15:12:33     1000   1109019    2.00    0.00    0.00    0.00    2.00     9      0.00      0.00  751152   32680   0.10      0.00      0.00      0.00       0  closed_loop_con
15:12:33     1000   1109020    3.00    1.00    0.00    0.00    4.00     2      0.00      0.00  750792   31364   0.10      0.00      0.00      0.00       0  cmd_vel_safety_
15:12:33     1000   1109021   13.00    0.00    0.00    0.00   13.00     8      0.00      0.00  884000   73308   0.23      0.00    116.00      0.00       0  telemetry_recor
15:12:33     1000   1109177    0.00    0.00    0.00    0.00    0.00     5      0.00      0.00   12840    5940   0.02      0.00      4.00      0.00       0  pidstat
15:12:33     1000   1109178    2.00    1.00    0.00    0.00    3.00     6      0.00      0.00 1103840  115792   0.36      0.00      0.00      0.00       0  ros2
15:12:33     1000   1109998    5.00    1.00    0.00    0.00    6.00    10    203.00      0.00 1518900072  424644   1.30      0.00      0.00      0.00       0  chrome
15:12:33     1000   1110618    0.00    0.00    0.00    0.00    0.00    14      6.00      0.00 1518593840   77632   0.24      0.00      0.00      0.00       0  chrome

# Time        UID       PID    %usr %system  %guest   %wait    %CPU   CPU  minflt/s  majflt/s     VSZ     RSS   %MEM   kB_rd/s   kB_wr/s kB_ccwr/s iodelay  Command
15:12:34        0      1370    0.00    1.00    0.00    0.00    1.00    13      0.00      0.00 2606064   21460   0.07     -1.00     -1.00     -1.00       0  containerd
15:12:34     1000      2075    0.00    1.00    0.00    0.00    1.00    14      0.00      0.00  121312   17412   0.05      0.00      0.00      0.00       0  pipewire
15:12:34     1000      2081    1.00    0.00    0.00    0.00    1.00     2      0.00      0.00  160528   48336   0.15      0.00      0.00      0.00       0  pipewire-pulse
15:12:34     1000      2324    9.00    1.00    0.00    1.00   10.00    14      0.00      0.00 5556900  381572   1.17      0.00      0.00      0.00       0  gnome-shell
15:12:34     1000      2622    5.00    3.00    0.00    0.00    8.00    10      0.00      0.00 5685392  231952   0.71      0.00      0.00      0.00       0  ToDesk
15:12:34        0      3243    1.00    2.00    0.00    0.00    3.00     6      0.00      0.00 2778564   67840   0.21     -1.00     -1.00     -1.00       0  ToDesk_Service
15:12:34     1000     10213    0.00    0.00    0.00    0.00    0.00     2      4.00      0.00 1212301312  153700   0.47      0.00      0.00      0.00       0  github-desktop
15:12:34     1000     10251    0.00    0.00    0.00    0.00    0.00     5      3.00      0.00 34566360  113132   0.35      0.00      0.00      0.00       0  github-desktop
15:12:34     1000     32140    2.00    1.00    0.00    0.00    3.00     4      0.00      0.00 11729028  750732   2.30      0.00      4.00      0.00       0  com.alibabainc.
15:12:34     1000     45971    0.00    0.00    0.00    0.00    0.00     4      4.00      0.00 50049280  218656   0.67      0.00      0.00      0.00       0  com.alibabainc.
15:12:34        0    332726    0.00    0.00    0.00    0.00    0.00    12      1.00      0.00  361696  237184   0.73     -1.00     -1.00     -1.00       0  systemd-journal
15:12:34     1000    425666    0.00    0.00    0.00    0.00    0.00    13      1.00      0.00 50028472  261412   0.80      0.00      0.00      0.00       0  com.alibabainc.
15:12:34     1000    577014    0.00    0.00    0.00    0.00    0.00     4     14.00      0.00 1521087724  395072   1.21      0.00      0.00      0.00       0  code
15:12:34     1000    577063    0.00    1.00    0.00    0.00    1.00     0      0.00      0.00 51392512  245184   0.75      0.00      0.00      0.00       0  code
15:12:34     1000    853053    1.00    0.00    0.00    0.00    1.00    15     16.00      0.00 55963992  496332   1.52      0.00      0.00      0.00       0  chrome
15:12:34     1000    853103    3.00    0.00    0.00    0.00    3.00     8      4.00      0.00 55984592  346844   1.06      0.00      0.00      0.00       0  chrome
15:12:34     1000    853105    0.00    0.00    0.00    0.00    0.00    10     29.00      0.00 55067288   94932   0.29      0.00      0.00      0.00       0  chrome
15:12:34     1000    856924    0.00    0.00    0.00    0.00    0.00    10   1352.00      0.00 1518794828  259084   0.80      0.00      0.00      0.00       0  chrome
15:12:34     1000    880405    1.00    1.00    0.00    0.00    2.00     3      1.00      0.00 1518919328  506872   1.56      0.00      0.00      0.00       0  chrome
15:12:34     1000    881919    0.00    0.00    0.00    0.00    0.00    12      1.00      0.00 1518709688  113988   0.35      0.00      0.00      0.00       0  chrome
15:12:34     1000    882233    0.00    0.00    0.00    0.00    0.00    14      2.00      0.00 1518829448  204052   0.63      0.00      0.00      0.00       0  chrome
15:12:34     1000    910028    0.00    0.00    0.00    0.00    0.00     5     46.00      0.00 1522802148  377780   1.16      0.00      0.00      0.00       0  chrome
15:12:34        0    950241    0.00    1.00    0.00    0.00    1.00     1      0.00      0.00       0       0   0.00     -1.00     -1.00     -1.00       0  kworker/1:3-mm_percpu_wq
15:12:34        0   1074653    0.00    1.00    0.00    0.00    1.00     6      0.00      0.00       0       0   0.00     -1.00     -1.00     -1.00       0  kworker/u64:3-i915
15:12:34     1000   1074725    1.00    0.00    0.00    0.00    1.00    13      0.00      0.00  646488  183448   0.56      0.00      0.00      0.00       0  codex
15:12:34     1000   1076599    0.00    0.00    0.00    0.00    0.00     4      0.00      0.00 1450897432   19428   0.06      0.00      0.00      0.00       0  codex-code-mode
15:12:34        0   1106397    0.00    1.00    0.00    0.00    1.00     4      0.00      0.00       0       0   0.00     -1.00     -1.00     -1.00       0  kworker/u65:2+i915_flip
15:12:34     1000   1109016    3.00    1.00    0.00    0.00    4.00     3      0.00      0.00  900152   36380   0.11      0.00      0.00      0.00       0  real_go2_input_
15:12:34     1000   1109017    9.00    0.00    0.00    0.00    9.00     7      0.00      0.00  888092   78604   0.24      0.00      0.00      0.00       0  python3
15:12:34     1000   1109018   30.00    0.00    0.00    0.00   30.00     0      0.00      0.00 1173284  292704   0.90      0.00      0.00      0.00       0  scan_planner_no
15:12:34     1000   1109019    2.00    1.00    0.00    0.00    3.00    12      0.00      0.00  751152   32680   0.10      0.00      0.00      0.00       0  closed_loop_con
15:12:34     1000   1109020    2.00    1.00    0.00    0.00    3.00     6      0.00      0.00  750792   31364   0.10      0.00      0.00      0.00       0  cmd_vel_safety_
15:12:34     1000   1109021   12.00    1.00    0.00    0.00   13.00     9      0.00      0.00  884000   73308   0.23      0.00    112.00      0.00       0  telemetry_recor
15:12:34     1000   1109177    1.00    1.00    0.00    0.00    2.00     5      0.00      0.00   12840    5940   0.02      0.00      8.00      0.00       0  pidstat
15:12:34     1000   1109178    2.00    2.00    0.00    0.00    4.00     4      0.00      0.00 1103840  115792   0.36      0.00      0.00      0.00       0  ros2
15:12:34     1000   1109998    3.00    0.00    0.00    0.00    3.00    10    105.00      0.00 1518900072  425028   1.30      0.00      0.00      0.00       0  chrome

# Time        UID       PID    %usr %system  %guest   %wait    %CPU   CPU  minflt/s  majflt/s     VSZ     RSS   %MEM   kB_rd/s   kB_wr/s kB_ccwr/s iodelay  Command
15:12:35     1000      2324    8.00    1.00    0.00    0.00    9.00    14      0.00      0.00 5556900  381572   1.17      0.00      0.00      0.00       0  gnome-shell
15:12:35     1000      2622    6.00    1.00    0.00    0.00    7.00    10      0.00      0.00 5685392  231952   0.71      0.00      0.00      0.00       0  ToDesk
15:12:35        0      3243    0.00    2.00    0.00    0.00    2.00    10      0.00      0.00 2778564   67840   0.21     -1.00     -1.00     -1.00       0  ToDesk_Service
15:12:35     1000     10268    0.00    0.00    0.00    0.00    0.00     6      2.00      0.00 33882424   63200   0.19      0.00      0.00      0.00       0  github-desktop
15:12:35     1000     32140    1.00    1.00    0.00    0.00    2.00    10      0.00      0.00 11729028  750732   2.30      0.00      0.00      0.00       0  com.alibabainc.
15:12:35     1000     45971    1.00    0.00    0.00    0.00    1.00     4      5.00      0.00 50049280  218656   0.67      0.00      0.00      0.00       0  com.alibabainc.
15:12:35        0    332726    0.00    0.00    0.00    0.00    0.00     6      2.00      0.00  361696  237184   0.73     -1.00     -1.00     -1.00       0  systemd-journal
15:12:35     1000    425666    0.00    0.00    0.00    0.00    0.00    13      1.00      0.00 50028472  261412   0.80      0.00      0.00      0.00       0  com.alibabainc.
15:12:35     1000    516139    1.00    0.00    0.00    0.00    1.00    12      0.00      0.00 5453760   37080   0.11      0.00      0.00      0.00       0  clash
15:12:35     1000    577067    0.00    0.00    0.00    0.00    0.00     8      3.00      0.00 50711564   88336   0.27      0.00      0.00      0.00       0  code
15:12:35     1000    577241    0.00    0.00    0.00    0.00    0.00    13      1.00      0.00  673380  182024   0.56      0.00      0.00      0.00       0  codex
15:12:35     1000    853053    1.00    0.00    0.00    1.00    1.00    15      9.00      0.00 55963992  496332   1.52      0.00      0.00      0.00       0  chrome
15:12:35     1000    853103    3.00    1.00    0.00    0.00    4.00     0     10.00      0.00 55980440  346604   1.06      0.00      0.00      0.00       0  chrome
15:12:35     1000    853105    0.00    1.00    0.00    0.00    1.00    10    147.00      0.00 55067288   94716   0.29      0.00    432.00      0.00       0  chrome
15:12:35     1000    853115    0.00    0.00    0.00    0.00    0.00    14    209.00      0.00 55302144   56896   0.17      0.00     68.00      0.00       0  chrome
15:12:35     1000    880405    2.00    0.00    0.00    0.00    2.00     6      6.00      0.00 1518919328  507000   1.56      0.00      0.00      0.00       0  chrome
15:12:35     1000    881919    0.00    0.00    0.00    0.00    0.00    15      5.00      0.00 1518709688  113988   0.35      0.00      0.00      0.00       0  chrome
15:12:35     1000    881951    1.00    1.00    0.00    0.00    2.00     2      0.00      0.00 55182696   61440   0.19      0.00      0.00      0.00       0  chrome
15:12:35        0   1068456    0.00    1.00    0.00    0.00    1.00     7      0.00      0.00       0       0   0.00     -1.00     -1.00     -1.00       0  kworker/u64:2-events_unbound
15:12:35     1000   1074725    0.00    0.00    0.00    0.00    0.00    13      1.00      0.00  646488  183448   0.56      0.00      0.00      0.00       0  codex
15:12:35     1000   1095170    1.00    0.00    0.00    0.00    1.00     5      0.00      0.00  882792   72364   0.22      0.00      0.00      0.00       0  python3
15:12:35     1000   1108992    0.00    0.00    0.00    0.00    0.00     8     37.00      0.00   10852    3600   0.01      0.00      8.00      0.00       0  bash
15:12:35     1000   1109016    1.00    1.00    0.00    0.00    2.00     5      1.00      0.00  900152   36380   0.11      0.00      0.00      0.00       0  real_go2_input_
15:12:35     1000   1109017    5.00    0.00    0.00    0.00    5.00     8     39.00      0.00  887832   78732   0.24      0.00      0.00      0.00       0  python3
15:12:35     1000   1109018   40.00    0.00    0.00    1.00   40.00    12    293.00      0.00 1263464  293600   0.90      0.00      4.00      0.00       0  scan_planner_no
15:12:35     1000   1109019    1.00    1.00    0.00    0.00    2.00    10      1.00      0.00  751048   32680   0.10      0.00      0.00      0.00       0  closed_loop_con
15:12:35     1000   1109020    3.00    1.00    0.00    0.00    4.00     8      2.00      0.00  750688   31364   0.10      0.00      0.00      0.00       0  cmd_vel_safety_
15:12:35     1000   1109021    9.00    0.00    0.00    0.00    9.00    10      1.00      0.00  883356   73308   0.23      0.00     60.00      0.00       0  telemetry_recor
15:12:35     1000   1109022    1.00    0.00    0.00    0.00    1.00     8      0.00      0.00  748984   30812   0.09      0.00      0.00      0.00       0  static_transfor
15:12:35     1000   1109177    0.00    0.00    0.00    0.00    0.00     5      0.00      0.00   12840    5940   0.02      0.00      4.00      0.00       0  pidstat
15:12:35     1000   1109998    2.00    1.00    0.00    0.00    3.00     8    340.00      0.00 1518896936  425652   1.31      0.00      0.00      0.00       0  chrome
15:12:35     1000   1110847    0.00    0.00    0.00    0.00    0.00     0    104.00      0.00    8864    1776   0.01      0.00      0.00      0.00       0  sleep

# Time        UID       PID    %usr %system  %guest   %wait    %CPU   CPU  minflt/s  majflt/s     VSZ     RSS   %MEM   kB_rd/s   kB_wr/s kB_ccwr/s iodelay  Command
15:12:36        0       676    0.00    1.00    0.00    0.00    1.00     1      0.00      0.00       0       0   0.00     -1.00     -1.00     -1.00       0  irq/163-rtw89_pci
15:12:36     1000      2324    8.00    2.00    0.00    0.00   10.00    14     13.00      1.00 5556900  381388   1.17      0.00      0.00      0.00       0  gnome-shell
15:12:36     1000      2622    5.00    3.00    0.00    0.00    8.00     6      0.00      0.00 5685392  231952   0.71      0.00      0.00      0.00       0  ToDesk
15:12:36        0      3243    1.00    2.00    0.00    0.00    3.00    10      0.00      0.00 2778564   67840   0.21     -1.00     -1.00     -1.00       0  ToDesk_Service
15:12:36     1000     10268    0.00    0.00    0.00    0.00    0.00     6      2.00      0.00 33882424   63200   0.19      0.00      0.00      0.00       0  github-desktop
15:12:36     1000     32140    1.00    0.00    0.00    0.00    1.00    12      0.00      0.00 11729028  750732   2.30      0.00      0.00      0.00       0  com.alibabainc.
15:12:36     1000     45971    0.00    1.00    0.00    0.00    1.00     6      4.00      0.00 50049280  218656   0.67      0.00      0.00      0.00       0  com.alibabainc.
15:12:36     1000     52294    0.00    0.00    0.00    0.00    0.00     6      3.00      0.00 53387424  463828   1.42      0.00      0.00      0.00       0  com.alibabainc.
15:12:36        0    332726    0.00    0.00    0.00    0.00    0.00    14      2.00      0.00  361696  237184   0.73     -1.00     -1.00     -1.00       0  systemd-journal
15:12:36     1000    426077    1.00    0.00    0.00    0.00    1.00     4      0.00      0.00 50132492  528136   1.62      0.00      0.00      0.00       0  com.alibabainc.
15:12:36     1000    577063    1.00    0.00    0.00    0.00    1.00     0      0.00      0.00 51392512  245184   0.75      0.00      0.00      0.00       0  code
15:12:36     1000    577160    0.00    0.00    0.00    0.00    0.00    14      1.00      0.00 1518795316  679420   2.09      0.00      0.00      0.00       0  code
15:12:36     1000    577170    0.00    0.00    0.00    0.00    0.00    13      6.00      0.00 1520378324  115516   0.35      0.00      0.00      0.00       0  code
15:12:36     1000    577171    0.00    0.00    0.00    0.00    0.00     6     36.00      0.00 1520352992  124876   0.38      0.00      0.00      0.00       0  code
15:12:36     1000    577172    0.00    0.00    0.00    0.00    0.00     6      3.00      0.00 1520369816  113428   0.35      0.00      0.00      0.00       0  code
15:12:36     1000    577320    0.00    0.00    0.00    0.00    0.00     3     12.00      0.00 1520354644  108556   0.33      0.00      0.00      0.00       0  code
15:12:36     1000    853053    1.00    0.00    0.00    0.00    1.00     6     19.00      0.00 55963992  496204   1.52      0.00      0.00      0.00       0  chrome
15:12:36     1000    853103    2.00    1.00    0.00    0.00    3.00     0     22.00      0.00 55970192  345168   1.06      0.00      0.00      0.00       0  chrome
15:12:36     1000    853105    0.00    0.00    0.00    0.00    0.00     5      3.00      0.00 55067288   94276   0.29      0.00      0.00      0.00       0  chrome
15:12:36     1000    880405    1.00    0.00    0.00    0.00    1.00     6      3.00      0.00 1518919328  507000   1.56      0.00      0.00      0.00       0  chrome
15:12:36     1000    888233    2.00    1.00    0.00    0.00    3.00     9      0.00      0.00 1754332  368608   1.13      0.00      0.00      0.00       0  gnome-system-mo
15:12:36        0   1074653    0.00    1.00    0.00    0.00    1.00    12      0.00      0.00       0       0   0.00     -1.00     -1.00     -1.00       0  kworker/u64:3-events_unbound
15:12:36     1000   1074666    0.00    0.00    0.00    0.00    0.00     2      5.00      0.00 1520369816  130064   0.40      0.00      0.00      0.00       0  code
15:12:36     1000   1074681    0.00    0.00    0.00    0.00    0.00    10     50.00      0.00 1520363292  298424   0.92      0.00      0.00      0.00       0  code
15:12:36     1000   1074725    0.00    0.00    0.00    0.00    0.00    13      1.00      0.00  646488  183448   0.56      0.00      0.00      0.00       0  codex
15:12:36     1000   1109012    0.00    0.00    0.00    0.00    0.00    10      0.00      0.00  204044   41564   0.13      0.00      4.00      0.00       0  ros2
15:12:36     1000   1109016    0.00    0.00    0.00    0.00    0.00     8      0.00      0.00  899612   35840   0.11      0.00      0.00      0.00       0  real_go2_input_
15:12:36     1000   1109018    6.00    0.00    0.00    0.00    6.00     8      0.00      0.00 1262924  293600   0.90      0.00      0.00      0.00       0  scan_planner_no
15:12:36     1000   1109019    1.00    0.00    0.00    0.00    1.00    10      0.00      0.00  750508   32680   0.10      0.00      0.00      0.00       0  closed_loop_con
15:12:36     1000   1109020    2.00    0.00    0.00    0.00    2.00     6      0.00      0.00  750148   31364   0.10      0.00      0.00      0.00       0  cmd_vel_safety_
15:12:36     1000   1109021    5.00    0.00    0.00    0.00    5.00    10      0.00      0.00  883356   73308   0.23      0.00     44.00      0.00       0  telemetry_recor
15:12:36     1000   1109177    1.00    0.00    0.00    0.00    1.00     5      0.00      0.00   12840    5940   0.02      0.00      8.00      0.00       0  pidstat
15:12:36     1000   1109998    2.00    1.00    0.00    0.00    3.00     5     72.00      0.00 1518896936  426164   1.31      0.00      0.00      0.00       0  chrome

# Time        UID       PID    %usr %system  %guest   %wait    %CPU   CPU  minflt/s  majflt/s     VSZ     RSS   %MEM   kB_rd/s   kB_wr/s kB_ccwr/s iodelay  Command
15:12:37        0        15    0.00    1.00    0.00    0.00    1.00     2      0.00      0.00       0       0   0.00     -1.00     -1.00     -1.00       0  rcu_preempt
15:12:37     1000      2081    0.00    1.00    0.00    0.00    1.00     2      0.00      0.00  160528   48336   0.15      0.00      0.00      0.00       0  pipewire-pulse
15:12:37     1000      2324    8.00    1.00    0.00    0.00    9.00     6      3.00      0.00 5556900  381388   1.17      0.00      0.00      0.00       0  gnome-shell
15:12:37     1000      2622    5.00    2.00    0.00    0.00    7.00     5      0.00      0.00 5685392  231952   0.71      0.00      0.00      0.00       0  ToDesk
15:12:37        0      3243    1.00    2.00    0.00    0.00    3.00     6      0.00      0.00 2778564   67840   0.21     -1.00     -1.00     -1.00       0  ToDesk_Service
15:12:37     1000     32140    1.00    1.00    0.00    0.00    2.00     6      0.00      0.00 11729028  750732   2.30      0.00      0.00      0.00       0  com.alibabainc.
15:12:37     1000     45971    0.00    0.00    0.00    0.00    0.00    10      4.00      0.00 50049280  218656   0.67      0.00      0.00      0.00       0  com.alibabainc.
15:12:37        0    332726    0.00    0.00    0.00    0.00    0.00     4      1.00      0.00  361696  237184   0.73     -1.00     -1.00     -1.00       0  systemd-journal
15:12:37     1000    425666    0.00    0.00    0.00    0.00    0.00     0      1.00      0.00 50028472  261412   0.80      0.00      0.00      0.00       0  com.alibabainc.
15:12:37     1000    577014    0.00    0.00    0.00    0.00    0.00     6      7.00      0.00 1521087724  395072   1.21      0.00      0.00      0.00       0  code
15:12:37     1000    577063    0.00    0.00    0.00    0.00    0.00     0     18.00      0.00 51392512  245184   0.75      0.00      0.00      0.00       0  code
15:12:37     1000    577132    1.00    0.00    0.00    0.00    1.00    14     27.00      0.00 1520364784  383276   1.18      0.00      0.00      0.00       0  code
15:12:37     1000    577170    0.00    0.00    0.00    0.00    0.00     4      9.00      0.00 1520378324  115516   0.35      0.00      0.00      0.00       0  code
15:12:37     1000    853053    0.00    1.00    0.00    0.00    1.00     8     14.00      0.00 55963992  496204   1.52      0.00      0.00      0.00       0  chrome
15:12:37     1000    853103    3.00    1.00    0.00    0.00    4.00     0      6.00      0.00 55970256  345316   1.06      0.00      0.00      0.00       0  chrome
15:12:37     1000    880405    1.00    1.00    0.00    0.00    2.00     6      6.00      0.00 1518919328  507000   1.56      0.00      0.00      0.00       0  chrome
15:12:37     1000    881919    0.00    0.00    0.00    0.00    0.00    13      4.00      0.00 1518709688  113988   0.35      0.00      0.00      0.00       0  chrome
15:12:37     1000    881951    0.00    1.00    0.00    0.00    1.00     2      0.00      0.00 55182696   61440   0.19      0.00      0.00      0.00       0  chrome
15:12:37     1000   1073718    0.00    1.00    0.00    0.00    1.00    10      0.00      0.00  882600   74912   0.23      0.00      0.00      0.00       0  ros2
15:12:37     1000   1073729    0.00    1.00    0.00    0.00    1.00    14      0.00      0.00  877608   71244   0.22      0.00      0.00      0.00       0  python3
15:12:37        0   1074653    0.00    1.00    0.00    0.00    1.00     5      0.00      0.00       0       0   0.00     -1.00     -1.00     -1.00       0  kworker/u64:3-events_unbound
15:12:37     1000   1074725    0.00    0.00    0.00    0.00    0.00    13      0.00      0.00  646488  183448   0.56      0.00     60.00      0.00       0  codex
15:12:37     1000   1075226    0.00    0.00    0.00    0.00    0.00     9      2.00      0.00 1518709156  331800   1.02      0.00      0.00      0.00       0  code
15:12:37     1000   1109012    1.00    0.00    0.00    0.00    1.00    14      0.00      0.00  204044   41564   0.13      0.00      0.00      0.00       0  ros2
15:12:37     1000   1109016    1.00    0.00    0.00    0.00    1.00     5      0.00      0.00  899508   35840   0.11      0.00      0.00      0.00       0  real_go2_input_
15:12:37     1000   1109017    0.00    0.00    0.00    0.00    0.00     8      0.00      0.00  887728   78732   0.24      0.00      0.00      0.00       0  python3
15:12:37     1000   1109018    3.00    0.00    0.00    0.00    3.00    15      0.00      0.00 1262924  293600   0.90      0.00      0.00      0.00       0  scan_planner_no
15:12:37     1000   1109019    1.00    0.00    0.00    0.00    1.00     8      1.00      0.00  750508   32680   0.10      0.00      0.00      0.00       0  closed_loop_con
15:12:37     1000   1109020    2.00    1.00    0.00    0.00    3.00     8      0.00      0.00  750148   31364   0.10      0.00      0.00      0.00       0  cmd_vel_safety_
15:12:37     1000   1109021    6.00    1.00    0.00    0.00    7.00    10      0.00      0.00  883356   73308   0.23      0.00     40.00      0.00       0  telemetry_recor
15:12:37     1000   1109022    0.00    1.00    0.00    0.00    1.00     8      0.00      0.00  748880   30812   0.09      0.00      0.00      0.00       0  static_transfor
15:12:37     1000   1109177    0.00    1.00    0.00    0.00    1.00     5      0.00      0.00   12840    5940   0.02      0.00      4.00      0.00       0  pidstat
15:12:37     1000   1109998    3.00    0.00    0.00    0.00    3.00    10     82.00      0.00 1518896936  426292   1.31      0.00      0.00      0.00       0  chrome

# Time        UID       PID    %usr %system  %guest   %wait    %CPU   CPU  minflt/s  majflt/s     VSZ     RSS   %MEM   kB_rd/s   kB_wr/s kB_ccwr/s iodelay  Command
15:12:38      102      1191    0.00    1.00    0.00    0.00    1.00     6      0.00      0.00  222572    6028   0.02     -1.00     -1.00     -1.00       0  rsyslogd
15:12:38     1000      2075    1.00    1.00    0.00    0.00    2.00    14      0.00      0.00  121312   17412   0.05      0.00      0.00      0.00       0  pipewire
15:12:38     1000      2324    6.00    1.00    0.00    0.00    7.00    10      3.00      0.00 5556900  381388   1.17      0.00      0.00      0.00       0  gnome-shell
15:12:38     1000      2622    3.00    4.00    0.00    0.00    7.00     7      0.00      0.00 5685392  231952   0.71      0.00      0.00      0.00       0  ToDesk
15:12:38     1000      2772    0.00    1.00    0.00    0.00    1.00    14      0.00      0.00  389688    7924   0.02      0.00      0.00      0.00       0  gvfs-afc-volume
15:12:38        0      3243    1.00    2.00    0.00    0.00    3.00     7      0.00      0.00 2778564   67840   0.21     -1.00     -1.00     -1.00       0  ToDesk_Service
15:12:38     1000     10213    0.00    0.00    0.00    0.00    0.00     2      5.00      0.00 1212301312  153700   0.47      0.00      0.00      0.00       0  github-desktop
15:12:38     1000     10251    0.00    0.00    0.00    0.00    0.00     4      3.00      0.00 34566360  113132   0.35      0.00      0.00      0.00       0  github-desktop
15:12:38     1000     32140    2.00    1.00    0.00    0.00    3.00     6      0.00      0.00 11729028  750732   2.30      0.00      0.00      0.00       0  com.alibabainc.
15:12:38     1000     45971    0.00    0.00    0.00    0.00    0.00    10      4.00      0.00 50049280  218656   0.67      0.00      0.00      0.00       0  com.alibabainc.
15:12:38     1000    156386    0.00    1.00    0.00    0.00    1.00     2      0.00      0.00 1788224   49216   0.15      0.00      0.00      0.00       0  nxplayer.bin
15:12:38        0    332726    0.00    0.00    0.00    0.00    0.00     4      1.00      0.00  361696  237184   0.73     -1.00     -1.00     -1.00       0  systemd-journal
15:12:38     1000    425666    0.00    0.00    0.00    0.00    0.00     6      1.00      0.00 50028472  261412   0.80      0.00      0.00      0.00       0  com.alibabainc.
15:12:38     1000    425773    0.00    1.00    0.00    0.00    1.00     1      0.00      0.00 50014516  390636   1.20      0.00      0.00      0.00       0  com.alibabainc.
15:12:38     1000    577014    0.00    0.00    0.00    0.00    0.00     4     14.00      0.00 1521087724  395072   1.21      0.00      0.00      0.00       0  code
15:12:38     1000    577107    0.00    0.00    0.00    0.00    0.00     4     11.00      0.00 1520761120  592552   1.82      0.00      0.00      0.00       0  code
15:12:38     1000    577160    0.00    0.00    0.00    0.00    0.00    12      1.00      0.00 1518795316  679420   2.09      0.00      0.00      0.00       0  code
15:12:38     1000    577170    0.00    0.00    0.00    0.00    0.00     4      1.00      0.00 1520378324  115516   0.35      0.00      0.00      0.00       0  code
15:12:38     1000    577320    0.00    0.00    0.00    0.00    0.00     3     14.00      0.00 1520354644  108556   0.33      0.00      0.00      0.00       0  code
15:12:38     1000    853053    1.00    0.00    0.00    0.00    1.00     6     16.00      0.00 55963992  496204   1.52      0.00      0.00      0.00       0  chrome
15:12:38     1000    853103    2.00    0.00    0.00    0.00    2.00     2      6.00      0.00 55970256  345316   1.06      0.00      0.00      0.00       0  chrome
15:12:38     1000    853105    1.00    0.00    0.00    0.00    1.00     5     75.00      0.00 55067288   94404   0.29      0.00    108.00      0.00       0  chrome
15:12:38     1000    880405    1.00    0.00    0.00    0.00    1.00     6      3.00      0.00 1518919328  507000   1.56      0.00      0.00      0.00       0  chrome
15:12:38     1000    881951    1.00    0.00    0.00    0.00    1.00     2      0.00      0.00 55182696   61440   0.19      0.00      0.00      0.00       0  chrome
15:12:38     1000    888233    0.00    1.00    0.00    0.00    1.00     9      0.00      0.00 1754332  368608   1.13      0.00      0.00      0.00       0  gnome-system-mo
15:12:38        0   1068456    0.00    1.00    0.00    0.00    1.00     8      0.00      0.00       0       0   0.00     -1.00     -1.00     -1.00       0  kworker/u64:2-events_unbound
15:12:38        0   1074653    0.00    1.00    0.00    0.00    1.00     5      0.00      0.00       0       0   0.00     -1.00     -1.00     -1.00       0  kworker/u64:3-events_unbound
15:12:38     1000   1074725    0.00    0.00    0.00    0.00    0.00    13      1.00      0.00  646488  183448   0.56      0.00      0.00      0.00       0  codex
15:12:38     1000   1095170    0.00    0.00    0.00    0.00    0.00     6      4.00      0.00  882064   71756   0.22      0.00      0.00      0.00       0  python3
15:12:38        0   1108714    0.00    1.00    0.00    0.00    1.00    15      0.00      0.00       0       0   0.00     -1.00     -1.00     -1.00       0  kworker/15:1-i915-unordered
15:12:38     1000   1108992    0.00    0.00    0.00    0.00    0.00    10     54.00      0.00   10852    3600   0.01      0.00  12836.00      4.00       0  bash
15:12:38     1000   1109177    0.00    0.00    0.00    0.00    0.00     5      0.00      0.00   12840    5940   0.02      0.00      4.00      0.00       0  pidstat
15:12:38     1000   1109998    2.00    1.00    0.00    0.00    3.00     6     99.00      0.00 1518896936  423508   1.30      0.00      0.00      0.00       0  chrome
15:12:38     1000   1110869    0.00    0.00    0.00    0.00    0.00     6    104.00      0.00    8864    1788   0.01      0.00      0.00      0.00       0  sleep

# Time        UID       PID    %usr %system  %guest   %wait    %CPU   CPU  minflt/s  majflt/s     VSZ     RSS   %MEM   kB_rd/s   kB_wr/s kB_ccwr/s iodelay  Command
15:12:39        0       676    0.00    1.00    0.00    0.00    1.00     1      0.00      0.00       0       0   0.00     -1.00     -1.00     -1.00       0  irq/163-rtw89_pci
15:12:39        0      1370    1.00    0.00    0.00    0.00    1.00    13      0.00      0.00 2606064   21460   0.07     -1.00     -1.00     -1.00       0  containerd
15:12:39     1000      2324    7.00    1.00    0.00    0.00    8.00    12      3.00      0.00 5556900  381388   1.17      0.00      0.00      0.00       0  gnome-shell
15:12:39     1000      2622    5.00    3.00    0.00    0.00    8.00     7      0.00      0.00 5685392  231952   0.71      0.00      0.00      0.00       0  ToDesk
15:12:39      123      3242    0.00    1.00    0.00    0.00    1.00     8      0.00      0.00 2382188   76072   0.23     -1.00     -1.00     -1.00       0  nxserver.bin
15:12:39        0      3243    1.00    2.00    0.00    0.00    3.00     7      0.00      0.00 2778564   67840   0.21     -1.00     -1.00     -1.00       0  ToDesk_Service
15:12:39     1000     32140    1.00    0.00    0.00    0.00    1.00     5      0.00      0.00 11729028  750732   2.30      0.00      0.00      0.00       0  com.alibabainc.
15:12:39     1000     45971    0.00    0.00    0.00    0.00    0.00     6      5.00      0.00 50049280  218656   0.67      0.00      0.00      0.00       0  com.alibabainc.
15:12:39     1000    156386    1.00    0.00    0.00    0.00    1.00     6      0.00      0.00 1788224   49216   0.15      0.00      0.00      0.00       0  nxplayer.bin
15:12:39        0    332726    0.00    0.00    0.00    0.00    0.00     6      3.00      0.00  361696  237184   0.73     -1.00     -1.00     -1.00       0  systemd-journal
15:12:39     1000    425773    0.00    0.00    0.00    0.00    0.00     1      1.00      0.00 50014516  390636   1.20      0.00      0.00      0.00       0  com.alibabainc.
15:12:39     1000    577067    0.00    0.00    0.00    0.00    0.00     6      3.00      0.00 50711564   88336   0.27      0.00      0.00      0.00       0  code
15:12:39     1000    577160    0.00    0.00    0.00    0.00    0.00    15      6.00      0.00 1518795316  679420   2.09      0.00      0.00      0.00       0  code
15:12:39     1000    577241    0.00    0.00    0.00    0.00    0.00    13      1.00      0.00  673380  182024   0.56      0.00      0.00      0.00       0  codex
15:12:39     1000    853053    0.00    1.00    0.00    0.00    1.00    14      3.00      0.00 55963992  496204   1.52      0.00      0.00      0.00       0  chrome
15:12:39     1000    853103    3.00    1.00    0.00    0.00    4.00     6     32.00      0.00 55970256  345704   1.06      0.00      0.00      0.00       0  chrome
15:12:39     1000    853105    0.00    0.00    0.00    0.00    0.00     5     98.00      0.00 55069336   94916   0.29      0.00    224.00      0.00       0  chrome
15:12:39     1000    853115    0.00    0.00    0.00    0.00    0.00    14      3.00      0.00 55302144   56896   0.17      0.00      0.00      0.00       0  chrome
15:12:39     1000    880405    1.00    0.00    0.00    0.00    1.00     5      3.00      0.00 1518919328  507000   1.56      0.00      0.00      0.00       0  chrome
15:12:39     1000    881919    0.00    0.00    0.00    0.00    0.00    13      1.00      0.00 1518709688  113988   0.35      0.00      0.00      0.00       0  chrome
15:12:39     1000    881951    0.00    1.00    0.00    0.00    1.00     2      0.00      0.00 55182696   61440   0.19      0.00      0.00      0.00       0  chrome
15:12:39     1000    888233    1.00    0.00    0.00    0.00    1.00     6      0.00      0.00 1754332  368608   1.13      0.00      0.00      0.00       0  gnome-system-mo
15:12:39        0   1049858    0.00    1.00    0.00    0.00    1.00     8      0.00      0.00       0       0   0.00     -1.00     -1.00     -1.00       0  kworker/u64:9-events_unbound
15:12:39     1000   1068542    0.00    0.00    0.00    0.00    0.00     4      3.00      0.00 1518803672  265408   0.81      0.00      0.00      0.00       0  chrome
15:12:39     1000   1075226    0.00    0.00    0.00    0.00    0.00     9      1.00      0.00 1518709156  331800   1.02      0.00      0.00      0.00       0  code
15:12:39        0   1106397    0.00    1.00    0.00    0.00    1.00     2      0.00      0.00       0       0   0.00     -1.00     -1.00     -1.00       0  kworker/u65:2+i915_flip
15:12:39     1000   1109177    0.00    1.00    0.00    0.00    1.00     5      0.00      0.00   12840    5940   0.02      0.00      8.00      0.00       0  pidstat
15:12:39     1000   1109998    3.00    1.00    0.00    0.00    4.00    14    214.00      0.00 1518898984  422976   1.30      0.00      0.00      0.00       0  chrome

# Time        UID       PID    %usr %system  %guest   %wait    %CPU   CPU  minflt/s  majflt/s     VSZ     RSS   %MEM   kB_rd/s   kB_wr/s kB_ccwr/s iodelay  Command
15:12:40        0        15    0.00    1.00    0.00    0.00    1.00     8      0.00      0.00       0       0   0.00     -1.00     -1.00     -1.00       0  rcu_preempt
15:12:40        0       676    0.00    1.00    0.00    0.00    1.00     1      0.00      0.00       0       0   0.00     -1.00     -1.00     -1.00       0  irq/163-rtw89_pci
15:12:40     1000      2081    1.00    1.00    0.00    0.00    2.00     0      0.00      0.00  160528   48336   0.15      0.00      0.00      0.00       0  pipewire-pulse
15:12:40     1000      2324    6.00    2.00    0.00    0.00    8.00     0     24.00      0.00 5556900  381388   1.17      0.00      0.00      0.00       0  gnome-shell
15:12:40     1000      2622    6.00    3.00    0.00    0.00    9.00     4      0.00      0.00 5685392  231952   0.71      0.00      0.00      0.00       0  ToDesk
15:12:40        0      3243    1.00    2.00    0.00    0.00    3.00     7      0.00      0.00 2778564   67840   0.21     -1.00     -1.00     -1.00       0  ToDesk_Service
15:12:40     1000     10268    0.00    0.00    0.00    0.00    0.00     6      2.00      0.00 33882424   63200   0.19      0.00      0.00      0.00       0  github-desktop
15:12:40     1000     32140    2.00    1.00    0.00    0.00    3.00    12      0.00      0.00 11729028  750732   2.30      0.00      0.00      0.00       0  com.alibabainc.
15:12:40     1000     45971    0.00    0.00    0.00    0.00    0.00     6      3.00      0.00 50049280  218656   0.67      0.00      0.00      0.00       0  com.alibabainc.
15:12:40        0    332726    0.00    0.00    0.00    0.00    0.00     6      1.00      0.00  361696  237184   0.73     -1.00     -1.00     -1.00       0  systemd-journal
15:12:40     1000    425666    0.00    0.00    0.00    0.00    0.00    10      1.00      0.00 50028472  261412   0.80      0.00      0.00      0.00       0  com.alibabainc.
15:12:40     1000    426077    0.00    0.00    0.00    0.00    0.00     4      1.00      0.00 50132492  528136   1.62      0.00      0.00      0.00       0  com.alibabainc.
15:12:40     1000    516139    0.00    1.00    0.00    0.00    1.00    10      0.00      0.00 5453760   37080   0.11      0.00      0.00      0.00       0  clash
15:12:40     1000    577063    1.00    0.00    0.00    0.00    1.00     0      0.00      0.00 51392512  245184   0.75      0.00      0.00      0.00       0  code
15:12:40     1000    577107    0.00    0.00    0.00    0.00    0.00    11      1.00      0.00 1520761120  592552   1.82      0.00      0.00      0.00       0  code
15:12:40     1000    577170    0.00    0.00    0.00    0.00    0.00     4      5.00      0.00 1520378324  115516   0.35      0.00      0.00      0.00       0  code
15:12:40     1000    577171    0.00    0.00    0.00    0.00    0.00     6     36.00      0.00 1520352992  124876   0.38      0.00      0.00      0.00       0  code
15:12:40     1000    577172    0.00    0.00    0.00    0.00    0.00     6      3.00      0.00 1520369816  113428   0.35      0.00      0.00      0.00       0  code
15:12:40     1000    577320    0.00    0.00    0.00    0.00    0.00     3     12.00      0.00 1520354644  108556   0.33      0.00      0.00      0.00       0  code
15:12:40     1000    853053    1.00    0.00    0.00    0.00    1.00    10     20.00      0.00 55963992  496204   1.52      0.00      0.00      0.00       0  chrome
15:12:40     1000    853103    2.00    1.00    0.00    0.00    3.00     4     28.00      0.00 55970256  345424   1.06      0.00      0.00      0.00       0  chrome
15:12:40     1000    853105    0.00    0.00    0.00    0.00    0.00     5    113.00      0.00 55067288   94468   0.29      0.00    496.00      0.00       0  chrome
15:12:40     1000    880405    1.00    1.00    0.00    0.00    2.00     6      3.00      0.00 1518919328  507000   1.56      0.00      0.00      0.00       0  chrome
15:12:40     1000    888233    0.00    1.00    0.00    0.00    1.00    12      0.00      0.00 1754332  368608   1.13      0.00      0.00      0.00       0  gnome-system-mo
15:12:40        0   1049858    0.00    1.00    0.00    0.00    1.00     8      0.00      0.00       0       0   0.00     -1.00     -1.00     -1.00       0  kworker/u64:9-i915
15:12:40     1000   1068542    1.00    0.00    0.00    0.00    1.00     4      1.00      0.00 1518803672  265408   0.81      0.00      0.00      0.00       0  chrome
15:12:40     1000   1074666    0.00    0.00    0.00    0.00    0.00     2      4.00      0.00 1520369816  130064   0.40      0.00      0.00      0.00       0  code
15:12:40     1000   1074681    0.00    0.00    0.00    0.00    0.00    10     28.00      0.00 1520363292  298424   0.92      0.00      0.00      0.00       0  code
15:12:40     1000   1095170    1.00    0.00    0.00    0.00    1.00     5      0.00      0.00  879364   71428   0.22      0.00      0.00      0.00       0  python3
15:12:40     1000   1109177    0.00    1.00    0.00    0.00    1.00     5      0.00      0.00   12840    5940   0.02      0.00      4.00      0.00       0  pidstat
15:12:40     1000   1109998    3.00    0.00    0.00    0.00    3.00     5    375.00      0.00 1518896936  423936   1.30      0.00      0.00      0.00       0  chrome

# Time        UID       PID    %usr %system  %guest   %wait    %CPU   CPU  minflt/s  majflt/s     VSZ     RSS   %MEM   kB_rd/s   kB_wr/s kB_ccwr/s iodelay  Command
15:12:41        0         1    0.00    0.00    0.00    0.00    0.00     0     10.00      0.00   23564   14152   0.04     -1.00     -1.00     -1.00       0  systemd
15:12:41        0       676    0.00    2.00    0.00    0.00    2.00     1      0.00      0.00       0       0   0.00     -1.00     -1.00     -1.00       0  irq/163-rtw89_pci
15:12:41      987      1079    0.00    0.00    0.00    0.00    0.00    10      1.00      0.00  393536   16000   0.05     -1.00     -1.00     -1.00       0  polkitd
15:12:41        0      1141    1.00    0.00    0.00    0.00    1.00     5      0.00      0.00  625260   21556   0.07     -1.00     -1.00     -1.00       0  NetworkManager
15:12:41        0      1142    0.00    1.00    0.00    0.00    1.00    12      0.00      0.00   18372   11308   0.03     -1.00     -1.00     -1.00       0  wpa_supplicant
15:12:41     1000      2075    1.00    0.00    0.00    0.00    1.00    14      0.00      0.00  121312   17412   0.05      0.00      0.00      0.00       0  pipewire
15:12:41     1000      2324    7.00    0.00    0.00    0.00    7.00     4      3.00      0.00 5556900  381516   1.17      0.00      0.00      0.00       0  gnome-shell
15:12:41     1000      2622    7.00    3.00    0.00    0.00   10.00     7      0.00      0.00 5685392  231952   0.71      0.00      0.00      0.00       0  ToDesk
15:12:41        0      3243    1.00    2.00    0.00    0.00    3.00     7      0.00      0.00 2778564   67840   0.21     -1.00     -1.00     -1.00       0  ToDesk_Service
15:12:41     1000     32140    1.00    0.00    0.00    0.00    1.00     6      0.00      0.00 11729028  750732   2.30      0.00      0.00      0.00       0  com.alibabainc.
15:12:41     1000     45971    0.00    0.00    0.00    0.00    0.00     6      5.00      0.00 50049280  218656   0.67      0.00      0.00      0.00       0  com.alibabainc.
15:12:41        0    332726    0.00    0.00    0.00    0.00    0.00     6      1.00      0.00  361696  237184   0.73     -1.00     -1.00     -1.00       0  systemd-journal
15:12:41     1000    425666    0.00    0.00    0.00    0.00    0.00    10      1.00      0.00 50028472  261412   0.80      0.00      0.00      0.00       0  com.alibabainc.
15:12:41     1000    577063    0.00    1.00    0.00    0.00    1.00     0     18.00      0.00 51392512  245184   0.75      0.00      0.00      0.00       0  code
15:12:41     1000    577132    0.00    0.00    0.00    0.00    0.00     6     27.00      0.00 1520364784  383276   1.18      0.00      0.00      0.00       0  code
15:12:41     1000    577170    0.00    0.00    0.00    0.00    0.00     4      1.00      0.00 1520378324  115516   0.35      0.00      0.00      0.00       0  code
15:12:41     1000    853053    0.00    1.00    0.00    0.00    1.00     8     14.00      0.00 55963992  496204   1.52      0.00     60.00      0.00       0  chrome
15:12:41     1000    853103    3.00    1.00    0.00    0.00    4.00     2     14.00      0.00 55970192  345564   1.06      0.00      0.00      0.00       0  chrome
15:12:41     1000    880405    1.00    0.00    0.00    0.00    1.00     6      4.00      0.00 1518919328  507000   1.56      0.00      0.00      0.00       0  chrome
15:12:41        0   1074653    0.00    1.00    0.00    0.00    1.00    10      0.00      0.00       0       0   0.00     -1.00     -1.00     -1.00       0  kworker/u64:3-events_unbound
15:12:41     1000   1074725    0.00    0.00    0.00    0.00    0.00    13      1.00      0.00  646488  183448   0.56      0.00      0.00      0.00       0  codex
15:12:41     1000   1075226    1.00    0.00    0.00    0.00    1.00     9      0.00      0.00 1518709156  331800   1.02      0.00      0.00      0.00       0  code
15:12:41     1000   1095170    0.00    0.00    0.00    0.00    0.00     6      0.00      0.00  878284   71300   0.22      0.00      0.00      0.00       0  python3
15:12:41     1000   1109177    1.00    0.00    0.00    0.00    1.00     5      0.00      0.00   12840    5940   0.02      0.00      4.00      0.00       0  pidstat
15:12:41     1000   1109998    2.00    1.00    0.00    0.00    3.00     8     86.00      0.00 1518896936  423916   1.30      0.00      0.00      0.00       0  chrome

# Time        UID       PID    %usr %system  %guest   %wait    %CPU   CPU  minflt/s  majflt/s     VSZ     RSS   %MEM   kB_rd/s   kB_wr/s kB_ccwr/s iodelay  Command
15:12:42        0       676    0.00    4.00    0.00    0.00    4.00     1      0.00      0.00       0       0   0.00     -1.00     -1.00     -1.00       0  irq/163-rtw89_pci
15:12:42     1000      2324    9.00    2.00    0.00    0.00   11.00    15      7.00      0.00 5556908  381516   1.17      0.00      0.00      0.00       0  gnome-shell
15:12:42     1000      2622    7.00    2.00    0.00    0.00    9.00     7      0.00      0.00 5685392  231952   0.71      0.00      0.00      0.00       0  ToDesk
15:12:42        0      3243    0.00    2.00    0.00    0.00    2.00     7      1.00      0.00 2778564   67840   0.21     -1.00     -1.00     -1.00       0  ToDesk_Service
15:12:42     1000     10213    0.00    0.00    0.00    0.00    0.00     2      5.00      0.00 1212301312  153700   0.47      0.00      0.00      0.00       0  github-desktop
15:12:42     1000     10251    0.00    0.00    0.00    0.00    0.00     4      3.00      0.00 34566360  113132   0.35      0.00      0.00      0.00       0  github-desktop
15:12:42     1000     32140    2.00    1.00    0.00    0.00    3.00    10      0.00      0.00 11729028  750732   2.30      0.00      0.00      0.00       0  com.alibabainc.
15:12:42     1000     45971    0.00    0.00    0.00    0.00    0.00     6      4.00      0.00 50049280  218784   0.67      0.00      0.00      0.00       0  com.alibabainc.
15:12:42        0    332726    0.00    0.00    0.00    0.00    0.00    10      1.00      0.00  361696  237184   0.73     -1.00     -1.00     -1.00       0  systemd-journal
15:12:42     1000    425666    1.00    0.00    0.00    0.00    1.00    10      2.00      0.00 50028472  261412   0.80      0.00      0.00      0.00       0  com.alibabainc.
15:12:42     1000    577014    0.00    0.00    0.00    0.00    0.00    10     20.00      0.00 1521087724  395072   1.21      0.00      0.00      0.00       0  code
15:12:42     1000    577160    0.00    0.00    0.00    0.00    0.00     6      1.00      0.00 1518795316  679420   2.09      0.00      0.00      0.00       0  code
15:12:42     1000    577170    1.00    0.00    0.00    0.00    1.00     4      9.00      0.00 1520378324  115516   0.35      0.00      0.00      0.00       0  code
15:12:42     1000    853053    1.00    0.00    0.00    0.00    1.00    15      0.00      0.00 55963992  496204   1.52      0.00      0.00      0.00       0  chrome
15:12:42     1000    853103    4.00    1.00    0.00    0.00    5.00     2     71.00      0.00 55973460  345700   1.06      0.00      0.00      0.00       0  chrome
15:12:42     1000    880405    2.00    0.00    0.00    0.00    2.00     5      2.00      0.00 1518919328  507000   1.56      0.00      0.00      0.00       0  chrome
15:12:42     1000    881951    1.00    1.00    0.00    0.00    2.00     2      0.00      0.00 55182696   61440   0.19      0.00      0.00      0.00       0  chrome
15:12:42     1000    888233    1.00    0.00    0.00    0.00    1.00     6      0.00      0.00 1754332  368608   1.13      0.00      0.00      0.00       0  gnome-system-mo
15:12:42     1000    910028    0.00    0.00    0.00    0.00    0.00     5      0.00      0.00 1522802148  377312   1.16      0.00      0.00      0.00       0  chrome
15:12:42        0   1049858    0.00    1.00    0.00    0.00    1.00     5      0.00      0.00       0       0   0.00     -1.00     -1.00     -1.00       0  kworker/u64:9-events_unbound
15:12:42        0   1074653    0.00    1.00    0.00    0.00    1.00    10      0.00      0.00       0       0   0.00     -1.00     -1.00     -1.00       0  kworker/u64:3-events_unbound
15:12:42     1000   1109177    0.00    0.00    0.00    0.00    0.00     5      0.00      0.00   12840    5940   0.02      0.00      4.00      0.00       0  pidstat
15:12:42     1000   1109998    5.00    1.00    0.00    0.00    6.00     8    561.00      0.00 1518899112  424524   1.30      0.00      0.00      0.00       0  chrome
