Linux 7.0.0-28-generic (wei) 	08/14/26 	_x86_64_	(16 CPU)

# Time        UID       PID    %usr %system  %guest   %wait    %CPU   CPU  minflt/s  majflt/s     VSZ     RSS   %MEM   kB_rd/s   kB_wr/s kB_ccwr/s iodelay  Command
15:12:57        0       676    0.00    2.97    0.00    0.00    2.97     1      0.00      0.00       0       0   0.00     -1.00     -1.00     -1.00       0  irq/163-rtw89_pci
15:12:57     1000      2081    0.00    0.99    0.00    0.99    0.99     0      0.00      0.00  160528   48336   0.15      0.00      0.00      0.00       0  pipewire-pulse
15:12:57     1000      2324    8.91    1.98    0.00    0.00   10.89    14      2.97      0.00 5557092  381772   1.17      0.00      0.00      0.00       0  gnome-shell
15:12:57     1000      2622    3.96    1.98    0.00    0.00    5.94     7      0.00      0.00 5685392  231952   0.71      0.00      0.00      0.00       0  ToDesk
15:12:57      123      3242    0.00    0.99    0.00    0.00    0.99    10      0.00      0.00 2382188   76072   0.23     -1.00     -1.00     -1.00       0  nxserver.bin
15:12:57        0      3243    0.99    1.98    0.00    0.00    2.97    10      0.00      0.00 2778564   67840   0.21     -1.00     -1.00     -1.00       0  ToDesk_Service
15:12:57     1000     32140    0.99    0.99    0.00    0.00    1.98    10      0.00      0.00 11729028  750732   2.30      0.00      0.00      0.00       0  com.alibabainc.
15:12:57     1000     32292    0.00    0.00    0.00    0.00    0.00     2      0.00      0.00 1475368   79308   0.24      0.00      0.00      0.00       0  com.alibabainc.
15:12:57     1000     45971    0.99    0.99    0.00    0.00    1.98     8      4.95      0.00 50049280  218524   0.67      0.00      0.00      0.00       0  com.alibabainc.
15:12:57     1000     46026    0.00    0.00    0.00    0.00    0.00     8      1.98      0.00 72700264  445424   1.37      0.00      0.00      0.00       0  com.alibabainc.
15:12:57     1000     52294    0.00    0.00    0.00    0.00    0.00     0      1.98      0.00 53387680  463828   1.42      0.00      0.00      0.00       0  com.alibabainc.
15:12:57        0    332726    0.00    0.00    0.00    0.00    0.00    12      0.99      0.00  361696  237184   0.73     -1.00     -1.00     -1.00       0  systemd-journal
15:12:57     1000    425666    0.00    0.00    0.00    0.00    0.00    10      0.99      0.00 50028472  261540   0.80      0.00      0.00      0.00       0  com.alibabainc.
15:12:57     1000    577014    0.99    0.00    0.00    0.00    0.99     4     70.30      0.00 1521087724  395328   1.21      0.00      3.96      0.00       0  code
15:12:57     1000    577063    0.00    0.00    0.00    0.00    0.00     0     17.82      0.00 51392512  245184   0.75      0.00      0.00      0.00       0  code
15:12:57     1000    577132    0.00    0.00    0.00    0.00    0.00     4     26.73      0.00 1520364784  383276   1.18      0.00      0.00      0.00       0  code
15:12:57     1000    577170    0.00    0.00    0.00    0.00    0.00    13      8.91      0.00 1520378324  115516   0.35      0.00      0.00      0.00       0  code
15:12:57     1000    577171    0.00    0.00    0.00    0.00    0.00    10     17.82      0.00 1520352992  124876   0.38      0.00      0.00      0.00       0  code
15:12:57     1000    577241    0.00    0.00    0.00    0.00    0.00    13      0.99      0.00  673380  182024   0.56      0.00      0.00      0.00       0  codex
15:12:57     1000    853053    0.99    0.00    0.00    0.00    0.99    12     38.61      0.00 55963992  496456   1.52      0.00     31.68      0.00       0  chrome
15:12:57     1000    853103    3.96    0.99    0.00    0.00    4.95    12      5.94      0.00 55975572  346104   1.06      0.00      0.00      0.00       0  chrome
15:12:57     1000    853105    0.00    0.99    0.00    0.00    0.99     5     25.74      0.00 55067288   94180   0.29      0.00      7.92      0.00       0  chrome
15:12:57     1000    853115    0.00    0.00    0.00    0.00    0.00    10      0.00      0.00 55302144   56896   0.17      0.00      3.96      0.00       0  chrome
15:12:57     1000    880405    0.99    0.00    0.00    0.00    0.99    10      3.96      0.00 1518919328  507384   1.56      0.00      0.00      0.00       0  chrome
15:12:57     1000    881951    0.99    0.00    0.00    0.00    0.99    14      0.00      0.00 55182696   61440   0.19      0.00      0.00      0.00       0  chrome
15:12:57     1000    885261    0.00    0.00    0.00    0.00    0.00     0    426.73      0.00 1518767568  317924   0.98      0.00      0.00      0.00       0  code
15:12:57     1000    888233    0.99    0.99    0.00    0.00    1.98     2      0.00      0.00 1754332  368480   1.13      0.00      0.00      0.00       0  gnome-system-mo
15:12:57        0   1049858    0.00    0.99    0.00    0.00    0.99     2      0.00      0.00       0       0   0.00     -1.00     -1.00     -1.00       0  kworker/u64:9-i915
15:12:57     1000   1074725    0.00    0.00    0.00    0.00    0.00    13      0.99      0.00  679560  183284   0.56      0.00      0.00      0.00       0  codex
15:12:57     1000   1095170    0.99    0.99    0.00    0.00    1.98     5      4.95      0.00  883436   72384   0.22      0.00      0.00      0.00       0  python3
15:12:57     1000   1109998    4.95    0.99    0.00    0.00    5.94    13    156.44      0.00 1518889388  359380   1.10      0.00      0.00      0.00       0  chrome
15:12:57     1000   1111013    0.99    0.99    0.00    0.00    1.98     2    713.86      0.00  899336   33840   0.10      0.00      0.00      0.00       0  real_go2_input_
15:12:57     1000   1111014    0.99    0.00    0.00    0.00    0.99     0     64.36      0.00  885636   74368   0.23      0.00      0.00      0.00       0  python3
15:12:57     1000   1111015   33.66    0.99    0.00    0.00   34.65     3    194.06      0.00 1130208  282684   0.87      0.00      3.96      0.00       0  scan_planner_no
15:12:57     1000   1111016    0.99    0.00    0.00    0.00    0.99     8     57.43      0.00  973340   33004   0.10      0.00      3.96      0.00       0  scan_mppi_contr
15:12:57     1000   1111017    1.98    0.99    0.00    0.00    2.97    15     59.41      0.00  750700   31852   0.10      0.00      3.96      0.00       0  cmd_vel_safety_
15:12:57     1000   1111018    5.94    0.99    0.00    0.00    6.93     6     62.38      0.00  884008   73196   0.22      0.00     47.52      0.00       0  telemetry_recor
15:12:57     1000   1111019    0.00    0.99    0.00    0.00    0.99     1     64.36      0.00  748988   30452   0.09      0.00      3.96      0.00       0  static_transfor
15:12:57     1000   1111155    0.00    0.99    0.00    0.00    0.99     4      3.96      0.00   12708    5944   0.02      0.00      0.00      0.00       0  pidstat
15:12:57     1000   1111156   24.75    3.96    0.00    0.00   28.71    10  18533.66      0.00  970500  110276   0.34  28415.84      3.96      0.00       0  ros2

# Time        UID       PID    %usr %system  %guest   %wait    %CPU   CPU  minflt/s  majflt/s     VSZ     RSS   %MEM   kB_rd/s   kB_wr/s kB_ccwr/s iodelay  Command
15:12:58        0        15    0.00    1.00    0.00    0.00    1.00     2      0.00      0.00       0       0   0.00     -1.00     -1.00     -1.00       0  rcu_preempt
15:12:58        0       676    0.00    5.00    0.00    0.00    5.00     1      0.00      0.00       0       0   0.00     -1.00     -1.00     -1.00       0  irq/163-rtw89_pci
15:12:58     1000      2324   13.00    1.00    0.00    0.00   14.00    14      7.00      0.00 5557096  381772   1.17      0.00      0.00      0.00       0  gnome-shell
15:12:58     1000      2622    5.00    3.00    0.00    0.00    8.00     3      0.00      0.00 5685392  231952   0.71      0.00      0.00      0.00       0  ToDesk
15:12:58        0      3243    0.00    2.00    0.00    0.00    2.00     7      0.00      0.00 2778564   67840   0.21     -1.00     -1.00     -1.00       0  ToDesk_Service
15:12:58     1000     10251    0.00    0.00    0.00    0.00    0.00     5      3.00      0.00 34566360  113132   0.35      0.00      0.00      0.00       0  github-desktop
15:12:58     1000     32140    1.00    0.00    0.00    0.00    1.00     6      0.00      0.00 11729028  750732   2.30      0.00      0.00      0.00       0  com.alibabainc.
15:12:58     1000     45971    0.00    0.00    0.00    0.00    0.00     8      5.00      0.00 50049280  218524   0.67      0.00      0.00      0.00       0  com.alibabainc.
15:12:58     1000     46026    0.00    0.00    0.00    0.00    0.00     8      2.00      0.00 72700264  445424   1.37      0.00      0.00      0.00       0  com.alibabainc.
15:12:58     1000     52294    0.00    0.00    0.00    0.00    0.00     0      3.00      0.00 53387680  463828   1.42      0.00      0.00      0.00       0  com.alibabainc.
15:12:58        0    332726    0.00    0.00    0.00    0.00    0.00     8      2.00      0.00  361696  237184   0.73     -1.00     -1.00     -1.00       0  systemd-journal
15:12:58     1000    425666    0.00    0.00    0.00    0.00    0.00     8      1.00      0.00 50028472  261540   0.80      0.00      0.00      0.00       0  com.alibabainc.
15:12:58     1000    426077    1.00    0.00    0.00    0.00    1.00     2      0.00      0.00 50132492  528136   1.62      0.00      0.00      0.00       0  com.alibabainc.
15:12:58     1000    577014    0.00    0.00    0.00    0.00    0.00     4     12.00      0.00 1521087724  395188   1.21      0.00      0.00      0.00       0  code
15:12:58     1000    577107    0.00    0.00    0.00    0.00    0.00     6     11.00      0.00 1520761120  592680   1.82      0.00      0.00      0.00       0  code
15:12:58     1000    577160    0.00    0.00    0.00    0.00    0.00     5      1.00      0.00 1518795316  679420   2.09      0.00      0.00      0.00       0  code
15:12:58     1000    577320    0.00    0.00    0.00    0.00    0.00     3     13.00      0.00 1520354644  108556   0.33      0.00      0.00      0.00       0  code
15:12:58     1000    853053    1.00    1.00    0.00    0.00    2.00    12      0.00      0.00 55963992  496456   1.52      0.00      0.00      0.00       0  chrome
15:12:58     1000    853103    4.00    1.00    0.00    0.00    5.00     0      9.00      0.00 55975568  346104   1.06      0.00      0.00      0.00       0  chrome
15:12:58     1000    880405    1.00    1.00    0.00    0.00    2.00     0      4.00      0.00 1518919328  507384   1.56      0.00      0.00      0.00       0  chrome
15:12:58     1000    881251    0.00    0.00    0.00    0.00    0.00    13      3.00      0.00 72661500  496340   1.52      0.00      0.00      0.00       0  com.alibabainc.
15:12:58     1000    881919    0.00    0.00    0.00    0.00    0.00     0      2.00      0.00 1518709688  113988   0.35      0.00      0.00      0.00       0  chrome
15:12:58     1000    881951    1.00    0.00    0.00    0.00    1.00    15      0.00      0.00 55182696   61440   0.19      0.00      0.00      0.00       0  chrome
15:12:58     1000    885261    0.00    0.00    0.00    0.00    0.00     0      1.00      0.00 1518767568  317924   0.98      0.00      0.00      0.00       0  code
15:12:58     1000    913217    0.00    0.00    0.00    0.00    0.00    12      4.00      0.00 72299740  382560   1.17      0.00      0.00      0.00       0  com.alibabainc.
15:12:58        0    940783    0.00    1.00    0.00    0.00    1.00    14      0.00      0.00       0       0   0.00     -1.00     -1.00     -1.00       0  kworker/14:1-events
15:12:58        0   1049858    0.00    1.00    0.00    0.00    1.00     8      0.00      0.00       0       0   0.00     -1.00     -1.00     -1.00       0  kworker/u64:9-events_unbound
15:12:58        0   1068456    0.00    1.00    0.00    0.00    1.00     3      0.00      0.00       0       0   0.00     -1.00     -1.00     -1.00       0  kworker/u64:2-events_unbound
15:12:58     1000   1074666    0.00    0.00    0.00    0.00    0.00     0      1.00      0.00 1520369816  130064   0.40      0.00      0.00      0.00       0  code
15:12:58     1000   1074725    0.00    1.00    0.00    0.00    1.00    13      2.00      0.00  679560  183284   0.56      0.00      0.00      0.00       0  codex
15:12:58        0   1097682    0.00    1.00    0.00    0.00    1.00     8      0.00      0.00       0       0   0.00     -1.00     -1.00     -1.00       0  kworker/u65:3-hci0
15:12:58     1000   1109998    5.00    2.00    0.00    0.00    7.00     3    188.00      0.00 1518889388  359892   1.10      0.00      0.00      0.00       0  chrome
15:12:58     1000   1111013    2.00    0.00    0.00    0.00    2.00    13    415.00      0.00  899908   35504   0.11      0.00      0.00      0.00       0  real_go2_input_
15:12:58     1000   1111014    6.00    0.00    0.00    0.00    6.00     0     82.00      0.00  885636   74892   0.23      0.00      0.00      0.00       0  python3
15:12:58     1000   1111015   40.00    0.00    0.00    0.00   40.00     4   3134.00      0.00 1138944  290036   0.89      0.00      0.00      0.00       0  scan_planner_no
15:12:58     1000   1111016    5.00    2.00    0.00    0.00    7.00    13   6841.00      0.00  980596   45492   0.14      0.00      0.00      0.00       0  scan_mppi_contr
15:12:58     1000   1111017    2.00    0.00    0.00    0.00    2.00    13      2.00      0.00  750700   31852   0.10      0.00      0.00      0.00       0  cmd_vel_safety_
15:12:58     1000   1111018    8.00    1.00    0.00    0.00    9.00     3      2.00      0.00  884008   73356   0.23      0.00     68.00      0.00       0  telemetry_recor
15:12:58     1000   1111155    0.00    1.00    0.00    0.00    1.00     6      0.00      0.00   12708    5944   0.02      0.00      4.00      0.00       0  pidstat
15:12:58     1000   1111156    2.00    2.00    0.00    0.00    4.00     3    160.00      0.00 1101624  110788   0.34   5248.00      0.00      0.00       0  ros2

# Time        UID       PID    %usr %system  %guest   %wait    %CPU   CPU  minflt/s  majflt/s     VSZ     RSS   %MEM   kB_rd/s   kB_wr/s kB_ccwr/s iodelay  Command
15:12:59        0        60    0.00    1.00    0.00    0.00    1.00    13      0.00      0.00       0       0   0.00     -1.00     -1.00     -1.00       0  migration/13
15:12:59        0       676    0.00    2.00    0.00    0.00    2.00     1      0.00      0.00       0       0   0.00     -1.00     -1.00     -1.00       0  irq/163-rtw89_pci
15:12:59     1000      2075    1.00    1.00    0.00    0.00    2.00    14      0.00      0.00  121312   17412   0.05      0.00      0.00      0.00       0  pipewire
15:12:59     1000      2081    1.00    0.00    0.00    0.00    1.00     0      0.00      0.00  160528   48336   0.15      0.00      0.00      0.00       0  pipewire-pulse
15:12:59     1000      2324   10.00    1.00    0.00    0.00   11.00    14      3.00      0.00 5557096  381772   1.17      0.00      0.00      0.00       0  gnome-shell
15:12:59     1000      2622    7.00    1.00    0.00    0.00    8.00     3      0.00      0.00 5685392  231952   0.71      0.00      0.00      0.00       0  ToDesk
15:12:59        0      3243    1.00    2.00    0.00    0.00    3.00    10      0.00      0.00 2778564   67840   0.21     -1.00     -1.00     -1.00       0  ToDesk_Service
15:12:59     1000     10213    0.00    0.00    0.00    0.00    0.00     0      5.00      0.00 1212301312  153700   0.47      0.00      0.00      0.00       0  github-desktop
15:12:59     1000     32140    1.00    1.00    0.00    0.00    2.00    15      0.00      0.00 11729028  750732   2.30      0.00      0.00      0.00       0  com.alibabainc.
15:12:59     1000     45971    0.00    0.00    0.00    0.00    0.00    12      6.00      0.00 50049280  218524   0.67      0.00      0.00      0.00       0  com.alibabainc.
15:12:59        0    332726    0.00    0.00    0.00    0.00    0.00     8      1.00      0.00  361696  237184   0.73     -1.00     -1.00     -1.00       0  systemd-journal
15:12:59     1000    577067    0.00    0.00    0.00    0.00    0.00     8      8.00      0.00 50711564   88336   0.27      0.00      0.00      0.00       0  code
15:12:59     1000    577170    0.00    0.00    0.00    0.00    0.00    13      1.00      0.00 1520378324  115516   0.35      0.00      0.00      0.00       0  code
15:12:59     1000    577171    0.00    0.00    0.00    0.00    0.00    10     18.00      0.00 1520352992  124876   0.38      0.00      0.00      0.00       0  code
15:12:59     1000    577241    0.00    0.00    0.00    0.00    0.00    13      1.00      0.00  673380  182024   0.56      0.00      0.00      0.00       0  codex
15:12:59     1000    853053    1.00    1.00    0.00    0.00    2.00    15      1.00      0.00 55963992  496456   1.52      0.00      0.00      0.00       0  chrome
15:12:59     1000    853103    4.00    1.00    0.00    0.00    5.00     6      5.00      0.00 55975632  346104   1.06      0.00      0.00      0.00       0  chrome
15:12:59     1000    880405    2.00    0.00    0.00    0.00    2.00     0      5.00      0.00 1518919328  507384   1.56      0.00      0.00      0.00       0  chrome
15:12:59     1000    881919    0.00    0.00    0.00    0.00    0.00     0      1.00      0.00 1518709688  113988   0.35      0.00      0.00      0.00       0  chrome
15:12:59     1000    881951    0.00    1.00    0.00    0.00    1.00     4      0.00      0.00 55182696   61440   0.19      0.00      0.00      0.00       0  chrome
15:12:59        0   1049858    0.00    1.00    0.00    0.00    1.00     6      0.00      0.00       0       0   0.00     -1.00     -1.00     -1.00       0  kworker/u64:9-ext4-rsv-conversion
15:12:59     1000   1068542    0.00    0.00    0.00    0.00    0.00    12      1.00      0.00 1518803672  252688   0.78      0.00      0.00      0.00       0  chrome
15:12:59     1000   1074725    0.00    0.00    0.00    0.00    0.00    13      5.00      0.00  679560  183284   0.56      0.00      0.00      0.00       0  codex
15:12:59     1000   1109998    5.00    1.00    0.00    0.00    6.00    15    181.00      0.00 1518889452  359028   1.10      0.00     28.00      0.00       0  chrome
15:12:59     1000   1111002    1.00    0.00    0.00    0.00    1.00     4      0.00      0.00  204040   41576   0.13      0.00      4.00      0.00       0  ros2
15:12:59     1000   1111013    4.00    2.00    0.00    0.00    6.00     4    147.00      0.00  899908   36016   0.11      0.00      0.00      0.00       0  real_go2_input_
15:12:59     1000   1111014   14.00    0.00    0.00    0.00   14.00     2    656.00      0.00  887756   77200   0.24      0.00      0.00      0.00       0  python3
15:12:59     1000   1111015   60.00    1.00    0.00    0.00   61.00     7    722.00      0.00 1140408  292980   0.90      0.00      0.00      0.00       0  scan_planner_no
15:12:59     1000   1111016   24.00    3.00    0.00    0.00   27.00    10   3563.00      0.00 4969608   57152   0.18      0.00      0.00      0.00       0  scan_mppi_contr
15:12:59     1000   1111017    2.00    1.00    0.00    0.00    3.00    15      1.00      0.00  750700   32000   0.10      0.00      0.00      0.00       0  cmd_vel_safety_
15:12:59     1000   1111018   11.00    1.00    0.00    0.00   12.00    13      3.00      0.00  884008   73356   0.23      0.00     92.00      0.00       0  telemetry_recor
15:12:59     1000   1111155    1.00    0.00    0.00    0.00    1.00    14      0.00      0.00   12708    5944   0.02      0.00      8.00      0.00       0  pidstat
15:12:59     1000   1111156    2.00    1.00    0.00    0.00    3.00    12      0.00      0.00 1101624  110788   0.34   4224.00      0.00      0.00       0  ros2

# Time        UID       PID    %usr %system  %guest   %wait    %CPU   CPU  minflt/s  majflt/s     VSZ     RSS   %MEM   kB_rd/s   kB_wr/s kB_ccwr/s iodelay  Command
15:13:00        0       676    0.00    2.00    0.00    0.00    2.00     1      0.00      0.00       0       0   0.00     -1.00     -1.00     -1.00       0  irq/163-rtw89_pci
15:13:00     1000      2081    0.00    1.00    0.00    0.00    1.00    13      0.00      0.00  160528   48336   0.15      0.00      0.00      0.00       0  pipewire-pulse
15:13:00     1000      2324   10.00    1.00    0.00    0.00   11.00    14      2.00      0.00 5557096  381772   1.17      0.00      0.00      0.00       0  gnome-shell
15:13:00     1000      2622    5.00    2.00    0.00    0.00    7.00    12      0.00      0.00 5685392  231952   0.71      0.00      0.00      0.00       0  ToDesk
15:13:00        0      3243    0.00    2.00    0.00    0.00    2.00     7      0.00      0.00 2778564   67840   0.21     -1.00     -1.00     -1.00       0  ToDesk_Service
15:13:00     1000      3886    0.00    1.00    0.00    0.00    1.00    12      0.00      0.00 1480828   37028   0.11      0.00      0.00      0.00       0  nxrunner.bin
15:13:00     1000     10268    0.00    0.00    0.00    0.00    0.00     4      2.00      0.00 33882424   63200   0.19      0.00      0.00      0.00       0  github-desktop
15:13:00     1000     32140    1.00    0.00    0.00    0.00    1.00     4      0.00      0.00 11729028  750732   2.30      0.00      0.00      0.00       0  com.alibabainc.
15:13:00     1000     45971    0.00    0.00    0.00    0.00    0.00    15      3.00      0.00 50049280  218524   0.67      0.00      0.00      0.00       0  com.alibabainc.
15:13:00     1000    156386    1.00    0.00    0.00    0.00    1.00     0      0.00      0.00 1788224   49216   0.15      0.00      0.00      0.00       0  nxplayer.bin
15:13:00        0    332726    0.00    0.00    0.00    0.00    0.00     8      3.00      0.00  361696  237184   0.73     -1.00     -1.00     -1.00       0  systemd-journal
15:13:00     1000    425666    0.00    0.00    0.00    0.00    0.00    10      2.00      0.00 50028472  261540   0.80      0.00      0.00      0.00       0  com.alibabainc.
15:13:00     1000    516139    0.00    1.00    0.00    0.00    1.00     4      0.00      0.00 5453760   37080   0.11      0.00      0.00      0.00       0  clash
15:13:00     1000    577067    0.00    0.00    0.00    0.00    0.00     8      5.00      0.00 50711564   88336   0.27      0.00      0.00      0.00       0  code
15:13:00     1000    577170    0.00    0.00    0.00    0.00    0.00    14      5.00      0.00 1520378324  115516   0.35      0.00      0.00      0.00       0  code
15:13:00     1000    577171    0.00    0.00    0.00    0.00    0.00    10     37.00      0.00 1520352992  124876   0.38      0.00      0.00      0.00       0  code
15:13:00     1000    577172    0.00    0.00    0.00    0.00    0.00    10      3.00      0.00 1520369816  113428   0.35      0.00      0.00      0.00       0  code
15:13:00     1000    577320    0.00    0.00    0.00    0.00    0.00     2     12.00      0.00 1520354644  108556   0.33      0.00      0.00      0.00       0  code
15:13:00     1000    853053    2.00    0.00    0.00    0.00    2.00     0     60.00      0.00 55963992  496456   1.52      0.00      0.00      0.00       0  chrome
15:13:00     1000    853103    3.00    1.00    0.00    0.00    4.00     2    157.00      0.00 55978836  346616   1.06      0.00      0.00      0.00       0  chrome
15:13:00     1000    853105    1.00    0.00    0.00    0.00    1.00     5    199.00      0.00 55067288   94300   0.29      0.00     16.00      0.00       0  chrome
15:13:00     1000    853115    0.00    0.00    0.00    0.00    0.00    10      3.00      0.00 55302144   56896   0.17      0.00      0.00      0.00       0  chrome
15:13:00     1000    880405    3.00    1.00    0.00    0.00    4.00     0    443.00      0.00 1518922464  509196   1.56      0.00      0.00      0.00       0  chrome
15:13:00     1000    881919    0.00    0.00    0.00    0.00    0.00     0      6.00      0.00 1518709688  114116   0.35      0.00      0.00      0.00       0  chrome
15:13:00     1000    885261    0.00    0.00    0.00    0.00    0.00     0     13.00      0.00 1518767568  318052   0.98      0.00      0.00      0.00       0  code
15:13:00     1000    888233    2.00    1.00    0.00    0.00    3.00     0      0.00      0.00 1754332  368480   1.13      0.00      0.00      0.00       0  gnome-system-mo
15:13:00        0   1068456    0.00    1.00    0.00    0.00    1.00     8      0.00      0.00       0       0   0.00     -1.00     -1.00     -1.00       0  kworker/u64:2-i915
15:13:00     1000   1073729    1.00    0.00    0.00    0.00    1.00    10      0.00      0.00  877608   71244   0.22      0.00      0.00      0.00       0  python3
15:13:00     1000   1074666    0.00    0.00    0.00    0.00    0.00     0      4.00      0.00 1520369816  130064   0.40      0.00      0.00      0.00       0  code
15:13:00     1000   1074681    1.00    1.00    0.00    0.00    2.00     0   1773.00      0.00 1520363292  298416   0.92      0.00      0.00      0.00       0  code
15:13:00     1000   1074725    0.00    0.00    0.00    0.00    0.00    13    158.00      0.00  712376  183412   0.56      0.00      0.00      0.00       0  codex
15:13:00     1000   1075226    0.00    0.00    0.00    0.00    0.00    14     72.00      0.00 1518709156  331736   1.02      0.00      0.00      0.00       0  code
15:13:00     1000   1109998    4.00    1.00    0.00    0.00    5.00    10    100.00      0.00 1518889452  359412   1.10      0.00      0.00      0.00       0  chrome
15:13:00     1000   1111002    0.00    0.00    0.00    0.00    0.00     4      1.00      0.00  204040   41576   0.13      0.00      0.00      0.00       0  ros2
15:13:00     1000   1111013    2.00    1.00    0.00    0.00    3.00     1      0.00      0.00  899908   36016   0.11      0.00      0.00      0.00       0  real_go2_input_
15:13:00     1000   1111014   10.00    0.00    0.00    0.00   10.00     8      0.00      0.00  887756   77200   0.24      0.00      0.00      0.00       0  python3
15:13:00     1000   1111015   60.00    0.00    0.00    1.00   60.00     6    133.00      0.00 1140696  293364   0.90      0.00      0.00      0.00       0  scan_planner_no
15:13:00     1000   1111016   28.00    2.00    0.00    0.00   30.00     0  10309.00      0.00 4969648   77208   0.24      0.00      0.00      0.00       0  scan_mppi_contr
15:13:00     1000   1111017    3.00    1.00    0.00    0.00    4.00    15      1.00      0.00  750700   32000   0.10      0.00      0.00      0.00       0  cmd_vel_safety_
15:13:00     1000   1111018   12.00    1.00    0.00    0.00   13.00     4      1.00      0.00  884008   73356   0.23      0.00    100.00      0.00       0  telemetry_recor
15:13:00     1000   1111155    0.00    1.00    0.00    0.00    1.00     3      2.00      0.00   12708    5944   0.02      0.00      4.00      0.00       0  pidstat
15:13:00     1000   1111156    3.00    1.00    0.00    0.00    4.00    12      0.00      0.00 1101624  110788   0.34   5376.00      0.00      0.00       0  ros2

# Time        UID       PID    %usr %system  %guest   %wait    %CPU   CPU  minflt/s  majflt/s     VSZ     RSS   %MEM   kB_rd/s   kB_wr/s kB_ccwr/s iodelay  Command
15:13:01        0       464    0.00    1.00    0.00    0.00    1.00    14      0.00      0.00       0       0   0.00     -1.00     -1.00     -1.00       0  kworker/14:1H-i915_cleanup
15:13:01      101      1072    1.00    0.00    0.00    0.00    1.00     0      0.00      0.00   12504    6632   0.02     -1.00     -1.00     -1.00       0  dbus-daemon
15:13:01        0      1141    1.00    0.00    0.00    0.00    1.00     5      0.00      0.00  625260   21556   0.07     -1.00     -1.00     -1.00       0  NetworkManager
15:13:01     1000      2324   12.00    2.00    0.00    0.00   14.00    14     35.00      0.00 5557096  382028   1.17      0.00      0.00      0.00       0  gnome-shell
15:13:01     1000      2622    5.00    3.00    0.00    0.00    8.00     6      0.00      0.00 5685392  231952   0.71      0.00      0.00      0.00       0  ToDesk
15:13:01      123      3242    1.00    0.00    0.00    0.00    1.00    10      9.00      0.00 2382192   76072   0.23     -1.00     -1.00     -1.00       0  nxserver.bin
15:13:01        0      3243    1.00    2.00    0.00    0.00    3.00    10      0.00      0.00 2778564   67840   0.21     -1.00     -1.00     -1.00       0  ToDesk_Service
15:13:01     1000     10213    0.00    0.00    0.00    0.00    0.00     0      3.00      0.00 1212301312  153700   0.47      0.00      0.00      0.00       0  github-desktop
15:13:01     1000     32140    1.00    0.00    0.00    0.00    1.00     9      0.00      0.00 11729028  750732   2.30      0.00      4.00      0.00       0  com.alibabainc.
15:13:01     1000     45971    0.00    0.00    0.00    0.00    0.00    10      6.00      0.00 50049280  218524   0.67      0.00      0.00      0.00       0  com.alibabainc.
15:13:01        0    332726    0.00    0.00    0.00    0.00    0.00     9      1.00      0.00  361696  237184   0.73     -1.00     -1.00     -1.00       0  systemd-journal
15:13:01     1000    425666    0.00    0.00    0.00    0.00    0.00     8      1.00      0.00 50028472  261540   0.80      0.00      0.00      0.00       0  com.alibabainc.
15:13:01     1000    516139    1.00    0.00    0.00    0.00    1.00     8     24.00      0.00 5453760   36688   0.11      0.00      0.00      0.00       0  clash
15:13:01     1000    577014    0.00    0.00    0.00    0.00    0.00     8      1.00      0.00 1521087724  395188   1.21      0.00      0.00      0.00       0  code
15:13:01     1000    577063    1.00    0.00    0.00    0.00    1.00     0     18.00      0.00 51392512  245184   0.75      0.00      0.00      0.00       0  code
15:13:01     1000    577132    0.00    0.00    0.00    0.00    0.00     4     29.00      0.00 1520364784  383276   1.18      0.00      0.00      0.00       0  code
15:13:01     1000    577160    0.00    0.00    0.00    0.00    0.00    13      1.00      0.00 1518795316  679420   2.09      0.00      0.00      0.00       0  code
15:13:01     1000    577170    1.00    0.00    0.00    0.00    1.00    14      2.00      0.00 1520378324  115516   0.35      0.00      0.00      0.00       0  code
15:13:01     1000    577171    0.00    0.00    0.00    0.00    0.00    10      2.00      0.00 1520352992  124876   0.38      0.00      0.00      0.00       0  code
15:13:01     1000    577172    0.00    0.00    0.00    0.00    0.00    10      3.00      0.00 1520369816  113428   0.35      0.00      0.00      0.00       0  code
15:13:01     1000    577241    0.00    0.00    0.00    0.00    0.00    13      1.00      0.00  673380  182024   0.56      0.00      0.00      0.00       0  codex
15:13:01     1000    577320    0.00    0.00    0.00    0.00    0.00     2      3.00      0.00 1520354644  108556   0.33      0.00      0.00      0.00       0  code
15:13:01     1000    799234    1.00    0.00    0.00    0.00    1.00     7      0.00      0.00 2026456  190724   0.59      0.00      0.00      0.00       0  gnome-control-c
15:13:01     1000    853053    1.00    1.00    0.00    0.00    2.00    12    143.00      0.00 55963992  496584   1.52      0.00      0.00      0.00       0  chrome
15:13:01     1000    853103    4.00    0.00    0.00    0.00    4.00    13     33.00      0.00 55978768  346744   1.06      0.00      0.00      0.00       0  chrome
15:13:01     1000    853105    0.00    0.00    0.00    0.00    0.00     5     47.00      0.00 55067288   94428   0.29      0.00     16.00      0.00       0  chrome
15:13:01     1000    880405    1.00    1.00    0.00    0.00    2.00     2    326.00      0.00 1518922464  508148   1.56      0.00      0.00      0.00       0  chrome
15:13:01     1000    881951    1.00    1.00    0.00    0.00    2.00     8      0.00      0.00 55182696   61440   0.19      0.00      0.00      0.00       0  chrome
15:13:01        0   1068456    0.00    2.00    0.00    0.00    2.00    15      0.00      0.00       0       0   0.00     -1.00     -1.00     -1.00       0  kworker/u64:2+flush-259:0
15:13:01     1000   1074666    0.00    0.00    0.00    0.00    0.00     0      3.00      0.00 1520369816  130064   0.40      0.00      0.00      0.00       0  code
15:13:01     1000   1074681    1.00    0.00    0.00    0.00    1.00     0      1.00      0.00 1520363292  298416   0.92      0.00      0.00      0.00       0  code
15:13:01     1000   1074725    1.00    0.00    0.00    0.00    1.00    13    100.00      0.00  712376  183412   0.56      0.00     56.00      0.00       0  codex
15:13:01     1000   1075226    1.00    0.00    0.00    0.00    1.00    15     32.00      0.00 1518709156  331736   1.02      0.00      0.00      0.00       0  code
15:13:01     1000   1109998    4.00    1.00    0.00    0.00    5.00     2    251.00      0.00 1518889452  360180   1.11      0.00      0.00      0.00       0  chrome
15:13:01     1000   1111013    3.00    1.00    0.00    0.00    4.00     4      0.00      0.00  899908   36016   0.11      0.00      0.00      0.00       0  real_go2_input_
15:13:01     1000   1111014   12.00    1.00    0.00    0.00   13.00     4      0.00      0.00  887756   77200   0.24      0.00      0.00      0.00       0  python3
15:13:01     1000   1111015   63.00    1.00    0.00    0.00   64.00     7      4.00      0.00 1140696  293364   0.90      0.00      0.00      0.00       0  scan_planner_no
15:13:01     1000   1111016   35.00    3.00    0.00    0.00   38.00     0  13098.00      0.00 4962772   65628   0.20      0.00      0.00      0.00       0  scan_mppi_contr
15:13:01     1000   1111017    3.00    1.00    0.00    0.00    4.00     5      0.00      0.00  750700   32000   0.10      0.00      0.00      0.00       0  cmd_vel_safety_
15:13:01     1000   1111018   10.00    1.00    0.00    0.00   11.00    12      0.00      0.00  884008   73356   0.23      0.00    100.00      0.00       0  telemetry_recor
15:13:01     1000   1111155    0.00    1.00    0.00    0.00    1.00     4      0.00      0.00   12708    5944   0.02      0.00      8.00      0.00       0  pidstat
15:13:01     1000   1111156    2.00    1.00    0.00    0.00    3.00    12      0.00      0.00 1101624  110788   0.34   5248.00      0.00      0.00       0  ros2

# Time        UID       PID    %usr %system  %guest   %wait    %CPU   CPU  minflt/s  majflt/s     VSZ     RSS   %MEM   kB_rd/s   kB_wr/s kB_ccwr/s iodelay  Command
15:13:02        0       676    0.00    1.00    0.00    0.00    1.00     1      0.00      0.00       0       0   0.00     -1.00     -1.00     -1.00       0  irq/163-rtw89_pci
15:13:02     1000      2075    1.00    0.00    0.00    0.00    1.00    14      0.00      0.00  121312   17412   0.05      0.00      0.00      0.00       0  pipewire
15:13:02     1000      2324   12.00    1.00    0.00    0.00   13.00    15     21.00      0.00 5557096  381880   1.17      0.00      0.00      0.00       0  gnome-shell
15:13:02     1000      2622    5.00    2.00    0.00    0.00    7.00     3      0.00      0.00 5685392  231952   0.71      0.00      0.00      0.00       0  ToDesk
15:13:02      123      3242    1.00    1.00    0.00    0.00    2.00    10      0.00      0.00 2382192   76072   0.23     -1.00     -1.00     -1.00       0  nxserver.bin
15:13:02        0      3243    1.00    1.00    0.00    0.00    2.00    14      0.00      0.00 2778564   67840   0.21     -1.00     -1.00     -1.00       0  ToDesk_Service
15:13:02     1000     10251    0.00    0.00    0.00    0.00    0.00     4      3.00      0.00 34566360  113132   0.35      0.00      0.00      0.00       0  github-desktop
15:13:02     1000     32140    2.00    1.00    0.00    0.00    3.00    15    234.00      0.00 11729028  750888   2.30      0.00     24.00      0.00       0  com.alibabainc.
15:13:02     1000     45971    0.00    0.00    0.00    0.00    0.00    10      4.00      0.00 50049280  218524   0.67      0.00      0.00      0.00       0  com.alibabainc.
15:13:02     1000     46026    0.00    0.00    0.00    0.00    0.00     6      1.00      0.00 72700264  445424   1.37      0.00      0.00      0.00       0  com.alibabainc.
15:13:02     1000     52294    1.00    1.00    0.00    0.00    2.00     0    220.00      0.00 54436256  464596   1.43      0.00      0.00      0.00       0  com.alibabainc.
15:13:02     1000    156386    0.00    1.00    0.00    0.00    1.00     3      0.00      0.00 1788224   49216   0.15      0.00      0.00      0.00       0  nxplayer.bin
15:13:02        0    332726    0.00    0.00    0.00    0.00    0.00    15     31.00      0.00  361696  237184   0.73     -1.00     -1.00     -1.00       0  systemd-journal
15:13:02     1000    425666    0.00    0.00    0.00    0.00    0.00    10      1.00      0.00 50028472  261540   0.80      0.00      0.00      0.00       0  com.alibabainc.
15:13:02     1000    577014    0.00    1.00    0.00    0.00    1.00    12     18.00      0.00 1521087724  395188   1.21      0.00      0.00      0.00       0  code
15:13:02     1000    577160    1.00    0.00    0.00    0.00    1.00    14      0.00      0.00 1518795316  679420   2.09      0.00      0.00      0.00       0  code
15:13:02     1000    577170    0.00    0.00    0.00    0.00    0.00    15      8.00      0.00 1520378324  115516   0.35      0.00      0.00      0.00       0  code
15:13:02     1000    853053    1.00    0.00    0.00    0.00    1.00    10     84.00      0.00 55963992  496712   1.52      0.00      4.00      0.00       0  chrome
15:13:02     1000    853103    4.00    1.00    0.00    0.00    5.00    11      3.00      0.00 55978320  346744   1.06      0.00      0.00      0.00       0  chrome
15:13:02     1000    881251    1.00    0.00    0.00    0.00    1.00    14    619.00      0.00 73710076  498644   1.53      0.00      0.00      0.00       0  com.alibabainc.
15:13:02     1000    885261    0.00    0.00    0.00    0.00    0.00     0      0.00      0.00 1518767568  317912   0.98      0.00      0.00      0.00       0  code
15:13:02        0   1068456    0.00    1.00    0.00    0.00    1.00     8      0.00      0.00       0       0   0.00     -1.00     -1.00     -1.00       0  kworker/u64:2-i915
15:13:02     1000   1075226    2.00    1.00    0.00    0.00    3.00    12    155.00      0.00 1518709156  332248   1.02      0.00      0.00      0.00       0  code
15:13:02        0   1097682    0.00    1.00    0.00    0.00    1.00     2      0.00      0.00       0       0   0.00     -1.00     -1.00     -1.00       0  kworker/u65:3-i915_flip
15:13:02     1000   1109998    5.00    1.00    0.00    0.00    6.00     3    132.00      0.00 1518889452  360436   1.11      0.00      0.00      0.00       0  chrome
15:13:02     1000   1111002    0.00    0.00    0.00    0.00    0.00    12      1.00      0.00  204040   41576   0.13      0.00      0.00      0.00       0  ros2
15:13:02     1000   1111013    3.00    1.00    0.00    0.00    4.00     0      2.00      0.00  899912   36016   0.11      0.00      0.00      0.00       0  real_go2_input_
15:13:02     1000   1111014   11.00    0.00    0.00    0.00   11.00    11      0.00      0.00  887756   77200   0.24      0.00      0.00      0.00       0  python3
15:13:02     1000   1111015   63.00    0.00    0.00    0.00   63.00     7     25.00      0.00 1140832  293620   0.90      0.00      4.00      0.00       0  scan_planner_no
15:13:02     1000   1111016   30.00    3.00    0.00    0.00   33.00    13   6674.00      0.00 4961248   65876   0.20      0.00      0.00      0.00       0  scan_mppi_contr
15:13:02     1000   1111017    3.00    0.00    0.00    1.00    3.00     5      0.00      0.00  750700   32000   0.10      0.00      0.00      0.00       0  cmd_vel_safety_
15:13:02     1000   1111018   12.00    1.00    0.00    1.00   13.00    14      0.00      0.00  884008   73356   0.23      0.00    104.00      0.00       0  telemetry_recor
15:13:02     1000   1111155    0.00    0.00    0.00    0.00    0.00     4      0.00      0.00   12708    5944   0.02      0.00      8.00      0.00       0  pidstat
15:13:02     1000   1111156    2.00    0.00    0.00    0.00    2.00    12      0.00      0.00 1101624  110788   0.34   5248.00      4.00      0.00       0  ros2

# Time        UID       PID    %usr %system  %guest   %wait    %CPU   CPU  minflt/s  majflt/s     VSZ     RSS   %MEM   kB_rd/s   kB_wr/s kB_ccwr/s iodelay  Command
15:13:03        0        15    0.00    1.00    0.00    0.00    1.00     2      0.00      0.00       0       0   0.00     -1.00     -1.00     -1.00       0  rcu_preempt
15:13:03        0       676    0.00    1.00    0.00    0.00    1.00     1      0.00      0.00       0       0   0.00     -1.00     -1.00     -1.00       0  irq/163-rtw89_pci
15:13:03     1000      2081    0.00    1.00    0.00    0.00    1.00     0      0.00      0.00  160528   48336   0.15      0.00      0.00      0.00       0  pipewire-pulse
15:13:03     1000      2324   11.00    2.00    0.00    0.00   13.00    10      3.00      0.00 5557096  381880   1.17      0.00      0.00      0.00       0  gnome-shell
15:13:03     1000      2622    5.00    3.00    0.00    0.00    8.00     8      0.00      0.00 5685392  231952   0.71      0.00      0.00      0.00       0  ToDesk
15:13:03        0      3243    0.00    2.00    0.00    0.00    2.00    12      0.00      0.00 2778564   67840   0.21     -1.00     -1.00     -1.00       0  ToDesk_Service
15:13:03     1000     10213    0.00    0.00    0.00    0.00    0.00     0      4.00      0.00 1212301312  153700   0.47      0.00      0.00      0.00       0  github-desktop
15:13:03     1000     32140    2.00    0.00    0.00    0.00    2.00     2      0.00      0.00 11729028  750888   2.30      0.00      0.00      0.00       0  com.alibabainc.
15:13:03     1000     45971    1.00    0.00    0.00    0.00    1.00    10      6.00      0.00 50049280  218652   0.67      0.00      0.00      0.00       0  com.alibabainc.
15:13:03        0    332726    1.00    0.00    0.00    0.00    1.00    15      1.00      0.00  361696  237184   0.73     -1.00     -1.00     -1.00       0  systemd-journal
15:13:03     1000    425666    0.00    0.00    0.00    0.00    0.00     8      1.00      0.00 50028472  261540   0.80      0.00      0.00      0.00       0  com.alibabainc.
15:13:03     1000    577107    0.00    0.00    0.00    0.00    0.00     6     11.00      0.00 1520761120  592808   1.82      0.00      0.00      0.00       0  code
15:13:03     1000    577132    1.00    0.00    0.00    0.00    1.00     8      0.00      0.00 1520364784  383276   1.18      0.00      0.00      0.00       0  code
15:13:03     1000    577320    0.00    0.00    0.00    0.00    0.00     2     10.00      0.00 1520354644  108556   0.33      0.00      0.00      0.00       0  code
15:13:03     1000    853053    3.00    0.00    0.00    0.00    3.00     7      0.00      0.00 55963992  496712   1.52      0.00      0.00      0.00       0  chrome
15:13:03     1000    853103    4.00    1.00    0.00    0.00    5.00     8      1.00      0.00 55978324  346744   1.06      0.00      0.00      0.00       0  chrome
15:13:03     1000    853105    0.00    0.00    0.00    0.00    0.00     5      4.00      0.00 55067288   94428   0.29      0.00      0.00      0.00       0  chrome
15:13:03     1000    880405    1.00    0.00    0.00    0.00    1.00     8      0.00      0.00 1518922464  508148   1.56      0.00      0.00      0.00       0  chrome
15:13:03     1000    881951    1.00    1.00    0.00    0.00    2.00     6      0.00      0.00 55182696   61440   0.19      0.00      0.00      0.00       0  chrome
15:13:03     1000    888233    1.00    1.00    0.00    0.00    2.00     2      0.00      0.00 1754332  368608   1.13      0.00      0.00      0.00       0  gnome-system-mo
15:13:03        0    946765    0.00    1.00    0.00    0.00    1.00    12      0.00      0.00       0       0   0.00     -1.00     -1.00     -1.00       0  kworker/12:2-mm_percpu_wq
15:13:03        0   1068456    0.00    1.00    0.00    0.00    1.00     3      0.00      0.00       0       0   0.00     -1.00     -1.00     -1.00       0  kworker/u64:2-i915
15:13:03     1000   1074681    0.00    0.00    0.00    0.00    0.00     7      8.00      0.00 1520363292  298416   0.92      0.00      0.00      0.00       0  code
15:13:03     1000   1074725    0.00    0.00    0.00    0.00    0.00    13     18.00      0.00  712376  183412   0.56      0.00     76.00      0.00       0  codex
15:13:03     1000   1075226    1.00    0.00    0.00    0.00    1.00    13     84.00      0.00 1518709156  332504   1.02      0.00      0.00      0.00       0  code
15:13:03     1000   1109998    5.00    1.00    0.00    0.00    6.00    15    197.00      0.00 1518889452  360152   1.11      0.00      0.00      0.00       0  chrome
15:13:03     1000   1111002    0.00    0.00    0.00    0.00    0.00     6      0.00      0.00  204040   41576   0.13      0.00      4.00      0.00       0  ros2
15:13:03     1000   1111013    3.00    2.00    0.00    0.00    5.00     0      0.00      0.00  899912   36016   0.11      0.00      0.00      0.00       0  real_go2_input_
15:13:03     1000   1111014   11.00    0.00    0.00    0.00   11.00     7      0.00      0.00  887756   77200   0.24      0.00      0.00      0.00       0  python3
15:13:03     1000   1111015   66.00    1.00    0.00    0.00   67.00     5     17.00      0.00 1140964  293620   0.90      0.00      0.00      0.00       0  scan_planner_no
15:13:03     1000   1111016   32.00    4.00    0.00    0.00   36.00     7  11241.00      0.00 4961284   76400   0.23      0.00      0.00      0.00       0  scan_mppi_contr
15:13:03     1000   1111017    3.00    1.00    0.00    0.00    4.00    10      0.00      0.00  750700   32000   0.10      0.00      0.00      0.00       0  cmd_vel_safety_
15:13:03     1000   1111018   13.00    1.00    0.00    0.00   14.00     7      1.00      0.00  884008   73356   0.23      0.00     92.00      0.00       0  telemetry_recor
15:13:03     1000   1111155    0.00    1.00    0.00    0.00    1.00     7      0.00      0.00   12708    5944   0.02      0.00      4.00      0.00       0  pidstat
15:13:03     1000   1111156    1.00    2.00    0.00    0.00    3.00    15      1.00      0.00 1101624  110788   0.34   7424.00      0.00      0.00       0  ros2

# Time        UID       PID    %usr %system  %guest   %wait    %CPU   CPU  minflt/s  majflt/s     VSZ     RSS   %MEM   kB_rd/s   kB_wr/s kB_ccwr/s iodelay  Command
15:13:04     1000      2075    0.00    1.00    0.00    0.00    1.00    14      0.00      0.00  121312   17412   0.05      0.00      0.00      0.00       0  pipewire
15:13:04     1000      2324   13.00    1.00    0.00    1.00   14.00    14     20.00      0.00 5556840  381880   1.17      0.00      0.00      0.00       0  gnome-shell
15:13:04     1000      2538    1.00    0.00    0.00    0.00    1.00     5      0.00      0.00  543976   11928   0.04      0.00      0.00      0.00       0  gsd-sharing
15:13:04     1000      2622    6.00    2.00    0.00    0.00    8.00     8      0.00      0.00 5685392  231952   0.71      0.00      0.00      0.00       0  ToDesk
15:13:04        0      3243    1.00    2.00    0.00    0.00    3.00    14      0.00      0.00 2778564   67840   0.21     -1.00     -1.00     -1.00       0  ToDesk_Service
15:13:04     1000     10268    0.00    0.00    0.00    0.00    0.00     4      2.00      0.00 33882424   63200   0.19      0.00      0.00      0.00       0  github-desktop
15:13:04     1000     32140    1.00    1.00    0.00    0.00    2.00     8      0.00      0.00 11729028  750888   2.30      0.00      4.00      0.00       0  com.alibabainc.
15:13:04     1000     45971    0.00    0.00    0.00    0.00    0.00    13      6.00      0.00 50049280  218652   0.67      0.00      0.00      0.00       0  com.alibabainc.
15:13:04        0    332726    0.00    0.00    0.00    0.00    0.00    10      2.00      0.00  361696  237184   0.73     -1.00     -1.00     -1.00       0  systemd-journal
15:13:04     1000    577014    0.00    0.00    0.00    0.00    0.00     8      0.00      0.00 1521087724  395188   1.21      0.00     12.00      0.00       0  code
15:13:04     1000    577067    0.00    0.00    0.00    0.00    0.00     8      3.00      0.00 50711564   88336   0.27      0.00      0.00      0.00       0  code
15:13:04     1000    577160    0.00    0.00    0.00    0.00    0.00     3      1.00      0.00 1518795316  679420   2.09      0.00      0.00      0.00       0  code
15:13:04     1000    577170    0.00    0.00    0.00    0.00    0.00     2      6.00      0.00 1520378324  115516   0.35      0.00      0.00      0.00       0  code
15:13:04     1000    577171    0.00    0.00    0.00    0.00    0.00     6     36.00      0.00 1520352992  124876   0.38      0.00      0.00      0.00       0  code
15:13:04     1000    577172    0.00    0.00    0.00    0.00    0.00    10      2.00      0.00 1520369816  113428   0.35      0.00      0.00      0.00       0  code
15:13:04     1000    577320    0.00    0.00    0.00    0.00    0.00     2     12.00      0.00 1520354644  108556   0.33      0.00      0.00      0.00       0  code
15:13:04     1000    853053    1.00    0.00    0.00    0.00    1.00    15      0.00      0.00 55963992  496712   1.52      0.00      0.00      0.00       0  chrome
15:13:04     1000    853103    5.00    0.00    0.00    0.00    5.00     0     71.00      0.00 55979112  346744   1.06      0.00      0.00      0.00       0  chrome
15:13:04     1000    853105    0.00    0.00    0.00    0.00    0.00     5      1.00      0.00 55067288   93904   0.29      0.00      0.00      0.00       0  chrome
15:13:04     1000    853115    0.00    0.00    0.00    0.00    0.00    10      3.00      0.00 55302144   56896   0.17      0.00      0.00      0.00       0  chrome
15:13:04     1000    880405    0.00    0.00    0.00    0.00    0.00     2      1.00      0.00 1518922464  508148   1.56      0.00      0.00      0.00       0  chrome
15:13:04        0   1068456    0.00    1.00    0.00    0.00    1.00     8      0.00      0.00       0       0   0.00     -1.00     -1.00     -1.00       0  kworker/u64:2-events_power_efficient
15:13:04        0   1074653    0.00    1.00    0.00    0.00    1.00     4      0.00      0.00       0       0   0.00     -1.00     -1.00     -1.00       0  kworker/u64:3-i915
15:13:04     1000   1074666    0.00    0.00    0.00    0.00    0.00    14      3.00      0.00 1520369816  130064   0.40      0.00      0.00      0.00       0  code
15:13:04     1000   1074681    0.00    0.00    0.00    0.00    0.00     8     74.00      0.00 1520363292  298148   0.92      0.00      0.00      0.00       0  code
15:13:04     1000   1075226    2.00    1.00    0.00    0.00    3.00    12    235.00      0.00 1518709156  333144   1.02      0.00      0.00      0.00       0  code
15:13:04        0   1108714    0.00    1.00    0.00    0.00    1.00    15      0.00      0.00       0       0   0.00     -1.00     -1.00     -1.00       0  kworker/15:1-i915-unordered
15:13:04     1000   1109998    6.00    1.00    0.00    0.00    7.00    15    310.00      0.00 1518889452  360772   1.11      0.00      0.00      0.00       0  chrome
15:13:04     1000   1111013    4.00    1.00    0.00    0.00    5.00     6      1.00      0.00  899912   36016   0.11      0.00      0.00      0.00       0  real_go2_input_
15:13:04     1000   1111014   11.00    0.00    0.00    0.00   11.00    11      1.00      0.00  887756   77200   0.24      0.00      0.00      0.00       0  python3
15:13:04     1000   1111015   64.00    0.00    0.00    0.00   64.00     7     11.00      0.00 1140964  293748   0.90      0.00      0.00      0.00       0  scan_planner_no
15:13:04     1000   1111016   28.00    1.00    0.00    0.00   29.00    15   3318.00      0.00 4968124   81792   0.25      0.00      0.00      0.00       0  scan_mppi_contr
15:13:04     1000   1111017    3.00    0.00    0.00    0.00    3.00    15      1.00      0.00  750700   32160   0.10      0.00      0.00      0.00       0  cmd_vel_safety_
15:13:04     1000   1111018   11.00    0.00    0.00    0.00   11.00     0      1.00      0.00  884008   73356   0.23      0.00    100.00      0.00       0  telemetry_recor
15:13:04     1000   1111155    1.00    1.00    0.00    0.00    2.00     8      0.00      0.00   12708    5944   0.02      0.00      8.00      0.00       0  pidstat
15:13:04     1000   1111156    2.00    1.00    0.00    0.00    3.00    13      0.00      0.00 1101624  110788   0.34   4224.00      0.00      0.00       0  ros2

# Time        UID       PID    %usr %system  %guest   %wait    %CPU   CPU  minflt/s  majflt/s     VSZ     RSS   %MEM   kB_rd/s   kB_wr/s kB_ccwr/s iodelay  Command
15:13:05     1000      2081    1.00    1.00    0.00    0.00    2.00     2      0.00      0.00  160528   48336   0.15      0.00      0.00      0.00       0  pipewire-pulse
15:13:05     1000      2324   10.00    1.00    0.00    0.00   11.00     3      3.00      0.00 5556840  381880   1.17      0.00      0.00      0.00       0  gnome-shell
15:13:05     1000      2622    5.00    1.00    0.00    0.00    6.00    14      0.00      0.00 5685392  231952   0.71      0.00      0.00      0.00       0  ToDesk
15:13:05        0      3243    0.00    2.00    0.00    0.00    2.00    12      0.00      0.00 2778564   67840   0.21     -1.00     -1.00     -1.00       0  ToDesk_Service
15:13:05     1000     32140    1.00    0.00    0.00    0.00    1.00    12      0.00      0.00 11729028  750888   2.30      0.00      4.00      0.00       0  com.alibabainc.
15:13:05     1000     45971    0.00    0.00    0.00    0.00    0.00     7      4.00      0.00 50049280  218652   0.67      0.00      0.00      0.00       0  com.alibabainc.
15:13:05        0    332726    0.00    0.00    0.00    0.00    0.00    12     11.00      0.00  361696  237184   0.73     -1.00     -1.00     -1.00       0  systemd-journal
15:13:05     1000    425666    1.00    0.00    0.00    0.00    1.00    15      1.00      0.00 50028472  261540   0.80      0.00      0.00      0.00       0  com.alibabainc.
15:13:05     1000    425773    1.00    0.00    0.00    0.00    1.00     4      0.00      0.00 50014516  390636   1.20      0.00      0.00      0.00       0  com.alibabainc.
15:13:05     1000    577063    0.00    1.00    0.00    0.00    1.00     0     18.00      0.00 51392512  245184   0.75      0.00      0.00      0.00       0  code
15:13:05     1000    577132    0.00    0.00    0.00    0.00    0.00    15     27.00      0.00 1520364784  383276   1.18      0.00      0.00      0.00       0  code
15:13:05     1000    577241    0.00    0.00    0.00    0.00    0.00    13      1.00      0.00  673380  182024   0.56      0.00      0.00      0.00       0  codex
15:13:05     1000    853053    1.00    1.00    0.00    0.00    2.00     4     24.00      0.00 55963992  495924   1.52      0.00      0.00      0.00       0  chrome
15:13:05     1000    853103    2.00    1.00    0.00    0.00    3.00     6      2.00      0.00 55978448  346744   1.06      0.00      0.00      0.00       0  chrome
15:13:05     1000    853105    0.00    1.00    0.00    0.00    1.00     5    150.00      0.00 55067288   93984   0.29      0.00    448.00      0.00       0  chrome
15:13:05     1000    881951    1.00    0.00    0.00    0.00    1.00    10      0.00      0.00 55182696   61440   0.19      0.00      0.00      0.00       0  chrome
15:13:05        0   1025923    0.00    1.00    0.00    0.00    1.00     0      0.00      0.00       0       0   0.00     -1.00     -1.00     -1.00       0  kworker/0:0-events
15:13:05     1000   1068542    0.00    0.00    0.00    0.00    0.00    11      1.00      0.00 1518803672  252688   0.78      0.00      0.00      0.00       0  chrome
15:13:05        0   1074653    0.00    1.00    0.00    0.00    1.00    10      0.00      0.00       0       0   0.00     -1.00     -1.00     -1.00       0  kworker/u64:3-events_unbound
15:13:05     1000   1074725    0.00    0.00    0.00    0.00    0.00    13      6.00      0.00  712376  183412   0.56      0.00      0.00      0.00       0  codex
15:13:05     1000   1075226    1.00    0.00    0.00    0.00    1.00     6    138.00      0.00 1518709156  333784   1.02      0.00      0.00      0.00       0  code
15:13:05     1000   1076599    0.00    0.00    0.00    0.00    0.00     0      0.00      0.00 1450897440   19364   0.06      0.00      0.00      0.00       0  codex-code-mode
15:13:05     1000   1109998    3.00    2.00    0.00    0.00    5.00    13    363.00      0.00 1518889452  361644   1.11      0.00      0.00      0.00       0  chrome
15:13:05     1000   1111013    2.00    1.00    0.00    0.00    3.00     5      0.00      0.00  899912   36016   0.11      0.00      0.00      0.00       0  real_go2_input_
15:13:05     1000   1111014   10.00    0.00    0.00    0.00   10.00     6      0.00      0.00  887756   77200   0.24      0.00      0.00      0.00       0  python3
15:13:05     1000   1111015   60.00    0.00    0.00    0.00   60.00     4      6.00      0.00 1142232  293748   0.90      0.00      0.00      0.00       0  scan_planner_no
15:13:05     1000   1111016   35.00    4.00    0.00    0.00   39.00    13  12678.00      0.00 4961324   72724   0.22      0.00      0.00      0.00       0  scan_mppi_contr
15:13:05     1000   1111017    3.00    1.00    0.00    0.00    4.00    10      0.00      0.00  750700   32160   0.10      0.00      0.00      0.00       0  cmd_vel_safety_
15:13:05     1000   1111018   11.00    1.00    0.00    0.00   12.00     2      0.00      0.00  884008   73356   0.23      0.00    100.00      0.00       0  telemetry_recor
15:13:05     1000   1111155    0.00    0.00    0.00    0.00    0.00     7      0.00      0.00   12708    5944   0.02      0.00      4.00      0.00       0  pidstat
15:13:05     1000   1111156    2.00    1.00    0.00    0.00    3.00    15      0.00      0.00 1101624  110788   0.34   5248.00      0.00      0.00       0  ros2

# Time        UID       PID    %usr %system  %guest   %wait    %CPU   CPU  minflt/s  majflt/s     VSZ     RSS   %MEM   kB_rd/s   kB_wr/s kB_ccwr/s iodelay  Command
15:13:06        0       461    0.00    1.00    0.00    0.00    1.00    15      0.00      0.00       0       0   0.00     -1.00     -1.00     -1.00       0  kworker/15:1H-i915_cleanup
15:13:06        0       676    0.00    1.00    0.00    0.00    1.00     1      0.00      0.00       0       0   0.00     -1.00     -1.00     -1.00       0  irq/163-rtw89_pci
15:13:06     1000      2324    9.00    1.00    0.00    0.00   10.00    15      3.00      0.00 5556840  381880   1.17      0.00      0.00      0.00       0  gnome-shell
15:13:06     1000      2622    5.00    2.00    0.00    1.00    7.00     8      0.00      0.00 5685392  231952   0.71      0.00      0.00      0.00       0  ToDesk
15:13:06        0      3243    1.00    1.00    0.00    0.00    2.00    12      0.00      0.00 2778564   67840   0.21     -1.00     -1.00     -1.00       0  ToDesk_Service
15:13:06     1000     10251    0.00    0.00    0.00    0.00    0.00     4      3.00      0.00 34566360  113132   0.35      0.00      0.00      0.00       0  github-desktop
15:13:06     1000     32140    1.00    1.00    0.00    0.00    2.00    15      0.00      0.00 11729028  750888   2.30      0.00      0.00      0.00       0  com.alibabainc.
15:13:06     1000     45971    0.00    0.00    0.00    0.00    0.00     8      5.00      0.00 50049280  218652   0.67      0.00      0.00      0.00       0  com.alibabainc.
15:13:06        0    332726    0.00    0.00    0.00    0.00    0.00    10      1.00      0.00  361696  237184   0.73     -1.00     -1.00     -1.00       0  systemd-journal
15:13:06     1000    425666    0.00    0.00    0.00    0.00    0.00     6      1.00      0.00 50028472  261540   0.80      0.00      0.00      0.00       0  com.alibabainc.
15:13:06     1000    577014    0.00    0.00    0.00    0.00    0.00     8     14.00      0.00 1521087724  395188   1.21      0.00      0.00      0.00       0  code
15:13:06     1000    577063    1.00    0.00    0.00    0.00    1.00     0      0.00      0.00 51392512  245184   0.75      0.00      0.00      0.00       0  code
15:13:06     1000    577170    0.00    0.00    0.00    0.00    0.00    14      1.00      0.00 1520378324  115516   0.35      0.00      0.00      0.00       0  code
15:13:06     1000    853053    0.00    1.00    0.00    0.00    1.00    12      0.00      0.00 55963992  495924   1.52      0.00      0.00      0.00       0  chrome
15:13:06     1000    853103    4.00    1.00    0.00    0.00    5.00     4      0.00      0.00 55976208  346744   1.06      0.00      0.00      0.00       0  chrome
15:13:06     1000    880405    0.00    0.00    0.00    0.00    0.00    10      1.00      0.00 1518922464  508148   1.56      0.00      0.00      0.00       0  chrome
15:13:06     1000    881951    0.00    1.00    0.00    0.00    1.00     6      0.00      0.00 55182696   61440   0.19      0.00      0.00      0.00       0  chrome
15:13:06     1000    888233    2.00    1.00    0.00    0.00    3.00     6      0.00      0.00 1754332  368608   1.13      0.00      0.00      0.00       0  gnome-system-mo
15:13:06        0   1049858    0.00    1.00    0.00    0.00    1.00     4      0.00      0.00       0       0   0.00     -1.00     -1.00     -1.00       0  kworker/u64:9-i915
15:13:06     1000   1068542    0.00    0.00    0.00    0.00    0.00    14      1.00      0.00 1518803672  252688   0.78      0.00      0.00      0.00       0  chrome
15:13:06     1000   1073718    1.00    0.00    0.00    0.00    1.00    10      0.00      0.00  882600   74912   0.23      0.00      0.00      0.00       0  ros2
15:13:06     1000   1074725    0.00    0.00    0.00    0.00    0.00    13      4.00      0.00  712376  183412   0.56      0.00      0.00      0.00       0  codex
15:13:06     1000   1075226    2.00    0.00    0.00    1.00    2.00     9     51.00      0.00 1518709156  334040   1.03      0.00      0.00      0.00       0  code
15:13:06        0   1097682    0.00    1.00    0.00    0.00    1.00     5      0.00      0.00       0       0   0.00     -1.00     -1.00     -1.00       0  kworker/u65:3-i915_flip
15:13:06     1000   1109998    5.00    1.00    0.00    0.00    6.00    14     87.00      0.00 1518887212  361888   1.11      0.00      0.00      0.00       0  chrome
15:13:06     1000   1111013    3.00    1.00    0.00    0.00    4.00     8      1.00      0.00  899912   36016   0.11      0.00      0.00      0.00       0  real_go2_input_
15:13:06     1000   1111014   12.00    0.00    0.00    0.00   12.00     3      6.00      0.00  887908   77200   0.24      0.00      0.00      0.00       0  python3
15:13:06     1000   1111015   71.00    0.00    0.00    0.00   71.00     7    119.00      0.00 1142472  294260   0.90      0.00      0.00      0.00       0  scan_planner_no
15:13:06     1000   1111016   33.00    1.00    0.00    0.00   34.00     5   8417.00      0.00 4961552   86848   0.27      0.00      0.00      0.00       0  scan_mppi_contr
15:13:06     1000   1111017    2.00    1.00    0.00    0.00    3.00     0      1.00      0.00  750832   32160   0.10      0.00      0.00      0.00       0  cmd_vel_safety_
15:13:06     1000   1111018   12.00    1.00    0.00    0.00   13.00     8      0.00      0.00  884008   73356   0.23      0.00     96.00      0.00       0  telemetry_recor
15:13:06     1000   1111155    0.00    1.00    0.00    0.00    1.00    10      0.00      0.00   12708    5944   0.02      0.00      8.00      0.00       0  pidstat
15:13:06     1000   1111156    2.00    1.00    0.00    0.00    3.00    15      0.00      0.00 1101624  110788   0.34   5248.00      0.00      0.00       0  ros2

# Time        UID       PID    %usr %system  %guest   %wait    %CPU   CPU  minflt/s  majflt/s     VSZ     RSS   %MEM   kB_rd/s   kB_wr/s kB_ccwr/s iodelay  Command
15:13:07        0        54    0.00    1.00    0.00    0.00    1.00    12      0.00      0.00       0       0   0.00     -1.00     -1.00     -1.00       0  migration/12
15:13:07     1000      2324   11.00    0.00    0.00    0.00   11.00    14      3.00      0.00 5556840  381880   1.17      0.00      0.00      0.00       0  gnome-shell
15:13:07     1000      2622    6.00    2.00    0.00    0.00    8.00     8      0.00      0.00 5685392  231952   0.71      0.00      0.00      0.00       0  ToDesk
15:13:07        0      3243    0.00    2.00    0.00    0.00    2.00    13      0.00      0.00 2778564   67840   0.21     -1.00     -1.00     -1.00       0  ToDesk_Service
15:13:07     1000     10213    0.00    0.00    0.00    0.00    0.00     0      5.00      0.00 1212301312  153700   0.47      0.00      0.00      0.00       0  github-desktop
15:13:07     1000     32140    1.00    0.00    0.00    0.00    1.00     6      0.00      0.00 11729028  750888   2.30      0.00      0.00      0.00       0  com.alibabainc.
15:13:07     1000     45971    0.00    0.00    0.00    0.00    0.00    13      4.00      0.00 50049280  218780   0.67      0.00      0.00      0.00       0  com.alibabainc.
15:13:07        0    332726    0.00    0.00    0.00    0.00    0.00    10      1.00      0.00  361696  237184   0.73     -1.00     -1.00     -1.00       0  systemd-journal
15:13:07     1000    425666    0.00    0.00    0.00    0.00    0.00     6      1.00      0.00 50028472  261540   0.80      0.00      0.00      0.00       0  com.alibabainc.
15:13:07     1000    426077    1.00    0.00    0.00    0.00    1.00    14      0.00      0.00 50132492  528136   1.62      0.00      0.00      0.00       0  com.alibabainc.
15:13:07     1000    577014    0.00    0.00    0.00    0.00    0.00    10      5.00      0.00 1521087724  395316   1.21      0.00      0.00      0.00       0  code
15:13:07     1000    577160    0.00    0.00    0.00    0.00    0.00     3      1.00      0.00 1518795316  679420   2.09      0.00      0.00      0.00       0  code
15:13:07     1000    577170    0.00    0.00    0.00    0.00    0.00    14      9.00      0.00 1520378324  115516   0.35      0.00      0.00      0.00       0  code
15:13:07     1000    853053    1.00    0.00    0.00    0.00    1.00    13      0.00      0.00 55963992  495924   1.52      0.00      0.00      0.00       0  chrome
15:13:07     1000    853103    3.00    1.00    0.00    0.00    4.00     6      0.00      0.00 55976208  346744   1.06      0.00      0.00      0.00       0  chrome
15:13:07     1000    853105    0.00    0.00    0.00    0.00    0.00     5      1.00      0.00 55067288   93984   0.29      0.00      0.00      0.00       0  chrome
15:13:07     1000    880405    1.00    0.00    0.00    0.00    1.00    10      1.00      0.00 1518922464  508148   1.56      0.00      0.00      0.00       0  chrome
15:13:07     1000    881919    0.00    0.00    0.00    0.00    0.00     0      1.00      0.00 1518709688  114116   0.35      0.00      0.00      0.00       0  chrome
15:13:07     1000    881951    1.00    0.00    0.00    0.00    1.00     6      0.00      0.00 55182696   61440   0.19      0.00      0.00      0.00       0  chrome
15:13:07     1000    885261    0.00    0.00    0.00    0.00    0.00     0      7.00      0.00 1518767568  317912   0.98      0.00      0.00      0.00       0  code
15:13:07     1000   1074681    0.00    0.00    0.00    0.00    0.00    10     13.00      0.00 1520363292  298148   0.92      0.00      0.00      0.00       0  code
15:13:07     1000   1075226    1.00    0.00    0.00    0.00    1.00     0     86.00      0.00 1518709156  334168   1.03      0.00      0.00      0.00       0  code
15:13:07     1000   1109998    4.00    1.00    0.00    0.00    5.00    15    183.00      0.00 1518887212  360528   1.11      0.00      0.00      0.00       0  chrome
15:13:07     1000   1111013    3.00    2.00    0.00    0.00    5.00    14      0.00      0.00  899912   36016   0.11      0.00      0.00      0.00       0  real_go2_input_
15:13:07     1000   1111014   10.00    1.00    0.00    0.00   11.00    12      0.00      0.00  887908   77200   0.24      0.00      0.00      0.00       0  python3
15:13:07     1000   1111015   67.00    0.00    0.00    0.00   67.00     4     48.00      0.00 1142472  294388   0.90      0.00      0.00      0.00       0  scan_planner_no
15:13:07     1000   1111016   36.00    4.00    0.00    0.00   40.00     5  10540.00      0.00 4961648   72936   0.22      0.00      0.00      0.00       0  scan_mppi_contr
15:13:07     1000   1111017    3.00    1.00    0.00    0.00    4.00    13      0.00      0.00  750832   32160   0.10      0.00      0.00      0.00       0  cmd_vel_safety_
15:13:07     1000   1111018   12.00    1.00    0.00    0.00   13.00    11      0.00      0.00  884008   73356   0.23      0.00     96.00      0.00       0  telemetry_recor
15:13:07     1000   1111019    1.00    0.00    0.00    0.00    1.00     1      0.00      0.00  748988   30452   0.09      0.00      0.00      0.00       0  static_transfor
15:13:07     1000   1111155    0.00    0.00    0.00    0.00    0.00     6      0.00      0.00   12708    5944   0.02      0.00      4.00      0.00       0  pidstat
15:13:07     1000   1111156    2.00    1.00    0.00    0.00    3.00    12      0.00      0.00 1101624  110788   0.34   5120.00      0.00      0.00       0  ros2

# Time        UID       PID    %usr %system  %guest   %wait    %CPU   CPU  minflt/s  majflt/s     VSZ     RSS   %MEM   kB_rd/s   kB_wr/s kB_ccwr/s iodelay  Command
15:13:08     1000      2075    1.00    0.00    0.00    0.00    1.00    14      0.00      0.00  121312   17412   0.05      0.00      0.00      0.00       0  pipewire
15:13:08     1000      2324   15.00    2.00    0.00    0.00   17.00    12     11.00      0.00 5557364  381880   1.17      0.00      0.00      0.00       0  gnome-shell
15:13:08     1000      2622    5.00    1.00    0.00    0.00    6.00     4      0.00      0.00 5685392  231952   0.71      0.00      0.00      0.00       0  ToDesk
15:13:08        0      3243    0.00    2.00    0.00    0.00    2.00     8      1.00      0.00 2778564   67840   0.21     -1.00     -1.00     -1.00       0  ToDesk_Service
15:13:08     1000     10268    1.00    0.00    0.00    0.00    1.00    14      2.00      0.00 33882424   63200   0.19      0.00      0.00      0.00       0  github-desktop
15:13:08     1000     32140    1.00    1.00    0.00    0.00    2.00    14      0.00      0.00 11729028  750888   2.30      0.00      0.00      0.00       0  com.alibabainc.
15:13:08     1000     45971    0.00    0.00    0.00    0.00    0.00    10      5.00      0.00 50049280  218780   0.67      0.00      0.00      0.00       0  com.alibabainc.
15:13:08        0    332726    0.00    0.00    0.00    0.00    0.00    10      1.00      0.00  361696  237184   0.73     -1.00     -1.00     -1.00       0  systemd-journal
15:13:08     1000    577067    0.00    0.00    0.00    0.00    0.00     8      3.00      0.00 50711564   88336   0.27      0.00      0.00      0.00       0  code
15:13:08     1000    577107    0.00    0.00    0.00    0.00    0.00     4     11.00      0.00 1520761120  592808   1.82      0.00      0.00      0.00       0  code
15:13:08     1000    577170    0.00    0.00    0.00    0.00    0.00     8      6.00      0.00 1520378324  115516   0.35      0.00      0.00      0.00       0  code
15:13:08     1000    577171    0.00    0.00    0.00    0.00    0.00     9     36.00      0.00 1520352992  124876   0.38      0.00      0.00      0.00       0  code
15:13:08     1000    577172    0.00    0.00    0.00    0.00    0.00     8      3.00      0.00 1520369816  113428   0.35      0.00      0.00      0.00       0  code
15:13:08     1000    577320    0.00    0.00    0.00    0.00    0.00     3     28.00      0.00 1520354644  108684   0.33      0.00      0.00      0.00       0  code
15:13:08     1000    853053    2.00    0.00    0.00    0.00    2.00    13      0.00      0.00 55959892  495924   1.52      0.00      0.00      0.00       0  chrome
15:13:08     1000    853103    5.00    1.00    0.00    0.00    6.00    14    139.00      0.00 55978704  347000   1.07      0.00      0.00      0.00       0  chrome
15:13:08     1000    853105    1.00    0.00    0.00    0.00    1.00    14      6.00      0.00 55067288   93984   0.29      0.00      0.00      0.00       0  chrome
15:13:08     1000    853115    0.00    0.00    0.00    0.00    0.00    10      3.00      0.00 55302144   56896   0.17      0.00      0.00      0.00       0  chrome
15:13:08     1000    881919    0.00    0.00    0.00    0.00    0.00    14      1.00      0.00 1518709688  114116   0.35      0.00      0.00      0.00       0  chrome
15:13:08     1000    881951    0.00    1.00    0.00    0.00    1.00    15      0.00      0.00 55182696   61440   0.19      0.00      0.00      0.00       0  chrome
15:13:08     1000    910028   51.00    1.00    0.00    0.00   52.00     5    855.00      0.00 1522797792  363920   1.12      0.00      0.00      0.00       0  chrome
15:13:08        0   1074653    0.00    2.00    0.00    0.00    2.00     2      0.00      0.00       0       0   0.00     -1.00     -1.00     -1.00       0  kworker/u64:3-i915
15:13:08     1000   1074666    1.00    0.00    0.00    0.00    1.00    14      4.00      0.00 1520369816  130064   0.40      0.00      0.00      0.00       0  code
15:13:08     1000   1074681    0.00    0.00    0.00    0.00    0.00    10     25.00      0.00 1520363292  287876   0.88      0.00      0.00      0.00       0  code
15:13:08     1000   1109998    7.00    1.00    0.00    0.00    8.00     3    500.00      0.00 1518889388  362320   1.11      0.00      0.00      0.00       0  chrome
15:13:08     1000   1111002    0.00    0.00    0.00    0.00    0.00    15      1.00      0.00  204040   41576   0.13      0.00      0.00      0.00       0  ros2
15:13:08     1000   1111013    4.00    1.00    0.00    0.00    5.00     5      0.00      0.00  899912   36016   0.11      0.00      0.00      0.00       0  real_go2_input_
15:13:08     1000   1111014   13.00    0.00    0.00    0.00   13.00    11      1.00      0.00  887908   77200   0.24      0.00      0.00      0.00       0  python3
15:13:08     1000   1111015   75.00    0.00    0.00    0.00   75.00     7    104.00      0.00 1142656  294772   0.90      0.00      0.00      0.00       0  scan_planner_no
15:13:08     1000   1111016   44.00    5.00    0.00    0.00   49.00    14  21008.00      0.00 4961748   87816   0.27      0.00      0.00      0.00       0  scan_mppi_contr
15:13:08     1000   1111017    2.00    0.00    0.00    0.00    2.00     1      1.00      0.00  750832   32160   0.10      0.00      0.00      0.00       0  cmd_vel_safety_
15:13:08     1000   1111018   13.00    0.00    0.00    1.00   13.00     2      1.00      0.00  884008   73356   0.23      0.00     96.00      0.00       0  telemetry_recor
15:13:08     1000   1111155    1.00    1.00    0.00    0.00    2.00     4      0.00      0.00   12708    5944   0.02      0.00      4.00      0.00       0  pidstat
15:13:08     1000   1111156    2.00    1.00    0.00    0.00    3.00    15      0.00      0.00 1101624  110788   0.34   5248.00      0.00      0.00       0  ros2

# Time        UID       PID    %usr %system  %guest   %wait    %CPU   CPU  minflt/s  majflt/s     VSZ     RSS   %MEM   kB_rd/s   kB_wr/s kB_ccwr/s iodelay  Command
15:13:09        0        15    0.00    1.00    0.00    0.00    1.00    13      0.00      0.00       0       0   0.00     -1.00     -1.00     -1.00       0  rcu_preempt
15:13:09        0       676    0.00    1.00    0.00    0.00    1.00     1      0.00      0.00       0       0   0.00     -1.00     -1.00     -1.00       0  irq/163-rtw89_pci
15:13:09        0      1071    0.00    1.00    0.00    0.00    1.00     8      0.00      0.00   15268    7648   0.02     -1.00     -1.00     -1.00       0  bluetoothd
15:13:09     1000      2075    0.00    1.00    0.00    0.00    1.00    14      0.00      0.00  121312   17412   0.05      0.00      0.00      0.00       0  pipewire
15:13:09     1000      2081    0.00    1.00    0.00    0.00    1.00     0      0.00      0.00  160528   48336   0.15      0.00      0.00      0.00       0  pipewire-pulse
15:13:09     1000      2324   16.00    2.00    0.00    0.00   18.00    12     21.00      0.00 5557132  381880   1.17      0.00      0.00      0.00       0  gnome-shell
15:13:09     1000      2622    6.00    2.00    0.00    0.00    8.00     8      0.00      0.00 5685392  231952   0.71      0.00      0.00      0.00       0  ToDesk
15:13:09        0      3243    1.00    2.00    0.00    0.00    3.00     1      0.00      0.00 2778564   67840   0.21     -1.00     -1.00     -1.00       0  ToDesk_Service
15:13:09     1000     32140    1.00    0.00    0.00    0.00    1.00     8      0.00      0.00 11729028  750888   2.30      0.00      0.00      0.00       0  com.alibabainc.
15:13:09     1000     45971    1.00    0.00    0.00    0.00    1.00    10      4.00      0.00 50049280  218780   0.67      0.00      0.00      0.00       0  com.alibabainc.
15:13:09        0    332726    0.00    0.00    0.00    0.00    0.00     6      2.00      0.00  361696  237184   0.73     -1.00     -1.00     -1.00       0  systemd-journal
15:13:09     1000    425666    0.00    0.00    0.00    0.00    0.00    15      2.00      0.00 50028472  261540   0.80      0.00      0.00      0.00       0  com.alibabainc.
15:13:09     1000    577063    0.00    0.00    0.00    0.00    0.00     0     18.00      0.00 51392512  245184   0.75      0.00      0.00      0.00       0  code
15:13:09     1000    577132    0.00    0.00    0.00    0.00    0.00     8     27.00      0.00 1520364784  383276   1.18      0.00      0.00      0.00       0  code
15:13:09     1000    577160    0.00    0.00    0.00    0.00    0.00     3      1.00      0.00 1518795316  679420   2.09      0.00      0.00      0.00       0  code
15:13:09     1000    577170    0.00    1.00    0.00    0.00    1.00    13      0.00      0.00 1520378324  115516   0.35      0.00      0.00      0.00       0  code
15:13:09     1000    853053    3.00    1.00    0.00    0.00    4.00    15     65.00      0.00 55960916  495924   1.52      0.00      0.00      0.00       0  chrome
15:13:09     1000    853103    5.00    1.00    0.00    0.00    6.00    14     37.00      0.00 55980260  347000   1.07      0.00      0.00      0.00       0  chrome
15:13:09     1000    853105    0.00    0.00    0.00    0.00    0.00    14     77.00      0.00 55067288   94112   0.29      0.00     28.00      0.00       0  chrome
15:13:09     1000    853115    1.00    0.00    0.00    0.00    1.00    10      0.00      0.00 55302144   56896   0.17      0.00      0.00      0.00       0  chrome
15:13:09     1000    880405    0.00    1.00    0.00    0.00    1.00    10      1.00      0.00 1518922464  508148   1.56      0.00      0.00      0.00       0  chrome
15:13:09     1000    881919    0.00    0.00    0.00    0.00    0.00    13      4.00      0.00 1518709688  114116   0.35      0.00      0.00      0.00       0  chrome
15:13:09     1000    881951    1.00    0.00    0.00    0.00    1.00    12      0.00      0.00 55182696   61440   0.19      0.00      0.00      0.00       0  chrome
15:13:09     1000    888233    1.00    1.00    0.00    0.00    2.00     8      0.00      0.00 1754332  368608   1.13      0.00      0.00      0.00       0  gnome-system-mo
15:13:09     1000   1068542    0.00    1.00    0.00    0.00    1.00    14      0.00      0.00 1518803672  248756   0.76      0.00   3628.00      0.00       0  chrome
15:13:09        0   1074653    0.00    1.00    0.00    0.00    1.00    11      0.00      0.00       0       0   0.00     -1.00     -1.00     -1.00       0  kworker/u64:3-flush-259:0
15:13:09     1000   1074725    0.00    0.00    0.00    0.00    0.00    13      1.00      0.00  712376  183412   0.56      0.00      0.00      0.00       0  codex
15:13:09     1000   1075226    0.00    0.00    0.00    0.00    0.00     0      2.00      0.00 1518709156  334296   1.03      0.00      0.00      0.00       0  code
15:13:09     1000   1095170    1.00    0.00    0.00    1.00    1.00    12      0.00      0.00  883436   72384   0.22      0.00      0.00      0.00       0  python3
15:13:09        0   1097682    0.00    1.00    0.00    0.00    1.00     7      0.00      0.00       0       0   0.00     -1.00     -1.00     -1.00       0  kworker/u65:3-hci0
15:13:09     1000   1109998    8.00    2.00    0.00    0.00   10.00     8    506.00      0.00 1518889388  363132   1.11      0.00      0.00      0.00       0  chrome
15:13:09     1000   1111013    3.00    1.00    0.00    0.00    4.00     0      0.00      0.00  899912   36016   0.11      0.00      0.00      0.00       0  real_go2_input_
15:13:09     1000   1111014   12.00    1.00    0.00    0.00   13.00     2      0.00      0.00  887908   77200   0.24      0.00      0.00      0.00       0  python3
15:13:09     1000   1111015   72.00    1.00    0.00    1.00   73.00     6    748.00      0.00 1145048  295720   0.91      0.00      0.00      0.00       0  scan_planner_no
15:13:09     1000   1111016   40.00    3.00    0.00    0.00   43.00    12   9048.00      0.00 4972720  112136   0.34      0.00      0.00      0.00       0  scan_mppi_contr
15:13:09     1000   1111017    3.00    1.00    0.00    1.00    4.00     5      0.00      0.00  750832   32160   0.10      0.00      0.00      0.00       0  cmd_vel_safety_
15:13:09     1000   1111018   11.00    1.00    0.00    0.00   12.00     8      0.00      0.00  884008   73356   0.23      0.00    100.00      0.00       0  telemetry_recor
15:13:09     1000   1111155    0.00    1.00    0.00    0.00    1.00     4      0.00      0.00   12708    5944   0.02      0.00      8.00      0.00       0  pidstat
15:13:09     1000   1111156    1.00    2.00    0.00    0.00    3.00    15      0.00      0.00 1101624  110788   0.34   4224.00      0.00      0.00       0  ros2

# Time        UID       PID    %usr %system  %guest   %wait    %CPU   CPU  minflt/s  majflt/s     VSZ     RSS   %MEM   kB_rd/s   kB_wr/s kB_ccwr/s iodelay  Command
15:13:10     1000      2075    0.00    0.00    0.00    0.00    0.00     8      0.00      0.00  121308   17412   0.05      0.00      0.00      0.00       0  pipewire
15:13:10     1000      2081    1.00    0.00    0.00    0.00    1.00    15      0.00      0.00  160524   48336   0.15      0.00      0.00      0.00       0  pipewire-pulse
15:13:10     1000      2324   16.00    2.00    0.00    0.00   18.00     2     14.00      0.00 5557136  382008   1.17      0.00      0.00      0.00       0  gnome-shell
15:13:10     1000      2622    5.00    2.00    0.00    0.00    7.00     8      0.00      0.00 5685392  231952   0.71      0.00      0.00      0.00       0  ToDesk
15:13:10        0      3243    0.00    2.00    0.00    0.00    2.00     1      0.00      0.00 2778564   67840   0.21     -1.00     -1.00     -1.00       0  ToDesk_Service
15:13:10     1000     10251    0.00    0.00    0.00    0.00    0.00     5      3.00      0.00 34566360  113132   0.35      0.00      0.00      0.00       0  github-desktop
15:13:10     1000     32140    2.00    0.00    0.00    0.00    2.00    14      0.00      0.00 11729028  750888   2.30      0.00      0.00      0.00       0  com.alibabainc.
15:13:10     1000     45971    0.00    0.00    0.00    0.00    0.00     6      6.00      0.00 50049280  218780   0.67      0.00      0.00      0.00       0  com.alibabainc.
15:13:10     1000    156386    1.00    0.00    0.00    0.00    1.00     4      0.00      0.00 1788224   49216   0.15      0.00      0.00      0.00       0  nxplayer.bin
15:13:10        0    332726    0.00    0.00    0.00    0.00    0.00    11      1.00      0.00  361696  237184   0.73     -1.00     -1.00     -1.00       0  systemd-journal
15:13:10     1000    425666    0.00    0.00    0.00    0.00    0.00    13      1.00      0.00 50028472  261540   0.80      0.00      0.00      0.00       0  com.alibabainc.
15:13:10     1000    516139    0.00    1.00    0.00    0.00    1.00     8      0.00      0.00 5453760   36688   0.11      0.00      0.00      0.00       0  clash
15:13:10     1000    577014    0.00    0.00    0.00    0.00    0.00    12     13.00      0.00 1521087724  395316   1.21      0.00      0.00      0.00       0  code
15:13:10     1000    577063    1.00    0.00    0.00    0.00    1.00     0      0.00      0.00 51392512  245184   0.75      0.00      0.00      0.00       0  code
15:13:10     1000    577160    0.00    0.00    0.00    0.00    0.00     3      2.00      0.00 1518795316  679420   2.09      0.00      0.00      0.00       0  code
15:13:10     1000    577241    0.00    0.00    0.00    0.00    0.00    13      1.00      0.00  673380  182024   0.56      0.00      0.00      0.00       0  codex
15:13:10     1000    853053    2.00    1.00    0.00    0.00    3.00     8     16.00      0.00 55960916  495924   1.52      0.00      4.00      0.00       0  chrome
15:13:10     1000    853103    4.00    2.00    0.00    0.00    6.00     8      2.00      0.00 55977444  347000   1.07      0.00      0.00      0.00       0  chrome
15:13:10     1000    853105    0.00    1.00    0.00    0.00    1.00    14    174.00      0.00 55067288   94120   0.29      0.00    580.00      0.00       0  chrome
15:13:10     1000    880405    1.00    0.00    0.00    0.00    1.00     4     23.00      0.00 1518922464  503808   1.55      0.00      0.00      0.00       0  chrome
15:13:10     1000    881951    0.00    1.00    0.00    0.00    1.00     2      0.00      0.00 55182696   61440   0.19      0.00      0.00      0.00       0  chrome
15:13:10        0   1049858    0.00    2.00    0.00    0.00    2.00     6      0.00      0.00       0       0   0.00     -1.00     -1.00     -1.00       0  kworker/u64:9-events_unbound
15:13:10     1000   1073729    0.00    1.00    0.00    0.00    1.00    10      0.00      0.00  877608   71244   0.22      0.00      0.00      0.00       0  python3
15:13:10     1000   1074725    1.00    0.00    0.00    0.00    1.00    13      1.00      0.00  646744  183412   0.56      0.00      0.00      0.00       0  codex
15:13:10     1000   1109998    9.00    1.00    0.00    0.00   10.00     0    590.00      0.00 1518889388  364408   1.12      0.00      0.00      0.00       0  chrome
15:13:10     1000   1111013    3.00    2.00    0.00    0.00    5.00     2      0.00      0.00  899912   36016   0.11      0.00      0.00      0.00       0  real_go2_input_
15:13:10     1000   1111014   11.00    0.00    0.00    0.00   11.00    12      0.00      0.00  887908   77200   0.24      0.00      0.00      0.00       0  python3
15:13:10     1000   1111015   72.00    0.00    0.00    0.00   72.00     5      0.00      0.00 1145048  295720   0.91      0.00      0.00      0.00       0  scan_planner_no
15:13:10     1000   1111016   44.00    3.00    0.00    0.00   47.00    11   7183.00      0.00 4976276  112096   0.34      0.00      0.00      0.00       0  scan_mppi_contr
15:13:10     1000   1111017    2.00    0.00    0.00    0.00    2.00    11      0.00      0.00  750832   32160   0.10      0.00      0.00      0.00       0  cmd_vel_safety_
15:13:10     1000   1111018   13.00    1.00    0.00    0.00   14.00     7      0.00      0.00  884008   73356   0.23      0.00     92.00      0.00       0  telemetry_recor
15:13:10     1000   1111155    0.00    1.00    0.00    0.00    1.00     6      0.00      0.00   12708    5944   0.02      0.00      4.00      0.00       0  pidstat
15:13:10     1000   1111156    2.00    1.00    0.00    0.00    3.00    15      0.00      0.00 1101624  110788   0.34   5248.00      0.00      0.00       0  ros2

# Time        UID       PID    %usr %system  %guest   %wait    %CPU   CPU  minflt/s  majflt/s     VSZ     RSS   %MEM   kB_rd/s   kB_wr/s kB_ccwr/s iodelay  Command
15:13:11        0         1    0.00    0.00    0.00    0.00    0.00     4      8.00      0.00   23564   14152   0.04     -1.00     -1.00     -1.00       0  systemd
15:13:11        0       676    0.00    1.00    0.00    0.00    1.00     1      0.00      0.00       0       0   0.00     -1.00     -1.00     -1.00       0  irq/163-rtw89_pci
15:13:11        0      1142    0.00    1.00    0.00    0.00    1.00     6      0.00      0.00   18372   11308   0.03     -1.00     -1.00     -1.00       0  wpa_supplicant
15:13:11     1000      2324   19.00    3.00    0.00    0.00   22.00    14      8.00      0.00 5557136  382008   1.17      0.00      0.00      0.00       0  gnome-shell
15:13:11     1000      2622    6.00    1.00    0.00    0.00    7.00     6      0.00      0.00 5685392  231952   0.71      0.00      0.00      0.00       0  ToDesk
15:13:11        0      3243    1.00    1.00    0.00    0.00    2.00     1      0.00      0.00 2778564   67840   0.21     -1.00     -1.00     -1.00       0  ToDesk_Service
15:13:11     1000     10213    0.00    0.00    0.00    0.00    0.00     0      5.00      0.00 1212301312  153700   0.47      0.00      0.00      0.00       0  github-desktop
15:13:11     1000     32140    1.00    1.00    0.00    0.00    2.00     6      0.00      0.00 11729028  750888   2.30      0.00      0.00      0.00       0  com.alibabainc.
15:13:11     1000     45971    0.00    0.00    0.00    0.00    0.00    10      5.00      0.00 50049280  218780   0.67      0.00      0.00      0.00       0  com.alibabainc.
15:13:11        0    332726    0.00    0.00    0.00    0.00    0.00    12      1.00      0.00  361696  237184   0.73     -1.00     -1.00     -1.00       0  systemd-journal
15:13:11     1000    425666    0.00    0.00    0.00    0.00    0.00    13      1.00      0.00 50028472  261540   0.80      0.00      0.00      0.00       0  com.alibabainc.
15:13:11     1000    577170    0.00    0.00    0.00    0.00    0.00    13      1.00      0.00 1520378324  115516   0.35      0.00      0.00      0.00       0  code
15:13:11     1000    853053    2.00    1.00    0.00    0.00    3.00    13      1.00      0.00 55960916  495924   1.52      0.00      4.00      0.00       0  chrome
15:13:11     1000    853103    6.00    1.00    0.00    0.00    7.00     0      1.00      0.00 55976876  347000   1.07      0.00      0.00      0.00       0  chrome
15:13:11     1000    853105    1.00    0.00    0.00    0.00    1.00    14      0.00      0.00 55067288   94120   0.29      0.00      0.00      0.00       0  chrome
15:13:11     1000    881951    1.00    0.00    0.00    0.00    1.00     8      0.00      0.00 55182696   61440   0.19      0.00      0.00      0.00       0  chrome
15:13:11     1000    888233    0.00    1.00    0.00    0.00    1.00    14      0.00      0.00 1754332  368608   1.13      0.00      0.00      0.00       0  gnome-system-mo
15:13:11        0   1049858    0.00    1.00    0.00    0.00    1.00     2      0.00      0.00       0       0   0.00     -1.00     -1.00     -1.00       0  kworker/u64:9-events_unbound
15:13:11     1000   1074681    0.00    0.00    0.00    0.00    0.00    10      1.00      0.00 1520363292  287876   0.88      0.00      0.00      0.00       0  code
15:13:11        0   1097682    0.00    1.00    0.00    0.00    1.00    13      0.00      0.00       0       0   0.00     -1.00     -1.00     -1.00       0  kworker/u65:3-hci0
15:13:11     1000   1109998    7.00    2.00    0.00    0.00    9.00     6    229.00      0.00 1518889388  363676   1.12      0.00      0.00      0.00       0  chrome
15:13:11     1000   1111002    0.00    0.00    0.00    0.00    0.00     9      0.00      0.00  204040   41576   0.13      0.00      4.00      0.00       0  ros2
15:13:11     1000   1111013    3.00    1.00    0.00    0.00    4.00     7      0.00      0.00  899912   36016   0.11      0.00      0.00      0.00       0  real_go2_input_
15:13:11     1000   1111014   12.00    0.00    0.00    0.00   12.00     2      3.00      0.00  887908   77200   0.24      0.00      0.00      0.00       0  python3
15:13:11     1000   1111015   71.00    0.00    0.00    0.00   71.00     5      0.00      0.00 1145048  295720   0.91      0.00      0.00      0.00       0  scan_planner_no
15:13:11     1000   1111016   29.00    1.00    0.00    0.00   30.00     9   4130.00      0.00 4971488   97012   0.30      0.00      0.00      0.00       0  scan_mppi_contr
15:13:11     1000   1111017    3.00    1.00    0.00    0.00    4.00     3      0.00      0.00  750832   32160   0.10      0.00      0.00      0.00       0  cmd_vel_safety_
15:13:11     1000   1111018   10.00    1.00    0.00    0.00   11.00     6      0.00      0.00  884008   73356   0.23      0.00    100.00      0.00       0  telemetry_recor
15:13:11     1000   1111155    0.00    0.00    0.00    0.00    0.00     2      0.00      0.00   12708    5944   0.02      0.00      8.00      0.00       0  pidstat
15:13:11     1000   1111156    2.00    1.00    0.00    0.00    3.00    15      0.00      0.00 1101624  110788   0.34   5248.00      0.00      0.00       0  ros2

# Time        UID       PID    %usr %system  %guest   %wait    %CPU   CPU  minflt/s  majflt/s     VSZ     RSS   %MEM   kB_rd/s   kB_wr/s kB_ccwr/s iodelay  Command
15:13:12        0       676    0.00    3.00    0.00    0.00    3.00     1      0.00      0.00       0       0   0.00     -1.00     -1.00     -1.00       0  irq/163-rtw89_pci
15:13:12     1000      2075    0.00    1.00    0.00    0.00    1.00     8      0.00      0.00  121308   17412   0.05      0.00      0.00      0.00       0  pipewire
15:13:12     1000      2081    0.00    1.00    0.00    0.00    1.00    13      0.00      0.00  160524   48336   0.15      0.00      0.00      0.00       0  pipewire-pulse
15:13:12     1000      2324   18.00    2.00    0.00    0.00   20.00    12      5.00      0.00 5557136  382136   1.17      0.00      0.00      0.00       0  gnome-shell
15:13:12     1000      2622    6.00    2.00    0.00    0.00    8.00     3      0.00      0.00 5685392  231952   0.71      0.00      0.00      0.00       0  ToDesk
15:13:12        0      3243    1.00    2.00    0.00    0.00    3.00     1      0.00      0.00 2778564   67840   0.21     -1.00     -1.00     -1.00       0  ToDesk_Service
15:13:12     1000     10268    0.00    0.00    0.00    0.00    0.00    14      2.00      0.00 33882424   63200   0.19      0.00      0.00      0.00       0  github-desktop
15:13:12     1000     32140    1.00    0.00    0.00    1.00    1.00     3      0.00      0.00 11729028  750888   2.30      0.00      0.00      0.00       0  com.alibabainc.
15:13:12     1000     45971    0.00    0.00    0.00    0.00    0.00    10      5.00      0.00 50049280  218780   0.67      0.00      0.00      0.00       0  com.alibabainc.
15:13:12        0    332726    0.00    0.00    0.00    0.00    0.00    11      3.00      0.00  361696  237184   0.73     -1.00     -1.00     -1.00       0  systemd-journal
15:13:12     1000    577014    0.00    0.00    0.00    0.00    0.00     0      6.00      0.00 1521087724  395316   1.21      0.00      0.00      0.00       0  code
15:13:12     1000    577067    0.00    0.00    0.00    0.00    0.00     8      3.00      0.00 50711564   88336   0.27      0.00      0.00      0.00       0  code
15:13:12     1000    577170    0.00    0.00    0.00    0.00    0.00     8     15.00      0.00 1520378324  115516   0.35      0.00      0.00      0.00       0  code
15:13:12     1000    577171    0.00    0.00    0.00    0.00    0.00     9     36.00      0.00 1520352992  124876   0.38      0.00      0.00      0.00       0  code
15:13:12     1000    577172    0.00    0.00    0.00    0.00    0.00     8      3.00      0.00 1520369816  113428   0.35      0.00      0.00      0.00       0  code
15:13:12     1000    577241    0.00    0.00    0.00    0.00    0.00    13      2.00      0.00  673380  182024   0.56      0.00      0.00      0.00       0  codex
15:13:12     1000    577320    0.00    0.00    0.00    0.00    0.00     3     13.00      0.00 1520354644  108684   0.33      0.00      0.00      0.00       0  code
15:13:12     1000    853053    2.00    1.00    0.00    0.00    3.00     8     56.00      0.00 55960916  496180   1.52      0.00     72.00      0.00       0  chrome
15:13:12     1000    853103    6.00    0.00    0.00    0.00    6.00    10     23.00      0.00 55949996  347000   1.07      0.00      0.00      0.00       0  chrome
15:13:12     1000    853105    0.00    1.00    0.00    0.00    1.00    15      8.00      0.00 55067288   93852   0.29      0.00      0.00      0.00       0  chrome
15:13:12     1000    853115    0.00    0.00    0.00    0.00    0.00    12      3.00      0.00 55302144   56896   0.17      0.00      0.00      0.00       0  chrome
15:13:12     1000    888233    2.00    1.00    0.00    0.00    3.00     6      0.00      0.00 1754332  368608   1.13      0.00      0.00      0.00       0  gnome-system-mo
15:13:12     1000    913217    0.00    0.00    0.00    0.00    0.00    12      1.00      0.00 72299740  382560   1.17      0.00      0.00      0.00       0  com.alibabainc.
15:13:12        0   1049858    0.00    1.00    0.00    0.00    1.00     0      0.00      0.00       0       0   0.00     -1.00     -1.00     -1.00       0  kworker/u64:9-i915
15:13:12        0   1074653    0.00    1.00    0.00    0.00    1.00     4      0.00      0.00       0       0   0.00     -1.00     -1.00     -1.00       0  kworker/u64:3-events_unbound
15:13:12     1000   1074666    0.00    0.00    0.00    0.00    0.00    13      4.00      0.00 1520369816  130064   0.40      0.00      0.00      0.00       0  code
15:13:12     1000   1074681    0.00    0.00    0.00    0.00    0.00    10     23.00      0.00 1520363292  287488   0.88      0.00      0.00      0.00       0  code
15:13:12     1000   1074725    0.00    0.00    0.00    0.00    0.00    13      2.00      0.00  646744  183412   0.56      0.00      0.00      0.00       0  codex
15:13:12     1000   1075226    0.00    0.00    0.00    0.00    0.00    10      1.00      0.00 1518709156  334296   1.03      0.00      0.00      0.00       0  code
15:13:12     1000   1109998   20.00    0.00    0.00    0.00   20.00     8    627.00      0.00 1518889388  365080   1.12      0.00      0.00      0.00       0  chrome
15:13:12     1000   1111002    1.00    0.00    0.00    0.00    1.00     9      0.00      0.00  204040   41576   0.13      0.00      0.00      0.00       0  ros2
15:13:12     1000   1111013    3.00    1.00    0.00    0.00    4.00    10      0.00      0.00  899912   36016   0.11      0.00      0.00      0.00       0  real_go2_input_
15:13:12     1000   1111014   11.00    0.00    0.00    1.00   11.00     9      0.00      0.00  887908   77200   0.24      0.00      0.00      0.00       0  python3
15:13:12     1000   1111015   70.00    1.00    0.00    0.00   71.00     4      1.00      0.00 1145048  295720   0.91      0.00      4.00      0.00       0  scan_planner_no
15:13:12     1000   1111016   31.00    3.00    0.00    0.00   34.00    15   6848.00      0.00 4983092  110680   0.34      0.00      0.00      0.00       0  scan_mppi_contr
15:13:12     1000   1111017    3.00    0.00    0.00    0.00    3.00     3      0.00      0.00  750832   32160   0.10      0.00      0.00      0.00       0  cmd_vel_safety_
15:13:12     1000   1111018   11.00    1.00    0.00    0.00   12.00     7      0.00      0.00  884008   73356   0.23      0.00     92.00      0.00       0  telemetry_recor
15:13:12     1000   1111155    0.00    1.00    0.00    0.00    1.00     2      0.00      0.00   12708    5944   0.02      0.00      4.00      0.00       0  pidstat
15:13:12     1000   1111156    2.00    1.00    0.00    0.00    3.00    13    253.00      0.00 1101624  111684   0.34   5248.00      0.00      0.00       0  ros2

# Time        UID       PID    %usr %system  %guest   %wait    %CPU   CPU  minflt/s  majflt/s     VSZ     RSS   %MEM   kB_rd/s   kB_wr/s kB_ccwr/s iodelay  Command
15:13:13        0        15    0.00    1.00    0.00    0.00    1.00     6      0.00      0.00       0       0   0.00     -1.00     -1.00     -1.00       0  rcu_preempt
15:13:13        0        48    0.00    1.00    0.00    0.00    1.00    10      0.00      0.00       0       0   0.00     -1.00     -1.00     -1.00       0  migration/10
15:13:13        0       676    0.00    4.00    0.00    0.00    4.00     1      0.00      0.00       0       0   0.00     -1.00     -1.00     -1.00       0  irq/163-rtw89_pci
15:13:13     1000      2324   20.00    2.00    0.00    0.00   22.00     2     10.00      0.00 5556880  382136   1.17      0.00      0.00      0.00       0  gnome-shell
15:13:13     1000      2622    5.00    2.00    0.00    0.00    7.00     4      0.00      0.00 5685392  231952   0.71      0.00      0.00      0.00       0  ToDesk
15:13:13        0      3243    0.00    1.00    0.00    0.00    1.00     1      0.00      0.00 2778564   67840   0.21     -1.00     -1.00     -1.00       0  ToDesk_Service
15:13:13     1000     32140    1.00    0.00    0.00    0.00    1.00    12      0.00      0.00 11729028  750888   2.30      0.00      0.00      0.00       0  com.alibabainc.
15:13:13     1000     45971    0.00    0.00    0.00    0.00    0.00    10      6.00      0.00 50049280  218780   0.67      0.00      0.00      0.00       0  com.alibabainc.
15:13:13        0    332726    0.00    0.00    0.00    0.00    0.00    12      2.00      0.00  361696  237184   0.73     -1.00     -1.00     -1.00       0  systemd-journal
15:13:13     1000    425666    0.00    0.00    0.00    0.00    0.00     9      2.00      0.00 50028472  261540   0.80      0.00      0.00      0.00       0  com.alibabainc.
15:13:13     1000    516139    1.00    0.00    0.00    0.00    1.00     8      0.00      0.00 5453760   36688   0.11      0.00      0.00      0.00       0  clash
15:13:13     1000    577063    0.00    0.00    0.00    0.00    0.00    10     18.00      0.00 51392512  245184   0.75      0.00      0.00      0.00       0  code
15:13:13     1000    577107    0.00    0.00    0.00    0.00    0.00     4     10.00      0.00 1520761120  592808   1.82      0.00      0.00      0.00       0  code
15:13:13     1000    577132    0.00    0.00    0.00    0.00    0.00     8     27.00      0.00 1520364784  383276   1.18      0.00      0.00      0.00       0  code
15:13:13     1000    577160    0.00    0.00    0.00    0.00    0.00     3      1.00      0.00 1518795316  679420   2.09      0.00      0.00      0.00       0  code
15:13:13     1000    577170    0.00    0.00    0.00    0.00    0.00     8      1.00      0.00 1520378324  115516   0.35      0.00      0.00      0.00       0  code
15:13:13     1000    577320    0.00    0.00    0.00    0.00    0.00    12     13.00      0.00 1520354644  108684   0.33      0.00      0.00      0.00       0  code
15:13:13     1000    853053    2.00    0.00    0.00    0.00    2.00     8     23.00      0.00 55960916  496028   1.52      0.00      0.00      0.00       0  chrome
15:13:13     1000    853103    5.00    3.00    0.00    0.00    8.00    12     20.00      0.00 55951600  347000   1.07      0.00      0.00      0.00       0  chrome
15:13:13     1000    853105    0.00    0.00    0.00    0.00    0.00    15    150.00      0.00 55067288   94120   0.29      0.00    464.00      0.00       0  chrome
15:13:13     1000    880405    0.00    1.00    0.00    0.00    1.00    12      0.00      0.00 1518922464  503808   1.55      0.00      0.00      0.00       0  chrome
15:13:13     1000   1068542    0.00    0.00    0.00    0.00    0.00     4      2.00      0.00 1518803672  248756   0.76      0.00      0.00      0.00       0  chrome
15:13:13     1000   1074725    0.00    0.00    0.00    0.00    0.00    13     12.00      0.00  646744  183412   0.56      0.00     64.00      0.00       0  codex
15:13:13        0   1097682    0.00    1.00    0.00    0.00    1.00     4      0.00      0.00       0       0   0.00     -1.00     -1.00     -1.00       0  kworker/u65:3-i915_flip
15:13:13     1000   1109998    8.00    2.00    0.00    0.00   10.00     8    353.00      0.00 1518889388  366036   1.12      0.00      0.00      0.00       0  chrome
15:13:13     1000   1111013    3.00    1.00    0.00    1.00    4.00    15      1.00      0.00  899912   36016   0.11      0.00      0.00      0.00       0  real_go2_input_
15:13:13     1000   1111014   12.00    1.00    0.00    0.00   13.00     3      0.00      0.00  887908   77200   0.24      0.00      0.00      0.00       0  python3
15:13:13     1000   1111015   73.00    0.00    0.00    0.00   73.00     7      2.00      0.00 1145048  295720   0.91      0.00      0.00      0.00       0  scan_planner_no
15:13:13     1000   1111016   38.00    2.00    0.00    0.00   40.00    13   8018.00      0.00 4983092  111936   0.34      0.00      0.00      0.00       0  scan_mppi_contr
15:13:13     1000   1111017    2.00    1.00    0.00    0.00    3.00     8      0.00      0.00  750832   32160   0.10      0.00      0.00      0.00       0  cmd_vel_safety_
15:13:13     1000   1111018   12.00    1.00    0.00    0.00   13.00     4      0.00      0.00  884008   73356   0.23      0.00     96.00      0.00       0  telemetry_recor
15:13:13     1000   1111155    1.00    1.00    0.00    0.00    2.00     4      0.00      0.00   12708    5944   0.02      0.00      8.00      0.00       0  pidstat
15:13:13     1000   1111156    2.00    1.00    0.00    0.00    3.00    15    271.00      0.00 1101624  112708   0.35   7424.00      0.00      0.00       0  ros2

# Time        UID       PID    %usr %system  %guest   %wait    %CPU   CPU  minflt/s  majflt/s     VSZ     RSS   %MEM   kB_rd/s   kB_wr/s kB_ccwr/s iodelay  Command
15:13:14        0       676    0.00    1.00    0.00    0.00    1.00     1      0.00      0.00       0       0   0.00     -1.00     -1.00     -1.00       0  irq/163-rtw89_pci
15:13:14     1000      2324   17.00    2.00    0.00    0.00   19.00     0      5.00      0.00 5556880  382136   1.17      0.00      0.00      0.00       0  gnome-shell
15:13:14     1000      2622    5.00    2.00    0.00    0.00    7.00     4      0.00      0.00 5685392  231952   0.71      0.00      0.00      0.00       0  ToDesk
15:13:14      123      3242    0.00    1.00    0.00    0.00    1.00    10      0.00      0.00 2382192   76072   0.23     -1.00     -1.00     -1.00       0  nxserver.bin
15:13:14        0      3243    1.00    2.00    0.00    0.00    3.00     1      0.00      0.00 2778564   67840   0.21     -1.00     -1.00     -1.00       0  ToDesk_Service
15:13:14     1000     10251    0.00    0.00    0.00    0.00    0.00     5      3.00      0.00 34566360  113132   0.35      0.00      0.00      0.00       0  github-desktop
15:13:14     1000     32140    1.00    1.00    0.00    0.00    2.00     2      0.00      0.00 11729028  750888   2.30      0.00      0.00      0.00       0  com.alibabainc.
15:13:14     1000     45971    1.00    0.00    0.00    0.00    1.00    10      2.00      0.00 50049280  218780   0.67      0.00      0.00      0.00       0  com.alibabainc.
15:13:14        0    332726    0.00    0.00    0.00    0.00    0.00    12      1.00      0.00  361696  237184   0.73     -1.00     -1.00     -1.00       0  systemd-journal
15:13:14     1000    577014    0.00    0.00    0.00    0.00    0.00    14     13.00      0.00 1521087724  395316   1.21      0.00      0.00      0.00       0  code
15:13:14     1000    853053    1.00    0.00    0.00    0.00    1.00     5      0.00      0.00 55960916  496028   1.52      0.00      0.00      0.00       0  chrome
15:13:14     1000    853103    4.00    2.00    0.00    0.00    6.00     9     28.00      0.00 55947048  347128   1.07      0.00      0.00      0.00       0  chrome
15:13:14     1000    853115    0.00    0.00    0.00    0.00    0.00    14      0.00      0.00 55302144   56896   0.17      0.00      4.00      0.00       0  chrome
15:13:14        0   1074653    0.00    2.00    0.00    0.00    2.00     4      0.00      0.00       0       0   0.00     -1.00     -1.00     -1.00       0  kworker/u64:3-events_unbound
15:13:14     1000   1075226    0.00    0.00    0.00    0.00    0.00    10      1.00      0.00 1518709156  334296   1.03      0.00      0.00      0.00       0  code
15:13:14        0   1108714    0.00    1.00    0.00    0.00    1.00    15      0.00      0.00       0       0   0.00     -1.00     -1.00     -1.00       0  kworker/15:1-i915-unordered
15:13:14     1000   1109998    5.00    1.00    0.00    0.00    6.00     6    158.00      0.00 1518887212  366548   1.13      0.00      0.00      0.00       0  chrome
15:13:14     1000   1111002    0.00    0.00    0.00    0.00    0.00     4      1.00      0.00  204040   41576   0.13      0.00      4.00      0.00       0  ros2
15:13:14     1000   1111013    3.00    1.00    0.00    0.00    4.00     0      0.00      0.00  899912   36016   0.11      0.00      0.00      0.00       0  real_go2_input_
15:13:14     1000   1111014   11.00    0.00    0.00    0.00   11.00     3      1.00      0.00  887908   77200   0.24      0.00      0.00      0.00       0  python3
15:13:14     1000   1111015   77.00    0.00    0.00    0.00   77.00     7      0.00      0.00 1145048  295720   0.91      0.00      0.00      0.00       0  scan_planner_no
15:13:14     1000   1111016   30.00    2.00    0.00    0.00   32.00    13   3599.00      0.00 4983092  113468   0.35      0.00      0.00      0.00       0  scan_mppi_contr
15:13:14     1000   1111017    2.00    1.00    0.00    0.00    3.00    12      0.00      0.00  750832   32160   0.10      0.00      0.00      0.00       0  cmd_vel_safety_
15:13:14     1000   1111018   11.00    1.00    0.00    0.00   12.00     2      0.00      0.00  884008   73356   0.23      0.00     96.00      0.00       0  telemetry_recor
15:13:14     1000   1111155    0.00    1.00    0.00    0.00    1.00     4      0.00      0.00   12708    5944   0.02      0.00      4.00      0.00       0  pidstat
15:13:14     1000   1111156    1.00    1.00    0.00    0.00    2.00    13      0.00      0.00 1101624  112708   0.35   5248.00      0.00      0.00       0  ros2

# Time        UID       PID    %usr %system  %guest   %wait    %CPU   CPU  minflt/s  majflt/s     VSZ     RSS   %MEM   kB_rd/s   kB_wr/s kB_ccwr/s iodelay  Command
15:13:15        0       676    0.00    2.00    0.00    0.00    2.00     1      0.00      0.00       0       0   0.00     -1.00     -1.00     -1.00       0  irq/163-rtw89_pci
15:13:15        0      1071    0.00    1.00    0.00    0.00    1.00     6      0.00      0.00   15268    7648   0.02     -1.00     -1.00     -1.00       0  bluetoothd
15:13:15        0      1370    1.00    0.00    0.00    0.00    1.00    13      0.00      0.00 2606064   21460   0.07     -1.00     -1.00     -1.00       0  containerd
15:13:15     1000      2075    0.00    0.00    0.00    0.00    0.00    10      0.00      0.00  121224   17284   0.05      0.00      0.00      0.00       0  pipewire
15:13:15     1000      2081    0.00    0.00    0.00    0.00    0.00     8      0.00      0.00  160440   48336   0.15      0.00      0.00      0.00       0  pipewire-pulse
15:13:15     1000      2324   19.00    2.00    0.00    0.00   21.00    10     12.00      0.00 5557144  382136   1.17      0.00      0.00      0.00       0  gnome-shell
15:13:15     1000      2622    6.00    1.00    0.00    0.00    7.00    14      0.00      0.00 5685392  231952   0.71      0.00      0.00      0.00       0  ToDesk
15:13:15        0      3243    1.00    1.00    0.00    0.00    2.00     1      0.00      0.00 2778564   67840   0.21     -1.00     -1.00     -1.00       0  ToDesk_Service
15:13:15     1000     10213    0.00    0.00    0.00    0.00    0.00     0      5.00      0.00 1212301312  153700   0.47      0.00      0.00      0.00       0  github-desktop
15:13:15     1000     32140    1.00    0.00    0.00    0.00    1.00     6      0.00      0.00 11729028  750888   2.30      0.00      0.00      0.00       0  com.alibabainc.
15:13:15     1000     45971    0.00    0.00    0.00    0.00    0.00    14      4.00      0.00 50049280  218780   0.67      0.00      0.00      0.00       0  com.alibabainc.
15:13:15        0    332726    0.00    0.00    0.00    0.00    0.00    14      1.00      0.00  361696  237184   0.73     -1.00     -1.00     -1.00       0  systemd-journal
15:13:15     1000    425666    0.00    0.00    0.00    0.00    0.00     5      1.00      0.00 50028472  261540   0.80      0.00      0.00      0.00       0  com.alibabainc.
15:13:15     1000    425773    1.00    0.00    0.00    0.00    1.00    10      0.00      0.00 50014516  390636   1.20      0.00      0.00      0.00       0  com.alibabainc.
15:13:15     1000    577063    1.00    0.00    0.00    0.00    1.00    10      0.00      0.00 51392512  245184   0.75      0.00      0.00      0.00       0  code
15:13:15     1000    853053    2.00    2.00    0.00    0.00    4.00     1      4.00      0.00 55960916  496028   1.52      0.00      0.00      0.00       0  chrome
15:13:15     1000    853103    6.00    2.00    0.00    0.00    8.00    12     36.00      0.00 55950120  347128   1.07      0.00      0.00      0.00       0  chrome
15:13:15     1000    853105    0.00    0.00    0.00    0.00    0.00    15    119.00      0.00 55067288   94436   0.29      0.00    384.00      0.00       0  chrome
15:13:15     1000    880405    0.00    1.00    0.00    0.00    1.00     0     24.00      0.00 1518901172  385424   1.18      0.00      0.00      0.00       0  chrome
15:13:15     1000    881951    1.00    1.00    0.00    0.00    2.00     2      1.00      0.00 55117148   61440   0.19      0.00      0.00      0.00       0  chrome
15:13:15     1000    888233    1.00    1.00    0.00    0.00    2.00     2      0.00      0.00 1754332  368608   1.13      0.00      0.00      0.00       0  gnome-system-mo
15:13:15        0   1049858    0.00    2.00    0.00    0.00    2.00     6      0.00      0.00       0       0   0.00     -1.00     -1.00     -1.00       0  kworker/u64:9-i915
15:13:15     1000   1075226    0.00    0.00    0.00    0.00    0.00    13      1.00      0.00 1518709156  334296   1.03      0.00      0.00      0.00       0  code
15:13:15        0   1106397    0.00    1.00    0.00    0.00    1.00    15      0.00      0.00       0       0   0.00     -1.00     -1.00     -1.00       0  kworker/u65:2-hci0
15:13:15     1000   1109998    9.00    0.00    0.00    0.00    9.00    10    431.00      0.00 1518889388  366140   1.12      0.00      0.00      0.00       0  chrome
15:13:15     1000   1111013    4.00    1.00    0.00    0.00    5.00     7      0.00      0.00  899912   36016   0.11      0.00      0.00      0.00       0  real_go2_input_
15:13:15     1000   1111014   13.00    0.00    0.00    0.00   13.00     0      1.00      0.00  887908   77200   0.24      0.00      0.00      0.00       0  python3
15:13:15     1000   1111015   76.00    1.00    0.00    0.00   77.00     4      0.00      0.00 1145048  295720   0.91      0.00      0.00      0.00       0  scan_planner_no
15:13:15     1000   1111016   45.00    3.00    0.00    0.00   48.00     2  11623.00      0.00 4978632  108584   0.33      0.00      0.00      0.00       0  scan_mppi_contr
15:13:15     1000   1111017    3.00    0.00    0.00    1.00    3.00    11      1.00      0.00  750832   32160   0.10      0.00      0.00      0.00       0  cmd_vel_safety_
15:13:15     1000   1111018   12.00    1.00    0.00    0.00   13.00     5      1.00      0.00  884008   73356   0.23      0.00     96.00      0.00       0  telemetry_recor
15:13:15     1000   1111155    0.00    0.00    0.00    0.00    0.00     7      0.00      0.00   12708    5944   0.02      0.00      4.00      0.00       0  pidstat
15:13:15     1000   1111156    2.00    1.00    0.00    0.00    3.00    13      0.00      0.00 1101624  112708   0.35   4224.00      0.00      0.00       0  ros2

# Time        UID       PID    %usr %system  %guest   %wait    %CPU   CPU  minflt/s  majflt/s     VSZ     RSS   %MEM   kB_rd/s   kB_wr/s kB_ccwr/s iodelay  Command
15:13:16        0       676    0.00    1.00    0.00    0.00    1.00     1      0.00      0.00       0       0   0.00     -1.00     -1.00     -1.00       0  irq/163-rtw89_pci
15:13:16        0      1141    1.00    0.00    0.00    0.00    1.00     5      0.00      0.00  625260   21556   0.07     -1.00     -1.00     -1.00       0  NetworkManager
15:13:16     1000      2075    1.00    0.00    0.00    0.00    1.00    10      0.00      0.00  121224   17284   0.05      0.00      0.00      0.00       0  pipewire
15:13:16     1000      2081    1.00    1.00    0.00    0.00    2.00    13      0.00      0.00  160440   48336   0.15      0.00      0.00      0.00       0  pipewire-pulse
15:13:16     1000      2324   19.00    4.00    0.00    0.00   23.00     4     57.00      0.00 5557156  382392   1.17      0.00      0.00      0.00       0  gnome-shell
15:13:16     1000      2622    5.00    1.00    0.00    0.00    6.00     0      0.00      0.00 5685392  231952   0.71      0.00      0.00      0.00       0  ToDesk
15:13:16        0      3243    0.00    2.00    0.00    0.00    2.00    12      0.00      0.00 2778564   67840   0.21     -1.00     -1.00     -1.00       0  ToDesk_Service
15:13:16     1000     10213    0.00    0.00    0.00    0.00    0.00     0      3.00      0.00 1212301312  153700   0.47      0.00      0.00      0.00       0  github-desktop
15:13:16     1000     10268    0.00    0.00    0.00    0.00    0.00    14      2.00      0.00 33882424   63200   0.19      0.00      0.00      0.00       0  github-desktop
15:13:16     1000     32140    2.00    1.00    0.00    0.00    3.00    15      0.00      0.00 11729028  750888   2.30      0.00      0.00      0.00       0  com.alibabainc.
15:13:16     1000     45971    0.00    0.00    0.00    0.00    0.00     6      6.00      0.00 50049280  218780   0.67      0.00      0.00      0.00       0  com.alibabainc.
15:13:16        0    332726    0.00    0.00    0.00    0.00    0.00    14      1.00      0.00  361696  237184   0.73     -1.00     -1.00     -1.00       0  systemd-journal
15:13:16     1000    425666    1.00    0.00    0.00    0.00    1.00     5      0.00      0.00 50028472  261540   0.80      0.00      0.00      0.00       0  com.alibabainc.
15:13:16     1000    577014    0.00    0.00    0.00    0.00    0.00    14      1.00      0.00 1521087724  395316   1.21      0.00      0.00      0.00       0  code
15:13:16     1000    577067    0.00    0.00    0.00    0.00    0.00     8      3.00      0.00 50711564   88336   0.27      0.00      0.00      0.00       0  code
15:13:16     1000    577107    0.00    0.00    0.00    0.00    0.00     1    218.00      0.00 1520761120  593448   1.82      0.00      0.00      0.00       0  code
15:13:16     1000    577132    1.00    1.00    0.00    0.00    2.00    11    340.00      0.00 1520364784  384444   1.18      0.00      0.00      0.00       0  code
15:13:16     1000    577160    0.00    0.00    0.00    0.00    0.00     3      1.00      0.00 1518795316  679420   2.09      0.00      0.00      0.00       0  code
15:13:16     1000    577170    0.00    0.00    0.00    0.00    0.00    12      7.00      0.00 1520378324  115516   0.35      0.00      0.00      0.00       0  code
15:13:16     1000    577171    0.00    0.00    0.00    0.00    0.00     9     38.00      0.00 1520352992  124876   0.38      0.00      0.00      0.00       0  code
15:13:16     1000    577172    0.00    0.00    0.00    0.00    0.00    10      5.00      0.00 1520369816  113428   0.35      0.00      0.00      0.00       0  code
15:13:16     1000    577241    0.00    0.00    0.00    0.00    0.00    13      1.00      0.00  673380  182024   0.56      0.00      0.00      0.00       0  codex
15:13:16     1000    577320    1.00    0.00    0.00    0.00    1.00    13     12.00      0.00 1520354644  108552   0.33      0.00      0.00      0.00       0  code
15:13:16     1000    799234    0.00    1.00    0.00    0.00    1.00    15      0.00      0.00 2026456  190724   0.59      0.00      0.00      0.00       0  gnome-control-c
15:13:16     1000    853053    3.00    0.00    0.00    0.00    3.00    13      2.00      0.00 55960916  496028   1.52      0.00      0.00      0.00       0  chrome
15:13:16     1000    853103   10.00    3.00    0.00    0.00   13.00     9    100.00      0.00 55929240  326012   1.00      0.00      0.00      0.00       0  chrome
15:13:16     1000    853105    1.00    1.00    0.00    0.00    2.00    12     50.00      0.00 55067288   94304   0.29      0.00     24.00      0.00       0  chrome
15:13:16     1000    853115    0.00    0.00    0.00    0.00    0.00    14      3.00      0.00 55302144   56896   0.17      0.00      0.00      0.00       0  chrome
15:13:16     1000    880405    1.00    0.00    0.00    0.00    1.00     0      1.00      0.00 1518901172  385424   1.18      0.00      0.00      0.00       0  chrome
15:13:16        0   1074653    0.00    1.00    0.00    0.00    1.00     4      0.00      0.00       0       0   0.00     -1.00     -1.00     -1.00       0  kworker/u64:3-i915
15:13:16     1000   1074666    0.00    0.00    0.00    0.00    0.00    13      6.00      0.00 1520369816  130064   0.40      0.00      0.00      0.00       0  code
15:13:16     1000   1074681    0.00    0.00    0.00    0.00    0.00    13     44.00      0.00 1520363292  287488   0.88      0.00      0.00      0.00       0  code
15:13:16     1000   1074725    0.00    0.00    0.00    0.00    0.00    13      1.00      0.00  646744  183412   0.56      0.00      0.00      0.00       0  codex
15:13:16     1000   1109998   11.00    2.00    0.00    0.00   13.00    10    277.00      0.00 1518889388  367028   1.13      0.00      0.00      0.00       0  chrome
15:13:16     1000   1111013    3.00    2.00    0.00    0.00    5.00    12      0.00      0.00  899912   36016   0.11      0.00      0.00      0.00       0  real_go2_input_
15:13:16     1000   1111014   12.00    0.00    0.00    0.00   12.00    14      0.00      0.00  887908   77200   0.24      0.00      0.00      0.00       0  python3
15:13:16     1000   1111015   77.00    0.00    0.00    0.00   77.00     7      0.00      0.00 1145048  295720   0.91      0.00      0.00      0.00       0  scan_planner_no
15:13:16     1000   1111016   39.00    4.00    0.00    0.00   43.00     4  16578.00      0.00 4978480  110784   0.34      0.00      0.00      0.00       0  scan_mppi_contr
15:13:16     1000   1111017    2.00    1.00    0.00    0.00    3.00     2      0.00      0.00  750832   32160   0.10      0.00      0.00      0.00       0  cmd_vel_safety_
15:13:16     1000   1111018   13.00    0.00    0.00    1.00   13.00    11      0.00      0.00  884008   73356   0.23      0.00     96.00      0.00       0  telemetry_recor
15:13:16     1000   1111155    0.00    1.00    0.00    0.00    1.00     8      0.00      0.00   12708    5944   0.02      0.00      8.00      0.00       0  pidstat
15:13:16     1000   1111156    2.00    1.00    0.00    0.00    3.00    14    256.00      0.00 1101624  113732   0.35   5248.00      0.00      0.00       0  ros2

# Time        UID       PID    %usr %system  %guest   %wait    %CPU   CPU  minflt/s  majflt/s     VSZ     RSS   %MEM   kB_rd/s   kB_wr/s kB_ccwr/s iodelay  Command
15:13:17     1000      2075    0.00    1.00    0.00    0.00    1.00    10      0.00      0.00  121224   17284   0.05      0.00      0.00      0.00       0  pipewire
15:13:17     1000      2324   20.00    2.00    0.00    0.00   22.00    11      5.00      0.00 5557156  382392   1.17      0.00      0.00      0.00       0  gnome-shell
15:13:17     1000      2622    5.00    2.00    0.00    0.00    7.00     2      0.00      0.00 5685392  231952   0.71      0.00      0.00      0.00       0  ToDesk
15:13:17        0      3243    1.00    2.00    0.00    0.00    3.00    12      0.00      0.00 2778564   67840   0.21     -1.00     -1.00     -1.00       0  ToDesk_Service
15:13:17     1000     45971    0.00    0.00    0.00    0.00    0.00     8      5.00      0.00 50049280  218780   0.67      0.00      0.00      0.00       0  com.alibabainc.
15:13:17        0    332726    0.00    0.00    0.00    0.00    0.00    12      1.00      0.00  361696  237184   0.73     -1.00     -1.00     -1.00       0  systemd-journal
15:13:17     1000    425666    0.00    0.00    0.00    0.00    0.00     9      1.00      0.00 50028472  261540   0.80      0.00      0.00      0.00       0  com.alibabainc.
15:13:17     1000    426077    1.00    0.00    0.00    0.00    1.00     2      0.00      0.00 50132492  528136   1.62      0.00      0.00      0.00       0  com.alibabainc.
15:13:17     1000    577014    0.00    0.00    0.00    0.00    0.00    14      4.00      0.00 1521087724  395316   1.21      0.00      0.00      0.00       0  code
15:13:17     1000    577063    0.00    0.00    0.00    0.00    0.00    10     18.00      0.00 51392512  245184   0.75      0.00      0.00      0.00       0  code
15:13:17     1000    577132    0.00    0.00    0.00    0.00    0.00    11     21.00      0.00 1520364784  383732   1.18      0.00      0.00      0.00       0  code
15:13:17     1000    577170    0.00    0.00    0.00    0.00    0.00    10     10.00      0.00 1520378324  115516   0.35      0.00      0.00      0.00       0  code
15:13:17     1000    853053    1.00    1.00    0.00    0.00    2.00    13     30.00      0.00 55960916  496028   1.52      0.00      0.00      0.00       0  chrome
15:13:17     1000    853103    6.00    1.00    0.00    0.00    7.00     6     34.00      0.00 55929240  326140   1.00      0.00      0.00      0.00       0  chrome
15:13:17     1000    880405    0.00    0.00    0.00    0.00    0.00    13      2.00      0.00 1518901172  385424   1.18      0.00      0.00      0.00       0  chrome
15:13:17     1000    881251    0.00    0.00    0.00    0.00    0.00    14      2.00      0.00 73710076  498644   1.53      0.00      0.00      0.00       0  com.alibabainc.
15:13:17     1000    881919    1.00    0.00    0.00    0.00    1.00    13      2.00      0.00 1518709688  114244   0.35      0.00      0.00      0.00       0  chrome
15:13:17     1000    885261    0.00    0.00    0.00    0.00    0.00     0     11.00      0.00 1518767568  317912   0.98      0.00      0.00      0.00       0  code
15:13:17        0   1074653    0.00    1.00    0.00    0.00    1.00     0      0.00      0.00       0       0   0.00     -1.00     -1.00     -1.00       0  kworker/u64:3-i915
15:13:17     1000   1074681    2.00    0.00    0.00    0.00    2.00     8   1460.00      0.00 1520363292  291628   0.90      0.00      0.00      0.00       0  code
15:13:17     1000   1074725    0.00    0.00    0.00    0.00    0.00    13     47.00      0.00  728784  183540   0.56      0.00     56.00      0.00       0  codex
15:13:17     1000   1075226    0.00    0.00    0.00    0.00    0.00    15      7.00      0.00 1518709156  334424   1.03      0.00      0.00      0.00       0  code
15:13:17        0   1097682    0.00    1.00    0.00    0.00    1.00     8      0.00      0.00       0       0   0.00     -1.00     -1.00     -1.00       0  kworker/u65:3-i915_flip
15:13:17     1000   1109998    8.00    1.00    0.00    0.00    9.00     4     78.00      0.00 1518889388  367284   1.13      0.00      4.00      0.00       0  chrome
15:13:17     1000   1111013    2.00    1.00    0.00    0.00    3.00     6      0.00      0.00  899912   36016   0.11      0.00      0.00      0.00       0  real_go2_input_
15:13:17     1000   1111014   15.00    1.00    0.00    0.00   16.00    10    229.00      0.00  887924   77784   0.24      0.00      0.00      0.00       0  python3
15:13:17     1000   1111015   75.00    1.00    0.00    0.00   76.00     7      1.00      0.00 1145048  295720   0.91      0.00      4.00      0.00       0  scan_planner_no
15:13:17     1000   1111016   44.00    3.00    0.00    0.00   47.00     6  13930.00      0.00 4972224  112124   0.34      0.00      0.00      0.00       0  scan_mppi_contr
15:13:17     1000   1111017    3.00    0.00    0.00    0.00    3.00    15      0.00      0.00  750832   32160   0.10      0.00      0.00      0.00       0  cmd_vel_safety_
15:13:17     1000   1111018   11.00    1.00    0.00    0.00   12.00     5      0.00      0.00  884008   73356   0.23      0.00     96.00      0.00       0  telemetry_recor
15:13:17     1000   1111155    1.00    1.00    0.00    0.00    2.00     2      0.00      0.00   12708    5944   0.02      0.00      4.00      0.00       0  pidstat
15:13:17     1000   1111156    1.00    1.00    0.00    0.00    2.00     3      0.00      0.00 1101624  113732   0.35   1664.00      0.00      0.00       0  ros2

# Time        UID       PID    %usr %system  %guest   %wait    %CPU   CPU  minflt/s  majflt/s     VSZ     RSS   %MEM   kB_rd/s   kB_wr/s kB_ccwr/s iodelay  Command
15:13:18        0        15    0.00    1.00    0.00    0.00    1.00    12      0.00      0.00       0       0   0.00     -1.00     -1.00     -1.00       0  rcu_preempt
15:13:18        0        79    0.00    1.00    0.00    0.00    1.00     1      0.00      0.00       0       0   0.00     -1.00     -1.00     -1.00       0  ksoftirqd/1
15:13:18        0      1071    1.00    0.00    0.00    0.00    1.00    12      0.00      0.00   15268    7648   0.02     -1.00     -1.00     -1.00       0  bluetoothd
15:13:18     1000      2324   19.00    3.00    0.00    1.00   22.00     8      9.00      0.00 5557160  382520   1.17      0.00      0.00      0.00       0  gnome-shell
15:13:18     1000      2622    5.00    1.00    0.00    0.00    6.00     8      0.00      0.00 5685392  231952   0.71      0.00      0.00      0.00       0  ToDesk
15:13:18        0      3243    0.00    2.00    0.00    0.00    2.00     0      0.00      0.00 2778564   67840   0.21     -1.00     -1.00     -1.00       0  ToDesk_Service
15:13:18     1000     10251    0.00    0.00    0.00    0.00    0.00     5      3.00      0.00 34566360  113132   0.35      0.00      0.00      0.00       0  github-desktop
15:13:18     1000     32140    1.00    1.00    0.00    0.00    2.00     0      0.00      0.00 11729028  750888   2.30      0.00      0.00      0.00       0  com.alibabainc.
15:13:18     1000     45971    0.00    0.00    0.00    0.00    0.00    12      5.00      0.00 50049280  218780   0.67      0.00      0.00      0.00       0  com.alibabainc.
15:13:18     1000     46026    0.00    0.00    0.00    0.00    0.00     8      1.00      0.00 72700264  445424   1.37      0.00      0.00      0.00       0  com.alibabainc.
15:13:18        0    332726    0.00    0.00    0.00    0.00    0.00     2      1.00      0.00  361696  237184   0.73     -1.00     -1.00     -1.00       0  systemd-journal
15:13:18     1000    425666    0.00    0.00    0.00    0.00    0.00     5      2.00      0.00 50028472  261540   0.80      0.00      0.00      0.00       0  com.alibabainc.
15:13:18     1000    577014    0.00    0.00    0.00    0.00    0.00    13     13.00      0.00 1521087724  395316   1.21      0.00      0.00      0.00       0  code
15:13:18     1000    577107    1.00    0.00    0.00    0.00    1.00     1      9.00      0.00 1520761120  593448   1.82      0.00      0.00      0.00       0  code
15:13:18     1000    577160    0.00    0.00    0.00    0.00    0.00     8      1.00      0.00 1518795316  679420   2.09      0.00      0.00      0.00       0  code
15:13:18     1000    577170    0.00    0.00    0.00    0.00    0.00     2      1.00      0.00 1520378324  115516   0.35      0.00      0.00      0.00       0  code
15:13:18     1000    577320    0.00    0.00    0.00    0.00    0.00    13     13.00      0.00 1520354644  108552   0.33      0.00      0.00      0.00       0  code
15:13:18        0    662084    1.00    0.00    0.00    0.00    1.00     5      0.00      0.00 2887152   40928   0.13     -1.00     -1.00     -1.00       0  snapd
15:13:18     1000    853053    2.00    1.00    0.00    0.00    3.00    10     22.00      0.00 55960916  496028   1.52      0.00      0.00      0.00       0  chrome
15:13:18     1000    853103    6.00    3.00    0.00    0.00    9.00     0      2.00      0.00 55914516  326140   1.00      0.00      0.00      0.00       0  chrome
15:13:18     1000    853105    0.00    0.00    0.00    0.00    0.00    12      1.00      0.00 55067288   94304   0.29      0.00      8.00      0.00       0  chrome
15:13:18     1000    880405    0.00    0.00    0.00    0.00    0.00    12      3.00      0.00 1518901172  385424   1.18      0.00      0.00      0.00       0  chrome
15:13:18     1000    881919    0.00    0.00    0.00    0.00    0.00    10      1.00      0.00 1518709688  114244   0.35      0.00      0.00      0.00       0  chrome
15:13:18     1000    881951    1.00    0.00    0.00    0.00    1.00    15      0.00      0.00 55117148   61440   0.19      0.00      0.00      0.00       0  chrome
15:13:18     1000    888233    2.00    1.00    0.00    0.00    3.00    10      0.00      0.00 1754332  368608   1.13      0.00      0.00      0.00       0  gnome-system-mo
15:13:18     1000    913217    0.00    1.00    0.00    0.00    1.00    12      0.00      0.00 72299740  382560   1.17      0.00      0.00      0.00       0  com.alibabainc.
15:13:18        0   1074653    0.00    2.00    0.00    0.00    2.00    13      0.00      0.00       0       0   0.00     -1.00     -1.00     -1.00       0  kworker/u64:3-flush-259:0
15:13:18     1000   1075226    0.00    0.00    0.00    0.00    0.00     3      1.00      0.00 1518709156  334424   1.03      0.00      0.00      0.00       0  code
15:13:18     1000   1109998   21.00    2.00    0.00    0.00   23.00    10    497.00      0.00 1518889388  367076   1.13      0.00      0.00      0.00       0  chrome
15:13:18     1000   1111013    4.00    2.00    0.00    0.00    6.00    12     10.00      0.00  899916   36144   0.11      0.00      0.00      0.00       0  real_go2_input_
15:13:18     1000   1111014   12.00    0.00    0.00    0.00   12.00     7      0.00      0.00  887924   77784   0.24      0.00      0.00      0.00       0  python3
15:13:18     1000   1111015   75.00    0.00    0.00    0.00   75.00     4      1.00      0.00 1145048  295720   0.91      0.00      0.00      0.00       0  scan_planner_no
15:13:18     1000   1111016   45.00    3.00    0.00    0.00   48.00    15  10459.00      0.00 4984100  116024   0.36      0.00      0.00      0.00       0  scan_mppi_contr
15:13:18     1000   1111017    3.00    1.00    0.00    0.00    4.00     8      0.00      0.00  750832   32160   0.10      0.00      0.00      0.00       0  cmd_vel_safety_
15:13:18     1000   1111018   12.00    1.00    0.00    0.00   13.00     3      0.00      0.00  884008   73356   0.23      0.00     96.00      0.00       0  telemetry_recor
15:13:18     1000   1111155    0.00    0.00    0.00    0.00    0.00     7      0.00      0.00   12708    5944   0.02      0.00      8.00      0.00       0  pidstat
15:13:18     1000   1111156    2.00    1.00    0.00    0.00    3.00     3      0.00      0.00 1101624  113732   0.35      0.00      0.00      0.00       0  ros2

# Time        UID       PID    %usr %system  %guest   %wait    %CPU   CPU  minflt/s  majflt/s     VSZ     RSS   %MEM   kB_rd/s   kB_wr/s kB_ccwr/s iodelay  Command
15:13:19        0       676    0.00    1.00    0.00    0.00    1.00     1      0.00      0.00       0       0   0.00     -1.00     -1.00     -1.00       0  irq/163-rtw89_pci
15:13:19     1000      2081    0.00    1.00    0.00    0.00    1.00     0      0.00      0.00  160440   48336   0.15      0.00      0.00      0.00       0  pipewire-pulse
15:13:19     1000      2324   20.00    2.00    0.00    0.00   22.00    12      5.00      0.00 5557160  382648   1.17      0.00      0.00      0.00       0  gnome-shell
15:13:19     1000      2622    5.00    2.00    0.00    0.00    7.00     6      0.00      0.00 5685392  231952   0.71      0.00      0.00      0.00       0  ToDesk
15:13:19        0      3243    1.00    1.00    0.00    0.00    2.00     0      0.00      0.00 2778564   67840   0.21     -1.00     -1.00     -1.00       0  ToDesk_Service
15:13:19     1000     10213    0.00    0.00    0.00    0.00    0.00     0      4.00      0.00 1212301312  153700   0.47      0.00      0.00      0.00       0  github-desktop
15:13:19     1000     32140    2.00    0.00    0.00    0.00    2.00     4      0.00      0.00 11729028  750888   2.30      0.00      4.00      0.00       0  com.alibabainc.
15:13:19     1000     45971    0.00    0.00    0.00    0.00    0.00     9      4.00      0.00 50049280  218780   0.67      0.00      0.00      0.00       0  com.alibabainc.
15:13:19     1000    156386    1.00    0.00    0.00    0.00    1.00     4      0.00      0.00 1788224   49216   0.15      0.00      0.00      0.00       0  nxplayer.bin
15:13:19        0    332726    0.00    0.00    0.00    0.00    0.00     8      3.00      0.00  361696  237316   0.73     -1.00     -1.00     -1.00       0  systemd-journal
15:13:19     1000    425773    0.00    0.00    0.00    0.00    0.00     2      1.00      0.00 50014516  390636   1.20      0.00      0.00      0.00       0  com.alibabainc.
15:13:19     1000    577170    1.00    0.00    0.00    0.00    1.00     9      0.00      0.00 1520378324  115516   0.35      0.00      0.00      0.00       0  code
15:13:19     1000    577241    1.00    0.00    0.00    0.00    1.00    13      1.00      0.00  673380  182024   0.56      0.00      0.00      0.00       0  codex
15:13:19     1000    853053    1.00    1.00    0.00    0.00    2.00    13      1.00      0.00 55960916  496028   1.52      0.00    128.00      0.00       0  chrome
15:13:19     1000    853103    6.00    1.00    0.00    0.00    7.00     1      1.00      0.00 55914004  326140   1.00      0.00      0.00      0.00       0  chrome
15:13:19     1000    880405    0.00    0.00    0.00    0.00    0.00     6      1.00      0.00 1518901172  385424   1.18      0.00      0.00      0.00       0  chrome
15:13:19     1000    881919    0.00    0.00    0.00    0.00    0.00    10      2.00      0.00 1518709688  114244   0.35      0.00      0.00      0.00       0  chrome
15:13:19        0   1049858    0.00    1.00    0.00    0.00    1.00     2      0.00      0.00       0       0   0.00     -1.00     -1.00     -1.00       0  kworker/u64:9-flush-259:0
15:13:19     1000   1068542    1.00    0.00    0.00    0.00    1.00     1      0.00      0.00 1518803672  248756   0.76      0.00      0.00      0.00       0  chrome
15:13:19        0   1074653    0.00    1.00    0.00    0.00    1.00     8      0.00      0.00       0       0   0.00     -1.00     -1.00     -1.00       0  kworker/u64:3-i915
15:13:19     1000   1109998    6.00    1.00    0.00    0.00    7.00     0      7.00      0.00 1518889388  365516   1.12      0.00      0.00      0.00       0  chrome
15:13:19     1000   1111013    3.00    1.00    0.00    0.00    4.00    13      3.00      0.00  899916   36144   0.11      0.00      0.00      0.00       0  real_go2_input_
15:13:19     1000   1111014   12.00    0.00    0.00    0.00   12.00     0      0.00      0.00  887924   77784   0.24      0.00      0.00      0.00       0  python3
15:13:19     1000   1111015   76.00    0.00    0.00    1.00   76.00    10      0.00      0.00 1145048  295720   0.91      0.00      0.00      0.00       0  scan_planner_no
15:13:19     1000   1111016   49.00    2.00    0.00    0.00   51.00     2   9972.00      0.00 4976728  108152   0.33      0.00      0.00      0.00       0  scan_mppi_contr
15:13:19     1000   1111017    2.00    0.00    0.00    1.00    2.00    12      0.00      0.00  750832   32160   0.10      0.00      0.00      0.00       0  cmd_vel_safety_
15:13:19     1000   1111018   12.00    0.00    0.00    0.00   12.00     2      0.00      0.00  884008   73356   0.23      0.00     96.00      0.00       0  telemetry_recor
15:13:19     1000   1111155    0.00    1.00    0.00    0.00    1.00     7      0.00      0.00   12708    5944   0.02      0.00      4.00      0.00       0  pidstat
15:13:19     1000   1111156    2.00    1.00    0.00    0.00    3.00     3      0.00      0.00 1101624  113732   0.35      0.00      0.00      0.00       0  ros2

# Time        UID       PID    %usr %system  %guest   %wait    %CPU   CPU  minflt/s  majflt/s     VSZ     RSS   %MEM   kB_rd/s   kB_wr/s kB_ccwr/s iodelay  Command
15:13:20        0      1370    0.00    1.00    0.00    0.00    1.00    13      0.00      0.00 2606064   21460   0.07     -1.00     -1.00     -1.00       0  containerd
15:13:20     1000      2324   19.00    2.00    0.00    1.00   21.00     8      7.00      0.00 5557160  382648   1.17      0.00      0.00      0.00       0  gnome-shell
15:13:20     1000      2622    5.00    2.00    0.00    0.00    7.00     6      0.00      0.00 5685392  231952   0.71      0.00      0.00      0.00       0  ToDesk
15:13:20        0      3243    0.00    2.00    0.00    0.00    2.00     0      0.00      0.00 2778564   67840   0.21     -1.00     -1.00     -1.00       0  ToDesk_Service
15:13:20     1000     10268    0.00    0.00    0.00    0.00    0.00    14      2.00      0.00 33882424   63200   0.19      0.00      0.00      0.00       0  github-desktop
15:13:20     1000     32140    1.00    1.00    0.00    0.00    2.00     8      0.00      0.00 11729028  750888   2.30      0.00      0.00      0.00       0  com.alibabainc.
15:13:20     1000     45971    0.00    0.00    0.00    0.00    0.00     9      5.00      0.00 50049280  218780   0.67      0.00      0.00      0.00       0  com.alibabainc.
15:13:20        0    332726    0.00    0.00    0.00    0.00    0.00    12      1.00      0.00  361696  237316   0.73     -1.00     -1.00     -1.00       0  systemd-journal
15:13:20     1000    425666    0.00    0.00    0.00    0.00    0.00     5      2.00      0.00 50028472  261540   0.80      0.00      0.00      0.00       0  com.alibabainc.
15:13:20     1000    577014    0.00    0.00    0.00    0.00    0.00    15      8.00      0.00 1521087724  395316   1.21      0.00      0.00      0.00       0  code
15:13:20     1000    577063    1.00    0.00    0.00    0.00    1.00    10      0.00      0.00 51392512  245184   0.75      0.00      0.00      0.00       0  code
15:13:20     1000    577067    0.00    0.00    0.00    0.00    0.00     8     15.00      0.00 50711564   88336   0.27      0.00      0.00      0.00       0  code
15:13:20     1000    577107    0.00    0.00    0.00    0.00    0.00     1      4.00      0.00 1520761120  593448   1.82      0.00      0.00      0.00       0  code
15:13:20     1000    577170    0.00    0.00    0.00    0.00    0.00     9      6.00      0.00 1520378324  115516   0.35      0.00      0.00      0.00       0  code
15:13:20     1000    577171    0.00    0.00    0.00    0.00    0.00     9     36.00      0.00 1520352992  124876   0.38      0.00      0.00      0.00       0  code
15:13:20     1000    577172    0.00    0.00    0.00    0.00    0.00    13      3.00      0.00 1520369816  113428   0.35      0.00      0.00      0.00       0  code
15:13:20     1000    577320    0.00    0.00    0.00    0.00    0.00    13     12.00      0.00 1520354644  108552   0.33      0.00      0.00      0.00       0  code
15:13:20     1000    853053    2.00    1.00    0.00    0.00    3.00    12      6.00      0.00 55960916  496028   1.52      0.00    456.00      0.00       0  chrome
15:13:20     1000    853103    6.00    1.00    0.00    0.00    7.00    10     18.00      0.00 55914504  325828   1.00      0.00      0.00      0.00       0  chrome
15:13:20     1000    853105    0.00    0.00    0.00    0.00    0.00    12      4.00      0.00 55067288   94176   0.29      0.00      0.00      0.00       0  chrome
15:13:20     1000    853115    0.00    0.00    0.00    0.00    0.00     0      5.00      0.00 55302144   56896   0.17      0.00      0.00      0.00       0  chrome
15:13:20     1000    880405    0.00    0.00    0.00    0.00    0.00     8      2.00      0.00 1518901172  360632   1.11      0.00      0.00      0.00       0  chrome
15:13:20     1000    881951    0.00    1.00    0.00    1.00    1.00    12      1.00      0.00 55117148   61440   0.19      0.00      0.00      0.00       0  chrome
15:13:20        0   1074653    0.00    1.00    0.00    0.00    1.00     8      0.00      0.00       0       0   0.00     -1.00     -1.00     -1.00       0  kworker/u64:3-events_unbound
15:13:20     1000   1074666    0.00    0.00    0.00    0.00    0.00    13      4.00      0.00 1520369816  130064   0.40      0.00      0.00      0.00       0  code
15:13:20     1000   1074681    0.00    0.00    0.00    0.00    0.00    14     35.00      0.00 1520363292  291364   0.89      0.00      0.00      0.00       0  code
15:13:20        0   1106397    0.00    1.00    0.00    0.00    1.00    15      0.00      0.00       0       0   0.00     -1.00     -1.00     -1.00       0  kworker/u65:2-i915_flip
15:13:20     1000   1109998    6.00    1.00    0.00    0.00    7.00    13     55.00      0.00 1518889388  365644   1.12      0.00      0.00      0.00       0  chrome
15:13:20     1000   1111002    0.00    0.00    0.00    0.00    0.00     6      1.00      0.00  204040   41576   0.13      0.00      0.00      0.00       0  ros2
15:13:20     1000   1111013    3.00    1.00    0.00    0.00    4.00     8      0.00      0.00  899916   36144   0.11      0.00      0.00      0.00       0  real_go2_input_
15:13:20     1000   1111014   11.00    0.00    0.00    0.00   11.00     8      0.00      0.00  887924   77784   0.24      0.00      0.00      0.00       0  python3
15:13:20     1000   1111015   77.00    0.00    0.00    0.00   77.00    10      0.00      0.00 1145048  295720   0.91      0.00      0.00      0.00       0  scan_planner_no
15:13:20     1000   1111016   45.00    1.00    0.00    0.00   46.00     2   1144.00      0.00 4976728  112632   0.35      0.00      0.00      0.00       0  scan_mppi_contr
15:13:20     1000   1111017    2.00    1.00    0.00    0.00    3.00     5      0.00      0.00  750832   32160   0.10      0.00      0.00      0.00       0  cmd_vel_safety_
15:13:20     1000   1111018   12.00    1.00    0.00    0.00   13.00     1      0.00      0.00  884008   73356   0.23      0.00     96.00      0.00       0  telemetry_recor
15:13:20     1000   1111155    0.00    1.00    0.00    0.00    1.00     7      0.00      0.00   12708    5944   0.02      0.00      4.00      0.00       0  pidstat
15:13:20     1000   1111156    2.00    1.00    0.00    0.00    3.00     3      0.00      0.00 1101624  113732   0.35      0.00      0.00      0.00       0  ros2

# Time        UID       PID    %usr %system  %guest   %wait    %CPU   CPU  minflt/s  majflt/s     VSZ     RSS   %MEM   kB_rd/s   kB_wr/s kB_ccwr/s iodelay  Command
15:13:21        0        66    0.00    1.00    0.00    0.00    1.00    14      0.00      0.00       0       0   0.00     -1.00     -1.00     -1.00       0  migration/14
15:13:21        0       676    0.00    1.00    0.00    0.00    1.00     1      0.00      0.00       0       0   0.00     -1.00     -1.00     -1.00       0  irq/163-rtw89_pci
15:13:21     1000      2075    1.00    0.00    0.00    0.00    1.00    10      0.00      0.00  121224   17284   0.05      0.00      0.00      0.00       0  pipewire
15:13:21     1000      2324   19.00    2.00    0.00    0.00   21.00     2      6.00      0.00 5557160  382648   1.17      0.00      0.00      0.00       0  gnome-shell
15:13:21     1000      2622    6.00    1.00    0.00    0.00    7.00     8      0.00      0.00 5685392  231952   0.71      0.00      0.00      0.00       0  ToDesk
15:13:21        0      3243    1.00    2.00    0.00    0.00    3.00     2      1.00      0.00 2778564   67840   0.21     -1.00     -1.00     -1.00       0  ToDesk_Service
15:13:21     1000     32140    1.00    0.00    0.00    0.00    1.00     8      0.00      0.00 11729028  750888   2.30      0.00      0.00      0.00       0  com.alibabainc.
15:13:21     1000     45971    1.00    0.00    0.00    0.00    1.00     9      4.00      0.00 50049280  218780   0.67      0.00      0.00      0.00       0  com.alibabainc.
15:13:21        0    332726    0.00    0.00    0.00    0.00    0.00     4      1.00      0.00  361696  237316   0.73     -1.00     -1.00     -1.00       0  systemd-journal
15:13:21     1000    425773    0.00    0.00    0.00    0.00    0.00    14      1.00      0.00 50014516  390636   1.20      0.00      0.00      0.00       0  com.alibabainc.
15:13:21     1000    577063    0.00    0.00    0.00    0.00    0.00    10     18.00      0.00 51392512  245184   0.75      0.00      0.00      0.00       0  code
15:13:21     1000    577132    0.00    0.00    0.00    0.00    0.00    11     27.00      0.00 1520364784  383732   1.18      0.00      0.00      0.00       0  code
15:13:21     1000    577160    0.00    0.00    0.00    0.00    0.00     8      1.00      0.00 1518795316  679420   2.09      0.00      0.00      0.00       0  code
15:13:21     1000    853053    0.00    1.00    0.00    0.00    1.00    10     32.00      0.00 55960916  496028   1.52      0.00      0.00      0.00       0  chrome
15:13:21     1000    853103    5.00    2.00    0.00    0.00    7.00     4     11.00      0.00 55913996  325828   1.00      0.00      0.00      0.00       0  chrome
15:13:21     1000    853105    0.00    0.00    0.00    0.00    0.00    12      6.00      0.00 55067288   94176   0.29      0.00      0.00      0.00       0  chrome
15:13:21     1000    880405    1.00    1.00    0.00    0.00    2.00    12      1.00      0.00 1518901172  360632   1.11      0.00      0.00      0.00       0  chrome
15:13:21     1000    888233    1.00    1.00    0.00    0.00    2.00     5      0.00      0.00 1754332  368608   1.13      0.00      0.00      0.00       0  gnome-system-mo
15:13:21        0   1049858    0.00    2.00    0.00    0.00    2.00     8      0.00      0.00       0       0   0.00     -1.00     -1.00     -1.00       0  kworker/u64:9-i915
15:13:21     1000   1068542    0.00    0.00    0.00    0.00    0.00     2      1.00      0.00 1518803672  248756   0.76      0.00      0.00      0.00       0  chrome
15:13:21     1000   1074725    0.00    0.00    0.00    0.00    0.00    13      1.00      0.00  728784  183540   0.56      0.00      0.00      0.00       0  codex
15:13:21     1000   1075226    0.00    0.00    0.00    0.00    0.00    13      2.00      0.00 1518709156  334424   1.03      0.00      0.00      0.00       0  code
15:13:21     1000   1109998    6.00    1.00    0.00    0.00    7.00     4     18.00      0.00 1518889388  365644   1.12      0.00      0.00      0.00       0  chrome
15:13:21     1000   1111013    3.00    1.00    0.00    0.00    4.00    15      0.00      0.00  899916   36144   0.11      0.00      0.00      0.00       0  real_go2_input_
15:13:21     1000   1111014   12.00    0.00    0.00    0.00   12.00    11      0.00      0.00  887924   77784   0.24      0.00      0.00      0.00       0  python3
15:13:21     1000   1111015   76.00    1.00    0.00    0.00   77.00     7    798.00      0.00 1146936  298792   0.92      0.00      0.00      0.00       0  scan_planner_no
15:13:21     1000   1111016   39.00    2.00    0.00    0.00   41.00     1   7232.00      0.00 4976740  116584   0.36      0.00      0.00      0.00       0  scan_mppi_contr
15:13:21     1000   1111017    3.00    1.00    0.00    0.00    4.00    12      0.00      0.00  750832   32160   0.10      0.00      0.00      0.00       0  cmd_vel_safety_
15:13:21     1000   1111018   11.00    0.00    0.00    0.00   11.00     2      0.00      0.00  884008   73356   0.23      0.00    100.00      0.00       0  telemetry_recor
15:13:21     1000   1111155    1.00    1.00    0.00    0.00    2.00    10      0.00      0.00   12708    5944   0.02      0.00      8.00      0.00       0  pidstat
15:13:21     1000   1111156    2.00    1.00    0.00    0.00    3.00     3      0.00      0.00 1101624  113732   0.35      0.00      0.00      0.00       0  ros2

# Time        UID       PID    %usr %system  %guest   %wait    %CPU   CPU  minflt/s  majflt/s     VSZ     RSS   %MEM   kB_rd/s   kB_wr/s kB_ccwr/s iodelay  Command
15:13:22        0        15    0.00    1.00    0.00    1.00    1.00     0      0.00      0.00       0       0   0.00     -1.00     -1.00     -1.00       0  rcu_preempt
15:13:22        0        84    0.00    1.00    0.00    0.00    1.00     3      0.00      0.00       0       0   0.00     -1.00     -1.00     -1.00       0  migration/3
15:13:22     1000      2075    0.00    1.00    0.00    0.00    1.00    10      0.00      0.00  121224   17284   0.05      0.00      0.00      0.00       0  pipewire
15:13:22     1000      2324   19.00    3.00    0.00    0.00   22.00     9      9.00      0.00 5557168  382648   1.17      0.00      0.00      0.00       0  gnome-shell
15:13:22     1000      2622    6.00    2.00    0.00    0.00    8.00     2      0.00      0.00 5685392  231952   0.71      0.00      0.00      0.00       0  ToDesk
15:13:22        0      3243    1.00    1.00    0.00    0.00    2.00     2      0.00      0.00 2778564   67840   0.21     -1.00     -1.00     -1.00       0  ToDesk_Service
15:13:22     1000     10251    0.00    0.00    0.00    0.00    0.00     5      3.00      0.00 34566360  113132   0.35      0.00      0.00      0.00       0  github-desktop
15:13:22     1000     32140    1.00    1.00    0.00    0.00    2.00     4      0.00      0.00 11729028  750888   2.30      0.00      0.00      0.00       0  com.alibabainc.
15:13:22     1000     45971    0.00    0.00    0.00    0.00    0.00     4      5.00      0.00 50049280  218780   0.67      0.00      0.00      0.00       0  com.alibabainc.
15:13:22        0    332726    0.00    0.00    0.00    0.00    0.00    10      1.00      0.00  361696  237316   0.73     -1.00     -1.00     -1.00       0  systemd-journal
15:13:22     1000    425666    0.00    0.00    0.00    0.00    0.00     9      1.00      0.00 50028472  261540   0.80      0.00      0.00      0.00       0  com.alibabainc.
15:13:22     1000    577014    0.00    0.00    0.00    0.00    0.00    15     17.00      0.00 1521087724  395316   1.21      0.00      0.00      0.00       0  code
15:13:22     1000    577170    0.00    0.00    0.00    0.00    0.00     9      8.00      0.00 1520378324  115516   0.35      0.00      0.00      0.00       0  code
15:13:22     1000    577172    1.00    0.00    0.00    0.00    1.00    13      0.00      0.00 1520369816  113428   0.35      0.00      0.00      0.00       0  code
15:13:22     1000    853053    1.00    1.00    0.00    0.00    2.00    14      4.00      0.00 55960916  496028   1.52      0.00    320.00      0.00       0  chrome
15:13:22     1000    853103    6.00    2.00    0.00    0.00    8.00    12     57.00      0.00 55914512  326084   1.00      0.00      0.00      0.00       0  chrome
15:13:22     1000    880405    0.00    0.00    0.00    0.00    0.00    12      1.00      0.00 1518901172  360632   1.11      0.00      0.00      0.00       0  chrome
15:13:22     1000    881951    1.00    0.00    0.00    0.00    1.00    12      0.00      0.00 55117148   61440   0.19      0.00      0.00      0.00       0  chrome
15:13:22        0   1049858    0.00    1.00    0.00    0.00    1.00    10      0.00      0.00       0       0   0.00     -1.00     -1.00     -1.00       0  kworker/u64:9-i915
15:13:22     1000   1074666    0.00    0.00    0.00    0.00    0.00    13      1.00      0.00 1520369816  130064   0.40      0.00      0.00      0.00       0  code
15:13:22     1000   1075226    0.00    0.00    0.00    0.00    0.00    13      1.00      0.00 1518709156  334424   1.03      0.00      0.00      0.00       0  code
15:13:22        0   1106397    0.00    1.00    0.00    0.00    1.00     6      0.00      0.00       0       0   0.00     -1.00     -1.00     -1.00       0  kworker/u65:2-i915_flip
15:13:22        0   1108714    0.00    1.00    0.00    0.00    1.00    15      0.00      0.00       0       0   0.00     -1.00     -1.00     -1.00       0  kworker/15:1-i915-unordered
15:13:22     1000   1109998    8.00    1.00    0.00    0.00    9.00    12     48.00      0.00 1518889388  365772   1.12      0.00      0.00      0.00       0  chrome
15:13:22     1000   1111013    3.00    1.00    0.00    0.00    4.00    10      1.00      0.00  899916   36144   0.11      0.00      0.00      0.00       0  real_go2_input_
15:13:22     1000   1111014   12.00    1.00    0.00    0.00   13.00    10      0.00      0.00  887924   77784   0.24      0.00      0.00      0.00       0  python3
15:13:22     1000   1111015   77.00    0.00    0.00    0.00   77.00     5      0.00      0.00 1146936  298792   0.92      0.00      0.00      0.00       0  scan_planner_no
15:13:22     1000   1111016   53.00    1.00    0.00    0.00   54.00    13   2072.00      0.00 4978380  124648   0.38      0.00      0.00      0.00       0  scan_mppi_contr
15:13:22     1000   1111017    3.00    0.00    0.00    0.00    3.00    15      0.00      0.00  750832   32160   0.10      0.00      0.00      0.00       0  cmd_vel_safety_
15:13:22     1000   1111018   13.00    2.00    0.00    0.00   15.00     0      0.00      0.00  884008   73356   0.23      0.00     96.00      0.00       0  telemetry_recor
15:13:22     1000   1111155    0.00    0.00    0.00    0.00    0.00     7      0.00      0.00   12708    5944   0.02      0.00      4.00      0.00       0  pidstat
15:13:22     1000   1111156    2.00    1.00    0.00    0.00    3.00     3      0.00      0.00 1101624  113732   0.35      0.00      0.00      0.00       0  ros2

# Time        UID       PID    %usr %system  %guest   %wait    %CPU   CPU  minflt/s  majflt/s     VSZ     RSS   %MEM   kB_rd/s   kB_wr/s kB_ccwr/s iodelay  Command
15:13:23     1000      2081    0.00    1.00    0.00    0.00    1.00     2      0.00      0.00  160440   48336   0.15      0.00      0.00      0.00       0  pipewire-pulse
15:13:23     1000      2324   20.00    2.00    0.00    0.00   22.00    10     13.00      0.00 5557168  382488   1.17      0.00      0.00      0.00       0  gnome-shell
15:13:23     1000      2622    5.00    2.00    0.00    0.00    7.00    10      0.00      0.00 5685392  231952   0.71      0.00      0.00      0.00       0  ToDesk
15:13:23        0      3243    0.00    2.00    0.00    0.00    2.00     2      0.00      0.00 2778564   67840   0.21     -1.00     -1.00     -1.00       0  ToDesk_Service
15:13:23     1000     10213    0.00    0.00    0.00    0.00    0.00     0      5.00      0.00 1212301312  153700   0.47      0.00      0.00      0.00       0  github-desktop
15:13:23     1000     32140    1.00    0.00    0.00    0.00    1.00     2      0.00      0.00 11729028  750888   2.30      0.00      0.00      0.00       0  com.alibabainc.
15:13:23     1000     45971    0.00    0.00    0.00    0.00    0.00    15      7.00      0.00 50049280  218780   0.67      0.00      0.00      0.00       0  com.alibabainc.
15:13:23        0    332726    0.00    0.00    0.00    0.00    0.00    10      2.00      0.00  361696  237316   0.73     -1.00     -1.00     -1.00       0  systemd-journal
15:13:23     1000    425666    0.00    0.00    0.00    0.00    0.00     9      1.00      0.00 50028472  261540   0.80      0.00      0.00      0.00       0  com.alibabainc.
15:13:23     1000    426077    0.00    0.00    0.00    0.00    0.00    13      1.00      0.00 50132492  528136   1.62      0.00      0.00      0.00       0  com.alibabainc.
15:13:23     1000    577107    0.00    0.00    0.00    0.00    0.00     1     18.00      0.00 1520761120  593576   1.82      0.00      0.00      0.00       0  code
15:13:23     1000    577132    2.00    0.00    0.00    0.00    2.00    13   1017.00      0.00 1520364784  386204   1.19      0.00      0.00      0.00       0  code
15:13:23     1000    577160    0.00    0.00    0.00    0.00    0.00     8      3.00      0.00 1518795316  679420   2.09      0.00      0.00      0.00       0  code
15:13:23     1000    577170    0.00    0.00    0.00    0.00    0.00     9      1.00      0.00 1520378324  115516   0.35      0.00      0.00      0.00       0  code
15:13:23     1000    577241    0.00    0.00    0.00    0.00    0.00    13     35.00      0.00  771828  181988   0.56      0.00      0.00      0.00       0  codex
15:13:23     1000    577320    0.00    0.00    0.00    0.00    0.00     3     13.00      0.00 1520354644  108552   0.33      0.00      0.00      0.00       0  code
15:13:23     1000    853053    1.00    1.00    0.00    1.00    2.00    13      6.00      0.00 55960916  496028   1.52      0.00    196.00      0.00       0  chrome
15:13:23     1000    853103    7.00    1.00    0.00    0.00    8.00    10      0.00      0.00 55912456  326084   1.00      0.00      0.00      0.00       0  chrome
15:13:23     1000    880405    0.00    0.00    0.00    0.00    0.00    15      2.00      0.00 1518901172  360632   1.11      0.00      0.00      0.00       0  chrome
15:13:23        0   1074653    0.00    1.00    0.00    0.00    1.00     5      0.00      0.00       0       0   0.00     -1.00     -1.00     -1.00       0  kworker/u64:3-i915
15:13:23     1000   1074681    0.00    0.00    0.00    0.00    0.00    15      1.00      0.00 1520363292  291364   0.89      0.00      0.00      0.00       0  code
15:13:23     1000   1075226    1.00    0.00    0.00    0.00    1.00    13      0.00      0.00 1518709156  334424   1.03      0.00      0.00      0.00       0  code
15:13:23     1000   1109998    7.00    1.00    0.00    0.00    8.00     4     52.00      0.00 1518889388  364956   1.12      0.00     60.00      0.00       0  chrome
15:13:23     1000   1111002    0.00    0.00    0.00    0.00    0.00     8      0.00      0.00  204040   41576   0.13      0.00      4.00      0.00       0  ros2
15:13:23     1000   1111013    3.00    2.00    0.00    0.00    5.00    10      0.00      0.00  899916   36144   0.11      0.00      0.00      0.00       0  real_go2_input_
15:13:23     1000   1111014   11.00    0.00    0.00    0.00   11.00    11      0.00      0.00  887924   77784   0.24      0.00      0.00      0.00       0  python3
15:13:23     1000   1111015   78.00    0.00    0.00    0.00   78.00     4      7.00      0.00 1146936  298920   0.92      0.00      0.00      0.00       0  scan_planner_no
15:13:23     1000   1111016   44.00    2.00    0.00    1.00   46.00     5   5097.00      0.00 4983860  127012   0.39      0.00      0.00      0.00       0  scan_mppi_contr
15:13:23     1000   1111017    2.00    1.00    0.00    0.00    3.00     1      0.00      0.00  750832   32160   0.10      0.00      0.00      0.00       0  cmd_vel_safety_
15:13:23     1000   1111018   11.00    1.00    0.00    0.00   12.00    12      0.00      0.00  884008   73356   0.23      0.00     96.00      0.00       0  telemetry_recor
15:13:23     1000   1111155    0.00    1.00    0.00    0.00    1.00     7      0.00      0.00   12708    5944   0.02      0.00      8.00      0.00       0  pidstat
15:13:23     1000   1111156    2.00    1.00    0.00    0.00    3.00     3      0.00      0.00 1101624  113732   0.35      0.00      0.00      0.00       0  ros2

# Time        UID       PID    %usr %system  %guest   %wait    %CPU   CPU  minflt/s  majflt/s     VSZ     RSS   %MEM   kB_rd/s   kB_wr/s kB_ccwr/s iodelay  Command
15:13:24        0       676    0.00    1.00    0.00    0.00    1.00     1      0.00      0.00       0       0   0.00     -1.00     -1.00     -1.00       0  irq/163-rtw89_pci
15:13:24     1000      2324   19.00    2.00    0.00    0.00   21.00     2      7.00      0.00 5557168  382616   1.17      0.00      0.00      0.00       0  gnome-shell
15:13:24     1000      2622    6.00    1.00    0.00    0.00    7.00     0      0.00      0.00 5685392  231952   0.71      0.00      0.00      0.00       0  ToDesk
15:13:24        0      3243    1.00    1.00    0.00    0.00    2.00     0      0.00      0.00 2778564   67840   0.21     -1.00     -1.00     -1.00       0  ToDesk_Service
15:13:24     1000     10268    0.00    0.00    0.00    0.00    0.00    15      2.00      0.00 33882424   63200   0.19      0.00      0.00      0.00       0  github-desktop
15:13:24     1000     32140    1.00    0.00    0.00    0.00    1.00     4      0.00      0.00 11729028  750888   2.30      0.00      0.00      0.00       0  com.alibabainc.
15:13:24     1000     45971    0.00    0.00    0.00    0.00    0.00     6      5.00      0.00 50049280  218780   0.67      0.00      0.00      0.00       0  com.alibabainc.
15:13:24        0    332726    0.00    0.00    0.00    0.00    0.00    10      1.00      0.00  361696  237316   0.73     -1.00     -1.00     -1.00       0  systemd-journal
15:13:24     1000    425666    0.00    0.00    0.00    0.00    0.00     9      1.00      0.00 50028472  261540   0.80      0.00      0.00      0.00       0  com.alibabainc.
15:13:24     1000    425773    1.00    0.00    0.00    0.00    1.00    14      0.00      0.00 50014516  390636   1.20      0.00      0.00      0.00       0  com.alibabainc.
15:13:24     1000    577063    0.00    1.00    0.00    0.00    1.00    10      0.00      0.00 51392512  245184   0.75      0.00      0.00      0.00       0  code
15:13:24     1000    577067    0.00    0.00    0.00    0.00    0.00     8      3.00      0.00 50711564   88336   0.27      0.00      0.00      0.00       0  code
15:13:24     1000    577160    0.00    0.00    0.00    0.00    0.00     8      1.00      0.00 1518795316  679420   2.09      0.00      0.00      0.00       0  code
15:13:24     1000    577170    0.00    0.00    0.00    0.00    0.00     9      5.00      0.00 1520378324  115516   0.35      0.00      0.00      0.00       0  code
15:13:24     1000    577171    0.00    0.00    0.00    0.00    0.00     9     36.00      0.00 1520352992  124876   0.38      0.00      0.00      0.00       0  code
15:13:24     1000    577172    0.00    0.00    0.00    0.00    0.00    13      3.00      0.00 1520369816  113428   0.35      0.00      0.00      0.00       0  code
15:13:24     1000    577241    0.00    0.00    0.00    0.00    0.00    13     16.00      0.00  771828  181988   0.56      0.00     60.00      0.00       0  codex
15:13:24     1000    577320    0.00    0.00    0.00    0.00    0.00     3     12.00      0.00 1520354644  108552   0.33      0.00      0.00      0.00       0  code
15:13:24     1000    853053    1.00    0.00    0.00    0.00    1.00    10      5.00      0.00 55952472  496028   1.52      0.00    144.00      0.00       0  chrome
15:13:24     1000    853103    6.00    0.00    0.00    0.00    6.00     3     43.00      0.00 55911688  326084   1.00      0.00      0.00      0.00       0  chrome
15:13:24     1000    853105    0.00    0.00    0.00    0.00    0.00    12      7.00      0.00 55067288   94176   0.29      0.00      0.00      0.00       0  chrome
15:13:24     1000    853115    0.00    0.00    0.00    0.00    0.00     0      2.00      0.00 55302144   56896   0.17      0.00      0.00      0.00       0  chrome
15:13:24     1000    880405    0.00    0.00    0.00    0.00    0.00     0      1.00      0.00 1518901172  360632   1.11      0.00      0.00      0.00       0  chrome
15:13:24     1000    881951    0.00    0.00    0.00    0.00    0.00    13      1.00      0.00 55117148   61440   0.19      0.00      0.00      0.00       0  chrome
15:13:24     1000    888233    2.00    1.00    0.00    0.00    3.00     6      0.00      0.00 1754332  368608   1.13      0.00      0.00      0.00       0  gnome-system-mo
15:13:24        0   1049858    0.00    2.00    0.00    0.00    2.00    10      0.00      0.00       0       0   0.00     -1.00     -1.00     -1.00       0  kworker/u64:9-i915
15:13:24     1000   1073729    1.00    0.00    0.00    0.00    1.00    10      0.00      0.00  877608   71244   0.22      0.00      0.00      0.00       0  python3
15:13:24     1000   1074666    0.00    0.00    0.00    0.00    0.00     6      4.00      0.00 1520369816  130064   0.40      0.00      0.00      0.00       0  code
15:13:24     1000   1074681    0.00    0.00    0.00    0.00    0.00    15     39.00      0.00 1520363292  291364   0.89      0.00      0.00      0.00       0  code
15:13:24     1000   1074725    0.00    1.00    0.00    0.00    1.00    13      0.00      0.00  728784  183540   0.56      0.00      0.00      0.00       0  codex
15:13:24     1000   1075226    0.00    0.00    0.00    0.00    0.00     0      1.00      0.00 1518709156  334424   1.03      0.00      0.00      0.00       0  code
15:13:24        0   1106397    0.00    1.00    0.00    0.00    1.00    12      0.00      0.00       0       0   0.00     -1.00     -1.00     -1.00       0  kworker/u65:2-i915_flip
15:13:24     1000   1109998    5.00    2.00    0.00    0.00    7.00     3     57.00      0.00 1518880944  356672   1.09      0.00      0.00      0.00       0  chrome
15:13:24     1000   1111013    3.00    1.00    0.00    0.00    4.00     0      0.00      0.00  899916   36144   0.11      0.00      0.00      0.00       0  real_go2_input_
15:13:24     1000   1111014   12.00    0.00    0.00    0.00   12.00    10      0.00      0.00  887924   77784   0.24      0.00      0.00      0.00       0  python3
15:13:24     1000   1111015   81.00    1.00    0.00    0.00   82.00     7     22.00      0.00 1146936  298920   0.92      0.00      0.00      0.00       0  scan_planner_no
15:13:24     1000   1111016   47.00    2.00    0.00    0.00   49.00    12   3819.00      0.00 4983904  131216   0.40      0.00      0.00      0.00       0  scan_mppi_contr
15:13:24     1000   1111017    2.00    1.00    0.00    0.00    3.00    14      0.00      0.00  750832   32160   0.10      0.00      0.00      0.00       0  cmd_vel_safety_
15:13:24     1000   1111018   11.00    1.00    0.00    0.00   12.00     5      0.00      0.00  884008   73356   0.23      0.00     96.00      0.00       0  telemetry_recor
15:13:24     1000   1111155    0.00    1.00    0.00    0.00    1.00     8      0.00      0.00   12708    5944   0.02      0.00      4.00      0.00       0  pidstat
15:13:24     1000   1111156    1.00    1.00    0.00    0.00    2.00     4      0.00      0.00 1101624  113732   0.35      0.00      0.00      0.00       0  ros2

# Time        UID       PID    %usr %system  %guest   %wait    %CPU   CPU  minflt/s  majflt/s     VSZ     RSS   %MEM   kB_rd/s   kB_wr/s kB_ccwr/s iodelay  Command
15:13:25        0        42    0.00    1.00    0.00    0.00    1.00     8      0.00      0.00       0       0   0.00     -1.00     -1.00     -1.00       0  migration/8
15:13:25        0        54    0.00    1.00    0.00    0.00    1.00    12      0.00      0.00       0       0   0.00     -1.00     -1.00     -1.00       0  migration/12
15:13:25        0       676    0.00    1.00    0.00    0.00    1.00     1      0.00      0.00       0       0   0.00     -1.00     -1.00     -1.00       0  irq/163-rtw89_pci
15:13:25     1000      2081    1.00    0.00    0.00    0.00    1.00    13      0.00      0.00  160440   48336   0.15      0.00      0.00      0.00       0  pipewire-pulse
15:13:25     1000      2324   19.00    3.00    0.00    0.00   22.00    12      6.00      0.00 5557168  382616   1.17      0.00      0.00      0.00       0  gnome-shell
15:13:25     1000      2622    5.00    1.00    0.00    0.00    6.00    10      0.00      0.00 5685392  231952   0.71      0.00      0.00      0.00       0  ToDesk
15:13:25        0      3243    0.00    2.00    0.00    0.00    2.00     2      0.00      0.00 2778564   67840   0.21     -1.00     -1.00     -1.00       0  ToDesk_Service
15:13:25     1000     32140    1.00    1.00    0.00    0.00    2.00    15      0.00      0.00 11729028  750888   2.30      0.00      0.00      0.00       0  com.alibabainc.
15:13:25     1000     45971    0.00    0.00    0.00    0.00    0.00     4      5.00      0.00 50049280  218780   0.67      0.00      0.00      0.00       0  com.alibabainc.
15:13:25        0    332726    0.00    0.00    0.00    0.00    0.00    12      1.00      0.00  361696  237316   0.73     -1.00     -1.00     -1.00       0  systemd-journal
15:13:25     1000    425666    1.00    0.00    0.00    0.00    1.00     9      1.00      0.00 50028472  261540   0.80      0.00      0.00      0.00       0  com.alibabainc.
15:13:25     1000    516139    0.00    1.00    0.00    0.00    1.00     8      0.00      0.00 5453760   36688   0.11      0.00      0.00      0.00       0  clash
15:13:25     1000    577063    0.00    0.00    0.00    0.00    0.00    10     18.00      0.00 51392512  245184   0.75      0.00      0.00      0.00       0  code
15:13:25     1000    577132    0.00    0.00    0.00    0.00    0.00    13     22.00      0.00 1520364784  385948   1.18      0.00      0.00      0.00       0  code
15:13:25     1000    577160    1.00    0.00    0.00    0.00    1.00    10      0.00      0.00 1518795316  679420   2.09      0.00      0.00      0.00       0  code
15:13:25     1000    577170    0.00    0.00    0.00    0.00    0.00     9      1.00      0.00 1520378324  115516   0.35      0.00      0.00      0.00       0  code
15:13:25     1000    577171    0.00    0.00    0.00    0.00    0.00     9      1.00      0.00 1520352992  124876   0.38      0.00      0.00      0.00       0  code
15:13:25     1000    853053    2.00    1.00    0.00    0.00    3.00    13     56.00      0.00 55952472  495900   1.52      0.00    308.00      0.00       0  chrome
15:13:25     1000    853103    6.00    1.00    0.00    0.00    7.00    13      3.00      0.00 55911624  326084   1.00      0.00      0.00      0.00       0  chrome
15:13:25     1000    853105    1.00    0.00    0.00    0.00    1.00    12    209.00      0.00 55067288   94592   0.29      0.00    580.00      0.00       0  chrome
15:13:25     1000    880405    0.00    0.00    0.00    0.00    0.00     0      2.00      0.00 1518901172  360632   1.11      0.00      0.00      0.00       0  chrome
15:13:25     1000    881951    1.00    0.00    0.00    0.00    1.00    13      0.00      0.00 55117148   61440   0.19      0.00      0.00      0.00       0  chrome
15:13:25     1000    885261    0.00    0.00    0.00    0.00    0.00     6     74.00      0.00 1518767568  318040   0.98      0.00      0.00      0.00       0  code
15:13:25        0   1049858    0.00    1.00    0.00    0.00    1.00    12      0.00      0.00       0       0   0.00     -1.00     -1.00     -1.00       0  kworker/u64:9-i915
15:13:25     1000   1068542    0.00    0.00    0.00    0.00    0.00     8      1.00      0.00 1518803672  248756   0.76      0.00      0.00      0.00       0  chrome
15:13:25     1000   1074681    0.00    0.00    0.00    0.00    0.00     9     26.00      0.00 1520363292  291364   0.89      0.00      0.00      0.00       0  code
15:13:25     1000   1074725    2.00    0.00    0.00    0.00    2.00    13    335.00      0.00  728676  183564   0.56      0.00   1104.00    100.00       0  codex
15:13:25     1000   1075226    0.00    0.00    0.00    0.00    0.00     2     21.00      0.00 1518709156  334424   1.03      0.00      0.00      0.00       0  code
15:13:25     1000   1076599    0.00    1.00    0.00    0.00    1.00     0      1.00      0.00 1448930648   18144   0.06      0.00      0.00      0.00       0  codex-code-mode
15:13:25     1000   1109998    9.00    1.00    0.00    0.00   10.00     9    525.00      0.00 1518880944  358512   1.10      0.00      0.00      0.00       0  chrome
15:13:25     1000   1111002    1.00    0.00    0.00    0.00    1.00    10      0.00      0.00  204040   41576   0.13      0.00      0.00      0.00       0  ros2
15:13:25     1000   1111013    4.00    1.00    0.00    0.00    5.00     9      0.00      0.00  899916   36144   0.11      0.00      0.00      0.00       0  real_go2_input_
15:13:25     1000   1111014   11.00    1.00    0.00    0.00   12.00     0      0.00      0.00  887924   77784   0.24      0.00      0.00      0.00       0  python3
15:13:25     1000   1111015   89.00    0.00    0.00    0.00   89.00     7      0.00      0.00 1146936  298920   0.92      0.00      0.00      0.00       0  scan_planner_no
15:13:25     1000   1111016   39.00    3.00    0.00    0.00   42.00    14   4687.00      0.00 4974896  132420   0.41      0.00      0.00      0.00       0  scan_mppi_contr
15:13:25     1000   1111017    3.00    0.00    0.00    0.00    3.00    13      0.00      0.00  750832   32160   0.10      0.00      0.00      0.00       0  cmd_vel_safety_
15:13:25     1000   1111018   12.00    1.00    0.00    0.00   13.00     2      0.00      0.00  884008   73356   0.23      0.00     96.00      0.00       0  telemetry_recor
15:13:25     1000   1111155    1.00    0.00    0.00    0.00    1.00    10      0.00      0.00   12708    5944   0.02      0.00      8.00      0.00       0  pidstat
15:13:25     1000   1111156    2.00    1.00    0.00    0.00    3.00     4      0.00      0.00 1101624  113732   0.35      0.00      0.00      0.00       0  ros2

# Time        UID       PID    %usr %system  %guest   %wait    %CPU   CPU  minflt/s  majflt/s     VSZ     RSS   %MEM   kB_rd/s   kB_wr/s kB_ccwr/s iodelay  Command
15:13:26        0         1    0.00    0.00    0.00    0.00    0.00     4     10.00      0.00   23564   14152   0.04     -1.00     -1.00     -1.00       0  systemd
15:13:26        0        15    0.00    1.00    0.00    0.00    1.00    10      0.00      0.00       0       0   0.00     -1.00     -1.00     -1.00       0  rcu_preempt
15:13:26        0       454    0.00    1.00    0.00    0.00    1.00     2      0.00      0.00       0       0   0.00     -1.00     -1.00     -1.00       0  kworker/2:1H-kblockd
15:13:26        0      1119    0.00    1.00    0.00    0.00    1.00     1      0.00      0.00  425208   10052   0.03     -1.00     -1.00     -1.00       0  thermald
15:13:26     1000      2075    0.00    1.00    0.00    0.00    1.00    10      0.00      0.00  121224   17284   0.05      0.00      0.00      0.00       0  pipewire
15:13:26     1000      2324   20.00    2.00    0.00    0.00   22.00     0      6.00      0.00 5557168  382616   1.17      0.00      0.00      0.00       0  gnome-shell
15:13:26     1000      2622    5.00    1.00    0.00    0.00    6.00    10      0.00      0.00 5685392  231952   0.71      0.00      0.00      0.00       0  ToDesk
15:13:26      123      3242    1.00    0.00    0.00    0.00    1.00    13      0.00      0.00 2382192   76072   0.23     -1.00     -1.00     -1.00       0  nxserver.bin
15:13:26        0      3243    1.00    1.00    0.00    0.00    2.00     0      0.00      0.00 2778564   67840   0.21     -1.00     -1.00     -1.00       0  ToDesk_Service
15:13:26     1000     10251    0.00    0.00    0.00    0.00    0.00     5      3.00      0.00 34566360  113132   0.35      0.00      0.00      0.00       0  github-desktop
15:13:26     1000     32140    2.00    1.00    0.00    0.00    3.00    13      0.00      0.00 11729028  750888   2.30      0.00      0.00      0.00       0  com.alibabainc.
15:13:26     1000     32292    0.00    0.00    0.00    0.00    0.00     2      0.00      0.00 1475368   79308   0.24      0.00     36.00      0.00       0  com.alibabainc.
15:13:26     1000     45971    1.00    0.00    0.00    0.00    1.00    12      5.00      0.00 50049280  218780   0.67      0.00      0.00      0.00       0  com.alibabainc.
15:13:26     1000     46026    0.00    0.00    0.00    0.00    0.00     6      1.00      0.00 72700264  445552   1.37      0.00      0.00      0.00       0  com.alibabainc.
15:13:26        0    332726    0.00    0.00    0.00    0.00    0.00    13      2.00      0.00  361696  237316   0.73     -1.00     -1.00     -1.00       0  systemd-journal
15:13:26     1000    425666    0.00    0.00    0.00    0.00    0.00     5      2.00      0.00 50028472  261540   0.80      0.00      0.00      0.00       0  com.alibabainc.
15:13:26     1000    577014    0.00    0.00    0.00    0.00    0.00     2     15.00      0.00 1521087724  395316   1.21      0.00      0.00      0.00       0  code
15:13:26     1000    577063    1.00    0.00    0.00    0.00    1.00    10      0.00      0.00 51392512  245184   0.75      0.00      0.00      0.00       0  code
15:13:26     1000    577132    0.00    0.00    0.00    0.00    0.00    13      5.00      0.00 1520364784  385948   1.18      0.00      0.00      0.00       0  code
15:13:26     1000    577241    0.00    0.00    0.00    0.00    0.00    13      1.00      0.00  771828  181988   0.56      0.00      0.00      0.00       0  codex
15:13:26     1000    853053    1.00    1.00    0.00    0.00    2.00    11     12.00      0.00 55952472  495900   1.52      0.00      0.00      0.00       0  chrome
15:13:26     1000    853103    6.00    1.00    0.00    0.00    7.00    11      7.00      0.00 55912136  326084   1.00      0.00      0.00      0.00       0  chrome
15:13:26     1000    853105    0.00    1.00    0.00    0.00    1.00    12      1.00      0.00 55067288   94592   0.29      0.00      0.00      0.00       0  chrome
15:13:26     1000    880405    0.00    0.00    0.00    0.00    0.00     0      1.00      0.00 1518901172  360632   1.11      0.00      0.00      0.00       0  chrome
15:13:26     1000    881251    0.00    0.00    0.00    0.00    0.00    14      1.00      0.00 73710076  498644   1.53      0.00      0.00      0.00       0  com.alibabainc.
15:13:26     1000    881951    0.00    1.00    0.00    0.00    1.00    12      0.00      0.00 55117148   61440   0.19      0.00      0.00      0.00       0  chrome
15:13:26     1000    913217    0.00    0.00    0.00    0.00    0.00     2      2.00      0.00 72299740  382560   1.17      0.00      0.00      0.00       0  com.alibabainc.
15:13:26        0   1049858    0.00    1.00    0.00    0.00    1.00    10      0.00      0.00       0       0   0.00     -1.00     -1.00     -1.00       0  kworker/u64:9-i915
15:13:26     1000   1075226    0.00    0.00    0.00    0.00    0.00     2      1.00      0.00 1518709156  334424   1.03      0.00      0.00      0.00       0  code
15:13:26        0   1106397    0.00    1.00    0.00    0.00    1.00     9      0.00      0.00       0       0   0.00     -1.00     -1.00     -1.00       0  kworker/u65:2-i915_flip
15:13:26     1000   1109998    7.00    1.00    0.00    1.00    8.00    14    360.00      0.00 1518880944  358820   1.10      0.00      0.00      0.00       0  chrome
15:13:26     1000   1111013    4.00    1.00    0.00    0.00    5.00    15      0.00      0.00  899916   36144   0.11      0.00      0.00      0.00       0  real_go2_input_
15:13:26     1000   1111014   11.00    0.00    0.00    0.00   11.00    14      0.00      0.00  887924   77784   0.24      0.00      0.00      0.00       0  python3
15:13:26     1000   1111015   89.00    0.00    0.00    0.00   89.00     7      0.00      0.00 1146936  298920   0.92      0.00      0.00      0.00       0  scan_planner_no
15:13:26     1000   1111016   39.00    2.00    0.00    0.00   41.00     6   2239.00      0.00 4976512  124944   0.38      0.00      0.00      0.00       0  scan_mppi_contr
15:13:26     1000   1111017    3.00    1.00    0.00    0.00    4.00    14      0.00      0.00  750832   32160   0.10      0.00      0.00      0.00       0  cmd_vel_safety_
15:13:26     1000   1111018   13.00    0.00    0.00    0.00   13.00     5      0.00      0.00  884008   73356   0.23      0.00    100.00      0.00       0  telemetry_recor
15:13:26     1000   1111155    0.00    1.00    0.00    0.00    1.00     8      0.00      0.00   12708    5944   0.02      0.00      4.00      0.00       0  pidstat
15:13:26     1000   1111156    2.00    2.00    0.00    0.00    4.00     1      0.00      0.00 1101624  113732   0.35      0.00      0.00      0.00       0  ros2

# Time        UID       PID    %usr %system  %guest   %wait    %CPU   CPU  minflt/s  majflt/s     VSZ     RSS   %MEM   kB_rd/s   kB_wr/s kB_ccwr/s iodelay  Command
15:13:27        0       676    0.00    3.00    0.00    0.00    3.00     1      0.00      0.00       0       0   0.00     -1.00     -1.00     -1.00       0  irq/163-rtw89_pci
15:13:27      108      1070    0.00    1.00    0.00    0.00    1.00    10      0.00      0.00   11052    6140   0.02     -1.00     -1.00     -1.00       0  avahi-daemon
15:13:27     1000      2081    0.00    1.00    0.00    0.00    1.00    15      0.00      0.00  160440   48336   0.15      0.00      0.00      0.00       0  pipewire-pulse
15:13:27     1000      2324   19.00    3.00    0.00    1.00   22.00    15      6.00      0.00 5557168  382616   1.17      0.00      0.00      0.00       0  gnome-shell
15:13:27     1000      2622    6.00    2.00    0.00    0.00    8.00     2      0.00      0.00 5685392  231952   0.71      0.00      0.00      0.00       0  ToDesk
15:13:27        0      3243    0.00    2.00    0.00    0.00    2.00     0      0.00      0.00 2778564   67840   0.21     -1.00     -1.00     -1.00       0  ToDesk_Service
15:13:27     1000     10213    0.00    0.00    0.00    0.00    0.00     0      5.00      0.00 1212301312  153700   0.47      0.00      0.00      0.00       0  github-desktop
15:13:27     1000     32140    1.00    0.00    0.00    1.00    1.00    10      0.00      0.00 11729028  750888   2.30      0.00      0.00      0.00       0  com.alibabainc.
15:13:27     1000     45971    0.00    0.00    0.00    0.00    0.00    10      7.00      0.00 50049280  218780   0.67      0.00      0.00      0.00       0  com.alibabainc.
15:13:27     1000     46026    0.00    0.00    0.00    0.00    0.00     6      1.00      0.00 72700264  445552   1.37      0.00      0.00      0.00       0  com.alibabainc.
15:13:27     1000     52294    0.00    0.00    0.00    0.00    0.00     0      4.00      0.00 54436256  464596   1.43      0.00      0.00      0.00       0  com.alibabainc.
15:13:27     1000    156386    1.00    0.00    0.00    0.00    1.00     8      0.00      0.00 1788224   49216   0.15      0.00      0.00      0.00       0  nxplayer.bin
15:13:27        0    332726    0.00    0.00    0.00    0.00    0.00    12      2.00      0.00  361696  237316   0.73     -1.00     -1.00     -1.00       0  systemd-journal
15:13:27     1000    426077    1.00    1.00    0.00    0.00    2.00     1      0.00      0.00 50132492  528136   1.62      0.00      0.00      0.00       0  com.alibabainc.
15:13:27     1000    516139    0.00    0.00    0.00    0.00    0.00     8      1.00      0.00 5453760   36688   0.11      0.00      0.00      0.00       0  clash
15:13:27     1000    577014    0.00    0.00    0.00    0.00    0.00     2      5.00      0.00 1521087724  395316   1.21      0.00      0.00      0.00       0  code
15:13:27     1000    577160    0.00    0.00    0.00    0.00    0.00    10      1.00      0.00 1518795316  679420   2.09      0.00      0.00      0.00       0  code
15:13:27     1000    577170    0.00    0.00    0.00    0.00    0.00     9     10.00      0.00 1520378324  115644   0.35      0.00      0.00      0.00       0  code
15:13:27     1000    853053    2.00    0.00    0.00    0.00    2.00    14      0.00      0.00 55952472  495900   1.52      0.00      0.00      0.00       0  chrome
15:13:27     1000    853103    6.00    1.00    0.00    0.00    7.00    10      7.00      0.00 55911624  326084   1.00      0.00      0.00      0.00       0  chrome
15:13:27     1000    856924    1.00    0.00    0.00    0.00    1.00    10      0.00      0.00 1518794828  253820   0.78      0.00      0.00      0.00       0  chrome
15:13:27     1000    880405    1.00    0.00    0.00    0.00    1.00    13      2.00      0.00 1518901172  360632   1.11      0.00      0.00      0.00       0  chrome
15:13:27     1000    881251    0.00    0.00    0.00    0.00    0.00    15      2.00      0.00 73710076  498772   1.53      0.00      0.00      0.00       0  com.alibabainc.
15:13:27     1000    881919    0.00    0.00    0.00    0.00    0.00    14      1.00      0.00 1518709688  114244   0.35      0.00      0.00      0.00       0  chrome
15:13:27     1000    885261    0.00    0.00    0.00    0.00    0.00     6     65.00      0.00 1518767568  318296   0.98      0.00      0.00      0.00       0  code
15:13:27     1000    888233    1.00    1.00    0.00    0.00    2.00     4      0.00      0.00 1754332  368608   1.13      0.00      0.00      0.00       0  gnome-system-mo
15:13:27     1000    913217    0.00    0.00    0.00    0.00    0.00     2      1.00      0.00 72299740  382560   1.17      0.00      0.00      0.00       0  com.alibabainc.
15:13:27        0   1049858    0.00    1.00    0.00    0.00    1.00    11      0.00      0.00       0       0   0.00     -1.00     -1.00     -1.00       0  kworker/u64:9-events_unbound
15:13:27        0   1068456    0.00    1.00    0.00    0.00    1.00    15      0.00      0.00       0       0   0.00     -1.00     -1.00     -1.00       0  kworker/u64:2-i915
15:13:27     1000   1074681    0.00    0.00    0.00    0.00    0.00     9     51.00      0.00 1520363292  291620   0.90      0.00      0.00      0.00       0  code
15:13:27     1000   1074725    0.00    0.00    0.00    0.00    0.00    13     14.00      0.00  728676  183564   0.56      0.00      0.00      0.00       0  codex
15:13:27     1000   1075226    0.00    0.00    0.00    0.00    0.00     2     98.00      0.00 1518709156  334808   1.03      0.00      0.00      0.00       0  code
15:13:27     1000   1095170    1.00    0.00    0.00    0.00    1.00    10      0.00      0.00  883436   72384   0.22      0.00      0.00      0.00       0  python3
15:13:27     1000   1109998    6.00    1.00    0.00    0.00    7.00     5     55.00      0.00 1518880944  357116   1.10      0.00      0.00      0.00       0  chrome
15:13:27     1000   1111002    0.00    0.00    0.00    0.00    0.00     4      0.00      0.00  204040   41576   0.13      0.00      8.00      0.00       0  ros2
15:13:27     1000   1111013    3.00    1.00    0.00    0.00    4.00     4      0.00      0.00  899916   36144   0.11      0.00      0.00      0.00       0  real_go2_input_
15:13:27     1000   1111014   12.00    0.00    0.00    1.00   12.00     0      0.00      0.00  887924   77784   0.24      0.00      0.00      0.00       0  python3
15:13:27     1000   1111015   86.00    1.00    0.00    0.00   87.00     7      0.00      0.00 1146936  298920   0.92      0.00      4.00      0.00       0  scan_planner_no
15:13:27     1000   1111016   39.00    1.00    0.00    0.00   40.00    14     50.00      0.00 4976512  125200   0.38      0.00      0.00      0.00       0  scan_mppi_contr
15:13:27     1000   1111017    2.00    1.00    0.00    0.00    3.00     6      0.00      0.00  750832   32160   0.10      0.00      0.00      0.00       0  cmd_vel_safety_
15:13:27     1000   1111018   11.00    1.00    0.00    0.00   12.00     4      0.00      0.00  884008   73356   0.23      0.00     96.00      0.00       0  telemetry_recor
15:13:27     1000   1111155    0.00    1.00    0.00    0.00    1.00     8      0.00      0.00   12708    5944   0.02      0.00      8.00      0.00       0  pidstat
15:13:27     1000   1111156    1.00    1.00    0.00    0.00    2.00     1      0.00      0.00 1101624  113732   0.35   5248.00      0.00      0.00       0  ros2

# Time        UID       PID    %usr %system  %guest   %wait    %CPU   CPU  minflt/s  majflt/s     VSZ     RSS   %MEM   kB_rd/s   kB_wr/s kB_ccwr/s iodelay  Command
15:13:28        0       676    0.00    4.00    0.00    0.00    4.00     1      0.00      0.00       0       0   0.00     -1.00     -1.00     -1.00       0  irq/163-rtw89_pci
15:13:28        0      1370    1.00    0.00    0.00    0.00    1.00    13      0.00      0.00 2606064   21460   0.07     -1.00     -1.00     -1.00       0  containerd
15:13:28     1000      2075    1.00    0.00    0.00    0.00    1.00    10      0.00      0.00  121224   17284   0.05      0.00      0.00      0.00       0  pipewire
15:13:28     1000      2324   21.00    1.00    0.00    0.00   22.00    15      5.00      0.00 5557168  382616   1.17      0.00      0.00      0.00       0  gnome-shell
15:13:28     1000      2622    5.00    1.00    0.00    0.00    6.00     0      0.00      0.00 5685392  231952   0.71      0.00      0.00      0.00       0  ToDesk
15:13:28        0      3243    1.00    2.00    0.00    0.00    3.00     0      0.00      0.00 2778564   67840   0.21     -1.00     -1.00     -1.00       0  ToDesk_Service
15:13:28     1000     10268    0.00    0.00    0.00    0.00    0.00    15      2.00      0.00 33882424   63200   0.19      0.00      0.00      0.00       0  github-desktop
15:13:28     1000     32140    1.00    0.00    0.00    0.00    1.00    12      0.00      0.00 11729028  750888   2.30      0.00      0.00      0.00       0  com.alibabainc.
15:13:28     1000     45971    0.00    0.00    0.00    0.00    0.00    10      3.00      0.00 50049280  218780   0.67      0.00      0.00      0.00       0  com.alibabainc.
15:13:28     1000     46026    0.00    0.00    0.00    0.00    0.00     6      7.00      0.00 72700264  445552   1.37      0.00      0.00      0.00       0  com.alibabainc.
15:13:28     1000     52294    0.00    0.00    0.00    0.00    0.00     0      7.00      0.00 54436256  464596   1.43      0.00      0.00      0.00       0  com.alibabainc.
15:13:28        0    332726    0.00    0.00    0.00    0.00    0.00    15      2.00      0.00  361696  237316   0.73     -1.00     -1.00     -1.00       0  systemd-journal
15:13:28     1000    425666    0.00    0.00    0.00    0.00    0.00     6      1.00      0.00 50028472  261540   0.80      0.00      0.00      0.00       0  com.alibabainc.
15:13:28     1000    516139    1.00    0.00    0.00    0.00    1.00     8      0.00      0.00 5453760   36688   0.11      0.00      0.00      0.00       0  clash
15:13:28     1000    577067    0.00    0.00    0.00    0.00    0.00    10      3.00      0.00 50711564   88336   0.27      0.00      0.00      0.00       0  code
15:13:28     1000    577107    0.00    0.00    0.00    0.00    0.00     1      9.00      0.00 1520761120  593576   1.82      0.00      0.00      0.00       0  code
15:13:28     1000    577170    0.00    0.00    0.00    0.00    0.00     9      6.00      0.00 1520378324  115644   0.35      0.00      0.00      0.00       0  code
15:13:28     1000    577171    0.00    0.00    0.00    0.00    0.00     6     36.00      0.00 1520352992  124876   0.38      0.00      0.00      0.00       0  code
15:13:28     1000    577172    0.00    0.00    0.00    0.00    0.00    13      3.00      0.00 1520369816  113428   0.35      0.00      0.00      0.00       0  code
15:13:28     1000    577320    0.00    0.00    0.00    0.00    0.00     3     28.00      0.00 1520354644  108552   0.33      0.00      0.00      0.00       0  code
15:13:28     1000    853053    1.00    1.00    0.00    0.00    2.00     6     74.00      0.00 55952472  496156   1.52      0.00      0.00      0.00       0  chrome
15:13:28     1000    853103    7.00    1.00    0.00    0.00    8.00    10     21.00      0.00 55911624  325948   1.00      0.00      0.00      0.00       0  chrome
15:13:28     1000    853105    0.00    0.00    0.00    0.00    0.00    12    141.00      0.00 55067288   94304   0.29      0.00    428.00      0.00       0  chrome
15:13:28     1000    853115    0.00    0.00    0.00    0.00    0.00     8      2.00      0.00 55302144   56896   0.17      0.00      0.00      0.00       0  chrome
15:13:28     1000    880405    0.00    0.00    0.00    0.00    0.00     2      3.00      0.00 1518901172  360632   1.11      0.00      0.00      0.00       0  chrome
15:13:28     1000    881251    0.00    0.00    0.00    0.00    0.00    15      7.00      0.00 73710076  498772   1.53      0.00      0.00      0.00       0  com.alibabainc.
15:13:28     1000    881919    0.00    0.00    0.00    0.00    0.00    14      1.00      0.00 1518709688  114244   0.35      0.00      0.00      0.00       0  chrome
15:13:28     1000    881951    0.00    0.00    0.00    0.00    0.00     4      1.00      0.00 55117148   61440   0.19      0.00      0.00      0.00       0  chrome
15:13:28     1000    885261    2.00    0.00    0.00    0.00    2.00     8    513.00      0.00 1518767568  320344   0.98      0.00      0.00      0.00       0  code
15:13:28     1000    888233    1.00    0.00    0.00    0.00    1.00    12      0.00      0.00 1754332  368608   1.13      0.00      0.00      0.00       0  gnome-system-mo
15:13:28     1000    913217    0.00    0.00    0.00    0.00    0.00     8      6.00      0.00 72299740  382560   1.17      0.00      0.00      0.00       0  com.alibabainc.
15:13:28        0   1049858    0.00    1.00    0.00    0.00    1.00     2      0.00      0.00       0       0   0.00     -1.00     -1.00     -1.00       0  kworker/u64:9-events_unbound
15:13:28     1000   1074666    0.00    0.00    0.00    0.00    0.00    14      4.00      0.00 1520369816  130064   0.40      0.00      0.00      0.00       0  code
15:13:28     1000   1074681   16.00    1.00    0.00    0.00   17.00     2   5913.00      0.00 1520363292  296212   0.91      0.00      0.00      0.00       0  code
15:13:28     1000   1074725    1.00    0.00    0.00    0.00    1.00    13     33.00      0.00  728676  183564   0.56      0.00      0.00      0.00       0  codex
15:13:28     1000   1075226    1.00    0.00    0.00    0.00    1.00    14     14.00      0.00 1518709156  334808   1.03      0.00      0.00      0.00       0  code
15:13:28     1000   1109998    7.00    1.00    0.00    0.00    8.00     9    491.00      0.00 1518880944  358872   1.10      0.00      0.00      0.00       0  chrome
15:13:28     1000   1111013    3.00    1.00    0.00    0.00    4.00     5      0.00      0.00  899916   36144   0.11      0.00      0.00      0.00       0  real_go2_input_
15:13:28     1000   1111014   12.00    1.00    0.00    0.00   13.00    12      0.00      0.00  887924   77784   0.24      0.00      0.00      0.00       0  python3
15:13:28     1000   1111015   85.00    0.00    0.00    0.00   85.00     7      0.00      0.00 1146936  298920   0.92      0.00      0.00      0.00       0  scan_planner_no
15:13:28     1000   1111016   44.00    3.00    0.00    0.00   47.00     5   1699.00      0.00 4984124  131984   0.41      0.00      0.00      0.00       0  scan_mppi_contr
15:13:28     1000   1111017    2.00    1.00    0.00    1.00    3.00     3      0.00      0.00  750832   32160   0.10      0.00      0.00      0.00       0  cmd_vel_safety_
15:13:28     1000   1111018   12.00    1.00    0.00    0.00   13.00    11      0.00      0.00  884008   73356   0.23      0.00     96.00      0.00       0  telemetry_recor
15:13:28     1000   1111155    0.00    1.00    0.00    0.00    1.00     4      0.00      0.00   12708    5944   0.02      0.00     12.00      0.00       0  pidstat
15:13:28     1000   1111156    3.00    0.00    0.00    0.00    3.00    13      0.00      0.00 1101624  113732   0.35   5248.00      0.00      0.00       0  ros2

# Time        UID       PID    %usr %system  %guest   %wait    %CPU   CPU  minflt/s  majflt/s     VSZ     RSS   %MEM   kB_rd/s   kB_wr/s kB_ccwr/s iodelay  Command
15:13:29        0        60    0.00    1.00    0.00    0.00    1.00    13      0.00      0.00       0       0   0.00     -1.00     -1.00     -1.00       0  migration/13
15:13:29        0       676    0.00    2.00    0.00    0.00    2.00     1      0.00      0.00       0       0   0.00     -1.00     -1.00     -1.00       0  irq/163-rtw89_pci
15:13:29     1000      2324   21.00    2.00    0.00    0.00   23.00    14      7.00      0.00 5556912  382616   1.17      0.00      0.00      0.00       0  gnome-shell
15:13:29     1000      2622    6.00    1.00    0.00    0.00    7.00     4      0.00      0.00 5685392  231952   0.71      0.00      0.00      0.00       0  ToDesk
15:13:29        0      3243    0.00    2.00    0.00    0.00    2.00     2      0.00      0.00 2778564   67840   0.21     -1.00     -1.00     -1.00       0  ToDesk_Service
15:13:29     1000     32140    1.00    1.00    0.00    0.00    2.00    10      0.00      0.00 11729028  750888   2.30      0.00      0.00      0.00       0  com.alibabainc.
15:13:29     1000     45971    0.00    0.00    0.00    0.00    0.00    10      5.00      0.00 50049280  218780   0.67      0.00      0.00      0.00       0  com.alibabainc.
15:13:29     1000     52294    0.00    0.00    0.00    0.00    0.00     0      2.00      0.00 54436256  464596   1.43      0.00      0.00      0.00       0  com.alibabainc.
15:13:29        0    332726    0.00    0.00    0.00    0.00    0.00    13      2.00      0.00  361696  237316   0.73     -1.00     -1.00     -1.00       0  systemd-journal
15:13:29     1000    425666    0.00    0.00    0.00    0.00    0.00     6      1.00      0.00 50028472  261540   0.80      0.00      0.00      0.00       0  com.alibabainc.
15:13:29     1000    577063    0.00    0.00    0.00    0.00    0.00    10     18.00      0.00 51392512  245184   0.75      0.00      0.00      0.00       0  code
15:13:29     1000    577132    1.00    0.00    0.00    0.00    1.00    13     25.00      0.00 1520364784  385948   1.18      0.00      0.00      0.00       0  code
15:13:29     1000    577241    0.00    0.00    0.00    0.00    0.00    13      1.00      0.00  771828  181988   0.56      0.00      0.00      0.00       0  codex
15:13:29     1000    853053    2.00    1.00    0.00    0.00    3.00    12     33.00      0.00 55952472  495756   1.52      0.00      0.00      0.00       0  chrome
15:13:29     1000    853103    6.00    2.00    0.00    0.00    8.00     8     49.00      0.00 55912336  326076   1.00      0.00      0.00      0.00       0  chrome
15:13:29     1000    853105    1.00    0.00    0.00    0.00    1.00    12      1.00      0.00 55067288   94304   0.29      0.00      8.00      0.00       0  chrome
15:13:29     1000    880405    0.00    0.00    0.00    0.00    0.00     2      1.00      0.00 1518901172  360632   1.11      0.00      0.00      0.00       0  chrome
15:13:29     1000    885261    0.00    0.00    0.00    0.00    0.00     8     97.00      0.00 1518767568  320600   0.98      0.00      0.00      0.00       0  code
15:13:29     1000    888233    0.00    1.00    0.00    0.00    1.00     3      0.00      0.00 1754332  368608   1.13      0.00      0.00      0.00       0  gnome-system-mo
15:13:29        0   1049858    0.00    1.00    0.00    0.00    1.00     5      0.00      0.00       0       0   0.00     -1.00     -1.00     -1.00       0  kworker/u64:9-events_unbound
15:13:29        0   1068456    0.00    1.00    0.00    0.00    1.00    15      0.00      0.00       0       0   0.00     -1.00     -1.00     -1.00       0  kworker/u64:2-flush-259:0
15:13:29     1000   1068542    0.00    1.00    0.00    0.00    1.00     6     75.00      0.00 1518803672  248348   0.76      0.00      0.00      0.00       0  chrome
15:13:29        0   1074653    0.00    1.00    0.00    0.00    1.00    11      0.00      0.00       0       0   0.00     -1.00     -1.00     -1.00       0  kworker/u64:3-i915
15:13:29     1000   1074681    1.00    0.00    0.00    0.00    1.00     2      3.00      0.00 1520363292  296212   0.91      0.00      0.00      0.00       0  code
15:13:29     1000   1074725    2.00    0.00    0.00    0.00    2.00    13    393.00      0.00  728676  183692   0.56      0.00    344.00    116.00       0  codex
15:13:29     1000   1075226    0.00    0.00    0.00    0.00    0.00    14      5.00      0.00 1518709156  334808   1.03      0.00      0.00      0.00       0  code
15:13:29     1000   1076599    0.00    0.00    0.00    0.00    0.00     8    440.00      0.00 1450899512   19160   0.06      0.00      0.00      0.00       0  codex-code-mode
15:13:29        0   1106397    0.00    1.00    0.00    0.00    1.00    15      0.00      0.00       0       0   0.00     -1.00     -1.00     -1.00       0  kworker/u65:2-i915_flip
15:13:29     1000   1109998    7.00    1.00    0.00    0.00    8.00    10     84.00      0.00 1518881008  358872   1.10      0.00      0.00      0.00       0  chrome
15:13:29     1000   1111013    3.00    1.00    0.00    0.00    4.00     2      0.00      0.00  899916   36144   0.11      0.00      0.00      0.00       0  real_go2_input_
15:13:29     1000   1111014   12.00    0.00    0.00    0.00   12.00     8      0.00      0.00  887924   77784   0.24      0.00      0.00      0.00       0  python3
15:13:29     1000   1111015   86.00    0.00    0.00    0.00   86.00     7      0.00      0.00 1146936  298920   0.92      0.00      0.00      0.00       0  scan_planner_no
15:13:29     1000   1111016   39.00    2.00    0.00    0.00   41.00    13     77.00      0.00 4984124  132240   0.41      0.00      0.00      0.00       0  scan_mppi_contr
15:13:29     1000   1111017    3.00    0.00    0.00    0.00    3.00    12      0.00      0.00  750832   32160   0.10      0.00      0.00      0.00       0  cmd_vel_safety_
15:13:29     1000   1111018   12.00    2.00    0.00    0.00   14.00     2      0.00      0.00  884008   73356   0.23      0.00    100.00      0.00       0  telemetry_recor
15:13:29     1000   1111155    0.00    0.00    0.00    0.00    0.00     4      0.00      0.00   12708    5944   0.02      0.00      8.00      0.00       0  pidstat
15:13:29     1000   1111156    2.00    1.00    0.00    0.00    3.00    14      0.00      0.00 1101624  113732   0.35   4224.00      0.00      0.00       0  ros2

# Time        UID       PID    %usr %system  %guest   %wait    %CPU   CPU  minflt/s  majflt/s     VSZ     RSS   %MEM   kB_rd/s   kB_wr/s kB_ccwr/s iodelay  Command
15:13:30        0        15    0.00    1.00    0.00    0.00    1.00    13      0.00      0.00       0       0   0.00     -1.00     -1.00     -1.00       0  rcu_preempt
15:13:30        0       324    0.00    1.00    0.00    0.00    1.00     4      0.00      0.00       0       0   0.00     -1.00     -1.00     -1.00       0  kworker/4:1H-i915_cleanup
15:13:30        0       676    0.00    2.00    0.00    0.00    2.00     1      0.00      0.00       0       0   0.00     -1.00     -1.00     -1.00       0  irq/163-rtw89_pci
15:13:30     1000      2324   19.00    1.00    0.00    0.00   20.00    13     10.00      0.00 5557176  382744   1.17      0.00      0.00      0.00       0  gnome-shell
15:13:30     1000      2622    5.00    2.00    0.00    0.00    7.00     9      0.00      0.00 5685392  231952   0.71      0.00      0.00      0.00       0  ToDesk
15:13:30        0      3243    1.00    1.00    0.00    0.00    2.00     0      0.00      0.00 2778564   67840   0.21     -1.00     -1.00     -1.00       0  ToDesk_Service
15:13:30     1000     10251    0.00    0.00    0.00    0.00    0.00     5      3.00      0.00 34566360  113132   0.35      0.00      0.00      0.00       0  github-desktop
15:13:30     1000     32140    1.00    0.00    0.00    0.00    1.00    15      0.00      0.00 11729028  750888   2.30      0.00      0.00      0.00       0  com.alibabainc.
15:13:30     1000     45971    0.00    0.00    0.00    0.00    0.00     8      6.00      0.00 50049280  218780   0.67      0.00      0.00      0.00       0  com.alibabainc.
15:13:30        0    332726    0.00    0.00    0.00    0.00    0.00    14      2.00      0.00  361696  237316   0.73     -1.00     -1.00     -1.00       0  systemd-journal
15:13:30     1000    425666    0.00    0.00    0.00    0.00    0.00    10      1.00      0.00 50028472  261540   0.80      0.00      0.00      0.00       0  com.alibabainc.
15:13:30     1000    577014    0.00    0.00    0.00    0.00    0.00     2     13.00      0.00 1521087724  395316   1.21      0.00      0.00      0.00       0  code
15:13:30     1000    577160    0.00    0.00    0.00    0.00    0.00     2      1.00      0.00 1518795316  679420   2.09      0.00      0.00      0.00       0  code
15:13:30     1000    577170    0.00    0.00    0.00    0.00    0.00     9      1.00      0.00 1520378324  115644   0.35      0.00      0.00      0.00       0  code
15:13:30     1000    853053    1.00    1.00    0.00    0.00    2.00     4      4.00      0.00 55952472  495756   1.52      0.00      0.00      0.00       0  chrome
15:13:30     1000    853103    7.00    1.00    0.00    0.00    8.00     3     24.00      0.00 55911816  326076   1.00      0.00      0.00      0.00       0  chrome
15:13:30     1000    853105    0.00    0.00    0.00    0.00    0.00    12     76.00      0.00 55067288   94272   0.29      0.00    268.00      0.00       0  chrome
15:13:30     1000    853115    0.00    0.00    0.00    0.00    0.00     8      1.00      0.00 55302144   56896   0.17      0.00      4.00      0.00       0  chrome
15:13:30     1000    880405    0.00    0.00    0.00    0.00    0.00     4      2.00      0.00 1518901172  356688   1.09      0.00      4.00      0.00       0  chrome
15:13:30     1000    881951    1.00    1.00    0.00    0.00    2.00     8      0.00      0.00 55117148   61440   0.19      0.00      0.00      0.00       0  chrome
15:13:30     1000    885261    0.00    0.00    0.00    0.00    0.00    10      1.00      0.00 1518767568  320600   0.98      0.00      0.00      0.00       0  code
15:13:30     1000    888233    1.00    0.00    0.00    0.00    1.00     3      0.00      0.00 1754332  368608   1.13      0.00      0.00      0.00       0  gnome-system-mo
15:13:30     1000   1068542    0.00    0.00    0.00    0.00    0.00    13    813.00      0.00 1518803672  251676   0.77      0.00      0.00      0.00       0  chrome
15:13:30        0   1108714    0.00    1.00    0.00    0.00    1.00    15      0.00      0.00       0       0   0.00     -1.00     -1.00     -1.00       0  kworker/15:1-i915-unordered
15:13:30     1000   1109998    7.00    2.00    0.00    0.00    9.00     8    267.00      0.00 1518881008  358964   1.10      0.00      0.00      0.00       0  chrome
15:13:30     1000   1111013    4.00    1.00    0.00    0.00    5.00    11      0.00      0.00  899916   36144   0.11      0.00      0.00      0.00       0  real_go2_input_
15:13:30     1000   1111014   14.00    0.00    0.00    0.00   14.00     4    147.00      0.00  888000   77960   0.24      0.00      0.00      0.00       0  python3
15:13:30     1000   1111015   80.00    0.00    0.00    0.00   80.00     7      0.00      0.00 1146936  298920   0.92      0.00      0.00      0.00       0  scan_planner_no
15:13:30     1000   1111016   30.00    1.00    0.00    0.00   31.00    14   1662.00      0.00 4984124  138896   0.43      0.00      0.00      0.00       0  scan_mppi_contr
15:13:30     1000   1111017    3.00    1.00    0.00    0.00    4.00     0      2.00      0.00  750832   32456   0.10      0.00      0.00      0.00       0  cmd_vel_safety_
15:13:30     1000   1111018   12.00    0.00    0.00    1.00   12.00    12      1.00      0.00  884008   73356   0.23      0.00     96.00      0.00       0  telemetry_recor
15:13:30     1000   1111155    1.00    1.00    0.00    0.00    2.00    10      0.00      0.00   12708    5944   0.02      0.00      4.00      0.00       0  pidstat
15:13:30     1000   1111156    2.00    1.00    0.00    0.00    3.00    14     15.00      0.00 1101624  113732   0.35   5248.00      0.00      0.00       0  ros2

# Time        UID       PID    %usr %system  %guest   %wait    %CPU   CPU  minflt/s  majflt/s     VSZ     RSS   %MEM   kB_rd/s   kB_wr/s kB_ccwr/s iodelay  Command
15:13:31        0       676    0.00    1.00    0.00    0.00    1.00     1      0.00      0.00       0       0   0.00     -1.00     -1.00     -1.00       0  irq/163-rtw89_pci
15:13:31      101      1072    1.00    0.00    0.00    0.00    1.00    12      0.00      0.00   12504    6632   0.02     -1.00     -1.00     -1.00       0  dbus-daemon
15:13:31     1000      2081    0.00    1.00    0.00    0.00    1.00     0      0.00      0.00  160440   48336   0.15      0.00      0.00      0.00       0  pipewire-pulse
15:13:31     1000      2324   20.00    2.00    0.00    0.00   22.00    14     43.00      0.00 5557176  382744   1.17      0.00      0.00      0.00       0  gnome-shell
15:13:31     1000      2622    6.00    2.00    0.00    0.00    8.00     2      0.00      0.00 5685392  231952   0.71      0.00      0.00      0.00       0  ToDesk
15:13:31     1000      2921    0.00    1.00    0.00    0.00    1.00    12      0.00      0.00  833268   14296   0.04      0.00      0.00      0.00       0  xdg-desktop-por
15:13:31        0      3243    1.00    1.00    0.00    0.00    2.00     0      0.00      0.00 2778564   67840   0.21     -1.00     -1.00     -1.00       0  ToDesk_Service
15:13:31     1000     10213    0.00    0.00    0.00    0.00    0.00     0      8.00      0.00 1212301312  153700   0.47      0.00      0.00      0.00       0  github-desktop
15:13:31     1000     32140    2.00    0.00    0.00    0.00    2.00    12      0.00      0.00 11729028  750888   2.30      0.00      0.00      0.00       0  com.alibabainc.
15:13:31     1000     45971    0.00    0.00    0.00    0.00    0.00    12      4.00      0.00 50049280  218908   0.67      0.00      0.00      0.00       0  com.alibabainc.
15:13:31        0    332726    0.00    0.00    0.00    0.00    0.00     2      1.00      0.00  361696  237316   0.73     -1.00     -1.00     -1.00       0  systemd-journal
15:13:31     1000    577014    0.00    0.00    0.00    0.00    0.00     2      1.00      0.00 1521087724  395316   1.21      0.00      0.00      0.00       0  code
15:13:31     1000    577132    0.00    0.00    0.00    0.00    0.00     6      3.00      0.00 1520364784  385948   1.18      0.00      0.00      0.00       0  code
15:13:31     1000    577170    0.00    0.00    0.00    0.00    0.00     9      1.00      0.00 1520378324  115644   0.35      0.00      0.00      0.00       0  code
15:13:31     1000    577171    0.00    0.00    0.00    0.00    0.00     6      2.00      0.00 1520352992  124876   0.38      0.00      0.00      0.00       0  code
15:13:31     1000    577172    0.00    0.00    0.00    0.00    0.00    13      3.00      0.00 1520369816  113428   0.35      0.00      0.00      0.00       0  code
15:13:31     1000    799234    1.00    0.00    0.00    0.00    1.00     0      0.00      0.00 2026456  190724   0.59      0.00      0.00      0.00       0  gnome-control-c
15:13:31     1000    853053    1.00    1.00    0.00    0.00    2.00    12      4.00      0.00 55952472  495756   1.52      0.00      0.00      0.00       0  chrome
15:13:31     1000    853103    5.00    1.00    0.00    0.00    6.00     2      1.00      0.00 55912072  326076   1.00      0.00      0.00      0.00       0  chrome
15:13:31     1000    853105    0.00    0.00    0.00    0.00    0.00    12      6.00      0.00 55067288   94272   0.29      0.00      0.00      0.00       0  chrome
15:13:31        0   1074653    0.00    2.00    0.00    0.00    2.00     2      0.00      0.00       0       0   0.00     -1.00     -1.00     -1.00       0  kworker/u64:3-i915
15:13:31     1000   1074666    0.00    0.00    0.00    0.00    0.00    14      3.00      0.00 1520369816  130064   0.40      0.00      0.00      0.00       0  code
15:13:31     1000   1074725    0.00    1.00    0.00    0.00    1.00    13     20.00      0.00  728676  183692   0.56      0.00     96.00      0.00       0  codex
15:13:31        0   1106397    0.00    1.00    0.00    0.00    1.00    13      0.00      0.00       0       0   0.00     -1.00     -1.00     -1.00       0  kworker/u65:2-i915_flip
15:13:31     1000   1109998    6.00    1.00    0.00    0.00    7.00    12    108.00      0.00 1518881008  358236   1.10      0.00      0.00      0.00       0  chrome
15:13:31     1000   1111013    3.00    1.00    0.00    0.00    4.00     0      0.00      0.00  899916   36144   0.11      0.00      0.00      0.00       0  real_go2_input_
15:13:31     1000   1111014   12.00    0.00    0.00    0.00   12.00    10      0.00      0.00  888000   77960   0.24      0.00      0.00      0.00       0  python3
15:13:31     1000   1111015   81.00    1.00    0.00    1.00   82.00     7      0.00      0.00 1146936  298920   0.92      0.00      0.00      0.00       0  scan_planner_no
15:13:31     1000   1111016   33.00    2.00    0.00    0.00   35.00    12   1533.00      0.00 4984124  130952   0.40      0.00      0.00      0.00       0  scan_mppi_contr
15:13:31     1000   1111017    2.00    0.00    0.00    0.00    2.00     8      0.00      0.00  750832   32456   0.10      0.00      0.00      0.00       0  cmd_vel_safety_
15:13:31     1000   1111018   10.00    1.00    0.00    0.00   11.00     5      0.00      0.00  884008   73356   0.23      0.00     96.00      0.00       0  telemetry_recor
15:13:31     1000   1111019    0.00    1.00    0.00    0.00    1.00     1      0.00      0.00  748988   30452   0.09      0.00      0.00      0.00       0  static_transfor
15:13:31     1000   1111155    0.00    0.00    0.00    0.00    0.00     4      0.00      0.00   12708    5944   0.02      0.00      8.00      0.00       0  pidstat
15:13:31     1000   1111156    1.00    1.00    0.00    0.00    2.00     8      0.00      0.00 1101624  113732   0.35   4736.00      0.00      0.00       0  ros2

# Time        UID       PID    %usr %system  %guest   %wait    %CPU   CPU  minflt/s  majflt/s     VSZ     RSS   %MEM   kB_rd/s   kB_wr/s kB_ccwr/s iodelay  Command
15:13:32     1000      2075    1.00    0.00    0.00    0.00    1.00    10      0.00      0.00  121224   17284   0.05      0.00      0.00      0.00       0  pipewire
15:13:32     1000      2324   19.00    3.00    0.00    0.00   22.00     0      6.00      0.00 5557176  382744   1.17      0.00      0.00      0.00       0  gnome-shell
15:13:32     1000      2622    4.00    2.00    0.00    0.00    6.00     8      0.00      0.00 5685392  231952   0.71      0.00      0.00      0.00       0  ToDesk
15:13:32      123      3242    1.00    1.00    0.00    0.00    2.00    13      3.00      0.00 2382192   76072   0.23     -1.00     -1.00     -1.00       0  nxserver.bin
15:13:32        0      3243    1.00    1.00    0.00    0.00    2.00     2      0.00      0.00 2778564   67840   0.21     -1.00     -1.00     -1.00       0  ToDesk_Service
15:13:32     1000     10268    0.00    0.00    0.00    0.00    0.00    14      2.00      0.00 33882424   63200   0.19      0.00      0.00      0.00       0  github-desktop
15:13:32     1000     32140    1.00    1.00    0.00    0.00    2.00     6      0.00      0.00 11729028  750888   2.30      0.00     28.00      0.00       0  com.alibabainc.
15:13:32     1000     45971    1.00    0.00    0.00    0.00    1.00     0      5.00      0.00 50049280  218908   0.67      0.00      0.00      0.00       0  com.alibabainc.
15:13:32     1000     52294    0.00    0.00    0.00    0.00    0.00     0      0.00      0.00 53387680  463884   1.42      0.00      0.00      0.00       0  com.alibabainc.
15:13:32        0    332726    0.00    0.00    0.00    0.00    0.00     6      1.00      0.00  361696  237316   0.73     -1.00     -1.00     -1.00       0  systemd-journal
15:13:32     1000    425666    0.00    0.00    0.00    0.00    0.00     3      1.00      0.00 50028472  261540   0.80      0.00      0.00      0.00       0  com.alibabainc.
15:13:32     1000    577014    0.00    0.00    0.00    0.00    0.00     2      5.00      0.00 1521087724  395316   1.21      0.00      0.00      0.00       0  code
15:13:32     1000    577067    0.00    0.00    0.00    0.00    0.00    10      3.00      0.00 50711564   88336   0.27      0.00      0.00      0.00       0  code
15:13:32     1000    577170    0.00    0.00    0.00    0.00    0.00     9     13.00      0.00 1520378324  115644   0.35      0.00      0.00      0.00       0  code
15:13:32     1000    577171    0.00    0.00    0.00    0.00    0.00     6     36.00      0.00 1520352992  124876   0.38      0.00      0.00      0.00       0  code
15:13:32     1000    577172    0.00    0.00    0.00    0.00    0.00     6      2.00      0.00 1520369816  113428   0.35      0.00      0.00      0.00       0  code
15:13:32     1000    577241    0.00    0.00    0.00    0.00    0.00    13      2.00      0.00  771828  181988   0.56      0.00      0.00      0.00       0  codex
15:13:32     1000    577320    0.00    0.00    0.00    0.00    0.00     3     12.00      0.00 1520354644  108552   0.33      0.00      0.00      0.00       0  code
15:13:32     1000    853053    1.00    0.00    0.00    0.00    1.00     2      0.00      0.00 55952472  495756   1.52      0.00      0.00      0.00       0  chrome
15:13:32     1000    853103    6.00    1.00    0.00    0.00    7.00    14     24.00      0.00 55912072  325944   1.00      0.00      0.00      0.00       0  chrome
15:13:32     1000    853105    0.00    0.00    0.00    0.00    0.00    10     18.00      0.00 55067288   94264   0.29      0.00      4.00      0.00       0  chrome
15:13:32     1000    853115    0.00    1.00    0.00    0.00    1.00     8      2.00      0.00 55302144   56896   0.17      0.00      0.00      0.00       0  chrome
15:13:32     1000    881251    0.00    0.00    0.00    0.00    0.00     2      0.00      0.00 72661500  495440   1.52      0.00      0.00      0.00       0  com.alibabainc.
15:13:32     1000    881951    0.00    0.00    0.00    0.00    0.00    14      1.00      0.00 55117148   61440   0.19      0.00      0.00      0.00       0  chrome
15:13:32     1000   1068542    0.00    0.00    0.00    0.00    0.00     8      3.00      0.00 1518803672  251676   0.77      0.00      0.00      0.00       0  chrome
15:13:32        0   1074653    0.00    2.00    0.00    0.00    2.00    14      0.00      0.00       0       0   0.00     -1.00     -1.00     -1.00       0  kworker/u64:3-i915
15:13:32     1000   1074666    0.00    0.00    0.00    0.00    0.00    14      3.00      0.00 1520369816  130064   0.40      0.00      0.00      0.00       0  code
15:13:32     1000   1074681    0.00    0.00    0.00    0.00    0.00     2     21.00      0.00 1520363292  296056   0.91      0.00      0.00      0.00       0  code
15:13:32     1000   1074725    0.00    0.00    0.00    0.00    0.00    13      1.00      0.00  728676  183692   0.56      0.00      0.00      0.00       0  codex
15:13:32     1000   1075226    0.00    0.00    0.00    0.00    0.00    15      1.00      0.00 1518709156  334808   1.03      0.00      0.00      0.00       0  code
15:13:32     1000   1109998    5.00    1.00    0.00    0.00    6.00     6     48.00      0.00 1518881008  358364   1.10      0.00      0.00      0.00       0  chrome
15:13:32     1000   1111002    0.00    0.00    0.00    0.00    0.00    10      0.00      0.00  204040   41576   0.13      0.00      4.00      0.00       0  ros2
15:13:32     1000   1111013    4.00    1.00    0.00    1.00    5.00     2      0.00      0.00  899916   36144   0.11      0.00      0.00      0.00       0  real_go2_input_
15:13:32     1000   1111014   13.00    1.00    0.00    0.00   14.00    10    103.00      0.00  888000   77976   0.24      0.00      0.00      0.00       0  python3
15:13:32     1000   1111015   84.00    0.00    0.00    0.00   84.00     7      0.00      0.00 1146936  298920   0.92      0.00      8.00      0.00       0  scan_planner_no
15:13:32     1000   1111016   34.00    1.00    0.00    0.00   35.00    15   3519.00      0.00 4972288  116548   0.36      0.00      0.00      0.00       0  scan_mppi_contr
15:13:32     1000   1111017    3.00    1.00    0.00    1.00    4.00     1      0.00      0.00  750832   32456   0.10      0.00      0.00      0.00       0  cmd_vel_safety_
15:13:32     1000   1111018   13.00    0.00    0.00    0.00   13.00    13      0.00      0.00  884008   73356   0.23      0.00     96.00      0.00       0  telemetry_recor
15:13:32     1000   1111155    0.00    1.00    0.00    0.00    1.00     8      0.00      0.00   12708    5944   0.02      0.00      4.00      0.00       0  pidstat
15:13:32     1000   1111156    2.00    1.00    0.00    0.00    3.00     2      0.00      0.00 1101624  113732   0.35   5376.00      0.00      0.00       0  ros2

# Time        UID       PID    %usr %system  %guest   %wait    %CPU   CPU  minflt/s  majflt/s     VSZ     RSS   %MEM   kB_rd/s   kB_wr/s kB_ccwr/s iodelay  Command
15:13:33        0        72    0.00    1.00    0.00    0.00    1.00    15      0.00      0.00       0       0   0.00     -1.00     -1.00     -1.00       0  migration/15
15:13:33        0       676    0.00    1.00    0.00    0.00    1.00     1      0.00      0.00       0       0   0.00     -1.00     -1.00     -1.00       0  irq/163-rtw89_pci
15:13:33     1000      2075    0.00    1.00    0.00    0.00    1.00    10      0.00      0.00  121224   17284   0.05      0.00      0.00      0.00       0  pipewire
15:13:33     1000      2081    1.00    0.00    0.00    0.00    1.00     6      0.00      0.00  160440   48336   0.15      0.00      0.00      0.00       0  pipewire-pulse
15:13:33     1000      2324   21.00    2.00    0.00    1.00   23.00     0      6.00      0.00 5556920  382744   1.17      0.00      0.00      0.00       0  gnome-shell
15:13:33     1000      2622    6.00    1.00    0.00    0.00    7.00     2      0.00      0.00 5685392  231952   0.71      0.00      0.00      0.00       0  ToDesk
15:13:33      123      3242    1.00    0.00    0.00    0.00    1.00    13      1.00      0.00 2382192   76072   0.23     -1.00     -1.00     -1.00       0  nxserver.bin
15:13:33        0      3243    1.00    2.00    0.00    0.00    3.00     2      1.00      0.00 2778564   67840   0.21     -1.00     -1.00     -1.00       0  ToDesk_Service
15:13:33     1000     32140    1.00    0.00    0.00    1.00    1.00     2      0.00      0.00 11729028  750888   2.30      0.00      0.00      0.00       0  com.alibabainc.
15:13:33     1000     45971    0.00    0.00    0.00    0.00    0.00     0      5.00      0.00 50049280  218908   0.67      0.00      0.00      0.00       0  com.alibabainc.
15:13:33        0    332726    0.00    0.00    0.00    0.00    0.00     6     33.00      0.00  361696  237316   0.73     -1.00     -1.00     -1.00       0  systemd-journal
15:13:33     1000    425666    0.00    0.00    0.00    0.00    0.00     3      1.00      0.00 50028472  261540   0.80      0.00      0.00      0.00       0  com.alibabainc.
15:13:33     1000    516139    0.00    1.00    0.00    0.00    1.00     8      0.00      0.00 5453760   36688   0.11      0.00      0.00      0.00       0  clash
15:13:33     1000    577063    1.00    0.00    0.00    0.00    1.00    10     18.00      0.00 51392512  245184   0.75      0.00      0.00      0.00       0  code
15:13:33     1000    577107    0.00    0.00    0.00    0.00    0.00     2     12.00      0.00 1520761120  593260   1.82      0.00      0.00      0.00       0  code
15:13:33     1000    577132    0.00    0.00    0.00    0.00    0.00     4     24.00      0.00 1520364784  385948   1.18      0.00      0.00      0.00       0  code
15:13:33     1000    577160    0.00    0.00    0.00    0.00    0.00     2      1.00      0.00 1518795316  679420   2.09      0.00      0.00      0.00       0  code
15:13:33     1000    577170    0.00    0.00    0.00    0.00    0.00     9      1.00      0.00 1520378324  115644   0.35      0.00      0.00      0.00       0  code
15:13:33     1000    577241    0.00    0.00    0.00    0.00    0.00    13      0.00      0.00  673380  181860   0.56      0.00      0.00      0.00       0  codex
15:13:33     1000    577320    0.00    0.00    0.00    0.00    0.00     3     14.00      0.00 1520354644  108552   0.33      0.00      0.00      0.00       0  code
15:13:33     1000    853053    1.00    1.00    0.00    0.00    2.00    12     53.00      0.00 55952472  495756   1.52      0.00      0.00      0.00       0  chrome
15:13:33     1000    853103    6.00    2.00    0.00    0.00    8.00     8     25.00      0.00 55911824  326072   1.00      0.00      0.00      0.00       0  chrome
15:13:33     1000    853105    0.00    1.00    0.00    0.00    1.00    10    144.00      0.00 55067288   94392   0.29      0.00    452.00      0.00       0  chrome
15:13:33     1000    880405    1.00    0.00    0.00    0.00    1.00     5      0.00      0.00 1518901172  356688   1.09      0.00      0.00      0.00       0  chrome
15:13:33     1000    888233    2.00    1.00    0.00    0.00    3.00     4      0.00      0.00 1754332  368608   1.13      0.00      0.00      0.00       0  gnome-system-mo
15:13:33        0    911675    0.00    1.00    0.00    0.00    1.00     9      0.00      0.00       0       0   0.00     -1.00     -1.00     -1.00       0  kworker/9:2-mm_percpu_wq
15:13:33     1000   1068542    0.00    0.00    0.00    0.00    0.00    10      1.00      0.00 1518803672  251676   0.77      0.00      0.00      0.00       0  chrome
15:13:33        0   1074653    0.00    1.00    0.00    0.00    1.00     3      0.00      0.00       0       0   0.00     -1.00     -1.00     -1.00       0  kworker/u64:3-i915
15:13:33     1000   1074725    0.00    0.00    0.00    0.00    0.00    13      1.00      0.00  728676  183692   0.56      0.00      0.00      0.00       0  codex
15:13:33     1000   1109998    8.00    2.00    0.00    0.00   10.00     2    469.00      0.00 1518881008  359748   1.10      0.00      0.00      0.00       0  chrome
15:13:33     1000   1111013    3.00    1.00    0.00    0.00    4.00    14      0.00      0.00  899916   36144   0.11      0.00      0.00      0.00       0  real_go2_input_
15:13:33     1000   1111014   15.00    0.00    0.00    0.00   15.00    13    103.00      0.00  888000   78020   0.24      0.00      0.00      0.00       0  python3
15:13:33     1000   1111015   86.00    0.00    0.00    0.00   86.00     7      0.00      0.00 1146936  298920   0.92      0.00      0.00      0.00       0  scan_planner_no
15:13:33     1000   1111016   42.00    3.00    0.00    1.00   45.00     2   7531.00      0.00 4976860  120456   0.37      0.00      0.00      0.00       0  scan_mppi_contr
15:13:33     1000   1111017    3.00    1.00    0.00    0.00    4.00     8      0.00      0.00  750832   32456   0.10      0.00      0.00      0.00       0  cmd_vel_safety_
15:13:33     1000   1111018   13.00    1.00    0.00    1.00   14.00    10      0.00      0.00  884008   73356   0.23      0.00    100.00      0.00       0  telemetry_recor
15:13:33     1000   1111155    0.00    1.00    0.00    0.00    1.00     4      0.00      0.00   12708    5944   0.02      0.00      8.00      0.00       0  pidstat
15:13:33     1000   1111156    2.00    1.00    0.00    0.00    3.00    10    127.00      0.00 1101624  114244   0.35   7424.00      0.00      0.00       0  ros2

# Time        UID       PID    %usr %system  %guest   %wait    %CPU   CPU  minflt/s  majflt/s     VSZ     RSS   %MEM   kB_rd/s   kB_wr/s kB_ccwr/s iodelay  Command
15:13:34     1000      2081    0.00    1.00    0.00    0.00    1.00     6      0.00      0.00  160440   48336   0.15      0.00      0.00      0.00       0  pipewire-pulse
15:13:34     1000      2324   19.00    2.00    0.00    0.00   21.00     2      6.00      0.00 5556920  382744   1.17      0.00      0.00      0.00       0  gnome-shell
15:13:34     1000      2622    5.00    2.00    0.00    0.00    7.00     8      0.00      0.00 5685392  231952   0.71      0.00      0.00      0.00       0  ToDesk
15:13:34        0      3243    1.00    1.00    0.00    0.00    2.00     2      0.00      0.00 2778564   67840   0.21     -1.00     -1.00     -1.00       0  ToDesk_Service
15:13:34     1000     10251    0.00    0.00    0.00    0.00    0.00     5      3.00      0.00 34566360  113132   0.35      0.00      0.00      0.00       0  github-desktop
15:13:34     1000     32140    1.00    1.00    0.00    0.00    2.00     3      0.00      0.00 11729028  750888   2.30      0.00      0.00      0.00       0  com.alibabainc.
15:13:34     1000     45971    0.00    0.00    0.00    0.00    0.00     0      6.00      0.00 50049280  218908   0.67      0.00      0.00      0.00       0  com.alibabainc.
15:13:34        0    332726    0.00    0.00    0.00    0.00    0.00     6      2.00      0.00  361696  237316   0.73     -1.00     -1.00     -1.00       0  systemd-journal
15:13:34     1000    425666    0.00    1.00    0.00    0.00    1.00     3      1.00      0.00 50028472  261540   0.80      0.00      0.00      0.00       0  com.alibabainc.
15:13:34     1000    425773    1.00    0.00    0.00    0.00    1.00    12      0.00      0.00 50014516  390636   1.20      0.00      0.00      0.00       0  com.alibabainc.
15:13:34     1000    577014    0.00    0.00    0.00    0.00    0.00     2     13.00      0.00 1521087724  395316   1.21      0.00      0.00      0.00       0  code
15:13:34     1000    577063    0.00    1.00    0.00    0.00    1.00    10      0.00      0.00 51392512  245184   0.75      0.00      0.00      0.00       0  code
15:13:34     1000    577170    0.00    1.00    0.00    0.00    1.00    10      0.00      0.00 1520378324  115644   0.35      0.00      0.00      0.00       0  code
15:13:34     1000    853053    2.00    0.00    0.00    0.00    2.00     4     16.00      0.00 55952472  495756   1.52      0.00      0.00      0.00       0  chrome
15:13:34     1000    853103    5.00    1.00    0.00    0.00    6.00     4     34.00      0.00 55911816  326200   1.00      0.00      0.00      0.00       0  chrome
15:13:34     1000    853105    0.00    0.00    0.00    0.00    0.00    10     17.00      0.00 55067288   94520   0.29      0.00      0.00      0.00       0  chrome
15:13:34     1000    856924    0.00    0.00    0.00    0.00    0.00    10    382.00      0.00 1518794828  255228   0.78      0.00      0.00      0.00       0  chrome
15:13:34     1000    880405    0.00    0.00    0.00    0.00    0.00    13      1.00      0.00 1518901172  356688   1.09      0.00      0.00      0.00       0  chrome
15:13:34     1000    881951    1.00    0.00    0.00    0.00    1.00    14      0.00      0.00 55117148   61440   0.19      0.00      0.00      0.00       0  chrome
15:13:34     1000    882233    0.00    0.00    0.00    0.00    0.00     0     24.00      0.00 1518829448  204052   0.63      0.00      0.00      0.00       0  chrome
15:13:34     1000    888233    0.00    0.00    0.00    0.00    0.00    10      0.00      0.00 1754332  368736   1.13      0.00      0.00      0.00       0  gnome-system-mo
15:13:34     1000    910028    2.00    0.00    0.00    0.00    2.00     5    803.00      0.00 1522797792  366864   1.13      0.00      0.00      0.00       0  chrome
15:13:34     1000    913217    0.00    0.00    0.00    0.00    0.00     8      2.00      0.00 72299740  382560   1.17      0.00      0.00      0.00       0  com.alibabainc.
15:13:34     1000   1068542    0.00    0.00    0.00    0.00    0.00    14      2.00      0.00 1518803672  251676   0.77      0.00      0.00      0.00       0  chrome
15:13:34        0   1074653    0.00    2.00    0.00    0.00    2.00     6      0.00      0.00       0       0   0.00     -1.00     -1.00     -1.00       0  kworker/u64:3-i915
15:13:34     1000   1074725    0.00    0.00    0.00    0.00    0.00    13      1.00      0.00  728676  183692   0.56      0.00      0.00      0.00       0  codex
15:13:34        0   1106397    0.00    1.00    0.00    0.00    1.00     4      0.00      0.00       0       0   0.00     -1.00     -1.00     -1.00       0  kworker/u65:2-i915_flip
15:13:34     1000   1109998    6.00    0.00    0.00    0.00    6.00     8    197.00      0.00 1518881008  360516   1.11      0.00      0.00      0.00       0  chrome
15:13:34     1000   1111013    3.00    1.00    0.00    0.00    4.00     8      0.00      0.00  899916   36144   0.11      0.00      0.00      0.00       0  real_go2_input_
15:13:34     1000   1111014   11.00    1.00    0.00    0.00   12.00     8      0.00      0.00  888000   78020   0.24      0.00      0.00      0.00       0  python3
15:13:34     1000   1111015   76.00    1.00    0.00    0.00   77.00     7      0.00      0.00 1146936  298920   0.92      0.00      0.00      0.00       0  scan_planner_no
15:13:34     1000   1111016   36.00    2.00    0.00    0.00   38.00     0   4978.00      0.00 4983816  140296   0.43      0.00      0.00      0.00       0  scan_mppi_contr
15:13:34     1000   1111017    2.00    0.00    0.00    0.00    2.00    14      0.00      0.00  750832   32456   0.10      0.00      0.00      0.00       0  cmd_vel_safety_
15:13:34     1000   1111018   12.00    1.00    0.00    0.00   13.00    12      0.00      0.00  884008   73356   0.23      0.00     96.00      0.00       0  telemetry_recor
15:13:34     1000   1111155    1.00    1.00    0.00    0.00    2.00    10      0.00      0.00   12708    5944   0.02      0.00      4.00      0.00       0  pidstat
15:13:34     1000   1111156    1.00    1.00    0.00    0.00    2.00     8    128.00      0.00 1101624  114756   0.35   5248.00      0.00      0.00       0  ros2

# Time        UID       PID    %usr %system  %guest   %wait    %CPU   CPU  minflt/s  majflt/s     VSZ     RSS   %MEM   kB_rd/s   kB_wr/s kB_ccwr/s iodelay  Command
15:13:35        0        15    0.00    1.00    0.00    0.00    1.00     2      0.00      0.00       0       0   0.00     -1.00     -1.00     -1.00       0  rcu_preempt
15:13:35        0       676    0.00    1.00    0.00    0.00    1.00     1      0.00      0.00       0       0   0.00     -1.00     -1.00     -1.00       0  irq/163-rtw89_pci
15:13:35     1000      2324   19.00    2.00    0.00    1.00   21.00     0      5.00      0.00 5556920  382744   1.17      0.00      0.00      0.00       0  gnome-shell
15:13:35     1000      2622    6.00    1.00    0.00    0.00    7.00    10      0.00      0.00 5685392  231952   0.71      0.00      0.00      0.00       0  ToDesk
15:13:35      123      3242    0.00    1.00    0.00    0.00    1.00    13      0.00      0.00 2382192   76072   0.23     -1.00     -1.00     -1.00       0  nxserver.bin
15:13:35        0      3243    0.00    2.00    0.00    0.00    2.00     4      0.00      0.00 2778564   67840   0.21     -1.00     -1.00     -1.00       0  ToDesk_Service
15:13:35     1000     10213    0.00    0.00    0.00    0.00    0.00     0      4.00      0.00 1212301312  153700   0.47      0.00      0.00      0.00       0  github-desktop
15:13:35     1000     10268    0.00    0.00    0.00    0.00    0.00    14      1.00      0.00 33882424   63200   0.19      0.00      0.00      0.00       0  github-desktop
15:13:35     1000     32140    1.00    0.00    0.00    0.00    1.00    15      0.00      0.00 11729028  750888   2.30      0.00      4.00      0.00       0  com.alibabainc.
15:13:35     1000     45971    0.00    0.00    0.00    0.00    0.00    10      3.00      0.00 50049280  218908   0.67      0.00      0.00      0.00       0  com.alibabainc.
15:13:35     1000    156386    1.00    0.00    0.00    0.00    1.00     8      0.00      0.00 1788224   49216   0.15      0.00      0.00      0.00       0  nxplayer.bin
15:13:35        0    332726    0.00    0.00    0.00    0.00    0.00    14      2.00      0.00  361696  237316   0.73     -1.00     -1.00     -1.00       0  systemd-journal
15:13:35     1000    425666    0.00    0.00    0.00    0.00    0.00     3      2.00      0.00 50028472  261540   0.80      0.00      0.00      0.00       0  com.alibabainc.
15:13:35     1000    577160    0.00    0.00    0.00    0.00    0.00     4      1.00      0.00 1518795316  679420   2.09      0.00      0.00      0.00       0  code
15:13:35     1000    853053    1.00    1.00    0.00    0.00    2.00     2      0.00      0.00 55948372  495756   1.52      0.00      0.00      0.00       0  chrome
15:13:35     1000    853103    6.00    1.00    0.00    0.00    7.00    12      2.00      0.00 55910152  326072   1.00      0.00      0.00      0.00       0  chrome
15:13:35     1000    853105    1.00    0.00    0.00    0.00    1.00    10    114.00      0.00 55067288   94524   0.29      0.00    440.00      0.00       0  chrome
15:13:35     1000    880405    0.00    0.00    0.00    0.00    0.00    13      1.00      0.00 1518901172  356688   1.09      0.00      0.00      0.00       0  chrome
15:13:35     1000    881951    0.00    1.00    0.00    0.00    1.00    15      0.00      0.00 55117148   61440   0.19      0.00      0.00      0.00       0  chrome
15:13:35     1000    888088   17.00    1.00    0.00    0.00   18.00     5    982.00      0.00 1520770004  259488   0.80      0.00      0.00      0.00       0  chrome
15:13:35     1000    888233    0.00    1.00    0.00    0.00    1.00    15      0.00      0.00 1754332  368736   1.13      0.00      0.00      0.00       0  gnome-system-mo
15:13:35        0   1049858    0.00    1.00    0.00    0.00    1.00    11      0.00      0.00       0       0   0.00     -1.00     -1.00     -1.00       0  kworker/u64:9-writeback
15:13:35     1000   1074681    0.00    1.00    0.00    0.00    1.00     2      7.00      0.00 1520363292  296056   0.91      0.00      0.00      0.00       0  code
15:13:35     1000   1109998    6.00    2.00    0.00    0.00    8.00     8    343.00      0.00 1518878768  360724   1.11      0.00      0.00      0.00       0  chrome
15:13:35     1000   1111013    3.00    1.00    0.00    0.00    4.00     1      2.00      0.00  900048   36144   0.11      0.00      0.00      0.00       0  real_go2_input_
15:13:35     1000   1111014   13.00    0.00    0.00    0.00   13.00     2    103.00      0.00  888000   78020   0.24      0.00      0.00      0.00       0  python3
15:13:35     1000   1111015   77.00    0.00    0.00    0.00   77.00     7      0.00      0.00 1146936  298920   0.92      0.00      0.00      0.00       0  scan_planner_no
15:13:35     1000   1111016   34.00    2.00    0.00    0.00   36.00     3   2473.00      0.00 4983816  134292   0.41      0.00      0.00      0.00       0  scan_mppi_contr
15:13:35     1000   1111017    3.00    1.00    0.00    0.00    4.00     5      0.00      0.00  750832   32456   0.10      0.00      0.00      0.00       0  cmd_vel_safety_
15:13:35     1000   1111018   11.00    1.00    0.00    0.00   12.00     8      0.00      0.00  884008   73356   0.23      0.00     96.00      0.00       0  telemetry_recor
15:13:35     1000   1111155    0.00    0.00    0.00    0.00    0.00    10      0.00      0.00   12708    5944   0.02      0.00      8.00      0.00       0  pidstat
15:13:35     1000   1111156    3.00    1.00    0.00    0.00    4.00    13      0.00      0.00 1101624  114756   0.35   4224.00      0.00      0.00       0  ros2

# Time        UID       PID    %usr %system  %guest   %wait    %CPU   CPU  minflt/s  majflt/s     VSZ     RSS   %MEM   kB_rd/s   kB_wr/s kB_ccwr/s iodelay  Command
15:13:36     1000      2324   20.00    3.00    0.00    1.00   23.00     4     10.00      0.00 5557184  382872   1.18      0.00      0.00      0.00       0  gnome-shell
15:13:36     1000      2622    5.00    2.00    0.00    0.00    7.00     0      0.00      0.00 5685392  231952   0.71      0.00      0.00      0.00       0  ToDesk
15:13:36        0      3243    1.00    1.00    0.00    0.00    2.00     1      0.00      0.00 2778564   67840   0.21     -1.00     -1.00     -1.00       0  ToDesk_Service
15:13:36     1000     10268    0.00    0.00    0.00    0.00    0.00    15      2.00      0.00 33882424   63200   0.19      0.00      0.00      0.00       0  github-desktop
15:13:36     1000     32140    1.00    1.00    0.00    0.00    2.00     1      0.00      0.00 11729028  750888   2.30      0.00      0.00      0.00       0  com.alibabainc.
15:13:36     1000     45971    0.00    0.00    0.00    0.00    0.00    15      7.00      0.00 50049280  218908   0.67      0.00      0.00      0.00       0  com.alibabainc.
15:13:36        0    332726    0.00    1.00    0.00    0.00    1.00     2      0.00      0.00  361696  237316   0.73     -1.00     -1.00     -1.00       0  systemd-journal
15:13:36     1000    425666    1.00    0.00    0.00    0.00    1.00     3      0.00      0.00 50028472  261540   0.80      0.00      0.00      0.00       0  com.alibabainc.
15:13:36     1000    425773    0.00    0.00    0.00    0.00    0.00    10      1.00      0.00 50014516  390636   1.20      0.00      0.00      0.00       0  com.alibabainc.
15:13:36     1000    577067    0.00    0.00    0.00    0.00    0.00    10      3.00      0.00 50711564   88336   0.27      0.00      0.00      0.00       0  code
15:13:36     1000    577170    1.00    0.00    0.00    0.00    1.00     8      6.00      0.00 1520378324  115644   0.35      0.00      0.00      0.00       0  code
15:13:36     1000    577171    0.00    0.00    0.00    0.00    0.00     6     36.00      0.00 1520352992  124876   0.38      0.00      0.00      0.00       0  code
15:13:36     1000    577172    0.00    0.00    0.00    0.00    0.00     6      3.00      0.00 1520369816  113428   0.35      0.00      0.00      0.00       0  code
15:13:36     1000    577241    0.00    0.00    0.00    0.00    0.00    13      1.00      0.00  673380  181860   0.56      0.00      0.00      0.00       0  codex
15:13:36     1000    577320    0.00    0.00    0.00    0.00    0.00     3     12.00      0.00 1520354644  108552   0.33      0.00      0.00      0.00       0  code
15:13:36     1000    853053    2.00    0.00    0.00    0.00    2.00    12      0.00      0.00 55948372  495756   1.52      0.00      0.00      0.00       0  chrome
15:13:36     1000    853103    6.00    2.00    0.00    0.00    8.00     4     55.00      0.00 55911752  325808   1.00      0.00      0.00      0.00       0  chrome
15:13:36     1000    853105    0.00    0.00    0.00    0.00    0.00    10     10.00      0.00 55067288   94384   0.29      0.00      0.00      0.00       0  chrome
15:13:36     1000    853115    0.00    0.00    0.00    0.00    0.00     0      2.00      0.00 55302144   56896   0.17      0.00      0.00      0.00       0  chrome
15:13:36     1000    880405    0.00    0.00    0.00    0.00    0.00     2      4.00      0.00 1518901172  356688   1.09      0.00      0.00      0.00       0  chrome
15:13:36     1000    881951    0.00    0.00    0.00    0.00    0.00     9      1.00      0.00 55117148   61440   0.19      0.00      0.00      0.00       0  chrome
15:13:36     1000    885261    0.00    0.00    0.00    0.00    0.00     0      5.00      0.00 1518767568  320600   0.98      0.00      0.00      0.00       0  code
15:13:36     1000    888233    1.00    1.00    0.00    0.00    2.00    11      0.00      0.00 1754332  368736   1.13      0.00      0.00      0.00       0  gnome-system-mo
15:13:36        0   1049858    0.00    2.00    0.00    0.00    2.00    13      0.00      0.00       0       0   0.00     -1.00     -1.00     -1.00       0  kworker/u64:9-events_unbound
15:13:36     1000   1074666    0.00    0.00    0.00    0.00    0.00     9      4.00      0.00 1520369816  130064   0.40      0.00      0.00      0.00       0  code
15:13:36     1000   1074681    0.00    0.00    0.00    0.00    0.00    10     37.00      0.00 1520363292  296056   0.91      0.00      0.00      0.00       0  code
15:13:36     1000   1075226    0.00    0.00    0.00    0.00    0.00    13      2.00      0.00 1518709156  334808   1.03      0.00      0.00      0.00       0  code
15:13:36     1000   1095170    0.00    1.00    0.00    0.00    1.00     4      0.00      0.00  883436   72384   0.22      0.00      0.00      0.00       0  python3
15:13:36     1000   1109998   20.00    1.00    0.00    0.00   21.00    14    549.00      0.00 1518880944  360516   1.11      0.00      0.00      0.00       0  chrome
15:13:36     1000   1111013    4.00    2.00    0.00    0.00    6.00     8      0.00      0.00  900048   36144   0.11      0.00      0.00      0.00       0  real_go2_input_
15:13:36     1000   1111014   15.00    0.00    0.00    0.00   15.00     2    103.00      0.00  888000   78096   0.24      0.00      0.00      0.00       0  python3
15:13:36     1000   1111015   79.00    0.00    0.00    0.00   79.00     7      0.00      0.00 1146936  298920   0.92      0.00      0.00      0.00       0  scan_planner_no
15:13:36     1000   1111016   40.00    2.00    0.00    0.00   42.00    13   2039.00      0.00 4983816  127840   0.39      0.00      0.00      0.00       0  scan_mppi_contr
15:13:36     1000   1111017    2.00    0.00    0.00    0.00    2.00    14      0.00      0.00  750832   32456   0.10      0.00      0.00      0.00       0  cmd_vel_safety_
15:13:36     1000   1111018   12.00    1.00    0.00    0.00   13.00     5      0.00      0.00  884008   73356   0.23      0.00     96.00      0.00       0  telemetry_recor
15:13:36     1000   1111155    1.00    1.00    0.00    0.00    2.00     5      0.00      0.00   12708    5944   0.02      0.00      4.00      0.00       0  pidstat
15:13:36     1000   1111156    2.00    1.00    0.00    0.00    3.00    13      0.00      0.00 1101624  114756   0.35   5248.00      0.00      0.00       0  ros2

# Time        UID       PID    %usr %system  %guest   %wait    %CPU   CPU  minflt/s  majflt/s     VSZ     RSS   %MEM   kB_rd/s   kB_wr/s kB_ccwr/s iodelay  Command
15:13:37     1000      2075    1.00    0.00    0.00    0.00    1.00    10      0.00      0.00  121224   17284   0.05      0.00      0.00      0.00       0  pipewire
15:13:37     1000      2324   19.00    3.00    0.00    0.00   22.00     2      6.00      0.00 5557184  382872   1.18      0.00      0.00      0.00       0  gnome-shell
15:13:37     1000      2622    6.00    1.00    0.00    1.00    7.00     9      0.00      0.00 5685392  231952   0.71      0.00      0.00      0.00       0  ToDesk
15:13:37        0      3243    1.00    1.00    0.00    0.00    2.00     1      0.00      0.00 2778564   67840   0.21     -1.00     -1.00     -1.00       0  ToDesk_Service
15:13:37     1000     32140    2.00    0.00    0.00    0.00    2.00     8      0.00      0.00 11729028  750888   2.30      0.00      4.00      0.00       0  com.alibabainc.
15:13:37     1000     45971    0.00    0.00    0.00    0.00    0.00    13      4.00      0.00 50049280  218908   0.67      0.00      0.00      0.00       0  com.alibabainc.
15:13:37        0    332726    1.00    0.00    0.00    0.00    1.00    10      1.00      0.00  361696  237316   0.73     -1.00     -1.00     -1.00       0  systemd-journal
15:13:37     1000    425666    0.00    0.00    0.00    0.00    0.00     3      1.00      0.00 50028472  261540   0.80      0.00      0.00      0.00       0  com.alibabainc.
15:13:37     1000    426077    1.00    0.00    0.00    0.00    1.00    10      1.00      0.00 50132492  528136   1.62      0.00      0.00      0.00       0  com.alibabainc.
15:13:37     1000    577014    0.00    0.00    0.00    0.00    0.00     6      5.00      0.00 1521087724  395316   1.21      0.00      0.00      0.00       0  code
15:13:37     1000    577063    0.00    0.00    0.00    0.00    0.00    10     18.00      0.00 51392512  245184   0.75      0.00      0.00      0.00       0  code
15:13:37     1000    577132    0.00    0.00    0.00    0.00    0.00    15     25.00      0.00 1520364784  385948   1.18      0.00      0.00      0.00       0  code
15:13:37     1000    577170    0.00    0.00    0.00    0.00    0.00     8     10.00      0.00 1520378324  115644   0.35      0.00      0.00      0.00       0  code
15:13:37     1000    853053    1.00    1.00    0.00    0.00    2.00     8     28.00      0.00 55948372  495756   1.52      0.00      0.00      0.00       0  chrome
15:13:37     1000    853103    6.00    1.00    0.00    0.00    7.00    10     33.00      0.00 55911704  325808   1.00      0.00      0.00      0.00       0  chrome
15:13:37     1000    853105    0.00    0.00    0.00    0.00    0.00    10     31.00      0.00 55069336   94640   0.29      0.00      0.00      0.00       0  chrome
15:13:37     1000    888233    1.00    0.00    0.00    0.00    1.00    11      0.00      0.00 1754332  368736   1.13      0.00      0.00      0.00       0  gnome-system-mo
15:13:37        0   1049858    0.00    1.00    0.00    0.00    1.00    10      0.00      0.00       0       0   0.00     -1.00     -1.00     -1.00       0  kworker/u64:9-events_power_efficient
15:13:37     1000   1074725    0.00    0.00    0.00    0.00    0.00    13      1.00      0.00  728676  183692   0.56      0.00      0.00      0.00       0  codex
15:13:37     1000   1075226    1.00    0.00    0.00    0.00    1.00    13      0.00      0.00 1518709156  334808   1.03      0.00      0.00      0.00       0  code
15:13:37        0   1097682    0.00    1.00    0.00    0.00    1.00    14      0.00      0.00       0       0   0.00     -1.00     -1.00     -1.00       0  kworker/u65:3-i915_flip
15:13:37     1000   1109998    6.00    1.00    0.00    0.00    7.00     3     11.00      0.00 1518882992  360516   1.11      0.00      0.00      0.00       0  chrome
15:13:37     1000   1111002    1.00    0.00    0.00    0.00    1.00     0      0.00      0.00  204040   41576   0.13      0.00      0.00      0.00       0  ros2
15:13:37     1000   1111013    3.00    0.00    0.00    0.00    3.00    14      0.00      0.00  900048   36144   0.11      0.00      0.00      0.00       0  real_go2_input_
15:13:37     1000   1111014   13.00    1.00    0.00    0.00   14.00    14      0.00      0.00  888000   78096   0.24      0.00      0.00      0.00       0  python3
15:13:37     1000   1111015   79.00    0.00    0.00    0.00   79.00     7      0.00      0.00 1146936  298920   0.92      0.00      0.00      0.00       0  scan_planner_no
15:13:37     1000   1111016   45.00    2.00    0.00    0.00   47.00    10    564.00      0.00 4984740  130016   0.40      0.00      0.00      0.00       0  scan_mppi_contr
15:13:37     1000   1111017    2.00    1.00    0.00    1.00    3.00     4      0.00      0.00  750832   32456   0.10      0.00      0.00      0.00       0  cmd_vel_safety_
15:13:37     1000   1111018   12.00    0.00    0.00    0.00   12.00     1      0.00      0.00  884008   73356   0.23      0.00     96.00      0.00       0  telemetry_recor
15:13:37     1000   1111155    0.00    0.00    0.00    0.00    0.00     5      0.00      0.00   12708    5944   0.02      0.00      8.00      0.00       0  pidstat
15:13:37     1000   1111156    2.00    1.00    0.00    0.00    3.00    13      0.00      0.00 1101624  114756   0.35   5248.00      0.00      0.00       0  ros2

# Time        UID       PID    %usr %system  %guest   %wait    %CPU   CPU  minflt/s  majflt/s     VSZ     RSS   %MEM   kB_rd/s   kB_wr/s kB_ccwr/s iodelay  Command
15:13:38        0       676    0.00    1.00    0.00    0.00    1.00     1      0.00      0.00       0       0   0.00     -1.00     -1.00     -1.00       0  irq/163-rtw89_pci
15:13:38     1000      2081    1.00    0.00    0.00    0.00    1.00     3      0.00      0.00  160440   48336   0.15      0.00      0.00      0.00       0  pipewire-pulse
15:13:38     1000      2324   20.00    2.00    0.00    0.00   22.00     1      6.00      0.00 5557184  382872   1.18      0.00      0.00      0.00       0  gnome-shell
15:13:38     1000      2622    4.00    2.00    0.00    0.00    6.00     6      0.00      0.00 5685392  231952   0.71      0.00      0.00      0.00       0  ToDesk
15:13:38        0      3243    0.00    2.00    0.00    0.00    2.00     1      0.00      0.00 2778564   67840   0.21     -1.00     -1.00     -1.00       0  ToDesk_Service
15:13:38     1000     10251    0.00    0.00    0.00    0.00    0.00     5      3.00      0.00 34566360  113132   0.35      0.00      0.00      0.00       0  github-desktop
15:13:38     1000     32140    1.00    0.00    0.00    0.00    1.00     9      0.00      0.00 11729028  750888   2.30      0.00      0.00      0.00       0  com.alibabainc.
15:13:38     1000     45971    1.00    0.00    0.00    0.00    1.00    14      5.00      0.00 50049280  218908   0.67      0.00      0.00      0.00       0  com.alibabainc.
15:13:38     1000    156386    0.00    1.00    0.00    0.00    1.00     8      0.00      0.00 1788224   49216   0.15      0.00      0.00      0.00       0  nxplayer.bin
15:13:38        0    332726    0.00    0.00    0.00    0.00    0.00    13      1.00      0.00  361696  237316   0.73     -1.00     -1.00     -1.00       0  systemd-journal
15:13:38     1000    425666    0.00    0.00    0.00    0.00    0.00    12      1.00      0.00 50028472  261540   0.80      0.00      0.00      0.00       0  com.alibabainc.
15:13:38     1000    577014    0.00    0.00    0.00    0.00    0.00     6     13.00      0.00 1521087724  395316   1.21      0.00      0.00      0.00       0  code
15:13:38     1000    577063    1.00    0.00    0.00    0.00    1.00    10      0.00      0.00 51392512  245184   0.75      0.00      0.00      0.00       0  code
15:13:38     1000    577107    0.00    0.00    0.00    0.00    0.00     1     11.00      0.00 1520761120  593388   1.82      0.00      0.00      0.00       0  code
15:13:38     1000    577160    0.00    0.00    0.00    0.00    0.00     4      1.00      0.00 1518795316  679420   2.09      0.00      0.00      0.00       0  code
15:13:38     1000    577170    0.00    0.00    0.00    0.00    0.00    14      1.00      0.00 1520378324  115644   0.35      0.00      0.00      0.00       0  code
15:13:38     1000    577320    0.00    0.00    0.00    0.00    0.00     3     13.00      0.00 1520354644  108552   0.33      0.00      0.00      0.00       0  code
15:13:38     1000    853053    1.00    1.00    0.00    0.00    2.00     2      0.00      0.00 55948372  495756   1.52      0.00      0.00      0.00       0  chrome
15:13:38     1000    853103    6.00    1.00    0.00    0.00    7.00    11     26.00      0.00 55912276  325808   1.00      0.00      0.00      0.00       0  chrome
15:13:38     1000    853105    0.00    0.00    0.00    0.00    0.00    10     92.00      0.00 55067288   94404   0.29      0.00    360.00      0.00       0  chrome
15:13:38     1000    880405    0.00    0.00    0.00    0.00    0.00    10      3.00      0.00 1518901172  356688   1.09      0.00      0.00      0.00       0  chrome
15:13:38     1000    881919    0.00    0.00    0.00    0.00    0.00     2      5.00      0.00 1518709688  114244   0.35      0.00      0.00      0.00       0  chrome
15:13:38        0   1068456    0.00    2.00    0.00    0.00    2.00     0      0.00      0.00       0       0   0.00     -1.00     -1.00     -1.00       0  kworker/u64:2-i915
15:13:38     1000   1068542    0.00    0.00    0.00    0.00    0.00     2      1.00      0.00 1518803672  251676   0.77      0.00      0.00      0.00       0  chrome
15:13:38        0   1108714    0.00    1.00    0.00    0.00    1.00    15      0.00      0.00       0       0   0.00     -1.00     -1.00     -1.00       0  kworker/15:1-i915-unordered
15:13:38     1000   1109998    6.00    2.00    0.00    0.00    8.00     2    211.00      0.00 1518880944  361288   1.11      0.00      0.00      0.00       0  chrome
15:13:38     1000   1111013    4.00    2.00    0.00    0.00    6.00    12      0.00      0.00  900048   36144   0.11      0.00      0.00      0.00       0  real_go2_input_
15:13:38     1000   1111014   12.00    0.00    0.00    0.00   12.00     8      0.00      0.00  888000   78096   0.24      0.00      0.00      0.00       0  python3
15:13:38     1000   1111015   79.00    1.00    0.00    0.00   80.00     7   1539.00      0.00 1144800  295448   0.91      0.00      0.00      0.00       0  scan_planner_no
15:13:38     1000   1111016   40.00    3.00    0.00    0.00   43.00     8    665.00      0.00 4984832  132832   0.41      0.00      0.00      0.00       0  scan_mppi_contr
15:13:38     1000   1111017    3.00    0.00    0.00    0.00    3.00    15      0.00      0.00  750832   32456   0.10      0.00      0.00      0.00       0  cmd_vel_safety_
15:13:38     1000   1111018   12.00    1.00    0.00    0.00   13.00    11      0.00      0.00  884008   73356   0.23      0.00     96.00      0.00       0  telemetry_recor
15:13:38     1000   1111155    0.00    1.00    0.00    0.00    1.00     5      0.00      0.00   12708    5944   0.02      0.00      4.00      0.00       0  pidstat
15:13:38     1000   1111156    2.00    0.00    0.00    0.00    2.00    13      0.00      0.00 1101624  114756   0.35   5248.00      0.00      0.00       0  ros2

# Time        UID       PID    %usr %system  %guest   %wait    %CPU   CPU  minflt/s  majflt/s     VSZ     RSS   %MEM   kB_rd/s   kB_wr/s kB_ccwr/s iodelay  Command
15:13:39        0        15    0.00    1.00    0.00    0.00    1.00     3      0.00      0.00       0       0   0.00     -1.00     -1.00     -1.00       0  rcu_preempt
15:13:39        0       676    0.00    1.00    0.00    0.00    1.00     1      0.00      0.00       0       0   0.00     -1.00     -1.00     -1.00       0  irq/163-rtw89_pci
15:13:39     1000      2324   20.00    3.00    0.00    1.00   23.00    11      6.00      0.00 5556928  382872   1.18      0.00      0.00      0.00       0  gnome-shell
15:13:39     1000      2622    6.00    1.00    0.00    0.00    7.00     2      0.00      0.00 5685392  231952   0.71      0.00      0.00      0.00       0  ToDesk
15:13:39        0      3243    1.00    2.00    0.00    0.00    3.00     2      0.00      0.00 2778564   67840   0.21     -1.00     -1.00     -1.00       0  ToDesk_Service
15:13:39     1000     10213    0.00    0.00    0.00    0.00    0.00     0      5.00      0.00 1212301312  153700   0.47      0.00      0.00      0.00       0  github-desktop
15:13:39     1000     32140    1.00    1.00    0.00    0.00    2.00    15      0.00      0.00 11729028  750888   2.30      0.00      0.00      0.00       0  com.alibabainc.
15:13:39     1000     45971    0.00    0.00    0.00    0.00    0.00    14      6.00      0.00 50049280  218908   0.67      0.00      0.00      0.00       0  com.alibabainc.
15:13:39        0    332726    0.00    0.00    0.00    0.00    0.00    13      1.00      0.00  361696  237316   0.73     -1.00     -1.00     -1.00       0  systemd-journal
15:13:39     1000    425666    0.00    0.00    0.00    0.00    0.00    15      2.00      0.00 50028472  261540   0.80      0.00      0.00      0.00       0  com.alibabainc.
15:13:39     1000    853053    1.00    1.00    0.00    0.00    2.00    12      1.00      0.00 55948372  495756   1.52      0.00      0.00      0.00       0  chrome
15:13:39     1000    853103    5.00    2.00    0.00    0.00    7.00    10     26.00      0.00 55911768  325936   1.00      0.00      0.00      0.00       0  chrome
15:13:39     1000    881951    1.00    1.00    0.00    0.00    2.00     9      0.00      0.00 55117148   61440   0.19      0.00      0.00      0.00       0  chrome
15:13:39     1000    888233    1.00    1.00    0.00    0.00    2.00     8      0.00      0.00 1754332  368736   1.13      0.00      0.00      0.00       0  gnome-system-mo
15:13:39        0   1068456    0.00    1.00    0.00    0.00    1.00    10      0.00      0.00       0       0   0.00     -1.00     -1.00     -1.00       0  kworker/u64:2-i915
15:13:39     1000   1068542    0.00    0.00    0.00    0.00    0.00     4      1.00      0.00 1518803672  251676   0.77      0.00      0.00      0.00       0  chrome
15:13:39     1000   1074681    0.00    0.00    0.00    0.00    0.00    10      2.00      0.00 1520363292  296056   0.91      0.00      4.00      0.00       0  code
15:13:39     1000   1074725    0.00    0.00    0.00    0.00    0.00    13      1.00      0.00  646636  183692   0.56      0.00      0.00      0.00       0  codex
15:13:39     1000   1076599    0.00    0.00    0.00    0.00    0.00     8      0.00      0.00 1450897440   19160   0.06      0.00      0.00      0.00       0  codex-code-mode
15:13:39        0   1097682    0.00    1.00    0.00    0.00    1.00    14      0.00      0.00       0       0   0.00     -1.00     -1.00     -1.00       0  kworker/u65:3-i915_flip
15:13:39     1000   1109998    7.00    0.00    0.00    0.00    7.00     3     42.00      0.00 1518880944  359484   1.10      0.00      8.00      0.00       0  chrome
15:13:39     1000   1111013    4.00    0.00    0.00    0.00    4.00    12      0.00      0.00  900048   36144   0.11      0.00      0.00      0.00       0  real_go2_input_
15:13:39     1000   1111014   12.00    1.00    0.00    0.00   13.00     4      0.00      0.00  888000   78096   0.24      0.00      0.00      0.00       0  python3
15:13:39     1000   1111015   83.00    1.00    0.00    0.00   84.00     7   1103.00      0.00 1149616  299800   0.92      0.00      0.00      0.00       0  scan_planner_no
15:13:39     1000   1111016   40.00    3.00    0.00    0.00   43.00    15   7180.00      0.00 4985048  146948   0.45      0.00      0.00      0.00       0  scan_mppi_contr
15:13:39     1000   1111017    3.00    1.00    0.00    0.00    4.00    13      0.00      0.00  750832   32456   0.10      0.00      0.00      0.00       0  cmd_vel_safety_
15:13:39     1000   1111018   12.00    1.00    0.00    0.00   13.00     9      0.00      0.00  884008   73356   0.23      0.00    100.00      0.00       0  telemetry_recor
15:13:39     1000   1111155    1.00    0.00    0.00    0.00    1.00     5      0.00      0.00   12708    5944   0.02      0.00      8.00      0.00       0  pidstat
15:13:39     1000   1111156    2.00    1.00    0.00    0.00    3.00    13      0.00      0.00 1101624  114756   0.35   4096.00      0.00      0.00       0  ros2

# Time        UID       PID    %usr %system  %guest   %wait    %CPU   CPU  minflt/s  majflt/s     VSZ     RSS   %MEM   kB_rd/s   kB_wr/s kB_ccwr/s iodelay  Command
15:13:40     1000      2075    0.00    1.00    0.00    0.00    1.00    10      0.00      0.00  121224   17284   0.05      0.00      0.00      0.00       0  pipewire
15:13:40     1000      2081    0.00    1.00    0.00    0.00    1.00     0      0.00      0.00  160440   48336   0.15      0.00      0.00      0.00       0  pipewire-pulse
15:13:40     1000      2324   20.00    2.00    0.00    0.00   22.00    13      9.00      0.00 5557192  382872   1.18      0.00      0.00      0.00       0  gnome-shell
15:13:40     1000      2622    5.00    2.00    0.00    0.00    7.00     2      0.00      0.00 5685392  231952   0.71      0.00      0.00      0.00       0  ToDesk
15:13:40        0      3243    0.00    2.00    0.00    0.00    2.00     2      0.00      0.00 2778564   67840   0.21     -1.00     -1.00     -1.00       0  ToDesk_Service
15:13:40     1000     10268    0.00    0.00    0.00    0.00    0.00    15      3.00      0.00 33882424   63200   0.19      0.00      0.00      0.00       0  github-desktop
15:13:40     1000     32140    1.00    0.00    0.00    0.00    1.00     4      0.00      0.00 11729028  750888   2.30      0.00      0.00      0.00       0  com.alibabainc.
15:13:40     1000     45971    0.00    0.00    0.00    0.00    0.00    11      3.00      0.00 50049280  218908   0.67      0.00      0.00      0.00       0  com.alibabainc.
15:13:40        0    332726    0.00    0.00    0.00    0.00    0.00     6      2.00      0.00  361696  237316   0.73     -1.00     -1.00     -1.00       0  systemd-journal
15:13:40     1000    577067    0.00    0.00    0.00    0.00    0.00    10      6.00      0.00 50711564   88336   0.27      0.00      8.00      0.00       0  code
15:13:40     1000    577170    0.00    0.00    0.00    0.00    0.00    14      6.00      0.00 1520378324  115644   0.35      0.00      0.00      0.00       0  code
15:13:40     1000    577171    0.00    0.00    0.00    0.00    0.00     6     36.00      0.00 1520352992  124876   0.38      0.00      0.00      0.00       0  code
15:13:40     1000    577172    0.00    0.00    0.00    0.00    0.00     6      3.00      0.00 1520369816  113428   0.35      0.00      0.00      0.00       0  code
15:13:40     1000    577241    0.00    0.00    0.00    0.00    0.00    13      1.00      0.00  673380  181860   0.56      0.00      0.00      0.00       0  codex
15:13:40     1000    577320    0.00    0.00    0.00    0.00    0.00     3     12.00      0.00 1520354644  108552   0.33      0.00      0.00      0.00       0  code
15:13:40     1000    853053    1.00    1.00    0.00    0.00    2.00     4      4.00      0.00 55948372  495756   1.52      0.00      0.00      0.00       0  chrome
15:13:40     1000    853103    6.00    2.00    0.00    0.00    8.00    10     51.00      0.00 55911824  325664   1.00      0.00      0.00      0.00       0  chrome
15:13:40     1000    853105    1.00    1.00    0.00    0.00    2.00    10    284.00      0.00 55067288   94736   0.29    120.00    480.00      0.00       0  chrome
15:13:40     1000    853115    0.00    0.00    0.00    0.00    0.00     4      2.00      0.00 55302144   56896   0.17      0.00      0.00      0.00       0  chrome
15:13:40     1000    880405    0.00    0.00    0.00    0.00    0.00     0      1.00      0.00 1518901172  350160   1.07      0.00      0.00      0.00       0  chrome
15:13:40     1000    881951    0.00    0.00    0.00    0.00    0.00    11      1.00      0.00 55117148   61440   0.19      0.00      0.00      0.00       0  chrome
15:13:40        0   1068456    0.00    1.00    0.00    0.00    1.00     2      0.00      0.00       0       0   0.00     -1.00     -1.00     -1.00       0  kworker/u64:2-events_power_efficient
15:13:40     1000   1074666    0.00    0.00    0.00    0.00    0.00     9      4.00      0.00 1520369816  130064   0.40      0.00      0.00      0.00       0  code
15:13:40     1000   1074681    0.00    0.00    0.00    0.00    0.00    10     24.00      0.00 1520363292  295912   0.91      0.00      0.00      0.00       0  code
15:13:40     1000   1109998    7.00    2.00    0.00    0.00    9.00     3    493.00      0.00 1518880944  361404   1.11      0.00      0.00      0.00       0  chrome
15:13:40     1000   1111002    0.00    0.00    0.00    0.00    0.00     0      1.00      0.00  204040   41576   0.13      0.00      0.00      0.00       0  ros2
15:13:40     1000   1111013    3.00    2.00    0.00    0.00    5.00     8      0.00      0.00  900048   36144   0.11      0.00      0.00      0.00       0  real_go2_input_
15:13:40     1000   1111014   11.00    0.00    0.00    0.00   11.00    12      0.00      0.00  888000   78096   0.24      0.00      0.00      0.00       0  python3
15:13:40     1000   1111015   89.00    0.00    0.00    0.00   89.00     7      3.00      0.00 1149616  299800   0.92      0.00      0.00      0.00       0  scan_planner_no
15:13:40     1000   1111016   54.00    3.00    0.00    0.00   57.00    10   5285.00      0.00 4972596  119608   0.37      0.00      0.00      0.00       0  scan_mppi_contr
15:13:40     1000   1111017    3.00    0.00    0.00    0.00    3.00    14      0.00      0.00  750832   32456   0.10      0.00      0.00      0.00       0  cmd_vel_safety_
15:13:40     1000   1111018   13.00    1.00    0.00    0.00   14.00     0      0.00      0.00  884008   73356   0.23      0.00     96.00      0.00       0  telemetry_recor
15:13:40     1000   1111155    0.00    1.00    0.00    0.00    1.00     5      0.00      0.00   12708    5944   0.02      0.00      4.00      0.00       0  pidstat
15:13:40     1000   1111156    2.00    1.00    0.00    0.00    3.00    14      0.00      0.00 1101624  114756   0.35   5248.00      0.00      0.00       0  ros2

# Time        UID       PID    %usr %system  %guest   %wait    %CPU   CPU  minflt/s  majflt/s     VSZ     RSS   %MEM   kB_rd/s   kB_wr/s kB_ccwr/s iodelay  Command
15:13:41        0         1    0.00    0.00    0.00    0.00    0.00    12     11.00      0.00   23564   14152   0.04     -1.00     -1.00     -1.00       0  systemd
15:13:41        0       676    0.00    1.00    0.00    0.00    1.00     1      0.00      0.00       0       0   0.00     -1.00     -1.00     -1.00       0  irq/163-rtw89_pci
15:13:41      987      1079    0.00    0.00    0.00    0.00    0.00    14      2.00      0.00  393536   16000   0.05     -1.00     -1.00     -1.00       0  polkitd
15:13:41        0      1141    1.00    0.00    0.00    0.00    1.00     5      0.00      0.00  625260   21556   0.07     -1.00     -1.00     -1.00       0  NetworkManager
15:13:41        0      1142    0.00    1.00    0.00    0.00    1.00     8      0.00      0.00   18372   11308   0.03     -1.00     -1.00     -1.00       0  wpa_supplicant
15:13:41     1000      2075    1.00    0.00    0.00    0.00    1.00    10      0.00      0.00  121224   17284   0.05      0.00      0.00      0.00       0  pipewire
15:13:41     1000      2324   23.00    2.00    0.00    0.00   25.00    13     21.00      0.00 5557204  383000   1.18      0.00      0.00      0.00       0  gnome-shell
15:13:41     1000      2622    5.00    2.00    0.00    0.00    7.00     0      0.00      0.00 5685392  231952   0.71      0.00      0.00      0.00       0  ToDesk
15:13:41        0      3243    0.00    1.00    0.00    0.00    1.00     6      0.00      0.00 2778564   67840   0.21     -1.00     -1.00     -1.00       0  ToDesk_Service
15:13:41     1000     32140    1.00    1.00    0.00    0.00    2.00    14      0.00      0.00 11729028  750888   2.30      0.00      0.00      0.00       0  com.alibabainc.
15:13:41     1000     45971    0.00    1.00    0.00    0.00    1.00    11     44.00      0.00 50049280  219036   0.67      0.00      0.00      0.00       0  com.alibabainc.
15:13:41        0    332726    0.00    0.00    0.00    0.00    0.00    14      1.00      0.00  361696  237316   0.73     -1.00     -1.00     -1.00       0  systemd-journal
15:13:41     1000    425666    0.00    0.00    0.00    0.00    0.00    13      2.00      0.00 50028472  261540   0.80      0.00      0.00      0.00       0  com.alibabainc.
15:13:41     1000    577063    0.00    0.00    0.00    0.00    0.00    10     18.00      0.00 51392512  245184   0.75      0.00      0.00      0.00       0  code
15:13:41     1000    577132    0.00    0.00    0.00    0.00    0.00     8     25.00      0.00 1520364784  385948   1.18      0.00      0.00      0.00       0  code
15:13:41     1000    577160    0.00    0.00    0.00    0.00    0.00    10      1.00      0.00 1518795316  679420   2.09      0.00      0.00      0.00       0  code
15:13:41     1000    577170    0.00    0.00    0.00    0.00    0.00    13      1.00      0.00 1520378324  115644   0.35      0.00      0.00      0.00       0  code
15:13:41     1000    853053    3.00    0.00    0.00    0.00    3.00    15     32.00      0.00 55948372  495756   1.52      0.00    140.00      0.00       0  chrome
15:13:41     1000    853103    7.00    2.00    0.00    0.00    9.00    13     26.00      0.00 55912304  325664   1.00      0.00      0.00      0.00       0  chrome
15:13:41     1000    853105    0.00    0.00    0.00    0.00    0.00    10     11.00      0.00 55067288   94736   0.29      0.00      8.00      0.00       0  chrome
15:13:41        0   1049858    0.00    1.00    0.00    0.00    1.00     8      0.00      0.00       0       0   0.00     -1.00     -1.00     -1.00       0  kworker/u64:9-writeback
15:13:41        0   1074653    0.00    2.00    0.00    0.00    2.00     0      0.00      0.00       0       0   0.00     -1.00     -1.00     -1.00       0  kworker/u64:3-i915
15:13:41     1000   1074725    0.00    0.00    0.00    0.00    0.00    13     12.00      0.00  646636  183692   0.56      0.00     60.00      0.00       0  codex
15:13:41        0   1097682    0.00    1.00    0.00    0.00    1.00     2      0.00      0.00       0       0   0.00     -1.00     -1.00     -1.00       0  kworker/u65:3-i915_flip
15:13:41     1000   1109998   11.00    1.00    0.00    0.00   12.00    10    359.00      0.00 1518880944  362172   1.11      0.00      0.00      0.00       0  chrome
15:13:41     1000   1111013    3.00    1.00    0.00    0.00    4.00     8      0.00      0.00  900048   36144   0.11      0.00      0.00      0.00       0  real_go2_input_
15:13:41     1000   1111014   12.00    0.00    0.00    1.00   12.00     6      0.00      0.00  888000   78096   0.24      0.00      0.00      0.00       0  python3
15:13:41     1000   1111015   85.00    0.00    0.00    0.00   85.00     6     10.00      0.00 1149616  299800   0.92      0.00      0.00      0.00       0  scan_planner_no
15:13:41     1000   1111016   44.00    3.00    0.00    0.00   47.00    15   9758.00      0.00 4993536  131836   0.40      0.00      0.00      0.00       0  scan_mppi_contr
15:13:41     1000   1111017    2.00    1.00    0.00    0.00    3.00     3      0.00      0.00  750832   32456   0.10      0.00      0.00      0.00       0  cmd_vel_safety_
15:13:41     1000   1111018   12.00    0.00    0.00    0.00   12.00     8      0.00      0.00  884008   73356   0.23      0.00     96.00      0.00       0  telemetry_recor
15:13:41     1000   1111155    1.00    0.00    0.00    0.00    1.00     5      0.00      0.00   12708    5944   0.02      0.00      4.00      0.00       0  pidstat
15:13:41     1000   1111156    2.00    1.00    0.00    0.00    3.00    14      0.00      0.00 1101624  114756   0.35   2176.00      0.00      0.00       0  ros2

# Time        UID       PID    %usr %system  %guest   %wait    %CPU   CPU  minflt/s  majflt/s     VSZ     RSS   %MEM   kB_rd/s   kB_wr/s kB_ccwr/s iodelay  Command
15:13:42        0        36    0.00    1.00    0.00    0.00    1.00     6      0.00      0.00       0       0   0.00     -1.00     -1.00     -1.00       0  migration/6
15:13:42        0       676    0.00    2.00    0.00    0.00    2.00     1      0.00      0.00       0       0   0.00     -1.00     -1.00     -1.00       0  irq/163-rtw89_pci
15:13:42        0      1071    1.00    0.00    0.00    0.00    1.00     8      0.00      0.00   15268    7648   0.02     -1.00     -1.00     -1.00       0  bluetoothd
15:13:42        0      1370    0.00    1.00    0.00    0.00    1.00    13      0.00      0.00 2606064   21460   0.07     -1.00     -1.00     -1.00       0  containerd
15:13:42     1000      2324   26.00    5.00    0.00    0.00   31.00     4     85.00      0.00 5557268  383128   1.18      0.00      0.00      0.00       0  gnome-shell
15:13:42     1000      2622    6.00    1.00    0.00    0.00    7.00     4      0.00      0.00 5685392  231952   0.71      0.00      0.00      0.00       0  ToDesk
15:13:42        0      3243    1.00    2.00    0.00    0.00    3.00     8      0.00      0.00 2778564   67840   0.21     -1.00     -1.00     -1.00       0  ToDesk_Service
15:13:42     1000     10251    1.00    0.00    0.00    0.00    1.00     1      3.00      0.00 34566360  113132   0.35      0.00      0.00      0.00       0  github-desktop
15:13:42     1000     32140    1.00    0.00    0.00    0.00    1.00    12      0.00      0.00 11729028  750888   2.30      0.00      0.00      0.00       0  com.alibabainc.
15:13:42     1000     45971    0.00    0.00    0.00    0.00    0.00    11      4.00      0.00 50049280  219036   0.67      0.00      0.00      0.00       0  com.alibabainc.
15:13:42        0    332726    0.00    0.00    0.00    0.00    0.00    14      2.00      0.00  361696  237316   0.73     -1.00     -1.00     -1.00       0  systemd-journal
15:13:42     1000    425666    0.00    0.00    0.00    0.00    0.00     8      1.00      0.00 50028472  261540   0.80      0.00      0.00      0.00       0  com.alibabainc.
15:13:42     1000    425773    0.00    0.00    0.00    0.00    0.00     0      1.00      0.00 50014516  390636   1.20      0.00      0.00      0.00       0  com.alibabainc.
15:13:42     1000    516139    1.00    0.00    0.00    0.00    1.00     8      0.00      0.00 5453760   36688   0.11      0.00      0.00      0.00       0  clash
15:13:42     1000    577014    2.00    0.00    0.00    0.00    2.00     8     19.00      0.00 1521087724  395316   1.21      0.00      0.00      0.00       0  code
15:13:42     1000    577063    4.00    1.00    0.00    0.00    5.00     2     52.00      0.00 51391360  245312   0.75      0.00      0.00      0.00       0  code
15:13:42     1000    577132    2.00    1.00    0.00    0.00    3.00     5   1217.00      0.00 1520364784  389192   1.19      0.00      0.00      0.00       0  code
15:13:42     1000    577160    2.00    1.00    0.00    0.00    3.00    13    135.00      0.00 1518795316  679420   2.09      0.00      0.00      0.00       0  code
15:13:42     1000    577170    0.00    0.00    0.00    0.00    0.00    15      8.00      0.00 1520378324  115644   0.35      0.00      0.00      0.00       0  code
15:13:42     1000    577241    0.00    0.00    0.00    0.00    0.00    13      1.00      0.00  673380  181860   0.56      0.00      0.00      0.00       0  codex
15:13:42     1000    853053    5.00    1.00    0.00    0.00    6.00     1    393.00      1.00 55951508  497164   1.53     48.00    172.00      0.00       0  chrome
15:13:42     1000    853103   12.00    4.00    0.00    1.00   16.00    15    428.00      0.00 55922380  327948   1.01      0.00      0.00      0.00       0  chrome
15:13:42     1000    853105    0.00    0.00    0.00    0.00    0.00    10     87.00      0.00 55067288   94992   0.29      0.00     28.00      0.00       0  chrome
15:13:42     1000    881919    0.00    0.00    0.00    0.00    0.00    14      1.00      0.00 1518709688  114244   0.35      0.00      0.00      0.00       0  chrome
15:13:42     1000    885261    0.00    0.00    0.00    0.00    0.00    10      9.00      0.00 1518767568  320600   0.98      0.00      0.00      0.00       0  code
15:13:42     1000    888233    3.00    2.00    0.00    0.00    5.00     3     21.00      0.00 1755032  368736   1.13      0.00      0.00      0.00       0  gnome-system-mo
15:13:42        0    940783    0.00    1.00    0.00    0.00    1.00    14      0.00      0.00       0       0   0.00     -1.00     -1.00     -1.00       0  kworker/14:1-events
15:13:42        0    947706    0.00    1.00    0.00    0.00    1.00     3      0.00      0.00       0       0   0.00     -1.00     -1.00     -1.00       0  kworker/3:0-mm_percpu_wq
15:13:42        0   1068456    0.00    1.00    0.00    0.00    1.00     5      0.00      0.00       0       0   0.00     -1.00     -1.00     -1.00       0  kworker/u64:2-i915
15:13:42        0   1074653    0.00    1.00    0.00    1.00    1.00    14      0.00      0.00       0       0   0.00     -1.00     -1.00     -1.00       0  kworker/u64:3-i915
15:13:42     1000   1074681    0.00    0.00    0.00    0.00    0.00    10     11.00      0.00 1520363292  295912   0.91      0.00      0.00      0.00       0  code
15:13:42     1000   1075226    2.00    1.00    0.00    0.00    3.00     1    157.00      0.00 1518709156  334516   1.03      0.00      0.00      0.00       0  code
15:13:42        0   1106397    0.00    1.00    0.00    0.00    1.00     6      0.00      0.00       0       0   0.00     -1.00     -1.00     -1.00       0  kworker/u65:2+i915_flip
15:13:42     1000   1109998   45.00    3.00    0.00    0.00   48.00    12   4182.00      0.00 1518881400  369332   1.13      0.00      0.00      0.00       0  chrome
15:13:42     1000   1111002    0.00    0.00    0.00    0.00    0.00    11      0.00      0.00  204040   41576   0.13      0.00      4.00      0.00       0  ros2
15:13:42     1000   1111013    4.00    1.00    0.00    0.00    5.00    15      1.00      0.00  900052   36144   0.11      0.00      0.00      0.00       0  real_go2_input_
15:13:42     1000   1111014   14.00    1.00    0.00    0.00   15.00     0      0.00      0.00  888000   78096   0.24      0.00      0.00      0.00       0  python3
15:13:42     1000   1111015   93.00    0.00    0.00    0.00   93.00     7      2.00      0.00 1149620  299800   0.92      0.00      0.00      0.00       0  scan_planner_no
15:13:42     1000   1111016   47.00    4.00    0.00    0.00   51.00    14   8977.00      0.00 4981072  128380   0.39      0.00      4.00      0.00       0  scan_mppi_contr
15:13:42     1000   1111017    3.00    1.00    0.00    0.00    4.00     9      0.00      0.00  750832   32456   0.10      0.00      0.00      0.00       0  cmd_vel_safety_
15:13:42     1000   1111018   15.00    1.00    0.00    0.00   16.00     8      0.00      0.00  884008   73356   0.23      0.00     96.00      0.00       0  telemetry_recor
15:13:42     1000   1111155    0.00    1.00    0.00    0.00    1.00     5      0.00      0.00   12708    5944   0.02      0.00      8.00      0.00       0  pidstat
15:13:42     1000   1111156    2.00    1.00    0.00    0.00    3.00    13      1.00      0.00 1101624  114756   0.35      0.00      0.00      0.00       0  ros2

# Time        UID       PID    %usr %system  %guest   %wait    %CPU   CPU  minflt/s  majflt/s     VSZ     RSS   %MEM   kB_rd/s   kB_wr/s kB_ccwr/s iodelay  Command
15:13:43        0        15    0.00    1.00    0.00    0.00    1.00     8      0.00      0.00       0       0   0.00     -1.00     -1.00     -1.00       0  rcu_preempt
15:13:43        0       676    0.00    3.00    0.00    0.00    3.00     1      0.00      0.00       0       0   0.00     -1.00     -1.00     -1.00       0  irq/163-rtw89_pci
15:13:43     1000      2081    0.00    1.00    0.00    0.00    1.00    15      0.00      0.00  160440   48336   0.15      0.00      0.00      0.00       0  pipewire-pulse
15:13:43     1000      2324   20.00    4.00    0.00    0.00   24.00    10      0.00      0.00 5557156  383128   1.18      0.00      0.00      0.00       0  gnome-shell
15:13:43     1000      2622    5.00    1.00    0.00    0.00    6.00     8      0.00      0.00 5685392  231952   0.71      0.00      0.00      0.00       0  ToDesk
15:13:43        0      3243    1.00    1.00    0.00    0.00    2.00     6      0.00      0.00 2778564   67840   0.21     -1.00     -1.00     -1.00       0  ToDesk_Service
15:13:43     1000     10213    0.00    0.00    0.00    0.00    0.00     0      5.00      0.00 1212301312  153700   0.47      0.00      0.00      0.00       0  github-desktop
15:13:43     1000     32140    1.00    1.00    0.00    0.00    2.00     1      0.00      0.00 11729028  750888   2.30      0.00      0.00      0.00       0  com.alibabainc.
15:13:43     1000     45971    1.00    0.00    0.00    0.00    1.00     0      4.00      0.00 50049280  219164   0.67      0.00      0.00      0.00       0  com.alibabainc.
15:13:43        0    332726    0.00    0.00    0.00    0.00    0.00     6      1.00      0.00  361696  237316   0.73     -1.00     -1.00     -1.00       0  systemd-journal
15:13:43     1000    425666    0.00    0.00    0.00    0.00    0.00     8      1.00      0.00 50028472  261540   0.80      0.00      0.00      0.00       0  com.alibabainc.
15:13:43     1000    425773    0.00    0.00    0.00    0.00    0.00     0      1.00      0.00 50014516  390636   1.20      0.00      0.00      0.00       0  com.alibabainc.
15:13:43     1000    577014    1.00    1.00    0.00    0.00    2.00     0      1.00      0.00 1521087724  395316   1.21      0.00      0.00      0.00       0  code
15:13:43     1000    577063    6.00    1.00    0.00    0.00    7.00     1      0.00      0.00 51391296  245312   0.75      0.00      0.00      0.00       0  code
15:13:43     1000    577107    0.00    0.00    0.00    0.00    0.00     1     11.00      0.00 1520761120  593388   1.82      0.00      0.00      0.00       0  code
15:13:43     1000    577160    1.00    0.00    0.00    0.00    1.00     9      1.00      0.00 1518795316  679420   2.09      0.00      0.00      0.00       0  code
15:13:43     1000    577170    0.00    0.00    0.00    0.00    0.00    14     62.00      0.00 1520378324  115772   0.36      0.00      0.00      0.00       0  code
15:13:43     1000    577320    0.00    0.00    0.00    0.00    0.00     3     13.00      0.00 1520354644  108552   0.33      0.00      0.00      0.00       0  code
15:13:43     1000    578115    0.00    0.00    0.00    0.00    0.00    12      1.00      0.00 1518311084   83848   0.26      0.00      0.00      0.00       0  code
15:13:43     1000    853053    2.00    1.00    0.00    0.00    3.00     3     24.00      0.00 55951508  497292   1.53      0.00      0.00      0.00       0  chrome
15:13:43     1000    853103    6.00    1.00    0.00    0.00    7.00     1     29.00      0.00 55918796  328076   1.01      0.00      0.00      0.00       0  chrome
15:13:43     1000    853105    1.00    1.00    0.00    0.00    2.00    10    120.00      0.00 55067288   95176   0.29      0.00    452.00      0.00       0  chrome
15:13:43     1000    853115    0.00    0.00    0.00    0.00    0.00     4      1.00      0.00 55302144   56896   0.17      0.00      0.00      0.00       0  chrome
15:13:43     1000    881951    0.00    1.00    0.00    0.00    1.00    15      0.00      0.00 55117148   61440   0.19      0.00      0.00      0.00       0  chrome
15:13:43     1000    888233    1.00    0.00    0.00    0.00    1.00    12      0.00      0.00 1755032  368736   1.13      0.00      0.00      0.00       0  gnome-system-mo
15:13:43     1000   1068542    0.00    0.00    0.00    0.00    0.00     2      1.00      0.00 1518803672  251676   0.77      0.00      0.00      0.00       0  chrome
15:13:43        0   1074653    0.00    2.00    0.00    0.00    2.00     8      0.00      0.00       0       0   0.00     -1.00     -1.00     -1.00       0  kworker/u64:3-events_unbound
15:13:43     1000   1075226    1.00    0.00    0.00    0.00    1.00    15      7.00      0.00 1518709156  334516   1.03      0.00      0.00      0.00       0  code
15:13:43     1000   1109998    7.00    1.00    0.00    0.00    8.00     0    455.00      0.00 1518881400  367760   1.13      0.00      0.00      0.00       0  chrome
15:13:43     1000   1111013    4.00    1.00    0.00    0.00    5.00     8      0.00      0.00  900052   36144   0.11      0.00      0.00      0.00       0  real_go2_input_
15:13:43     1000   1111014   13.00    0.00    0.00    0.00   13.00     7      0.00      0.00  888000   78096   0.24      0.00      0.00      0.00       0  python3
15:13:43     1000   1111015   90.00    1.00    0.00    0.00   91.00     3      0.00      0.00 1149620  299800   0.92      0.00      0.00      0.00       0  scan_planner_no
15:13:43     1000   1111016   44.00    1.00    0.00    0.00   45.00    12   2802.00      0.00 4981072  120632   0.37      0.00      0.00      0.00       0  scan_mppi_contr
15:13:43     1000   1111017    3.00    0.00    0.00    1.00    3.00     1      0.00      0.00  750832   32456   0.10      0.00      0.00      0.00       0  cmd_vel_safety_
15:13:43     1000   1111018   14.00    1.00    0.00    0.00   15.00     8      0.00      0.00  884008   73356   0.23      0.00     96.00      0.00       0  telemetry_recor
15:13:43     1000   1111155    1.00    0.00    0.00    0.00    1.00     5      0.00      0.00   12708    5944   0.02      0.00      4.00      0.00       0  pidstat
15:13:43     1000   1111156    2.00    1.00    0.00    0.00    3.00    12      0.00      0.00 1101624  114756   0.35      0.00      0.00      0.00       0  ros2

# Time        UID       PID    %usr %system  %guest   %wait    %CPU   CPU  minflt/s  majflt/s     VSZ     RSS   %MEM   kB_rd/s   kB_wr/s kB_ccwr/s iodelay  Command
15:13:44        0       676    0.00    1.00    0.00    0.00    1.00     1      0.00      0.00       0       0   0.00     -1.00     -1.00     -1.00       0  irq/163-rtw89_pci
15:13:44     1000      2075    0.00    1.00    0.00    0.00    1.00    10      0.00      0.00  121224   17284   0.05      0.00      0.00      0.00       0  pipewire
15:13:44     1000      2324   20.00    3.00    0.00    0.00   23.00     6      0.00      0.00 5557156  383128   1.18      0.00      0.00      0.00       0  gnome-shell
15:13:44     1000      2622    5.00    1.00    0.00    0.00    6.00    10      0.00      0.00 5685392  231952   0.71      0.00      0.00      0.00       0  ToDesk
15:13:44        0      3243    0.00    2.00    0.00    0.00    2.00    12      0.00      0.00 2778564   67840   0.21     -1.00     -1.00     -1.00       0  ToDesk_Service
15:13:44     1000     10268    0.00    0.00    0.00    0.00    0.00    15      3.00      0.00 33882424   63200   0.19      0.00      0.00      0.00       0  github-desktop
15:13:44     1000     32140    1.00    0.00    0.00    1.00    1.00    14      0.00      0.00 11729028  750888   2.30      0.00      8.00      0.00       0  com.alibabainc.
15:13:44     1000     45971    0.00    0.00    0.00    0.00    0.00     0      5.00      0.00 50049280  219164   0.67      0.00      0.00      0.00       0  com.alibabainc.
15:13:44     1000    156386    1.00    0.00    0.00    0.00    1.00    13      0.00      0.00 1788224   49216   0.15      0.00      0.00      0.00       0  nxplayer.bin
15:13:44        0    332726    0.00    0.00    0.00    0.00    0.00    14      1.00      0.00  361696  237316   0.73     -1.00     -1.00     -1.00       0  systemd-journal
15:13:44     1000    425666    0.00    0.00    0.00    0.00    0.00     2      1.00      0.00 50028472  261540   0.80      0.00      0.00      0.00       0  com.alibabainc.
15:13:44     1000    577014    1.00    1.00    0.00    0.00    2.00     8      0.00      0.00 1521087724  395316   1.21      0.00      0.00      0.00       0  code
15:13:44     1000    577063    6.00    1.00    0.00    0.00    7.00     6      1.00      0.00 51391360  245312   0.75      0.00      0.00      0.00       0  code
15:13:44     1000    577067    0.00    0.00    0.00    0.00    0.00     8      3.00      0.00 50711564   88336   0.27      0.00      0.00      0.00       0  code
15:13:44     1000    577160    1.00    1.00    0.00    0.00    2.00     2      0.00      0.00 1518795316  679420   2.09      0.00      0.00      0.00       0  code
15:13:44     1000    577170    0.00    0.00    0.00    0.00    0.00     8     20.00      0.00 1520378324  115772   0.36      0.00      0.00      0.00       0  code
15:13:44     1000    577171    0.00    0.00    0.00    0.00    0.00     6     36.00      0.00 1520352992  124876   0.38      0.00      0.00      0.00       0  code
15:13:44     1000    577172    0.00    0.00    0.00    0.00    0.00    14      3.00      0.00 1520369816  113428   0.35      0.00      0.00      0.00       0  code
15:13:44     1000    577320    0.00    0.00    0.00    0.00    0.00     3     12.00      0.00 1520354644  108552   0.33      0.00      0.00      0.00       0  code
15:13:44     1000    853053    1.00    1.00    0.00    0.00    2.00    10      2.00      0.00 55947348  496912   1.53      0.00     12.00      0.00       0  chrome
15:13:44     1000    853103    7.00    2.00    0.00    0.00    9.00     8     69.00      0.00 55914684  327464   1.01      0.00      0.00      0.00       0  chrome
15:13:44     1000    853105    0.00    0.00    0.00    0.00    0.00    10      2.00      0.00 55067288   94248   0.29      0.00      0.00      0.00       0  chrome
15:13:44     1000    853115    0.00    0.00    0.00    0.00    0.00     4      2.00      0.00 55302144   56896   0.17      0.00      0.00      0.00       0  chrome
15:13:44     1000    881951    1.00    0.00    0.00    0.00    1.00    14      1.00      0.00 55117148   61440   0.19      0.00      0.00      0.00       0  chrome
15:13:44        0   1074653    0.00    1.00    0.00    0.00    1.00    14      0.00      0.00       0       0   0.00     -1.00     -1.00     -1.00       0  kworker/u64:3-events_unbound
15:13:44     1000   1074666    0.00    0.00    0.00    0.00    0.00     9      4.00      0.00 1520369816  130064   0.40      0.00      0.00      0.00       0  code
15:13:44     1000   1074681    0.00    0.00    0.00    0.00    0.00    10     22.00      0.00 1520363292  295912   0.91      0.00      0.00      0.00       0  code
15:13:44     1000   1075226    2.00    1.00    0.00    0.00    3.00     1      6.00      0.00 1518709156  334516   1.03      0.00      0.00      0.00       0  code
15:13:44        0   1106397    0.00    1.00    0.00    0.00    1.00    15      0.00      0.00       0       0   0.00     -1.00     -1.00     -1.00       0  kworker/u65:2-i915_flip
15:13:44     1000   1109998    6.00    2.00    0.00    0.00    8.00    11    133.00      0.00 1518881400  367472   1.13      0.00      0.00      0.00       0  chrome
15:13:44     1000   1111013    3.00    1.00    0.00    1.00    4.00     6      0.00      0.00  900052   36144   0.11      0.00      0.00      0.00       0  real_go2_input_
15:13:44     1000   1111014   12.00    0.00    0.00    0.00   12.00     1      0.00      0.00  888000   78096   0.24      0.00      0.00      0.00       0  python3
15:13:44     1000   1111015   88.00    0.00    0.00    0.00   88.00    10      0.00      0.00 1149620  299800   0.92      0.00      0.00      0.00       0  scan_planner_no
15:13:44     1000   1111016   47.00    4.00    0.00    0.00   51.00     6  10338.00      0.00 4989444  133780   0.41      0.00      0.00      0.00       0  scan_mppi_contr
15:13:44     1000   1111017    2.00    1.00    0.00    0.00    3.00    13      0.00      0.00  750832   32456   0.10      0.00      0.00      0.00       0  cmd_vel_safety_
15:13:44     1000   1111018   12.00    1.00    0.00    1.00   13.00     7      0.00      0.00  884008   73356   0.23      0.00     96.00      0.00       0  telemetry_recor
15:13:44     1000   1111155    0.00    1.00    0.00    0.00    1.00     5      0.00      0.00   12708    5944   0.02      0.00      8.00      0.00       0  pidstat
15:13:44     1000   1111156    3.00    1.00    0.00    0.00    4.00    12      0.00      0.00 1101624  114756   0.35      0.00      0.00      0.00       0  ros2

# Time        UID       PID    %usr %system  %guest   %wait    %CPU   CPU  minflt/s  majflt/s     VSZ     RSS   %MEM   kB_rd/s   kB_wr/s kB_ccwr/s iodelay  Command
15:13:45        0       676    0.00    2.00    0.00    0.00    2.00     1      0.00      0.00       0       0   0.00     -1.00     -1.00     -1.00       0  irq/163-rtw89_pci
15:13:45     1000      2081    1.00    0.00    0.00    0.00    1.00     4      0.00      0.00  160440   48336   0.15      0.00      0.00      0.00       0  pipewire-pulse
15:13:45     1000      2324   21.00    3.00    0.00    1.00   24.00    11      3.00      0.00 5557164  383128   1.18      0.00      0.00      0.00       0  gnome-shell
15:13:45     1000      2622    5.00    2.00    0.00    0.00    7.00     2      0.00      0.00 5685392  231952   0.71      0.00      0.00      0.00       0  ToDesk
15:13:45        0      3243    0.00    2.00    0.00    0.00    2.00    12      0.00      0.00 2778564   67840   0.21     -1.00     -1.00     -1.00       0  ToDesk_Service
15:13:45     1000     32140    1.00    1.00    0.00    0.00    2.00     2      0.00      0.00 11729028  750888   2.30      0.00      0.00      0.00       0  com.alibabainc.
15:13:45     1000     45971    0.00    0.00    0.00    0.00    0.00     0      5.00      0.00 50049280  219292   0.67      0.00      0.00      0.00       0  com.alibabainc.
15:13:45        0    332726    0.00    0.00    0.00    0.00    0.00    12      1.00      0.00  361696  237316   0.73     -1.00     -1.00     -1.00       0  systemd-journal
15:13:45     1000    425773    1.00    0.00    0.00    0.00    1.00     2      0.00      0.00 50014516  390636   1.20      0.00      0.00      0.00       0  com.alibabainc.
15:13:45     1000    577014    1.00    1.00    0.00    0.00    2.00     8     22.00      0.00 1521087724  395444   1.21      0.00      0.00      0.00       0  code
15:13:45     1000    577063    5.00    1.00    0.00    0.00    6.00     0     58.00      0.00 51391424  245180   0.75      0.00      0.00      0.00       0  code
15:13:45     1000    577132    0.00    0.00    0.00    0.00    0.00     5     18.00      0.00 1520364784  389044   1.19      0.00      0.00      0.00       0  code
15:13:45     1000    577160    1.00    0.00    0.00    0.00    1.00    15      1.00      0.00 1518795316  679420   2.09      0.00      0.00      0.00       0  code
15:13:45     1000    853053    2.00    1.00    0.00    0.00    3.00    12     22.00      0.00 55947348  496220   1.52      0.00      0.00      0.00       0  chrome
15:13:45     1000    853103    5.00    2.00    0.00    0.00    7.00     4     76.00      0.00 55914148  327464   1.01      0.00      0.00      0.00       0  chrome
15:13:45     1000    853105    0.00    0.00    0.00    0.00    0.00    10    188.00      0.00 55067288   94368   0.29      0.00    508.00      0.00       0  chrome
15:13:45     1000    880405    0.00    1.00    0.00    0.00    1.00    14   1020.00      0.00 1518901172  354128   1.09      0.00      0.00      0.00       0  chrome
15:13:45     1000    888233    2.00    1.00    0.00    0.00    3.00     5      0.00      0.00 1754152  368736   1.13      0.00      0.00      0.00       0  gnome-system-mo
15:13:45        0   1074653    0.00    1.00    0.00    0.00    1.00     0      0.00      0.00       0       0   0.00     -1.00     -1.00     -1.00       0  kworker/u64:3-i915
15:13:45     1000   1074666    0.00    0.00    0.00    0.00    0.00     9      1.00      0.00 1520369816  130064   0.40      0.00      0.00      0.00       0  code
15:13:45     1000   1074725    0.00    0.00    0.00    0.00    0.00    13      1.00      0.00  646636  183692   0.56      0.00      0.00      0.00       0  codex
15:13:45     1000   1075226    2.00    0.00    0.00    0.00    2.00     6      5.00      0.00 1518709156  334516   1.03      0.00      0.00      0.00       0  code
15:13:45     1000   1109998   10.00    1.00    0.00    0.00   11.00     9    739.00      0.00 1518881400  367996   1.13      0.00      0.00      0.00       0  chrome
15:13:45     1000   1111002    1.00    0.00    0.00    0.00    1.00     0      0.00      0.00  204040   41576   0.13      0.00      4.00      0.00       0  ros2
15:13:45     1000   1111013    4.00    1.00    0.00    0.00    5.00     9      0.00      0.00  900052   36144   0.11      0.00      0.00      0.00       0  real_go2_input_
15:13:45     1000   1111014   13.00    1.00    0.00    0.00   14.00    11      0.00      0.00  888000   78096   0.24      0.00      0.00      0.00       0  python3
15:13:45     1000   1111015   88.00    1.00    0.00    1.00   89.00     7      0.00      0.00 1149620  299800   0.92      0.00      0.00      0.00       0  scan_planner_no
15:13:45     1000   1111016   36.00    2.00    0.00    0.00   38.00    12   4924.00      0.00 4976956  132672   0.41      0.00      0.00      0.00       0  scan_mppi_contr
15:13:45     1000   1111017    3.00    1.00    0.00    0.00    4.00    12      0.00      0.00  750832   32456   0.10      0.00      0.00      0.00       0  cmd_vel_safety_
15:13:45     1000   1111018   13.00    1.00    0.00    0.00   14.00     8      0.00      0.00  884008   73356   0.23      0.00     92.00      0.00       0  telemetry_recor
15:13:45     1000   1111155    0.00    0.00    0.00    0.00    0.00     5      0.00      0.00   12708    5944   0.02      0.00      8.00      0.00       0  pidstat
15:13:45     1000   1111156    2.00    0.00    0.00    0.00    2.00    12      0.00      0.00 1101624  114756   0.35      0.00      0.00      0.00       0  ros2

# Time        UID       PID    %usr %system  %guest   %wait    %CPU   CPU  minflt/s  majflt/s     VSZ     RSS   %MEM   kB_rd/s   kB_wr/s kB_ccwr/s iodelay  Command
15:13:46        0       676    0.00    1.00    0.00    0.00    1.00     1      0.00      0.00       0       0   0.00     -1.00     -1.00     -1.00       0  irq/163-rtw89_pci
15:13:46      101      1072    1.00    0.00    0.00    0.00    1.00    14      0.00      0.00   12504    6632   0.02     -1.00     -1.00     -1.00       0  dbus-daemon
15:13:46     1000      2324   21.00    3.00    0.00    0.00   24.00    13     19.00      0.00 5557164  383128   1.18      0.00      0.00      0.00       0  gnome-shell
15:13:46     1000      2622    6.00    1.00    0.00    0.00    7.00     5      0.00      0.00 5685392  231952   0.71      0.00      0.00      0.00       0  ToDesk
15:13:46        0      3243    1.00    2.00    0.00    0.00    3.00    12      1.00      0.00 2778564   67840   0.21     -1.00     -1.00     -1.00       0  ToDesk_Service
15:13:46     1000     10213    0.00    0.00    0.00    0.00    0.00     0      3.00      0.00 1212301312  153700   0.47      0.00      0.00      0.00       0  github-desktop
15:13:46     1000     10251    0.00    0.00    0.00    0.00    0.00     1      3.00      0.00 34566360  113132   0.35      0.00      0.00      0.00       0  github-desktop
15:13:46     1000     32140    1.00    0.00    0.00    0.00    1.00     8      0.00      0.00 11729028  750888   2.30      0.00      0.00      0.00       0  com.alibabainc.
15:13:46     1000     45971    0.00    0.00    0.00    0.00    0.00     0      5.00      0.00 50049280  219292   0.67      0.00      0.00      0.00       0  com.alibabainc.
15:13:46        0    332726    0.00    0.00    0.00    0.00    0.00    10      2.00      0.00  361696  237316   0.73     -1.00     -1.00     -1.00       0  systemd-journal
15:13:46     1000    425666    0.00    0.00    0.00    0.00    0.00     3      1.00      0.00 50028472  261540   0.80      0.00      0.00      0.00       0  com.alibabainc.
15:13:46     1000    425773    0.00    0.00    0.00    0.00    0.00     6      1.00      0.00 50014516  390636   1.20      0.00      0.00      0.00       0  com.alibabainc.
15:13:46     1000    426077    1.00    0.00    0.00    0.00    1.00     0      0.00      0.00 50132492  528136   1.62      0.00      0.00      0.00       0  com.alibabainc.
15:13:46     1000    577014    2.00    0.00    0.00    0.00    2.00     6     16.00      0.00 1521087724  395148   1.21      0.00      0.00      0.00       0  code
15:13:46     1000    577063    6.00    1.00    0.00    0.00    7.00     2      0.00      0.00 51391424  245180   0.75      0.00      0.00      0.00       0  code
15:13:46     1000    577132    0.00    0.00    0.00    0.00    0.00     5      3.00      0.00 1520364784  389172   1.19      0.00      0.00      0.00       0  code
15:13:46     1000    577160    2.00    0.00    0.00    0.00    2.00    13    146.00      0.00 1518795316  679548   2.09      0.00      0.00      0.00       0  code
15:13:46     1000    577170    0.00    0.00    0.00    0.00    0.00    10      4.00      0.00 1520378324  115772   0.36      0.00      0.00      0.00       0  code
15:13:46     1000    577171    0.00    0.00    0.00    0.00    0.00     6      2.00      0.00 1520352992  125004   0.38      0.00      0.00      0.00       0  code
15:13:46     1000    577172    0.00    0.00    0.00    0.00    0.00     6      3.00      0.00 1520369816  113428   0.35      0.00      0.00      0.00       0  code
15:13:46     1000    577241    1.00    0.00    0.00    0.00    1.00    13     28.00      0.00  659820  181124   0.56      0.00      0.00      0.00       0  codex
15:13:46     1000    577320    0.00    0.00    0.00    0.00    0.00     3      3.00      0.00 1520354644  108552   0.33      0.00      0.00      0.00       0  code
15:13:46     1000    853053    1.00    0.00    0.00    0.00    1.00    10      0.00      0.00 55947348  496220   1.52      0.00      0.00      0.00       0  chrome
15:13:46     1000    853103    7.00    0.00    0.00    0.00    7.00     6      2.00      0.00 55914724  327464   1.01      0.00      0.00      0.00       0  chrome
15:13:46        0   1074653    0.00    1.00    0.00    0.00    1.00    12      0.00      0.00       0       0   0.00     -1.00     -1.00     -1.00       0  kworker/u64:3-i915
15:13:46     1000   1074666    0.00    0.00    0.00    0.00    0.00     9      3.00      0.00 1520369816  130064   0.40      0.00      0.00      0.00       0  code
15:13:46     1000   1074681    0.00    0.00    0.00    0.00    0.00     2      3.00      0.00 1520363292  295912   0.91      0.00      0.00      0.00       0  code
15:13:46     1000   1075226    1.00    1.00    0.00    0.00    2.00    11    106.00      0.00 1518709156  334516   1.03      0.00      0.00      0.00       0  code
15:13:46        0   1106397    0.00    1.00    0.00    0.00    1.00     9      0.00      0.00       0       0   0.00     -1.00     -1.00     -1.00       0  kworker/u65:2-i915_flip
15:13:46        0   1108714    0.00    1.00    0.00    0.00    1.00    15      0.00      0.00       0       0   0.00     -1.00     -1.00     -1.00       0  kworker/15:1-i915-unordered
15:13:46     1000   1109998    7.00    1.00    0.00    0.00    8.00     9    168.00      0.00 1518881400  367840   1.13      0.00      0.00      0.00       0  chrome
15:13:46     1000   1111013    3.00    1.00    0.00    0.00    4.00    10      0.00      0.00  900052   36144   0.11      0.00      0.00      0.00       0  real_go2_input_
15:13:46     1000   1111014   11.00    0.00    0.00    0.00   11.00     5      0.00      0.00  888000   78096   0.24      0.00      0.00      0.00       0  python3
15:13:46     1000   1111015   81.00    0.00    0.00    0.00   81.00     1      0.00      0.00 1149620  299800   0.92      0.00      0.00      0.00       0  scan_planner_no
15:13:46     1000   1111016   39.00    3.00    0.00    0.00   42.00     9   1752.00      0.00 4976956  127472   0.39      0.00      0.00      0.00       0  scan_mppi_contr
15:13:46     1000   1111017    3.00    0.00    0.00    1.00    3.00     4      0.00      0.00  750832   32456   0.10      0.00      0.00      0.00       0  cmd_vel_safety_
15:13:46     1000   1111018   12.00    1.00    0.00    0.00   13.00     6      0.00      0.00  884008   73356   0.23      0.00     96.00      0.00       0  telemetry_recor
15:13:46     1000   1111155    1.00    1.00    0.00    0.00    2.00     5      0.00      0.00   12708    5944   0.02      0.00      4.00      0.00       0  pidstat
15:13:46     1000   1111156    1.00    2.00    0.00    0.00    3.00    13      0.00      0.00 1101624  114756   0.35      0.00      0.00      0.00       0  ros2

# Time        UID       PID    %usr %system  %guest   %wait    %CPU   CPU  minflt/s  majflt/s     VSZ     RSS   %MEM   kB_rd/s   kB_wr/s kB_ccwr/s iodelay  Command
15:13:47     1000      2324   19.00    3.00    0.00    0.00   22.00    10      0.00      0.00 5557156  383128   1.18      0.00      0.00      0.00       0  gnome-shell
15:13:47     1000      2622    5.00    1.00    0.00    0.00    6.00    10      0.00      0.00 5685392  231952   0.71      0.00      0.00      0.00       0  ToDesk
15:13:47        0      3243    0.00    1.00    0.00    0.00    1.00    12      0.00      0.00 2778564   67840   0.21     -1.00     -1.00     -1.00       0  ToDesk_Service
15:13:47     1000     10213    0.00    0.00    0.00    0.00    0.00     1      4.00      0.00 1212301312  153700   0.47      0.00      0.00      0.00       0  github-desktop
15:13:47     1000     32140    2.00    1.00    0.00    0.00    3.00    12      0.00      0.00 11729028  750888   2.30      0.00      0.00      0.00       0  com.alibabainc.
15:13:47     1000     45971    0.00    0.00    0.00    0.00    0.00     2      4.00      0.00 50049280  219292   0.67      0.00      0.00      0.00       0  com.alibabainc.
15:13:47        0    332726    0.00    0.00    0.00    0.00    0.00    12      2.00      0.00  361696  237316   0.73     -1.00     -1.00     -1.00       0  systemd-journal
15:13:47     1000    425666    1.00    0.00    0.00    0.00    1.00     3      1.00      0.00 50028472  261540   0.80      0.00      0.00      0.00       0  com.alibabainc.
15:13:47     1000    577014    1.00    1.00    0.00    0.00    2.00     8      6.00      0.00 1521087724  395148   1.21      0.00      4.00      0.00       0  code
15:13:47     1000    577063    5.00    2.00    0.00    0.00    7.00     9      1.00      0.00 51391936  245180   0.75      0.00      0.00      0.00       0  code
15:13:47     1000    577132    1.00    0.00    0.00    0.00    1.00     8      0.00      0.00 1520364784  389172   1.19      0.00      0.00      0.00       0  code
15:13:47     1000    577160    1.00    1.00    0.00    0.00    2.00    11      1.00      0.00 1518795316  679548   2.09      0.00      0.00      0.00       0  code
15:13:47     1000    577170    0.00    1.00    0.00    0.00    1.00    13      7.00      0.00 1520378324  115772   0.36      0.00      0.00      0.00       0  code
15:13:47     1000    853053    2.00    1.00    0.00    0.00    3.00    13      1.00      0.00 55947348  496220   1.52      0.00    128.00      0.00       0  chrome
15:13:47     1000    853103    6.00    2.00    0.00    0.00    8.00    10     23.00      0.00 55913948  327592   1.01      0.00      0.00      0.00       0  chrome
15:13:47     1000    881951    1.00    0.00    0.00    0.00    1.00    15      0.00      0.00 55117148   61440   0.19      0.00      0.00      0.00       0  chrome
15:13:47     1000    888233    0.00    1.00    0.00    0.00    1.00     0      0.00      0.00 1754152  368736   1.13      0.00      0.00      0.00       0  gnome-system-mo
15:13:47        0   1074653    0.00    1.00    0.00    0.00    1.00    15      0.00      0.00       0       0   0.00     -1.00     -1.00     -1.00       0  kworker/u64:3-i915
15:13:47     1000   1075226    2.00    0.00    0.00    0.00    2.00     0      5.00      0.00 1518709156  334516   1.03      0.00      0.00      0.00       0  code
15:13:47     1000   1109998    8.00    2.00    0.00    0.00   10.00     0    326.00      0.00 1518881400  366568   1.13      0.00     12.00      0.00       0  chrome
15:13:47     1000   1111013    4.00    1.00    0.00    0.00    5.00    10      0.00      0.00  900052   36144   0.11      0.00      0.00      0.00       0  real_go2_input_
15:13:47     1000   1111014   11.00    1.00    0.00    0.00   12.00     6      1.00      0.00  888000   78244   0.24      0.00      0.00      0.00       0  python3
15:13:47     1000   1111015   83.00    0.00    0.00    0.00   83.00    10      0.00      0.00 1149620  299800   0.92      0.00      4.00      0.00       0  scan_planner_no
15:13:47     1000   1111016   39.00    1.00    0.00    0.00   40.00    11   3042.00      0.00 4976956  125380   0.38      0.00      0.00      0.00       0  scan_mppi_contr
15:13:47     1000   1111017    3.00    1.00    0.00    0.00    4.00    12      1.00      0.00  750832   32456   0.10      0.00      0.00      0.00       0  cmd_vel_safety_
15:13:47     1000   1111018   12.00    1.00    0.00    0.00   13.00     7      1.00      0.00  884008   73484   0.23      0.00     96.00      0.00       0  telemetry_recor
15:13:47     1000   1111155    0.00    1.00    0.00    0.00    1.00     5      0.00      0.00   12708    5944   0.02      0.00      8.00      0.00       0  pidstat
15:13:47     1000   1111156    2.00    1.00    0.00    0.00    3.00    12      0.00      0.00 1101624  114756   0.35      0.00      0.00      0.00       0  ros2

# Time        UID       PID    %usr %system  %guest   %wait    %CPU   CPU  minflt/s  majflt/s     VSZ     RSS   %MEM   kB_rd/s   kB_wr/s kB_ccwr/s iodelay  Command
15:13:48        0        15    0.00    1.00    0.00    0.00    1.00     4      0.00      0.00       0       0   0.00     -1.00     -1.00     -1.00       0  rcu_preempt
15:13:48        0      1370    1.00    0.00    0.00    0.00    1.00    13      0.00      0.00 2606064   21460   0.07     -1.00     -1.00     -1.00       0  containerd
15:13:48     1000      2081    0.00    1.00    0.00    0.00    1.00    15      0.00      0.00  160440   48336   0.15      0.00      0.00      0.00       0  pipewire-pulse
15:13:48     1000      2324   21.00    2.00    0.00    0.00   23.00     5      1.00      0.00 5557220  383128   1.18      0.00      0.00      0.00       0  gnome-shell
15:13:48     1000      2622    6.00    2.00    0.00    0.00    8.00     6      0.00      0.00 5685392  231952   0.71      0.00      0.00      0.00       0  ToDesk
15:13:48        0      3243    1.00    2.00    0.00    0.00    3.00     0      0.00      0.00 2778564   67840   0.21     -1.00     -1.00     -1.00       0  ToDesk_Service
15:13:48     1000     10268    0.00    0.00    0.00    0.00    0.00    15      3.00      0.00 33882424   63200   0.19      0.00      0.00      0.00       0  github-desktop
15:13:48     1000     32140    1.00    0.00    0.00    0.00    1.00     8      0.00      0.00 11729028  750888   2.30      0.00      0.00      0.00       0  com.alibabainc.
15:13:48     1000     45971    0.00    0.00    0.00    0.00    0.00     2      5.00      0.00 50049280  219292   0.67      0.00      0.00      0.00       0  com.alibabainc.
15:13:48        0    332726    0.00    0.00    0.00    0.00    0.00    10      1.00      0.00  361696  237316   0.73     -1.00     -1.00     -1.00       0  systemd-journal
15:13:48     1000    425666    0.00    0.00    0.00    0.00    0.00     3      1.00      0.00 50028472  261540   0.80      0.00      0.00      0.00       0  com.alibabainc.
15:13:48     1000    577014    1.00    0.00    0.00    0.00    1.00    10      1.00      0.00 1521087724  395148   1.21      0.00      0.00      0.00       0  code
15:13:48     1000    577063    5.00    1.00    0.00    0.00    6.00     5      0.00      0.00 51391296  245180   0.75      0.00      0.00      0.00       0  code
15:13:48     1000    577067    0.00    0.00    0.00    0.00    0.00    10      3.00      0.00 50711564   88336   0.27      0.00      0.00      0.00       0  code
15:13:48     1000    577107    0.00    0.00    0.00    0.00    0.00     1     10.00      0.00 1520761120  593388   1.82      0.00      0.00      0.00       0  code
15:13:48     1000    577160    2.00    0.00    0.00    0.00    2.00    14      0.00      0.00 1518795316  679548   2.09      0.00      0.00      0.00       0  code
15:13:48     1000    577170    0.00    0.00    0.00    0.00    0.00     8      6.00      0.00 1520378324  115772   0.36      0.00      0.00      0.00       0  code
15:13:48     1000    577171    0.00    0.00    0.00    0.00    0.00     6     36.00      0.00 1520352992  125004   0.38      0.00      0.00      0.00       0  code
15:13:48     1000    577172    0.00    0.00    0.00    0.00    0.00    12      2.00      0.00 1520369816  113428   0.35      0.00      0.00      0.00       0  code
15:13:48     1000    577320    0.00    0.00    0.00    0.00    0.00     3     27.00      0.00 1520354644  108552   0.33      0.00      0.00      0.00       0  code
15:13:48     1000    853053    2.00    1.00    0.00    0.00    3.00     5     18.00      0.00 55947348  496220   1.52      0.00      0.00      0.00       0  chrome
15:13:48     1000    853103    7.00    1.00    0.00    0.00    8.00     2     41.00      0.00 55911776  327440   1.01      0.00      0.00      0.00       0  chrome
15:13:48     1000    853105    1.00    1.00    0.00    0.00    2.00    10    151.00      0.00 55067288   94100   0.29      0.00    552.00      0.00       0  chrome
15:13:48     1000    853115    0.00    0.00    0.00    0.00    0.00    13      2.00      0.00 55302144   56896   0.17      0.00      4.00      0.00       0  chrome
15:13:48     1000    880405    1.00    0.00    0.00    0.00    1.00    15      4.00      0.00 1518901172  354128   1.09      0.00      0.00      0.00       0  chrome
15:13:48     1000    881919    0.00    0.00    0.00    0.00    0.00    10      1.00      0.00 1518709688  114244   0.35      0.00      0.00      0.00       0  chrome
15:13:48     1000    881951    0.00    0.00    0.00    0.00    0.00    13      1.00      0.00 55117148   61440   0.19      0.00      0.00      0.00       0  chrome
15:13:48     1000    888233    2.00    1.00    0.00    0.00    3.00     2      1.00      0.00 1754136  368736   1.13      0.00      0.00      0.00       0  gnome-system-mo
15:13:48     1000   1068542    1.00    0.00    0.00    0.00    1.00     2      1.00      0.00 1518803672  251676   0.77      0.00      0.00      0.00       0  chrome
15:13:48     1000   1073729    1.00    0.00    0.00    0.00    1.00     4      0.00      0.00  877608   71244   0.22      0.00      0.00      0.00       0  python3
15:13:48        0   1074653    0.00    1.00    0.00    0.00    1.00     4      0.00      0.00       0       0   0.00     -1.00     -1.00     -1.00       0  kworker/u64:3-i915
15:13:48     1000   1074666    0.00    0.00    0.00    0.00    0.00     9      3.00      0.00 1520369816  130064   0.40      0.00      0.00      0.00       0  code
15:13:48     1000   1074681    0.00    0.00    0.00    0.00    0.00     2     23.00      0.00 1520363292  295912   0.91      0.00      0.00      0.00       0  code
15:13:48     1000   1074725    1.00    0.00    0.00    0.00    1.00    13      0.00      0.00  646636  183692   0.56      0.00      0.00      0.00       0  codex
15:13:48     1000   1075226    2.00    0.00    0.00    0.00    2.00     1      6.00      0.00 1518709156  334516   1.03      0.00      0.00      0.00       0  code
15:13:48     1000   1109998    8.00    1.00    0.00    0.00    9.00    15    629.00      0.00 1518881400  368344   1.13      0.00      0.00      0.00       0  chrome
15:13:48     1000   1111013    4.00    1.00    0.00    0.00    5.00    11      0.00      0.00  900052   36144   0.11      0.00      0.00      0.00       0  real_go2_input_
15:13:48     1000   1111014   12.00    0.00    0.00    0.00   12.00    14      0.00      0.00  888000   78244   0.24      0.00      0.00      0.00       0  python3
15:13:48     1000   1111015   82.00    0.00    0.00    0.00   82.00     7      0.00      0.00 1149620  299800   0.92      0.00      0.00      0.00       0  scan_planner_no
15:13:48     1000   1111016   35.00    2.00    0.00    0.00   37.00    13    863.00      0.00 4979652  128708   0.40      0.00      0.00      0.00       0  scan_mppi_contr
15:13:48     1000   1111017    2.00    0.00    0.00    0.00    2.00    15      0.00      0.00  750832   32456   0.10      0.00      0.00      0.00       0  cmd_vel_safety_
15:13:48     1000   1111018   12.00    1.00    0.00    0.00   13.00     8      1.00      0.00  884008   73484   0.23      0.00    100.00      0.00       0  telemetry_recor
15:13:48     1000   1111019    1.00    0.00    0.00    0.00    1.00     1      0.00      0.00  748988   30452   0.09      0.00      0.00      0.00       0  static_transfor
15:13:48     1000   1111155    0.00    0.00    0.00    0.00    0.00     2      0.00      0.00   12708    5944   0.02      0.00      4.00      0.00       0  pidstat
15:13:48     1000   1111156    2.00    1.00    0.00    0.00    3.00    12      0.00      0.00 1101624  114756   0.35      0.00      0.00      0.00       0  ros2

# Time        UID       PID    %usr %system  %guest   %wait    %CPU   CPU  minflt/s  majflt/s     VSZ     RSS   %MEM   kB_rd/s   kB_wr/s kB_ccwr/s iodelay  Command
15:13:49     1000      2075    1.00    1.00    0.00    0.00    2.00    10      0.00      0.00  121224   17284   0.05      0.00      0.00      0.00       0  pipewire
15:13:49     1000      2324   19.00    2.00    0.00    0.00   21.00    10      0.00      0.00 5557220  383128   1.18      0.00      0.00      0.00       0  gnome-shell
15:13:49     1000      2622    5.00    1.00    0.00    0.00    6.00    14      0.00      0.00 5685392  231952   0.71      0.00      0.00      0.00       0  ToDesk
15:13:49        0      3243    0.00    2.00    0.00    0.00    2.00     0      0.00      0.00 2778564   67840   0.21     -1.00     -1.00     -1.00       0  ToDesk_Service
15:13:49     1000     32140    1.00    0.00    0.00    0.00    1.00     5      0.00      0.00 11729028  750888   2.30      0.00      0.00      0.00       0  com.alibabainc.
15:13:49     1000     45971    0.00    0.00    0.00    0.00    0.00     2      4.00      0.00 50049280  219292   0.67      0.00      0.00      0.00       0  com.alibabainc.
15:13:49        0    332726    0.00    0.00    0.00    0.00    0.00    10      2.00      0.00  361696  237316   0.73     -1.00     -1.00     -1.00       0  systemd-journal
15:13:49     1000    425666    0.00    0.00    0.00    0.00    0.00     3      1.00      0.00 50028472  261668   0.80      0.00      0.00      0.00       0  com.alibabainc.
15:13:49     1000    425773    0.00    0.00    0.00    0.00    0.00     2      1.00      0.00 50014516  390636   1.20      0.00      0.00      0.00       0  com.alibabainc.
15:13:49     1000    577014    2.00    1.00    0.00    0.00    3.00     0      1.00      0.00 1521087724  395148   1.21      0.00      0.00      0.00       0  code
15:13:49     1000    577063    6.00    1.00    0.00    0.00    7.00     5     60.00      0.00 51391424  245052   0.75      0.00      0.00      0.00       0  code
15:13:49     1000    577132    0.00    0.00    0.00    0.00    0.00    13     18.00      0.00 1520364784  389172   1.19      0.00      0.00      0.00       0  code
15:13:49     1000    577160    1.00    0.00    0.00    0.00    1.00    12      1.00      0.00 1518795316  679548   2.09      0.00      0.00      0.00       0  code
15:13:49     1000    577170    1.00    0.00    0.00    0.00    1.00    12      1.00      0.00 1520378324  115772   0.36      0.00      0.00      0.00       0  code
15:13:49     1000    577320    0.00    0.00    0.00    0.00    0.00     3      6.00      0.00 1520354644  108552   0.33      0.00      0.00      0.00       0  code
15:13:49     1000    853053    2.00    0.00    0.00    0.00    2.00     4     32.00      0.00 55947348  496220   1.52      0.00      0.00      0.00       0  chrome
15:13:49     1000    853103    4.00    1.00    0.00    0.00    5.00     2     32.00      0.00 55912288  327696   1.01      0.00      0.00      0.00       0  chrome
15:13:49     1000    881951    0.00    1.00    0.00    0.00    1.00    13      0.00      0.00 55117148   61440   0.19      0.00      0.00      0.00       0  chrome
15:13:49        0   1052900    0.00    1.00    0.00    0.00    1.00     2      0.00      0.00       0       0   0.00     -1.00     -1.00     -1.00       0  kworker/2:0-events
15:13:49     1000   1068542    0.00    0.00    0.00    0.00    0.00     2      0.00      0.00 1518803672  249196   0.76      0.00      0.00      0.00       0  chrome
15:13:49        0   1074653    0.00    1.00    0.00    0.00    1.00     4      0.00      0.00       0       0   0.00     -1.00     -1.00     -1.00       0  kworker/u64:3-events_unbound
15:13:49     1000   1074725    0.00    0.00    0.00    0.00    0.00    13      1.00      0.00  646636  183692   0.56      0.00      0.00      0.00       0  codex
15:13:49     1000   1075226    1.00    0.00    0.00    0.00    1.00    15      7.00      0.00 1518709156  334516   1.03      0.00      0.00      0.00       0  code
15:13:49        0   1097682    0.00    1.00    0.00    0.00    1.00     2      0.00      0.00       0       0   0.00     -1.00     -1.00     -1.00       0  kworker/u65:3-i915_flip
15:13:49     1000   1109998    6.00    2.00    0.00    0.00    8.00     1    152.00      0.00 1518881400  368728   1.13      0.00      0.00      0.00       0  chrome
15:13:49     1000   1111013    3.00    1.00    0.00    0.00    4.00     4      0.00      0.00  900052   36144   0.11      0.00      0.00      0.00       0  real_go2_input_
15:13:49     1000   1111014   11.00    1.00    0.00    0.00   12.00     1      0.00      0.00  888000   78244   0.24      0.00      0.00      0.00       0  python3
15:13:49     1000   1111015   83.00    0.00    0.00    0.00   83.00     6      0.00      0.00 1149620  299800   0.92      0.00      0.00      0.00       0  scan_planner_no
15:13:49     1000   1111016   35.00    2.00    0.00    0.00   37.00    13   1359.00      0.00 4979652  123132   0.38      0.00      0.00      0.00       0  scan_mppi_contr
15:13:49     1000   1111017    2.00    1.00    0.00    0.00    3.00    14      0.00      0.00  750832   32456   0.10      0.00      0.00      0.00       0  cmd_vel_safety_
15:13:49     1000   1111018   12.00    1.00    0.00    0.00   13.00    11      0.00      0.00  884008   73484   0.23      0.00     96.00      0.00       0  telemetry_recor
15:13:49     1000   1111155    0.00    1.00    0.00    0.00    1.00     8      0.00      0.00   12708    5944   0.02      0.00      8.00      0.00       0  pidstat
15:13:49     1000   1111156    2.00    1.00    0.00    0.00    3.00    15      0.00      0.00 1101624  114756   0.35      0.00      0.00      0.00       0  ros2

# Time        UID       PID    %usr %system  %guest   %wait    %CPU   CPU  minflt/s  majflt/s     VSZ     RSS   %MEM   kB_rd/s   kB_wr/s kB_ccwr/s iodelay  Command
15:13:50        0        18    0.00    1.00    0.00    0.00    1.00     0      0.00      0.00       0       0   0.00     -1.00     -1.00     -1.00       0  migration/0
15:13:50        0        54    0.00    1.00    0.00    0.00    1.00    12      0.00      0.00       0       0   0.00     -1.00     -1.00     -1.00       0  migration/12
15:13:50        0       417    0.00    1.00    0.00    0.00    1.00    12      0.00      0.00       0       0   0.00     -1.00     -1.00     -1.00       0  kworker/12:1H-i915_cleanup
15:13:50        0       676    0.00    1.00    0.00    0.00    1.00     1      0.00      0.00       0       0   0.00     -1.00     -1.00     -1.00       0  irq/163-rtw89_pci
15:13:50     1000      2324   17.00    3.00    0.00    0.00   20.00     6      0.00      0.00 5557220  383128   1.18      0.00      0.00      0.00       0  gnome-shell
15:13:50     1000      2622    6.00    1.00    0.00    0.00    7.00     8      0.00      0.00 5685392  231952   0.71      0.00      0.00      0.00       0  ToDesk
15:13:50        0      3243    1.00    2.00    0.00    0.00    3.00     4      0.00      0.00 2778564   67840   0.21     -1.00     -1.00     -1.00       0  ToDesk_Service
15:13:50     1000     10251    0.00    0.00    0.00    0.00    0.00     1      3.00      0.00 34566360  113132   0.35      0.00      0.00      0.00       0  github-desktop
15:13:50     1000     32140    1.00    1.00    0.00    0.00    2.00     2      0.00      0.00 11729028  750888   2.30      0.00      0.00      0.00       0  com.alibabainc.
15:13:50     1000     45971    1.00    0.00    0.00    0.00    1.00     2      5.00      0.00 50049280  219292   0.67      0.00      0.00      0.00       0  com.alibabainc.
15:13:50        0    332726    0.00    0.00    0.00    0.00    0.00    12      2.00      0.00  361696  237316   0.73     -1.00     -1.00     -1.00       0  systemd-journal
15:13:50     1000    425773    0.00    0.00    0.00    0.00    0.00     8      1.00      0.00 50014516  390636   1.20      0.00      0.00      0.00       0  com.alibabainc.
15:13:50     1000    577014    1.00    1.00    0.00    0.00    2.00     1     14.00      0.00 1521087724  395148   1.21      0.00      0.00      0.00       0  code
15:13:50     1000    577063    5.00    2.00    0.00    0.00    7.00     3      0.00      0.00 51391360  245052   0.75      0.00      0.00      0.00       0  code
15:13:50     1000    577160    2.00    0.00    0.00    0.00    2.00     1    118.00      0.00 1518795316  679416   2.09      0.00      0.00      0.00       0  code
15:13:50     1000    853053    1.00    0.00    0.00    0.00    1.00    11      0.00      0.00 55947348  496220   1.52      0.00      0.00      0.00       0  chrome
15:13:50     1000    853103    5.00    1.00    0.00    0.00    6.00     8      1.00      0.00 55911768  327696   1.01      0.00      0.00      0.00       0  chrome
15:13:50     1000    880405    0.00    0.00    0.00    0.00    0.00    15      3.00      0.00 1518901172  354128   1.09      0.00      0.00      0.00       0  chrome
15:13:50     1000    881919    0.00    0.00    0.00    0.00    0.00    14      1.00      0.00 1518709688  114244   0.35      0.00      0.00      0.00       0  chrome
15:13:50     1000    888233    0.00    0.00    0.00    0.00    0.00     8      0.00      0.00 1754136  368608   1.13      0.00      0.00      0.00       0  gnome-system-mo
15:13:50        0   1068456    0.00    1.00    0.00    0.00    1.00    10      0.00      0.00       0       0   0.00     -1.00     -1.00     -1.00       0  kworker/u64:2-i915
15:13:50        0   1074653    0.00    2.00    0.00    0.00    2.00     6      0.00      0.00       0       0   0.00     -1.00     -1.00     -1.00       0  kworker/u64:3-flush-259:0
15:13:50     1000   1075226    1.00    1.00    0.00    0.00    2.00     3    107.00      0.00 1518709156  334516   1.03      0.00      0.00      0.00       0  code
15:13:50     1000   1109998    7.00    1.00    0.00    0.00    8.00    15    164.00      0.00 1518881400  369112   1.13      0.00      0.00      0.00       0  chrome
15:13:50     1000   1111013    4.00    1.00    0.00    0.00    5.00     0      0.00      0.00  900052   36144   0.11      0.00      0.00      0.00       0  real_go2_input_
15:13:50     1000   1111014   14.00    0.00    0.00    0.00   14.00     6    103.00      0.00  888000   78268   0.24      0.00      0.00      0.00       0  python3
15:13:50     1000   1111015   82.00    0.00    0.00    0.00   82.00     5      0.00      0.00 1149620  299800   0.92      0.00      0.00      0.00       0  scan_planner_no
15:13:50     1000   1111016   33.00    1.00    0.00    0.00   34.00     6   1430.00      0.00 4983996  128892   0.40      0.00      0.00      0.00       0  scan_mppi_contr
15:13:50     1000   1111017    3.00    1.00    0.00    0.00    4.00    15      0.00      0.00  750832   32456   0.10      0.00      0.00      0.00       0  cmd_vel_safety_
15:13:50     1000   1111018   11.00    1.00    0.00    0.00   12.00     1      0.00      0.00  884008   73484   0.23      0.00     96.00      0.00       0  telemetry_recor
15:13:50     1000   1111155    1.00    0.00    0.00    0.00    1.00     8      0.00      0.00   12708    5944   0.02      0.00      4.00      0.00       0  pidstat
15:13:50     1000   1111156    2.00    0.00    0.00    0.00    2.00    10     95.00      0.00 1101624  115140   0.35      0.00      0.00      0.00       0  ros2

# Time        UID       PID    %usr %system  %guest   %wait    %CPU   CPU  minflt/s  majflt/s     VSZ     RSS   %MEM   kB_rd/s   kB_wr/s kB_ccwr/s iodelay  Command
15:13:51        0      1071    1.00    0.00    0.00    0.00    1.00    14      0.00      0.00   15268    7648   0.02     -1.00     -1.00     -1.00       0  bluetoothd
15:13:51     1000      2081    0.00    1.00    0.00    0.00    1.00    11      0.00      0.00  160440   48336   0.15      0.00      0.00      0.00       0  pipewire-pulse
15:13:51     1000      2324   15.00    2.00    0.00    0.00   17.00     8      0.00      0.00 5557220  383128   1.18      0.00      0.00      0.00       0  gnome-shell
15:13:51     1000      2622    6.00    2.00    0.00    0.00    8.00     8      0.00      0.00 5685392  231952   0.71      0.00      0.00      0.00       0  ToDesk
15:13:51        0      3243    0.00    1.00    0.00    0.00    1.00     0      0.00      0.00 2778564   67840   0.21     -1.00     -1.00     -1.00       0  ToDesk_Service
15:13:51     1000     10213    0.00    0.00    0.00    0.00    0.00     1      5.00      0.00 1212301312  153700   0.47      0.00      0.00      0.00       0  github-desktop
15:13:51     1000     32140    1.00    0.00    0.00    0.00    1.00    13      0.00      0.00 11729028  750888   2.30      0.00      0.00      0.00       0  com.alibabainc.
15:13:51     1000     45971    0.00    0.00    0.00    0.00    0.00     2      5.00      0.00 50049280  219292   0.67      0.00      0.00      0.00       0  com.alibabainc.
15:13:51        0    332726    0.00    0.00    0.00    0.00    0.00    12      1.00      0.00  361696  237316   0.73     -1.00     -1.00     -1.00       0  systemd-journal
15:13:51     1000    425666    0.00    0.00    0.00    0.00    0.00     8      2.00      0.00 50028472  261668   0.80      0.00      0.00      0.00       0  com.alibabainc.
15:13:51     1000    426077    0.00    0.00    0.00    0.00    0.00    12      1.00      0.00 50132492  528136   1.62      0.00      0.00      0.00       0  com.alibabainc.
15:13:51     1000    577014    1.00    0.00    0.00    0.00    1.00     0      0.00      0.00 1521087724  395148   1.21      0.00      0.00      0.00       0  code
15:13:51     1000    577063    4.00    0.00    0.00    0.00    4.00     4      5.00      0.00 51391872  245052   0.75      0.00      0.00      0.00       0  code
15:13:51     1000    577160    1.00    0.00    0.00    0.00    1.00     1      1.00      0.00 1518795316  679416   2.09      0.00      0.00      0.00       0  code
15:13:51     1000    577170    0.00    0.00    0.00    0.00    0.00    12      1.00      0.00 1520378324  115772   0.36      0.00      0.00      0.00       0  code
15:13:51     1000    577241    0.00    0.00    0.00    0.00    0.00    13      1.00      0.00  659820  181124   0.56      0.00      0.00      0.00       0  codex
15:13:51     1000    853053    1.00    1.00    0.00    0.00    2.00    14     10.00      0.00 55947348  496220   1.52      0.00    776.00      0.00       0  chrome
15:13:51     1000    853103    5.00    1.00    0.00    0.00    6.00    15      0.00      0.00 55911768  327696   1.01      0.00      0.00      0.00       0  chrome
15:13:51     1000    881951    1.00    0.00    0.00    0.00    1.00    10      0.00      0.00 55117148   61440   0.19      0.00      0.00      0.00       0  chrome
15:13:51     1000    888233    2.00    1.00    0.00    0.00    3.00     0      1.00      0.00 1754136  368608   1.13      0.00      0.00      0.00       0  gnome-system-mo
15:13:51        0   1068456    0.00    1.00    0.00    0.00    1.00    14      0.00      0.00       0       0   0.00     -1.00     -1.00     -1.00       0  kworker/u64:2-i915
15:13:51     1000   1075226    2.00    0.00    0.00    0.00    2.00     5      4.00      0.00 1518709156  334516   1.03      0.00      0.00      0.00       0  code
15:13:51     1000   1109998    7.00    1.00    0.00    0.00    8.00     9    245.00      0.00 1518881400  368484   1.13      0.00      0.00      0.00       0  chrome
15:13:51     1000   1111013    2.00    1.00    0.00    0.00    3.00    12      1.00      0.00  900052   36144   0.11      0.00      0.00      0.00       0  real_go2_input_
15:13:51     1000   1111014   14.00    0.00    0.00    0.00   14.00     7    103.00      0.00  888000   78272   0.24      0.00      0.00      0.00       0  python3
15:13:51     1000   1111015   80.00    1.00    0.00    0.00   81.00     5      0.00      0.00 1149620  299800   0.92      0.00      0.00      0.00       0  scan_planner_no
15:13:51     1000   1111016   41.00    2.00    0.00    0.00   43.00     1   3295.00      0.00 4984664  129264   0.40      0.00      0.00      0.00       0  scan_mppi_contr
15:13:51     1000   1111017    2.00    0.00    0.00    0.00    2.00     2      0.00      0.00  750832   32456   0.10      0.00      0.00      0.00       0  cmd_vel_safety_
15:13:51     1000   1111018   13.00    1.00    0.00    0.00   14.00    11      0.00      0.00  884008   73484   0.23      0.00     96.00      0.00       0  telemetry_recor
15:13:51     1000   1111155    0.00    1.00    0.00    0.00    1.00     8      0.00      0.00   12708    5944   0.02      0.00      4.00      0.00       0  pidstat
15:13:51     1000   1111156    2.00    1.00    0.00    0.00    3.00    10      0.00      0.00 1101624  115140   0.35      0.00      0.00      0.00       0  ros2

# Time        UID       PID    %usr %system  %guest   %wait    %CPU   CPU  minflt/s  majflt/s     VSZ     RSS   %MEM   kB_rd/s   kB_wr/s kB_ccwr/s iodelay  Command
15:13:52        0        15    0.00    1.00    0.00    0.00    1.00    15      0.00      0.00       0       0   0.00     -1.00     -1.00     -1.00       0  rcu_preempt
15:13:52     1000      2324   17.00    2.00    0.00    0.00   19.00     4     27.00      0.00 5557224  382804   1.18      0.00      0.00      0.00       0  gnome-shell
15:13:52     1000      2622    5.00    2.00    0.00    0.00    7.00     2      0.00      0.00 5685392  231952   0.71      0.00      0.00      0.00       0  ToDesk
15:13:52        0      3243    1.00    2.00    0.00    0.00    3.00     0      0.00      0.00 2778564   67840   0.21     -1.00     -1.00     -1.00       0  ToDesk_Service
15:13:52     1000     10268    0.00    0.00    0.00    0.00    0.00     4      3.00      0.00 33882424   63200   0.19      0.00      0.00      0.00       0  github-desktop
15:13:52     1000     32140    1.00    1.00    0.00    0.00    2.00     2      0.00      0.00 11729028  750888   2.30      0.00      0.00      0.00       0  com.alibabainc.
15:13:52     1000     45971    0.00    0.00    0.00    0.00    0.00     2      5.00      0.00 50049280  219420   0.67      0.00      0.00      0.00       0  com.alibabainc.
15:13:52     1000     46026    0.00    0.00    0.00    0.00    0.00     6      4.00      0.00 72700264  445552   1.37      0.00      0.00      0.00       0  com.alibabainc.
15:13:52        0    332726    0.00    0.00    0.00    0.00    0.00     2      1.00      0.00  361696  237316   0.73     -1.00     -1.00     -1.00       0  systemd-journal
15:13:52     1000    577014    0.00    1.00    0.00    0.00    1.00    10      6.00      0.00 1521087724  395148   1.21      0.00      0.00      0.00       0  code
15:13:52     1000    577063    5.00    1.00    0.00    0.00    6.00     3      1.00      0.00 51391872  245052   0.75      0.00      0.00      0.00       0  code
15:13:52     1000    577067    0.00    0.00    0.00    0.00    0.00    10      3.00      0.00 50711564   88336   0.27      0.00      0.00      0.00       0  code
15:13:52     1000    577160    1.00    1.00    0.00    0.00    2.00     9      0.00      0.00 1518795316  679416   2.09      0.00      0.00      0.00       0  code
15:13:52     1000    577170    0.00    0.00    0.00    0.00    0.00     1     17.00      0.00 1520378324  115772   0.36      0.00      0.00      0.00       0  code
15:13:52     1000    577171    0.00    0.00    0.00    0.00    0.00     6     36.00      0.00 1520352992  125004   0.38      0.00      0.00      0.00       0  code
15:13:52     1000    577172    0.00    0.00    0.00    0.00    0.00    12      3.00      0.00 1520369816  113428   0.35      0.00      0.00      0.00       0  code
15:13:52     1000    577320    0.00    0.00    0.00    0.00    0.00     3     12.00      0.00 1520354644  108552   0.33      0.00      0.00      0.00       0  code
15:13:52     1000    853053    2.00    1.00    0.00    0.00    3.00    12     69.00      0.00 55939148  496220   1.52      0.00    760.00      0.00       0  chrome
15:13:52     1000    853103    6.00    1.00    0.00    0.00    7.00     5     44.00      0.00 55911260  327428   1.01      0.00      0.00      0.00       0  chrome
15:13:52     1000    853105    0.00    0.00    0.00    0.00    0.00    12     38.00      0.00 55067288   94228   0.29      0.00      8.00      0.00       0  chrome
15:13:52     1000    853115    0.00    0.00    0.00    0.00    0.00    12      2.00      0.00 55302144   56896   0.17      0.00      0.00      0.00       0  chrome
15:13:52     1000    881951    0.00    0.00    0.00    0.00    0.00    12      1.00      0.00 55117148   61440   0.19      0.00      0.00      0.00       0  chrome
15:13:52     1000   1068542   12.00    1.00    0.00    0.00   13.00    10    543.00      0.00 1518790188  231404   0.71      0.00      0.00      0.00       0  chrome
15:13:52        0   1074653    0.00    1.00    0.00    0.00    1.00     0      0.00      0.00       0       0   0.00     -1.00     -1.00     -1.00       0  kworker/u64:3-i915
15:13:52     1000   1074666    0.00    0.00    0.00    0.00    0.00     9      4.00      0.00 1520369816  130064   0.40      0.00      0.00      0.00       0  code
15:13:52     1000   1074681    0.00    0.00    0.00    0.00    0.00     2     24.00      0.00 1520363292  295912   0.91      0.00      0.00      0.00       0  code
15:13:52     1000   1075226    1.00    0.00    0.00    0.00    1.00     0      5.00      0.00 1518709156  334516   1.03      0.00      0.00      0.00       0  code
15:13:52     1000   1095170    1.00    0.00    0.00    0.00    1.00    13      0.00      0.00  883436   72384   0.22      0.00      0.00      0.00       0  python3
15:13:52        0   1097682    0.00    1.00    0.00    0.00    1.00    15      0.00      0.00       0       0   0.00     -1.00     -1.00     -1.00       0  kworker/u65:3-i915_flip
15:13:52     1000   1109998    8.00    1.00    0.00    0.00    9.00    11    349.00      0.00 1518881400  369252   1.13      0.00      0.00      0.00       0  chrome
15:13:52     1000   1111013    3.00    2.00    0.00    0.00    5.00    15      0.00      0.00  900052   36144   0.11      0.00      0.00      0.00       0  real_go2_input_
15:13:52     1000   1111014   13.00    1.00    0.00    1.00   14.00     4      0.00      0.00  888000   78272   0.24      0.00      0.00      0.00       0  python3
15:13:52     1000   1111015   78.00    0.00    0.00    0.00   78.00     7      0.00      0.00 1149620  299800   0.92      0.00      0.00      0.00       0  scan_planner_no
15:13:52     1000   1111016   37.00    3.00    0.00    0.00   40.00     5   3019.00      0.00 4984664  129500   0.40      0.00      0.00      0.00       0  scan_mppi_contr
15:13:52     1000   1111017    3.00    1.00    0.00    0.00    4.00    10      0.00      0.00  750832   32456   0.10      0.00      0.00      0.00       0  cmd_vel_safety_
15:13:52     1000   1111018   13.00    1.00    0.00    1.00   14.00     0      0.00      0.00  884008   73484   0.23      0.00     96.00      0.00       0  telemetry_recor
15:13:52     1000   1111155    0.00    1.00    0.00    0.00    1.00     8      0.00      0.00   12708    5944   0.02      0.00      8.00      0.00       0  pidstat
15:13:52     1000   1111156    1.00    1.00    0.00    0.00    2.00    13      0.00      0.00 1101624  115140   0.35      0.00      0.00      0.00       0  ros2

# Time        UID       PID    %usr %system  %guest   %wait    %CPU   CPU  minflt/s  majflt/s     VSZ     RSS   %MEM   kB_rd/s   kB_wr/s kB_ccwr/s iodelay  Command
15:13:53        0       461    0.00    1.00    0.00    0.00    1.00    15      0.00      0.00       0       0   0.00     -1.00     -1.00     -1.00       0  kworker/15:1H-i915_cleanup
15:13:53        0       676    0.00    1.00    0.00    0.00    1.00     1      0.00      0.00       0       0   0.00     -1.00     -1.00     -1.00       0  irq/163-rtw89_pci
15:13:53     1000      2075    1.00    0.00    0.00    0.00    1.00    10      0.00      0.00  121224   17284   0.05      0.00      0.00      0.00       0  pipewire
15:13:53     1000      2324   17.00    2.00    0.00    0.00   19.00    10     12.00      0.00 5557224  382804   1.18      0.00      0.00      0.00       0  gnome-shell
15:13:53     1000      2622    5.00    2.00    0.00    0.00    7.00     2      0.00      0.00 5685392  231952   0.71      0.00      0.00      0.00       0  ToDesk
15:13:53      123      3242    1.00    0.00    0.00    0.00    1.00    13      0.00      0.00 2382192   76072   0.23     -1.00     -1.00     -1.00       0  nxserver.bin
15:13:53        0      3243    1.00    1.00    0.00    0.00    2.00     0      0.00      0.00 2778564   67840   0.21     -1.00     -1.00     -1.00       0  ToDesk_Service
15:13:53     1000      4056    1.00    0.00    0.00    0.00    1.00    13      0.00      0.00  896292  154828   0.48      0.00      0.00      0.00       0  x-terminal-emul
15:13:53     1000     32140    1.00    1.00    0.00    0.00    2.00     3      0.00      0.00 11729028  750888   2.30      0.00      0.00      0.00       0  com.alibabainc.
15:13:53     1000     45971    0.00    0.00    0.00    0.00    0.00    12      5.00      0.00 50049280  219420   0.67      0.00      0.00      0.00       0  com.alibabainc.
15:13:53        0    332726    0.00    0.00    0.00    0.00    0.00    10      2.00      0.00  361696  237316   0.73     -1.00     -1.00     -1.00       0  systemd-journal
15:13:53     1000    425666    0.00    0.00    0.00    0.00    0.00     6      2.00      0.00 50028472  261796   0.80      0.00      0.00      0.00       0  com.alibabainc.
15:13:53     1000    425773    0.00    0.00    0.00    0.00    0.00    14      1.00      0.00 50014516  390636   1.20      0.00      0.00      0.00       0  com.alibabainc.
15:13:53     1000    577014    1.00    0.00    0.00    0.00    1.00     1      1.00      0.00 1521087724  394456   1.21      0.00      0.00      0.00       0  code
15:13:53     1000    577063    6.00    1.00    0.00    0.00    7.00     9     59.00      0.00 51391872  244912   0.75      0.00      0.00      0.00       0  code
15:13:53     1000    577107    0.00    0.00    0.00    0.00    0.00     1     11.00      0.00 1520761120  593516   1.82      0.00      0.00      0.00       0  code
15:13:53     1000    577132   31.00    1.00    0.00    0.00   32.00     9   1848.00      0.00 1520364784  378492   1.16      0.00      0.00      0.00       0  code
15:13:53     1000    577160    1.00    0.00    0.00    0.00    1.00    11      1.00      0.00 1518795316  679416   2.09      0.00      0.00      0.00       0  code
15:13:53     1000    577320    0.00    0.00    0.00    0.00    0.00     3     13.00      0.00 1520354644  108552   0.33      0.00      0.00      0.00       0  code
15:13:53     1000    853053    2.00    1.00    0.00    0.00    3.00     2     51.00      0.00 55939148  496176   1.52      0.00    164.00      0.00       0  chrome
15:13:53     1000    853103    7.00    2.00    0.00    0.00    9.00     5     74.00      0.00 55911016  327556   1.01      0.00      0.00      0.00       0  chrome
15:13:53     1000    853105    0.00    0.00    0.00    0.00    0.00    12      2.00      0.00 55067288   94228   0.29      0.00     16.00      0.00       0  chrome
15:13:53     1000    861538    1.00    0.00    0.00    0.00    1.00     8      0.00      0.00  136168   88584   0.27      0.00      0.00      0.00       0  cpptools
15:13:53     1000    881951    0.00    1.00    0.00    0.00    1.00     0      0.00      0.00 55117148   61440   0.19      0.00      0.00      0.00       0  chrome
15:13:53     1000    888233    0.00    1.00    0.00    0.00    1.00    14      0.00      0.00 1754136  368608   1.13      0.00      0.00      0.00       0  gnome-system-mo
15:13:53        0   1051464    0.00    1.00    0.00    0.00    1.00     6      0.00      0.00       0       0   0.00     -1.00     -1.00     -1.00       0  kworker/6:0-events
15:13:53     1000   1073718    0.00    1.00    0.00    0.00    1.00    10      0.00      0.00  882600   74912   0.23      0.00      0.00      0.00       0  ros2
15:13:53     1000   1074725    0.00    0.00    0.00    0.00    0.00    13      1.00      0.00  646636  183692   0.56      0.00      0.00      0.00       0  codex
15:13:53     1000   1075226    2.00    0.00    0.00    0.00    2.00    10      6.00      0.00 1518709156  334644   1.03      0.00      0.00      0.00       0  code
15:13:53     1000   1109998   10.00    2.00    0.00    0.00   12.00     5    465.00      0.00 1518881400  370020   1.14      0.00      4.00      0.00       0  chrome
15:13:53     1000   1111002    0.00    0.00    0.00    0.00    0.00     0      0.00      0.00  204040   41576   0.13      0.00      4.00      0.00       0  ros2
15:13:53     1000   1111013    4.00    1.00    0.00    0.00    5.00     8      0.00      0.00  900052   36144   0.11      0.00      0.00      0.00       0  real_go2_input_
15:13:53     1000   1111014   15.00    0.00    0.00    0.00   15.00     2    103.00      0.00  888000   78272   0.24      0.00      0.00      0.00       0  python3
15:13:53     1000   1111015   91.00    1.00    0.00    0.00   92.00     6      1.00      0.00 1149624  299800   0.92      0.00      4.00      0.00       0  scan_planner_no
15:13:53     1000   1111016   28.00    2.00    0.00    1.00   30.00     3    845.00      0.00 4984664  132828   0.41      0.00      0.00      0.00       0  scan_mppi_contr
15:13:53     1000   1111017    3.00    0.00    0.00    1.00    3.00    15      0.00      0.00  750832   32456   0.10      0.00      0.00      0.00       0  cmd_vel_safety_
15:13:53     1000   1111018   13.00    0.00    0.00    0.00   13.00     2      0.00      0.00  884008   73484   0.23      0.00     96.00      0.00       0  telemetry_recor
15:13:53     1000   1111155    0.00    1.00    0.00    0.00    1.00     8      0.00      0.00   12708    5944   0.02      0.00      4.00      0.00       0  pidstat
15:13:53     1000   1111156    3.00    1.00    0.00    0.00    4.00    13    278.00      0.00 1102732  115220   0.35      0.00      0.00      0.00       0  ros2

# Time        UID       PID    %usr %system  %guest   %wait    %CPU   CPU  minflt/s  majflt/s     VSZ     RSS   %MEM   kB_rd/s   kB_wr/s kB_ccwr/s iodelay  Command
15:13:54     1000      2075    0.00    1.00    0.00    0.00    1.00    10      0.00      0.00  121224   17284   0.05      0.00      0.00      0.00       0  pipewire
15:13:54     1000      2081    1.00    0.00    0.00    0.00    1.00    14      0.00      0.00  160440   48336   0.15      0.00      0.00      0.00       0  pipewire-pulse
15:13:54     1000      2324   16.00    3.00    0.00    0.00   19.00     1      1.00      0.00 5557284  382804   1.18      0.00      0.00      0.00       0  gnome-shell
15:13:54     1000      2622    6.00    0.00    0.00    0.00    6.00     1      0.00      0.00 5685392  231952   0.71      0.00      0.00      0.00       0  ToDesk
15:13:54        0      3243    0.00    2.00    0.00    0.00    2.00     0      0.00      0.00 2778564   67840   0.21     -1.00     -1.00     -1.00       0  ToDesk_Service
15:13:54     1000     10213    0.00    0.00    0.00    0.00    0.00     0      0.00      0.00 1212301312  153700   0.47      0.00     12.00      0.00       0  github-desktop
15:13:54     1000     10251    0.00    0.00    0.00    0.00    0.00     1      3.00      0.00 34566360  113132   0.35      0.00      0.00      0.00       0  github-desktop
15:13:54     1000     32140    1.00    0.00    0.00    0.00    1.00    14      0.00      0.00 11729028  750888   2.30      0.00      4.00      0.00       0  com.alibabainc.
15:13:54     1000     45971    0.00    0.00    0.00    0.00    0.00    14      2.00      0.00 50049280  219420   0.67      0.00      0.00      0.00       0  com.alibabainc.
15:13:54     1000    156386    1.00    0.00    0.00    0.00    1.00     2      0.00      0.00 1788224   49216   0.15      0.00      0.00      0.00       0  nxplayer.bin
15:13:54        0    332726    0.00    0.00    0.00    0.00    0.00    14      1.00      0.00  361696  237316   0.73     -1.00     -1.00     -1.00       0  systemd-journal
15:13:54     1000    425666    0.00    0.00    0.00    0.00    0.00     6      1.00      0.00 50028472  261796   0.80      0.00      0.00      0.00       0  com.alibabainc.
15:13:54     1000    425773    1.00    0.00    0.00    0.00    1.00     8      0.00      0.00 50014516  390636   1.20      0.00      0.00      0.00       0  com.alibabainc.
15:13:54     1000    577014    1.00    1.00    0.00    0.00    2.00    12     14.00      0.00 1521087724  394456   1.21      0.00      0.00      0.00       0  code
15:13:54     1000    577063    6.00    1.00    0.00    0.00    7.00    13      1.00      0.00 51391936  244912   0.75      0.00      0.00      0.00       0  code
15:13:54     1000    577160    2.00    0.00    0.00    0.00    2.00     9    125.00      0.00 1518795316  679416   2.09      0.00      0.00      0.00       0  code
15:13:54     1000    577170    0.00    0.00    0.00    0.00    0.00     1      1.00      0.00 1520378324  115772   0.36      0.00      0.00      0.00       0  code
15:13:54     1000    577241    0.00    0.00    0.00    0.00    0.00    13      2.00      0.00  659820  181124   0.56      0.00      0.00      0.00       0  codex
15:13:54     1000    853053    2.00    1.00    0.00    0.00    3.00     2      2.00      0.00 55939148  496176   1.52      0.00    128.00      0.00       0  chrome
15:13:54     1000    853103    7.00    2.00    0.00    0.00    9.00    11      3.00      0.00 55911392  327556   1.01      0.00      0.00      0.00       0  chrome
15:13:54     1000    853105    0.00    0.00    0.00    0.00    0.00    12      1.00      0.00 55067288   94228   0.29      0.00      8.00      0.00       0  chrome
15:13:54     1000    856924    0.00    0.00    0.00    0.00    0.00    10      0.00      0.00 1518794828  253780   0.78      0.00      0.00      0.00       0  chrome
15:13:54     1000    881251    1.00    0.00    0.00    0.00    1.00     8      0.00      0.00 72661500  495440   1.52      0.00      0.00      0.00       0  com.alibabainc.
15:13:54     1000    888233    2.00    1.00    0.00    0.00    3.00    13      4.00      0.00 1754656  368608   1.13      0.00      0.00      0.00       0  gnome-system-mo
15:13:54     1000    913217    0.00    0.00    0.00    0.00    0.00     2      1.00      0.00 72299740  382560   1.17      0.00      0.00      0.00       0  com.alibabainc.
15:13:54     1000   1068542    0.00    0.00    0.00    0.00    0.00    10      0.00      0.00 1518790188  231256   0.71      0.00      0.00      0.00       0  chrome
15:13:54        0   1074653    0.00    1.00    0.00    0.00    1.00    10      0.00      0.00       0       0   0.00     -1.00     -1.00     -1.00       0  kworker/u64:3-i915
15:13:54     1000   1074725    0.00    0.00    0.00    0.00    0.00    13      2.00      0.00  646636  183692   0.56      0.00      0.00      0.00       0  codex
15:13:54     1000   1075226    1.00    0.00    0.00    0.00    1.00     6    105.00      0.00 1518709156  334644   1.03      0.00      0.00      0.00       0  code
15:13:54     1000   1109998   23.00    2.00    0.00    0.00   25.00    15    664.00      0.00 1518881400  369248   1.13      0.00      0.00      0.00       0  chrome
15:13:54     1000   1111002    1.00    0.00    0.00    0.00    1.00    10      0.00      0.00  204040   41576   0.13      0.00      4.00      0.00       0  ros2
15:13:54     1000   1111013    4.00    1.00    0.00    0.00    5.00     3      0.00      0.00  900052   36144   0.11      0.00      0.00      0.00       0  real_go2_input_
15:13:54     1000   1111014   12.00    1.00    0.00    0.00   13.00     8      0.00      0.00  888000   78272   0.24      0.00      0.00      0.00       0  python3
15:13:54     1000   1111015   98.00    0.00    0.00    0.00   98.00     7      0.00      0.00 1149624  299800   0.92      0.00      0.00      0.00       0  scan_planner_no
15:13:54     1000   1111016   32.00    2.00    0.00    0.00   34.00     0    825.00      0.00 4987340  136028   0.42      0.00      0.00      0.00       0  scan_mppi_contr
15:13:54     1000   1111017    2.00    1.00    0.00    0.00    3.00    15      0.00      0.00  750832   32456   0.10      0.00      0.00      0.00       0  cmd_vel_safety_
15:13:54     1000   1111018   13.00    1.00    0.00    0.00   14.00     2      0.00      0.00  884008   73484   0.23      0.00     92.00      0.00       0  telemetry_recor
15:13:54     1000   1111155    0.00    0.00    0.00    0.00    0.00     8      0.00      0.00   12708    5944   0.02      0.00      8.00      0.00       0  pidstat
15:13:54     1000   1111156    2.00    1.00    0.00    0.00    3.00    14      0.00      0.00 1102732  115220   0.35      0.00      0.00      0.00       0  ros2

# Time        UID       PID    %usr %system  %guest   %wait    %CPU   CPU  minflt/s  majflt/s     VSZ     RSS   %MEM   kB_rd/s   kB_wr/s kB_ccwr/s iodelay  Command
15:13:55        0        60    0.00    1.00    0.00    0.00    1.00    13      0.00      0.00       0       0   0.00     -1.00     -1.00     -1.00       0  migration/13
15:13:55        0      1071    0.00    1.00    0.00    0.00    1.00    12      0.00      0.00   15268    7648   0.02     -1.00     -1.00     -1.00       0  bluetoothd
15:13:55     1000      2081    0.00    1.00    0.00    0.00    1.00     6      0.00      0.00  160440   48336   0.15      0.00      0.00      0.00       0  pipewire-pulse
15:13:55     1000      2324   17.00    2.00    0.00    0.00   19.00     5      4.00      0.00 5557352  382804   1.18      0.00      0.00      0.00       0  gnome-shell
15:13:55     1000      2622    5.00    2.00    0.00    0.00    7.00     2      0.00      0.00 5685392  231952   0.71      0.00      0.00      0.00       0  ToDesk
15:13:55        0      3243    1.00    1.00    0.00    0.00    2.00     0      0.00      0.00 2778564   67840   0.21     -1.00     -1.00     -1.00       0  ToDesk_Service
15:13:55     1000     10213    1.00    0.00    0.00    0.00    1.00     0      5.00      0.00 1212301312  153700   0.47      0.00      0.00      0.00       0  github-desktop
15:13:55     1000     32140    2.00    0.00    0.00    0.00    2.00    13      0.00      0.00 11729028  750888   2.30      0.00      0.00      0.00       0  com.alibabainc.
15:13:55     1000     45971    1.00    0.00    0.00    0.00    1.00    14      9.00      0.00 50049280  219420   0.67      0.00      0.00      0.00       0  com.alibabainc.
15:13:55        0    332726    0.00    0.00    0.00    0.00    0.00    12      2.00      0.00  361696  237316   0.73     -1.00     -1.00     -1.00       0  systemd-journal
15:13:55     1000    425666    0.00    0.00    0.00    0.00    0.00     6      1.00      0.00 50028472  261924   0.80      0.00      0.00      0.00       0  com.alibabainc.
15:13:55     1000    516139    0.00    1.00    0.00    0.00    1.00     8      0.00      0.00 5453760   36688   0.11      0.00      0.00      0.00       0  clash
15:13:55     1000    577014    1.00    1.00    0.00    0.00    2.00     8      0.00      0.00 1521087724  394456   1.21      0.00      0.00      0.00       0  code
15:13:55     1000    577063    4.00    1.00    0.00    0.00    5.00    11      5.00      0.00 51391424  244912   0.75      0.00      0.00      0.00       0  code
15:13:55     1000    577132    1.00    0.00    0.00    0.00    1.00     9      0.00      0.00 1520364784  378492   1.16      0.00      0.00      0.00       0  code
15:13:55     1000    577160    1.00    0.00    0.00    0.00    1.00    15      0.00      0.00 1518795316  679416   2.09      0.00      0.00      0.00       0  code
15:13:55     1000    853053    2.00    1.00    0.00    1.00    3.00     0      3.00      0.00 55939148  496176   1.52      0.00      0.00      0.00       0  chrome
15:13:55     1000    853103    6.00    1.00    0.00    0.00    7.00    15      0.00      0.00 55910880  327556   1.01      0.00      0.00      0.00       0  chrome
15:13:55     1000    853105    0.00    1.00    0.00    0.00    1.00    12     16.00      0.00 55067288   94228   0.29      0.00    144.00      0.00       0  chrome
15:13:55     1000    888233    1.00    0.00    0.00    0.00    1.00    14      0.00      0.00 1754656  368608   1.13      0.00      0.00      0.00       0  gnome-system-mo
15:13:55        0   1068456    0.00    1.00    0.00    0.00    1.00     0      0.00      0.00       0       0   0.00     -1.00     -1.00     -1.00       0  kworker/u64:2-i915
15:13:55     1000   1073729    0.00    1.00    0.00    0.00    1.00     1      0.00      0.00  877608   71244   0.22      0.00      0.00      0.00       0  python3
15:13:55     1000   1075226    1.00    0.00    0.00    0.00    1.00    13      6.00      0.00 1518709156  334772   1.03      0.00      0.00      0.00       0  code
15:13:55        0   1097682    0.00    1.00    0.00    0.00    1.00    13      0.00      0.00       0       0   0.00     -1.00     -1.00     -1.00       0  kworker/u65:3-hci0
15:13:55     1000   1109998    9.00    1.00    0.00    0.00   10.00    10    365.00      0.00 1518881400  369104   1.13      0.00      0.00      0.00       0  chrome
15:13:55     1000   1111013    3.00    1.00    0.00    0.00    4.00    10      0.00      0.00  900052   36144   0.11      0.00      0.00      0.00       0  real_go2_input_
15:13:55     1000   1111014   12.00    0.00    0.00    0.00   12.00     4      0.00      0.00  888000   78272   0.24      0.00      0.00      0.00       0  python3
15:13:55     1000   1111015   82.00    1.00    0.00    0.00   83.00     7      0.00      0.00 1149624  299800   0.92      0.00      0.00      0.00       0  scan_planner_no
15:13:55     1000   1111016   31.00    3.00    0.00    0.00   34.00    15   1926.00      0.00 4972596  129280   0.40      0.00      0.00      0.00       0  scan_mppi_contr
15:13:55     1000   1111017    3.00    0.00    0.00    0.00    3.00     0      0.00      0.00  750832   32456   0.10      0.00      0.00      0.00       0  cmd_vel_safety_
15:13:55     1000   1111018   12.00    1.00    0.00    0.00   13.00    10      0.00      0.00  884008   73484   0.23      0.00     96.00      0.00       0  telemetry_recor
15:13:55     1000   1111155    1.00    1.00    0.00    0.00    2.00     8      0.00      0.00   12708    5944   0.02      0.00      8.00      0.00       0  pidstat
15:13:55     1000   1111156    2.00    0.00    0.00    0.00    2.00    14      0.00      0.00 1102732  115220   0.35      0.00      0.00      0.00       0  ros2

# Time        UID       PID    %usr %system  %guest   %wait    %CPU   CPU  minflt/s  majflt/s     VSZ     RSS   %MEM   kB_rd/s   kB_wr/s kB_ccwr/s iodelay  Command
15:13:56        0         1    0.00    0.00    0.00    0.00    0.00    12      6.00      0.00   23564   14152   0.04     -1.00     -1.00     -1.00       0  systemd
15:13:56        0       676    0.00    1.00    0.00    0.00    1.00     1      0.00      0.00       0       0   0.00     -1.00     -1.00     -1.00       0  irq/163-rtw89_pci
15:13:56      102      1191    1.00    0.00    0.00    0.00    1.00     6      0.00      0.00  222572    6028   0.02     -1.00     -1.00     -1.00       0  rsyslogd
15:13:56     1000      2324   17.00    3.00    0.00    0.00   20.00     2     17.00      0.00 5557288  382932   1.18      0.00      0.00      0.00       0  gnome-shell
15:13:56     1000      2622    6.00    2.00    0.00    0.00    8.00    13      0.00      0.00 5685392  231952   0.71      0.00      0.00      0.00       0  ToDesk
15:13:56        0      3241    1.00    0.00    0.00    0.00    1.00     2      0.00      0.00 2722348   31472   0.10     -1.00     -1.00     -1.00       0  dockerd
15:13:56        0      3243    0.00    2.00    0.00    0.00    2.00     8      0.00      0.00 2778564   67840   0.21     -1.00     -1.00     -1.00       0  ToDesk_Service
15:13:56     1000     10268    0.00    0.00    0.00    0.00    0.00     8      3.00      0.00 33882424   63200   0.19      0.00      0.00      0.00       0  github-desktop
15:13:56     1000     32140    0.00    1.00    0.00    0.00    1.00     6      0.00      0.00 11729028  750888   2.30      0.00      0.00      0.00       0  com.alibabainc.
15:13:56     1000     45971    0.00    0.00    0.00    0.00    0.00     4      2.00      0.00 50049280  219420   0.67      0.00      0.00      0.00       0  com.alibabainc.
15:13:56        0    332726    0.00    0.00    0.00    0.00    0.00     4      1.00      0.00  361696  237316   0.73     -1.00     -1.00     -1.00       0  systemd-journal
15:13:56     1000    425773    0.00    0.00    0.00    0.00    0.00     8      1.00      0.00 50014516  390636   1.20      0.00      0.00      0.00       0  com.alibabainc.
15:13:56     1000    516139    1.00    0.00    0.00    0.00    1.00    11      0.00      0.00 5453760   36688   0.11      0.00      0.00      0.00       0  clash
15:13:56     1000    577014    1.00    0.00    0.00    0.00    1.00    10      1.00      0.00 1521087724  394456   1.21      0.00      0.00      0.00       0  code
15:13:56     1000    577063    6.00    0.00    0.00    0.00    6.00     2      1.00      0.00 51391936  244912   0.75      0.00      0.00      0.00       0  code
15:13:56     1000    577067    0.00    0.00    0.00    0.00    0.00    10      3.00      0.00 50711564   88336   0.27      0.00      0.00      0.00       0  code
15:13:56     1000    577160    1.00    0.00    0.00    0.00    1.00    12      1.00      0.00 1518795316  679416   2.09      0.00      0.00      0.00       0  code
15:13:56     1000    577170    0.00    0.00    0.00    0.00    0.00    13      5.00      0.00 1520378324  115772   0.36      0.00      0.00      0.00       0  code
15:13:56     1000    577171    0.00    0.00    0.00    0.00    0.00     9     36.00      0.00 1520352992  125004   0.38      0.00      0.00      0.00       0  code
15:13:56     1000    577172    0.00    0.00    0.00    0.00    0.00     8      3.00      0.00 1520369816  113428   0.35      0.00      0.00      0.00       0  code
15:13:56     1000    577241    0.00    0.00    0.00    0.00    0.00    13      1.00      0.00  659820  181124   0.56      0.00      0.00      0.00       0  codex
15:13:56     1000    577320    0.00    0.00    0.00    0.00    0.00     3     12.00      0.00 1520354644  108552   0.33      0.00      0.00      0.00       0  code
15:13:56     1000    853053    4.00    2.00    0.00    0.00    6.00    10    202.00      0.00 55939148  496688   1.52      0.00    168.00      0.00       0  chrome
15:13:56     1000    853103    9.00    3.00    0.00    0.00   12.00     6    297.00      0.00 55918004  326944   1.00      0.00      0.00      0.00       0  chrome
15:13:56     1000    853105    5.00    3.00    0.00    0.00    8.00    13    424.00      0.00 55067288   94924   0.29     28.00    200.00      0.00       0  chrome
15:13:56     1000    853115    0.00    0.00    0.00    0.00    0.00     6   3154.00      0.00 55302144   57184   0.18      0.00      0.00      0.00       0  chrome
15:13:56     1000    880405    0.00    0.00    0.00    0.00    0.00    14    423.00      0.00 1518901172  355228   1.09      0.00      0.00      0.00       0  chrome
15:13:56     1000    881919    1.00    0.00    0.00    0.00    1.00    12      9.00      0.00 1518709688  114244   0.35      0.00      0.00      0.00       0  chrome
15:13:56     1000    881951    1.00    0.00    0.00    0.00    1.00     2      1.00      0.00 55117148   61440   0.19      0.00      0.00      0.00       0  chrome
15:13:56        0   1068456    0.00    1.00    0.00    0.00    1.00    14      0.00      0.00       0       0   0.00     -1.00     -1.00     -1.00       0  kworker/u64:2-events_unbound
15:13:56     1000   1068542    1.00    0.00    0.00    0.00    1.00    12    236.00      0.00 1518790188  232152   0.71      0.00      0.00      0.00       0  chrome
15:13:56     1000   1074666    0.00    0.00    0.00    0.00    0.00    15      4.00      0.00 1520369816  130064   0.40      0.00      0.00      0.00       0  code
15:13:56     1000   1074681    0.00    0.00    0.00    0.00    0.00     4     24.00      0.00 1520363292  295368   0.91      0.00      0.00      0.00       0  code
15:13:56     1000   1075226    1.00    1.00    0.00    0.00    2.00     6      4.00      0.00 1518709156  334772   1.03      0.00      0.00      0.00       0  code
15:13:56        0   1108714    0.00    1.00    0.00    1.00    1.00    15      0.00      0.00       0       0   0.00     -1.00     -1.00     -1.00       0  kworker/15:1-i915-unordered
15:13:56     1000   1109998   60.00    6.00    0.00    0.00   66.00     4  10268.00      0.00 1518883188  384924   1.18      0.00      0.00      0.00       0  chrome
15:13:56     1000   1111013    5.00    1.00    0.00    0.00    6.00    12      0.00      0.00  900052   36144   0.11      0.00      0.00      0.00       0  real_go2_input_
15:13:56     1000   1111014   14.00    1.00    0.00    0.00   15.00    11      1.00      0.00  888000   78272   0.24      0.00      0.00      0.00       0  python3
15:13:56     1000   1111015   85.00    0.00    0.00    0.00   85.00     7      0.00      0.00 1149624  299800   0.92      0.00      4.00      0.00       0  scan_planner_no
15:13:56     1000   1111016   53.00    2.00    0.00    0.00   55.00     8   9107.00      0.00 4975700  125752   0.39      0.00      0.00      0.00       0  scan_mppi_contr
15:13:56     1000   1111017    3.00    1.00    0.00    0.00    4.00     6      2.00      0.00  750832   32456   0.10      0.00      0.00      0.00       0  cmd_vel_safety_
15:13:56     1000   1111018   15.00    1.00    0.00    1.00   16.00     1      1.00      0.00  884008   73648   0.23      0.00    100.00      0.00       0  telemetry_recor
15:13:56     1000   1111155    0.00    1.00    0.00    0.00    1.00     8      0.00      0.00   12708    5944   0.02      0.00      4.00      0.00       0  pidstat
15:13:56     1000   1111156    2.00    1.00    0.00    0.00    3.00     2      0.00      0.00 1102732  115220   0.35      0.00      0.00      0.00       0  ros2

# Time        UID       PID    %usr %system  %guest   %wait    %CPU   CPU  minflt/s  majflt/s     VSZ     RSS   %MEM   kB_rd/s   kB_wr/s kB_ccwr/s iodelay  Command
15:13:57        0        15    0.00    1.00    0.00    0.00    1.00    12      0.00      0.00       0       0   0.00     -1.00     -1.00     -1.00       0  rcu_preempt
15:13:57        0       676    0.00    2.00    0.00    0.00    2.00     1      0.00      0.00       0       0   0.00     -1.00     -1.00     -1.00       0  irq/163-rtw89_pci
15:13:57     1000      2324    9.00    1.00    0.00    0.00   10.00     6      0.00      0.00 5557288  382932   1.18      0.00      0.00      0.00       0  gnome-shell
15:13:57     1000      2622    5.00    1.00    0.00    0.00    6.00     2      0.00      0.00 5685392  231952   0.71      0.00      0.00      0.00       0  ToDesk
15:13:57        0      3243    1.00    1.00    0.00    0.00    2.00     8      0.00      0.00 2778564   67840   0.21     -1.00     -1.00     -1.00       0  ToDesk_Service
15:13:57     1000     32140    2.00    0.00    0.00    0.00    2.00    14      0.00      0.00 11729028  750888   2.30      0.00      0.00      0.00       0  com.alibabainc.
15:13:57     1000     45971    0.00    0.00    0.00    0.00    0.00    10      7.00      0.00 50049280  219420   0.67      0.00      0.00      0.00       0  com.alibabainc.
15:13:57     1000     46026    0.00    0.00    0.00    0.00    0.00     6      1.00      0.00 72700264  445552   1.37      0.00      0.00      0.00       0  com.alibabainc.
15:13:57     1000     52294    0.00    0.00    0.00    0.00    0.00     0      1.00      0.00 53387680  463884   1.42      0.00      0.00      0.00       0  com.alibabainc.
15:13:57        0    332726    0.00    0.00    0.00    0.00    0.00    15      1.00      0.00  361696  237316   0.73     -1.00     -1.00     -1.00       0  systemd-journal
15:13:57     1000    425666    1.00    0.00    0.00    0.00    1.00    12      2.00      0.00 50028472  261924   0.80      0.00      0.00      0.00       0  com.alibabainc.
15:13:57     1000    577014    2.00    1.00    0.00    0.00    3.00     2     35.00      0.00 1521087724  394584   1.21      0.00      4.00      0.00       0  code
15:13:57     1000    577063    5.00    2.00    0.00    0.00    7.00    10     42.00      0.00 51391936  244912   0.75      0.00      0.00      0.00       0  code
15:13:57     1000    577132    0.00    0.00    0.00    0.00    0.00     9      9.00      0.00 1520364784  378364   1.16      0.00      0.00      0.00       0  code
15:13:57     1000    577160    2.00    1.00    0.00    0.00    3.00    14      0.00      0.00 1518795316  679416   2.09      0.00      0.00      0.00       0  code
15:13:57     1000    577170    0.00    0.00    0.00    0.00    0.00    13     10.00      0.00 1520378324  115772   0.36      0.00      0.00      0.00       0  code
15:13:57     1000    577171    0.00    0.00    0.00    0.00    0.00     9     19.00      0.00 1520352992  125004   0.38      0.00      0.00      0.00       0  code
15:13:57     1000    853053    2.00    1.00    0.00    0.00    3.00     2     77.00      0.00 55939148  496556   1.52      0.00      0.00      0.00       0  chrome
15:13:57     1000    853103    3.00    0.00    0.00    0.00    3.00     3      5.00      0.00 55918276  326944   1.00      0.00      0.00      0.00       0  chrome
15:13:57     1000    853105    0.00    1.00    0.00    0.00    1.00    13     57.00      0.00 55067288   95220   0.29      0.00     24.00      0.00       0  chrome
15:13:57     1000    853115    0.00    0.00    0.00    0.00    0.00     6     94.00      0.00 55302144   57384   0.18      0.00    188.00      0.00       0  chrome
15:13:57     1000    880405    0.00    0.00    0.00    0.00    0.00    12      1.00      0.00 1518901172  355228   1.09      0.00      0.00      0.00       0  chrome
15:13:57     1000    881919    0.00    0.00    0.00    0.00    0.00    14      1.00      0.00 1518709688  114244   0.35      0.00      0.00      0.00       0  chrome
15:13:57     1000    881951    0.00    1.00    0.00    0.00    1.00     6      0.00      0.00 55117148   61440   0.19      0.00      0.00      0.00       0  chrome
15:13:57     1000    885261    0.00    1.00    0.00    0.00    1.00    10    158.00      0.00 1518767568  319912   0.98      0.00      0.00      0.00       0  code
15:13:57     1000    888233    2.00    1.00    0.00    0.00    3.00     2      1.00      0.00 1754140  368608   1.13      0.00      0.00      0.00       0  gnome-system-mo
15:13:57        0   1068456    0.00    1.00    0.00    0.00    1.00     2      0.00      0.00       0       0   0.00     -1.00     -1.00     -1.00       0  kworker/u64:2-events_unbound
15:13:57        0   1074653    0.00    1.00    0.00    0.00    1.00     2      0.00      0.00       0       0   0.00     -1.00     -1.00     -1.00       0  kworker/u64:3-writeback
15:13:57     1000   1074725    0.00    0.00    0.00    0.00    0.00    13      2.00      0.00  646636  183692   0.56      0.00      0.00      0.00       0  codex
15:13:57     1000   1075226    2.00    0.00    0.00    0.00    2.00     0     12.00      0.00 1518709156  334772   1.03      0.00      0.00      0.00       0  code
15:13:57     1000   1109998    6.00    1.00    0.00    1.00    7.00     0    782.00      0.00 1518883188  383452   1.18      0.00     24.00      0.00       0  chrome
15:13:57     1000   1111002    0.00    0.00    0.00    0.00    0.00     8      0.00      0.00  204040   41576   0.13      0.00      4.00      0.00       0  ros2
15:13:57     1000   1111013    3.00    1.00    0.00    0.00    4.00     0      0.00      0.00  900052   36144   0.11      0.00      0.00      0.00       0  real_go2_input_
15:13:57     1000   1111014   12.00    0.00    0.00    0.00   12.00    15      0.00      0.00  888000   78272   0.24      0.00      0.00      0.00       0  python3
15:13:57     1000   1111015   78.00    0.00    0.00    0.00   78.00     7      0.00      0.00 1149624  299800   0.92      0.00      0.00      0.00       0  scan_planner_no
15:13:57     1000   1111016   32.00    2.00    0.00    0.00   34.00    14      1.00      0.00 4975700  125752   0.39      0.00      4.00      0.00       0  scan_mppi_contr
15:13:57     1000   1111017    2.00    1.00    0.00    0.00    3.00     9      0.00      0.00  750832   32456   0.10      0.00      0.00      0.00       0  cmd_vel_safety_
15:13:57     1000   1111018   12.00    2.00    0.00    0.00   14.00     1      0.00      0.00  884008   73648   0.23      0.00    100.00      0.00       0  telemetry_recor
15:13:57     1000   1111155    0.00    0.00    0.00    0.00    0.00     4      0.00      0.00   12708    5944   0.02      0.00      8.00      0.00       0  pidstat
15:13:57     1000   1111156    2.00    2.00    0.00    0.00    4.00     2      0.00      0.00 1102732  115220   0.35      0.00      0.00      0.00       0  ros2

# Time        UID       PID    %usr %system  %guest   %wait    %CPU   CPU  minflt/s  majflt/s     VSZ     RSS   %MEM   kB_rd/s   kB_wr/s kB_ccwr/s iodelay  Command
15:13:58        0        66    0.00    1.00    0.00    0.00    1.00    14      0.00      0.00       0       0   0.00     -1.00     -1.00     -1.00       0  migration/14
15:13:58        0       676    0.00    4.00    0.00    0.00    4.00     1      0.00      0.00       0       0   0.00     -1.00     -1.00     -1.00       0  irq/163-rtw89_pci
15:13:58        0      1071    0.00    1.00    0.00    0.00    1.00    12      0.00      0.00   15268    7648   0.02     -1.00     -1.00     -1.00       0  bluetoothd
15:13:58     1000      2081    0.00    1.00    0.00    0.00    1.00    14      0.00      0.00  160440   48336   0.15      0.00      0.00      0.00       0  pipewire-pulse
15:13:58     1000      2270    1.00    0.00    0.00    0.00    1.00     9      0.00      0.00  595264   17016   0.05      0.00      0.00      0.00       0  gnome-session-b
15:13:58     1000      2324   12.00    3.00    0.00    0.00   15.00     2      0.00      0.00 5557220  382932   1.18      0.00      0.00      0.00       0  gnome-shell
15:13:58     1000      2501    1.00    0.00    0.00    0.00    1.00     9      0.00      0.00  412724   19556   0.06      0.00      0.00      0.00       0  gsd-keyboard
15:13:58     1000      2506    1.00    0.00    0.00    0.00    1.00     4      2.00      0.00  593932   26276   0.08      0.00      0.00      0.00       0  gsd-power
15:13:58     1000      2622    5.00    3.00    0.00    0.00    8.00     4      0.00      0.00 5685392  231952   0.71      0.00      0.00      0.00       0  ToDesk
15:13:58      123      3242    0.00    1.00    0.00    0.00    1.00    15      0.00      0.00 2382192   76072   0.23     -1.00     -1.00     -1.00       0  nxserver.bin
15:13:58        0      3243    1.00    2.00    0.00    0.00    3.00     8      0.00      0.00 2778564   67840   0.21     -1.00     -1.00     -1.00       0  ToDesk_Service
15:13:58     1000     10251    0.00    0.00    0.00    0.00    0.00     1      3.00      0.00 34566360  113132   0.35      0.00      0.00      0.00       0  github-desktop
15:13:58     1000     32140    1.00    0.00    0.00    0.00    1.00     8      0.00      0.00 11729028  750888   2.30      0.00      8.00      0.00       0  com.alibabainc.
15:13:58     1000     45971    0.00    0.00    0.00    0.00    0.00     4      6.00      0.00 50049280  219420   0.67      0.00      0.00      0.00       0  com.alibabainc.
15:13:58     1000     46026    0.00    0.00    0.00    0.00    0.00     8      3.00      0.00 72700264  445552   1.37      0.00      0.00      0.00       0  com.alibabainc.
15:13:58     1000     52294    0.00    0.00    0.00    0.00    0.00     0      4.00      0.00 53387680  464012   1.42      0.00      0.00      0.00       0  com.alibabainc.
15:13:58        0    332726    0.00    0.00    0.00    0.00    0.00     2     30.00      0.00  361696  237316   0.73     -1.00     -1.00     -1.00       0  systemd-journal
15:13:58     1000    425666    0.00    0.00    0.00    0.00    0.00     3      1.00      0.00 50028472  261924   0.80      0.00      0.00      0.00       0  com.alibabainc.
15:13:58     1000    426077    1.00    0.00    0.00    0.00    1.00    11      0.00      0.00 50132492  528136   1.62      0.00      0.00      0.00       0  com.alibabainc.
15:13:58     1000    577014    1.00    0.00    0.00    0.00    1.00    14     14.00      0.00 1521087724  394584   1.21      0.00      0.00      0.00       0  code
15:13:58     1000    577063    5.00    1.00    0.00    0.00    6.00    10     19.00      0.00 51391936  245040   0.75      0.00      0.00      0.00       0  code
15:13:58     1000    577107    0.00    0.00    0.00    0.00    0.00     1     10.00      0.00 1520761120  593516   1.82      0.00      0.00      0.00       0  code
15:13:58     1000    577160    1.00    0.00    0.00    0.00    1.00     5    123.00      0.00 1518795316  679416   2.09      0.00      0.00      0.00       0  code
15:13:58     1000    577320    0.00    0.00    0.00    0.00    0.00     3     13.00      0.00 1520354644  108552   0.33      0.00      0.00      0.00       0  code
15:13:58     1000    853053    5.00    1.00    0.00    0.00    6.00     8    314.00      0.00 55943244  497452   1.53      0.00     20.00      0.00       0  chrome
15:13:58     1000    853103    4.00    1.00    0.00    0.00    5.00     4     43.00      0.00 55920344  326664   1.00      0.00      0.00      0.00       0  chrome
15:13:58     1000    853105    0.00    0.00    0.00    0.00    0.00    13      1.00      0.00 55067288   95220   0.29      0.00      0.00      0.00       0  chrome
15:13:58     1000    881251    0.00    0.00    0.00    0.00    0.00     8      3.00      0.00 72661500  495440   1.52      0.00      0.00      0.00       0  com.alibabainc.
15:13:58     1000    913217    0.00    0.00    0.00    0.00    0.00    10      4.00      0.00 72299740  382560   1.17      0.00      0.00      0.00       0  com.alibabainc.
15:13:58     1000   1075226    2.00    0.00    0.00    0.00    2.00     8    106.00      0.00 1518709156  334516   1.03      0.00      0.00      0.00       0  code
15:13:58        0   1097682    0.00    1.00    0.00    0.00    1.00    15      0.00      0.00       0       0   0.00     -1.00     -1.00     -1.00       0  kworker/u65:3-rtw89_tx_wq
15:13:58     1000   1109998    4.00    1.00    0.00    0.00    5.00    11     66.00      0.00 1518881204  382432   1.17      0.00      0.00      0.00       0  chrome
15:13:58     1000   1111002    1.00    0.00    0.00    0.00    1.00    10      0.00      0.00  204040   41576   0.13      0.00      4.00      0.00       0  ros2
15:13:58     1000   1111013    4.00    1.00    0.00    1.00    5.00    10     22.00      0.00  900104   36272   0.11      0.00      0.00      0.00       0  real_go2_input_
15:13:58     1000   1111014   11.00    0.00    0.00    0.00   11.00     2      0.00      0.00  888000   78272   0.24      0.00      0.00      0.00       0  python3
15:13:58     1000   1111015   81.00    1.00    0.00    0.00   82.00     7      7.00      0.00 1149652  299800   0.92      0.00      0.00      0.00       0  scan_planner_no
15:13:58     1000   1111016   49.00    2.00    0.00    0.00   51.00    13   4448.00      0.00 4975700  130480   0.40      0.00      0.00      0.00       0  scan_mppi_contr
15:13:58     1000   1111017    3.00    0.00    0.00    0.00    3.00     1      0.00      0.00  750832   32456   0.10      0.00      0.00      0.00       0  cmd_vel_safety_
15:13:58     1000   1111018   11.00    1.00    0.00    0.00   12.00    14      0.00      0.00  884008   73648   0.23      0.00     96.00      0.00       0  telemetry_recor
15:13:58     1000   1111155    0.00    1.00    0.00    0.00    1.00     4      0.00      0.00   12708    5944   0.02      0.00      8.00      0.00       0  pidstat
15:13:58     1000   1111156    1.00    1.00    0.00    0.00    2.00    11      6.00      0.00 1102732  115348   0.35      0.00      0.00      0.00       0  ros2

# Time        UID       PID    %usr %system  %guest   %wait    %CPU   CPU  minflt/s  majflt/s     VSZ     RSS   %MEM   kB_rd/s   kB_wr/s kB_ccwr/s iodelay  Command
15:13:59        0       676    0.00    1.00    0.00    0.00    1.00     1      0.00      0.00       0       0   0.00     -1.00     -1.00     -1.00       0  irq/163-rtw89_pci
15:13:59     1000      2075    0.00    1.00    0.00    0.00    1.00    10      0.00      0.00  121224   17284   0.05      0.00      0.00      0.00       0  pipewire
15:13:59     1000      2324   20.00    2.00    0.00    0.00   22.00     6     11.00      0.00 5557228  382932   1.18      0.00      0.00      0.00       0  gnome-shell
15:13:59     1000      2622    5.00    1.00    0.00    0.00    6.00    10      0.00      0.00 5685392  231952   0.71      0.00      0.00      0.00       0  ToDesk
15:13:59        0      3243    0.00    1.00    0.00    0.00    1.00     8      1.00      0.00 2778564   67840   0.21     -1.00     -1.00     -1.00       0  ToDesk_Service
15:13:59     1000     10213    0.00    0.00    0.00    0.00    0.00     0      5.00      0.00 1212301312  153700   0.47      0.00      0.00      0.00       0  github-desktop
15:13:59     1000     32140    2.00    1.00    0.00    1.00    3.00    10    191.00      0.00 11729028  750980   2.31      0.00     12.00      0.00       0  com.alibabainc.
15:13:59     1000     45971    0.00    0.00    0.00    0.00    0.00     4      4.00      0.00 50049280  219420   0.67      0.00      0.00      0.00       0  com.alibabainc.
15:13:59     1000    425666    0.00    0.00    0.00    0.00    0.00    11      1.00      0.00 50028472  262052   0.80      0.00      0.00      0.00       0  com.alibabainc.
15:13:59     1000    425773    1.00    0.00    0.00    0.00    1.00     9    621.00      0.00 51063092  392940   1.21      0.00      0.00      0.00       0  com.alibabainc.
15:13:59     1000    426077    0.00    0.00    0.00    0.00    0.00    15      1.00      0.00 50132492  528136   1.62      0.00      0.00      0.00       0  com.alibabainc.
15:13:59     1000    577014    1.00    1.00    0.00    0.00    2.00     0      1.00      0.00 1521087724  394584   1.21      0.00      0.00      0.00       0  code
15:13:59     1000    577063    6.00    1.00    0.00    0.00    7.00     7      0.00      0.00 51391936  245040   0.75      0.00      0.00      0.00       0  code
15:13:59     1000    577067    0.00    0.00    0.00    0.00    0.00    10      8.00      0.00 50711564   88336   0.27      0.00      0.00      0.00       0  code
15:13:59     1000    577160    2.00    0.00    0.00    0.00    2.00    13      0.00      0.00 1518795316  679416   2.09      0.00      0.00      0.00       0  code
15:13:59     1000    577170    0.00    0.00    0.00    0.00    0.00    15      1.00      0.00 1520378324  115772   0.36      0.00      0.00      0.00       0  code
15:13:59     1000    577171    1.00    0.00    0.00    0.00    1.00     9     18.00      0.00 1520352992  125004   0.38      0.00      0.00      0.00       0  code
15:13:59     1000    577241    1.00    1.00    0.00    0.00    2.00    13      9.00      0.00  676228  181124   0.56      0.00      0.00      0.00       0  codex
15:13:59     1000    853053    9.00    1.00    0.00    0.00   10.00    12    426.00      0.00 55943244  498296   1.53      0.00     12.00      0.00       0  chrome
15:13:59     1000    853103    7.00    2.00    0.00    0.00    9.00     9    105.00      0.00 55921004  326664   1.00      0.00      0.00      0.00       0  chrome
15:13:59     1000    853105    1.00    0.00    0.00    0.00    1.00    13      9.00      0.00 55067288   95220   0.29      0.00      0.00      0.00       0  chrome
15:13:59     1000    880405    0.00    0.00    0.00    0.00    0.00     0      2.00      0.00 1518901172  355228   1.09      0.00      0.00      0.00       0  chrome
15:13:59     1000    881919    0.00    1.00    0.00    0.00    1.00    14      5.00      0.00 1518709688  114244   0.35      0.00      0.00      0.00       0  chrome
15:13:59     1000    881951    1.00    0.00    0.00    0.00    1.00    15      0.00      0.00 55117148   61440   0.19      0.00      0.00      0.00       0  chrome
15:13:59     1000    885261    0.00    0.00    0.00    0.00    0.00    15     60.00      0.00 1518767568  320168   0.98      0.00      0.00      0.00       0  code
15:13:59     1000    913217    3.00    0.00    0.00    0.00    3.00     1   1302.00      0.00 72299740  381564   1.17      0.00      0.00      0.00       0  com.alibabainc.
15:13:59        0    940783    0.00    1.00    0.00    0.00    1.00    14      0.00      0.00       0       0   0.00     -1.00     -1.00     -1.00       0  kworker/14:1-events
15:13:59        0   1068456    0.00    1.00    0.00    0.00    1.00     9      0.00      0.00       0       0   0.00     -1.00     -1.00     -1.00       0  kworker/u64:2-i915
15:13:59     1000   1068542    0.00    0.00    0.00    0.00    0.00    12     65.00      0.00 1518790188  230812   0.71      0.00      0.00      0.00       0  chrome
15:13:59        0   1074653    0.00    1.00    0.00    1.00    1.00    14      0.00      0.00       0       0   0.00     -1.00     -1.00     -1.00       0  kworker/u64:3-events_unbound
15:13:59     1000   1074681    0.00    0.00    0.00    0.00    0.00    10     12.00      0.00 1520363292  295368   0.91      0.00      0.00      0.00       0  code
15:13:59     1000   1074725    1.00    0.00    0.00    0.00    1.00    13    352.00      0.00  663028  183724   0.56      0.00    152.00      0.00       0  codex
15:13:59     1000   1075226    2.00    1.00    0.00    0.00    3.00    14    229.00      0.00 1518709156  335284   1.03      0.00      0.00      0.00       0  code
15:13:59     1000   1076599    0.00    0.00    0.00    0.00    0.00     9      1.00      0.00 1448930648   18100   0.06      0.00      0.00      0.00       0  codex-code-mode
15:13:59        0   1106397    0.00    1.00    0.00    0.00    1.00     0      0.00      0.00       0       0   0.00     -1.00     -1.00     -1.00       0  kworker/u65:2-hci0
15:13:59     1000   1109998   12.00    0.00    0.00    0.00   12.00    14    655.00      0.00 1518881204  380812   1.17      0.00      0.00      0.00       0  chrome
15:13:59     1000   1111013    4.00    1.00    0.00    0.00    5.00     0      0.00      0.00  900104   36272   0.11      0.00      0.00      0.00       0  real_go2_input_
15:13:59     1000   1111014   12.00    1.00    0.00    0.00   13.00     1      0.00      0.00  888000   78272   0.24      0.00      0.00      0.00       0  python3
15:13:59     1000   1111015   84.00    0.00    0.00    0.00   84.00     5      0.00      0.00 1149652  299800   0.92      0.00      0.00      0.00       0  scan_planner_no
15:13:59     1000   1111016   48.00    2.00    0.00    0.00   50.00     8   6404.00      0.00 4984052  127144   0.39      0.00      0.00      0.00       0  scan_mppi_contr
15:13:59     1000   1111017    3.00    1.00    0.00    1.00    4.00     2      0.00      0.00  750832   32456   0.10      0.00      0.00      0.00       0  cmd_vel_safety_
15:13:59     1000   1111018   13.00    1.00    0.00    0.00   14.00     6      0.00      0.00  884008   73648   0.23      0.00     96.00      0.00       0  telemetry_recor
15:13:59     1000   1111155    1.00    1.00    0.00    0.00    2.00     6      0.00      0.00   12708    5944   0.02      0.00      4.00      0.00       0  pidstat
15:13:59     1000   1111156    2.00    1.00    0.00    0.00    3.00    11      0.00      0.00 1102732  115348   0.35      0.00      0.00      0.00       0  ros2

# Time        UID       PID    %usr %system  %guest   %wait    %CPU   CPU  minflt/s  majflt/s     VSZ     RSS   %MEM   kB_rd/s   kB_wr/s kB_ccwr/s iodelay  Command
15:14:00        0       676    0.00    2.00    0.00    0.00    2.00     1      0.00      0.00       0       0   0.00     -1.00     -1.00     -1.00       0  irq/163-rtw89_pci
15:14:00     1000      2081    1.00    0.00    0.00    0.00    1.00     6      0.00      0.00  160440   48336   0.15      0.00      0.00      0.00       0  pipewire-pulse
15:14:00     1000      2324   10.00    2.00    0.00    0.00   12.00    12      3.00      0.00 5557292  382932   1.18      0.00      0.00      0.00       0  gnome-shell
15:14:00     1000      2622    5.00    2.00    0.00    0.00    7.00    10      0.00      0.00 5685392  231952   0.71      0.00      0.00      0.00       0  ToDesk
15:14:00        0      3243    1.00    2.00    0.00    0.00    3.00    15      0.00      0.00 2778564   67840   0.21     -1.00     -1.00     -1.00       0  ToDesk_Service
15:14:00     1000     10268    0.00    0.00    0.00    0.00    0.00     8      3.00      0.00 33882424   63200   0.19      0.00      0.00      0.00       0  github-desktop
15:14:00     1000     32140    1.00    1.00    0.00    0.00    2.00     6      0.00      0.00 11729028  750980   2.31      0.00      0.00      0.00       0  com.alibabainc.
15:14:00     1000     32292    0.00    0.00    0.00    0.00    0.00     2      2.00      0.00 1475368   79308   0.24      0.00      0.00      0.00       0  com.alibabainc.
15:14:00     1000     45971    1.00    0.00    0.00    0.00    1.00    10      5.00      0.00 50049280  219420   0.67      0.00      0.00      0.00       0  com.alibabainc.
15:14:00        0    332726    0.00    0.00    0.00    0.00    0.00     2      1.00      0.00  361696  237316   0.73     -1.00     -1.00     -1.00       0  systemd-journal
15:14:00     1000    425666    0.00    0.00    0.00    0.00    0.00    11      1.00      0.00 50028472  262052   0.80      0.00      0.00      0.00       0  com.alibabainc.
15:14:00     1000    516139    0.00    1.00    0.00    0.00    1.00     2      0.00      0.00 5453760   36688   0.11      0.00      0.00      0.00       0  clash
15:14:00     1000    577014    1.00    1.00    0.00    0.00    2.00    12      1.00      0.00 1521087724  394584   1.21      0.00      0.00      0.00       0  code
15:14:00     1000    577063    6.00    1.00    0.00    0.00    7.00     8      0.00      0.00 51391360  245040   0.75      0.00      0.00      0.00       0  code
15:14:00     1000    577067    0.00    0.00    0.00    0.00    0.00    10      5.00      0.00 50711564   88336   0.27      0.00      0.00      0.00       0  code
15:14:00     1000    577160    1.00    0.00    0.00    0.00    1.00    10      1.00      0.00 1518795316  679416   2.09      0.00      0.00      0.00       0  code
15:14:00     1000    577170    0.00    0.00    0.00    0.00    0.00    15      5.00      0.00 1520378324  115772   0.36      0.00      0.00      0.00       0  code
15:14:00     1000    577171    0.00    0.00    0.00    0.00    0.00     9     37.00      0.00 1520352992  125004   0.38      0.00      0.00      0.00       0  code
15:14:00     1000    577172    0.00    0.00    0.00    0.00    0.00    10      3.00      0.00 1520369816  113428   0.35      0.00      0.00      0.00       0  code
15:14:00     1000    577241    0.00    0.00    0.00    0.00    0.00    13     20.00      0.00  675972  180896   0.56      0.00     68.00      0.00       0  codex
15:14:00     1000    577320    0.00    0.00    0.00    0.00    0.00     3     12.00      0.00 1520354644  108552   0.33      0.00      0.00      0.00       0  code
15:14:00     1000    853053    2.00    1.00    0.00    0.00    3.00     0     11.00      0.00 55943244  498296   1.53      0.00      0.00      0.00       0  chrome
15:14:00     1000    853103    3.00    1.00    0.00    0.00    4.00     4    115.00      0.00 55921628  326696   1.00      0.00      0.00      0.00       0  chrome
15:14:00     1000    853105    0.00    0.00    0.00    0.00    0.00    14     34.00      0.00 55067288   94944   0.29      0.00      8.00      0.00       0  chrome
15:14:00     1000    853115    0.00    0.00    0.00    0.00    0.00     8      2.00      0.00 55302144   57156   0.18      0.00      0.00      0.00       0  chrome
15:14:00     1000    880405    0.00    0.00    0.00    0.00    0.00     0      0.00      0.00 1518901172  351300   1.08      0.00      0.00      0.00       0  chrome
15:14:00     1000    881919    0.00    0.00    0.00    0.00    0.00    13      4.00      0.00 1518709688  114244   0.35      0.00      0.00      0.00       0  chrome
15:14:00     1000    881951    1.00    0.00    0.00    0.00    1.00    15      1.00      0.00 55117148   61440   0.19      0.00      0.00      0.00       0  chrome
15:14:00     1000    888233    3.00    1.00    0.00    0.00    4.00     6      1.00      0.00 1754136  368608   1.13      0.00      0.00      0.00       0  gnome-system-mo
15:14:00     1000    913217    0.00    0.00    0.00    0.00    0.00     1      6.00      0.00 72299740  381564   1.17      0.00      0.00      0.00       0  com.alibabainc.
15:14:00        0    948806    0.00    1.00    0.00    0.00    1.00     4      0.00      0.00       0       0   0.00     -1.00     -1.00     -1.00       0  kworker/4:3-events
15:14:00     1000   1068542    0.00    0.00    0.00    0.00    0.00    13      7.00      0.00 1518790188  230812   0.71      0.00      0.00      0.00       0  chrome
15:14:00     1000   1074666    0.00    0.00    0.00    0.00    0.00    13      4.00      0.00 1520369816  130064   0.40      0.00      0.00      0.00       0  code
15:14:00     1000   1074681    0.00    0.00    0.00    0.00    0.00    10     22.00      0.00 1520363292  295368   0.91      0.00      0.00      0.00       0  code
15:14:00     1000   1074725    0.00    0.00    0.00    0.00    0.00    13     31.00      0.00  663028  183724   0.56      0.00      0.00      0.00       0  codex
15:14:00     1000   1075226    1.00    0.00    0.00    0.00    1.00     4      5.00      0.00 1518709156  335284   1.03      0.00      0.00      0.00       0  code
15:14:00     1000   1109998    8.00    2.00    0.00    0.00   10.00    13    760.00      0.00 1518881204  382068   1.17      0.00      0.00      0.00       0  chrome
15:14:00     1000   1111013    3.00    1.00    0.00    0.00    4.00     1      0.00      0.00  900104   36272   0.11      0.00      0.00      0.00       0  real_go2_input_
15:14:00     1000   1111014   11.00    1.00    0.00    0.00   12.00     7      0.00      0.00  888000   78272   0.24      0.00      0.00      0.00       0  python3
15:14:00     1000   1111015   83.00    0.00    0.00    1.00   83.00     5      0.00      0.00 1149652  299800   0.92      0.00      0.00      0.00       0  scan_planner_no
15:14:00     1000   1111016   43.00    4.00    0.00    0.00   47.00     3   3037.00      0.00 4984052  127496   0.39      0.00      0.00      0.00       0  scan_mppi_contr
15:14:00     1000   1111017    2.00    1.00    0.00    0.00    3.00     1      0.00      0.00  750832   32456   0.10      0.00      0.00      0.00       0  cmd_vel_safety_
15:14:00     1000   1111018   12.00    1.00    0.00    0.00   13.00    13      0.00      0.00  884008   73648   0.23      0.00     96.00      0.00       0  telemetry_recor
15:14:00     1000   1111155    0.00    0.00    0.00    0.00    0.00     6      0.00      0.00   12708    5944   0.02      0.00      8.00      0.00       0  pidstat
15:14:00     1000   1111156    2.00    1.00    0.00    0.00    3.00    11      0.00      0.00 1102732  115348   0.35      0.00      0.00      0.00       0  ros2

# Time        UID       PID    %usr %system  %guest   %wait    %CPU   CPU  minflt/s  majflt/s     VSZ     RSS   %MEM   kB_rd/s   kB_wr/s kB_ccwr/s iodelay  Command
15:14:01        0       676    0.00    1.00    0.00    0.00    1.00     1      0.00      0.00       0       0   0.00     -1.00     -1.00     -1.00       0  irq/163-rtw89_pci
15:14:01        0      1071    0.00    1.00    0.00    0.00    1.00    14      0.00      0.00   15268    7648   0.02     -1.00     -1.00     -1.00       0  bluetoothd
15:14:01      101      1072    1.00    0.00    0.00    0.00    1.00     6      0.00      0.00   12504    6632   0.02     -1.00     -1.00     -1.00       0  dbus-daemon
15:14:01      987      1079    0.00    0.00    0.00    0.00    0.00    11      1.00      0.00  393536   16000   0.05     -1.00     -1.00     -1.00       0  polkitd
15:14:01        0      1141    1.00    0.00    0.00    0.00    1.00     8      0.00      0.00  625260   21556   0.07     -1.00     -1.00     -1.00       0  NetworkManager
15:14:01        0      1142    1.00    0.00    0.00    0.00    1.00    13      0.00      0.00   18372   11308   0.03     -1.00     -1.00     -1.00       0  wpa_supplicant
15:14:01     1000      2075    1.00    0.00    0.00    0.00    1.00    10      0.00      0.00  121224   17284   0.05      0.00      0.00      0.00       0  pipewire
15:14:01     1000      2324   24.00    3.00    0.00    1.00   27.00    13     25.00      0.00 5557804  382932   1.18      0.00      0.00      0.00       0  gnome-shell
15:14:01     1000      2498    1.00    0.00    0.00    0.00    1.00     9      0.00      0.00  459364    7964   0.02      0.00      0.00      0.00       0  gsd-housekeepin
15:14:01     1000      2538    1.00    0.00    0.00    0.00    1.00    12      0.00      0.00  543976   11928   0.04      0.00      0.00      0.00       0  gsd-sharing
15:14:01     1000      2622    6.00    1.00    0.00    0.00    7.00    14      0.00      0.00 5685392  231952   0.71      0.00      0.00      0.00       0  ToDesk
15:14:01        0      3243    1.00    1.00    0.00    0.00    2.00    15      0.00      0.00 2778564   67840   0.21     -1.00     -1.00     -1.00       0  ToDesk_Service
15:14:01     1000     10213    0.00    0.00    0.00    0.00    0.00     0      3.00      0.00 1212301312  153700   0.47      0.00      0.00      0.00       0  github-desktop
15:14:01     1000     32140    1.00    1.00    0.00    0.00    2.00     8      0.00      0.00 11729028  750980   2.31      0.00      0.00      0.00       0  com.alibabainc.
15:14:01     1000     45971    0.00    0.00    0.00    0.00    0.00    11      4.00      0.00 50049280  219420   0.67      0.00      0.00      0.00       0  com.alibabainc.
15:14:01        0    332726    0.00    0.00    0.00    0.00    0.00     2      1.00      0.00  361696  237316   0.73     -1.00     -1.00     -1.00       0  systemd-journal
15:14:01     1000    425666    0.00    0.00    0.00    0.00    0.00    10      1.00      0.00 50028472  262052   0.80      0.00      0.00      0.00       0  com.alibabainc.
15:14:01     1000    577014    1.00    0.00    0.00    0.00    1.00    14      3.00      0.00 1521087724  394584   1.21      0.00      0.00      0.00       0  code
15:14:01     1000    577063    6.00    1.00    0.00    0.00    7.00     0     42.00      0.00 51391360  244904   0.75      0.00      0.00      0.00       0  code
15:14:01     1000    577132    0.00    0.00    0.00    0.00    0.00    15     18.00      0.00 1520364784  378364   1.16      0.00      0.00      0.00       0  code
15:14:01     1000    577160    2.00    1.00    0.00    0.00    3.00    14      0.00      0.00 1518795316  679416   2.09      0.00      0.00      0.00       0  code
15:14:01     1000    577170    0.00    0.00    0.00    0.00    0.00    15      3.00      0.00 1520378324  115772   0.36      0.00      0.00      0.00       0  code
15:14:01     1000    577171    0.00    0.00    0.00    0.00    0.00     9      2.00      0.00 1520352992  125004   0.38      0.00      0.00      0.00       0  code
15:14:01     1000    577172    0.00    0.00    0.00    0.00    0.00    10      3.00      0.00 1520369816  113428   0.35      0.00      0.00      0.00       0  code
15:14:01     1000    577320    0.00    0.00    0.00    0.00    0.00     3      3.00      0.00 1520354644  108552   0.33      0.00      0.00      0.00       0  code
15:14:01     1000    799234    1.00    0.00    0.00    0.00    1.00    11      0.00      0.00 2026456  190724   0.59      0.00      0.00      0.00       0  gnome-control-c
15:14:01     1000    853053    5.00    1.00    0.00    0.00    6.00    12    158.00      0.00 55943244  497740   1.53      0.00      0.00      0.00       0  chrome
15:14:01     1000    853103   10.00    3.00    0.00    0.00   13.00    15     31.00      0.00 55922276  326696   1.00      0.00      0.00      0.00       0  chrome
15:14:01     1000    853105    0.00    0.00    0.00    0.00    0.00    14     11.00      0.00 55067288   94944   0.29      0.00      8.00      0.00       0  chrome
15:14:01        0   1049858    0.00    1.00    0.00    0.00    1.00     2      0.00      0.00       0       0   0.00     -1.00     -1.00     -1.00       0  kworker/u64:9-i915
15:14:01        0   1068456    0.00    1.00    0.00    0.00    1.00    15      0.00      0.00       0       0   0.00     -1.00     -1.00     -1.00       0  kworker/u64:2-events_power_efficient
15:14:01        0   1074653    0.00    1.00    0.00    0.00    1.00     8      0.00      0.00       0       0   0.00     -1.00     -1.00     -1.00       0  kworker/u64:3-flush-259:0
15:14:01     1000   1074666    0.00    0.00    0.00    0.00    0.00    13      3.00      0.00 1520369816  130064   0.40      0.00      0.00      0.00       0  code
15:14:01     1000   1074681    0.00    0.00    0.00    0.00    0.00    10      3.00      0.00 1520363292  295368   0.91      0.00      0.00      0.00       0  code
15:14:01     1000   1074725    0.00    1.00    0.00    0.00    1.00    13     30.00      0.00  662772  183440   0.56      0.00    232.00     96.00       0  codex
15:14:01     1000   1075226    1.00    1.00    0.00    0.00    2.00    12      5.00      0.00 1518709156  335136   1.03      0.00      0.00      0.00       0  code
15:14:01     1000   1109998   16.00    2.00    0.00    0.00   18.00     1   1087.00      0.00 1518881204  382344   1.17      0.00      0.00      0.00       0  chrome
15:14:01     1000   1111013    4.00    1.00    0.00    0.00    5.00     8      0.00      0.00  900104   36272   0.11      0.00      0.00      0.00       0  real_go2_input_
15:14:01     1000   1111014   14.00    0.00    0.00    0.00   14.00    15      0.00      0.00  888000   78272   0.24      0.00      0.00      0.00       0  python3
15:14:01     1000   1111015   86.00    1.00    0.00    0.00   87.00     5      0.00      0.00 1149652  299800   0.92      0.00      0.00      0.00       0  scan_planner_no
15:14:01     1000   1111016   41.00    2.00    0.00    0.00   43.00    15   3740.00      0.00 4984052  126372   0.39      0.00      0.00      0.00       0  scan_mppi_contr
15:14:01     1000   1111017    3.00    0.00    0.00    0.00    3.00    12      0.00      0.00  750832   32456   0.10      0.00      0.00      0.00       0  cmd_vel_safety_
15:14:01     1000   1111018   14.00    1.00    0.00    1.00   15.00    14      0.00      0.00  884008   73648   0.23      0.00     96.00      0.00       0  telemetry_recor
15:14:01     1000   1111155    0.00    1.00    0.00    0.00    1.00     6      0.00      0.00   12708    5944   0.02      0.00      8.00      0.00       0  pidstat
15:14:01     1000   1111156    2.00    0.00    0.00    0.00    2.00    11      0.00      0.00 1102732  115348   0.35      0.00      0.00      0.00       0  ros2

# Time        UID       PID    %usr %system  %guest   %wait    %CPU   CPU  minflt/s  majflt/s     VSZ     RSS   %MEM   kB_rd/s   kB_wr/s kB_ccwr/s iodelay  Command
15:14:02        0        15    0.00    1.00    0.00    1.00    1.00    11      0.00      0.00       0       0   0.00     -1.00     -1.00     -1.00       0  rcu_preempt
15:14:02        0        24    0.00    1.00    0.00    0.00    1.00     2      0.00      0.00       0       0   0.00     -1.00     -1.00     -1.00       0  migration/2
15:14:02     1000      2324   20.00    3.00    0.00    0.00   23.00     8      3.00      0.00 5557220  382932   1.18      0.00      0.00      0.00       0  gnome-shell
15:14:02     1000      2622    6.00    2.00    0.00    0.00    8.00     0      0.00      0.00 5685392  231952   0.71      0.00      0.00      0.00       0  ToDesk
15:14:02        0      3243    1.00    2.00    0.00    0.00    3.00    15      0.00      0.00 2778564   67840   0.21     -1.00     -1.00     -1.00       0  ToDesk_Service
15:14:02     1000      4056    0.00    0.00    0.00    0.00    0.00     0      1.00      0.00  896292  154828   0.48      0.00      0.00      0.00       0  x-terminal-emul
15:14:02     1000     10251    0.00    0.00    0.00    0.00    0.00     6      3.00      0.00 34566360  113132   0.35      0.00      0.00      0.00       0  github-desktop
15:14:02     1000     32140    1.00    0.00    0.00    0.00    1.00    10      0.00      0.00 11729028  750980   2.31      0.00      0.00      0.00       0  com.alibabainc.
15:14:02     1000     45971    0.00    0.00    0.00    0.00    0.00    11      5.00      0.00 50049280  219548   0.67      0.00      0.00      0.00       0  com.alibabainc.
15:14:02     1000     46026    0.00    0.00    0.00    0.00    0.00     6      3.00      0.00 72700264  445552   1.37      0.00      0.00      0.00       0  com.alibabainc.
15:14:02     1000     52294    0.00    0.00    0.00    0.00    0.00     3      1.00      0.00 53387680  464012   1.42      0.00      0.00      0.00       0  com.alibabainc.
15:14:02     1000    156386    1.00    0.00    0.00    0.00    1.00     4      0.00      0.00 1788224   49216   0.15      0.00      0.00      0.00       0  nxplayer.bin
15:14:02        0    332726    0.00    0.00    0.00    0.00    0.00    15      1.00      0.00  361696  237316   0.73     -1.00     -1.00     -1.00       0  systemd-journal
15:14:02     1000    425773    1.00    1.00    0.00    0.00    2.00     8      2.00      0.00 51063092  392940   1.21      0.00      0.00      0.00       0  com.alibabainc.
15:14:02     1000    577014    2.00    1.00    0.00    0.00    3.00     2     21.00      0.00 1521087724  394584   1.21      0.00      0.00      0.00       0  code
15:14:02     1000    577063    5.00    2.00    0.00    0.00    7.00     4      0.00      0.00 51391360  244904   0.75      0.00      0.00      0.00       0  code
15:14:02     1000    577160    1.00    0.00    0.00    0.00    1.00    12    123.00      0.00 1518795316  679416   2.09      0.00      0.00      0.00       0  code
15:14:02     1000    577170    0.00    0.00    0.00    0.00    0.00    12      8.00      0.00 1520378324  115772   0.36      0.00      0.00      0.00       0  code
15:14:02     1000    577241    0.00    0.00    0.00    0.00    0.00    13      1.00      0.00  675972  180896   0.56      0.00      0.00      0.00       0  codex
15:14:02     1000    853053    1.00    1.00    0.00    0.00    2.00    10     26.00      0.00 55939148  497180   1.53      0.00      8.00      0.00       0  chrome
15:14:02     1000    853103    6.00    1.00    0.00    0.00    7.00     9      6.00      0.00 55916852  326156   1.00      0.00      0.00      0.00       0  chrome
15:14:02     1000    881951    0.00    1.00    0.00    0.00    1.00     2      0.00      0.00 55117148   61440   0.19      0.00      0.00      0.00       0  chrome
15:14:02        0   1049858    0.00    1.00    0.00    0.00    1.00    11      0.00      0.00       0       0   0.00     -1.00     -1.00     -1.00       0  kworker/u64:9-i915
15:14:02     1000   1074725    1.00    0.00    0.00    0.00    1.00    13     93.00      0.00  662772  183460   0.56      0.00      0.00      0.00       0  codex
15:14:02     1000   1075226    2.00    0.00    0.00    0.00    2.00    10     96.00      0.00 1518709156  334584   1.03      0.00      0.00      0.00       0  code
15:14:02     1000   1076599    0.00    0.00    0.00    0.00    0.00     9    439.00      0.00 1450899512   19100   0.06      0.00      0.00      0.00       0  codex-code-mode
15:14:02     1000   1109998    6.00    0.00    0.00    0.00    6.00     1    128.00      0.00 1518881204  382344   1.17      0.00      0.00      0.00       0  chrome
15:14:02     1000   1111013    4.00    1.00    0.00    0.00    5.00    12      0.00      0.00  900104   36272   0.11      0.00      0.00      0.00       0  real_go2_input_
15:14:02     1000   1111014   11.00    1.00    0.00    0.00   12.00     2      0.00      0.00  888000   78272   0.24      0.00      0.00      0.00       0  python3
15:14:02     1000   1111015   75.00    0.00    0.00    0.00   75.00     5      0.00      0.00 1149652  299800   0.92      0.00      4.00      0.00       0  scan_planner_no
15:14:02     1000   1111016   34.00    2.00    0.00    0.00   36.00     8   1734.00      0.00 4984052  133284   0.41      0.00      0.00      0.00       0  scan_mppi_contr
15:14:02     1000   1111017    2.00    1.00    0.00    0.00    3.00    10      0.00      0.00  750832   32456   0.10      0.00      0.00      0.00       0  cmd_vel_safety_
15:14:02     1000   1111018   12.00    1.00    0.00    0.00   13.00     1      0.00      0.00  884008   73648   0.23      0.00     96.00      0.00       0  telemetry_recor
15:14:02     1000   1111155    0.00    1.00    0.00    0.00    1.00     6      0.00      0.00   12708    5944   0.02      0.00      8.00      0.00       0  pidstat
15:14:02     1000   1111156    2.00    1.00    0.00    0.00    3.00    11      0.00      0.00 1102732  115348   0.35      0.00      0.00      0.00       0  ros2

# Time        UID       PID    %usr %system  %guest   %wait    %CPU   CPU  minflt/s  majflt/s     VSZ     RSS   %MEM   kB_rd/s   kB_wr/s kB_ccwr/s iodelay  Command
15:14:03        0       676    0.00    1.00    0.00    1.00    1.00     1      0.00      0.00       0       0   0.00     -1.00     -1.00     -1.00       0  irq/163-rtw89_pci
15:14:03        0      1370    1.00    0.00    0.00    0.00    1.00    13      0.00      0.00 2606064   21460   0.07     -1.00     -1.00     -1.00       0  containerd
15:14:03     1000      2075    0.00    1.00    0.00    0.00    1.00    10      0.00      0.00  121224   17284   0.05      0.00      0.00      0.00       0  pipewire
15:14:03     1000      2081    0.00    1.00    0.00    0.00    1.00     0      0.00      0.00  160440   48336   0.15      0.00      0.00      0.00       0  pipewire-pulse
15:14:03     1000      2324   19.00    3.00    0.00    0.00   22.00     2      1.00      0.00 5557284  382932   1.18      0.00      0.00      0.00       0  gnome-shell
15:14:03     1000      2622    5.00    2.00    0.00    0.00    7.00    12      0.00      0.00 5685392  231952   0.71      0.00      0.00      0.00       0  ToDesk
15:14:03      123      3242    1.00    0.00    0.00    0.00    1.00    15      0.00      0.00 2382192   76072   0.23     -1.00     -1.00     -1.00       0  nxserver.bin
15:14:03        0      3243    1.00    1.00    0.00    0.00    2.00    14      0.00      0.00 2778564   67840   0.21     -1.00     -1.00     -1.00       0  ToDesk_Service
15:14:03     1000     10213    0.00    0.00    0.00    0.00    0.00     0      4.00      0.00 1212301312  153700   0.47      0.00      0.00      0.00       0  github-desktop
15:14:03     1000     32140    2.00    1.00    0.00    0.00    3.00     4     43.00      0.00 11729028  750960   2.31      0.00      8.00      0.00       0  com.alibabainc.
15:14:03     1000     32292    1.00    0.00    0.00    0.00    1.00     2      1.00      0.00 1475368   79308   0.24      0.00      4.00      4.00       0  com.alibabainc.
15:14:03     1000     45971    0.00    0.00    0.00    0.00    0.00     6      5.00      0.00 50049280  219548   0.67      0.00      0.00      0.00       0  com.alibabainc.
15:14:03     1000     46026    1.00    0.00    0.00    0.00    1.00     6    209.00      0.00 73748840  446480   1.37      0.00      0.00      0.00       0  com.alibabainc.
15:14:03     1000     52294    1.00    0.00    0.00    0.00    1.00     1    709.00      0.00 53387680  463888   1.42      0.00      0.00      0.00       0  com.alibabainc.
15:14:03        0    332726    0.00    1.00    0.00    0.00    1.00    10     12.00      0.00  361696  237316   0.73     -1.00     -1.00     -1.00       0  systemd-journal
15:14:03     1000    425666    0.00    0.00    0.00    0.00    0.00    11      2.00      0.00 50028472  262052   0.80      0.00      0.00      0.00       0  com.alibabainc.
15:14:03     1000    425773    0.00    0.00    0.00    0.00    0.00     9      1.00      0.00 51063092  392940   1.21      0.00      0.00      0.00       0  com.alibabainc.
15:14:03     1000    426077    0.00    0.00    0.00    0.00    0.00     5      1.00      0.00 50132492  528136   1.62      0.00      0.00      0.00       0  com.alibabainc.
15:14:03     1000    577014    1.00    1.00    0.00    0.00    2.00    13      1.00      0.00 1521087724  394584   1.21      0.00      0.00      0.00       0  code
15:14:03     1000    577063    5.00    1.00    0.00    0.00    6.00     8      0.00      0.00 51391360  244904   0.75      0.00      0.00      0.00       0  code
15:14:03     1000    577107    0.00    0.00    0.00    0.00    0.00     1     11.00      0.00 1520761120  593516   1.82      0.00      0.00      0.00       0  code
15:14:03     1000    577132    0.00    0.00    0.00    0.00    0.00     0      2.00      0.00 1520364784  378364   1.16      0.00      0.00      0.00       0  code
15:14:03     1000    577160    2.00    0.00    0.00    0.00    2.00    10      0.00      0.00 1518795316  679416   2.09      0.00      0.00      0.00       0  code
15:14:03     1000    577241    0.00    0.00    0.00    0.00    0.00    13      1.00      0.00  675972  180896   0.56      0.00      0.00      0.00       0  codex
15:14:03     1000    577320    0.00    0.00    0.00    0.00    0.00     3     10.00      0.00 1520354644  108552   0.33      0.00      0.00      0.00       0  code
15:14:03     1000    853053    1.00    0.00    0.00    0.00    1.00    10     18.00      0.00 55939148  497308   1.53      0.00      0.00      0.00       0  chrome
15:14:03     1000    853103    6.00    1.00    0.00    0.00    7.00     8      4.00      0.00 55918304  326156   1.00      0.00      0.00      0.00       0  chrome
15:14:03     1000    888233    3.00    1.00    0.00    0.00    4.00     3      1.00      0.00 1754136  368608   1.13      0.00      0.00      0.00       0  gnome-system-mo
15:14:03        0   1049858    0.00    1.00    0.00    0.00    1.00    11      0.00      0.00       0       0   0.00     -1.00     -1.00     -1.00       0  kworker/u64:9-events_unbound
15:14:03     1000   1074725    1.00    0.00    0.00    0.00    1.00    13     23.00      0.00  662772  183460   0.56      0.00    200.00     72.00       0  codex
15:14:03     1000   1075226    2.00    1.00    0.00    0.00    3.00    12      5.00      0.00 1518709156  334584   1.03      0.00      0.00      0.00       0  code
15:14:03        0   1106397    0.00    1.00    0.00    0.00    1.00     2      0.00      0.00       0       0   0.00     -1.00     -1.00     -1.00       0  kworker/u65:2-rtw89_tx_wq
15:14:03     1000   1109998   21.00    2.00    0.00    0.00   23.00    14    502.00      0.00 1518881204  380556   1.17      0.00      0.00      0.00       0  chrome
15:14:03     1000   1111013    3.00    1.00    0.00    0.00    4.00    12      0.00      0.00  900104   36272   0.11      0.00      0.00      0.00       0  real_go2_input_
15:14:03     1000   1111014   12.00    0.00    0.00    1.00   12.00     0      0.00      0.00  888000   78272   0.24      0.00      0.00      0.00       0  python3
15:14:03     1000   1111015   79.00    1.00    0.00    0.00   80.00     7      0.00      0.00 1149652  299800   0.92      0.00      0.00      0.00       0  scan_planner_no
15:14:03     1000   1111016   35.00    2.00    0.00    1.00   37.00     2   3204.00      0.00 4984052  133304   0.41      0.00      0.00      0.00       0  scan_mppi_contr
15:14:03     1000   1111017    2.00    1.00    0.00    0.00    3.00    12      0.00      0.00  750832   32456   0.10      0.00      0.00      0.00       0  cmd_vel_safety_
15:14:03     1000   1111018   12.00    1.00    0.00    0.00   13.00    10      0.00      0.00  884008   73648   0.23      0.00    100.00      0.00       0  telemetry_recor
15:14:03     1000   1111155    1.00    1.00    0.00    0.00    2.00    10      0.00      0.00   12708    5944   0.02      0.00      8.00      0.00       0  pidstat
15:14:03     1000   1111156    2.00    2.00    0.00    0.00    4.00    11      0.00      0.00 1102732  115348   0.35      0.00      0.00      0.00       0  ros2

# Time        UID       PID    %usr %system  %guest   %wait    %CPU   CPU  minflt/s  majflt/s     VSZ     RSS   %MEM   kB_rd/s   kB_wr/s kB_ccwr/s iodelay  Command
15:14:04     1000      2324   18.00    3.00    0.00    0.00   21.00     5     22.00      0.00 5557028  383060   1.18      0.00      0.00      0.00       0  gnome-shell
15:14:04     1000      2622    5.00    1.00    0.00    0.00    6.00     8      0.00      0.00 5685392  231952   0.71      0.00      0.00      0.00       0  ToDesk
15:14:04      123      3242    1.00    1.00    0.00    0.00    2.00    15      1.00      0.00 2382192   76072   0.23     -1.00     -1.00     -1.00       0  nxserver.bin
15:14:04        0      3243    0.00    1.00    0.00    0.00    1.00    12      0.00      0.00 2778564   67840   0.21     -1.00     -1.00     -1.00       0  ToDesk_Service
15:14:04     1000     10268    0.00    0.00    0.00    0.00    0.00     4      3.00      0.00 33882424   63200   0.19      0.00      0.00      0.00       0  github-desktop
15:14:04     1000     32140    1.00    0.00    0.00    0.00    1.00    13      0.00      0.00 11729028  750960   2.31      0.00      0.00      0.00       0  com.alibabainc.
15:14:04     1000     32287    0.00    0.00    0.00    0.00    0.00    13      0.00      0.00  656296   28664   0.09      0.00      8.00      0.00       0  com.alibabainc.
15:14:04     1000     45971    0.00    0.00    0.00    0.00    0.00    12      5.00      0.00 50049280  219548   0.67      0.00      0.00      0.00       0  com.alibabainc.
15:14:04        0    332726    0.00    0.00    0.00    0.00    0.00    13     31.00      0.00  361696  237316   0.73     -1.00     -1.00     -1.00       0  systemd-journal
15:14:04     1000    577014    1.00    1.00    0.00    0.00    2.00     2      0.00      0.00 1521087724  394584   1.21      0.00      0.00      0.00       0  code
15:14:04     1000    577063    6.00    2.00    0.00    0.00    8.00     5      0.00      0.00 51391360  244904   0.75      0.00      0.00      0.00       0  code
15:14:04     1000    577067    0.00    0.00    0.00    0.00    0.00    10      3.00      0.00 50711564   88336   0.27      0.00      0.00      0.00       0  code
15:14:04     1000    577132    2.00    0.00    0.00    0.00    2.00     0    826.00      0.00 1520364784  375572   1.15      0.00      4.00      0.00       0  code
15:14:04     1000    577160    2.00    0.00    0.00    0.00    2.00    15      1.00      0.00 1518795316  679416   2.09      0.00      0.00      0.00       0  code
15:14:04     1000    577170    0.00    1.00    0.00    0.00    1.00    13      6.00      0.00 1520378324  115772   0.36      0.00      0.00      0.00       0  code
15:14:04     1000    577171    0.00    0.00    0.00    0.00    0.00     6     36.00      0.00 1520352992  125004   0.38      0.00      0.00      0.00       0  code
15:14:04     1000    577172    0.00    0.00    0.00    0.00    0.00     6      2.00      0.00 1520369816  113296   0.35      0.00      0.00      0.00       0  code
15:14:04     1000    577241    1.00    0.00    0.00    0.00    1.00    13     24.00      0.00  675972  180896   0.56      0.00    188.00     80.00       0  codex
15:14:04     1000    577320    0.00    0.00    0.00    0.00    0.00     3     12.00      0.00 1520354644  108552   0.33      0.00      0.00      0.00       0  code
15:14:04     1000    853053    2.00    1.00    0.00    0.00    3.00    13      0.00      0.00 55939148  497308   1.53      0.00      0.00      0.00       0  chrome
15:14:04     1000    853103    6.00    2.00    0.00    0.00    8.00     8     76.00      0.00 55917804  326144   1.00      0.00      0.00      0.00       0  chrome
15:14:04     1000    853105    0.00    0.00    0.00    0.00    0.00    15     16.00      0.00 55067288   94944   0.29      0.00      0.00      0.00       0  chrome
15:14:04     1000    853115    0.00    0.00    0.00    0.00    0.00     8      2.00      0.00 55302144   57156   0.18      0.00      0.00      0.00       0  chrome
15:14:04     1000    881951    1.00    0.00    0.00    0.00    1.00     2      1.00      0.00 55117148   61440   0.19      0.00      0.00      0.00       0  chrome
15:14:04     1000    888233    0.00    1.00    0.00    0.00    1.00    15      0.00      0.00 1754136  368608   1.13      0.00      0.00      0.00       0  gnome-system-mo
15:14:04        0   1049858    0.00    1.00    0.00    0.00    1.00     8      0.00      0.00       0       0   0.00     -1.00     -1.00     -1.00       0  kworker/u64:9-i915
15:14:04        0   1059497    0.00    1.00    0.00    0.00    1.00     8      0.00      0.00       0       0   0.00     -1.00     -1.00     -1.00       0  kworker/8:0-events
15:14:04        0   1074653    0.00    1.00    0.00    0.00    1.00    10      0.00      0.00       0       0   0.00     -1.00     -1.00     -1.00       0  kworker/u64:3-flush-259:0
15:14:04     1000   1074666    0.00    0.00    0.00    0.00    0.00     8      3.00      0.00 1520369816  130064   0.40      0.00      0.00      0.00       0  code
15:14:04     1000   1074681    0.00    0.00    0.00    0.00    0.00     8     23.00      0.00 1520363292  295368   0.91      0.00      0.00      0.00       0  code
15:14:04     1000   1075226    2.00    0.00    0.00    0.00    2.00    15      8.00      0.00 1518709156  334584   1.03      0.00      0.00      0.00       0  code
15:14:04     1000   1109998    8.00    1.00    0.00    0.00    9.00    14    325.00      0.00 1518881204  381196   1.17      0.00      0.00      0.00       0  chrome
15:14:04     1000   1111013    3.00    1.00    0.00    0.00    4.00    14      0.00      0.00  900104   36272   0.11      0.00      0.00      0.00       0  real_go2_input_
15:14:04     1000   1111014   15.00    1.00    0.00    0.00   16.00    12    103.00      0.00  888000   78272   0.24      0.00      0.00      0.00       0  python3
15:14:04     1000   1111015   77.00    0.00    0.00    0.00   77.00     7      0.00      0.00 1149652  299800   0.92      0.00      0.00      0.00       0  scan_planner_no
15:14:04     1000   1111016   43.00    3.00    0.00    0.00   46.00    13   7220.00      0.00 4984052  137960   0.42      0.00      0.00      0.00       0  scan_mppi_contr
15:14:04     1000   1111017    3.00    0.00    0.00    0.00    3.00     3      0.00      0.00  750832   32456   0.10      0.00      0.00      0.00       0  cmd_vel_safety_
15:14:04     1000   1111018   14.00    1.00    0.00    0.00   15.00    11      0.00      0.00  884008   73648   0.23      0.00     96.00      0.00       0  telemetry_recor
15:14:04     1000   1111155    0.00    1.00    0.00    0.00    1.00    10      0.00      0.00   12708    5944   0.02      0.00      8.00      0.00       0  pidstat
15:14:04     1000   1111156    2.00    0.00    0.00    0.00    2.00    11      0.00      0.00 1102732  115348   0.35      0.00      0.00      0.00       0  ros2

# Time        UID       PID    %usr %system  %guest   %wait    %CPU   CPU  minflt/s  majflt/s     VSZ     RSS   %MEM   kB_rd/s   kB_wr/s kB_ccwr/s iodelay  Command
15:14:05     1000      2324   17.00    3.00    0.00    0.00   20.00     0      0.00      0.00 5557028  383060   1.18      0.00      0.00      0.00       0  gnome-shell
15:14:05     1000      2622    6.00    1.00    0.00    0.00    7.00     8      0.00      0.00 5685392  231952   0.71      0.00      0.00      0.00       0  ToDesk
15:14:05        0      3243    1.00    2.00    0.00    0.00    3.00    12      0.00      0.00 2778564   67840   0.21     -1.00     -1.00     -1.00       0  ToDesk_Service
15:14:05     1000     32140    1.00    0.00    0.00    0.00    1.00    14      0.00      0.00 11729028  750960   2.31      0.00      0.00      0.00       0  com.alibabainc.
15:14:05     1000     45971    0.00    0.00    0.00    0.00    0.00    12      5.00      0.00 50049280  219548   0.67      0.00      0.00      0.00       0  com.alibabainc.
15:14:05        0    332726    0.00    0.00    0.00    0.00    0.00    13     11.00      0.00  361696  237316   0.73     -1.00     -1.00     -1.00       0  systemd-journal
15:14:05     1000    425666    0.00    0.00    0.00    0.00    0.00    13      1.00      0.00 50028472  262052   0.80      0.00      0.00      0.00       0  com.alibabainc.
15:14:05     1000    425773    0.00    0.00    0.00    0.00    0.00     9      1.00      0.00 51063092  392940   1.21      0.00      0.00      0.00       0  com.alibabainc.
15:14:05     1000    577014    2.00    0.00    0.00    0.00    2.00     1      1.00      0.00 1521087724  394584   1.21      0.00      0.00      0.00       0  code
15:14:05     1000    577063    5.00    1.00    0.00    0.00    6.00     8     45.00      0.00 51391872  244768   0.75      0.00      0.00      0.00       0  code
15:14:05     1000    577132    0.00    0.00    0.00    0.00    0.00     3     12.00      0.00 1520364784  375176   1.15      0.00      0.00      0.00       0  code
15:14:05     1000    577160    1.00    1.00    0.00    0.00    2.00    15      0.00      0.00 1518795316  679416   2.09      0.00      0.00      0.00       0  code
15:14:05     1000    577241    0.00    0.00    0.00    0.00    0.00    13      1.00      0.00  675972  180896   0.56      0.00      0.00      0.00       0  codex
15:14:05     1000    853053    0.00    1.00    0.00    0.00    1.00     2     29.00      0.00 55939148  496580   1.52      0.00      0.00      0.00       0  chrome
15:14:05     1000    853103    5.00    1.00    0.00    0.00    6.00    10      4.00      0.00 55916332  326144   1.00      0.00      0.00      0.00       0  chrome
15:14:05     1000    853105    0.00    0.00    0.00    0.00    0.00    15      1.00      0.00 55067288   94944   0.29      0.00      0.00      0.00       0  chrome
15:14:05        0   1049858    0.00    1.00    0.00    0.00    1.00    10      0.00      0.00       0       0   0.00     -1.00     -1.00     -1.00       0  kworker/u64:9-ext4-rsv-conversion
15:14:05     1000   1075226    1.00    0.00    0.00    0.00    1.00     2      7.00      0.00 1518709156  334584   1.03      0.00      0.00      0.00       0  code
15:14:05     1000   1095170    0.00    1.00    0.00    0.00    1.00    10      0.00      0.00  883436   72384   0.22      0.00      0.00      0.00       0  python3
15:14:05        0   1108714    0.00    1.00    0.00    0.00    1.00    15      0.00      0.00       0       0   0.00     -1.00     -1.00     -1.00       0  kworker/15:1-i915-unordered
15:14:05     1000   1109998    7.00    2.00    0.00    0.00    9.00     4    165.00      0.00 1518881204  381324   1.17      0.00      0.00      0.00       0  chrome
15:14:05     1000   1111013    3.00    2.00    0.00    0.00    5.00     1    234.00      0.00  900104   36748   0.11      0.00      0.00      0.00       0  real_go2_input_
15:14:05     1000   1111014   14.00    0.00    0.00    0.00   14.00    10    103.00      0.00  888000   78292   0.24      0.00      0.00      0.00       0  python3
15:14:05     1000   1111015   77.00    0.00    0.00    0.00   77.00     5      0.00      0.00 1149652  299800   0.92      0.00      0.00      0.00       0  scan_planner_no
15:14:05     1000   1111016   40.00    1.00    0.00    0.00   41.00     8     95.00      0.00 4984052  138344   0.42      0.00      0.00      0.00       0  scan_mppi_contr
15:14:05     1000   1111017    2.00    1.00    0.00    0.00    3.00     2      0.00      0.00  750832   32456   0.10      0.00      0.00      0.00       0  cmd_vel_safety_
15:14:05     1000   1111018   12.00    0.00    0.00    0.00   12.00     7      0.00      0.00  884008   73648   0.23      0.00     96.00      0.00       0  telemetry_recor
15:14:05     1000   1111155    0.00    1.00    0.00    0.00    1.00     6      0.00      0.00   12708    5944   0.02      0.00      8.00      0.00       0  pidstat
15:14:05     1000   1111156    2.00    1.00    0.00    0.00    3.00    12      0.00      0.00 1102732  115348   0.35      0.00      0.00      0.00       0  ros2

# Time        UID       PID    %usr %system  %guest   %wait    %CPU   CPU  minflt/s  majflt/s     VSZ     RSS   %MEM   kB_rd/s   kB_wr/s kB_ccwr/s iodelay  Command
15:14:06        0       676    0.00    1.00    0.00    0.00    1.00     1      0.00      0.00       0       0   0.00     -1.00     -1.00     -1.00       0  irq/163-rtw89_pci
15:14:06     1000      2081    1.00    0.00    0.00    0.00    1.00    14      0.00      0.00  160440   48336   0.15      0.00      0.00      0.00       0  pipewire-pulse
15:14:06     1000      2324   19.00    2.00    0.00    0.00   21.00    12      0.00      0.00 5557028  383060   1.18      0.00      0.00      0.00       0  gnome-shell
15:14:06     1000      2622    5.00    2.00    0.00    0.00    7.00     8      0.00      0.00 5685392  231952   0.71      0.00      0.00      0.00       0  ToDesk
15:14:06        0      3243    1.00    1.00    0.00    0.00    2.00    15      0.00      0.00 2778564   67840   0.21     -1.00     -1.00     -1.00       0  ToDesk_Service
15:14:06     1000     10251    0.00    0.00    0.00    0.00    0.00     1      3.00      0.00 34566360  113132   0.35      0.00      0.00      0.00       0  github-desktop
15:14:06     1000     32140    1.00    1.00    0.00    0.00    2.00    14      0.00      0.00 11729028  750960   2.31      0.00      4.00      0.00       0  com.alibabainc.
15:14:06     1000     45971    1.00    0.00    0.00    0.00    1.00    12      4.00      0.00 50049280  219676   0.67      0.00      0.00      0.00       0  com.alibabainc.
15:14:06        0    332726    0.00    0.00    0.00    0.00    0.00     2      1.00      0.00  361696  237316   0.73     -1.00     -1.00     -1.00       0  systemd-journal
15:14:06     1000    425666    1.00    0.00    0.00    0.00    1.00     2      1.00      0.00 50028472  262052   0.80      0.00      0.00      0.00       0  com.alibabainc.
15:14:06     1000    426077    1.00    0.00    0.00    0.00    1.00    10      0.00      0.00 50132492  528136   1.62      0.00      0.00      0.00       0  com.alibabainc.
15:14:06     1000    577014    1.00    1.00    0.00    0.00    2.00    13     17.00      0.00 1521087724  394584   1.21      0.00      0.00      0.00       0  code
15:14:06     1000    577063    5.00    1.00    0.00    0.00    6.00     8      4.00      0.00 51391360  244768   0.75      0.00      0.00      0.00       0  code
15:14:06     1000    577160    2.00    0.00    0.00    0.00    2.00     3    123.00      0.00 1518795316  679416   2.09      0.00      0.00      0.00       0  code
15:14:06     1000    853053    2.00    0.00    0.00    0.00    2.00    14      0.00      0.00 55939148  496580   1.52      0.00      0.00      0.00       0  chrome
15:14:06     1000    853103    6.00    1.00    0.00    0.00    7.00    12      3.00      0.00 55915804  326144   1.00      0.00      0.00      0.00       0  chrome
15:14:06     1000    888233    2.00    1.00    0.00    0.00    3.00     6      2.00      0.00 1754648  368608   1.13      0.00      0.00      0.00       0  gnome-system-mo
15:14:06        0   1049858    0.00    1.00    0.00    0.00    1.00     3      0.00      0.00       0       0   0.00     -1.00     -1.00     -1.00       0  kworker/u64:9-i915
15:14:06     1000   1074725    0.00    0.00    0.00    0.00    0.00    13      1.00      0.00  662772  183460   0.56      0.00      0.00      0.00       0  codex
15:14:06     1000   1075226    2.00    1.00    0.00    0.00    3.00     7      6.00      0.00 1518709156  334584   1.03      0.00      0.00      0.00       0  code
15:14:06        0   1106397    0.00    1.00    0.00    0.00    1.00    14      0.00      0.00       0       0   0.00     -1.00     -1.00     -1.00       0  kworker/u65:2-i915_flip
15:14:06     1000   1109998    7.00    1.00    0.00    0.00    8.00    12    130.00      0.00 1518881204  381324   1.17      0.00      0.00      0.00       0  chrome
15:14:06     1000   1111013    4.00    1.00    0.00    2.00    5.00     7      0.00      0.00  900104   36748   0.11      0.00      0.00      0.00       0  real_go2_input_
15:14:06     1000   1111014   11.00    0.00    0.00    0.00   11.00     2      0.00      0.00  888000   78292   0.24      0.00      0.00      0.00       0  python3
15:14:06     1000   1111015   77.00    1.00    0.00    0.00   78.00     6      0.00      0.00 1149652  299800   0.92      0.00      0.00      0.00       0  scan_planner_no
15:14:06     1000   1111016   38.00    2.00    0.00    0.00   40.00    15    298.00      0.00 4984052  139496   0.43      0.00      0.00      0.00       0  scan_mppi_contr
15:14:06     1000   1111017    3.00    1.00    0.00    0.00    4.00     5      0.00      0.00  750832   32456   0.10      0.00      0.00      0.00       0  cmd_vel_safety_
15:14:06     1000   1111018   12.00    1.00    0.00    0.00   13.00    10      0.00      0.00  884008   73648   0.23      0.00     96.00      0.00       0  telemetry_recor
15:14:06     1000   1111155    0.00    0.00    0.00    0.00    0.00     4      0.00      0.00   12708    5944   0.02      0.00      4.00      0.00       0  pidstat
15:14:06     1000   1111156    1.00    2.00    0.00    0.00    3.00    12      0.00      0.00 1102732  115348   0.35      0.00      0.00      0.00       0  ros2

# Time        UID       PID    %usr %system  %guest   %wait    %CPU   CPU  minflt/s  majflt/s     VSZ     RSS   %MEM   kB_rd/s   kB_wr/s kB_ccwr/s iodelay  Command
15:14:07        0        15    0.00    1.00    0.00    0.00    1.00     7      0.00      0.00       0       0   0.00     -1.00     -1.00     -1.00       0  rcu_preempt
15:14:07     1000      2075    0.00    1.00    0.00    0.00    1.00    10      0.00      0.00  121224   17284   0.05      0.00      0.00      0.00       0  pipewire
15:14:07     1000      2324   17.00    4.00    0.00    0.00   21.00    12      0.00      0.00 5557028  383060   1.18      0.00      0.00      0.00       0  gnome-shell
15:14:07     1000      2622    5.00    1.00    0.00    0.00    6.00     6      0.00      0.00 5685392  231952   0.71      0.00      0.00      0.00       0  ToDesk
15:14:07        0      3243    0.00    1.00    0.00    0.00    1.00    15      0.00      0.00 2778564   67840   0.21     -1.00     -1.00     -1.00       0  ToDesk_Service
15:14:07     1000     10213    0.00    0.00    0.00    0.00    0.00     1      5.00      0.00 1212301312  153700   0.47      0.00      0.00      0.00       0  github-desktop
15:14:07     1000     32140    2.00    0.00    0.00    0.00    2.00     6      0.00      0.00 11729028  750960   2.31      0.00      4.00      0.00       0  com.alibabainc.
15:14:07     1000     45971    0.00    0.00    0.00    0.00    0.00    12      5.00      0.00 50049280  219676   0.67      0.00      0.00      0.00       0  com.alibabainc.
15:14:07     1000     52294    1.00    0.00    0.00    0.00    1.00     1      0.00      0.00 53387680  463888   1.42      0.00      0.00      0.00       0  com.alibabainc.
15:14:07        0    332726    0.00    0.00    0.00    0.00    0.00     2      2.00      0.00  361696  237316   0.73     -1.00     -1.00     -1.00       0  systemd-journal
15:14:07     1000    425666    0.00    0.00    0.00    0.00    0.00     2      2.00      0.00 50028472  262052   0.80      0.00      0.00      0.00       0  com.alibabainc.
15:14:07     1000    577014    1.00    1.00    0.00    0.00    2.00    10      9.00      0.00 1521087724  394584   1.21      0.00      0.00      0.00       0  code
15:14:07     1000    577063    4.00    2.00    0.00    0.00    6.00     6      1.00      0.00 51391872  244768   0.75      0.00      0.00      0.00       0  code
15:14:07     1000    577132    0.00    1.00    0.00    0.00    1.00     6      0.00      0.00 1520364784  375176   1.15      0.00      0.00      0.00       0  code
15:14:07     1000    577160    1.00    0.00    0.00    0.00    1.00     3      0.00      0.00 1518795316  679416   2.09      0.00      0.00      0.00       0  code
15:14:07     1000    577170    0.00    0.00    0.00    0.00    0.00    13     11.00      0.00 1520378324  115772   0.36      0.00      0.00      0.00       0  code
15:14:07     1000    853053    1.00    1.00    0.00    0.00    2.00    14      0.00      0.00 55939148  496580   1.52      0.00      0.00      0.00       0  chrome
15:14:07     1000    853103    5.00    2.00    0.00    0.00    7.00     3     23.00      0.00 55916308  326144   1.00      0.00      0.00      0.00       0  chrome
15:14:07     1000    881951    1.00    0.00    0.00    0.00    1.00     6      0.00      0.00 55117148   61440   0.19      0.00      0.00      0.00       0  chrome
15:14:07        0   1049858    0.00    1.00    0.00    0.00    1.00     7      0.00      0.00       0       0   0.00     -1.00     -1.00     -1.00       0  kworker/u64:9-i915
15:14:07     1000   1075226    1.00    0.00    0.00    0.00    1.00     6     99.00      0.00 1518709156  334584   1.03      0.00      0.00      0.00       0  code
15:14:07     1000   1109998    6.00    1.00    0.00    0.00    7.00     0    266.00      0.00 1518881204  380340   1.17      0.00      0.00      0.00       0  chrome
15:14:07     1000   1111013    3.00    1.00    0.00    0.00    4.00    10      0.00      0.00  900104   36748   0.11      0.00      0.00      0.00       0  real_go2_input_
15:14:07     1000   1111014   11.00    1.00    0.00    0.00   12.00    10      0.00      0.00  888000   78292   0.24      0.00      0.00      0.00       0  python3
15:14:07     1000   1111015   73.00    0.00    0.00    0.00   73.00     5      0.00      0.00 1149652  299800   0.92      0.00      4.00      0.00       0  scan_planner_no
15:14:07     1000   1111016   34.00    1.00    0.00    0.00   35.00     6      0.00      0.00 4984052  139496   0.43      0.00      0.00      0.00       0  scan_mppi_contr
15:14:07     1000   1111017    2.00    0.00    0.00    0.00    2.00    11      0.00      0.00  750832   32456   0.10      0.00      0.00      0.00       0  cmd_vel_safety_
15:14:07     1000   1111018   12.00    2.00    0.00    0.00   14.00     2      0.00      0.00  884008   73648   0.23      0.00     96.00      0.00       0  telemetry_recor
15:14:07     1000   1111155    1.00    1.00    0.00    0.00    2.00     8      0.00      0.00   12708    5944   0.02      0.00      4.00      0.00       0  pidstat
15:14:07     1000   1111156    2.00    1.00    0.00    0.00    3.00    13      0.00      0.00 1102732  115348   0.35      0.00      0.00      0.00       0  ros2

# Time        UID       PID    %usr %system  %guest   %wait    %CPU   CPU  minflt/s  majflt/s     VSZ     RSS   %MEM   kB_rd/s   kB_wr/s kB_ccwr/s iodelay  Command
15:14:08     1000      2324   16.00    2.00    0.00    0.00   18.00     4      0.00      0.00 5557028  383060   1.18      0.00      0.00      0.00       0  gnome-shell
15:14:08     1000      2622    6.00    2.00    0.00    0.00    8.00     2      0.00      0.00 5685392  231952   0.71      0.00      0.00      0.00       0  ToDesk
15:14:08        0      3243    1.00    1.00    0.00    0.00    2.00    15      0.00      0.00 2778564   67840   0.21     -1.00     -1.00     -1.00       0  ToDesk_Service
15:14:08     1000     10268    0.00    0.00    0.00    0.00    0.00     8      3.00      0.00 33882424   63200   0.19      0.00      0.00      0.00       0  github-desktop
15:14:08     1000     32140    1.00    1.00    0.00    0.00    2.00     0      0.00      0.00 11729028  750960   2.31      0.00      0.00      0.00       0  com.alibabainc.
15:14:08     1000     45971    0.00    0.00    0.00    0.00    0.00    13      4.00      0.00 50049280  219676   0.67      0.00      0.00      0.00       0  com.alibabainc.
15:14:08        0    332726    0.00    0.00    0.00    0.00    0.00     8      1.00      0.00  361696  237316   0.73     -1.00     -1.00     -1.00       0  systemd-journal
15:14:08     1000    425773    0.00    0.00    0.00    0.00    0.00     9      1.00      0.00 51063092  392940   1.21      0.00      0.00      0.00       0  com.alibabainc.
15:14:08     1000    577014    2.00    0.00    0.00    0.00    2.00    12      1.00      0.00 1521087724  394584   1.21      0.00      0.00      0.00       0  code
15:14:08     1000    577063    5.00    1.00    0.00    0.00    6.00     8     15.00      0.00 51391360  244768   0.75      0.00      0.00      0.00       0  code
15:14:08     1000    577067    0.00    0.00    0.00    0.00    0.00    10      3.00      0.00 50711564   88336   0.27      0.00      0.00      0.00       0  code
15:14:08     1000    577107    0.00    0.00    0.00    0.00    0.00     1     11.00      0.00 1520761120  593644   1.82      0.00      0.00      0.00       0  code
15:14:08     1000    577160    1.00    0.00    0.00    0.00    1.00     5      1.00      0.00 1518795316  679416   2.09      0.00      0.00      0.00       0  code
15:14:08     1000    577170    1.00    0.00    0.00    0.00    1.00    13      5.00      0.00 1520378324  115772   0.36      0.00      0.00      0.00       0  code
15:14:08     1000    577171    0.00    0.00    0.00    0.00    0.00     9     36.00      0.00 1520352992  125004   0.38      0.00      0.00      0.00       0  code
15:14:08     1000    577172    0.00    0.00    0.00    0.00    0.00     6      3.00      0.00 1520369816  113296   0.35      0.00      0.00      0.00       0  code
15:14:08     1000    577320    0.00    0.00    0.00    0.00    0.00     3     29.00      0.00 1520354644  108552   0.33      0.00      0.00      0.00       0  code
15:14:08     1000    853053    1.00    0.00    0.00    0.00    1.00    15      0.00      0.00 55939148  496580   1.52      0.00      0.00      0.00       0  chrome
15:14:08     1000    853103    5.00    1.00    0.00    0.00    6.00    13     42.00      0.00 55916308  326232   1.00      0.00      0.00      0.00       0  chrome
15:14:08     1000    853105    0.00    0.00    0.00    0.00    0.00    15     11.00      0.00 55067288   94944   0.29      0.00      0.00      0.00       0  chrome
15:14:08     1000    853115    0.00    0.00    0.00    0.00    0.00     8      2.00      0.00 55302144   57156   0.18      0.00      0.00      0.00       0  chrome
15:14:08     1000    881951    0.00    1.00    0.00    0.00    1.00    11      1.00      0.00 55117148   61440   0.19      0.00      0.00      0.00       0  chrome
15:14:08        0   1049858    0.00    1.00    0.00    0.00    1.00     2      0.00      0.00       0       0   0.00     -1.00     -1.00     -1.00       0  kworker/u64:9-i915
15:14:08     1000   1074666    0.00    0.00    0.00    0.00    0.00    10      5.00      0.00 1520369816  130064   0.40      0.00      0.00      0.00       0  code
15:14:08     1000   1074681    0.00    0.00    0.00    0.00    0.00     8     24.00      0.00 1520363292  295368   0.91      0.00      0.00      0.00       0  code
15:14:08     1000   1075226    2.00    1.00    0.00    0.00    3.00     3      7.00      0.00 1518709156  334584   1.03      0.00      0.00      0.00       0  code
15:14:08     1000   1109998    6.00    1.00    0.00    0.00    7.00     4    204.00      0.00 1518881204  380424   1.17      0.00      0.00      0.00       0  chrome
15:14:08     1000   1111002    0.00    0.00    0.00    0.00    0.00    10      0.00      0.00  204040   41576   0.13      0.00      4.00      0.00       0  ros2
15:14:08     1000   1111013    3.00    0.00    0.00    0.00    3.00     9      0.00      0.00  900104   36748   0.11      0.00      0.00      0.00       0  real_go2_input_
15:14:08     1000   1111014   12.00    0.00    0.00    0.00   12.00     1      0.00      0.00  888000   78292   0.24      0.00      0.00      0.00       0  python3
15:14:08     1000   1111015   77.00    0.00    0.00    0.00   77.00     6      0.00      0.00 1149652  299800   0.92      0.00      0.00      0.00       0  scan_planner_no
15:14:08     1000   1111016   41.00    1.00    0.00    0.00   42.00    13    196.00      0.00 4984052  140264   0.43      0.00      0.00      0.00       0  scan_mppi_contr
15:14:08     1000   1111017    3.00    1.00    0.00    0.00    4.00     0      0.00      0.00  750832   32456   0.10      0.00      0.00      0.00       0  cmd_vel_safety_
15:14:08     1000   1111018   12.00    1.00    0.00    0.00   13.00     8      0.00      0.00  884008   73648   0.23      0.00    100.00      0.00       0  telemetry_recor
15:14:08     1000   1111155    0.00    0.00    0.00    0.00    0.00     4      0.00      0.00   12708    5944   0.02      0.00      8.00      0.00       0  pidstat
15:14:08     1000   1111156    2.00    1.00    0.00    0.00    3.00    12      0.00      0.00 1102732  113036   0.35      0.00      0.00      0.00       0  ros2

# Time        UID       PID    %usr %system  %guest   %wait    %CPU   CPU  minflt/s  majflt/s     VSZ     RSS   %MEM   kB_rd/s   kB_wr/s kB_ccwr/s iodelay  Command
15:14:09        0       676    0.00    1.00    0.00    0.00    1.00     1      0.00      0.00       0       0   0.00     -1.00     -1.00     -1.00       0  irq/163-rtw89_pci
15:14:09     1000      2075    1.00    0.00    0.00    0.00    1.00    10      0.00      0.00  121224   17284   0.05      0.00      0.00      0.00       0  pipewire
15:14:09     1000      2081    1.00    1.00    0.00    0.00    2.00    12      0.00      0.00  160440   48336   0.15      0.00      0.00      0.00       0  pipewire-pulse
15:14:09     1000      2324   19.00    2.00    0.00    0.00   21.00    14      0.00      0.00 5557028  383060   1.18      0.00      0.00      0.00       0  gnome-shell
15:14:09     1000      2622    5.00    2.00    0.00    0.00    7.00     0      0.00      0.00 5685392  231952   0.71      0.00      0.00      0.00       0  ToDesk
15:14:09        0      3243    0.00    2.00    0.00    0.00    2.00    15      0.00      0.00 2778564   67840   0.21     -1.00     -1.00     -1.00       0  ToDesk_Service
15:14:09     1000     32140    1.00    0.00    0.00    1.00    1.00    10      0.00      0.00 11729028  750960   2.31      0.00      0.00      0.00       0  com.alibabainc.
15:14:09     1000     45971    0.00    0.00    0.00    0.00    0.00     6      6.00      0.00 50049280  219676   0.67      0.00      0.00      0.00       0  com.alibabainc.
15:14:09        0    332726    0.00    0.00    0.00    0.00    0.00     8      1.00      0.00  361696  237316   0.73     -1.00     -1.00     -1.00       0  systemd-journal
15:14:09     1000    425666    0.00    0.00    0.00    0.00    0.00     1      2.00      0.00 50028472  262052   0.80      0.00      0.00      0.00       0  com.alibabainc.
15:14:09     1000    577014    1.00    0.00    0.00    0.00    1.00    13      1.00      0.00 1521087724  394584   1.21      0.00      0.00      0.00       0  code
15:14:09     1000    577063    6.00    1.00    0.00    0.00    7.00     0     44.00      0.00 51391872  244768   0.75      0.00      0.00      0.00       0  code
15:14:09     1000    577132    1.00    0.00    0.00    0.00    1.00    14     27.00      0.00 1520364784  375176   1.15      0.00      0.00      0.00       0  code
15:14:09     1000    577160    2.00    1.00    0.00    0.00    3.00     5      0.00      0.00 1518795316  679416   2.09      0.00      0.00      0.00       0  code
15:14:09     1000    577170    0.00    0.00    0.00    0.00    0.00    13      1.00      0.00 1520378324  115772   0.36      0.00      0.00      0.00       0  code
15:14:09     1000    577241    0.00    0.00    0.00    0.00    0.00    13      1.00      0.00  659564  180896   0.56      0.00      0.00      0.00       0  codex
15:14:09     1000    853053    1.00    1.00    0.00    0.00    2.00    12     36.00      0.00 55939148  496580   1.52      0.00      0.00      0.00       0  chrome
15:14:09     1000    853103    6.00    1.00    0.00    0.00    7.00    12     22.00      0.00 55915860  326232   1.00      0.00      0.00      0.00       0  chrome
15:14:09     1000    853105    0.00    0.00    0.00    0.00    0.00    15      6.00      0.00 55067288   94944   0.29      0.00      0.00      0.00       0  chrome
15:14:09     1000    880405    0.00    0.00    0.00    0.00    0.00    10      4.00      0.00 1518901172  351300   1.08      0.00      0.00      0.00       0  chrome
15:14:09     1000    881919    0.00    0.00    0.00    0.00    0.00    11      2.00      0.00 1518709688  114244   0.35      0.00      0.00      0.00       0  chrome
15:14:09     1000    888233    2.00    1.00    0.00    0.00    3.00     5      1.00      0.00 1754136  368608   1.13      0.00      0.00      0.00       0  gnome-system-mo
15:14:09        0   1049858    0.00    1.00    0.00    0.00    1.00     8      0.00      0.00       0       0   0.00     -1.00     -1.00     -1.00       0  kworker/u64:9-events_unbound
15:14:09     1000   1068542    0.00    0.00    0.00    0.00    0.00    13      0.00      0.00 1518790188  230008   0.71      0.00     60.00      0.00       0  chrome
15:14:09     1000   1073729    1.00    0.00    0.00    0.00    1.00    10      0.00      0.00  877608   71244   0.22      0.00      0.00      0.00       0  python3
15:14:09     1000   1075226    1.00    0.00    0.00    0.00    1.00     2      5.00      0.00 1518709156  334712   1.03      0.00      0.00      0.00       0  code
15:14:09        0   1106397    0.00    1.00    0.00    0.00    1.00    10      0.00      0.00       0       0   0.00     -1.00     -1.00     -1.00       0  kworker/u65:2-i915_flip
15:14:09     1000   1109998    7.00    1.00    0.00    0.00    8.00     1     89.00      0.00 1518881204  380364   1.17      0.00      0.00      0.00       0  chrome
15:14:09     1000   1111013    4.00    1.00    0.00    0.00    5.00    13      0.00      0.00  900104   36748   0.11      0.00      0.00      0.00       0  real_go2_input_
15:14:09     1000   1111014   11.00    0.00    0.00    0.00   11.00    15      0.00      0.00  888000   78292   0.24      0.00      0.00      0.00       0  python3
15:14:09     1000   1111015   80.00    1.00    0.00    0.00   81.00     4      0.00      0.00 1149652  299800   0.92      0.00      0.00      0.00       0  scan_planner_no
15:14:09     1000   1111016   40.00    3.00    0.00    0.00   43.00     1   3339.00      0.00 4992768  139896   0.43      0.00      0.00      0.00       0  scan_mppi_contr
15:14:09     1000   1111017    2.00    0.00    0.00    0.00    2.00    15      0.00      0.00  750832   32456   0.10      0.00      0.00      0.00       0  cmd_vel_safety_
15:14:09     1000   1111018   12.00    1.00    0.00    0.00   13.00    13      0.00      0.00  884008   73648   0.23      0.00     96.00      0.00       0  telemetry_recor
15:14:09     1000   1111155    0.00    1.00    0.00    0.00    1.00    10      0.00      0.00   12708    5944   0.02      0.00      4.00      0.00       0  pidstat
15:14:09     1000   1111156    2.00    0.00    0.00    0.00    2.00    14      0.00      0.00 1102732  113036   0.35      0.00      0.00      0.00       0  ros2

# Time        UID       PID    %usr %system  %guest   %wait    %CPU   CPU  minflt/s  majflt/s     VSZ     RSS   %MEM   kB_rd/s   kB_wr/s kB_ccwr/s iodelay  Command
15:14:10     1000      2324   19.00    2.00    0.00    0.00   21.00     5      0.00      0.00 5557028  383060   1.18      0.00      0.00      0.00       0  gnome-shell
15:14:10     1000      2622    5.00    1.00    0.00    0.00    6.00     2      0.00      0.00 5685392  231952   0.71      0.00      0.00      0.00       0  ToDesk
15:14:10        0      3243    1.00    1.00    0.00    0.00    2.00    15      0.00      0.00 2778564   67840   0.21     -1.00     -1.00     -1.00       0  ToDesk_Service
15:14:10     1000     10251    0.00    0.00    0.00    0.00    0.00    13      3.00      0.00 34566360  113132   0.35      0.00      0.00      0.00       0  github-desktop
15:14:10     1000     32140    1.00    0.00    0.00    0.00    1.00     1      0.00      0.00 11729028  750960   2.31      0.00      0.00      0.00       0  com.alibabainc.
15:14:10     1000     45971    0.00    0.00    0.00    0.00    0.00    12      5.00      0.00 50049280  219676   0.67      0.00      0.00      0.00       0  com.alibabainc.
15:14:10        0    332726    0.00    0.00    0.00    0.00    0.00     4      2.00      0.00  361696  237316   0.73     -1.00     -1.00     -1.00       0  systemd-journal
15:14:10      990    333267    0.00    1.00    0.00    0.00    1.00    10      0.00      0.00   17572    7292   0.02     -1.00     -1.00     -1.00       0  systemd-oomd
15:14:10     1000    425666    0.00    0.00    0.00    0.00    0.00     8      1.00      0.00 50028472  262052   0.80      0.00      0.00      0.00       0  com.alibabainc.
15:14:10     1000    577014    2.00    1.00    0.00    0.00    3.00     8     15.00      0.00 1521087724  394584   1.21      0.00      0.00      0.00       0  code
15:14:10     1000    577063    4.00    3.00    0.00    0.00    7.00     1      5.00      0.00 51391360  244768   0.75      0.00      0.00      0.00       0  code
15:14:10     1000    577107    0.00    0.00    0.00    0.00    0.00     4     21.00      0.00 1520761120  593644   1.82      0.00      0.00      0.00       0  code
15:14:10     1000    577132    1.00    0.00    0.00    0.00    1.00     0    823.00      0.00 1520364784  377272   1.16      0.00      0.00      0.00       0  code
15:14:10     1000    577160    2.00    0.00    0.00    0.00    2.00     5    700.00      0.00 1518795316  681592   2.09      0.00      0.00      0.00       0  code
15:14:10     1000    577241    0.00    0.00    0.00    0.00    0.00    13     45.00      0.00  758012  180740   0.55      0.00     76.00      0.00       0  codex
15:14:10     1000    853053    1.00    1.00    0.00    0.00    2.00     4      3.00      0.00 55939148  496580   1.52      0.00      0.00      0.00       0  chrome
15:14:10     1000    853103    5.00    2.00    0.00    0.00    7.00     8      1.00      0.00 55916244  326232   1.00      0.00      0.00      0.00       0  chrome
15:14:10     1000    853105    1.00    0.00    0.00    0.00    1.00    15     22.00      0.00 55067288   94944   0.29      0.00      0.00      0.00       0  chrome
15:14:10     1000    880405    0.00    0.00    0.00    0.00    0.00     2      0.00      0.00 1518901172  349956   1.07      0.00      0.00      0.00       0  chrome
15:14:10        0   1049858    0.00    1.00    0.00    0.00    1.00    15      0.00      0.00       0       0   0.00     -1.00     -1.00     -1.00       0  kworker/u64:9-events_unbound
15:14:10        0   1068456    0.00    1.00    0.00    0.00    1.00     8      0.00      0.00       0       0   0.00     -1.00     -1.00     -1.00       0  kworker/u64:2-i915
15:14:10     1000   1075226    2.00    0.00    0.00    0.00    2.00     9      6.00      0.00 1518709156  334712   1.03      0.00      0.00      0.00       0  code
15:14:10     1000   1109998    7.00    1.00    0.00    0.00    8.00     8    120.00      0.00 1518881204  380296   1.17      0.00      0.00      0.00       0  chrome
15:14:10     1000   1111013    4.00    1.00    0.00    0.00    5.00    13      0.00      0.00  900104   36748   0.11      0.00      0.00      0.00       0  real_go2_input_
15:14:10     1000   1111014   12.00    1.00    0.00    0.00   13.00     0      0.00      0.00  888000   78292   0.24      0.00      0.00      0.00       0  python3
15:14:10     1000   1111015   86.00    0.00    0.00    0.00   86.00     6      0.00      0.00 1149652  299800   0.92      0.00      4.00      0.00       0  scan_planner_no
15:14:10     1000   1111016   44.00    4.00    0.00    1.00   48.00     8   7957.00      0.00 4992768  138476   0.43      0.00      0.00      0.00       0  scan_mppi_contr
15:14:10     1000   1111017    3.00    1.00    0.00    1.00    4.00     8      0.00      0.00  750832   32456   0.10      0.00      0.00      0.00       0  cmd_vel_safety_
15:14:10     1000   1111018   12.00    1.00    0.00    0.00   13.00     2      0.00      0.00  884008   73648   0.23      0.00     96.00      0.00       0  telemetry_recor
15:14:10     1000   1111155    0.00    1.00    0.00    0.00    1.00     4      0.00      0.00   12708    5944   0.02      0.00      8.00      0.00       0  pidstat
15:14:10     1000   1111156    3.00    1.00    0.00    0.00    4.00    14     96.00      0.00 1102732  113420   0.35      0.00      0.00      0.00       0  ros2

# Time        UID       PID    %usr %system  %guest   %wait    %CPU   CPU  minflt/s  majflt/s     VSZ     RSS   %MEM   kB_rd/s   kB_wr/s kB_ccwr/s iodelay  Command
15:14:11        0         1    0.00    0.00    0.00    0.00    0.00     6      8.00      0.00   23564   14152   0.04     -1.00     -1.00     -1.00       0  systemd
15:14:11        0       676    0.00    1.00    0.00    0.00    1.00     1      0.00      0.00       0       0   0.00     -1.00     -1.00     -1.00       0  irq/163-rtw89_pci
15:14:11      987      1079    0.00    1.00    0.00    0.00    1.00    11      1.00      0.00  393536   16000   0.05     -1.00     -1.00     -1.00       0  polkitd
15:14:11        0      1142    0.00    1.00    0.00    0.00    1.00     2      0.00      0.00   18372   11308   0.03     -1.00     -1.00     -1.00       0  wpa_supplicant
15:14:11     1000      2324   18.00    3.00    0.00    0.00   21.00     5      3.00      0.00 5557228  383060   1.18      0.00      0.00      0.00       0  gnome-shell
15:14:11     1000      2622    5.00    2.00    0.00    0.00    7.00     2      0.00      0.00 5685392  231952   0.71      0.00      0.00      0.00       0  ToDesk
15:14:11        0      3243    1.00    2.00    0.00    0.00    3.00    15      0.00      0.00 2778564   67840   0.21     -1.00     -1.00     -1.00       0  ToDesk_Service
15:14:11     1000     10213    0.00    0.00    0.00    0.00    0.00     1      5.00      0.00 1212301312  153700   0.47      0.00      0.00      0.00       0  github-desktop
15:14:11     1000     32140    2.00    1.00    0.00    0.00    3.00     8      0.00      0.00 11729028  750960   2.31      0.00      8.00      0.00       0  com.alibabainc.
15:14:11     1000     45971    0.00    0.00    0.00    0.00    0.00     8      5.00      0.00 50049280  219676   0.67      0.00      0.00      0.00       0  com.alibabainc.
15:14:11        0    332726    0.00    0.00    0.00    0.00    0.00     8      3.00      0.00  361696  237316   0.73     -1.00     -1.00     -1.00       0  systemd-journal
15:14:11     1000    425773    0.00    0.00    0.00    0.00    0.00     6      1.00      0.00 51063092  392940   1.21      0.00      0.00      0.00       0  com.alibabainc.
15:14:11     1000    577014    1.00    1.00    0.00    0.00    2.00    10      1.00      0.00 1521087724  394584   1.21      0.00      0.00      0.00       0  code
15:14:11     1000    577063    5.00    1.00    0.00    0.00    6.00     0      2.00      0.00 51391936  244768   0.75      0.00      0.00      0.00       0  code
15:14:11     1000    577107    0.00    0.00    0.00    0.00    0.00     4      6.00      0.00 1520761120  593644   1.82      0.00      0.00      0.00       0  code
15:14:11     1000    577132    1.00    0.00    0.00    0.00    1.00     0      7.00      0.00 1520364784  377272   1.16      0.00      0.00      0.00       0  code
15:14:11     1000    577160    2.00    0.00    0.00    0.00    2.00    11      4.00      0.00 1518795316  681592   2.09      0.00      0.00      0.00       0  code
15:14:11     1000    577241    0.00    0.00    0.00    0.00    0.00    13      1.00      0.00  758012  180740   0.55      0.00      0.00      0.00       0  codex
15:14:11     1000    853053    1.00    1.00    0.00    0.00    2.00    10      0.00      0.00 55939148  496580   1.52      0.00      0.00      0.00       0  chrome
15:14:11     1000    853103    6.00    2.00    0.00    0.00    8.00     0     68.00      0.00 55916220  326232   1.00      0.00      0.00      0.00       0  chrome
15:14:11     1000    881951    1.00    0.00    0.00    0.00    1.00     3      0.00      0.00 55117148   61440   0.19      0.00      0.00      0.00       0  chrome
15:14:11     1000    888233    1.00    0.00    0.00    0.00    1.00    15      0.00      0.00 1754136  368608   1.13      0.00      0.00      0.00       0  gnome-system-mo
15:14:11        0   1049858    0.00    1.00    0.00    0.00    1.00     8      0.00      0.00       0       0   0.00     -1.00     -1.00     -1.00       0  kworker/u64:9-writeback
15:14:11        0   1068456    0.00    1.00    0.00    0.00    1.00    10      0.00      0.00       0       0   0.00     -1.00     -1.00     -1.00       0  kworker/u64:2-i915
15:14:11     1000   1068542    0.00    0.00    0.00    0.00    0.00    14      2.00      0.00 1518790188  230008   0.71      0.00      0.00      0.00       0  chrome
15:14:11     1000   1074725    0.00    0.00    0.00    0.00    0.00    13      1.00      0.00  662772  183460   0.56      0.00      0.00      0.00       0  codex
15:14:11     1000   1075226    1.00    1.00    0.00    2.00    2.00     7    101.00      0.00 1518709156  334712   1.03      0.00      0.00      0.00       0  code
15:14:11     1000   1109998    9.00    1.00    0.00    0.00   10.00     2    336.00      0.00 1518881268  380516   1.17      0.00     12.00      0.00       0  chrome
15:14:11     1000   1111013    3.00    1.00    0.00    0.00    4.00    12      0.00      0.00  900104   36748   0.11      0.00      0.00      0.00       0  real_go2_input_
15:14:11     1000   1111014   11.00    1.00    0.00    0.00   12.00     6      0.00      0.00  888000   78292   0.24      0.00      0.00      0.00       0  python3
15:14:11     1000   1111015   83.00    0.00    0.00    0.00   83.00     4     63.00      0.00 1149652  300184   0.92      0.00      0.00      0.00       0  scan_planner_no
15:14:11     1000   1111016   38.00    1.00    0.00    0.00   39.00    15   3884.00      0.00 4972848  122256   0.38      0.00      0.00      0.00       0  scan_mppi_contr
15:14:11     1000   1111017    3.00    1.00    0.00    0.00    4.00     6      0.00      0.00  750832   32456   0.10      0.00      0.00      0.00       0  cmd_vel_safety_
15:14:11     1000   1111018   12.00    1.00    0.00    0.00   13.00    14      0.00      0.00  884008   73648   0.23      0.00     96.00      0.00       0  telemetry_recor
15:14:11     1000   1111155    1.00    1.00    0.00    0.00    2.00     9      0.00      0.00   12708    5944   0.02      0.00      4.00      0.00       0  pidstat
15:14:11     1000   1111156    2.00    1.00    0.00    0.00    3.00    14      0.00      0.00 1102732  113420   0.35      0.00      0.00      0.00       0  ros2

# Time        UID       PID    %usr %system  %guest   %wait    %CPU   CPU  minflt/s  majflt/s     VSZ     RSS   %MEM   kB_rd/s   kB_wr/s kB_ccwr/s iodelay  Command
15:14:12        0        15    0.00    1.00    0.00    0.00    1.00    12      0.00      0.00       0       0   0.00     -1.00     -1.00     -1.00       0  rcu_preempt
15:14:12        0        54    0.00    1.00    0.00    0.00    1.00    12      0.00      0.00       0       0   0.00     -1.00     -1.00     -1.00       0  migration/12
15:14:12        0       676    0.00    1.00    0.00    0.00    1.00     1      0.00      0.00       0       0   0.00     -1.00     -1.00     -1.00       0  irq/163-rtw89_pci
15:14:12        0      1119    0.00    1.00    0.00    0.00    1.00     1      0.00      0.00  425208   10052   0.03     -1.00     -1.00     -1.00       0  thermald
15:14:12     1000      2324   19.00    3.00    0.00    0.00   22.00     1      5.00      0.00 5557228  382920   1.18      0.00      0.00      0.00       0  gnome-shell
15:14:12     1000      2622    6.00    1.00    0.00    0.00    7.00    12      0.00      0.00 5685392  231952   0.71      0.00      0.00      0.00       0  ToDesk
15:14:12        0      3243    0.00    2.00    0.00    0.00    2.00    15      1.00      0.00 2778564   67840   0.21     -1.00     -1.00     -1.00       0  ToDesk_Service
15:14:12     1000     10268    0.00    0.00    0.00    0.00    0.00     8      3.00      0.00 33882424   63200   0.19      0.00      0.00      0.00       0  github-desktop
15:14:12     1000     32140    1.00    0.00    0.00    0.00    1.00     6      0.00      0.00 11729028  750960   2.31      0.00      0.00      0.00       0  com.alibabainc.
15:14:12     1000     45971    1.00    0.00    0.00    0.00    1.00    10      6.00      0.00 50049280  219676   0.67      0.00      0.00      0.00       0  com.alibabainc.
15:14:12     1000    156386    1.00    1.00    0.00    0.00    2.00     2      0.00      0.00 1788224   49216   0.15      0.00      0.00      0.00       0  nxplayer.bin
15:14:12        0    332726    0.00    0.00    0.00    0.00    0.00    13      2.00      0.00  361696  237316   0.73     -1.00     -1.00     -1.00       0  systemd-journal
15:14:12     1000    425666    0.00    0.00    0.00    0.00    0.00     8      2.00      0.00 50028472  262052   0.80      0.00      0.00      0.00       0  com.alibabainc.
15:14:12     1000    425773    1.00    0.00    0.00    0.00    1.00     6      0.00      0.00 51063092  392940   1.21      0.00      0.00      0.00       0  com.alibabainc.
15:14:12     1000    516139    1.00    0.00    0.00    0.00    1.00    10      0.00      0.00 5453760   36688   0.11      0.00      0.00      0.00       0  clash
15:14:12     1000    577014    1.00    0.00    0.00    0.00    1.00     6      9.00      0.00 1521087724  394584   1.21      0.00      0.00      0.00       0  code
15:14:12     1000    577063    6.00    1.00    0.00    0.00    7.00    11     16.00      0.00 51392000  244768   0.75      0.00      0.00      0.00       0  code
15:14:12     1000    577067    0.00    0.00    0.00    0.00    0.00    10      3.00      0.00 50711564   88336   0.27      0.00      0.00      0.00       0  code
15:14:12     1000    577160    1.00    0.00    0.00    0.00    1.00    13      0.00      0.00 1518795316  681592   2.09      0.00      0.00      0.00       0  code
15:14:12     1000    577170    0.00    0.00    0.00    0.00    0.00     2     17.00      0.00 1520378324  115772   0.36      0.00      0.00      0.00       0  code
15:14:12     1000    577171    0.00    1.00    0.00    0.00    1.00     9     36.00      0.00 1520352992  125004   0.38      0.00      0.00      0.00       0  code
15:14:12     1000    577172    0.00    0.00    0.00    0.00    0.00     1      3.00      0.00 1520369816  113296   0.35      0.00      0.00      0.00       0  code
15:14:12     1000    577320    0.00    0.00    0.00    0.00    0.00     8     12.00      0.00 1520354644  108552   0.33      0.00      0.00      0.00       0  code
15:14:12     1000    853053    2.00    1.00    0.00    0.00    3.00    12      2.00      0.00 55939148  496580   1.52      0.00     20.00      0.00       0  chrome
15:14:12     1000    853103    7.00    1.00    0.00    0.00    8.00    10     39.00      0.00 55916220  325956   1.00      0.00      0.00      0.00       0  chrome
15:14:12     1000    853105    0.00    0.00    0.00    0.00    0.00    15     38.00      0.00 55067288   94812   0.29      0.00      8.00      0.00       0  chrome
15:14:12     1000    853115    0.00    0.00    0.00    0.00    0.00     8      2.00      0.00 55302144   57156   0.18      0.00      0.00      0.00       0  chrome
15:14:12     1000    881951    0.00    0.00    0.00    0.00    0.00     3      1.00      0.00 55117148   61440   0.19      0.00      0.00      0.00       0  chrome
15:14:12     1000    888233    2.00    2.00    0.00    0.00    4.00    15      1.00      0.00 1754136  368608   1.13      0.00      0.00      0.00       0  gnome-system-mo
15:14:12     1000   1074666    0.00    0.00    0.00    0.00    0.00    10      4.00      0.00 1520369816  130064   0.40      0.00      0.00      0.00       0  code
15:14:12     1000   1074681    0.00    0.00    0.00    0.00    0.00     8     25.00      0.00 1520363292  295368   0.91      0.00      0.00      0.00       0  code
15:14:12     1000   1074725    0.00    0.00    0.00    0.00    0.00    13      1.00      0.00  646364  183460   0.56      0.00      0.00      0.00       0  codex
15:14:12     1000   1075226    2.00    0.00    0.00    0.00    2.00     8      4.00      0.00 1518709156  334840   1.03      0.00      0.00      0.00       0  code
15:14:12     1000   1076599    0.00    0.00    0.00    0.00    0.00     9      0.00      0.00 1450897440   19100   0.06      0.00      0.00      0.00       0  codex-code-mode
15:14:12        0   1106397    0.00    1.00    0.00    0.00    1.00    12      0.00      0.00       0       0   0.00     -1.00     -1.00     -1.00       0  kworker/u65:2+i915_flip
15:14:12     1000   1109998    9.00    2.00    0.00    0.00   11.00     7    480.00      0.00 1518881268  380576   1.17      0.00      0.00      0.00       0  chrome
15:14:12     1000   1111002    1.00    0.00    0.00    0.00    1.00    10      1.00      0.00  204040   41576   0.13      0.00      4.00      0.00       0  ros2
15:14:12     1000   1111013    4.00    1.00    0.00    0.00    5.00    13      0.00      0.00  900104   36748   0.11      0.00      0.00      0.00       0  real_go2_input_
15:14:12     1000   1111014   12.00    0.00    0.00    0.00   12.00     3      0.00      0.00  888000   78292   0.24      0.00      0.00      0.00       0  python3
15:14:12     1000   1111015   88.00    0.00    0.00    0.00   88.00     4      0.00      0.00 1149652  300184   0.92      0.00      4.00      0.00       0  scan_planner_no
15:14:12     1000   1111016   51.00    4.00    0.00    0.00   55.00     8  13911.00      0.00 4984076  127564   0.39      0.00      0.00      0.00       0  scan_mppi_contr
15:14:12     1000   1111017    3.00    0.00    0.00    0.00    3.00    14      1.00      0.00  750832   32456   0.10      0.00      0.00      0.00       0  cmd_vel_safety_
15:14:12     1000   1111018   14.00    1.00    0.00    1.00   15.00    13      0.00      0.00  884008   73648   0.23      0.00     96.00      0.00       0  telemetry_recor
15:14:12     1000   1111155    0.00    0.00    0.00    0.00    0.00     9      0.00      0.00   12708    5944   0.02      0.00      4.00      0.00       0  pidstat
15:14:12     1000   1111156    2.00    0.00    0.00    0.00    2.00    14    128.00      0.00 1102732  113932   0.35      0.00      0.00      0.00       0  ros2

# Time        UID       PID    %usr %system  %guest   %wait    %CPU   CPU  minflt/s  majflt/s     VSZ     RSS   %MEM   kB_rd/s   kB_wr/s kB_ccwr/s iodelay  Command
15:14:13        0       370    0.00    1.00    0.00    0.00    1.00    13      0.00      0.00       0       0   0.00     -1.00     -1.00     -1.00       0  kworker/13:1H-i915_cleanup
15:14:13        0       676    0.00    4.00    0.00    0.00    4.00     1      0.00      0.00       0       0   0.00     -1.00     -1.00     -1.00       0  irq/163-rtw89_pci
15:14:13        0      1029    0.00    1.00    0.00    0.00    1.00     6      0.00      0.00       0       0   0.00     -1.00     -1.00     -1.00       0  kworker/6:1H-i915_cleanup
15:14:13     1000      2075    0.00    1.00    0.00    0.00    1.00    10      0.00      0.00  121224   17284   0.05      0.00      0.00      0.00       0  pipewire
15:14:13     1000      2324   20.00    2.00    0.00    0.00   22.00     6      1.00      0.00 5557288  382920   1.18      0.00      0.00      0.00       0  gnome-shell
15:14:13     1000      2622    5.00    2.00    0.00    0.00    7.00     2      0.00      0.00 5685392  231952   0.71      0.00      0.00      0.00       0  ToDesk
15:14:13        0      3243    1.00    1.00    0.00    0.00    2.00    15      0.00      0.00 2778564   67840   0.21     -1.00     -1.00     -1.00       0  ToDesk_Service
15:14:13     1000     32140    1.00    0.00    0.00    0.00    1.00     8      0.00      0.00 11729028  750960   2.31      0.00      0.00      0.00       0  com.alibabainc.
15:14:13     1000     45971    0.00    0.00    0.00    0.00    0.00     8      4.00      0.00 50049280  219676   0.67      0.00      0.00      0.00       0  com.alibabainc.
15:14:13        0    332726    0.00    0.00    0.00    0.00    0.00    12      2.00      0.00  361696  237316   0.73     -1.00     -1.00     -1.00       0  systemd-journal
15:14:13     1000    577014    1.00    1.00    0.00    0.00    2.00    13      1.00      0.00 1521087724  394584   1.21      0.00      0.00      0.00       0  code
15:14:13     1000    577063    6.00    1.00    0.00    0.00    7.00    13     42.00      0.00 51391936  244732   0.75      0.00      0.00      0.00       0  code
15:14:13     1000    577107    0.00    0.00    0.00    0.00    0.00     1     11.00      0.00 1520761120  593644   1.82      0.00      0.00      0.00       0  code
15:14:13     1000    577132    0.00    0.00    0.00    0.00    0.00    12     24.00      0.00 1520364784  376852   1.16      0.00      0.00      0.00       0  code
15:14:13     1000    577160    2.00    1.00    0.00    0.00    3.00     3      1.00      0.00 1518795316  681592   2.09      0.00      0.00      0.00       0  code
15:14:13     1000    577320    0.00    0.00    0.00    0.00    0.00     4     13.00      0.00 1520354644  108680   0.33      0.00      0.00      0.00       0  code
15:14:13     1000    853053    2.00    0.00    0.00    0.00    2.00    13     36.00      0.00 55939148  496708   1.52      0.00      0.00      0.00       0  chrome
15:14:13     1000    853103    7.00    2.00    0.00    0.00    9.00    14     64.00      0.00 55916712  326220   1.00      0.00      0.00      0.00       0  chrome
15:14:13     1000    881951    0.00    1.00    0.00    0.00    1.00     0      0.00      0.00 55117148   61440   0.19      0.00      0.00      0.00       0  chrome
15:14:13        0   1049858    0.00    1.00    0.00    0.00    1.00     2      0.00      0.00       0       0   0.00     -1.00     -1.00     -1.00       0  kworker/u64:9-events_unbound
15:14:13        0   1068456    0.00    1.00    0.00    0.00    1.00     4      0.00      0.00       0       0   0.00     -1.00     -1.00     -1.00       0  kworker/u64:2-i915
15:14:13     1000   1074666    0.00    1.00    0.00    0.00    1.00    10      0.00      0.00 1520369816  130064   0.40      0.00      0.00      0.00       0  code
15:14:13     1000   1074725    0.00    0.00    0.00    0.00    0.00    13     11.00      0.00  646236  183280   0.56      0.00     64.00      0.00       0  codex
15:14:13     1000   1075226    2.00    0.00    0.00    0.00    2.00    10      6.00      0.00 1518709156  334840   1.03      0.00      0.00      0.00       0  code
15:14:13     1000   1095170    1.00    0.00    0.00    0.00    1.00     0      0.00      0.00  883436   72384   0.22      0.00      0.00      0.00       0  python3
15:14:13     1000   1109998   11.00    2.00    0.00    0.00   13.00     4    670.00      0.00 1518881268  381024   1.17      0.00      8.00      0.00       0  chrome
15:14:13     1000   1111013    4.00    1.00    0.00    0.00    5.00    14      0.00      0.00  900104   36748   0.11      0.00      0.00      0.00       0  real_go2_input_
15:14:13     1000   1111014   11.00    1.00    0.00    0.00   12.00    10      0.00      0.00  888000   78292   0.24      0.00      0.00      0.00       0  python3
15:14:13     1000   1111015   88.00    1.00    0.00    0.00   89.00     5      0.00      0.00 1149652  300184   0.92      0.00      0.00      0.00       0  scan_planner_no
15:14:13     1000   1111016   37.00    1.00    0.00    0.00   38.00    13    820.00      0.00 4984944  130764   0.40      0.00      0.00      0.00       0  scan_mppi_contr
15:14:13     1000   1111017    3.00    1.00    0.00    0.00    4.00     4      0.00      0.00  750832   32456   0.10      0.00      0.00      0.00       0  cmd_vel_safety_
15:14:13     1000   1111018   13.00    1.00    0.00    0.00   14.00     7      0.00      0.00  884008   73648   0.23      0.00     96.00      0.00       0  telemetry_recor
15:14:13     1000   1111155    0.00    1.00    0.00    0.00    1.00     8      0.00      0.00   12708    5944   0.02      0.00      8.00      0.00       0  pidstat
15:14:13     1000   1111156    2.00    1.00    0.00    0.00    3.00    14      0.00      0.00 1102732  113932   0.35      0.00      0.00      0.00       0  ros2

# Time        UID       PID    %usr %system  %guest   %wait    %CPU   CPU  minflt/s  majflt/s     VSZ     RSS   %MEM   kB_rd/s   kB_wr/s kB_ccwr/s iodelay  Command
15:14:14        0       676    0.00    1.00    0.00    0.00    1.00     1      0.00      0.00       0       0   0.00     -1.00     -1.00     -1.00       0  irq/163-rtw89_pci
15:14:14        0      1071    0.00    1.00    0.00    0.00    1.00     8      0.00      0.00   15268    7648   0.02     -1.00     -1.00     -1.00       0  bluetoothd
15:14:14     1000      2075    1.00    0.00    0.00    0.00    1.00    10      0.00      0.00  121224   17284   0.05      0.00      0.00      0.00       0  pipewire
15:14:14     1000      2081    1.00    1.00    0.00    0.00    2.00     4      0.00      0.00  160440   48336   0.15      0.00      0.00      0.00       0  pipewire-pulse
15:14:14     1000      2324   20.00    3.00    0.00    1.00   23.00    12      0.00      0.00 5557284  382920   1.18      0.00      0.00      0.00       0  gnome-shell
15:14:14     1000      2622    5.00    1.00    0.00    0.00    6.00    10      0.00      0.00 5685392  231952   0.71      0.00      0.00      0.00       0  ToDesk
15:14:14      123      3242    0.00    1.00    0.00    0.00    1.00    12      0.00      0.00 2382192   76072   0.23     -1.00     -1.00     -1.00       0  nxserver.bin
15:14:14        0      3243    1.00    1.00    0.00    0.00    2.00    12      0.00      0.00 2778564   67840   0.21     -1.00     -1.00     -1.00       0  ToDesk_Service
15:14:14     1000     10251    0.00    0.00    0.00    0.00    0.00    13      3.00      0.00 34566360  113132   0.35      0.00      0.00      0.00       0  github-desktop
15:14:14     1000     32140    1.00    1.00    0.00    0.00    2.00     8      0.00      0.00 11729028  750960   2.31      0.00      0.00      0.00       0  com.alibabainc.
15:14:14     1000     45971    0.00    0.00    0.00    0.00    0.00     8      6.00      0.00 50049280  219676   0.67      0.00      0.00      0.00       0  com.alibabainc.
15:14:14        0    332726    0.00    0.00    0.00    0.00    0.00     8      2.00      0.00  361696  237316   0.73     -1.00     -1.00     -1.00       0  systemd-journal
15:14:14     1000    425666    0.00    0.00    0.00    0.00    0.00     6      3.00      0.00 50028472  262052   0.80      0.00      0.00      0.00       0  com.alibabainc.
15:14:14     1000    425773    0.00    0.00    0.00    0.00    0.00     8      1.00      0.00 51063092  392940   1.21      0.00      0.00      0.00       0  com.alibabainc.
15:14:14     1000    577014    2.00    1.00    0.00    0.00    3.00    14     14.00      0.00 1521087724  394584   1.21      0.00      0.00      0.00       0  code
15:14:14     1000    577063    6.00    1.00    0.00    0.00    7.00    10      0.00      0.00 51391808  244732   0.75      0.00      0.00      0.00       0  code
15:14:14     1000    577132    0.00    0.00    0.00    0.00    0.00     2      1.00      0.00 1520364784  376852   1.16      0.00      0.00      0.00       0  code
15:14:14     1000    577160    2.00    0.00    0.00    0.00    2.00     4    109.00      0.00 1518795316  681592   2.09      0.00      0.00      0.00       0  code
15:14:14     1000    577170    0.00    0.00    0.00    0.00    0.00    10      1.00      0.00 1520378324  115772   0.36      0.00      0.00      0.00       0  code
15:14:14     1000    853053    2.00    1.00    0.00    0.00    3.00    14      0.00      0.00 55939148  496708   1.52      0.00      0.00      0.00       0  chrome
15:14:14     1000    853103    7.00    1.00    0.00    0.00    8.00    14     25.00      0.00 55916776  326348   1.00      0.00      0.00      0.00       0  chrome
15:14:14        0   1068456    0.00    1.00    0.00    0.00    1.00     8      0.00      0.00       0       0   0.00     -1.00     -1.00     -1.00       0  kworker/u64:2-i915
15:14:14     1000   1074725    0.00    0.00    0.00    0.00    0.00    13      1.00      0.00  646236  183280   0.56      0.00      0.00      0.00       0  codex
15:14:14     1000   1075226    2.00    0.00    0.00    0.00    2.00     7      6.00      0.00 1518709156  334840   1.03      0.00      0.00      0.00       0  code
15:14:14        0   1106397    0.00    1.00    0.00    1.00    1.00    14      0.00      0.00       0       0   0.00     -1.00     -1.00     -1.00       0  kworker/u65:2-hci0
15:14:14        0   1108714    0.00    1.00    0.00    0.00    1.00    15      0.00      0.00       0       0   0.00     -1.00     -1.00     -1.00       0  kworker/15:1-i915-unordered
15:14:14     1000   1109998   12.00    3.00    0.00    0.00   15.00    12    908.00      0.00 1518881268  381564   1.17      0.00      0.00      0.00       0  chrome
15:14:14     1000   1111013    4.00    1.00    0.00    0.00    5.00     9      0.00      0.00  900104   36748   0.11      0.00      0.00      0.00       0  real_go2_input_
15:14:14     1000   1111014   12.00    0.00    0.00    0.00   12.00     7      0.00      0.00  888000   78292   0.24      0.00      0.00      0.00       0  python3
15:14:14     1000   1111015   85.00    0.00    0.00    0.00   85.00     6      0.00      0.00 1149652  300184   0.92      0.00      0.00      0.00       0  scan_planner_no
15:14:14     1000   1111016   49.00    4.00    0.00    0.00   53.00    14  10065.00      0.00 4983488  116140   0.36      0.00      0.00      0.00       0  scan_mppi_contr
15:14:14     1000   1111017    2.00    0.00    0.00    0.00    2.00     2      0.00      0.00  750832   32456   0.10      0.00      0.00      0.00       0  cmd_vel_safety_
15:14:14     1000   1111018   13.00    1.00    0.00    0.00   14.00     5      0.00      0.00  884008   73648   0.23      0.00     96.00      0.00       0  telemetry_recor
15:14:14     1000   1111155    1.00    1.00    0.00    0.00    2.00     8      0.00      0.00   12708    5944   0.02      0.00      8.00      0.00       0  pidstat
15:14:14     1000   1111156    2.00    1.00    0.00    0.00    3.00    14      0.00      0.00 1102732  113932   0.35      0.00      0.00      0.00       0  ros2

# Time        UID       PID    %usr %system  %guest   %wait    %CPU   CPU  minflt/s  majflt/s     VSZ     RSS   %MEM   kB_rd/s   kB_wr/s kB_ccwr/s iodelay  Command
15:14:15        0       676    0.00    2.00    0.00    0.00    2.00     1      0.00      0.00       0       0   0.00     -1.00     -1.00     -1.00       0  irq/163-rtw89_pci
15:14:15     1000      2324   20.00    4.00    0.00    0.00   24.00     1      0.00      0.00 5557284  382920   1.18      0.00      0.00      0.00       0  gnome-shell
15:14:15     1000      2622    5.00    2.00    0.00    0.00    7.00    13      0.00      0.00 5685392  231952   0.71      0.00      0.00      0.00       0  ToDesk
15:14:15        0      3243    1.00    2.00    0.00    0.00    3.00    13      0.00      0.00 2778564   67840   0.21     -1.00     -1.00     -1.00       0  ToDesk_Service
15:14:15     1000     10213    0.00    0.00    0.00    0.00    0.00     1      5.00      0.00 1212301312  153700   0.47      0.00      0.00      0.00       0  github-desktop
15:14:15     1000     32140    1.00    0.00    0.00    0.00    1.00     4      0.00      0.00 11729028  750960   2.31      0.00      0.00      0.00       0  com.alibabainc.
15:14:15     1000     45971    0.00    0.00    0.00    0.00    0.00    10      4.00      0.00 50049280  219804   0.67      0.00      0.00      0.00       0  com.alibabainc.
15:14:15        0    332726    0.00    0.00    0.00    0.00    0.00     8      1.00      0.00  361696  237316   0.73     -1.00     -1.00     -1.00       0  systemd-journal
15:14:15     1000    425666    0.00    0.00    0.00    0.00    0.00     6      2.00      0.00 50028472  262052   0.80      0.00      0.00      0.00       0  com.alibabainc.
15:14:15     1000    577014    1.00    1.00    0.00    0.00    2.00     8      1.00      0.00 1521087724  394584   1.21      0.00      0.00      0.00       0  code
15:14:15     1000    577063    7.00    1.00    0.00    0.00    8.00     2      1.00      0.00 51391360  244732   0.75      0.00      0.00      0.00       0  code
15:14:15     1000    577160    1.00    0.00    0.00    0.00    1.00    11      1.00      0.00 1518795316  681592   2.09      0.00      0.00      0.00       0  code
15:14:15     1000    577241    0.00    0.00    0.00    0.00    0.00    13      2.00      0.00  758012  180740   0.55      0.00      0.00      0.00       0  codex
15:14:15     1000    853053    1.00    1.00    0.00    1.00    2.00    10      0.00      0.00 55939148  496708   1.52      0.00      0.00      0.00       0  chrome
15:14:15     1000    853103    8.00    1.00    0.00    0.00    9.00     2      4.00      0.00 55916792  326348   1.00      0.00      0.00      0.00       0  chrome
15:14:15     1000    881951    1.00    0.00    0.00    0.00    1.00     0      0.00      0.00 55117148   61440   0.19      0.00      0.00      0.00       0  chrome
15:14:15     1000    888233    2.00    1.00    0.00    0.00    3.00     8      1.00      0.00 1754136  368608   1.13      0.00      0.00      0.00       0  gnome-system-mo
15:14:15        0   1025923    0.00    1.00    0.00    0.00    1.00     0      0.00      0.00       0       0   0.00     -1.00     -1.00     -1.00       0  kworker/0:0-events
15:14:15        0   1068456    0.00    1.00    0.00    0.00    1.00     4      0.00      0.00       0       0   0.00     -1.00     -1.00     -1.00       0  kworker/u64:2-i915
15:14:15     1000   1074725    0.00    0.00    0.00    0.00    0.00    13      1.00      0.00  646236  183280   0.56      0.00      0.00      0.00       0  codex
15:14:15     1000   1075226    1.00    0.00    0.00    0.00    1.00     1    102.00      0.00 1518709156  334840   1.03      0.00      0.00      0.00       0  code
15:14:15     1000   1109998   26.00    1.00    0.00    0.00   27.00    14    932.00      0.00 1518881268  381176   1.17      0.00      4.00      0.00       0  chrome
15:14:15     1000   1111002    0.00    0.00    0.00    0.00    0.00     4      0.00      0.00  204040   41576   0.13      0.00      4.00      0.00       0  ros2
15:14:15     1000   1111013    4.00    2.00    0.00    0.00    6.00     8      0.00      0.00  900104   36748   0.11      0.00      0.00      0.00       0  real_go2_input_
15:14:15     1000   1111014   13.00    1.00    0.00    0.00   14.00     3      0.00      0.00  888000   78292   0.24      0.00      0.00      0.00       0  python3
15:14:15     1000   1111015   88.00    1.00    0.00    1.00   89.00     7      0.00      0.00 1149652  300184   0.92      0.00      0.00      0.00       0  scan_planner_no
15:14:15     1000   1111016   46.00    4.00    0.00    0.00   50.00    12  14332.00      0.00 4983488  120096   0.37      0.00      0.00      0.00       0  scan_mppi_contr
15:14:15     1000   1111017    3.00    1.00    0.00    0.00    4.00     2      0.00      0.00  750832   32456   0.10      0.00      0.00      0.00       0  cmd_vel_safety_
15:14:15     1000   1111018   14.00    0.00    0.00    0.00   14.00     5      0.00      0.00  884008   73648   0.23      0.00     96.00      0.00       0  telemetry_recor
15:14:15     1000   1111155    0.00    1.00    0.00    0.00    1.00     4      0.00      0.00   12708    5944   0.02      0.00      4.00      0.00       0  pidstat
15:14:15     1000   1111156    2.00    1.00    0.00    0.00    3.00    13      0.00      0.00 1102732  113932   0.35      0.00      0.00      0.00       0  ros2

# Time        UID       PID    %usr %system  %guest   %wait    %CPU   CPU  minflt/s  majflt/s     VSZ     RSS   %MEM   kB_rd/s   kB_wr/s kB_ccwr/s iodelay  Command
15:14:16        0      1141    1.00    0.00    0.00    0.00    1.00     7      0.00      0.00  625260   21556   0.07     -1.00     -1.00     -1.00       0  NetworkManager
15:14:16     1000      2324   19.00    3.00    0.00    0.00   22.00    13     37.00      0.00 5557348  383048   1.18      0.00      0.00      0.00       0  gnome-shell
15:14:16     1000      2622    6.00    2.00    0.00    0.00    8.00     8      0.00      0.00 5685392  231952   0.71      0.00      0.00      0.00       0  ToDesk
15:14:16        0      3243    1.00    1.00    0.00    0.00    2.00    13      0.00      0.00 2778564   67840   0.21     -1.00     -1.00     -1.00       0  ToDesk_Service
15:14:16     1000     10213    0.00    0.00    0.00    0.00    0.00     1      3.00      0.00 1212301312  153700   0.47      0.00      0.00      0.00       0  github-desktop
15:14:16     1000     10268    0.00    0.00    0.00    0.00    0.00     8      3.00      0.00 33882424   63200   0.19      0.00      0.00      0.00       0  github-desktop
15:14:16     1000     32140    2.00    1.00    0.00    0.00    3.00     7      0.00      0.00 11729028  750960   2.31      0.00      0.00      0.00       0  com.alibabainc.
15:14:16     1000     45971    1.00    0.00    0.00    0.00    1.00    15      4.00      0.00 50049280  219804   0.67      0.00      0.00      0.00       0  com.alibabainc.
15:14:16        0    332726    0.00    0.00    0.00    0.00    0.00     8      1.00      0.00  361696  237316   0.73     -1.00     -1.00     -1.00       0  systemd-journal
15:14:16     1000    425666    0.00    0.00    0.00    0.00    0.00     4      1.00      0.00 50028472  262052   0.80      0.00      0.00      0.00       0  com.alibabainc.
15:14:16     1000    426077    1.00    0.00    0.00    0.00    1.00    12      0.00      0.00 50132492  528136   1.62      0.00      0.00      0.00       0  com.alibabainc.
15:14:16     1000    516139    0.00    1.00    0.00    0.00    1.00    14     16.00      0.00 5453760   36688   0.11      0.00      0.00      0.00       0  clash
15:14:16     1000    577014    1.00    1.00    0.00    0.00    2.00    12      4.00      0.00 1521087724  394584   1.21      0.00      0.00      0.00       0  code
15:14:16     1000    577063    6.00    1.00    0.00    0.00    7.00     3      1.00      0.00 51391808  244732   0.75      0.00      0.00      0.00       0  code
15:14:16     1000    577067    0.00    0.00    0.00    0.00    0.00    10      3.00      0.00 50711564   88336   0.27      0.00      0.00      0.00       0  code
15:14:16     1000    577107    1.00    0.00    0.00    0.00    1.00     1    234.00      0.00 1520761120  594412   1.82      0.00      0.00      0.00       0  code
15:14:16     1000    577132    1.00    0.00    0.00    0.00    1.00    11    262.00      0.00 1520364784  377748   1.16      0.00      0.00      0.00       0  code
15:14:16     1000    577160    1.00    1.00    0.00    0.00    2.00     9      0.00      0.00 1518795316  681592   2.09      0.00      0.00      0.00       0  code
15:14:16     1000    577170    0.00    0.00    0.00    0.00    0.00    11      6.00      0.00 1520378324  115772   0.36      0.00      0.00      0.00       0  code
15:14:16     1000    577171    0.00    0.00    0.00    0.00    0.00     9     38.00      0.00 1520352992  125004   0.38      0.00      0.00      0.00       0  code
15:14:16     1000    577172    0.00    0.00    0.00    0.00    0.00     1      5.00      0.00 1520369816  113296   0.35      0.00      0.00      0.00       0  code
15:14:16     1000    577320    0.00    0.00    0.00    0.00    0.00     4     12.00      0.00 1520354644  108680   0.33      0.00      0.00      0.00       0  code
15:14:16     1000    799234    1.00    0.00    0.00    0.00    1.00     4      0.00      0.00 2026456  190724   0.59      0.00      0.00      0.00       0  gnome-control-c
15:14:16     1000    853053    1.00    2.00    0.00    0.00    3.00    15     65.00      0.00 55939148  496836   1.53      0.00    112.00      0.00       0  chrome
15:14:16     1000    853103    6.00    2.00    0.00    0.00    8.00     8     47.00      0.00 55916768  326200   1.00      0.00      0.00      0.00       0  chrome
15:14:16     1000    853105    0.00    0.00    0.00    0.00    0.00    14     48.00      0.00 55067288   94812   0.29      0.00      8.00      0.00       0  chrome
15:14:16     1000    853115    0.00    0.00    0.00    0.00    0.00     8      2.00      0.00 55302144   57156   0.18      0.00      0.00      0.00       0  chrome
15:14:16     1000    880405    1.00    0.00    0.00    0.00    1.00     0   1009.00      0.00 1518901172  353796   1.09      0.00      0.00      0.00       0  chrome
15:14:16     1000    881951    0.00    0.00    0.00    0.00    0.00     3      1.00      0.00 55117148   61440   0.19      0.00      0.00      0.00       0  chrome
15:14:16        0   1068456    0.00    2.00    0.00    0.00    2.00    13      0.00      0.00       0       0   0.00     -1.00     -1.00     -1.00       0  kworker/u64:2-flush-259:0
15:14:16     1000   1074666    0.00    0.00    0.00    0.00    0.00    10      6.00      0.00 1520369816  130064   0.40      0.00      0.00      0.00       0  code
15:14:16     1000   1074681    0.00    0.00    0.00    0.00    0.00     8     26.00      0.00 1520363292  295368   0.91      0.00      0.00      0.00       0  code
15:14:16     1000   1075226    2.00    1.00    0.00    0.00    3.00     4      4.00      0.00 1518709156  334840   1.03      0.00      0.00      0.00       0  code
15:14:16     1000   1109998    6.00    1.00    0.00    0.00    7.00    14    180.00      0.00 1518881396  380552   1.17      0.00      0.00      0.00       0  chrome
15:14:16     1000   1111013    4.00    0.00    0.00    0.00    4.00     2      0.00      0.00  900104   36748   0.11      0.00      0.00      0.00       0  real_go2_input_
15:14:16     1000   1111014   12.00    0.00    0.00    0.00   12.00    11      0.00      0.00  888000   78292   0.24      0.00      0.00      0.00       0  python3
15:14:16     1000   1111015   85.00    0.00    0.00    0.00   85.00     0      0.00      0.00 1149652  300184   0.92      0.00      0.00      0.00       0  scan_planner_no
15:14:16     1000   1111016   50.00    2.00    0.00    0.00   52.00     5  12366.00      0.00 4972848  113632   0.35      0.00      0.00      0.00       0  scan_mppi_contr
15:14:16     1000   1111017    2.00    1.00    0.00    0.00    3.00     2      0.00      0.00  750832   32456   0.10      0.00      0.00      0.00       0  cmd_vel_safety_
15:14:16     1000   1111018   13.00    2.00    0.00    0.00   15.00     1      0.00      0.00  884008   73648   0.23      0.00    100.00      0.00       0  telemetry_recor
15:14:16     1000   1111155    0.00    0.00    0.00    0.00    0.00     4      0.00      0.00   12708    5944   0.02      0.00      8.00      0.00       0  pidstat
15:14:16     1000   1111156    2.00    1.00    0.00    0.00    3.00    13      0.00      0.00 1102732  113932   0.35      0.00      0.00      0.00       0  ros2

# Time        UID       PID    %usr %system  %guest   %wait    %CPU   CPU  minflt/s  majflt/s     VSZ     RSS   %MEM   kB_rd/s   kB_wr/s kB_ccwr/s iodelay  Command
15:14:17        0        15    0.00    1.00    0.00    0.00    1.00    12      0.00      0.00       0       0   0.00     -1.00     -1.00     -1.00       0  rcu_preempt
15:14:17        0       676    0.00    1.00    0.00    0.00    1.00     1      0.00      0.00       0       0   0.00     -1.00     -1.00     -1.00       0  irq/163-rtw89_pci
15:14:17     1000      2324   18.00    3.00    0.00    0.00   21.00     8      0.00      0.00 5557348  383048   1.18      0.00      0.00      0.00       0  gnome-shell
15:14:17     1000      2622    5.00    1.00    0.00    0.00    6.00     2      0.00      0.00 5685392  231952   0.71      0.00      0.00      0.00       0  ToDesk
15:14:17        0      3243    0.00    2.00    0.00    0.00    2.00    12      0.00      0.00 2778564   67840   0.21     -1.00     -1.00     -1.00       0  ToDesk_Service
15:14:17     1000     32140    1.00    0.00    0.00    0.00    1.00    12      0.00      0.00 11729028  750960   2.31      0.00      0.00      0.00       0  com.alibabainc.
15:14:17     1000     45971    0.00    0.00    0.00    0.00    0.00    15      5.00      0.00 50049280  219804   0.67      0.00      0.00      0.00       0  com.alibabainc.
15:14:17        0    332726    0.00    0.00    0.00    0.00    0.00    13      1.00      0.00  361696  237316   0.73     -1.00     -1.00     -1.00       0  systemd-journal
15:14:17     1000    425666    1.00    0.00    0.00    0.00    1.00     4      0.00      0.00 50028472  262052   0.80      0.00      0.00      0.00       0  com.alibabainc.
15:14:17     1000    425773    0.00    0.00    0.00    0.00    0.00    13      2.00      0.00 51063092  392940   1.21      0.00      0.00      0.00       0  com.alibabainc.
15:14:17     1000    577014    1.00    1.00    0.00    0.00    2.00    12      6.00      0.00 1521087724  394712   1.21      0.00      0.00      0.00       0  code
15:14:17     1000    577063    6.00    1.00    0.00    0.00    7.00     6     58.00      0.00 51391360  244856   0.75      0.00      0.00      0.00       0  code
15:14:17     1000    577132    0.00    0.00    0.00    0.00    0.00     4    372.00      0.00 1520364784  378532   1.16      0.00      0.00      0.00       0  code
15:14:17     1000    577160    2.00    0.00    0.00    0.00    2.00    10      1.00      0.00 1518795316  681592   2.09      0.00      0.00      0.00       0  code
15:14:17     1000    577170    0.00    0.00    0.00    0.00    0.00    11     10.00      0.00 1520378324  115772   0.36      0.00      0.00      0.00       0  code
15:14:17     1000    853053    1.00    0.00    0.00    0.00    1.00     6     35.00      0.00 55939148  496532   1.52      0.00      0.00      0.00       0  chrome
15:14:17     1000    853103    6.00    1.00    0.00    0.00    7.00     5     25.00      0.00 55916764  326328   1.00      0.00      0.00      0.00       0  chrome
15:14:17     1000    881251    0.00    0.00    0.00    0.00    0.00    13      2.00      0.00 72661500  495440   1.52      0.00      0.00      0.00       0  com.alibabainc.
15:14:17     1000    881951    0.00    1.00    0.00    0.00    1.00     3      0.00      0.00 55117148   61440   0.19      0.00      0.00      0.00       0  chrome
15:14:17        0   1049858    0.00    1.00    0.00    0.00    1.00    10      0.00      0.00       0       0   0.00     -1.00     -1.00     -1.00       0  kworker/u64:9-i915
15:14:17     1000   1074725    0.00    0.00    0.00    0.00    0.00    13      1.00      0.00  646236  183280   0.56      0.00      0.00      0.00       0  codex
15:14:17     1000   1075226    1.00    0.00    0.00    0.00    1.00     8      4.00      0.00 1518709156  334840   1.03      0.00      0.00      0.00       0  code
15:14:17        0   1106397    0.00    1.00    0.00    0.00    1.00    12      0.00      0.00       0       0   0.00     -1.00     -1.00     -1.00       0  kworker/u65:2-i915_flip
15:14:17     1000   1109998    7.00    1.00    0.00    0.00    8.00     0    151.00      0.00 1518881396  380660   1.17      0.00      0.00      0.00       0  chrome
15:14:17     1000   1111013    2.00    2.00    0.00    0.00    4.00     2      0.00      0.00  900104   36748   0.11      0.00      0.00      0.00       0  real_go2_input_
15:14:17     1000   1111014   11.00    1.00    0.00    0.00   12.00     9      0.00      0.00  888000   78292   0.24      0.00      0.00      0.00       0  python3
15:14:17     1000   1111015   80.00    0.00    0.00    0.00   80.00     7      0.00      0.00 1149652  300184   0.92      0.00      0.00      0.00       0  scan_planner_no
15:14:17     1000   1111016   36.00    4.00    0.00    0.00   40.00     1   4592.00      0.00 4972848  119136   0.37      0.00      0.00      0.00       0  scan_mppi_contr
15:14:17     1000   1111017    3.00    0.00    0.00    0.00    3.00     4      0.00      0.00  750832   32456   0.10      0.00      0.00      0.00       0  cmd_vel_safety_
15:14:17     1000   1111018   12.00    1.00    0.00    0.00   13.00    15      0.00      0.00  884008   73648   0.23      0.00     92.00      0.00       0  telemetry_recor
15:14:17     1000   1111155    1.00    1.00    0.00    0.00    2.00    10      0.00      0.00   12708    5944   0.02      0.00      4.00      0.00       0  pidstat
15:14:17     1000   1111156    2.00    1.00    0.00    0.00    3.00    15      0.00      0.00 1102732  113932   0.35      0.00      0.00      0.00       0  ros2

# Time        UID       PID    %usr %system  %guest   %wait    %CPU   CPU  minflt/s  majflt/s     VSZ     RSS   %MEM   kB_rd/s   kB_wr/s kB_ccwr/s iodelay  Command
15:14:18     1000      2075    1.00    0.00    0.00    0.00    1.00    10      0.00      0.00  121224   17284   0.05      0.00      0.00      0.00       0  pipewire
15:14:18     1000      2324   19.00    4.00    0.00    0.00   23.00    11      3.00      0.00 5557288  383048   1.18      0.00      0.00      0.00       0  gnome-shell
15:14:18     1000      2622    5.00    2.00    0.00    0.00    7.00     2      0.00      0.00 5685392  231952   0.71      0.00      0.00      0.00       0  ToDesk
15:14:18        0      3243    1.00    2.00    0.00    0.00    3.00    15      0.00      0.00 2778564   67840   0.21     -1.00     -1.00     -1.00       0  ToDesk_Service
15:14:18     1000     10251    0.00    0.00    0.00    0.00    0.00    14      3.00      0.00 34566360  113132   0.35      0.00      0.00      0.00       0  github-desktop
15:14:18     1000     32140    1.00    1.00    0.00    0.00    2.00     0      0.00      0.00 11729028  750960   2.31      0.00      0.00      0.00       0  com.alibabainc.
15:14:18     1000     45971    0.00    0.00    0.00    0.00    0.00     0      6.00      0.00 50049280  219804   0.67      0.00      0.00      0.00       0  com.alibabainc.
15:14:18        0    332726    0.00    0.00    0.00    0.00    0.00    10      1.00      0.00  361696  237316   0.73     -1.00     -1.00     -1.00       0  systemd-journal
15:14:18     1000    425666    0.00    0.00    0.00    1.00    0.00    14      2.00      0.00 50028472  262052   0.80      0.00      0.00      0.00       0  com.alibabainc.
15:14:18     1000    426077    0.00    0.00    0.00    0.00    0.00    13      1.00      0.00 50132492  528136   1.62      0.00      0.00      0.00       0  com.alibabainc.
15:14:18     1000    577014    3.00    6.00    0.00    0.00    9.00    12  25321.00      0.00 1521087724  394548   1.21      0.00      0.00      0.00       0  code
15:14:18     1000    577063    5.00    1.00    0.00    1.00    6.00     5     15.00      0.00 51391360  244856   0.75      0.00      0.00      0.00       0  code
15:14:18     1000    577107    2.00    2.00    0.00    0.00    4.00     4   7116.00      0.00 1520761120  610828   1.87      0.00      0.00      0.00       0  code
15:14:18     1000    577132   44.00    4.00    0.00    0.00   48.00     5  15701.00      0.00 1520364784  381932   1.17      0.00      0.00      0.00       0  code
15:14:18     1000    577160   56.00    7.00    0.00    0.00   63.00     6  35289.00      0.00 1518795316  716852   2.20      0.00      0.00      0.00       0  code
15:14:18     1000    577170    0.00    0.00    0.00    0.00    0.00    14      1.00      0.00 1520378324  115772   0.36      0.00      0.00      0.00       0  code
15:14:18     1000    577320    0.00    0.00    0.00    0.00    0.00    10     13.00      0.00 1520354644  108680   0.33      0.00      0.00      0.00       0  code
15:14:18     1000    853053    2.00    1.00    0.00    0.00    3.00     2     18.00      0.00 55939148  496660   1.52      0.00      0.00      0.00       0  chrome
15:14:18     1000    853103    7.00    1.00    0.00    0.00    8.00     8     10.00      0.00 55916776  326328   1.00      0.00      0.00      0.00       0  chrome
15:14:18     1000    880405    0.00    0.00    0.00    0.00    0.00    13      2.00      0.00 1518901172  353796   1.09      0.00      0.00      0.00       0  chrome
15:14:18     1000    881251    0.00    0.00    0.00    0.00    0.00    13      2.00      0.00 72661500  495440   1.52      0.00      0.00      0.00       0  com.alibabainc.
15:14:18     1000    888233    3.00    1.00    0.00    0.00    4.00    12      2.00      0.00 1754648  368608   1.13      0.00      0.00      0.00       0  gnome-system-mo
15:14:18        0   1049858    0.00    1.00    0.00    1.00    1.00    10      0.00      0.00       0       0   0.00     -1.00     -1.00     -1.00       0  kworker/u64:9-i915
15:14:18     1000   1074725    0.00    0.00    0.00    0.00    0.00    13      1.00      0.00  646236  183280   0.56      0.00      0.00      0.00       0  codex
15:14:18     1000   1075226    2.00    3.00    0.00    0.00    5.00     5   9381.00      0.00 1518709156  338728   1.04      0.00      0.00      0.00       0  code
15:14:18     1000   1109998   11.00    2.00    0.00    1.00   13.00     4    346.00      0.00 1518881396  381168   1.17      0.00      0.00      0.00       0  chrome
15:14:18     1000   1111013    5.00    1.00    0.00    1.00    6.00    13      0.00      0.00  900104   36748   0.11      0.00      0.00      0.00       0  real_go2_input_
15:14:18     1000   1111014   13.00    0.00    0.00    1.00   13.00    13      0.00      0.00  888000   78292   0.24      0.00      0.00      0.00       0  python3
15:14:18     1000   1111015   81.00    0.00    0.00    0.00   81.00     7      0.00      0.00 1149652  300184   0.92      0.00      0.00      0.00       0  scan_planner_no
15:14:18     1000   1111016   40.00    1.00    0.00    1.00   41.00    14   3382.00      0.00 4982552  132704   0.41      0.00      0.00      0.00       0  scan_mppi_contr
15:14:18     1000   1111017    3.00    1.00    0.00    1.00    4.00     5      0.00      0.00  750832   32456   0.10      0.00      0.00      0.00       0  cmd_vel_safety_
15:14:18     1000   1111018   15.00    1.00    0.00    0.00   16.00     1      0.00      0.00  884008   73648   0.23      0.00    100.00      0.00       0  telemetry_recor
15:14:18     1000   1111155    0.00    0.00    0.00    0.00    0.00    10      0.00      0.00   12708    5944   0.02      0.00      8.00      0.00       0  pidstat
15:14:18     1000   1111156    3.00    1.00    0.00    0.00    4.00    13      0.00      0.00 1102732  113932   0.35      0.00      0.00      0.00       0  ros2

# Time        UID       PID    %usr %system  %guest   %wait    %CPU   CPU  minflt/s  majflt/s     VSZ     RSS   %MEM   kB_rd/s   kB_wr/s kB_ccwr/s iodelay  Command
15:14:19     1000      2075    0.00    1.00    0.00    0.00    1.00    10      0.00      0.00  121224   17284   0.05      0.00      0.00      0.00       0  pipewire
15:14:19     1000      2081    0.00    1.00    0.00    0.00    1.00    14      0.00      0.00  160440   48336   0.15      0.00      0.00      0.00       0  pipewire-pulse
15:14:19     1000      2324   19.00    3.00    0.00    0.00   22.00     2      0.00      0.00 5557288  383048   1.18      0.00      0.00      0.00       0  gnome-shell
15:14:19     1000      2622    5.00    1.00    0.00    0.00    6.00     4      0.00      0.00 5685392  231952   0.71      0.00      0.00      0.00       0  ToDesk
15:14:19        0      3243    0.00    1.00    0.00    0.00    1.00    13      0.00      0.00 2778564   67840   0.21     -1.00     -1.00     -1.00       0  ToDesk_Service
15:14:19     1000     10213    0.00    0.00    0.00    0.00    0.00     1      4.00      0.00 1212301312  153700   0.47      0.00      0.00      0.00       0  github-desktop
15:14:19     1000     45971    0.00    0.00    0.00    0.00    0.00     3      5.00      0.00 50049280  219804   0.67      0.00      0.00      0.00       0  com.alibabainc.
15:14:19        0    332726    0.00    0.00    0.00    0.00    0.00    10      3.00      0.00  361696  237316   0.73     -1.00     -1.00     -1.00       0  systemd-journal
15:14:19     1000    577014    1.00    1.00    0.00    0.00    2.00    13      1.00      0.00 1521087724  394548   1.21      0.00      0.00      0.00       0  code
15:14:19     1000    577063    6.00    1.00    0.00    0.00    7.00     4      1.00      0.00 51391360  244856   0.75      0.00      0.00      0.00       0  code
15:14:19     1000    577160    1.00    0.00    0.00    0.00    1.00    12      1.00      0.00 1518795316  716852   2.20      0.00      0.00      0.00       0  code
15:14:19     1000    577241    0.00    0.00    0.00    0.00    0.00    13      1.00      0.00  758012  180740   0.55      0.00      0.00      0.00       0  codex
15:14:19     1000    853053    1.00    1.00    0.00    0.00    2.00    10      0.00      0.00 55939148  496660   1.52      0.00      0.00      0.00       0  chrome
15:14:19     1000    853103    6.00    2.00    0.00    0.00    8.00     2      1.00      0.00 55918824  326328   1.00      0.00      0.00      0.00       0  chrome
15:14:19     1000    881951    1.00    0.00    0.00    0.00    1.00     2      0.00      0.00 55117148   61440   0.19      0.00      0.00      0.00       0  chrome
15:14:19        0   1049858    0.00    1.00    0.00    0.00    1.00     4      0.00      0.00       0       0   0.00     -1.00     -1.00     -1.00       0  kworker/u64:9-i915
15:14:19     1000   1068542    0.00    0.00    0.00    0.00    0.00    13      0.00      0.00 1518790188  230008   0.71      0.00     40.00      0.00       0  chrome
15:14:19     1000   1075226    2.00    0.00    0.00    0.00    2.00     9    104.00      0.00 1518709156  338728   1.04      0.00      0.00      0.00       0  code
15:14:19        0   1106397    0.00    1.00    0.00    0.00    1.00    13      0.00      0.00       0       0   0.00     -1.00     -1.00     -1.00       0  kworker/u65:2-i915_flip
15:14:19     1000   1109998    7.00    1.00    0.00    0.00    8.00     5    127.00      0.00 1518881396  381296   1.17      0.00      0.00      0.00       0  chrome
15:14:19     1000   1111002    0.00    0.00    0.00    0.00    0.00     8      0.00      0.00  204040   41576   0.13      0.00      4.00      0.00       0  ros2
15:14:19     1000   1111013    4.00    1.00    0.00    0.00    5.00    10      0.00      0.00  900104   36748   0.11      0.00      0.00      0.00       0  real_go2_input_
15:14:19     1000   1111014   13.00    0.00    0.00    0.00   13.00    14      0.00      0.00  888000   78292   0.24      0.00      0.00      0.00       0  python3
15:14:19     1000   1111015   95.00    1.00    0.00    0.00   96.00     7      0.00      0.00 1149652  300184   0.92      0.00      4.00      0.00       0  scan_planner_no
15:14:19     1000   1111016   29.00    3.00    0.00    0.00   32.00    11   1076.00      0.00 4985844  136800   0.42      0.00      0.00      0.00       0  scan_mppi_contr
15:14:19     1000   1111017    2.00    0.00    0.00    0.00    2.00    10      0.00      0.00  750832   32456   0.10      0.00      0.00      0.00       0  cmd_vel_safety_
15:14:19     1000   1111018   12.00    1.00    0.00    0.00   13.00     5      0.00      0.00  884008   73648   0.23      0.00     92.00      0.00       0  telemetry_recor
15:14:19     1000   1111155    0.00    1.00    0.00    0.00    1.00     4      0.00      0.00   12708    5944   0.02      0.00      4.00      0.00       0  pidstat
15:14:19     1000   1111156    1.00    1.00    0.00    0.00    2.00    15      0.00      0.00 1102732  113932   0.35      0.00      0.00      0.00       0  ros2

# Time        UID       PID    %usr %system  %guest   %wait    %CPU   CPU  minflt/s  majflt/s     VSZ     RSS   %MEM   kB_rd/s   kB_wr/s kB_ccwr/s iodelay  Command
15:14:20        0       456    0.00    1.00    0.00    0.00    1.00     0      0.00      0.00       0       0   0.00     -1.00     -1.00     -1.00       0  kworker/0:1H-i915_cleanup
15:14:20        0       676    0.00    1.00    0.00    0.00    1.00     1      0.00      0.00       0       0   0.00     -1.00     -1.00     -1.00       0  irq/163-rtw89_pci
15:14:20     1000      2081    1.00    0.00    0.00    0.00    1.00    12      0.00      0.00  160440   48336   0.15      0.00      0.00      0.00       0  pipewire-pulse
15:14:20     1000      2324   19.00    3.00    0.00    0.00   22.00     8      0.00      0.00 5557220  383048   1.18      0.00      0.00      0.00       0  gnome-shell
15:14:20     1000      2622    6.00    2.00    0.00    0.00    8.00    12      0.00      0.00 5685392  231952   0.71      0.00      0.00      0.00       0  ToDesk
15:14:20        0      3243    1.00    2.00    0.00    0.00    3.00    13      0.00      0.00 2778564   67840   0.21     -1.00     -1.00     -1.00       0  ToDesk_Service
15:14:20     1000     10268    0.00    0.00    0.00    0.00    0.00     8      3.00      0.00 33882424   63200   0.19      0.00      0.00      0.00       0  github-desktop
15:14:20     1000     32140    2.00    0.00    0.00    0.00    2.00     1      0.00      0.00 11729028  750960   2.31      0.00      0.00      0.00       0  com.alibabainc.
15:14:20     1000     45971    0.00    0.00    0.00    0.00    0.00     3      4.00      0.00 50049280  219804   0.67      0.00      0.00      0.00       0  com.alibabainc.
15:14:20        0    332726    0.00    0.00    0.00    0.00    0.00    10      3.00      0.00  361696  237448   0.73     -1.00     -1.00     -1.00       0  systemd-journal
15:14:20     1000    425666    0.00    0.00    0.00    0.00    0.00     4      1.00      0.00 50028472  262052   0.80      0.00      0.00      0.00       0  com.alibabainc.
15:14:20     1000    425773    0.00    0.00    0.00    0.00    0.00    12      1.00      0.00 51063092  392940   1.21      0.00      0.00      0.00       0  com.alibabainc.
15:14:20     1000    577014    1.00    1.00    0.00    0.00    2.00     6      4.00      0.00 1521087724  394548   1.21      0.00      0.00      0.00       0  code
15:14:20     1000    577063    6.00    2.00    0.00    0.00    8.00     3      2.00      0.00 51391872  244856   0.75      0.00      0.00      0.00       0  code
15:14:20     1000    577067    0.00    0.00    0.00    0.00    0.00    10      3.00      0.00 50711564   88336   0.27      0.00      0.00      0.00       0  code
15:14:20     1000    577160    2.00    1.00    0.00    0.00    3.00     2      0.00      0.00 1518795316  716852   2.20      0.00      0.00      0.00       0  code
15:14:20     1000    577170    0.00    0.00    0.00    0.00    0.00    10      5.00      0.00 1520378324  115772   0.36      0.00      0.00      0.00       0  code
15:14:20     1000    577171    0.00    0.00    0.00    0.00    0.00     9     36.00      0.00 1520352992  125004   0.38      0.00      0.00      0.00       0  code
15:14:20     1000    577172    0.00    1.00    0.00    0.00    1.00     5      3.00      0.00 1520369816  113296   0.35      0.00      0.00      0.00       0  code
15:14:20     1000    577241    0.00    0.00    0.00    0.00    0.00    13      0.00      0.00  659564  180740   0.55      0.00      0.00      0.00       0  codex
15:14:20     1000    577320    0.00    0.00    0.00    0.00    0.00    10     12.00      0.00 1520354644  108680   0.33      0.00      0.00      0.00       0  code
15:14:20     1000    853053    1.00    1.00    0.00    0.00    2.00    10      0.00      0.00 55939148  496660   1.52      0.00      0.00      0.00       0  chrome
15:14:20     1000    853103    5.00    2.00    0.00    0.00    7.00     2     37.00      0.00 55918620  326328   1.00      0.00      0.00      0.00       0  chrome
15:14:20     1000    853105    0.00    0.00    0.00    0.00    0.00     0     11.00      0.00 55067288   94812   0.29      0.00      0.00      0.00       0  chrome
15:14:20     1000    853115    0.00    0.00    0.00    0.00    0.00    13      2.00      0.00 55302144   57156   0.18      0.00      0.00      0.00       0  chrome
15:14:20     1000    880405    0.00    0.00    0.00    0.00    0.00    12      4.00      0.00 1518901172  353796   1.09      0.00      0.00      0.00       0  chrome
15:14:20     1000    881919    0.00    0.00    0.00    0.00    0.00    15      3.00      0.00 1518709688  114244   0.35      0.00      0.00      0.00       0  chrome
15:14:20     1000    881951    0.00    0.00    0.00    0.00    0.00     2      1.00      0.00 55117148   61440   0.19      0.00      0.00      0.00       0  chrome
15:14:20        0   1049858    0.00    2.00    0.00    0.00    2.00     6      0.00      0.00       0       0   0.00     -1.00     -1.00     -1.00       0  kworker/u64:9-i915
15:14:20     1000   1074666    0.00    0.00    0.00    0.00    0.00    13      4.00      0.00 1520369816  130064   0.40      0.00      0.00      0.00       0  code
15:14:20     1000   1074681    0.00    0.00    0.00    0.00    0.00     8     24.00      0.00 1520363292  295368   0.91      0.00      0.00      0.00       0  code
15:14:20     1000   1075226    2.00    0.00    0.00    0.00    2.00    11      4.00      0.00 1518709156  338728   1.04      0.00      0.00      0.00       0  code
15:14:20     1000   1109998    6.00    2.00    0.00    0.00    8.00     5    208.00      0.00 1518881396  380264   1.17      0.00      0.00      0.00       0  chrome
15:14:20     1000   1111002    1.00    0.00    0.00    0.00    1.00     8      0.00      0.00  204040   41576   0.13      0.00      0.00      0.00       0  ros2
15:14:20     1000   1111013    3.00    1.00    0.00    0.00    4.00    10      0.00      0.00  900104   36748   0.11      0.00      0.00      0.00       0  real_go2_input_
15:14:20     1000   1111014   14.00    1.00    0.00    0.00   15.00     0    103.00      0.00  888000   78292   0.24      0.00      0.00      0.00       0  python3
15:14:20     1000   1111015   88.00    0.00    0.00    0.00   88.00     7      0.00      0.00 1149652  300184   0.92      0.00      0.00      0.00       0  scan_planner_no
15:14:20     1000   1111016   36.00    2.00    0.00    0.00   38.00    10   3786.00      0.00 4977848  139148   0.43      0.00      0.00      0.00       0  scan_mppi_contr
15:14:20     1000   1111017    3.00    1.00    0.00    0.00    4.00     8      0.00      0.00  750832   32456   0.10      0.00      0.00      0.00       0  cmd_vel_safety_
15:14:20     1000   1111018   13.00    1.00    0.00    0.00   14.00     2      0.00      0.00  884008   73648   0.23      0.00     96.00      0.00       0  telemetry_recor
15:14:20     1000   1111155    1.00    1.00    0.00    0.00    2.00     4      0.00      0.00   12708    5944   0.02      0.00      4.00      0.00       0  pidstat
15:14:20     1000   1111156    2.00    1.00    0.00    0.00    3.00    15      0.00      0.00 1102732  113932   0.35      0.00      0.00      0.00       0  ros2

# Time        UID       PID    %usr %system  %guest   %wait    %CPU   CPU  minflt/s  majflt/s     VSZ     RSS   %MEM   kB_rd/s   kB_wr/s kB_ccwr/s iodelay  Command
15:14:21     1000      2324   18.00    3.00    0.00    0.00   21.00     5      0.00      0.00 5557220  383048   1.18      0.00      0.00      0.00       0  gnome-shell
15:14:21     1000      2622    5.00    2.00    0.00    0.00    7.00     8      0.00      0.00 5685392  231952   0.71      0.00      0.00      0.00       0  ToDesk
15:14:21        0      3243    0.00    2.00    0.00    0.00    2.00    13      0.00      0.00 2778564   67840   0.21     -1.00     -1.00     -1.00       0  ToDesk_Service
15:14:21     1000     32140    1.00    1.00    0.00    1.00    2.00     8      0.00      0.00 11729028  750960   2.31      0.00      0.00      0.00       0  com.alibabainc.
15:14:21     1000     45971    1.00    0.00    0.00    0.00    1.00     0      5.00      0.00 50049280  219804   0.67      0.00      0.00      0.00       0  com.alibabainc.
15:14:21        0    332726    0.00    0.00    0.00    0.00    0.00    15      2.00      0.00  361696  237448   0.73     -1.00     -1.00     -1.00       0  systemd-journal
15:14:21     1000    425666    0.00    0.00    0.00    0.00    0.00     6      1.00      0.00 50028472  262052   0.80      0.00      0.00      0.00       0  com.alibabainc.
15:14:21     1000    577014    1.00    1.00    0.00    0.00    2.00    10      1.00      0.00 1521087724  394548   1.21      0.00      0.00      0.00       0  code
15:14:21     1000    577063    5.00    1.00    0.00    0.00    6.00    10     46.00      0.00 51391360  244724   0.75      0.00      0.00      0.00       0  code
15:14:21     1000    577132    0.00    0.00    0.00    0.00    0.00     5     19.00      0.00 1520364784  380972   1.17      0.00      0.00      0.00       0  code
15:14:21     1000    577160    1.00    0.00    0.00    0.00    1.00    14      0.00      0.00 1518795316  716852   2.20      0.00      0.00      0.00       0  code
15:14:21     1000    577170    0.00    0.00    0.00    0.00    0.00    10      1.00      0.00 1520378324  115772   0.36      0.00      0.00      0.00       0  code
15:14:21     1000    853053    1.00    1.00    0.00    0.00    2.00    10     44.00      0.00 55939148  496660   1.52      0.00    456.00      0.00       0  chrome
15:14:21     1000    853103    6.00    1.00    0.00    0.00    7.00    12     11.00      0.00 55916572  326328   1.00      0.00      0.00      0.00       0  chrome
15:14:21     1000    853105    0.00    0.00    0.00    0.00    0.00     0      6.00      0.00 55067288   94812   0.29      0.00      0.00      0.00       0  chrome
15:14:21     1000    881919    0.00    0.00    0.00    0.00    0.00    15      1.00      0.00 1518709688  114244   0.35      0.00      0.00      0.00       0  chrome
15:14:21     1000    888233    2.00    1.00    0.00    0.00    3.00     4      2.00      0.00 1754140  368608   1.13      0.00      0.00      0.00       0  gnome-system-mo
15:14:21     1000   1068542    0.00    0.00    0.00    0.00    0.00    14      2.00      0.00 1518790188  230008   0.71      0.00      0.00      0.00       0  chrome
15:14:21        0   1074653    0.00    1.00    0.00    0.00    1.00    10      0.00      0.00       0       0   0.00     -1.00     -1.00     -1.00       0  kworker/u64:3-i915
15:14:21     1000   1075226    1.00    0.00    0.00    0.00    1.00    11      5.00      0.00 1518709156  338728   1.04      0.00      0.00      0.00       0  code
15:14:21        0   1106397    0.00    1.00    0.00    0.00    1.00     6      0.00      0.00       0       0   0.00     -1.00     -1.00     -1.00       0  kworker/u65:2-hci0
15:14:21     1000   1109998    7.00    1.00    0.00    0.00    8.00     1     92.00      0.00 1518881396  380264   1.17      0.00      0.00      0.00       0  chrome
15:14:21     1000   1111013    3.00    1.00    0.00    0.00    4.00     4      0.00      0.00  900104   36748   0.11      0.00      0.00      0.00       0  real_go2_input_
15:14:21     1000   1111014   11.00    0.00    0.00    0.00   11.00     4      0.00      0.00  888000   78292   0.24      0.00      0.00      0.00       0  python3
15:14:21     1000   1111015   72.00    0.00    0.00    0.00   72.00     7      0.00      0.00 1149652  300184   0.92      0.00      0.00      0.00       0  scan_planner_no
15:14:21     1000   1111016   32.00    2.00    0.00    0.00   34.00    12   1590.00      0.00 4977848  129072   0.40      0.00      0.00      0.00       0  scan_mppi_contr
15:14:21     1000   1111017    3.00    0.00    0.00    0.00    3.00     8      0.00      0.00  750832   32456   0.10      0.00      0.00      0.00       0  cmd_vel_safety_
15:14:21     1000   1111018   12.00    1.00    0.00    0.00   13.00     2      0.00      0.00  884008   73648   0.23      0.00     96.00      0.00       0  telemetry_recor
15:14:21     1000   1111155    0.00    0.00    0.00    0.00    0.00     4      0.00      0.00   12708    5944   0.02      0.00      8.00      0.00       0  pidstat
15:14:21     1000   1111156    3.00    0.00    0.00    0.00    3.00    15      0.00      0.00 1102732  113932   0.35      0.00      0.00      0.00       0  ros2

# Time        UID       PID    %usr %system  %guest   %wait    %CPU   CPU  minflt/s  majflt/s     VSZ     RSS   %MEM   kB_rd/s   kB_wr/s kB_ccwr/s iodelay  Command
15:14:22        0      1370    1.00    0.00    0.00    0.00    1.00    13      0.00      0.00 2606064   21460   0.07     -1.00     -1.00     -1.00       0  containerd
15:14:22     1000      2324   19.00    3.00    0.00    0.00   22.00     4      2.00      0.00 5557220  383048   1.18      0.00      0.00      0.00       0  gnome-shell
15:14:22     1000      2622    5.00    1.00    0.00    0.00    6.00     4      0.00      0.00 5685392  231952   0.71      0.00      0.00      0.00       0  ToDesk
15:14:22        0      3243    1.00    1.00    0.00    0.00    2.00    13      0.00      0.00 2778564   67840   0.21     -1.00     -1.00     -1.00       0  ToDesk_Service
15:14:22     1000     10251    0.00    0.00    0.00    0.00    0.00     6      3.00      0.00 34566360  113132   0.35      0.00      0.00      0.00       0  github-desktop
15:14:22     1000     32140    1.00    0.00    0.00    0.00    1.00    10      0.00      0.00 11729028  750960   2.31      0.00      4.00      0.00       0  com.alibabainc.
15:14:22     1000     45971    0.00    0.00    0.00    0.00    0.00     0      3.00      0.00 50049280  219804   0.67      0.00      0.00      0.00       0  com.alibabainc.
15:14:22        0    332726    1.00    0.00    0.00    0.00    1.00    12      2.00      0.00  361696  237448   0.73     -1.00     -1.00     -1.00       0  systemd-journal
15:14:22     1000    425666    0.00    0.00    0.00    0.00    0.00     6      2.00      0.00 50028472  262052   0.80      0.00      0.00      0.00       0  com.alibabainc.
15:14:22     1000    425773    1.00    0.00    0.00    0.00    1.00     3      0.00      0.00 51063092  392940   1.21      0.00      0.00      0.00       0  com.alibabainc.
15:14:22     1000    577014    2.00    0.00    0.00    0.00    2.00     8     21.00      0.00 1521087724  394548   1.21      0.00      0.00      0.00       0  code
15:14:22     1000    577063    6.00    1.00    0.00    0.00    7.00    14      0.00      0.00 51391296  244724   0.75      0.00      0.00      0.00       0  code
15:14:22     1000    577132    0.00    0.00    0.00    0.00    0.00     5      2.00      0.00 1520364784  380972   1.17      0.00      0.00      0.00       0  code
15:14:22     1000    577160    2.00    0.00    0.00    0.00    2.00    15      0.00      0.00 1518795316  716852   2.20      0.00      0.00      0.00       0  code
15:14:22     1000    577170    0.00    0.00    0.00    0.00    0.00     2     10.00      0.00 1520378324  115900   0.36      0.00      0.00      0.00       0  code
15:14:22     1000    853053    2.00    0.00    0.00    0.00    2.00    10      6.00      0.00 55939148  496660   1.52      0.00    576.00      0.00       0  chrome
15:14:22     1000    853103    5.00    1.00    0.00    0.00    6.00    15     23.00      0.00 55916124  326328   1.00      0.00      0.00      0.00       0  chrome
15:14:22        0   1074653    0.00    2.00    0.00    0.00    2.00     6      0.00      0.00       0       0   0.00     -1.00     -1.00     -1.00       0  kworker/u64:3-i915
15:14:22     1000   1074725    0.00    0.00    0.00    0.00    0.00    13      1.00      0.00  646236  183280   0.56      0.00      0.00      0.00       0  codex
15:14:22     1000   1075226    2.00    1.00    0.00    0.00    3.00    11      7.00      0.00 1518709156  338728   1.04      0.00      0.00      0.00       0  code
15:14:22        0   1108714    0.00    1.00    0.00    0.00    1.00    15      0.00      0.00       0       0   0.00     -1.00     -1.00     -1.00       0  kworker/15:1-i915-unordered
15:14:22     1000   1109998    7.00    2.00    0.00    0.00    9.00     2    212.00      0.00 1518881396  380520   1.17      0.00      0.00      0.00       0  chrome
15:14:22     1000   1111002    0.00    1.00    0.00    0.00    1.00     8      0.00      0.00  204040   41576   0.13      0.00      4.00      0.00       0  ros2
15:14:22     1000   1111013    4.00    1.00    0.00    0.00    5.00    14      0.00      0.00  900104   36748   0.11      0.00      0.00      0.00       0  real_go2_input_
15:14:22     1000   1111014   13.00    1.00    0.00    1.00   14.00    12      0.00      0.00  888000   78292   0.24      0.00      0.00      0.00       0  python3
15:14:22     1000   1111015   85.00    0.00    0.00    0.00   85.00     7      0.00      0.00 1149652  300184   0.92      0.00      4.00      0.00       0  scan_planner_no
15:14:22     1000   1111016   42.00    2.00    0.00    0.00   44.00     0   8688.00      0.00 4977848  137584   0.42      0.00      4.00      0.00       0  scan_mppi_contr
15:14:22     1000   1111017    2.00    1.00    0.00    0.00    3.00     5      0.00      0.00  750832   32456   0.10      0.00      0.00      0.00       0  cmd_vel_safety_
15:14:22     1000   1111018   13.00    0.00    0.00    0.00   13.00     2      0.00      0.00  884008   73648   0.23      0.00     96.00      0.00       0  telemetry_recor
15:14:22     1000   1111155    0.00    1.00    0.00    0.00    1.00     4      0.00      0.00   12708    5944   0.02      0.00      4.00      0.00       0  pidstat
15:14:22     1000   1111156    2.00    1.00    0.00    0.00    3.00    13      0.00      0.00 1102732  113932   0.35      0.00      0.00      0.00       0  ros2

# Time        UID       PID    %usr %system  %guest   %wait    %CPU   CPU  minflt/s  majflt/s     VSZ     RSS   %MEM   kB_rd/s   kB_wr/s kB_ccwr/s iodelay  Command
15:14:23        0        15    0.00    1.00    0.00    0.00    1.00     5      0.00      0.00       0       0   0.00     -1.00     -1.00     -1.00       0  rcu_preempt
15:14:23        0       676    0.00    1.00    0.00    0.00    1.00     1      0.00      0.00       0       0   0.00     -1.00     -1.00     -1.00       0  irq/163-rtw89_pci
15:14:23     1000      2075    0.00    1.00    0.00    0.00    1.00    10      0.00      0.00  121224   17284   0.05      0.00      0.00      0.00       0  pipewire
15:14:23     1000      2081    0.00    1.00    0.00    1.00    1.00     4      0.00      0.00  160440   48336   0.15      0.00      0.00      0.00       0  pipewire-pulse
15:14:23     1000      2324   19.00    3.00    0.00    0.00   22.00     8      1.00      0.00 5557028  383048   1.18      0.00      0.00      0.00       0  gnome-shell
15:14:23     1000      2622    5.00    3.00    0.00    0.00    8.00    15      0.00      0.00 5685392  231952   0.71      0.00      0.00      0.00       0  ToDesk
15:14:23        0      3243    0.00    1.00    0.00    0.00    1.00    13      0.00      0.00 2778564   67840   0.21     -1.00     -1.00     -1.00       0  ToDesk_Service
15:14:23     1000     10213    0.00    0.00    0.00    0.00    0.00     1      5.00      0.00 1212301312  153700   0.47      0.00      0.00      0.00       0  github-desktop
15:14:23     1000     32140    1.00    1.00    0.00    0.00    2.00     0      0.00      0.00 11729028  750960   2.31      0.00      4.00      0.00       0  com.alibabainc.
15:14:23     1000     32292    0.00    0.00    0.00    0.00    0.00     2      0.00      0.00 1475368   79308   0.24      0.00     96.00      0.00       0  com.alibabainc.
15:14:23     1000     45971    0.00    0.00    0.00    0.00    0.00     7      4.00      0.00 50049280  219804   0.67      0.00      0.00      0.00       0  com.alibabainc.
15:14:23        0    332726    0.00    0.00    0.00    0.00    0.00     8      2.00      0.00  361696  237448   0.73     -1.00     -1.00     -1.00       0  systemd-journal
15:14:23     1000    577014    2.00    0.00    0.00    0.00    2.00    10      1.00      0.00 1521087724  394548   1.21      0.00      0.00      0.00       0  code
15:14:23     1000    577063    6.00    1.00    0.00    0.00    7.00    12     16.00      0.00 51391424  244724   0.75      0.00      0.00      0.00       0  code
15:14:23     1000    577107    0.00    0.00    0.00    0.00    0.00     1      9.00      0.00 1520761120  610956   1.88      0.00      0.00      0.00       0  code
15:14:23     1000    577160    1.00    1.00    0.00    0.00    2.00     1      0.00      0.00 1518795316  716852   2.20      0.00      0.00      0.00       0  code
15:14:23     1000    577170    0.00    0.00    0.00    0.00    0.00    15      1.00      0.00 1520378324  115900   0.36      0.00      0.00      0.00       0  code
15:14:23     1000    577241    0.00    0.00    0.00    0.00    0.00    13      1.00      0.00  659564  180740   0.55      0.00      0.00      0.00       0  codex
15:14:23     1000    577320    0.00    0.00    0.00    0.00    0.00     4     13.00      0.00 1520354644  108680   0.33      0.00      0.00      0.00       0  code
15:14:23     1000    853053    1.00    1.00    0.00    0.00    2.00    10      2.00      0.00 55939148  496660   1.52      0.00      0.00      0.00       0  chrome
15:14:23     1000    853103    7.00    1.00    0.00    0.00    8.00     5     47.00      0.00 55916964  326456   1.00      0.00      0.00      0.00       0  chrome
15:14:23     1000    881951    1.00    1.00    0.00    0.00    2.00    13      0.00      0.00 55117148   61440   0.19      0.00      0.00      0.00       0  chrome
15:14:23     1000   1068542    1.00    0.00    0.00    0.00    1.00    14      0.00      0.00 1518790188  230008   0.71      0.00      0.00      0.00       0  chrome
15:14:23        0   1074653    0.00    1.00    0.00    0.00    1.00    10      0.00      0.00       0       0   0.00     -1.00     -1.00     -1.00       0  kworker/u64:3-events_power_efficient
15:14:23     1000   1074725    1.00    0.00    0.00    0.00    1.00    13      0.00      0.00  646236  183280   0.56      0.00      0.00      0.00       0  codex
15:14:23     1000   1075226    1.00    0.00    0.00    0.00    1.00    10      7.00      0.00 1518709156  338728   1.04      0.00      0.00      0.00       0  code
15:14:23     1000   1109998    8.00    1.00    0.00    0.00    9.00    14    246.00      0.00 1518881396  380628   1.17      0.00      8.00      0.00       0  chrome
15:14:23     1000   1111013    4.00    1.00    0.00    0.00    5.00     4      0.00      0.00  900104   36748   0.11      0.00      0.00      0.00       0  real_go2_input_
15:14:23     1000   1111014   11.00    0.00    0.00    0.00   11.00     6      0.00      0.00  888000   78292   0.24      0.00      0.00      0.00       0  python3
15:14:23     1000   1111015   75.00    1.00    0.00    0.00   76.00     7      0.00      0.00 1149652  300184   0.92      0.00      0.00      0.00       0  scan_planner_no
15:14:23     1000   1111016   44.00    2.00    0.00    0.00   46.00    14   2435.00      0.00 4977848  117000   0.36      0.00      0.00      0.00       0  scan_mppi_contr
15:14:23     1000   1111017    3.00    0.00    0.00    0.00    3.00     9      0.00      0.00  750832   32456   0.10      0.00      0.00      0.00       0  cmd_vel_safety_
15:14:23     1000   1111018   12.00    2.00    0.00    0.00   14.00    13      0.00      0.00  884008   73648   0.23      0.00     96.00      0.00       0  telemetry_recor
15:14:23     1000   1111155    0.00    1.00    0.00    0.00    1.00     4      0.00      0.00   12708    5944   0.02      0.00      8.00      0.00       0  pidstat
15:14:23     1000   1111156    2.00    1.00    0.00    0.00    3.00    13      0.00      0.00 1102732  113932   0.35      0.00      0.00      0.00       0  ros2

# Time        UID       PID    %usr %system  %guest   %wait    %CPU   CPU  minflt/s  majflt/s     VSZ     RSS   %MEM   kB_rd/s   kB_wr/s kB_ccwr/s iodelay  Command
15:14:24     1000      2324   20.00    3.00    0.00    1.00   23.00     1      0.00      0.00 5556964  383048   1.18      0.00      0.00      0.00       0  gnome-shell
15:14:24     1000      2622    5.00    1.00    0.00    0.00    6.00     0      0.00      0.00 5685392  231952   0.71      0.00      0.00      0.00       0  ToDesk
15:14:24        0      3243    1.00    1.00    0.00    0.00    2.00    13      0.00      0.00 2778564   67840   0.21     -1.00     -1.00     -1.00       0  ToDesk_Service
15:14:24     1000     10268    0.00    0.00    0.00    0.00    0.00     8      3.00      0.00 33882424   63200   0.19      0.00      0.00      0.00       0  github-desktop
15:14:24     1000     32140    2.00    0.00    0.00    0.00    2.00     6      0.00      0.00 11729028  750960   2.31      0.00      0.00      0.00       0  com.alibabainc.
15:14:24     1000     45971    0.00    0.00    0.00    0.00    0.00     7      6.00      0.00 50049280  219804   0.67      0.00      0.00      0.00       0  com.alibabainc.
15:14:24     1000    156386    1.00    0.00    0.00    0.00    1.00    13      0.00      0.00 1788224   49216   0.15      0.00      0.00      0.00       0  nxplayer.bin
15:14:24        0    332726    0.00    0.00    0.00    0.00    0.00     8      2.00      0.00  361696  237448   0.73     -1.00     -1.00     -1.00       0  systemd-journal
15:14:24     1000    425666    0.00    0.00    0.00    0.00    0.00    10      2.00      0.00 50028472  262052   0.80      0.00      0.00      0.00       0  com.alibabainc.
15:14:24     1000    425773    0.00    0.00    0.00    0.00    0.00     3      1.00      0.00 51063092  392940   1.21      0.00      0.00      0.00       0  com.alibabainc.
15:14:24     1000    426077    1.00    0.00    0.00    0.00    1.00    12      0.00      0.00 50132492  528136   1.62      0.00      0.00      0.00       0  com.alibabainc.
15:14:24     1000    577014    1.00    1.00    0.00    0.00    2.00    10      1.00      0.00 1521087724  394548   1.21      0.00      0.00      0.00       0  code
15:14:24     1000    577063    6.00    1.00    0.00    0.00    7.00     5      4.00      0.00 51391808  244724   0.75      0.00      0.00      0.00       0  code
15:14:24     1000    577067    0.00    0.00    0.00    0.00    0.00    10      3.00      0.00 50711564   88336   0.27      0.00      0.00      0.00       0  code
15:14:24     1000    577160    2.00    0.00    0.00    0.00    2.00     9     38.00      0.00 1518795316  715948   2.20      0.00      0.00      0.00       0  code
15:14:24     1000    577170    0.00    1.00    0.00    0.00    1.00     3      5.00      0.00 1520378324  115900   0.36      0.00      0.00      0.00       0  code
15:14:24     1000    577171    0.00    0.00    0.00    0.00    0.00     9     36.00      0.00 1520352992  125004   0.38      0.00      0.00      0.00       0  code
15:14:24     1000    577172    0.00    0.00    0.00    0.00    0.00     1      3.00      0.00 1520369816  113296   0.35      0.00      0.00      0.00       0  code
15:14:24     1000    577320    0.00    0.00    0.00    0.00    0.00    10     12.00      0.00 1520354644  108680   0.33      0.00      0.00      0.00       0  code
15:14:24     1000    853053    2.00    0.00    0.00    0.00    2.00     2     15.00      0.00 55939148  496660   1.52      0.00    308.00      0.00       0  chrome
15:14:24     1000    853103    5.00    2.00    0.00    0.00    7.00    11     34.00      0.00 55916452  326320   1.00      0.00      0.00      0.00       0  chrome
15:14:24     1000    853105    0.00    0.00    0.00    0.00    0.00     0     18.00      0.00 55067288   94812   0.29      0.00      8.00      0.00       0  chrome
15:14:24     1000    853115    0.00    0.00    0.00    0.00    0.00    13      2.00      0.00 55302144   57156   0.18      0.00      0.00      0.00       0  chrome
15:14:24     1000    881951    0.00    0.00    0.00    0.00    0.00     1      1.00      0.00 55117148   61440   0.19      0.00      0.00      0.00       0  chrome
15:14:24     1000    888233    2.00    1.00    0.00    0.00    3.00     1      1.00      0.00 1754136  368608   1.13      0.00      0.00      0.00       0  gnome-system-mo
15:14:24        0   1049858    0.00    1.00    0.00    0.00    1.00     2      0.00      0.00       0       0   0.00     -1.00     -1.00     -1.00       0  kworker/u64:9-i915
15:14:24     1000   1074666    1.00    0.00    0.00    0.00    1.00    14      4.00      0.00 1520369816  130064   0.40      0.00      0.00      0.00       0  code
15:14:24     1000   1074681    0.00    0.00    0.00    0.00    0.00     8     24.00      0.00 1520363292  295368   0.91      0.00      0.00      0.00       0  code
15:14:24     1000   1075226    2.00    1.00    0.00    0.00    3.00    13    100.00      0.00 1518709156  338592   1.04      0.00      0.00      0.00       0  code
15:14:24        0   1106397    0.00    1.00    0.00    0.00    1.00     9      0.00      0.00       0       0   0.00     -1.00     -1.00     -1.00       0  kworker/u65:2-i915_flip
15:14:24     1000   1109998    8.00    1.00    0.00    0.00    9.00     6    270.00      0.00 1518881396  380312   1.17      0.00      0.00      0.00       0  chrome
15:14:24     1000   1111002    0.00    0.00    0.00    0.00    0.00     8      0.00      0.00  204040   41576   0.13      0.00      4.00      0.00       0  ros2
15:14:24     1000   1111013    4.00    0.00    0.00    0.00    4.00    10      0.00      0.00  900104   36748   0.11      0.00      0.00      0.00       0  real_go2_input_
15:14:24     1000   1111014   12.00    1.00    0.00    0.00   13.00     7      0.00      0.00  888000   78292   0.24      0.00      0.00      0.00       0  python3
15:14:24     1000   1111015   78.00    0.00    0.00    0.00   78.00     4      0.00      0.00 1149652  300184   0.92      0.00      4.00      0.00       0  scan_planner_no
15:14:24     1000   1111016   30.00    2.00    0.00    0.00   32.00    14   1347.00      0.00 4977848  122376   0.38      0.00      0.00      0.00       0  scan_mppi_contr
15:14:24     1000   1111017    3.00    1.00    0.00    0.00    4.00    10      0.00      0.00  750832   32456   0.10      0.00      0.00      0.00       0  cmd_vel_safety_
15:14:24     1000   1111018   13.00    1.00    0.00    1.00   14.00    12      0.00      0.00  884008   73648   0.23      0.00     96.00      0.00       0  telemetry_recor
15:14:24     1000   1111155    1.00    0.00    0.00    0.00    1.00     8      0.00      0.00   12708    5944   0.02      0.00      4.00      0.00       0  pidstat
15:14:24     1000   1111156    2.00    1.00    0.00    0.00    3.00    13      0.00      0.00 1102732  113932   0.35      0.00      0.00      0.00       0  ros2

# Time        UID       PID    %usr %system  %guest   %wait    %CPU   CPU  minflt/s  majflt/s     VSZ     RSS   %MEM   kB_rd/s   kB_wr/s kB_ccwr/s iodelay  Command
15:14:25     1000      2324   18.00    3.00    0.00    0.00   21.00     4      0.00      0.00 5556964  383048   1.18      0.00      0.00      0.00       0  gnome-shell
15:14:25     1000      2622    6.00    1.00    0.00    1.00    7.00     0      0.00      0.00 5685392  231952   0.71      0.00      0.00      0.00       0  ToDesk
15:14:25        0      3243    1.00    2.00    0.00    0.00    3.00    15      1.00      0.00 2778564   67840   0.21     -1.00     -1.00     -1.00       0  ToDesk_Service
15:14:25     1000     32140    1.00    0.00    0.00    0.00    1.00     8      0.00      0.00 11729028  750960   2.31      0.00      0.00      0.00       0  com.alibabainc.
15:14:25     1000     45971    0.00    0.00    0.00    0.00    0.00     3      5.00      0.00 50049280  219804   0.67      0.00      0.00      0.00       0  com.alibabainc.
15:14:25        0    332726    0.00    0.00    0.00    0.00    0.00    12      1.00      0.00  361696  237448   0.73     -1.00     -1.00     -1.00       0  systemd-journal
15:14:25     1000    425666    0.00    0.00    0.00    0.00    0.00    10      2.00      0.00 50028472  262052   0.80      0.00      0.00      0.00       0  com.alibabainc.
15:14:25     1000    516139    0.00    0.00    0.00    0.00    0.00     2     16.00      0.00 5453760   36688   0.11      0.00      0.00      0.00       0  clash
15:14:25     1000    577014    2.00    1.00    0.00    0.00    3.00     2      1.00      0.00 1521087724  394676   1.21      0.00      0.00      0.00       0  code
15:14:25     1000    577063    5.00    2.00    0.00    0.00    7.00     8     48.00      0.00 51391360  244596   0.75      0.00      0.00      0.00       0  code
15:14:25     1000    577132    1.00    0.00    0.00    0.00    1.00    10     25.00      0.00 1520364784  380972   1.17      0.00      0.00      0.00       0  code
15:14:25     1000    577160    1.00    0.00    0.00    0.00    1.00     9      0.00      0.00 1518795316  715948   2.20      0.00      0.00      0.00       0  code
15:14:25     1000    577171    0.00    0.00    0.00    0.00    0.00     9      1.00      0.00 1520352992  125004   0.38      0.00      0.00      0.00       0  code
15:14:25     1000    853053    1.00    1.00    0.00    0.00    2.00     4     43.00      0.00 55939148  496532   1.52      0.00      0.00      0.00       0  chrome
15:14:25     1000    853103    5.00    2.00    0.00    0.00    7.00     8      7.00      0.00 55916892  326320   1.00      0.00      0.00      0.00       0  chrome
15:14:25     1000    853105    1.00    0.00    0.00    0.00    1.00     0     42.00      0.00 55067288   94812   0.29      0.00     16.00      0.00       0  chrome
15:14:25     1000    880405    0.00    0.00    0.00    0.00    0.00     4      8.00      0.00 1518901172  353796   1.09      0.00      0.00      0.00       0  chrome
15:14:25     1000    888233    1.00    1.00    0.00    0.00    2.00     1      0.00      0.00 1754136  368608   1.13      0.00      0.00      0.00       0  gnome-system-mo
15:14:25        0   1049858    0.00    2.00    0.00    0.00    2.00    13      0.00      0.00       0       0   0.00     -1.00     -1.00     -1.00       0  kworker/u64:9-i915
15:14:25     1000   1068542    0.00    0.00    0.00    0.00    0.00    15     15.00      0.00 1518790188  230008   0.71      0.00      0.00      0.00       0  chrome
15:14:25     1000   1075226    1.00    0.00    0.00    0.00    1.00    15      7.00      0.00 1518709156  338592   1.04      0.00      0.00      0.00       0  code
15:14:25     1000   1109998    7.00    1.00    0.00    0.00    8.00     3    183.00      0.00 1518881396  380364   1.17      0.00      0.00      0.00       0  chrome
15:14:25     1000   1111013    3.00    2.00    0.00    0.00    5.00     4      0.00      0.00  900104   36748   0.11      0.00      0.00      0.00       0  real_go2_input_
15:14:25     1000   1111014   12.00    0.00    0.00    0.00   12.00    10      0.00      0.00  888000   78292   0.24      0.00      0.00      0.00       0  python3
15:14:25     1000   1111015   74.00    0.00    0.00    0.00   74.00     6      0.00      0.00 1149652  300184   0.92      0.00      0.00      0.00       0  scan_planner_no
15:14:25     1000   1111016   37.00    1.00    0.00    0.00   38.00    15   1236.00      0.00 4977848  127240   0.39      0.00      0.00      0.00       0  scan_mppi_contr
15:14:25     1000   1111017    2.00    1.00    0.00    0.00    3.00     3      0.00      0.00  750832   32456   0.10      0.00      0.00      0.00       0  cmd_vel_safety_
15:14:25     1000   1111018   12.00    1.00    0.00    0.00   13.00     9      0.00      0.00  884008   73648   0.23      0.00     96.00      0.00       0  telemetry_recor
15:14:25     1000   1111155    0.00    1.00    0.00    0.00    1.00     2      0.00      0.00   12708    5944   0.02      0.00      8.00      0.00       0  pidstat
15:14:25     1000   1111156    2.00    0.00    0.00    0.00    2.00     8      0.00      0.00 1102732  113932   0.35      0.00      0.00      0.00       0  ros2

# Time        UID       PID    %usr %system  %guest   %wait    %CPU   CPU  minflt/s  majflt/s     VSZ     RSS   %MEM   kB_rd/s   kB_wr/s kB_ccwr/s iodelay  Command
15:14:26        0         1    0.00    0.00    0.00    0.00    0.00    12      6.00      0.00   23564   14152   0.04     -1.00     -1.00     -1.00       0  systemd
15:14:26        0       122    0.00    1.00    0.00    0.00    1.00    11      0.00      0.00       0       0   0.00     -1.00     -1.00     -1.00       0  kcompactd0
15:14:26        0       676    0.00    1.00    0.00    0.00    1.00     1      0.00      0.00       0       0   0.00     -1.00     -1.00     -1.00       0  irq/163-rtw89_pci
15:14:26      101      1072    1.00    0.00    0.00    0.00    1.00     4      0.00      0.00   12504    6632   0.02     -1.00     -1.00     -1.00       0  dbus-daemon
15:14:26      987      1079    1.00    0.00    0.00    0.00    1.00    14      1.00      0.00  393536   16000   0.05     -1.00     -1.00     -1.00       0  polkitd
15:14:26     1000      2081    1.00    0.00    0.00    0.00    1.00    15      0.00      0.00  160440   48336   0.15      0.00      0.00      0.00       0  pipewire-pulse
15:14:26     1000      2324   20.00    2.00    0.00    0.00   22.00     6      6.00      0.00 5556964  383048   1.18      0.00      0.00      0.00       0  gnome-shell
15:14:26     1000      2622    5.00    2.00    0.00    0.00    7.00     8      0.00      0.00 5685392  231952   0.71      0.00      0.00      0.00       0  ToDesk
15:14:26      123      3242    1.00    0.00    0.00    0.00    1.00    13      0.00      0.00 2382192   76072   0.23     -1.00     -1.00     -1.00       0  nxserver.bin
15:14:26        0      3243    0.00    2.00    0.00    0.00    2.00    15      0.00      0.00 2778564   67840   0.21     -1.00     -1.00     -1.00       0  ToDesk_Service
15:14:26     1000     10251    0.00    0.00    0.00    0.00    0.00     6      3.00      0.00 34566360  113132   0.35      0.00      0.00      0.00       0  github-desktop
15:14:26     1000     32140    1.00    1.00    0.00    0.00    2.00    12      0.00      0.00 11729028  750960   2.31      0.00      0.00      0.00       0  com.alibabainc.
15:14:26     1000     45971    0.00    0.00    0.00    0.00    0.00     3      5.00      0.00 50049280  219932   0.68      0.00      0.00      0.00       0  com.alibabainc.
15:14:26        0    332726    0.00    0.00    0.00    0.00    0.00    13      2.00      0.00  361696  237448   0.73     -1.00     -1.00     -1.00       0  systemd-journal
15:14:26     1000    577014    1.00    0.00    0.00    0.00    1.00    12     15.00      0.00 1521087724  394676   1.21      0.00      0.00      0.00       0  code
15:14:26     1000    577063    5.00    1.00    0.00    0.00    6.00     5      1.00      0.00 51391872  244596   0.75      0.00      0.00      0.00       0  code
15:14:26     1000    577107    0.00    0.00    0.00    0.00    0.00     1      0.00      0.00 1520761120  610568   1.87      0.00      0.00      0.00       0  code
15:14:26     1000    577160    2.00    0.00    0.00    0.00    2.00     1      1.00      0.00 1518795316  715948   2.20      0.00      0.00      0.00       0  code
15:14:26     1000    577170    1.00    0.00    0.00    0.00    1.00     3      1.00      0.00 1520378324  115900   0.36      0.00      0.00      0.00       0  code
15:14:26     1000    577241    0.00    0.00    0.00    0.00    0.00    13      1.00      0.00  659564  180740   0.55      0.00      0.00      0.00       0  codex
15:14:26     1000    853053    1.00    1.00    0.00    0.00    2.00    13      0.00      0.00 55939148  496532   1.52      0.00      0.00      0.00       0  chrome
15:14:26     1000    853103    5.00    2.00    0.00    1.00    7.00    12      5.00      0.00 55916444  326320   1.00      0.00      0.00      0.00       0  chrome
15:14:26     1000    853105    0.00    0.00    0.00    0.00    0.00     0      3.00      0.00 55067288   94940   0.29      0.00     76.00      0.00       0  chrome
15:14:26     1000    881951    1.00    0.00    0.00    0.00    1.00     2      0.00      0.00 55117148   61440   0.19      0.00      0.00      0.00       0  chrome
15:14:26        0   1049858    0.00    1.00    0.00    0.00    1.00     8      0.00      0.00       0       0   0.00     -1.00     -1.00     -1.00       0  kworker/u64:9-flush-259:0
15:14:26     1000   1074725    0.00    0.00    0.00    0.00    0.00    13      1.00      0.00  646236  183280   0.56      0.00      0.00      0.00       0  codex
15:14:26     1000   1075226    2.00    0.00    0.00    0.00    2.00    10      6.00      0.00 1518709156  338720   1.04      0.00      0.00      0.00       0  code
15:14:26        0   1106397    0.00    1.00    0.00    0.00    1.00    13      0.00      0.00       0       0   0.00     -1.00     -1.00     -1.00       0  kworker/u65:2-i915_flip
15:14:26     1000   1109998    6.00    1.00    0.00    0.00    7.00     1     93.00      0.00 1518881396  380364   1.17      0.00      0.00      0.00       0  chrome
15:14:26     1000   1111013    3.00    1.00    0.00    0.00    4.00    12      0.00      0.00  900104   36748   0.11      0.00      0.00      0.00       0  real_go2_input_
15:14:26     1000   1111014   10.00    1.00    0.00    0.00   11.00     3      0.00      0.00  888000   78292   0.24      0.00      0.00      0.00       0  python3
15:14:26     1000   1111015   75.00    1.00    0.00    0.00   76.00     7      0.00      0.00 1149652  300184   0.92      0.00      0.00      0.00       0  scan_planner_no
15:14:26     1000   1111016   39.00    1.00    0.00    1.00   40.00     4      1.00      0.00 4977848  127240   0.39      0.00      0.00      0.00       0  scan_mppi_contr
15:14:26     1000   1111017    2.00    1.00    0.00    1.00    3.00     8      0.00      0.00  750832   32456   0.10      0.00      0.00      0.00       0  cmd_vel_safety_
15:14:26     1000   1111018   11.00    0.00    0.00    0.00   11.00     5      0.00      0.00  884008   73648   0.23      0.00    100.00      0.00       0  telemetry_recor
15:14:26     1000   1111019    0.00    1.00    0.00    0.00    1.00     1      0.00      0.00  748988   30452   0.09      0.00      0.00      0.00       0  static_transfor
15:14:26     1000   1111155    0.00    1.00    0.00    0.00    1.00     2      0.00      0.00   12708    5944   0.02      0.00      4.00      0.00       0  pidstat
15:14:26     1000   1111156    2.00    1.00    0.00    0.00    3.00     7      0.00      0.00 1102732  113932   0.35      0.00      0.00      0.00       0  ros2

# Time        UID       PID    %usr %system  %guest   %wait    %CPU   CPU  minflt/s  majflt/s     VSZ     RSS   %MEM   kB_rd/s   kB_wr/s kB_ccwr/s iodelay  Command
15:14:27        0        15    0.00    1.00    0.00    0.00    1.00     8      0.00      0.00       0       0   0.00     -1.00     -1.00     -1.00       0  rcu_preempt
15:14:27        0       676    0.00    2.00    0.00    0.00    2.00     1      0.00      0.00       0       0   0.00     -1.00     -1.00     -1.00       0  irq/163-rtw89_pci
15:14:27     1000      2075    1.00    0.00    0.00    0.00    1.00    10      0.00      0.00  121224   17284   0.05      0.00      0.00      0.00       0  pipewire
15:14:27     1000      2324   19.00    3.00    0.00    0.00   22.00    12      4.00      0.00 5557292  383048   1.18      0.00      0.00      0.00       0  gnome-shell
15:14:27     1000      2622    5.00    2.00    0.00    0.00    7.00     2      0.00      0.00 5685392  231952   0.71      0.00      0.00      0.00       0  ToDesk
15:14:27        0      3243    0.00    2.00    0.00    0.00    2.00    12      0.00      0.00 2778564   67840   0.21     -1.00     -1.00     -1.00       0  ToDesk_Service
15:14:27     1000     10213    0.00    0.00    0.00    0.00    0.00     1      5.00      0.00 1212301312  153700   0.47      0.00      0.00      0.00       0  github-desktop
15:14:27     1000     32140    1.00    0.00    0.00    0.00    1.00     4      0.00      0.00 11729028  750960   2.31      0.00      0.00      0.00       0  com.alibabainc.
15:14:27     1000     32292    0.00    0.00    0.00    0.00    0.00     2      0.00      0.00 1475112   79308   0.24      0.00      0.00      0.00       0  com.alibabainc.
15:14:27     1000     45971    0.00    0.00    0.00    0.00    0.00     3      6.00      0.00 50049280  219136   0.67      0.00      0.00      0.00       0  com.alibabainc.
15:14:27     1000     52294    0.00    0.00    0.00    0.00    0.00     6      1.00      0.00 53387680  463888   1.42      0.00      0.00      0.00       0  com.alibabainc.
15:14:27        0    332726    0.00    0.00    0.00    0.00    0.00     8      2.00      0.00  361696  237448   0.73     -1.00     -1.00     -1.00       0  systemd-journal
15:14:27     1000    425666    0.00    0.00    0.00    0.00    0.00    10      1.00      0.00 50028472  262052   0.80      0.00      0.00      0.00       0  com.alibabainc.
15:14:27     1000    425773    0.00    0.00    0.00    0.00    0.00     3      1.00      0.00 51063092  392940   1.21      0.00      0.00      0.00       0  com.alibabainc.
15:14:27     1000    516139    0.00    0.00    0.00    0.00    0.00     2     16.00      0.00 5453760   36816   0.11      0.00      0.00      0.00       0  clash
15:14:27     1000    577014    1.00    1.00    0.00    1.00    2.00    12      8.00      0.00 1521087724  394676   1.21      0.00      0.00      0.00       0  code
15:14:27     1000    577063    6.00    1.00    0.00    0.00    7.00     8      1.00      0.00 51391360  244596   0.75      0.00      0.00      0.00       0  code
15:14:27     1000    577160    1.00    0.00    0.00    0.00    1.00    11      0.00      0.00 1518795316  715948   2.20      0.00      0.00      0.00       0  code
15:14:27     1000    577170    0.00    0.00    0.00    0.00    0.00     3     10.00      0.00 1520378324  115900   0.36      0.00      0.00      0.00       0  code
15:14:27     1000    853053    2.00    0.00    0.00    0.00    2.00     0      0.00      0.00 55939148  496532   1.52      0.00      0.00      0.00       0  chrome
15:14:27     1000    853103    6.00    1.00    0.00    0.00    7.00     8     66.00      0.00 55916924  326308   1.00      0.00      0.00      0.00       0  chrome
15:14:27     1000    861538    0.00    1.00    0.00    0.00    1.00    12      0.00      0.00  136168   88584   0.27      0.00      0.00      0.00       0  cpptools
15:14:27     1000    888233    2.00    1.00    0.00    0.00    3.00     5      2.00      0.00 1754140  368608   1.13      0.00      0.00      0.00       0  gnome-system-mo
15:14:27        0   1049858    0.00    1.00    0.00    0.00    1.00    10      0.00      0.00       0       0   0.00     -1.00     -1.00     -1.00       0  kworker/u64:9-i915
15:14:27     1000   1075226    1.00    0.00    0.00    0.00    1.00     3      7.00      0.00 1518709156  338720   1.04      0.00      0.00      0.00       0  code
15:14:27        0   1097682    0.00    1.00    0.00    0.00    1.00    15      0.00      0.00       0       0   0.00     -1.00     -1.00     -1.00       0  kworker/u65:3-hci0
15:14:27     1000   1109998    9.00    2.00    0.00    0.00   11.00     1    244.00      0.00 1518881396  380684   1.17      0.00     56.00      0.00       0  chrome
15:14:27     1000   1111013    4.00    1.00    0.00    0.00    5.00     1      0.00      0.00  900104   36748   0.11      0.00      0.00      0.00       0  real_go2_input_
15:14:27     1000   1111014   12.00    0.00    0.00    0.00   12.00     3      0.00      0.00  888000   78292   0.24      0.00      0.00      0.00       0  python3
15:14:27     1000   1111015   80.00    0.00    0.00    0.00   80.00     7      0.00      0.00 1149652  300184   0.92      0.00      0.00      0.00       0  scan_planner_no
15:14:27     1000   1111016   40.00    3.00    0.00    0.00   43.00     0   2274.00      0.00 4977848  119532   0.37      0.00      0.00      0.00       0  scan_mppi_contr
15:14:27     1000   1111017    3.00    0.00    0.00    0.00    3.00    10      0.00      0.00  750832   32456   0.10      0.00      0.00      0.00       0  cmd_vel_safety_
15:14:27     1000   1111018   13.00    1.00    0.00    0.00   14.00     1      0.00      0.00  884008   73648   0.23      0.00     92.00      0.00       0  telemetry_recor
15:14:27     1000   1111155    1.00    0.00    0.00    0.00    1.00     4      0.00      0.00   12708    5944   0.02      0.00      8.00      0.00       0  pidstat
15:14:27     1000   1111156    2.00    1.00    0.00    0.00    3.00     7      0.00      0.00 1102732  113932   0.35      0.00      0.00      0.00       0  ros2

# Time        UID       PID    %usr %system  %guest   %wait    %CPU   CPU  minflt/s  majflt/s     VSZ     RSS   %MEM   kB_rd/s   kB_wr/s kB_ccwr/s iodelay  Command
15:14:28        0        60    0.00    1.00    0.00    0.00    1.00    13      0.00      0.00       0       0   0.00     -1.00     -1.00     -1.00       0  migration/13
15:14:28        0       676    0.00    3.00    0.00    0.00    3.00     1      0.00      0.00       0       0   0.00     -1.00     -1.00     -1.00       0  irq/163-rtw89_pci
15:14:28        0      1071    0.00    1.00    0.00    0.00    1.00    12      0.00      0.00   15268    7648   0.02     -1.00     -1.00     -1.00       0  bluetoothd
15:14:28     1000      2081    0.00    1.00    0.00    0.00    1.00     9      0.00      0.00  160440   48336   0.15      0.00      0.00      0.00       0  pipewire-pulse
15:14:28     1000      2324   19.00    2.00    0.00    0.00   21.00    14      0.00      0.00 5557292  383048   1.18      0.00      0.00      0.00       0  gnome-shell
15:14:28     1000      2622    5.00    1.00    0.00    0.00    6.00    10      0.00      0.00 5685392  231952   0.71      0.00      0.00      0.00       0  ToDesk
15:14:28        0      3243    0.00    2.00    0.00    0.00    2.00    12      0.00      0.00 2778564   67840   0.21     -1.00     -1.00     -1.00       0  ToDesk_Service
15:14:28     1000     10268    0.00    0.00    0.00    0.00    0.00     8      3.00      0.00 33882424   63200   0.19      0.00      0.00      0.00       0  github-desktop
15:14:28     1000     32140    1.00    1.00    0.00    0.00    2.00    12      0.00      0.00 11729028  750960   2.31      0.00      0.00      0.00       0  com.alibabainc.
15:14:28     1000     32292    0.00    0.00    0.00    0.00    0.00     2      1.00      0.00 1475112   79308   0.24      0.00      0.00      0.00       0  com.alibabainc.
15:14:28     1000     45971    1.00    0.00    0.00    0.00    1.00     3      1.00      0.00 50049280  219136   0.67      0.00      0.00      0.00       0  com.alibabainc.
15:14:28     1000     46026    0.00    0.00    0.00    0.00    0.00    13      3.00      0.00 73748840  446480   1.37      0.00      0.00      0.00       0  com.alibabainc.
15:14:28     1000     52294    0.00    0.00    0.00    0.00    0.00     6      4.00      0.00 53387680  463888   1.42      0.00      0.00      0.00       0  com.alibabainc.
15:14:28        0    332726    0.00    0.00    0.00    0.00    0.00     4      1.00      0.00  361696  237448   0.73     -1.00     -1.00     -1.00       0  systemd-journal
15:14:28     1000    425666    0.00    0.00    0.00    0.00    0.00     5      1.00      0.00 50028472  262052   0.80      0.00      0.00      0.00       0  com.alibabainc.
15:14:28     1000    425773    0.00    0.00    0.00    0.00    0.00     1      3.00      0.00 51063092  392940   1.21      0.00      0.00      0.00       0  com.alibabainc.
15:14:28     1000    516139    0.00    0.00    0.00    0.00    0.00     2     32.00      0.00 5453760   36816   0.11      0.00      0.00      0.00       0  clash
15:14:28     1000    577014    2.00    1.00    0.00    0.00    3.00    13      1.00      0.00 1521087724  394676   1.21      0.00      0.00      0.00       0  code
15:14:28     1000    577063    6.00    1.00    0.00    0.00    7.00     2     16.00      0.00 51391936  244596   0.75      0.00      0.00      0.00       0  code
15:14:28     1000    577067    0.00    0.00    0.00    0.00    0.00    10      3.00      0.00 50711564   88336   0.27      0.00      0.00      0.00       0  code
15:14:28     1000    577107    0.00    0.00    0.00    0.00    0.00     4      9.00      0.00 1520761120  610568   1.87      0.00      0.00      0.00       0  code
15:14:28     1000    577160    2.00    1.00    0.00    0.00    3.00     0     71.00      0.00 1518795316  715664   2.20      0.00      0.00      0.00       0  code
15:14:28     1000    577170    0.00    0.00    0.00    0.00    0.00     3      6.00      0.00 1520378324  115900   0.36      0.00      0.00      0.00       0  code
15:14:28     1000    577171    0.00    0.00    0.00    0.00    0.00     9     36.00      0.00 1520352992  125004   0.38      0.00      0.00      0.00       0  code
15:14:28     1000    577172    0.00    0.00    0.00    0.00    0.00     1      3.00      0.00 1520369816  113296   0.35      0.00      0.00      0.00       0  code
15:14:28     1000    577241    0.00    1.00    0.00    0.00    1.00    13      0.00      0.00  659564  180740   0.55      0.00      0.00      0.00       0  codex
15:14:28     1000    577320    0.00    0.00    0.00    0.00    0.00    12     28.00      0.00 1520354644  108680   0.33      0.00      0.00      0.00       0  code
15:14:28     1000    853053    1.00    1.00    0.00    0.00    2.00    15      1.00      0.00 55939148  496532   1.52      0.00      0.00      0.00       0  chrome
15:14:28     1000    853103    6.00    2.00    0.00    0.00    8.00     6     65.00      0.00 55916988  326172   1.00      0.00      0.00      0.00       0  chrome
15:14:28     1000    853105    0.00    0.00    0.00    0.00    0.00     0      9.00      0.00 55067288   94812   0.29      0.00      0.00      0.00       0  chrome
15:14:28     1000    853115    0.00    0.00    0.00    0.00    0.00    13      2.00      0.00 55302144   57156   0.18      0.00      0.00      0.00       0  chrome
15:14:28     1000    881251    0.00    0.00    0.00    0.00    0.00     8     19.00      0.00 72661500  495440   1.52      0.00      0.00      0.00       0  com.alibabainc.
15:14:28     1000    881951    0.00    1.00    0.00    0.00    1.00     4      1.00      0.00 55117148   61440   0.19      0.00      0.00      0.00       0  chrome
15:14:28     1000    913217    0.00    0.00    0.00    0.00    0.00     1      4.00      0.00 72299740  381564   1.17      0.00      0.00      0.00       0  com.alibabainc.
15:14:28        0   1049858    0.00    1.00    0.00    0.00    1.00     1      0.00      0.00       0       0   0.00     -1.00     -1.00     -1.00       0  kworker/u64:9-events_unbound
15:14:28     1000   1074666    0.00    0.00    0.00    0.00    0.00    14      4.00      0.00 1520369816  130064   0.40      0.00      0.00      0.00       0  code
15:14:28     1000   1074681    0.00    0.00    0.00    0.00    0.00    13     24.00      0.00 1520363292  295368   0.91      0.00      0.00      0.00       0  code
15:14:28     1000   1074725    0.00    0.00    0.00    0.00    0.00    13      1.00      0.00  646236  183280   0.56      0.00      0.00      0.00       0  codex
15:14:28     1000   1075226    2.00    1.00    0.00    0.00    3.00     1    116.00      0.00 1518709156  338720   1.04      0.00      0.00      0.00       0  code
15:14:28     1000   1095170    1.00    0.00    0.00    0.00    1.00     6      0.00      0.00  883436   72384   0.22      0.00      0.00      0.00       0  python3
15:14:28     1000   1109998    7.00    2.00    0.00    0.00    9.00     5    316.00      0.00 1518881396  380248   1.17      0.00      0.00      0.00       0  chrome
15:14:28     1000   1111002    0.00    0.00    0.00    0.00    0.00     8      0.00      0.00  204040   41576   0.13      0.00      4.00      0.00       0  ros2
15:14:28     1000   1111013    3.00    1.00    0.00    0.00    4.00     9      0.00      0.00  900104   36748   0.11      0.00      0.00      0.00       0  real_go2_input_
15:14:28     1000   1111014   11.00    1.00    0.00    0.00   12.00    11      0.00      0.00  888000   78292   0.24      0.00      0.00      0.00       0  python3
15:14:28     1000   1111015   81.00    0.00    0.00    0.00   81.00     7      0.00      0.00 1149652  300184   0.92      0.00      0.00      0.00       0  scan_planner_no
15:14:28     1000   1111016   37.00    3.00    0.00    0.00   40.00    14   3730.00      0.00 4977848  122288   0.38      0.00      0.00      0.00       0  scan_mppi_contr
15:14:28     1000   1111017    2.00    1.00    0.00    0.00    3.00     8      0.00      0.00  750832   32456   0.10      0.00      0.00      0.00       0  cmd_vel_safety_
15:14:28     1000   1111018   13.00    1.00    0.00    0.00   14.00    15      0.00      0.00  884008   73648   0.23      0.00    104.00      0.00       0  telemetry_recor
15:14:28     1000   1111155    0.00    1.00    0.00    0.00    1.00     4      0.00      0.00   12708    5944   0.02      0.00      4.00      0.00       0  pidstat
15:14:28     1000   1111156    3.00    0.00    0.00    0.00    3.00     7      0.00      0.00 1102732  113932   0.35      0.00      0.00      0.00       0  ros2

# Time        UID       PID    %usr %system  %guest   %wait    %CPU   CPU  minflt/s  majflt/s     VSZ     RSS   %MEM   kB_rd/s   kB_wr/s kB_ccwr/s iodelay  Command
15:14:29        0       147    0.00    1.00    0.00    0.00    1.00     3      0.00      0.00       0       0   0.00     -1.00     -1.00     -1.00       0  hwrng
15:14:29        0       676    0.00    1.00    0.00    0.00    1.00     1      0.00      0.00       0       0   0.00     -1.00     -1.00     -1.00       0  irq/163-rtw89_pci
15:14:29     1000      2075    0.00    1.00    0.00    0.00    1.00    10      0.00      0.00  121224   17284   0.05      0.00      0.00      0.00       0  pipewire
15:14:29     1000      2324   20.00    3.00    0.00    0.00   23.00     8      3.00      0.00 5557292  383048   1.18      0.00      0.00      0.00       0  gnome-shell
15:14:29     1000      2622    6.00    1.00    0.00    0.00    7.00     4      0.00      0.00 5685392  231952   0.71      0.00      0.00      0.00       0  ToDesk
15:14:29        0      3243    1.00    1.00    0.00    0.00    2.00    12      0.00      0.00 2778564   67840   0.21     -1.00     -1.00     -1.00       0  ToDesk_Service
15:14:29     1000     32140    1.00    0.00    0.00    0.00    1.00    11      0.00      0.00 11729028  750960   2.31      0.00     28.00      0.00       0  com.alibabainc.
15:14:29     1000     32292    0.00    0.00    0.00    0.00    0.00     2      0.00      0.00 1475112   79308   0.24      0.00     40.00      0.00       0  com.alibabainc.
15:14:29     1000     45971    0.00    0.00    0.00    0.00    0.00     3      1.00      0.00 50049280  219136   0.67      0.00      0.00      0.00       0  com.alibabainc.
15:14:29     1000    156386    0.00    1.00    0.00    0.00    1.00    15      0.00      0.00 1788224   49216   0.15      0.00      0.00      0.00       0  nxplayer.bin
15:14:29        0    332726    0.00    0.00    0.00    0.00    0.00     8      2.00      0.00  361696  237448   0.73     -1.00     -1.00     -1.00       0  systemd-journal
15:14:29     1000    425666    0.00    0.00    0.00    0.00    0.00    12      1.00      0.00 50028472  262052   0.80      0.00      0.00      0.00       0  com.alibabainc.
15:14:29     1000    516139    0.00    0.00    0.00    0.00    0.00     2     16.00      0.00 5453760   36816   0.11      0.00      0.00      0.00       0  clash
15:14:29     1000    577014    1.00    0.00    0.00    0.00    1.00    13      0.00      0.00 1521087724  394676   1.21      0.00      0.00      0.00       0  code
15:14:29     1000    577063    6.00    1.00    0.00    0.00    7.00    15     43.00      0.00 51391296  244588   0.75      0.00      0.00      0.00       0  code
15:14:29     1000    577132    0.00    0.00    0.00    0.00    0.00    15     26.00      0.00 1520364784  380972   1.17      0.00      0.00      0.00       0  code
15:14:29     1000    577160    1.00    0.00    0.00    0.00    1.00     3      0.00      0.00 1518795316  715664   2.20      0.00      0.00      0.00       0  code
15:14:29     1000    577241    0.00    0.00    0.00    0.00    0.00    13      1.00      0.00  659564  180740   0.55      0.00      0.00      0.00       0  codex
15:14:29     1000    853053    1.00    1.00    0.00    0.00    2.00    10     37.00      0.00 55939148  496532   1.52      0.00      0.00      0.00       0  chrome
15:14:29     1000    853103    7.00    1.00    0.00    0.00    8.00     2    102.00      0.00 55917044  326428   1.00      0.00      0.00      0.00       0  chrome
15:14:29        0   1049858    0.00    1.00    0.00    0.00    1.00     2      0.00      0.00       0       0   0.00     -1.00     -1.00     -1.00       0  kworker/u64:9-i915
15:14:29     1000   1074725    1.00    0.00    0.00    0.00    1.00    13    156.00      0.00  662644  183408   0.56      0.00     76.00      0.00       0  codex
15:14:29     1000   1075226    1.00    1.00    0.00    0.00    2.00     0      8.00      0.00 1518709156  338848   1.04      0.00      0.00      0.00       0  code
15:14:29        0   1106397    0.00    1.00    0.00    0.00    1.00    12      0.00      0.00       0       0   0.00     -1.00     -1.00     -1.00       0  kworker/u65:2-hci0
15:14:29        0   1108714    0.00    1.00    0.00    0.00    1.00    15      0.00      0.00       0       0   0.00     -1.00     -1.00     -1.00       0  kworker/15:1-i915-unordered
15:14:29     1000   1109998    9.00    2.00    0.00    0.00   11.00     8    400.00      0.00 1518881396  375596   1.15      0.00      0.00      0.00       0  chrome
15:14:29     1000   1111002    1.00    0.00    0.00    0.00    1.00     8      0.00      0.00  204040   41576   0.13      0.00      0.00      0.00       0  ros2
15:14:29     1000   1111013    3.00    1.00    0.00    0.00    4.00    12      0.00      0.00  900104   36748   0.11      0.00      0.00      0.00       0  real_go2_input_
15:14:29     1000   1111014   12.00    0.00    0.00    0.00   12.00     2      0.00      0.00  888000   78292   0.24      0.00      0.00      0.00       0  python3
15:14:29     1000   1111015   80.00    1.00    0.00    0.00   81.00     7      0.00      0.00 1149652  300184   0.92      0.00      0.00      0.00       0  scan_planner_no
15:14:29     1000   1111016   43.00    2.00    0.00    0.00   45.00    12   6125.00      0.00 4977848  129756   0.40      0.00      0.00      0.00       0  scan_mppi_contr
15:14:29     1000   1111017    3.00    0.00    0.00    0.00    3.00     8      0.00      0.00  750832   32456   0.10      0.00      0.00      0.00       0  cmd_vel_safety_
15:14:29     1000   1111018   13.00    1.00    0.00    0.00   14.00    13      0.00      0.00  884008   73648   0.23      0.00     96.00      0.00       0  telemetry_recor
15:14:29     1000   1111155    0.00    1.00    0.00    0.00    1.00     5      0.00      0.00   12708    5944   0.02      0.00      8.00      0.00       0  pidstat
15:14:29     1000   1111156    1.00    1.00    0.00    0.00    2.00     7    124.00      0.00 1102732  114444   0.35      0.00      0.00      0.00       0  ros2

# Time        UID       PID    %usr %system  %guest   %wait    %CPU   CPU  minflt/s  majflt/s     VSZ     RSS   %MEM   kB_rd/s   kB_wr/s kB_ccwr/s iodelay  Command
15:14:30        0       676    0.00    1.00    0.00    0.00    1.00     1      0.00      0.00       0       0   0.00     -1.00     -1.00     -1.00       0  irq/163-rtw89_pci
15:14:30      102      1191    0.00    1.00    0.00    0.00    1.00     6      0.00      0.00  222572    6028   0.02     -1.00     -1.00     -1.00       0  rsyslogd
15:14:30     1000      2075    1.00    0.00    0.00    0.00    1.00    10      0.00      0.00  121224   17284   0.05      0.00      0.00      0.00       0  pipewire
15:14:30     1000      2324   20.00    3.00    0.00    0.00   23.00     4      0.00      0.00 5557228  383048   1.18      0.00      0.00      0.00       0  gnome-shell
15:14:30     1000      2622    6.00    1.00    0.00    0.00    7.00    10      0.00      0.00 5685392  231952   0.71      0.00      0.00      0.00       0  ToDesk
15:14:30        0      3243    0.00    2.00    0.00    0.00    2.00    15      0.00      0.00 2778564   67840   0.21     -1.00     -1.00     -1.00       0  ToDesk_Service
15:14:30     1000     10251    0.00    0.00    0.00    0.00    0.00     6      3.00      0.00 34566360  113132   0.35      0.00      0.00      0.00       0  github-desktop
15:14:30     1000     32140    1.00    1.00    0.00    0.00    2.00     8      0.00      0.00 11729028  750960   2.31      0.00      0.00      0.00       0  com.alibabainc.
15:14:30     1000     45971    0.00    1.00    0.00    0.00    1.00     3      1.00      0.00 50049280  219136   0.67      0.00      0.00      0.00       0  com.alibabainc.
15:14:30     1000     46026    0.00    0.00    0.00    0.00    0.00    14      2.00      0.00 73748840  446480   1.37      0.00      0.00      0.00       0  com.alibabainc.
15:14:30        0    332726    0.00    0.00    0.00    0.00    0.00     6      2.00      0.00  361696  237448   0.73     -1.00     -1.00     -1.00       0  systemd-journal
15:14:30     1000    425666    1.00    0.00    0.00    0.00    1.00    12      0.00      0.00 50028472  262052   0.80      0.00      0.00      0.00       0  com.alibabainc.
15:14:30     1000    425773    0.00    0.00    0.00    0.00    0.00     8      1.00      0.00 51063092  392940   1.21      0.00      0.00      0.00       0  com.alibabainc.
15:14:30     1000    577014    1.00    2.00    0.00    0.00    3.00     8     15.00      0.00 1521087724  394676   1.21      0.00      0.00      0.00       0  code
15:14:30     1000    577063    6.00    1.00    0.00    0.00    7.00     2     17.00      0.00 51391872  244588   0.75      0.00      0.00      0.00       0  code
15:14:30     1000    577160    2.00    0.00    0.00    0.00    2.00     7      1.00      0.00 1518795316  715664   2.20      0.00      0.00      0.00       0  code
15:14:30     1000    853053    2.00    1.00    0.00    0.00    3.00     6     17.00      0.00 55939148  496532   1.52      0.00    200.00      0.00       0  chrome
15:14:30     1000    853103    6.00    1.00    0.00    0.00    7.00     6     12.00      0.00 55916532  326428   1.00      0.00      0.00      0.00       0  chrome
15:14:30     1000    853105    0.00    0.00    0.00    0.00    0.00     0      9.00      0.00 55067288   94812   0.29      0.00      0.00      0.00       0  chrome
15:14:30     1000    853115    0.00    1.00    0.00    0.00    1.00    12   1216.00      0.00 55302144   60248   0.18      0.00     68.00      0.00       0  chrome
15:14:30     1000    880405    0.00    0.00    0.00    0.00    0.00     6      3.00      0.00 1518901172  349788   1.07      0.00      0.00      0.00       0  chrome
15:14:30     1000    881251    0.00    0.00    0.00    0.00    0.00    10      1.00      0.00 72661500  495440   1.52      0.00      0.00      0.00       0  com.alibabainc.
15:14:30     1000    881919    0.00    0.00    0.00    0.00    0.00    15      2.00      0.00 1518709688  114244   0.35      0.00      0.00      0.00       0  chrome
15:14:30     1000    888233    2.00    2.00    0.00    0.00    4.00     0      2.00      0.00 1754648  368608   1.13      0.00      0.00      0.00       0  gnome-system-mo
15:14:30     1000    913217    0.00    0.00    0.00    0.00    0.00     1      2.00      0.00 72299740  381564   1.17      0.00      0.00      0.00       0  com.alibabainc.
15:14:30        0   1049858    0.00    1.00    0.00    0.00    1.00     6      0.00      0.00       0       0   0.00     -1.00     -1.00     -1.00       0  kworker/u64:9-events_unbound
15:14:30     1000   1068542    0.00    0.00    0.00    0.00    0.00     2    802.00      0.00 1518790188  233208   0.72      0.00      0.00      0.00       0  chrome
15:14:30     1000   1073729    1.00    0.00    0.00    0.00    1.00    12      0.00      0.00  877608   71244   0.22      0.00      0.00      0.00       0  python3
15:14:30     1000   1075226    2.00    0.00    0.00    0.00    2.00     4      5.00      0.00 1518709156  338848   1.04      0.00      0.00      0.00       0  code
15:14:30     1000   1109998   11.00    2.00    0.00    0.00   13.00    13    232.00      0.00 1518881396  375724   1.15      0.00      0.00      0.00       0  chrome
15:14:30     1000   1111013    4.00    1.00    0.00    0.00    5.00    14      0.00      0.00  900104   36748   0.11      0.00      0.00      0.00       0  real_go2_input_
15:14:30     1000   1111014   11.00    0.00    0.00    0.00   11.00     6      0.00      0.00  888000   78292   0.24      0.00      0.00      0.00       0  python3
15:14:30     1000   1111015   83.00    0.00    0.00    0.00   83.00     5      0.00      0.00 1149652  300184   0.92      0.00      0.00      0.00       0  scan_planner_no
15:14:30     1000   1111016   42.00    3.00    0.00    0.00   45.00     6   3900.00      0.00 4977848  118328   0.36      0.00      0.00      0.00       0  scan_mppi_contr
15:14:30     1000   1111017    2.00    1.00    0.00    0.00    3.00    13      0.00      0.00  750832   32456   0.10      0.00      0.00      0.00       0  cmd_vel_safety_
15:14:30     1000   1111018   12.00    1.00    0.00    1.00   13.00     1      0.00      0.00  884008   73648   0.23      0.00     96.00      0.00       0  telemetry_recor
15:14:30     1000   1111155    1.00    0.00    0.00    0.00    1.00     8      0.00      0.00   12708    5944   0.02      0.00      8.00      0.00       0  pidstat
15:14:30     1000   1111156    2.00    1.00    0.00    0.00    3.00    11      0.00      0.00 1102732  114444   0.35      0.00      0.00      0.00       0  ros2

# Time        UID       PID    %usr %system  %guest   %wait    %CPU   CPU  minflt/s  majflt/s     VSZ     RSS   %MEM   kB_rd/s   kB_wr/s kB_ccwr/s iodelay  Command
15:14:31        0      1141    1.00    0.00    0.00    0.00    1.00     6      0.00      0.00  625260   21556   0.07     -1.00     -1.00     -1.00       0  NetworkManager
15:14:31     1000      2324   21.00    3.00    0.00    0.00   24.00    10     64.00      0.00 5557228  383048   1.18      0.00      0.00      0.00       0  gnome-shell
15:14:31     1000      2538    0.00    1.00    0.00    0.00    1.00     4      0.00      0.00  543976   11928   0.04      0.00      0.00      0.00       0  gsd-sharing
15:14:31     1000      2622    5.00    2.00    0.00    0.00    7.00     0      0.00      0.00 5685392  231952   0.71      0.00      0.00      0.00       0  ToDesk
15:14:31        0      3243    1.00    2.00    0.00    0.00    3.00    12      0.00      0.00 2778564   67840   0.21     -1.00     -1.00     -1.00       0  ToDesk_Service
15:14:31     1000     10213    0.00    0.00    0.00    0.00    0.00     0      7.00      0.00 1212301312  153700   0.47      0.00      0.00      0.00       0  github-desktop
15:14:31     1000     32140    2.00    0.00    0.00    0.00    2.00    10      0.00      0.00 11729028  750960   2.31      0.00      0.00      0.00       0  com.alibabainc.
15:14:31     1000     45971    0.00    0.00    0.00    0.00    0.00     3      1.00      0.00 50049280  219136   0.67      0.00      0.00      0.00       0  com.alibabainc.
15:14:31     1000     46026    0.00    0.00    0.00    0.00    0.00    12      1.00      0.00 73748840  446480   1.37      0.00      0.00      0.00       0  com.alibabainc.
15:14:31     1000     52294    0.00    0.00    0.00    0.00    0.00     6      1.00      0.00 53387680  463888   1.42      0.00      0.00      0.00       0  com.alibabainc.
15:14:31        0    332726    0.00    0.00    0.00    0.00    0.00     8      6.00      0.00  361696  237448   0.73     -1.00     -1.00     -1.00       0  systemd-journal
15:14:31     1000    425666    0.00    0.00    0.00    0.00    0.00    13      2.00      0.00 50028472  262052   0.80      0.00      0.00      0.00       0  com.alibabainc.
15:14:31     1000    425773    0.00    0.00    0.00    0.00    0.00     1      1.00      0.00 51063092  392940   1.21      0.00      0.00      0.00       0  com.alibabainc.
15:14:31     1000    516139    0.00    1.00    0.00    0.00    1.00     2      0.00      0.00 5453760   36816   0.11      0.00      0.00      0.00       0  clash
15:14:31     1000    577014    1.00    0.00    0.00    0.00    1.00     2      4.00      0.00 1521087724  394676   1.21      0.00      0.00      0.00       0  code
15:14:31     1000    577063    5.00    2.00    0.00    0.00    7.00     1      6.00      0.00 51391872  244588   0.75      0.00      0.00      0.00       0  code
15:14:31     1000    577132    0.00    0.00    0.00    0.00    0.00     7      2.00      0.00 1520364784  380972   1.17      0.00      0.00      0.00       0  code
15:14:31     1000    577160    1.00    1.00    0.00    0.00    2.00    14      0.00      0.00 1518795316  715664   2.20      0.00      0.00      0.00       0  code
15:14:31     1000    577170    0.00    0.00    0.00    0.00    0.00     3      4.00      0.00 1520378324  115900   0.36      0.00      0.00      0.00       0  code
15:14:31     1000    577171    0.00    0.00    0.00    0.00    0.00     9      2.00      0.00 1520352992  125004   0.38      0.00      0.00      0.00       0  code
15:14:31     1000    577172    0.00    0.00    0.00    0.00    0.00     1      3.00      0.00 1520369816  113296   0.35      0.00      0.00      0.00       0  code
15:14:31     1000    853053    6.00    2.00    0.00    0.00    8.00     2    271.00      0.00 55939148  497300   1.53      0.00     36.00      0.00       0  chrome
15:14:31     1000    853103    8.00    3.00    0.00    0.00   11.00    13    189.00      0.00 55918908  326728   1.00     24.00      0.00      0.00       0  chrome
15:14:31     1000    853105    1.00    1.00    0.00    0.00    2.00     0     69.00      0.00 55067288   94940   0.29     12.00      8.00      0.00       0  chrome
15:14:31     1000    853115    2.00    2.00    0.00    0.00    4.00    14  13106.00      0.00 55302144   56976   0.17      0.00   3468.00      0.00       0  chrome
15:14:31     1000    880405    0.00    0.00    0.00    0.00    0.00    12      1.00      0.00 1518901172  349788   1.07      0.00      0.00      0.00       0  chrome
15:14:31     1000    881251    0.00    0.00    0.00    0.00    0.00    10      2.00      0.00 72661500  495440   1.52      0.00      0.00      0.00       0  com.alibabainc.
15:14:31     1000    881919    0.00    0.00    0.00    0.00    0.00    12      1.00      0.00 1518709688  114244   0.35      0.00      0.00      0.00       0  chrome
15:14:31     1000    881951    1.00    0.00    0.00    0.00    1.00     4      0.00      0.00 55117148   61440   0.19      0.00      0.00      0.00       0  chrome
15:14:31     1000    913217    0.00    0.00    0.00    0.00    0.00     4      1.00      0.00 72299740  381564   1.17      0.00      0.00      0.00       0  com.alibabainc.
15:14:31        0   1074653    0.00    2.00    0.00    0.00    2.00     6      0.00      0.00       0       0   0.00     -1.00     -1.00     -1.00       0  kworker/u64:3-i915
15:14:31     1000   1074666    0.00    0.00    0.00    0.00    0.00    14      3.00      0.00 1520369816  130064   0.40      0.00      0.00      0.00       0  code
15:14:31     1000   1074681    0.00    0.00    0.00    0.00    0.00    12      3.00      0.00 1520363292  295368   0.91      0.00      0.00      0.00       0  code
15:14:31     1000   1074725    0.00    0.00    0.00    0.00    0.00    13     12.00      0.00  662644  183408   0.56      0.00     64.00      0.00       0  codex
15:14:31     1000   1075226    1.00    0.00    0.00    0.00    1.00    13      5.00      0.00 1518709156  338848   1.04      0.00      0.00      0.00       0  code
15:14:31     1000   1109998   37.00    2.00    0.00    0.00   39.00    11   3305.00      0.00 1518881652  381632   1.17      0.00      0.00      0.00       0  chrome
15:14:31     1000   1111002    0.00    0.00    0.00    0.00    0.00    10      0.00      0.00  204040   41576   0.13      0.00      4.00      0.00       0  ros2
15:14:31     1000   1111013    4.00    1.00    0.00    0.00    5.00     6      0.00      0.00  900104   36748   0.11      0.00      0.00      0.00       0  real_go2_input_
15:14:31     1000   1111014   13.00    1.00    0.00    0.00   14.00     9      0.00      0.00  888000   78292   0.24      0.00      0.00      0.00       0  python3
15:14:31     1000   1111015   86.00    0.00    0.00    0.00   86.00     5      0.00      0.00 1149652  300184   0.92      0.00      0.00      0.00       0  scan_planner_no
15:14:31     1000   1111016   42.00    2.00    0.00    0.00   44.00     2   4105.00      0.00 4977848  123904   0.38      0.00      0.00      0.00       0  scan_mppi_contr
15:14:31     1000   1111017    3.00    1.00    0.00    0.00    4.00     1      0.00      0.00  750832   32456   0.10      0.00      0.00      0.00       0  cmd_vel_safety_
15:14:31     1000   1111018   15.00    1.00    0.00    0.00   16.00    14      0.00      0.00  884008   73648   0.23      0.00     96.00      0.00       0  telemetry_recor
15:14:31     1000   1111155    0.00    1.00    0.00    0.00    1.00     6      0.00      0.00   12708    5944   0.02      0.00      4.00      0.00       0  pidstat
15:14:31     1000   1111156    2.00    1.00    0.00    0.00    3.00    10      0.00      0.00 1102732  114444   0.35      0.00      0.00      0.00       0  ros2

# Time        UID       PID    %usr %system  %guest   %wait    %CPU   CPU  minflt/s  majflt/s     VSZ     RSS   %MEM   kB_rd/s   kB_wr/s kB_ccwr/s iodelay  Command
15:14:32        0       676    0.00    1.00    0.00    0.00    1.00     1      0.00      0.00       0       0   0.00     -1.00     -1.00     -1.00       0  irq/163-rtw89_pci
15:14:32        0      1071    0.00    1.00    0.00    0.00    1.00    13      0.00      0.00   15268    7648   0.02     -1.00     -1.00     -1.00       0  bluetoothd
15:14:32     1000      2081    1.00    1.00    0.00    0.00    2.00    13      0.00      0.00  160440   48336   0.15      0.00      0.00      0.00       0  pipewire-pulse
15:14:32     1000      2324    3.00    1.00    0.00    0.00    4.00     1      0.00      0.00 5557224  383048   1.18      0.00      0.00      0.00       0  gnome-shell
15:14:32     1000      2622    5.00    1.00    0.00    0.00    6.00     2      0.00      0.00 5685392  231952   0.71      0.00      0.00      0.00       0  ToDesk
15:14:32        0      3243    0.00    1.00    0.00    0.00    1.00    12      0.00      0.00 2778564   67840   0.21     -1.00     -1.00     -1.00       0  ToDesk_Service
15:14:32     1000     10268    0.00    0.00    0.00    0.00    0.00     8      3.00      0.00 33882424   63200   0.19      0.00      0.00      0.00       0  github-desktop
15:14:32     1000     32140    1.00    0.00    0.00    0.00    1.00     2      0.00      0.00 11729028  750960   2.31      0.00      0.00      0.00       0  com.alibabainc.
15:14:32     1000     45971    0.00    0.00    0.00    0.00    0.00     3      1.00      0.00 50049280  219136   0.67      0.00      0.00      0.00       0  com.alibabainc.
15:14:32        0    332726    0.00    0.00    0.00    0.00    0.00     8      1.00      0.00  361696  237448   0.73     -1.00     -1.00     -1.00       0  systemd-journal
15:14:32     1000    425666    0.00    0.00    0.00    0.00    0.00    13      1.00      0.00 50028472  262052   0.80      0.00      0.00      0.00       0  com.alibabainc.
15:14:32     1000    425773    1.00    0.00    0.00    0.00    1.00     1      0.00      0.00 51063092  392940   1.21      0.00      0.00      0.00       0  com.alibabainc.
15:14:32     1000    426077    0.00    0.00    0.00    0.00    0.00    10      1.00      0.00 50132492  528136   1.62      0.00      0.00      0.00       0  com.alibabainc.
15:14:32     1000    516139    0.00    0.00    0.00    0.00    0.00     2     16.00      0.00 5453760   36944   0.11      0.00      0.00      0.00       0  clash
15:14:32     1000    577014    1.00    1.00    0.00    0.00    2.00    13      4.00      0.00 1521087724  394676   1.21      0.00      0.00      0.00       0  code
15:14:32     1000    577063    5.00    1.00    0.00    0.00    6.00    10      0.00      0.00 51391872  244588   0.75      0.00      0.00      0.00       0  code
15:14:32     1000    577067    0.00    0.00    0.00    0.00    0.00     8      3.00      0.00 50711564   88336   0.27      0.00      0.00      0.00       0  code
15:14:32     1000    577160    1.00    0.00    0.00    0.00    1.00     3     84.00      0.00 1518795316  715664   2.20      0.00      0.00      0.00       0  code
15:14:32     1000    577170    0.00    0.00    0.00    0.00    0.00     3     15.00      0.00 1520378324  115900   0.36      0.00      0.00      0.00       0  code
15:14:32     1000    577171    0.00    0.00    0.00    0.00    0.00     9     36.00      0.00 1520352992  125004   0.38      0.00      0.00      0.00       0  code
15:14:32     1000    577172    0.00    0.00    0.00    0.00    0.00     1      2.00      0.00 1520369816  113296   0.35      0.00      0.00      0.00       0  code
15:14:32     1000    577241    0.00    0.00    0.00    0.00    0.00    13      1.00      0.00  659564  180740   0.55      0.00      0.00      0.00       0  codex
15:14:32     1000    577320    0.00    0.00    0.00    0.00    0.00    15     12.00      0.00 1520354644  108680   0.33      0.00      0.00      0.00       0  code
15:14:32     1000    853053    1.00    0.00    0.00    0.00    1.00     2     66.00      0.00 55939148  497356   1.53      0.00    128.00      0.00       0  chrome
15:14:32     1000    853103    0.00    0.00    0.00    0.00    0.00    10     34.00      0.00 55918908  326440   1.00      0.00      0.00      0.00       0  chrome
15:14:32     1000    853105    0.00    0.00    0.00    0.00    0.00     0     57.00      0.00 55067288   94496   0.29      0.00      0.00      0.00       0  chrome
15:14:32     1000    853115    0.00    0.00    0.00    0.00    0.00    14      0.00      0.00 55302144   56844   0.17      0.00      0.00      0.00       0  chrome
15:14:32     1000    881951    0.00    1.00    0.00    0.00    1.00     8      1.00      0.00 55117148   61440   0.19      0.00      0.00      0.00       0  chrome
15:14:32     1000    885261    0.00    0.00    0.00    0.00    0.00     2     46.00      0.00 1518767568  320424   0.98      0.00      0.00      0.00       0  code
15:14:32     1000   1068542    0.00    0.00    0.00    0.00    0.00     0      3.00      0.00 1518790188  233208   0.72      0.00      0.00      0.00       0  chrome
15:14:32     1000   1074666    0.00    0.00    0.00    0.00    0.00    13      4.00      0.00 1520369816  130064   0.40      0.00      0.00      0.00       0  code
15:14:32     1000   1074681    1.00    0.00    0.00    0.00    1.00    12     31.00      0.00 1520363292  295368   0.91      0.00      0.00      0.00       0  code
15:14:32     1000   1074725    1.00    1.00    0.00    0.00    2.00    13    204.00      0.00  662664  183468   0.56      0.00    120.00      0.00       0  codex
15:14:32     1000   1075226    2.00    0.00    0.00    0.00    2.00    13    115.00      0.00 1518709156  338848   1.04      0.00      0.00      0.00       0  code
15:14:32     1000   1076599    0.00    0.00    0.00    0.00    0.00     9      1.00      0.00 1448930648   18060   0.06      0.00      0.00      0.00       0  codex-code-mode
15:14:32     1000   1109998    2.00    0.00    0.00    0.00    2.00     8    144.00      0.00 1518881652  380068   1.17      0.00      0.00      0.00       0  chrome
15:14:32     1000   1111013    3.00    1.00    0.00    0.00    4.00    14      0.00      0.00  900104   36748   0.11      0.00      0.00      0.00       0  real_go2_input_
15:14:32     1000   1111014   10.00    0.00    0.00    0.00   10.00    15      0.00      0.00  888000   78292   0.24      0.00      0.00      0.00       0  python3
15:14:32     1000   1111015   77.00    0.00    0.00    0.00   77.00     5      0.00      0.00 1149652  300184   0.92      0.00      4.00      0.00       0  scan_planner_no
15:14:32     1000   1111016   26.00    2.00    0.00    0.00   28.00    13   3701.00      0.00 4980208  127552   0.39      0.00      0.00      0.00       0  scan_mppi_contr
15:14:32     1000   1111017    2.00    0.00    0.00    0.00    2.00     2      0.00      0.00  750832   32456   0.10      0.00      0.00      0.00       0  cmd_vel_safety_
15:14:32     1000   1111018   11.00    1.00    0.00    0.00   12.00    12      0.00      0.00  884008   73648   0.23      0.00     96.00      0.00       0  telemetry_recor
15:14:32     1000   1111155    0.00    0.00    0.00    0.00    0.00     6      0.00      0.00   12708    5944   0.02      0.00      8.00      0.00       0  pidstat
15:14:32     1000   1111156    2.00    1.00    0.00    0.00    3.00    10      0.00      0.00 1102732  114444   0.35      0.00      0.00      0.00       0  ros2

# Time        UID       PID    %usr %system  %guest   %wait    %CPU   CPU  minflt/s  majflt/s     VSZ     RSS   %MEM   kB_rd/s   kB_wr/s kB_ccwr/s iodelay  Command
15:14:33        0        15    0.00    1.00    0.00    0.00    1.00    14      0.00      0.00       0       0   0.00     -1.00     -1.00     -1.00       0  rcu_preempt
15:14:33        0        54    0.00    1.00    0.00    0.00    1.00    12      0.00      0.00       0       0   0.00     -1.00     -1.00     -1.00       0  migration/12
15:14:33        0        72    0.00    1.00    0.00    0.00    1.00    15      0.00      0.00       0       0   0.00     -1.00     -1.00     -1.00       0  migration/15
15:14:33        0       676    0.00    1.00    0.00    0.00    1.00     1      0.00      0.00       0       0   0.00     -1.00     -1.00     -1.00       0  irq/163-rtw89_pci
15:14:33     1000      2075    1.00    0.00    0.00    0.00    1.00    10      0.00      0.00  121224   17284   0.05      0.00      0.00      0.00       0  pipewire
15:14:33     1000      2324   18.00    2.00    0.00    0.00   20.00     1      2.00      0.00 5557284  383048   1.18      0.00      0.00      0.00       0  gnome-shell
15:14:33     1000      2622    5.00    2.00    0.00    0.00    7.00    10      0.00      0.00 5685392  231952   0.71      0.00      0.00      0.00       0  ToDesk
15:14:33        0      3243    1.00    1.00    0.00    0.00    2.00    12      0.00      0.00 2778564   67840   0.21     -1.00     -1.00     -1.00       0  ToDesk_Service
15:14:33     1000     32140    1.00    1.00    0.00    0.00    2.00     6      0.00      0.00 11729028  750960   2.31      0.00      0.00      0.00       0  com.alibabainc.
15:14:33     1000     45971    0.00    0.00    0.00    0.00    0.00     3      1.00      0.00 50049280  219136   0.67      0.00      0.00      0.00       0  com.alibabainc.
15:14:33     1000     46026    0.00    0.00    0.00    0.00    0.00    12      0.00      0.00 72700264  445740   1.37      0.00      0.00      0.00       0  com.alibabainc.
15:14:33     1000    156386    1.00    0.00    0.00    0.00    1.00    14      0.00      0.00 1788224   49216   0.15      0.00      0.00      0.00       0  nxplayer.bin
15:14:33        0    332726    0.00    0.00    0.00    0.00    0.00     2      2.00      0.00  361696  237448   0.73     -1.00     -1.00     -1.00       0  systemd-journal
15:14:33     1000    425666    0.00    0.00    0.00    0.00    0.00    15      1.00      0.00 50028472  262052   0.80      0.00      0.00      0.00       0  com.alibabainc.
15:14:33     1000    425773    0.00    0.00    0.00    0.00    0.00    12      1.00      0.00 51063092  392940   1.21      0.00      0.00      0.00       0  com.alibabainc.
15:14:33     1000    577014    1.00    1.00    0.00    0.00    2.00     7      1.00      0.00 1521087724  394676   1.21      0.00      0.00      0.00       0  code
15:14:33     1000    577063    6.00    1.00    0.00    0.00    7.00     9     43.00      0.00 51391808  244844   0.75      0.00      0.00      0.00       0  code
15:14:33     1000    577107    0.00    0.00    0.00    0.00    0.00     1      9.00      0.00 1520761120  610568   1.87      0.00      0.00      0.00       0  code
15:14:33     1000    577132    0.00    0.00    0.00    0.00    0.00     6     26.00      0.00 1520364784  380972   1.17      0.00      0.00      0.00       0  code
15:14:33     1000    577160    2.00    0.00    0.00    0.00    2.00    11      0.00      0.00 1518795316  715664   2.20      0.00      0.00      0.00       0  code
15:14:33     1000    577170    0.00    0.00    0.00    0.00    0.00     6      1.00      0.00 1520378324  115900   0.36      0.00      0.00      0.00       0  code
15:14:33     1000    577320    0.00    0.00    0.00    0.00    0.00    15     14.00      0.00 1520354644  108680   0.33      0.00      0.00      0.00       0  code
15:14:33     1000    853053    8.00    2.00    0.00    0.00   10.00    12    326.00      0.00 55943244  497580   1.53      0.00      0.00      0.00       0  chrome
15:14:33     1000    853103    6.00    2.00    0.00    0.00    8.00     3     53.00      0.00 55923788  327032   1.00      0.00      0.00      0.00       0  chrome
15:14:33     1000    881951    1.00    0.00    0.00    0.00    1.00     8      0.00      0.00 55117148   61440   0.19      0.00      0.00      0.00       0  chrome
15:14:33     1000    888233    3.00    1.00    0.00    0.00    4.00     1      1.00      0.00 1754072  368608   1.13      0.00      0.00      0.00       0  gnome-system-mo
15:14:33        0   1049858    0.00    1.00    0.00    0.00    1.00    12      0.00      0.00       0       0   0.00     -1.00     -1.00     -1.00       0  kworker/u64:9-i915
15:14:33        0   1074653    0.00    1.00    0.00    0.00    1.00     8      0.00      0.00       0       0   0.00     -1.00     -1.00     -1.00       0  kworker/u64:3-ext4-rsv-conversion
15:14:33     1000   1074725    1.00    0.00    0.00    0.00    1.00    13     47.00      0.00  662792  183596   0.56      0.00    212.00     88.00       0  codex
15:14:33     1000   1075226    2.00    1.00    0.00    0.00    3.00    15      6.00      0.00 1518709156  338848   1.04      0.00      0.00      0.00       0  code
15:14:33        0   1097682    0.00    1.00    0.00    0.00    1.00    14      0.00      0.00       0       0   0.00     -1.00     -1.00     -1.00       0  kworker/u65:3-hci0
15:14:33     1000   1109998    4.00    1.00    0.00    0.00    5.00    13     94.00      0.00 1518881652  380196   1.17      0.00     12.00      0.00       0  chrome
15:14:33     1000   1111002    1.00    0.00    0.00    0.00    1.00    10      0.00      0.00  204040   41576   0.13      0.00      4.00      0.00       0  ros2
15:14:33     1000   1111013    3.00    1.00    0.00    0.00    4.00     2      0.00      0.00  900104   36748   0.11      0.00      0.00      0.00       0  real_go2_input_
15:14:33     1000   1111014   15.00    0.00    0.00    0.00   15.00    13    103.00      0.00  888000   78292   0.24      0.00      0.00      0.00       0  python3
15:14:33     1000   1111015   98.00    0.00    0.00    0.00   98.00     5     26.00      0.00 1182436  300184   0.92      0.00      0.00      0.00       0  scan_planner_no
15:14:33     1000   1111016   18.00    1.00    0.00    0.00   19.00    14   2041.00      0.00 4980208  109292   0.34      0.00      0.00      0.00       0  scan_mppi_contr
15:14:33     1000   1111017    3.00    1.00    0.00    0.00    4.00     8      0.00      0.00  750832   32456   0.10      0.00      0.00      0.00       0  cmd_vel_safety_
15:14:33     1000   1111018   12.00    2.00    0.00    0.00   14.00     2      0.00      0.00  884008   73648   0.23      0.00     92.00      0.00       0  telemetry_recor
15:14:33     1000   1111155    1.00    1.00    0.00    0.00    2.00     6      0.00      0.00   12708    5944   0.02      0.00      8.00      0.00       0  pidstat
15:14:33     1000   1111156    2.00    0.00    0.00    0.00    2.00    10      0.00      0.00 1102732  114444   0.35      0.00      0.00      0.00       0  ros2

# Time        UID       PID    %usr %system  %guest   %wait    %CPU   CPU  minflt/s  majflt/s     VSZ     RSS   %MEM   kB_rd/s   kB_wr/s kB_ccwr/s iodelay  Command
15:14:34      101      1072    0.00    1.00    0.00    0.00    1.00     8      0.00      0.00   12504    6632   0.02     -1.00     -1.00     -1.00       0  dbus-daemon
15:14:34      117      1462    0.00    1.00    0.00    0.00    1.00    10      0.00      0.00   88484    3252   0.01     -1.00     -1.00     -1.00       0  rtkit-daemon
15:14:34     1000      2324   13.00    2.00    0.00    0.00   15.00     0      0.00      0.00 5557284  383048   1.18      0.00      0.00      0.00       0  gnome-shell
15:14:34     1000      2622    5.00    1.00    0.00    0.00    6.00     6      0.00      0.00 5685392  231952   0.71      0.00      0.00      0.00       0  ToDesk
15:14:34      123      3242    1.00    1.00    0.00    0.00    2.00    13      3.00      0.00 2382192   76072   0.23     -1.00     -1.00     -1.00       0  nxserver.bin
15:14:34        0      3243    1.00    2.00    0.00    0.00    3.00    12      0.00      0.00 2778564   67840   0.21     -1.00     -1.00     -1.00       0  ToDesk_Service
15:14:34     1000     10251    0.00    0.00    0.00    0.00    0.00     6      3.00      0.00 34566360  113132   0.35      0.00      0.00      0.00       0  github-desktop
15:14:34     1000     32140    2.00    0.00    0.00    0.00    2.00    10      0.00      0.00 11729028  750960   2.31      0.00      0.00      0.00       0  com.alibabainc.
15:14:34     1000     45971    0.00    0.00    0.00    0.00    0.00     3      1.00      0.00 50049280  219136   0.67      0.00      0.00      0.00       0  com.alibabainc.
15:14:34        0    332726    0.00    0.00    0.00    0.00    0.00     8      3.00      0.00  361696  237448   0.73     -1.00     -1.00     -1.00       0  systemd-journal
15:14:34     1000    425666    0.00    0.00    0.00    0.00    0.00    13      1.00      0.00 50028472  262052   0.80      0.00      0.00      0.00       0  com.alibabainc.
15:14:34     1000    426077    1.00    0.00    0.00    0.00    1.00     7      0.00      0.00 50132492  528136   1.62      0.00      0.00      0.00       0  com.alibabainc.
15:14:34     1000    516139    1.00    0.00    0.00    0.00    1.00     2      0.00      0.00 5453760   36944   0.11      0.00      0.00      0.00       0  clash
15:14:34     1000    577014    1.00    1.00    0.00    0.00    2.00    14     15.00      0.00 1521087724  394676   1.21      0.00      0.00      0.00       0  code
15:14:34     1000    577063    5.00    1.00    0.00    0.00    6.00     6      2.00      0.00 51391872  244844   0.75      0.00      0.00      0.00       0  code
15:14:34     1000    577160    2.00    1.00    0.00    0.00    3.00    14      1.00      0.00 1518795316  715664   2.20      0.00      0.00      0.00       0  code
15:14:34     1000    853053    4.00    1.00    0.00    0.00    5.00    14     37.00      0.00 55943244  497708   1.53      0.00     16.00      0.00       0  chrome
15:14:34     1000    853103    3.00    0.00    0.00    0.00    3.00     3     17.00      0.00 55921228  326680   1.00      0.00      0.00      0.00       0  chrome
15:14:34     1000    853105    0.00    1.00    0.00    0.00    1.00     0     51.00      0.00 55067288   94496   0.29      0.00      0.00      0.00       0  chrome
15:14:34     1000    856924    0.00    0.00    0.00    0.00    0.00     2   1353.00      0.00 1518794828  259028   0.80      0.00      0.00      0.00       0  chrome
15:14:34     1000    880405    1.00    0.00    0.00    0.00    1.00     1    904.00      0.00 1518901172  353372   1.08      0.00      0.00      0.00       0  chrome
15:14:34     1000    882233    0.00    0.00    0.00    0.00    0.00    14      8.00      0.00 1518829448  204052   0.63      0.00      0.00      0.00       0  chrome
15:14:34     1000    885261    1.00    1.00    0.00    0.00    2.00     0    621.00      0.00 1518767568  322728   0.99      0.00      0.00      0.00       0  code
15:14:34     1000    910028    0.00    0.00    0.00    0.00    0.00     6     21.00      0.00 1522797792  366992   1.13      0.00      0.00      0.00       0  chrome
15:14:34     1000    913217    0.00    0.00    0.00    0.00    0.00     4      1.00      0.00 72299740  381564   1.17      0.00      0.00      0.00       0  com.alibabainc.
15:14:34        0    940783    0.00    1.00    0.00    0.00    1.00    14      0.00      0.00       0       0   0.00     -1.00     -1.00     -1.00       0  kworker/14:1-events
15:14:34        0   1049858    0.00    1.00    0.00    0.00    1.00     6      0.00      0.00       0       0   0.00     -1.00     -1.00     -1.00       0  kworker/u64:9-events_unbound
15:14:34     1000   1068542    0.00    0.00    0.00    0.00    0.00    14     69.00      0.00 1518790188  233336   0.72      0.00      0.00      0.00       0  chrome
15:14:34     1000   1074681    1.00    0.00    0.00    0.00    1.00     6     20.00      0.00 1520363292  295496   0.91      0.00      8.00      0.00       0  code
15:14:34     1000   1074725    0.00    0.00    0.00    0.00    0.00    13     24.00      0.00  662792  183596   0.56      0.00      0.00      0.00       0  codex
15:14:34     1000   1075226    3.00    0.00    0.00    0.00    3.00     2    146.00      0.00 1518709156  339232   1.04      0.00      0.00      0.00       0  code
15:14:34     1000   1109998    4.00    0.00    0.00    0.00    4.00    13      0.00      0.00 1518879028  379672   1.17      0.00      0.00      0.00       0  chrome
15:14:34     1000   1111013    4.00    1.00    0.00    0.00    5.00     3      0.00      0.00  900104   36748   0.11      0.00      0.00      0.00       0  real_go2_input_
15:14:34     1000   1111014   11.00    0.00    0.00    0.00   11.00     8      0.00      0.00  888000   78292   0.24      0.00      0.00      0.00       0  python3
15:14:34     1000   1111015   81.00    0.00    0.00    1.00   81.00     5      0.00      0.00 1182436  300184   0.92      0.00      0.00      0.00       0  scan_planner_no
15:14:34     1000   1111016   38.00    2.00    0.00    0.00   40.00     6   5964.00      0.00 4986780  119952   0.37      0.00      0.00      0.00       0  scan_mppi_contr
15:14:34     1000   1111017    2.00    1.00    0.00    0.00    3.00     9      0.00      0.00  750832   32456   0.10      0.00      0.00      0.00       0  cmd_vel_safety_
15:14:34     1000   1111018   12.00    0.00    0.00    0.00   12.00    13      0.00      0.00  884008   73648   0.23      0.00     92.00      0.00       0  telemetry_recor
15:14:34     1000   1111155    0.00    1.00    0.00    0.00    1.00     2      0.00      0.00   12708    5944   0.02      0.00     12.00      0.00       0  pidstat
15:14:34     1000   1111156    2.00    1.00    0.00    0.00    3.00     8      0.00      0.00 1102732  114444   0.35      0.00      0.00      0.00       0  ros2

# Time        UID       PID    %usr %system  %guest   %wait    %CPU   CPU  minflt/s  majflt/s     VSZ     RSS   %MEM   kB_rd/s   kB_wr/s kB_ccwr/s iodelay  Command
15:14:35        0      1071    0.00    1.00    0.00    0.00    1.00    11      0.00      0.00   15268    7648   0.02     -1.00     -1.00     -1.00       0  bluetoothd
15:14:35        0      1370    1.00    1.00    0.00    0.00    2.00    13      0.00      0.00 2606064   21460   0.07     -1.00     -1.00     -1.00       0  containerd
15:14:35     1000      2081    0.00    1.00    0.00    0.00    1.00    15      0.00      0.00  160440   48336   0.15      0.00      0.00      0.00       0  pipewire-pulse
15:14:35     1000      2324   11.00    2.00    0.00    0.00   13.00     4      0.00      0.00 5557284  383048   1.18      0.00      0.00      0.00       0  gnome-shell
15:14:35     1000      2622    5.00    2.00    0.00    0.00    7.00     8      0.00      0.00 5685392  231952   0.71      0.00      0.00      0.00       0  ToDesk
15:14:35      123      3242    1.00    1.00    0.00    0.00    2.00    13      0.00      0.00 2382192   76072   0.23     -1.00     -1.00     -1.00       0  nxserver.bin
15:14:35        0      3243    0.00    2.00    0.00    0.00    2.00    15      0.00      0.00 2778564   67840   0.21     -1.00     -1.00     -1.00       0  ToDesk_Service
15:14:35     1000     10213    0.00    0.00    0.00    0.00    0.00     0      5.00      0.00 1212301312  153700   0.47      0.00      0.00      0.00       0  github-desktop
15:14:35     1000     10268    0.00    0.00    0.00    0.00    0.00     8      2.00      0.00 33882424   63200   0.19      0.00      0.00      0.00       0  github-desktop
15:14:35     1000     32140    0.00    1.00    0.00    0.00    1.00    13      0.00      0.00 11729028  750960   2.31      0.00      0.00      0.00       0  com.alibabainc.
15:14:35     1000     45971    1.00    0.00    0.00    0.00    1.00    13      1.00      0.00 50049280  219136   0.67      0.00      0.00      0.00       0  com.alibabainc.
15:14:35     1000     52294    0.00    0.00    0.00    0.00    0.00     6      2.00      0.00 53387680  464016   1.42      0.00      0.00      0.00       0  com.alibabainc.
15:14:35        0    332726    0.00    0.00    0.00    0.00    0.00    14     31.00      0.00  361696  237448   0.73     -1.00     -1.00     -1.00       0  systemd-journal
15:14:35     1000    425666    0.00    1.00    0.00    0.00    1.00     6      2.00      0.00 50028472  262052   0.80      0.00      0.00      0.00       0  com.alibabainc.
15:14:35     1000    516139    0.00    0.00    0.00    0.00    0.00     2      8.00      0.00 5453760   36944   0.11      0.00      0.00      0.00       0  clash
15:14:35     1000    577014    1.00    0.00    0.00    0.00    1.00     4      1.00      0.00 1521087724  394676   1.21      0.00      0.00      0.00       0  code
15:14:35     1000    577063    6.00    1.00    0.00    0.00    7.00    10     16.00      0.00 51391936  244844   0.75      0.00      0.00      0.00       0  code
15:14:35     1000    577160    1.00    0.00    0.00    0.00    1.00     1      0.00      0.00 1518795316  715664   2.20      0.00      0.00      0.00       0  code
15:14:35     1000    577172    1.00    0.00    0.00    0.00    1.00     1      0.00      0.00 1520369816  113296   0.35      0.00      0.00      0.00       0  code
15:14:35     1000    577241    1.00    0.00    0.00    0.00    1.00    13      2.00      0.00  659564  180740   0.55      0.00      0.00      0.00       0  codex
15:14:35     1000    853053    2.00    1.00    0.00    0.00    3.00     8     33.00      0.00 55943244  497964   1.53      0.00      0.00      0.00       0  chrome
15:14:35     1000    853103    3.00    2.00    0.00    0.00    5.00     0     21.00      0.00 55924752  326808   1.00      0.00      0.00      0.00       0  chrome
15:14:35     1000    853105    1.00    0.00    0.00    0.00    1.00     0     28.00      0.00 55067288   94880   0.29      0.00     16.00      0.00       0  chrome
15:14:35     1000    880405    0.00    0.00    0.00    0.00    0.00     1      1.00      0.00 1518901172  353372   1.08      0.00      0.00      0.00       0  chrome
15:14:35     1000    881919    0.00    0.00    0.00    0.00    0.00    10      4.00      0.00 1518709688  114244   0.35      0.00      0.00      0.00       0  chrome
15:14:35     1000    881951    1.00    0.00    0.00    0.00    1.00     3      0.00      0.00 55117148   61440   0.19      0.00      0.00      0.00       0  chrome
15:14:35     1000    885261    0.00    0.00    0.00    0.00    0.00     0     94.00      0.00 1518767568  323112   0.99      0.00      0.00      0.00       0  code
15:14:35        0   1074653    0.00    1.00    0.00    0.00    1.00     4      0.00      0.00       0       0   0.00     -1.00     -1.00     -1.00       0  kworker/u64:3-events_unbound
15:14:35     1000   1074681    0.00    0.00    0.00    0.00    0.00    13      1.00      0.00 1520363292  295496   0.91      0.00      0.00      0.00       0  code
15:14:35     1000   1074725    2.00    0.00    0.00    0.00    2.00    13    124.00      0.00  679200  183500   0.56      0.00    328.00    120.00       0  codex
15:14:35     1000   1075226    2.00    1.00    0.00    0.00    3.00     6     59.00      0.00 1518709156  339360   1.04      0.00      0.00      0.00       0  code
15:14:35     1000   1076599    0.00    0.00    0.00    0.00    0.00    10    438.00      0.00 1450899512   19468   0.06      0.00      0.00      0.00       0  codex-code-mode
15:14:35     1000   1109998    8.00    2.00    0.00    0.00   10.00     2    528.00      0.00 1518881204  380564   1.17      0.00      0.00      0.00       0  chrome
15:14:35     1000   1111013    3.00    1.00    0.00    0.00    4.00     7      0.00      0.00  900104   36748   0.11      0.00      0.00      0.00       0  real_go2_input_
15:14:35     1000   1111014   10.00    1.00    0.00    0.00   11.00     2      0.00      0.00  888000   78292   0.24      0.00      0.00      0.00       0  python3
15:14:35     1000   1111015   78.00    1.00    0.00    0.00   79.00     6      0.00      0.00 1182436  300184   0.92      0.00      0.00      0.00       0  scan_planner_no
15:14:35     1000   1111016   40.00    2.00    0.00    0.00   42.00    14   5472.00      0.00 4976464  128488   0.39      0.00      0.00      0.00       0  scan_mppi_contr
15:14:35     1000   1111017    2.00    0.00    0.00    0.00    2.00     0      0.00      0.00  750832   32456   0.10      0.00      0.00      0.00       0  cmd_vel_safety_
15:14:35     1000   1111018   11.00    2.00    0.00    0.00   13.00    10      0.00      0.00  884008   73648   0.23      0.00     96.00      0.00       0  telemetry_recor
15:14:35     1000   1111155    0.00    0.00    0.00    0.00    0.00     4      0.00      0.00   12708    5944   0.02      0.00      4.00      0.00       0  pidstat
15:14:35     1000   1111156    2.00    1.00    0.00    0.00    3.00    13      0.00      0.00 1102732  114444   0.35      0.00      0.00      0.00       0  ros2

# Time        UID       PID    %usr %system  %guest   %wait    %CPU   CPU  minflt/s  majflt/s     VSZ     RSS   %MEM   kB_rd/s   kB_wr/s kB_ccwr/s iodelay  Command
15:14:36     1000      2075    0.00    1.00    0.00    0.00    1.00    10      0.00      0.00  121224   17284   0.05      0.00      0.00      0.00       0  pipewire
15:14:36     1000      2324    7.00    1.00    0.00    1.00    8.00     0      0.00      0.00 5557284  383048   1.18      0.00      0.00      0.00       0  gnome-shell
15:14:36     1000      2622    6.00    2.00    0.00    0.00    8.00     5      0.00      0.00 5685392  231952   0.71      0.00      0.00      0.00       0  ToDesk
15:14:36        0      3243    1.00    1.00    0.00    0.00    2.00    15      0.00      0.00 2778564   67840   0.21     -1.00     -1.00     -1.00       0  ToDesk_Service
15:14:36     1000     10268    0.00    0.00    0.00    0.00    0.00     8      2.00      0.00 33882424   63200   0.19      0.00      0.00      0.00       0  github-desktop
15:14:36     1000     32140    1.00    0.00    0.00    0.00    1.00    14      0.00      0.00 11729028  750960   2.31      0.00      4.00      0.00       0  com.alibabainc.
15:14:36     1000     45971    0.00    0.00    0.00    0.00    0.00     2      1.00      0.00 50049280  219264   0.67      0.00      0.00      0.00       0  com.alibabainc.
15:14:36        0    332726    0.00    0.00    0.00    0.00    0.00    15      1.00      0.00  361696  237448   0.73     -1.00     -1.00     -1.00       0  systemd-journal
15:14:36     1000    425666    0.00    0.00    0.00    0.00    0.00     0      2.00      0.00 50028472  262052   0.80      0.00      0.00      0.00       0  com.alibabainc.
15:14:36     1000    425773    0.00    0.00    0.00    0.00    0.00     1      1.00      0.00 51063092  393068   1.21      0.00      0.00      0.00       0  com.alibabainc.
15:14:36     1000    577014    2.00    1.00    0.00    0.00    3.00     1      1.00      0.00 1521087724  394676   1.21      0.00      0.00      0.00       0  code
15:14:36     1000    577063    6.00    1.00    0.00    0.00    7.00     0      0.00      0.00 51391872  244844   0.75      0.00      0.00      0.00       0  code
15:14:36     1000    577067    0.00    0.00    0.00    0.00    0.00     8      3.00      0.00 50711564   88336   0.27      0.00      0.00      0.00       0  code
15:14:36     1000    577160    2.00    0.00    0.00    0.00    2.00    12     84.00      0.00 1518795316  715664   2.20      0.00      0.00      0.00       0  code
15:14:36     1000    577170    0.00    0.00    0.00    0.00    0.00     8      6.00      0.00 1520378324  115900   0.36      0.00      0.00      0.00       0  code
15:14:36     1000    577171    0.00    0.00    0.00    0.00    0.00     9     36.00      0.00 1520352992  125004   0.38      0.00      0.00      0.00       0  code
15:14:36     1000    577172    0.00    0.00    0.00    0.00    0.00     1      3.00      0.00 1520369816  113296   0.35      0.00      0.00      0.00       0  code
15:14:36     1000    577320    0.00    0.00    0.00    0.00    0.00    15     12.00      0.00 1520354644  108680   0.33      0.00      0.00      0.00       0  code
15:14:36     1000    853053    1.00    0.00    0.00    0.00    1.00     8    159.00      0.00 55939148  497428   1.53      0.00      0.00      0.00       0  chrome
15:14:36     1000    853103    3.00    0.00    0.00    0.00    3.00    15     28.00      0.00 55920864  326112   1.00      0.00      0.00      0.00       0  chrome
15:14:36     1000    853105    0.00    1.00    0.00    0.00    1.00     0     89.00      0.00 55067288   94712   0.29      0.00     32.00      0.00       0  chrome
15:14:36     1000    853115    0.00    0.00    0.00    0.00    0.00    14      3.00      0.00 55302144   56844   0.17      0.00      0.00      0.00       0  chrome
15:14:36     1000    881919    0.00    0.00    0.00    0.00    0.00     8      1.00      0.00 1518709688  114244   0.35      0.00      0.00      0.00       0  chrome
15:14:36     1000    881951    0.00    0.00    0.00    0.00    0.00     1      1.00      0.00 55117148   61440   0.19      0.00      0.00      0.00       0  chrome
15:14:36     1000    885261    0.00    0.00    0.00    0.00    0.00     0     12.00      0.00 1518767568  323112   0.99      0.00      0.00      0.00       0  code
15:14:36     1000    888233    3.00    1.00    0.00    0.00    4.00    10      2.00      0.00 1754136  368608   1.13      0.00      0.00      0.00       0  gnome-system-mo
15:14:36        0   1049858    0.00    1.00    0.00    0.00    1.00    12      0.00      0.00       0       0   0.00     -1.00     -1.00     -1.00       0  kworker/u64:9-events_unbound
15:14:36     1000   1074666    0.00    0.00    0.00    0.00    0.00     0      4.00      0.00 1520369816  130064   0.40      0.00      0.00      0.00       0  code
15:14:36     1000   1074681    2.00    0.00    0.00    0.00    2.00     4   1035.00      0.00 1520363292  297136   0.91      0.00      0.00      0.00       0  code
15:14:36     1000   1074725    0.00    1.00    0.00    0.00    1.00    13     32.00      0.00  744832  183628   0.56      0.00      0.00      0.00       0  codex
15:14:36     1000   1075226    2.00    0.00    0.00    0.00    2.00     6    117.00      0.00 1518709156  339488   1.04      0.00      0.00      0.00       0  code
15:14:36        0   1097682    0.00    1.00    0.00    0.00    1.00    13      0.00      0.00       0       0   0.00     -1.00     -1.00     -1.00       0  kworker/u65:3-rtw89_tx_wq
15:14:36     1000   1109998    5.00    1.00    0.00    0.00    6.00     4    666.00      0.00 1518881268  379960   1.17      0.00      0.00      0.00       0  chrome
15:14:36     1000   1111013    3.00    1.00    0.00    0.00    4.00    14      0.00      0.00  900104   36748   0.11      0.00      0.00      0.00       0  real_go2_input_
15:14:36     1000   1111014   13.00    0.00    0.00    0.00   13.00    15    103.00      0.00  888000   78292   0.24      0.00      0.00      0.00       0  python3
15:14:36     1000   1111015   76.00    0.00    0.00    0.00   76.00     7      1.00      0.00 1182436  300184   0.92      0.00      0.00      0.00       0  scan_planner_no
15:14:36     1000   1111016   35.00    3.00    0.00    0.00   38.00     8    341.00      0.00 4976464  129768   0.40      0.00      0.00      0.00       0  scan_mppi_contr
15:14:36     1000   1111017    3.00    1.00    0.00    0.00    4.00     0      0.00      0.00  750832   32456   0.10      0.00      0.00      0.00       0  cmd_vel_safety_
15:14:36     1000   1111018   12.00    0.00    0.00    0.00   12.00     1      0.00      0.00  884008   73648   0.23      0.00    100.00      0.00       0  telemetry_recor
15:14:36     1000   1111155    0.00    1.00    0.00    0.00    1.00     4      0.00      0.00   12708    5944   0.02      0.00      8.00      0.00       0  pidstat
15:14:36     1000   1111156    2.00    1.00    0.00    0.00    3.00    14      0.00      0.00 1102732  114444   0.35      0.00      0.00      0.00       0  ros2

# Time        UID       PID    %usr %system  %guest   %wait    %CPU   CPU  minflt/s  majflt/s     VSZ     RSS   %MEM   kB_rd/s   kB_wr/s kB_ccwr/s iodelay  Command
15:14:37        0       676    0.00    1.00    0.00    0.00    1.00     1      0.00      0.00       0       0   0.00     -1.00     -1.00     -1.00       0  irq/163-rtw89_pci
15:14:37     1000      2324   12.00    2.00    0.00    0.00   14.00     8      1.00      0.00 5557796  383048   1.18      0.00      0.00      0.00       0  gnome-shell
15:14:37     1000      2622    6.00    1.00    0.00    0.00    7.00     5      0.00      0.00 5685392  231952   0.71      0.00      0.00      0.00       0  ToDesk
15:14:37        0      3243    0.00    2.00    0.00    0.00    2.00     2      0.00      0.00 2778564   67840   0.21     -1.00     -1.00     -1.00       0  ToDesk_Service
15:14:37     1000     32140    1.00    1.00    0.00    0.00    2.00    10      0.00      0.00 11729028  750960   2.31      0.00      0.00      0.00       0  com.alibabainc.
15:14:37     1000     45971    0.00    0.00    0.00    0.00    0.00     2      1.00      0.00 50049280  219264   0.67      0.00      0.00      0.00       0  com.alibabainc.
15:14:37        0    332726    0.00    0.00    0.00    0.00    0.00    12      1.00      0.00  361696  237448   0.73     -1.00     -1.00     -1.00       0  systemd-journal
15:14:37      990    333267    1.00    0.00    0.00    0.00    1.00     4      0.00      0.00   17572    7292   0.02     -1.00     -1.00     -1.00       0  systemd-oomd
15:14:37     1000    425666    0.00    0.00    0.00    0.00    0.00     0      1.00      0.00 50028472  262052   0.80      0.00      0.00      0.00       0  com.alibabainc.
15:14:37     1000    577014    0.00    1.00    0.00    0.00    1.00    10      7.00      0.00 1521087724  394676   1.21      0.00      0.00      0.00       0  code
15:14:37     1000    577063    5.00    1.00    0.00    0.00    6.00     2     46.00      0.00 51391872  244844   0.75      0.00      0.00      0.00       0  code
15:14:37     1000    577132    1.00    0.00    0.00    0.00    1.00     8     26.00      0.00 1520364784  380180   1.17      0.00      0.00      0.00       0  code
15:14:37     1000    577160    1.00    0.00    0.00    0.00    1.00     0      0.00      0.00 1518795316  715664   2.20      0.00      0.00      0.00       0  code
15:14:37     1000    577170    0.00    0.00    0.00    0.00    0.00     8     10.00      0.00 1520378324  115900   0.36      0.00      0.00      0.00       0  code
15:14:37     1000    577241    0.00    0.00    0.00    0.00    0.00    13      1.00      0.00  659564  180740   0.55      0.00      0.00      0.00       0  codex
15:14:37     1000    853053    2.00    1.00    0.00    0.00    3.00    12     26.00      0.00 55939148  496848   1.53      0.00      0.00      0.00       0  chrome
15:14:37     1000    853103    3.00    1.00    0.00    0.00    4.00     6     63.00      0.00 55920420  326496   1.00      0.00      0.00      0.00       0  chrome
15:14:37     1000    853105    1.00    0.00    0.00    0.00    1.00     0     59.00      0.00 55067288   94712   0.29      0.00      0.00      0.00       0  chrome
15:14:37     1000    881919    0.00    0.00    0.00    0.00    0.00     4      2.00      0.00 1518709688  114244   0.35      0.00      0.00      0.00       0  chrome
15:14:37     1000    881951    1.00    0.00    0.00    0.00    1.00     3      0.00      0.00 55117148   61440   0.19      0.00      0.00      0.00       0  chrome
15:14:37     1000   1074725    1.00    0.00    0.00    0.00    1.00    13     23.00      0.00  744832  183628   0.56      0.00    220.00     96.00       0  codex
15:14:37     1000   1075226    1.00    0.00    0.00    0.00    1.00     5      6.00      0.00 1518709156  339488   1.04      0.00      0.00      0.00       0  code
15:14:37     1000   1109998    7.00    0.00    0.00    0.00    7.00     2    270.00      0.00 1518881268  379876   1.17      0.00      8.00      0.00       0  chrome
15:14:37     1000   1111013    3.00    1.00    0.00    0.00    4.00     3      0.00      0.00  900104   36748   0.11      0.00      0.00      0.00       0  real_go2_input_
15:14:37     1000   1111014   13.00    1.00    0.00    0.00   14.00     8    103.00      0.00  888000   78292   0.24      0.00      0.00      0.00       0  python3
15:14:37     1000   1111015   75.00    0.00    0.00    0.00   75.00     7      0.00      0.00 1182436  300184   0.92      0.00      0.00      0.00       0  scan_planner_no
15:14:37     1000   1111016   41.00    1.00    0.00    0.00   42.00    14     69.00      0.00 4976464  113476   0.35      0.00      0.00      0.00       0  scan_mppi_contr
15:14:37     1000   1111017    2.00    0.00    0.00    1.00    2.00     0      0.00      0.00  750832   32456   0.10      0.00      0.00      0.00       0  cmd_vel_safety_
15:14:37     1000   1111018   11.00    1.00    0.00    0.00   12.00     2      0.00      0.00  884008   73648   0.23      0.00     92.00      0.00       0  telemetry_recor
15:14:37     1000   1111155    0.00    1.00    0.00    0.00    1.00     4      0.00      0.00   12708    5944   0.02      0.00      8.00      0.00       0  pidstat
15:14:37     1000   1111156    2.00    1.00    0.00    0.00    3.00     0      0.00      0.00 1102732  114444   0.35      0.00      0.00      0.00       0  ros2

# Time        UID       PID    %usr %system  %guest   %wait    %CPU   CPU  minflt/s  majflt/s     VSZ     RSS   %MEM   kB_rd/s   kB_wr/s kB_ccwr/s iodelay  Command
15:14:38        0        15    0.00    1.00    0.00    0.00    1.00     4      0.00      0.00       0       0   0.00     -1.00     -1.00     -1.00       0  rcu_preempt
15:14:38     1000      2324    8.00    2.00    0.00    0.00   10.00    13      5.00      0.00 5558060  383048   1.18      0.00      0.00      0.00       0  gnome-shell
15:14:38     1000      2622    5.00    2.00    0.00    0.00    7.00     5      0.00      0.00 5685392  231952   0.71      0.00      0.00      0.00       0  ToDesk
15:14:38        0      3243    1.00    2.00    0.00    0.00    3.00     8      1.00      0.00 2778564   67968   0.21     -1.00     -1.00     -1.00       0  ToDesk_Service
15:14:38     1000     10251    0.00    0.00    0.00    0.00    0.00     8      3.00      0.00 34566360  113132   0.35      0.00      0.00      0.00       0  github-desktop
15:14:38     1000     32140    1.00    0.00    0.00    0.00    1.00    10      0.00      0.00 11729028  750960   2.31      0.00      0.00      0.00       0  com.alibabainc.
15:14:38     1000     45971    0.00    0.00    0.00    0.00    0.00    11      1.00      0.00 50049280  219264   0.67      0.00      0.00      0.00       0  com.alibabainc.
15:14:38        0    332726    0.00    0.00    0.00    0.00    0.00    12      2.00      0.00  361696  237448   0.73     -1.00     -1.00     -1.00       0  systemd-journal
15:14:38     1000    425666    0.00    0.00    0.00    0.00    0.00    10      1.00      0.00 50028472  262052   0.80      0.00      0.00      0.00       0  com.alibabainc.
15:14:38     1000    577014    2.00    0.00    0.00    0.00    2.00    14     15.00      0.00 1521087724  394676   1.21      0.00      0.00      0.00       0  code
15:14:38     1000    577063    4.00    2.00    0.00    0.00    6.00     3      3.00      0.00 51391872  244844   0.75      0.00      0.00      0.00       0  code
15:14:38     1000    577107    0.00    0.00    0.00    0.00    0.00     1      9.00      0.00 1520761120  610568   1.87      0.00      0.00      0.00       0  code
15:14:38     1000    577160    1.00    1.00    0.00    2.00    2.00     6      1.00      0.00 1518795316  715664   2.20      0.00      0.00      0.00       0  code
15:14:38     1000    577170    0.00    1.00    0.00    0.00    1.00    10      1.00      0.00 1520378324  115900   0.36      0.00      0.00      0.00       0  code
15:14:38     1000    577320    0.00    0.00    0.00    0.00    0.00    15     13.00      0.00 1520354644  108680   0.33      0.00      0.00      0.00       0  code
15:14:38     1000    853053    1.00    0.00    0.00    0.00    1.00     2    116.00      0.00 55943244  496976   1.53      0.00      8.00      0.00       0  chrome
15:14:38     1000    853103    2.00    1.00    0.00    0.00    3.00     2     23.00      0.00 55923916  326624   1.00      0.00      0.00      0.00       0  chrome
15:14:38     1000    853105    0.00    1.00    0.00    0.00    1.00     0      4.00      0.00 55067288   94712   0.29      0.00      0.00      0.00       0  chrome
15:14:38        0    912488    0.00    1.00    0.00    0.00    1.00    10      0.00      0.00       0       0   0.00     -1.00     -1.00     -1.00       0  kworker/10:2-events
15:14:38        0   1049858    0.00    1.00    0.00    0.00    1.00    12      0.00      0.00       0       0   0.00     -1.00     -1.00     -1.00       0  kworker/u64:9-events_unbound
15:14:38     1000   1075226    2.00    0.00    0.00    0.00    2.00    13      9.00      0.00 1518709156  339488   1.04      0.00      0.00      0.00       0  code
15:14:38     1000   1109998    5.00    1.00    0.00    0.00    6.00     0    221.00      0.00 1518881268  379860   1.17      0.00      0.00      0.00       0  chrome
15:14:38     1000   1111013    2.00    1.00    0.00    0.00    3.00    14      0.00      0.00  900104   36748   0.11      0.00      0.00      0.00       0  real_go2_input_
15:14:38     1000   1111014   10.00    0.00    0.00    0.00   10.00     5      0.00      0.00  888000   78292   0.24      0.00      0.00      0.00       0  python3
15:14:38     1000   1111015   67.00    0.00    0.00    0.00   67.00     7      0.00      0.00 1182436  300184   0.92      0.00      0.00      0.00       0  scan_planner_no
15:14:38     1000   1111016   33.00    1.00    0.00    0.00   34.00    12   4818.00      0.00 4983528  132676   0.41      0.00      0.00      0.00       0  scan_mppi_contr
15:14:38     1000   1111017    2.00    1.00    0.00    0.00    3.00    10      0.00      0.00  750832   32456   0.10      0.00      0.00      0.00       0  cmd_vel_safety_
15:14:38     1000   1111018   11.00    1.00    0.00    0.00   12.00     1      0.00      0.00  884008   73648   0.23      0.00    100.00      0.00       0  telemetry_recor
15:14:38     1000   1111155    1.00    0.00    0.00    0.00    1.00     4      0.00      0.00   12708    5944   0.02      0.00      4.00      0.00       0  pidstat
15:14:38     1000   1111156    2.00    1.00    0.00    0.00    3.00     8      0.00      0.00 1102732  114444   0.35      0.00      0.00      0.00       0  ros2

# Time        UID       PID    %usr %system  %guest   %wait    %CPU   CPU  minflt/s  majflt/s     VSZ     RSS   %MEM   kB_rd/s   kB_wr/s kB_ccwr/s iodelay  Command
15:14:39        0        30    0.00    1.00    0.00    0.00    1.00     4      0.00      0.00       0       0   0.00     -1.00     -1.00     -1.00       0  migration/4
15:14:39        0       676    0.00    1.00    0.00    0.00    1.00     1      0.00      0.00       0       0   0.00     -1.00     -1.00     -1.00       0  irq/163-rtw89_pci
15:14:39        0      1071    1.00    0.00    0.00    0.00    1.00    12      0.00      0.00   15268    7648   0.02     -1.00     -1.00     -1.00       0  bluetoothd
15:14:39     1000      2075    1.00    0.00    0.00    0.00    1.00    10      0.00      0.00  121220   17284   0.05      0.00      0.00      0.00       0  pipewire
15:14:39     1000      2081    0.00    0.00    0.00    0.00    0.00     0      0.00      0.00  160436   48336   0.15      0.00      0.00      0.00       0  pipewire-pulse
15:14:39     1000      2324   15.00    2.00    0.00    0.00   17.00    12     11.00      0.00 5557292  383048   1.18      0.00      0.00      0.00       0  gnome-shell
15:14:39     1000      2505    0.00    0.00    0.00    0.00    0.00    14      1.00      0.00  595016   26076   0.08      0.00      0.00      0.00       0  gsd-media-keys
15:14:39     1000      2622    5.00    2.00    0.00    0.00    7.00     8      0.00      0.00 5685392  231952   0.71      0.00      0.00      0.00       0  ToDesk
15:14:39        0      3243    0.00    2.00    0.00    0.00    2.00     2      0.00      0.00 2778564   67968   0.21     -1.00     -1.00     -1.00       0  ToDesk_Service
15:14:39     1000     10213    0.00    0.00    0.00    0.00    0.00     0      5.00      0.00 1212301312  153700   0.47      0.00      0.00      0.00       0  github-desktop
15:14:39     1000     32140    2.00    0.00    0.00    1.00    2.00    12      0.00      0.00 11729028  750960   2.31      0.00      0.00      0.00       0  com.alibabainc.
15:14:39        0    332726    0.00    0.00    0.00    0.00    0.00    13      1.00      0.00  361696  237448   0.73     -1.00     -1.00     -1.00       0  systemd-journal
15:14:39     1000    425773    0.00    0.00    0.00    0.00    0.00     1      1.00      0.00 51063092  393068   1.21      0.00      0.00      0.00       0  com.alibabainc.
15:14:39     1000    516139    1.00    0.00    0.00    0.00    1.00    10     24.00      0.00 5453760   36764   0.11      0.00      0.00      0.00       0  clash
15:14:39     1000    577014    1.00    1.00    0.00    0.00    2.00    10      1.00      0.00 1521087724  394676   1.21      0.00      0.00      0.00       0  code
15:14:39     1000    577063    5.00    1.00    0.00    0.00    6.00     8      1.00      0.00 51391872  244844   0.75      0.00      0.00      0.00       0  code
15:14:39     1000    577160    2.00    0.00    0.00    0.00    2.00     5      0.00      0.00 1518795316  715664   2.20      0.00      0.00      0.00       0  code
15:14:39     1000    853053   12.00    4.00    0.00    0.00   16.00     8   1080.00      0.00 55951036  497308   1.53      0.00    588.00      0.00       0  chrome
15:14:39     1000    853075    0.00    0.00    0.00    0.00    0.00     4     18.00      0.00 55234376   19268   0.06     44.00    512.00      0.00       0  chrome
15:14:39     1000    853103    8.00    1.00    0.00    0.00    9.00     2    868.00      0.00 55932332  323628   0.99      0.00      0.00      0.00       0  chrome
15:14:39     1000    853105    1.00    1.00    0.00    0.00    2.00     0    227.00      0.00 55068680   95444   0.29      0.00     68.00      0.00       0  chrome
15:14:39     1000    853115    0.00    0.00    0.00    0.00    0.00    12     75.00      0.00 55302016   56972   0.17      0.00      4.00      0.00       0  chrome
15:14:39     1000    853144    0.00    0.00    0.00    0.00    0.00     3     40.00      0.00 1518750072  119260   0.37      0.00      0.00      0.00       0  chrome
15:14:39     1000    880405    0.00    1.00    0.00    0.00    1.00     1    143.00      0.00 1518901172  353884   1.09      0.00      0.00      0.00       0  chrome
15:14:39     1000    881919    1.00    0.00    0.00    0.00    1.00     2    223.00      0.00 1518709680  110640   0.34      0.00      0.00      0.00       0  chrome
15:14:39     1000    881951    1.00    0.00    0.00    0.00    1.00     1      1.00      0.00 55117008   61440   0.19      0.00      0.00      0.00       0  chrome
15:14:39     1000    888233    2.00    1.00    0.00    0.00    3.00    14      1.00      0.00 1754136  368608   1.13      0.00      0.00      0.00       0  gnome-system-mo
15:14:39        0   1049858    0.00    1.00    0.00    0.00    1.00     9      0.00      0.00       0       0   0.00     -1.00     -1.00     -1.00       0  kworker/u64:9-i915
15:14:39     1000   1068542   13.00    2.00    0.00    0.00   15.00     3  12329.00      0.00 1518820840  258060   0.79      0.00      0.00      0.00       0  chrome
15:14:39        0   1074653    0.00    1.00    0.00    0.00    1.00    13      0.00      0.00       0       0   0.00     -1.00     -1.00     -1.00       0  kworker/u64:3-writeback
15:14:39     1000   1075226    1.00    1.00    0.00    0.00    2.00     1      6.00      0.00 1518709156  339616   1.04      0.00      0.00      0.00       0  code
15:14:39     1000   1111013    4.00    2.00    0.00    1.00    6.00     5      0.00      0.00  900104   36748   0.11      0.00      0.00      0.00       0  real_go2_input_
15:14:39     1000   1111014   11.00    0.00    0.00    1.00   11.00     9      0.00      0.00  888000   78292   0.24      0.00      0.00      0.00       0  python3
15:14:39     1000   1111015   72.00    0.00    0.00    0.00   72.00     7      0.00      0.00 1182436  300184   0.92      0.00      0.00      0.00       0  scan_planner_no
15:14:39     1000   1111016   39.00    1.00    0.00    0.00   40.00     6   6104.00      0.00 4983528  143808   0.44      0.00      0.00      0.00       0  scan_mppi_contr
15:14:39     1000   1111017    3.00    1.00    0.00    0.00    4.00    13      0.00      0.00  750832   32456   0.10      0.00      0.00      0.00       0  cmd_vel_safety_
15:14:39     1000   1111018   12.00    1.00    0.00    0.00   13.00     1      0.00      0.00  884008   73648   0.23      0.00     96.00      0.00       0  telemetry_recor
15:14:39     1000   1111155    0.00    1.00    0.00    0.00    1.00     4      0.00      0.00   12708    5944   0.02      0.00      4.00      0.00       0  pidstat
15:14:39     1000   1111156    2.00    0.00    0.00    0.00    2.00     0      0.00      0.00 1102732  114444   0.35      0.00      0.00      0.00       0  ros2

# Time        UID       PID    %usr %system  %guest   %wait    %CPU   CPU  minflt/s  majflt/s     VSZ     RSS   %MEM   kB_rd/s   kB_wr/s kB_ccwr/s iodelay  Command
15:14:40        0       676    0.00    1.00    0.00    0.00    1.00     1      0.00      0.00       0       0   0.00     -1.00     -1.00     -1.00       0  irq/163-rtw89_pci
15:14:40     1000      2324   19.00    3.00    0.00    0.00   22.00     7     17.00      0.00 5557292  383048   1.18      0.00      0.00      0.00       0  gnome-shell
15:14:40     1000      2622    5.00    2.00    0.00    0.00    7.00    12      0.00      0.00 5685392  231952   0.71      0.00      0.00      0.00       0  ToDesk
15:14:40     1000      2744    0.00    1.00    0.00    0.00    1.00    15      0.00      0.00  389572    9116   0.03      0.00      0.00      0.00       0  goa-identity-se
15:14:40     1000      2801    0.00    0.00    0.00    0.00    0.00     9      2.00      0.00  809716  184916   0.57      0.00      0.00      0.00       0  Xwayland
15:14:40        0      3243    0.00    2.00    0.00    0.00    2.00     2      0.00      0.00 2778564   67968   0.21     -1.00     -1.00     -1.00       0  ToDesk_Service
15:14:40     1000     10268    0.00    0.00    0.00    0.00    0.00     8      2.00      0.00 33882424   63200   0.19      0.00      0.00      0.00       0  github-desktop
15:14:40     1000     32140    1.00    1.00    0.00    0.00    2.00    15      0.00      0.00 11729028  750960   2.31      0.00      4.00      0.00       0  com.alibabainc.
15:14:40     1000     45971    0.00    0.00    0.00    0.00    0.00    11      3.00      0.00 50049280  219264   0.67      0.00      0.00      0.00       0  com.alibabainc.
15:14:40     1000    156386    1.00    0.00    0.00    0.00    1.00     4      0.00      0.00 1788224   49216   0.15      0.00      0.00      0.00       0  nxplayer.bin
15:14:40        0    332726    0.00    0.00    0.00    0.00    0.00    12      1.00      0.00  361696  237448   0.73     -1.00     -1.00     -1.00       0  systemd-journal
15:14:40     1000    425666    0.00    0.00    0.00    0.00    0.00    10      2.00      0.00 50028472  262052   0.80      0.00      0.00      0.00       0  com.alibabainc.
15:14:40     1000    516139    0.00    1.00    0.00    0.00    1.00     9      0.00      0.00 5453760   36764   0.11      0.00      0.00      0.00       0  clash
15:14:40     1000    577014    1.00    0.00    0.00    0.00    1.00     8      0.00      0.00 1521087724  394676   1.21      0.00      0.00      0.00       0  code
15:14:40     1000    577063    6.00    1.00    0.00    0.00    7.00     8    143.00      0.00 51391936  245356   0.75      0.00      0.00      0.00       0  code
15:14:40     1000    577067    0.00    0.00    0.00    0.00    0.00     8      3.00      0.00 50711564   88336   0.27      0.00      0.00      0.00       0  code
15:14:40     1000    577160    1.00    1.00    0.00    0.00    2.00     7     89.00      0.00 1518795316  715664   2.20      0.00      0.00      0.00       0  code
15:14:40     1000    577170    0.00    0.00    0.00    0.00    0.00     2      5.00      0.00 1520378324  115900   0.36      0.00      0.00      0.00       0  code
15:14:40     1000    577171    0.00    0.00    0.00    0.00    0.00     9     36.00      0.00 1520352992  125004   0.38      0.00      0.00      0.00       0  code
15:14:40     1000    577172    0.00    0.00    0.00    0.00    0.00     1      3.00      0.00 1520369816  113296   0.35      0.00      0.00      0.00       0  code
15:14:40     1000    577320    0.00    0.00    0.00    0.00    0.00    15     12.00      0.00 1520354644  108680   0.33      0.00      0.00      0.00       0  code
15:14:40     1000    853053   10.00    1.00    0.00    0.00   11.00     6    771.00      0.00 55953348  497236   1.53      0.00     12.00      0.00       0  chrome
15:14:40     1000    853075    0.00    0.00    0.00    0.00    0.00    15     40.00      0.00 55234376   19268   0.06      0.00      0.00      0.00       0  chrome
15:14:40     1000    853103    8.00    3.00    0.00    0.00   11.00    10    577.00      0.00 55904964  312388   0.96      0.00      0.00      0.00       0  chrome
15:14:40     1000    853105    1.00    1.00    0.00    0.00    2.00     0    109.00      0.00 55066760   94736   0.29      0.00    116.00    116.00       0  chrome
15:14:40     1000    853115    0.00    0.00    0.00    0.00    0.00     2     14.00      0.00 55302016   56832   0.17      0.00      0.00      0.00       0  chrome
15:14:40     1000    853144    0.00    0.00    0.00    0.00    0.00     3     38.00      0.00 1518750072  119388   0.37      0.00      0.00      0.00       0  chrome
15:14:40     1000    881951    0.00    0.00    0.00    0.00    0.00     1      1.00      0.00 55117008   61440   0.19      0.00      0.00      0.00       0  chrome
15:14:40        0   1049858    0.00    1.00    0.00    0.00    1.00     3      0.00      0.00       0       0   0.00     -1.00     -1.00     -1.00       0  kworker/u64:9-i915
15:14:40     1000   1068542    9.00    2.00    0.00    0.00   11.00     6   3100.00      0.00 1518806444  260432   0.80      0.00      0.00      0.00       0  chrome
15:14:40     1000   1074666    0.00    0.00    0.00    0.00    0.00    14      4.00      0.00 1520369816  130064   0.40      0.00      0.00      0.00       0  code
15:14:40     1000   1074681    0.00    0.00    0.00    0.00    0.00     4     23.00      0.00 1520363292  297136   0.91      0.00      0.00      0.00       0  code
15:14:40     1000   1075226    2.00    0.00    0.00    0.00    2.00    11    111.00      0.00 1518709156  339616   1.04      0.00      0.00      0.00       0  code
15:14:40     1000   1095170    0.00    1.00    0.00    0.00    1.00    13      0.00      0.00  883436   72384   0.22      0.00      0.00      0.00       0  python3
15:14:40        0   1097682    0.00    1.00    0.00    0.00    1.00    13      0.00      0.00       0       0   0.00     -1.00     -1.00     -1.00       0  kworker/u65:3-hci0
15:14:40     1000   1110618    1.00    0.00    0.00    0.00    1.00     4    579.00      0.00 1518595128   98036   0.30      0.00      0.00      0.00       0  chrome
15:14:40     1000   1111013    3.00    1.00    0.00    0.00    4.00     4      0.00      0.00  900104   36748   0.11      0.00      0.00      0.00       0  real_go2_input_
15:14:40     1000   1111014   11.00    1.00    0.00    0.00   12.00     0      0.00      0.00  888000   78292   0.24      0.00      0.00      0.00       0  python3
15:14:40     1000   1111015   73.00    0.00    0.00    0.00   73.00     3      0.00      0.00 1182436  300184   0.92      0.00      0.00      0.00       0  scan_planner_no
15:14:40     1000   1111016   40.00    2.00    0.00    0.00   42.00     1   4261.00      0.00 4983528  125288   0.38      0.00      0.00      0.00       0  scan_mppi_contr
15:14:40     1000   1111017    2.00    1.00    0.00    0.00    3.00    10      1.00      0.00  750832   32456   0.10      0.00      0.00      0.00       0  cmd_vel_safety_
15:14:40     1000   1111018   13.00    1.00    0.00    1.00   14.00    14      0.00      0.00  884008   73648   0.23      0.00     96.00      0.00       0  telemetry_recor
15:14:40     1000   1111155    0.00    1.00    0.00    0.00    1.00     5      0.00      0.00   12708    5944   0.02      0.00      8.00      0.00       0  pidstat
15:14:40     1000   1111156    3.00    1.00    0.00    0.00    4.00     0      0.00      0.00 1102732  114444   0.35      0.00      0.00      0.00       0  ros2
15:14:40     1000   1112216    0.00    1.00    0.00    0.00    1.00     9   3168.00      0.00 1518593840   78440   0.24      0.00      0.00      0.00       0  chrome

# Time        UID       PID    %usr %system  %guest   %wait    %CPU   CPU  minflt/s  majflt/s     VSZ     RSS   %MEM   kB_rd/s   kB_wr/s kB_ccwr/s iodelay  Command
15:14:41        0         1    0.00    0.00    0.00    0.00    0.00    12      6.00      0.00   23564   14152   0.04     -1.00     -1.00     -1.00       0  systemd
15:14:41        0        66    0.00    1.00    0.00    0.00    1.00    14      0.00      0.00       0       0   0.00     -1.00     -1.00     -1.00       0  migration/14
15:14:41        0        67    0.00    1.00    0.00    0.00    1.00    14      0.00      0.00       0       0   0.00     -1.00     -1.00     -1.00       0  ksoftirqd/14
15:14:41     1000      2075    0.00    0.00    0.00    0.00    0.00    13      0.00      0.00  121224   17284   0.05      0.00      0.00      0.00       0  pipewire
15:14:41     1000      2081    1.00    1.00    0.00    0.00    2.00     4      1.00      0.00  160440   48336   0.15      0.00      0.00      0.00       0  pipewire-pulse
15:14:41     1000      2324   20.00    2.00    0.00    0.00   22.00     6      9.00      0.00 5557292  383048   1.18      0.00      0.00      0.00       0  gnome-shell
15:14:41     1000      2622    6.00    2.00    0.00    0.00    8.00     6      0.00      0.00 5685392  231952   0.71      0.00      0.00      0.00       0  ToDesk
15:14:41        0      3243    1.00    1.00    0.00    0.00    2.00     2      0.00      0.00 2778564   67968   0.21     -1.00     -1.00     -1.00       0  ToDesk_Service
15:14:41     1000     32140    1.00    0.00    0.00    0.00    1.00     8      0.00      0.00 11729028  750960   2.31      0.00      0.00      0.00       0  com.alibabainc.
15:14:41     1000     45971    1.00    0.00    0.00    0.00    1.00    11      0.00      0.00 50049280  219264   0.67      0.00      0.00      0.00       0  com.alibabainc.
15:14:41        0    332726    0.00    0.00    0.00    0.00    0.00     4      1.00      0.00  361696  237448   0.73     -1.00     -1.00     -1.00       0  systemd-journal
15:14:41     1000    425666    1.00    0.00    0.00    0.00    1.00     2      0.00      0.00 50028472  262052   0.80      0.00      0.00      0.00       0  com.alibabainc.
15:14:41     1000    516139    1.00    1.00    0.00    0.00    2.00    15      0.00      0.00 5453760   36764   0.11      0.00      0.00      0.00       0  clash
15:14:41     1000    577014    2.00    1.00    0.00    0.00    3.00     8      1.00      0.00 1521087724  394676   1.21      0.00      0.00      0.00       0  code
15:14:41     1000    577063    6.00    2.00    0.00    0.00    8.00    11     54.00      0.00 51391872  244900   0.75      0.00      0.00      0.00       0  code
15:14:41     1000    577132    0.00    0.00    0.00    0.00    0.00     1     26.00      0.00 1520364784  380180   1.17      0.00      0.00      0.00       0  code
15:14:41     1000    577160    1.00    0.00    0.00    0.00    1.00    12      0.00      0.00 1518795316  715664   2.20      0.00      0.00      0.00       0  code
15:14:41     1000    577170    0.00    0.00    0.00    0.00    0.00     2      1.00      0.00 1520378324  115900   0.36      0.00      0.00      0.00       0  code
15:14:41     1000    577241    0.00    0.00    0.00    0.00    0.00    13      1.00      0.00  659564  180740   0.55      0.00      0.00      0.00       0  codex
15:14:41     1000    853053   19.00    4.00    0.00    1.00   23.00     2   2079.00      0.00 55959496  497884   1.53      0.00    124.00      0.00       0  chrome
15:14:41     1000    853103   10.00    2.00    0.00    0.00   12.00    12   1016.00      0.00 55909876  315532   0.97      0.00      0.00      0.00       0  chrome
15:14:41     1000    853105    6.00    6.00    0.00    0.00   12.00     0   2329.00      0.00 55068816   96464   0.30      0.00    960.00      0.00       0  chrome
15:14:41     1000    853115    1.00    2.00    0.00    0.00    3.00     0  12383.00      0.00 55302144   57124   0.18      0.00      0.00      0.00       0  chrome
15:14:41     1000    853144    0.00    0.00    0.00    0.00    0.00     3     34.00      0.00 1518750072  119516   0.37      0.00      0.00      0.00       0  chrome
15:14:41     1000    880405    1.00    0.00    0.00    1.00    1.00    14    408.00      0.00 1518901172  355292   1.09      0.00      0.00      0.00       0  chrome
15:14:41     1000    881919    1.00    0.00    0.00    0.00    1.00    12    167.00      0.00 1518709684  110632   0.34      0.00      0.00      0.00       0  chrome
15:14:41     1000    881951    0.00    1.00    0.00    0.00    1.00     3      8.00      0.00 55117148   61440   0.19      0.00      0.00      0.00       0  chrome
15:14:41        0   1049858    0.00    1.00    0.00    0.00    1.00     2      0.00      0.00       0       0   0.00     -1.00     -1.00     -1.00       0  kworker/u64:9-events_unbound
15:14:41     1000   1068542    0.00    0.00    0.00    0.00    0.00     2    754.00      0.00 1518806444  262360   0.81      0.00      0.00      0.00       0  chrome
15:14:41     1000   1074725    0.00    0.00    0.00    0.00    0.00    13      3.00      0.00  744832  183628   0.56      0.00     76.00      0.00       0  codex
15:14:41     1000   1075226    2.00    1.00    0.00    0.00    3.00     5      6.00      0.00 1518709156  339616   1.04      0.00      0.00      0.00       0  code
15:14:41     1000   1110618   36.00    9.00    0.00    0.00   45.00     6  29126.00      0.00 1518816436  232088   0.71      0.00      0.00      0.00       0  chrome
15:14:41     1000   1111013    4.00    1.00    0.00    0.00    5.00     4      0.00      0.00  900104   36748   0.11      0.00      0.00      0.00       0  real_go2_input_
15:14:41     1000   1111014   13.00    0.00    0.00    0.00   13.00     0      0.00      0.00  888000   78292   0.24      0.00      0.00      0.00       0  python3
15:14:41     1000   1111015   77.00    0.00    0.00    0.00   77.00     9      0.00      0.00 1182436  300184   0.92      0.00      0.00      0.00       0  scan_planner_no
15:14:41     1000   1111016   42.00    3.00    0.00    1.00   45.00    13   3997.00      0.00 4985300  141160   0.43      0.00      0.00      0.00       0  scan_mppi_contr
15:14:41     1000   1111017    3.00    0.00    0.00    0.00    3.00    10      0.00      0.00  750832   32456   0.10      0.00      0.00      0.00       0  cmd_vel_safety_
15:14:41     1000   1111018   14.00    1.00    0.00    0.00   15.00     7      0.00      0.00  884008   73648   0.23      0.00    100.00      0.00       0  telemetry_recor
15:14:41     1000   1111155    1.00    0.00    0.00    0.00    1.00     5      0.00      0.00   12708    5944   0.02      0.00      8.00      0.00       0  pidstat
15:14:41     1000   1111156    1.00    2.00    0.00    0.00    3.00     0      0.00      0.00 1102732  114444   0.35      0.00      0.00      0.00       0  ros2

# Time        UID       PID    %usr %system  %guest   %wait    %CPU   CPU  minflt/s  majflt/s     VSZ     RSS   %MEM   kB_rd/s   kB_wr/s kB_ccwr/s iodelay  Command
15:14:42        0       676    0.00    1.00    0.00    0.00    1.00     1      0.00      0.00       0       0   0.00     -1.00     -1.00     -1.00       0  irq/163-rtw89_pci
15:14:42     1000      2075    0.00    1.00    0.00    0.00    1.00    13      0.00      0.00  121224   17284   0.05      0.00      0.00      0.00       0  pipewire
15:14:42     1000      2093    1.00    0.00    0.00    0.00    1.00     1      0.00      0.00   12216    8368   0.03      0.00      0.00      0.00       0  dbus-daemon
15:14:42     1000      2324   14.00    3.00    0.00    0.00   17.00     2     42.00      0.00 5557224  383048   1.18      0.00      0.00      0.00       0  gnome-shell
15:14:42     1000      2538    1.00    0.00    0.00    0.00    1.00     8      0.00      0.00  543976   11928   0.04      0.00      0.00      0.00       0  gsd-sharing
15:14:42     1000      2622    6.00    1.00    0.00    0.00    7.00    15      0.00      0.00 5685392  231952   0.71      0.00      0.00      0.00       0  ToDesk
15:14:42        0      3243    1.00    2.00    0.00    0.00    3.00     2      0.00      0.00 2778564   67968   0.21     -1.00     -1.00     -1.00       0  ToDesk_Service
15:14:42     1000      4056    0.00    0.00    0.00    0.00    0.00     6      1.00      0.00  896292  154828   0.48      0.00      0.00      0.00       0  x-terminal-emul
15:14:42     1000     10251    0.00    0.00    0.00    0.00    0.00     6      3.00      0.00 34566360  113132   0.35      0.00      0.00      0.00       0  github-desktop
15:14:42     1000     32140    2.00    1.00    0.00    0.00    3.00     0      0.00      0.00 11729028  750960   2.31      0.00      0.00      0.00       0  com.alibabainc.
15:14:42     1000     45971    0.00    0.00    0.00    0.00    0.00    11      1.00      0.00 50049280  219264   0.67      0.00      0.00      0.00       0  com.alibabainc.
15:14:42     1000     52294    0.00    0.00    0.00    0.00    0.00     6      1.00      0.00 53387680  464016   1.42      0.00      0.00      0.00       0  com.alibabainc.
15:14:42        0    332726    0.00    0.00    0.00    0.00    0.00     0      1.00      0.00  361696  237448   0.73     -1.00     -1.00     -1.00       0  systemd-journal
15:14:42     1000    425666    0.00    0.00    0.00    0.00    0.00     9      2.00      0.00 50028472  262052   0.80      0.00      0.00      0.00       0  com.alibabainc.
15:14:42     1000    425773    1.00    0.00    0.00    0.00    1.00     0      1.00      0.00 51063092  393068   1.21      0.00      0.00      0.00       0  com.alibabainc.
15:14:42     1000    516139    1.00    2.00    0.00    0.00    3.00     4      0.00      0.00 5453760   36764   0.11      0.00      0.00      0.00       0  clash
15:14:42     1000    577014    1.00    1.00    0.00    0.00    2.00     0     21.00      0.00 1521087724  394676   1.21      0.00      0.00      0.00       0  code
15:14:42     1000    577063    7.00    1.00    0.00    0.00    8.00     3      4.00      0.00 51391360  244900   0.75      0.00      0.00      0.00       0  code
15:14:42     1000    577160    2.00    1.00    0.00    0.00    3.00    12      0.00      0.00 1518795316  715664   2.20      0.00      0.00      0.00       0  code
15:14:42     1000    577170    0.00    0.00    0.00    0.00    0.00     8     10.00      0.00 1520378324  115900   0.36      0.00      0.00      0.00       0  code
15:14:42     1000    853053   10.00    4.00    0.00    0.00   14.00    13   4502.00      0.00 55958472  498468   1.53      8.00    124.00      0.00       0  chrome
15:14:42     1000    853103    9.00    3.00    0.00    0.00   12.00     1   1074.00      0.00 55922780  319772   0.98      0.00      0.00      0.00       0  chrome
15:14:42     1000    853105   15.00   10.00    0.00    0.00   25.00     0   7929.00      0.00 55067028   96636   0.30     48.00   2960.00     24.00       0  chrome
15:14:42     1000    853115    0.00    2.00    0.00    0.00    2.00     3   9308.00      0.00 55302144   57008   0.17      0.00      0.00      0.00       0  chrome
15:14:42     1000    880405    0.00    0.00    0.00    0.00    0.00     9    285.00      0.00 1518901172  356188   1.09      0.00      0.00      0.00       0  chrome
15:14:42     1000    881919    1.00    1.00    0.00    0.00    2.00     3    111.00      0.00 1518709688  110888   0.34      0.00      0.00      0.00       0  chrome
15:14:42     1000    888233    3.00    2.00    0.00    0.00    5.00     8      5.00      0.00 1754660  368608   1.13      0.00      0.00      0.00       0  gnome-system-mo
15:14:42        0   1049858    0.00    1.00    0.00    0.00    1.00     9      0.00      0.00       0       0   0.00     -1.00     -1.00     -1.00       0  kworker/u64:9-events_unbound
15:14:42     1000   1068542    1.00    1.00    0.00    0.00    2.00     0    431.00      0.00 1518806444  263760   0.81      0.00      0.00      0.00       0  chrome
15:14:42     1000   1073718    1.00    0.00    0.00    0.00    1.00    10      0.00      0.00  882600   74912   0.23      0.00      0.00      0.00       0  ros2
15:14:42     1000   1075226    2.00    0.00    0.00    0.00    2.00     2      9.00      0.00 1518709156  339616   1.04      0.00      0.00      0.00       0  code
15:14:42     1000   1110618  102.00   20.00    0.00    0.00  122.00    11  77398.00      0.00 1518867236  382148   1.17      0.00      0.00      0.00       0  chrome
15:14:42     1000   1111013    4.00    1.00    0.00    0.00    5.00    15      0.00      0.00  900104   36748   0.11      0.00      0.00      0.00       0  real_go2_input_
15:14:42     1000   1111014   15.00    1.00    0.00    0.00   16.00    12      0.00      0.00  888000   78292   0.24      0.00      0.00      0.00       0  python3
15:14:42     1000   1111015   83.00    1.00    0.00    0.00   84.00     7      0.00      0.00 1182436  300184   0.92      0.00      8.00      0.00       0  scan_planner_no
15:14:42     1000   1111016   53.00    2.00    0.00    0.00   55.00    12   4376.00      0.00 4985500  130416   0.40      0.00      0.00      0.00       0  scan_mppi_contr
15:14:42     1000   1111017    3.00    1.00    0.00    1.00    4.00    12      0.00      0.00  750832   32456   0.10      0.00      0.00      0.00       0  cmd_vel_safety_
15:14:42     1000   1111018   17.00    1.00    0.00    0.00   18.00     0      0.00      0.00  884008   73648   0.23      0.00     96.00      0.00       0  telemetry_recor
15:14:42     1000   1111019    1.00    0.00    0.00    0.00    1.00     1      0.00      0.00  748988   30452   0.09      0.00      0.00      0.00       0  static_transfor
15:14:42     1000   1111155    0.00    1.00    0.00    0.00    1.00     5      0.00      0.00   12708    5944   0.02      0.00      8.00      0.00       0  pidstat
15:14:42     1000   1111156    2.00    1.00    0.00    0.00    3.00    10      0.00      0.00 1102732  114444   0.35      0.00      0.00      0.00       0  ros2

# Time        UID       PID    %usr %system  %guest   %wait    %CPU   CPU  minflt/s  majflt/s     VSZ     RSS   %MEM   kB_rd/s   kB_wr/s kB_ccwr/s iodelay  Command
15:14:43        0        15    0.00    1.00    0.00    0.00    1.00    11      0.00      0.00       0       0   0.00     -1.00     -1.00     -1.00       0  rcu_preempt
15:14:43        0       676    0.00    4.00    0.00    0.00    4.00     1      0.00      0.00       0       0   0.00     -1.00     -1.00     -1.00       0  irq/163-rtw89_pci
15:14:43        0      1119    1.00    0.00    0.00    0.00    1.00     1      0.00      0.00  425208   10052   0.03     -1.00     -1.00     -1.00       0  thermald
15:14:43     1000      2324   20.00    2.00    0.00    0.00   22.00    12      1.00      0.00 5557028  383048   1.18      0.00      0.00      0.00       0  gnome-shell
15:14:43     1000      2622    6.00    1.00    0.00    0.00    7.00     6      0.00      0.00 5685392  231952   0.71      0.00      0.00      0.00       0  ToDesk
15:14:43        0      3243    1.00    1.00    0.00    0.00    2.00    10      0.00      0.00 2778564   67968   0.21     -1.00     -1.00     -1.00       0  ToDesk_Service
15:14:43     1000      6477    0.00    0.00    0.00    0.00    0.00    12      1.00      0.00  608556   37716   0.12      0.00      0.00      0.00       0  update-notifier
15:14:43     1000     10213    0.00    0.00    0.00    0.00    0.00     0      5.00      0.00 1212301312  153700   0.47      0.00      0.00      0.00       0  github-desktop
15:14:43     1000     32140    1.00    0.00    0.00    0.00    1.00     2      0.00      0.00 11729028  750960   2.31      0.00      0.00      0.00       0  com.alibabainc.
15:14:43     1000     45971    0.00    0.00    0.00    0.00    0.00    14      2.00      0.00 50049280  219264   0.67      0.00      0.00      0.00       0  com.alibabainc.
15:14:43        0    332726    0.00    0.00    0.00    0.00    0.00     0      3.00      0.00  361696  237448   0.73     -1.00     -1.00     -1.00       0  systemd-journal
15:14:43     1000    516139    1.00    1.00    0.00    0.00    2.00    15      0.00      0.00 5453760   36764   0.11      0.00      0.00      0.00       0  clash
15:14:43     1000    577014    1.00    1.00    0.00    0.00    2.00    13      1.00      0.00 1521087724  394676   1.21      0.00      0.00      0.00       0  code
15:14:43     1000    577063    6.00    2.00    0.00    0.00    8.00     0      2.00      0.00 51391808  244900   0.75      0.00      0.00      0.00       0  code
15:14:43     1000    577107    0.00    0.00    0.00    0.00    0.00     1      9.00      0.00 1520761120  610568   1.87      0.00      0.00      0.00       0  code
15:14:43     1000    577160    1.00    0.00    0.00    0.00    1.00    13      1.00      0.00 1518795316  715664   2.20      0.00      0.00      0.00       0  code
15:14:43     1000    577170    0.00    0.00    0.00    0.00    0.00    15      1.00      0.00 1520378324  115900   0.36      0.00      0.00      0.00       0  code
15:14:43     1000    577241    0.00    0.00    0.00    0.00    0.00    13      1.00      0.00  659564  180740   0.55      0.00      0.00      0.00       0  codex
15:14:43     1000    577320    0.00    0.00    0.00    0.00    0.00    15     13.00      0.00 1520354644  108680   0.33      0.00      0.00      0.00       0  code
15:14:43     1000    853053    9.00    2.00    0.00    0.00   11.00    13    725.00      0.00 55958472  498908   1.53      0.00     44.00      0.00       0  chrome
15:14:43     1000    853103    9.00    2.00    0.00    0.00   11.00     2     68.00      0.00 55922844  319724   0.98      0.00      0.00      0.00       0  chrome
15:14:43     1000    853105    6.00    5.00    0.00    0.00   11.00     0   1138.00      0.00 55067284   95544   0.29      0.00   2760.00     12.00       0  chrome
15:14:43     1000    853115    0.00    1.00    0.00    0.00    1.00     0   6630.00      0.00 55302144   57092   0.18      0.00      0.00      0.00       0  chrome
15:14:43     1000    856924    1.00    0.00    0.00    0.00    1.00     5      0.00      0.00 1518794828  259028   0.80      0.00      0.00      0.00       0  chrome
15:14:43     1000    880405    0.00    0.00    0.00    0.00    0.00     7    194.00      0.00 1518901172  356828   1.10      0.00      0.00      0.00       0  chrome
15:14:43     1000    881919    0.00    0.00    0.00    0.00    0.00     8      3.00      0.00 1518709688  110888   0.34      0.00      0.00      0.00       0  chrome
15:14:43     1000    881951    1.00    0.00    0.00    0.00    1.00     8      0.00      0.00 55117148   61440   0.19      0.00      0.00      0.00       0  chrome
15:14:43        0   1049858    0.00    1.00    0.00    0.00    1.00     6      0.00      0.00       0       0   0.00     -1.00     -1.00     -1.00       0  kworker/u64:9-events_power_efficient
15:14:43     1000   1068542    0.00    0.00    0.00    0.00    0.00     1    189.00      0.00 1518806444  263468   0.81      0.00      0.00      0.00       0  chrome
15:14:43     1000   1075226    1.00    0.00    0.00    0.00    1.00    13      4.00      0.00 1518709156  339616   1.04      0.00      0.00      0.00       0  code
15:14:43        0   1097682    0.00    1.00    0.00    0.00    1.00     2      0.00      0.00       0       0   0.00     -1.00     -1.00     -1.00       0  kworker/u65:3-rtw89_tx_wq
15:14:43        0   1108714    0.00    1.00    0.00    0.00    1.00    15      0.00      0.00       0       0   0.00     -1.00     -1.00     -1.00       0  kworker/15:1-i915-unordered
15:14:43     1000   1110618   38.00    8.00    0.00    0.00   46.00     2  10308.00      0.00 1518865624  399476   1.23      0.00     88.00      0.00       0  chrome
15:14:43     1000   1111013    5.00    2.00    0.00    0.00    7.00     3      0.00      0.00  900104   36748   0.11      0.00      0.00      0.00       0  real_go2_input_
15:14:43     1000   1111014   15.00    0.00    0.00    0.00   15.00    12      0.00      0.00  888000   78292   0.24      0.00      0.00      0.00       0  python3
15:14:43     1000   1111015   84.00    0.00    0.00    0.00   84.00     5      0.00      0.00 1182436  300184   0.92      0.00      0.00      0.00       0  scan_planner_no
15:14:43     1000   1111016   51.00    3.00    0.00    0.00   54.00     6   7524.00      0.00 4985500  122908   0.38      0.00      0.00      0.00       0  scan_mppi_contr
15:14:43     1000   1111017    3.00    1.00    0.00    0.00    4.00    10      0.00      0.00  750832   32456   0.10      0.00      0.00      0.00       0  cmd_vel_safety_
15:14:43     1000   1111018   16.00    1.00    0.00    0.00   17.00     8      0.00      0.00  884008   73648   0.23      0.00     96.00      0.00       0  telemetry_recor
15:14:43     1000   1111155    0.00    1.00    0.00    0.00    1.00     4      0.00      0.00   12708    5944   0.02      0.00      4.00      0.00       0  pidstat
15:14:43     1000   1111156    2.00    1.00    0.00    0.00    3.00     6      0.00      0.00 1102732  114444   0.35      0.00      0.00      0.00       0  ros2
15:14:43     1000   1112216    0.00    0.00    0.00    0.00    0.00     3      2.00      0.00 1518593840   78568   0.24      0.00      0.00      0.00       0  chrome

# Time        UID       PID    %usr %system  %guest   %wait    %CPU   CPU  minflt/s  majflt/s     VSZ     RSS   %MEM   kB_rd/s   kB_wr/s kB_ccwr/s iodelay  Command
15:14:44     1000      2324   17.00    2.00    0.00    0.00   19.00     8      3.00      0.00 5557292  383048   1.18      0.00      0.00      0.00       0  gnome-shell
15:14:44     1000      2495    1.00    0.00    0.00    0.00    1.00     8      0.00      0.00  413880   20452   0.06      0.00      0.00      0.00       0  gsd-color
15:14:44     1000      2530    1.00    0.00    0.00    0.00    1.00    15      0.00      0.00  531580    7028   0.02      0.00      0.00      0.00       0  gsd-rfkill
15:14:44     1000      2622    5.00    2.00    0.00    0.00    7.00    10      0.00      0.00 5685392  231952   0.71      0.00      0.00      0.00       0  ToDesk
15:14:44        0      3243    0.00    2.00    0.00    0.00    2.00    10      0.00      0.00 2778564   67968   0.21     -1.00     -1.00     -1.00       0  ToDesk_Service
15:14:44     1000     10268    0.00    0.00    0.00    0.00    0.00     8      2.00      0.00 33882424   63200   0.19      0.00      0.00      0.00       0  github-desktop
15:14:44     1000     32140    1.00    1.00    0.00    0.00    2.00     4      0.00      0.00 11729028  750960   2.31      0.00      0.00      0.00       0  com.alibabainc.
15:14:44        0    332726    0.00    0.00    0.00    0.00    0.00     0      2.00      0.00  361696  237448   0.73     -1.00     -1.00     -1.00       0  systemd-journal
15:14:44     1000    425666    0.00    0.00    0.00    0.00    0.00    10      1.00      0.00 50028472  262052   0.80      0.00      0.00      0.00       0  com.alibabainc.
15:14:44     1000    426077    1.00    0.00    0.00    0.00    1.00    14      0.00      0.00 50132492  528136   1.62      0.00      0.00      0.00       0  com.alibabainc.
15:14:44     1000    516139    0.00    1.00    0.00    0.00    1.00    14      0.00      0.00 5453760   36764   0.11      0.00      0.00      0.00       0  clash
15:14:44     1000    577014    2.00    0.00    0.00    0.00    2.00    15      1.00      0.00 1521087724  394676   1.21      0.00      0.00      0.00       0  code
15:14:44     1000    577063    5.00    1.00    0.00    0.00    6.00    13      1.00      0.00 51391360  244900   0.75      0.00      0.00      0.00       0  code
15:14:44     1000    577067    0.00    0.00    0.00    0.00    0.00     8      3.00      0.00 50711564   88336   0.27      0.00      0.00      0.00       0  code
15:14:44     1000    577160    2.00    0.00    0.00    0.00    2.00    14      0.00      0.00 1518795316  715664   2.20      0.00      0.00      0.00       0  code
15:14:44     1000    577170    0.00    0.00    0.00    0.00    0.00    15      5.00      0.00 1520378324  115900   0.36      0.00      0.00      0.00       0  code
15:14:44     1000    577171    0.00    0.00    0.00    0.00    0.00     9     36.00      0.00 1520352992  125004   0.38      0.00      0.00      0.00       0  code
15:14:44     1000    577172    0.00    0.00    0.00    0.00    0.00     1      3.00      0.00 1520369816  113296   0.35      0.00      0.00      0.00       0  code
15:14:44     1000    577320    0.00    0.00    0.00    0.00    0.00    15     12.00      0.00 1520354644  108680   0.33      0.00      0.00      0.00       0  code
15:14:44     1000    853053    4.00    1.00    0.00    0.00    5.00    15     94.00      0.00 55958472  499164   1.53      0.00      0.00      0.00       0  chrome
15:14:44     1000    853103    6.00    2.00    0.00    0.00    8.00    12    108.00      0.00 55922400  318784   0.98      0.00      0.00      0.00       0  chrome
15:14:44     1000    853105    1.00    0.00    0.00    0.00    1.00     0    357.00      0.00 55067284   94632   0.29      0.00   1208.00      0.00       0  chrome
15:14:44     1000    853115    0.00    0.00    0.00    0.00    0.00     0    167.00      0.00 55302144   57240   0.18      0.00    220.00      0.00       0  chrome
15:14:44     1000    881951    0.00    0.00    0.00    0.00    0.00    13      1.00      0.00 55117148   61440   0.19      0.00      0.00      0.00       0  chrome
15:14:44        0   1068456    0.00    1.00    0.00    0.00    1.00     7      0.00      0.00       0       0   0.00     -1.00     -1.00     -1.00       0  kworker/u64:2-i915
15:14:44     1000   1068542    0.00    0.00    0.00    0.00    0.00     2      1.00      0.00 1518806444  263468   0.81      0.00      0.00      0.00       0  chrome
15:14:44     1000   1074666    0.00    0.00    0.00    0.00    0.00    12      4.00      0.00 1520369816  130064   0.40      0.00      0.00      0.00       0  code
15:14:44     1000   1074681    0.00    0.00    0.00    0.00    0.00     2     23.00      0.00 1520363292  297136   0.91      0.00      0.00      0.00       0  code
15:14:44     1000   1074725    0.00    0.00    0.00    0.00    0.00    13      1.00      0.00  744832  183628   0.56      0.00      0.00      0.00       0  codex
15:14:44     1000   1075226    2.00    1.00    0.00    0.00    3.00    14    114.00      0.00 1518709156  339616   1.04      0.00      0.00      0.00       0  code
15:14:44     1000   1110618    6.00    2.00    0.00    0.00    8.00     8   1419.00      0.00 1518866648  401464   1.23      0.00      0.00      0.00       0  chrome
15:14:44     1000   1111013    3.00    0.00    0.00    0.00    3.00    10      0.00      0.00  900104   36748   0.11      0.00      0.00      0.00       0  real_go2_input_
15:14:44     1000   1111014   11.00    0.00    0.00    0.00   11.00     3      0.00      0.00  888000   78292   0.24      0.00      0.00      0.00       0  python3
15:14:44     1000   1111015   76.00    0.00    0.00    0.00   76.00     5      0.00      0.00 1182436  300184   0.92      0.00      0.00      0.00       0  scan_planner_no
15:14:44     1000   1111016   47.00    2.00    0.00    0.00   49.00    14   8673.00      0.00 4985500  157340   0.48      0.00      0.00      0.00       0  scan_mppi_contr
15:14:44     1000   1111017    2.00    0.00    0.00    0.00    2.00     8      0.00      0.00  750832   32456   0.10      0.00      0.00      0.00       0  cmd_vel_safety_
15:14:44     1000   1111018   12.00    1.00    0.00    0.00   13.00    10      0.00      0.00  884008   73648   0.23      0.00     96.00      0.00       0  telemetry_recor
15:14:44     1000   1111155    1.00    1.00    0.00    0.00    2.00     6      0.00      0.00   12708    5944   0.02      0.00      8.00      0.00       0  pidstat
15:14:44     1000   1111156    1.00    1.00    0.00    0.00    2.00     0      0.00      0.00 1102732  114444   0.35      0.00      0.00      0.00       0  ros2

# Time        UID       PID    %usr %system  %guest   %wait    %CPU   CPU  minflt/s  majflt/s     VSZ     RSS   %MEM   kB_rd/s   kB_wr/s kB_ccwr/s iodelay  Command
15:14:45        0       676    0.00    2.00    0.00    0.00    2.00     1      0.00      0.00       0       0   0.00     -1.00     -1.00     -1.00       0  irq/163-rtw89_pci
15:14:45     1000      2075    0.00    1.00    0.00    0.00    1.00    13      0.00      0.00  121224   17284   0.05      0.00      0.00      0.00       0  pipewire
15:14:45     1000      2324   17.00    3.00    0.00    0.00   20.00     8      1.00      0.00 5557804  383048   1.18      0.00      0.00      0.00       0  gnome-shell
15:14:45     1000      2505    1.00    0.00    0.00    0.00    1.00    10      0.00      0.00  595016   26076   0.08      0.00      0.00      0.00       0  gsd-media-keys
15:14:45     1000      2622    6.00    1.00    0.00    0.00    7.00    11      0.00      0.00 5685392  231952   0.71      0.00      0.00      0.00       0  ToDesk
15:14:45        0      3243    1.00    2.00    0.00    0.00    3.00    15      0.00      0.00 2778564   67968   0.21     -1.00     -1.00     -1.00       0  ToDesk_Service
15:14:45     1000     32140    1.00    0.00    0.00    0.00    1.00    13      0.00      0.00 11729028  750960   2.31      0.00      0.00      0.00       0  com.alibabainc.
15:14:45     1000     45971    0.00    0.00    0.00    0.00    0.00     8      3.00      0.00 50049280  219264   0.67      0.00      0.00      0.00       0  com.alibabainc.
15:14:45        0    332726    0.00    1.00    0.00    0.00    1.00    14      1.00      0.00  361696  237448   0.73     -1.00     -1.00     -1.00       0  systemd-journal
15:14:45     1000    425666    0.00    0.00    0.00    0.00    0.00    10      1.00      0.00 50028472  262052   0.80      0.00      0.00      0.00       0  com.alibabainc.
15:14:45     1000    425773    0.00    0.00    0.00    0.00    0.00     8      2.00      0.00 51063092  393068   1.21      0.00      0.00      0.00       0  com.alibabainc.
15:14:45     1000    577014    2.00    1.00    0.00    0.00    3.00    10      1.00      0.00 1521087724  394676   1.21      0.00      0.00      0.00       0  code
15:14:45     1000    577063    6.00    1.00    0.00    0.00    7.00    11     57.00      0.00 51391360  245028   0.75      0.00      0.00      0.00       0  code
15:14:45     1000    577132    0.00    0.00    0.00    0.00    0.00     1     26.00      0.00 1520364784  380180   1.17      0.00      0.00      0.00       0  code
15:14:45     1000    577160    1.00    1.00    0.00    0.00    2.00    14      1.00      0.00 1518795316  715664   2.20      0.00      0.00      0.00       0  code
15:14:45     1000    577241    0.00    0.00    0.00    0.00    0.00    13      1.00      0.00  659564  180740   0.55      0.00      0.00      0.00       0  codex
15:14:45     1000    853053    4.00    1.00    0.00    0.00    5.00     7    189.00      0.00 55953352  497488   1.53      0.00    148.00      0.00       0  chrome
15:14:45     1000    853103    9.00    2.00    0.00    0.00   11.00    12    177.00      0.00 55918732  319168   0.98      0.00      0.00      0.00       0  chrome
15:14:45     1000    853105    3.00    3.00    0.00    0.00    6.00     0    915.00      0.00 55067288   95168   0.29     24.00    152.00      0.00       0  chrome
15:14:45     1000    853115    0.00    1.00    0.00    0.00    1.00     0   3055.00      0.00 55302144   57276   0.18      0.00      0.00      0.00       0  chrome
15:14:45     1000    880405    0.00    0.00    0.00    0.00    0.00     7     94.00      0.00 1518901172  357084   1.10      0.00      0.00      0.00       0  chrome
15:14:45     1000    881919    0.00    0.00    0.00    0.00    0.00     2      2.00      0.00 1518709688  110888   0.34      0.00      0.00      0.00       0  chrome
15:14:45     1000    888233    4.00    1.00    0.00    1.00    5.00     0      1.00      0.00 1754136  368608   1.13      0.00      0.00      0.00       0  gnome-system-mo
15:14:45        0   1068456    0.00    1.00    0.00    0.00    1.00    10      0.00      0.00       0       0   0.00     -1.00     -1.00     -1.00       0  kworker/u64:2-events_unbound
15:14:45     1000   1068542    0.00    0.00    0.00    0.00    0.00     1    284.00      0.00 1518806444  264620   0.81      0.00      0.00      0.00       0  chrome
15:14:45     1000   1075226    2.00    0.00    0.00    0.00    2.00     6      6.00      0.00 1518709156  339616   1.04      0.00      0.00      0.00       0  code
15:14:45     1000   1076599    0.00    0.00    0.00    0.00    0.00    10      0.00      0.00 1450897440   19468   0.06      0.00      0.00      0.00       0  codex-code-mode
15:14:45     1000   1110618   53.00    7.00    0.00    0.00   60.00     1  15195.00      0.00 1518855740  403304   1.24      0.00     44.00      0.00       0  chrome
15:14:45     1000   1111013    4.00    1.00    0.00    0.00    5.00    14      0.00      0.00  900104   36748   0.11      0.00      0.00      0.00       0  real_go2_input_
15:14:45     1000   1111014   13.00    1.00    0.00    0.00   14.00     3      0.00      0.00  888000   78292   0.24      0.00      0.00      0.00       0  python3
15:14:45     1000   1111015   80.00    0.00    0.00    1.00   80.00     5      0.00      0.00 1182436  300184   0.92      0.00      0.00      0.00       0  scan_planner_no
15:14:45     1000   1111016   39.00    2.00    0.00    0.00   41.00     8   4674.00      0.00 4972848  122040   0.37      0.00      0.00      0.00       0  scan_mppi_contr
15:14:45     1000   1111017    3.00    1.00    0.00    0.00    4.00    10      0.00      0.00  750832   32456   0.10      0.00      0.00      0.00       0  cmd_vel_safety_
15:14:45     1000   1111018   15.00    1.00    0.00    1.00   16.00    15      0.00      0.00  884008   73648   0.23      0.00     96.00      0.00       0  telemetry_recor
15:14:45     1000   1111155    0.00    0.00    0.00    0.00    0.00     6      0.00      0.00   12708    5944   0.02      0.00      8.00      0.00       0  pidstat
15:14:45     1000   1111156    2.00    1.00    0.00    0.00    3.00     0      0.00      0.00 1102732  114444   0.35      0.00      0.00      0.00       0  ros2

# Time        UID       PID    %usr %system  %guest   %wait    %CPU   CPU  minflt/s  majflt/s     VSZ     RSS   %MEM   kB_rd/s   kB_wr/s kB_ccwr/s iodelay  Command
15:14:46        0      1071    0.00    1.00    0.00    0.00    1.00    14      0.00      0.00   15268    7648   0.02     -1.00     -1.00     -1.00       0  bluetoothd
15:14:46      101      1072    1.00    0.00    0.00    0.00    1.00     5      0.00      0.00   12504    6632   0.02     -1.00     -1.00     -1.00       0  dbus-daemon
15:14:46     1000      2075    1.00    0.00    0.00    0.00    1.00    13      0.00      0.00  121224   17284   0.05      0.00      0.00      0.00       0  pipewire
15:14:46     1000      2081    0.00    1.00    0.00    0.00    1.00    15      0.00      0.00  160440   48336   0.15      0.00      0.00      0.00       0  pipewire-pulse
15:14:46     1000      2324   15.00    3.00    0.00    0.00   18.00     6     21.00      0.00 5557220  383176   1.18      0.00      0.00      0.00       0  gnome-shell
15:14:46     1000      2622    6.00    2.00    0.00    0.00    8.00     1      0.00      0.00 5685392  231952   0.71      0.00      0.00      0.00       0  ToDesk
15:14:46        0      3243    1.00    1.00    0.00    0.00    2.00    12      0.00      0.00 2778564   67968   0.21     -1.00     -1.00     -1.00       0  ToDesk_Service
15:14:46     1000     10213    0.00    0.00    0.00    0.00    0.00     0      3.00      0.00 1212301312  153700   0.47      0.00      0.00      0.00       0  github-desktop
15:14:46     1000     10251    0.00    0.00    0.00    0.00    0.00    14      3.00      0.00 34566360  113132   0.35      0.00      0.00      0.00       0  github-desktop
15:14:46     1000     32140    1.00    1.00    0.00    0.00    2.00    14      0.00      0.00 11729028  750960   2.31      0.00      0.00      0.00       0  com.alibabainc.
15:14:46     1000     45971    1.00    0.00    0.00    0.00    1.00    12      2.00      0.00 50049280  219264   0.67      0.00      0.00      0.00       0  com.alibabainc.
15:14:46        0    332726    0.00    0.00    0.00    0.00    0.00    15      2.00      0.00  361696  237448   0.73     -1.00     -1.00     -1.00       0  systemd-journal
15:14:46     1000    425666    0.00    0.00    0.00    0.00    0.00    15      1.00      0.00 50028472  262052   0.80      0.00      0.00      0.00       0  com.alibabainc.
15:14:46     1000    426077    0.00    0.00    0.00    0.00    0.00     0      1.00      0.00 50132492  528136   1.62      0.00      0.00      0.00       0  com.alibabainc.
15:14:46     1000    577014    1.00    0.00    0.00    0.00    1.00     8     18.00      0.00 1521087724  394676   1.21      0.00      0.00      0.00       0  code
15:14:46     1000    577063    6.00    1.00    0.00    0.00    7.00     6      0.00      0.00 51391296  245028   0.75      0.00      0.00      0.00       0  code
15:14:46     1000    577132    0.00    0.00    0.00    0.00    0.00     1      2.00      0.00 1520364784  380180   1.17      0.00      0.00      0.00       0  code
15:14:46     1000    577160    2.00    0.00    0.00    0.00    2.00     9     81.00      0.00 1518795316  715664   2.20      0.00      0.00      0.00       0  code
15:14:46     1000    577170    0.00    0.00    0.00    0.00    0.00    12      4.00      0.00 1520378324  115900   0.36      0.00      0.00      0.00       0  code
15:14:46     1000    577171    0.00    0.00    0.00    0.00    0.00     9      2.00      0.00 1520352992  125004   0.38      0.00      0.00      0.00       0  code
15:14:46     1000    577172    0.00    0.00    0.00    0.00    0.00     1      3.00      0.00 1520369816  113296   0.35      0.00      0.00      0.00       0  code
15:14:46     1000    577320    0.00    0.00    0.00    0.00    0.00    15      3.00      1.00 1520354644  108680   0.33     32.00      0.00      0.00       0  code
15:14:46     1000    799234    1.00    0.00    0.00    0.00    1.00     9      0.00      0.00 2026456  190724   0.59      0.00      0.00      0.00       0  gnome-control-c
15:14:46     1000    853053    2.00    1.00    0.00    1.00    3.00    15     92.00      0.00 55953352  497744   1.53      0.00      0.00      0.00       0  chrome
15:14:46     1000    853103    5.00    1.00    0.00    0.00    6.00    15     81.00      0.00 55918120  319608   0.98      0.00      0.00      0.00       0  chrome
15:14:46     1000    853105    1.00    1.00    0.00    0.00    2.00     0     67.00      0.00 55067288   95032   0.29     24.00     36.00      4.00       0  chrome
15:14:46     1000    881919    0.00    0.00    0.00    0.00    0.00     6      1.00      0.00 1518709688  110888   0.34      0.00      0.00      0.00       0  chrome
15:14:46     1000    881951    1.00    0.00    0.00    0.00    1.00    12      0.00      0.00 55117148   61440   0.19      0.00      0.00      0.00       0  chrome
15:14:46     1000    888233    0.00    1.00    0.00    0.00    1.00     2      0.00      0.00 1754136  368608   1.13      0.00      0.00      0.00       0  gnome-system-mo
15:14:46        0   1068456    0.00    1.00    0.00    1.00    1.00     0      0.00      0.00       0       0   0.00     -1.00     -1.00     -1.00       0  kworker/u64:2-events_unbound
15:14:46     1000   1068542    0.00    0.00    0.00    0.00    0.00    13      1.00      0.00 1518806444  264620   0.81      0.00      0.00      0.00       0  chrome
15:14:46     1000   1074666    0.00    0.00    0.00    0.00    0.00    12      3.00      0.00 1520369816  130064   0.40      0.00      0.00      0.00       0  code
15:14:46     1000   1074681    1.00    1.00    0.00    0.00    2.00     6    817.00      0.00 1520363292  298968   0.92      0.00      0.00      0.00       0  code
15:14:46     1000   1074725    0.00    0.00    0.00    0.00    0.00    13      0.00      0.00  646384  183628   0.56      0.00      0.00      0.00       0  codex
15:14:46     1000   1075226    2.00    0.00    0.00    0.00    2.00     0      8.00      0.00 1518709156  339616   1.04      0.00      0.00      0.00       0  code
15:14:46        0   1097682    0.00    1.00    0.00    0.00    1.00     5      0.00      0.00       0       0   0.00     -1.00     -1.00     -1.00       0  kworker/u65:3-rtw89_tx_wq
15:14:46        0   1101535    0.00    1.00    0.00    0.00    1.00    13      0.00      0.00       0       0   0.00     -1.00     -1.00     -1.00       0  kworker/13:2-mm_percpu_wq
15:14:46     1000   1110618    9.00    2.00    0.00    0.00   11.00     9   1019.00      1.00 1518857788  404472   1.24      4.00      0.00      0.00       0  chrome
15:14:46     1000   1111013    4.00    1.00    0.00    0.00    5.00    13      0.00      0.00  900104   36748   0.11      0.00      0.00      0.00       0  real_go2_input_
15:14:46     1000   1111014   12.00    0.00    0.00    0.00   12.00     4      0.00      0.00  888000   78292   0.24      0.00      0.00      0.00       0  python3
15:14:46     1000   1111015   74.00    1.00    0.00    0.00   75.00    10      0.00      0.00 1182436  300184   0.92      0.00      0.00      0.00       0  scan_planner_no
15:14:46     1000   1111016   45.00    4.00    0.00    0.00   49.00    11  15025.00      0.00 4978992  117076   0.36      0.00      0.00      0.00       0  scan_mppi_contr
15:14:46     1000   1111017    3.00    1.00    0.00    1.00    4.00    13      0.00      0.00  750832   32456   0.10      0.00      0.00      0.00       0  cmd_vel_safety_
15:14:46     1000   1111018   14.00    1.00    0.00    0.00   15.00     8      0.00      0.00  884008   73648   0.23      0.00    100.00      0.00       0  telemetry_recor
15:14:46     1000   1111155    0.00    1.00    0.00    0.00    1.00     5      0.00      0.00   12708    5944   0.02      0.00      4.00      0.00       0  pidstat
15:14:46     1000   1111156    2.00    1.00    0.00    0.00    3.00     6      0.00      0.00 1102732  114444   0.35      0.00      0.00      0.00       0  ros2

# Time        UID       PID    %usr %system  %guest   %wait    %CPU   CPU  minflt/s  majflt/s     VSZ     RSS   %MEM   kB_rd/s   kB_wr/s kB_ccwr/s iodelay  Command
15:14:47        0        15    0.00    1.00    0.00    1.00    1.00    14      0.00      0.00       0       0   0.00     -1.00     -1.00     -1.00       0  rcu_preempt
15:14:47        0       676    0.00    1.00    0.00    0.00    1.00     1      0.00      0.00       0       0   0.00     -1.00     -1.00     -1.00       0  irq/163-rtw89_pci
15:14:47     1000      2081    1.00    0.00    0.00    0.00    1.00    13      0.00      0.00  160440   48336   0.15      0.00      0.00      0.00       0  pipewire-pulse
15:14:47     1000      2324    6.00    1.00    0.00    0.00    7.00     7      3.00      0.00 5557224  383176   1.18      0.00      0.00      0.00       0  gnome-shell
15:14:47     1000      2622    5.00    2.00    0.00    0.00    7.00     8      0.00      0.00 5685392  231952   0.71      0.00      0.00      0.00       0  ToDesk
15:14:47        0      3243    0.00    2.00    0.00    0.00    2.00    15      0.00      0.00 2778564   67968   0.21     -1.00     -1.00     -1.00       0  ToDesk_Service
15:14:47     1000     10213    0.00    0.00    0.00    0.00    0.00     0      4.00      0.00 1212301312  153700   0.47      0.00      0.00      0.00       0  github-desktop
15:14:47     1000     32140    1.00    0.00    0.00    0.00    1.00     0      0.00      0.00 11729028  750960   2.31      0.00      0.00      0.00       0  com.alibabainc.
15:14:47     1000     45971    0.00    0.00    0.00    0.00    0.00     6      1.00      0.00 50049280  219264   0.67      0.00      0.00      0.00       0  com.alibabainc.
15:14:47        0    332726    0.00    0.00    0.00    0.00    0.00     2      1.00      0.00  361696  237448   0.73     -1.00     -1.00     -1.00       0  systemd-journal
15:14:47     1000    425666    0.00    0.00    0.00    0.00    0.00    15      2.00      0.00 50028472  262052   0.80      0.00      0.00      0.00       0  com.alibabainc.
15:14:47     1000    516139    1.00    1.00    0.00    0.00    2.00     0      0.00      0.00 5453760   36764   0.11      0.00      0.00      0.00       0  clash
15:14:47     1000    577014    2.00    1.00    0.00    0.00    3.00    10   3759.00      0.00 1521087724  398244   1.22      0.00   3748.00      0.00       0  code
15:14:47     1000    577063    4.00    2.00    0.00    0.00    6.00     3      5.00      0.00 51391872  245028   0.75      0.00      0.00      0.00       0  code
15:14:47     1000    577160    1.00    1.00    0.00    0.00    2.00     9      1.00      0.00 1518795316  715664   2.20      0.00      0.00      0.00       0  code
15:14:47     1000    577170    0.00    0.00    0.00    0.00    0.00    12      7.00      0.00 1520378324  116028   0.36      0.00      0.00      0.00       0  code
15:14:47     1000    853053    2.00    0.00    0.00    0.00    2.00    10     45.00      0.00 55953352  497872   1.53      0.00     12.00      0.00       0  chrome
15:14:47     1000    853103    4.00    1.00    0.00    0.00    5.00     6     28.00      0.00 55918104  319936   0.98      0.00      0.00      0.00       0  chrome
15:14:47     1000    853105    2.00    1.00    0.00    0.00    3.00     0    434.00      0.00 55069336   95440   0.29      0.00   1456.00      0.00       0  chrome
15:14:47     1000    853115    0.00    0.00    0.00    0.00    0.00     7      1.00      0.00 55302144   57276   0.18      0.00      0.00      0.00       0  chrome
15:14:47     1000    880405    1.00    0.00    0.00    0.00    1.00    15   1010.00      0.00 1518901172  361180   1.11      0.00      0.00      0.00       0  chrome
15:14:47        0   1068456    0.00    1.00    0.00    0.00    1.00     2      0.00      0.00       0       0   0.00     -1.00     -1.00     -1.00       0  kworker/u64:2-i915
15:14:47     1000   1075226    1.00    1.00    0.00    0.00    2.00     2      8.00      0.00 1518709156  339616   1.04      0.00      0.00      0.00       0  code
15:14:47     1000   1095170    0.00    0.00    0.00    0.00    0.00    12      0.00      0.00  882896   72384   0.22      0.00      0.00      0.00       0  python3
15:14:47     1000   1110618    9.00    2.00    0.00    0.00   11.00     6   1599.00      0.00 1518859836  407696   1.25      0.00     20.00      0.00       0  chrome
15:14:47     1000   1110981    0.00    0.00    0.00    0.00    0.00    10     35.00      0.00   10852    3716   0.01 204572.00      8.00      0.00       0  bash
15:14:47     1000   1111002    0.00    0.00    0.00    0.00    0.00     8      0.00      0.00  204040   41576   0.13      0.00      4.00      0.00       0  ros2
15:14:47     1000   1111013    1.00    0.00    0.00    0.00    1.00     8      1.00      0.00  900104   36748   0.11      0.00      0.00      0.00       0  real_go2_input_
15:14:47     1000   1111014    6.00    0.00    0.00    1.00    6.00     5     32.00      0.00  888252   78420   0.24      0.00      0.00      0.00       0  python3
15:14:47     1000   1111015  112.00    0.00    0.00    0.00  112.00     2    288.00      0.00 1272616  300696   0.92      0.00      0.00      0.00       0  scan_planner_no
15:14:47     1000   1111016   22.00    1.00    0.00    0.00   23.00     2   2610.00      0.00 4978888  115148   0.35      0.00      0.00      0.00       0  scan_mppi_contr
15:14:47     1000   1111017    1.00    0.00    0.00    0.00    1.00    12      0.00      0.00  750728   32456   0.10      0.00      0.00      0.00       0  cmd_vel_safety_
15:14:47     1000   1111018    7.00    0.00    0.00    0.00    7.00     0      1.00      0.00  883904   73648   0.23      0.00     52.00      0.00       0  telemetry_recor
15:14:47     1000   1111155    1.00    1.00    0.00    0.00    2.00     5      0.00      0.00   12708    5944   0.02      0.00      8.00      0.00       0  pidstat
15:14:47     1000   1112413    0.00    0.00    0.00    0.00    0.00     3    103.00      0.00    8864    1792   0.01      0.00      0.00      0.00       0  sleep

# Time        UID       PID    %usr %system  %guest   %wait    %CPU   CPU  minflt/s  majflt/s     VSZ     RSS   %MEM   kB_rd/s   kB_wr/s kB_ccwr/s iodelay  Command
15:14:48     1000      2324   19.00    3.00    0.00    0.00   22.00     4      4.00      0.00 5557352  383176   1.18      0.00      0.00      0.00       0  gnome-shell
15:14:48     1000      2622    5.00    2.00    0.00    0.00    7.00     6      0.00      0.00 5685392  231952   0.71      0.00      0.00      0.00       0  ToDesk
15:14:48        0      3243    1.00    1.00    0.00    0.00    2.00    12      0.00      0.00 2778564   67968   0.21     -1.00     -1.00     -1.00       0  ToDesk_Service
15:14:48     1000     10268    0.00    0.00    0.00    0.00    0.00     8      2.00      0.00 33882424   63200   0.19      0.00      0.00      0.00       0  github-desktop
15:14:48     1000     32140    1.00    1.00    0.00    0.00    2.00    12      0.00      0.00 11729028  750960   2.31      0.00      0.00      0.00       0  com.alibabainc.
15:14:48     1000    156386    1.00    0.00    0.00    0.00    1.00     9      0.00      0.00 1788224   49216   0.15      0.00      0.00      0.00       0  nxplayer.bin
15:14:48        0    332726    0.00    0.00    0.00    0.00    0.00    15      1.00      0.00  361696  237448   0.73     -1.00     -1.00     -1.00       0  systemd-journal
15:14:48     1000    425666    0.00    0.00    0.00    0.00    0.00    13      3.00      0.00 50028472  262052   0.80      0.00      0.00      0.00       0  com.alibabainc.
15:14:48     1000    425773    0.00    0.00    0.00    0.00    0.00     2      1.00      0.00 51063092  393068   1.21      0.00      0.00      0.00       0  com.alibabainc.
15:14:48     1000    516139    0.00    1.00    0.00    0.00    1.00     0      0.00      0.00 5453760   36764   0.11      0.00      0.00      0.00       0  clash
15:14:48     1000    577014    1.00    1.00    0.00    0.00    2.00    13      1.00      0.00 1521087724  398244   1.22      0.00      0.00      0.00       0  code
15:14:48     1000    577063    5.00    1.00    0.00    0.00    6.00     8      0.00      0.00 51391296  245028   0.75      0.00      0.00      0.00       0  code
15:14:48     1000    577067    0.00    0.00    0.00    0.00    0.00     8      3.00      0.00 50711564   88336   0.27      0.00      0.00      0.00       0  code
15:14:48     1000    577107    0.00    0.00    0.00    0.00    0.00     1      9.00      0.00 1520761120  610696   1.87      0.00      0.00      0.00       0  code
15:14:48     1000    577160    1.00    0.00    0.00    0.00    1.00    13      0.00      0.00 1518795316  715664   2.20      0.00      0.00      0.00       0  code
15:14:48     1000    577170    0.00    0.00    0.00    0.00    0.00    13      6.00      0.00 1520378324  116028   0.36      0.00      0.00      0.00       0  code
15:14:48     1000    577171    0.00    0.00    0.00    0.00    0.00     9     36.00      0.00 1520352992  125004   0.38      0.00      0.00      0.00       0  code
15:14:48     1000    577172    0.00    0.00    0.00    0.00    0.00     1      2.00      0.00 1520369816  113296   0.35      0.00      0.00      0.00       0  code
15:14:48     1000    577320    0.00    0.00    0.00    0.00    0.00    14     27.00      0.00 1520354644  108680   0.33      0.00      0.00      0.00       0  code
15:14:48     1000    853053    2.00    1.00    0.00    0.00    3.00    14     64.00      0.00 55953352  497980   1.53      0.00      0.00      0.00       0  chrome
15:14:48     1000    853103    7.00    1.00    0.00    0.00    8.00    12    121.00      0.00 55918200  319392   0.98      0.00      0.00      0.00       0  chrome
15:14:48     1000    853105    2.00    2.00    0.00    0.00    4.00     0    660.00      0.00 55069336   95024   0.29      0.00   2232.00      0.00       0  chrome
15:14:48     1000    853115    0.00    0.00    0.00    0.00    0.00    12      5.00      0.00 55302144   57092   0.18      0.00      0.00      0.00       0  chrome
15:14:48     1000    880405    0.00    0.00    0.00    0.00    0.00     2      1.00      0.00 1518901172  361180   1.11      0.00      0.00      0.00       0  chrome
15:14:48     1000    881919    0.00    0.00    0.00    0.00    0.00    13      1.00      0.00 1518709688  110888   0.34      0.00      0.00      0.00       0  chrome
15:14:48     1000    881951    0.00    0.00    0.00    0.00    0.00    15      1.00      0.00 55117148   61440   0.19      0.00      0.00      0.00       0  chrome
15:14:48     1000    888233    2.00    1.00    0.00    0.00    3.00    13      1.00      0.00 1754136  368608   1.13      0.00      0.00      0.00       0  gnome-system-mo
15:14:48        0   1068456    0.00    1.00    0.00    0.00    1.00     8      0.00      0.00       0       0   0.00     -1.00     -1.00     -1.00       0  kworker/u64:2-flush-259:0
15:14:48     1000   1068542    0.00    0.00    0.00    0.00    0.00    13      1.00      0.00 1518806444  264620   0.81      0.00      0.00      0.00       0  chrome
15:14:48     1000   1073729    1.00    0.00    0.00    0.00    1.00     6      0.00      0.00  877608   71244   0.22      0.00      0.00      0.00       0  python3
15:14:48     1000   1074666    0.00    0.00    0.00    0.00    0.00    12      3.00      0.00 1520369816  130064   0.40      0.00      0.00      0.00       0  code
15:14:48     1000   1074681    0.00    0.00    0.00    0.00    0.00     6     22.00      0.00 1520363292  298696   0.92      0.00      0.00      0.00       0  code
15:14:48     1000   1074725    0.00    0.00    0.00    0.00    0.00    13      1.00      0.00  646384  183628   0.56      0.00      0.00      0.00       0  codex
15:14:48     1000   1075226    2.00    0.00    0.00    0.00    2.00     2      6.00      0.00 1518709156  339744   1.04      0.00      0.00      0.00       0  code
15:14:48     1000   1095170    1.00    0.00    0.00    0.00    1.00    12      0.00      0.00  882792   72384   0.22      0.00      0.00      0.00       0  python3
15:14:48     1000   1110618   10.00    2.00    0.00    0.00   12.00    15   1946.00      0.00 1518859836  412476   1.27      0.00      0.00      0.00       0  chrome
15:14:48     1000   1111013    1.00    0.00    0.00    0.00    1.00     8      0.00      0.00  899564   36272   0.11      0.00      0.00      0.00       0  real_go2_input_
15:14:48     1000   1111014    0.00    0.00    0.00    0.00    0.00     5      0.00      0.00  887712   78420   0.24      0.00      0.00      0.00       0  python3
15:14:48     1000   1111015   55.00    1.00    0.00    0.00   56.00     7      0.00      0.00 1272076  300696   0.92      0.00      0.00      0.00       0  scan_planner_no
15:14:48     1000   1111016    1.00    0.00    0.00    0.00    1.00    13      0.00      0.00 4978348  115148   0.35      0.00      0.00      0.00       0  scan_mppi_contr
15:14:48     1000   1111017    2.00    0.00    0.00    0.00    2.00    12      0.00      0.00  750188   32456   0.10      0.00      0.00      0.00       0  cmd_vel_safety_
15:14:48     1000   1111018    4.00    1.00    0.00    0.00    5.00     2      0.00      0.00  883364   73648   0.23      0.00     24.00      0.00       0  telemetry_recor
15:14:48     1000   1111019    0.00    0.00    0.00    0.00    0.00     1      0.00      0.00  748448   30452   0.09      0.00      0.00      0.00       0  static_transfor
15:14:48     1000   1111155    0.00    0.00    0.00    0.00    0.00     5      2.00      0.00   12840    5944   0.02      0.00      8.00      0.00       0  pidstat

# Time        UID       PID    %usr %system  %guest   %wait    %CPU   CPU  minflt/s  majflt/s     VSZ     RSS   %MEM   kB_rd/s   kB_wr/s kB_ccwr/s iodelay  Command
15:14:49        0       326    0.00    1.00    0.00    0.00    1.00     2      0.00      0.00       0       0   0.00     -1.00     -1.00     -1.00       0  jbd2/nvme0n1p2-8
15:14:49        0       676    0.00    1.00    0.00    0.00    1.00     1      0.00      0.00       0       0   0.00     -1.00     -1.00     -1.00       0  irq/163-rtw89_pci
15:14:49     1000      2075    0.00    1.00    0.00    0.00    1.00    13      0.00      0.00  121224   17284   0.05      0.00      0.00      0.00       0  pipewire
15:14:49     1000      2324   14.00    2.00    0.00    0.00   16.00    12      0.00      0.00 5557348  383176   1.18      0.00      0.00      0.00       0  gnome-shell
15:14:49     1000      2622    6.00    2.00    0.00    0.00    8.00     4      0.00      0.00 5685392  231952   0.71      0.00      0.00      0.00       0  ToDesk
15:14:49        0      3243    0.00    2.00    0.00    0.00    2.00    12      0.00      0.00 2778564   67968   0.21     -1.00     -1.00     -1.00       0  ToDesk_Service
15:14:49     1000     32140    2.00    0.00    0.00    0.00    2.00     8      0.00      0.00 11729028  750960   2.31      0.00      0.00      0.00       0  com.alibabainc.
15:14:49     1000     45971    0.00    0.00    0.00    0.00    0.00     2      2.00      0.00 50049280  219264   0.67      0.00      0.00      0.00       0  com.alibabainc.
15:14:49        0    332726    0.00    0.00    0.00    0.00    0.00     2      2.00      0.00  361696  237448   0.73     -1.00     -1.00     -1.00       0  systemd-journal
15:14:49     1000    425666    0.00    0.00    0.00    0.00    0.00    15      2.00      0.00 50028472  262052   0.80      0.00      0.00      0.00       0  com.alibabainc.
15:14:49     1000    516139    0.00    1.00    0.00    0.00    1.00     0      0.00      0.00 5453760   36764   0.11      0.00      0.00      0.00       0  clash
15:14:49     1000    577014    1.00    1.00    0.00    0.00    2.00    14      1.00      0.00 1521087724  398244   1.22      0.00      0.00      0.00       0  code
15:14:49     1000    577063    5.00    1.00    0.00    0.00    6.00    10     43.00      0.00 51391872  244900   0.75      0.00      0.00      0.00       0  code
15:14:49     1000    577132    1.00    0.00    0.00    0.00    1.00     1     26.00      0.00 1520364784  380180   1.17      0.00      0.00      0.00       0  code
15:14:49     1000    577160    2.00    0.00    0.00    0.00    2.00     6      1.00      0.00 1518795316  715664   2.20      0.00      0.00      0.00       0  code
15:14:49     1000    853053    1.00    0.00    0.00    0.00    1.00     0    146.00      0.00 55953356  497608   1.53      4.00    264.00      0.00       0  chrome
15:14:49     1000    853103    4.00    1.00    0.00    0.00    5.00    15     15.00      0.00 55914052  319392   0.98      0.00      0.00      0.00       0  chrome
15:14:49     1000    853105    1.00    1.00    0.00    0.00    2.00     0    567.00      0.00 55067288   94416   0.29      0.00   2264.00      0.00       0  chrome
15:14:49     1000    853115    1.00    0.00    0.00    0.00    1.00    12      0.00      0.00 55302144   57092   0.18      0.00      0.00      0.00       0  chrome
15:14:49     1000    880405    0.00    0.00    0.00    0.00    0.00     2      2.00      0.00 1518901172  361308   1.11      0.00      0.00      0.00       0  chrome
15:14:49     1000    881951    1.00    1.00    0.00    0.00    2.00    14      0.00      0.00 55117148   61440   0.19      0.00      0.00      0.00       0  chrome
15:14:49     1000   1068542    0.00    0.00    0.00    0.00    0.00    13      0.00      0.00 1518806444  262036   0.80      0.00      0.00      0.00       0  chrome
15:14:49     1000   1075226    1.00    1.00    0.00    0.00    2.00     1    111.00      0.00 1518709156  339744   1.04      0.00      0.00      0.00       0  code
15:14:49        0   1097682    0.00    1.00    0.00    0.00    1.00     6      0.00      0.00       0       0   0.00     -1.00     -1.00     -1.00       0  kworker/u65:3+i915_flip
15:14:49        0   1101398    0.00    1.00    0.00    1.00    1.00    11      0.00      0.00       0       0   0.00     -1.00     -1.00     -1.00       0  kworker/u64:0-events_unbound
15:14:49     1000   1110618    5.00    2.00    0.00    0.00    7.00     4   2002.00      0.00 1518857788  416128   1.28      0.00     12.00      0.00       0  chrome
15:14:49     1000   1111002    0.00    0.00    0.00    0.00    0.00     8      0.00      0.00  204040   41576   0.13      0.00      4.00      0.00       0  ros2
15:14:49     1000   1111013    0.00    1.00    0.00    0.00    1.00     6      0.00      0.00  899460   36272   0.11      0.00      0.00      0.00       0  real_go2_input_
15:14:49     1000   1111014    0.00    0.00    0.00    0.00    0.00     5      0.00      0.00  887608   78420   0.24      0.00      0.00      0.00       0  python3
15:14:49     1000   1111015   71.00    0.00    0.00    0.00   71.00     7      0.00      0.00 1272076  300696   0.92      0.00      4.00      0.00       0  scan_planner_no
15:14:49     1000   1111016    2.00    1.00    0.00    0.00    3.00     8      0.00      0.00 4978348  104648   0.32      0.00      0.00      0.00       0  scan_mppi_contr
15:14:49     1000   1111017    1.00    1.00    0.00    0.00    2.00    14      0.00      0.00  750188   32456   0.10      0.00      0.00      0.00       0  cmd_vel_safety_
15:14:49     1000   1111018    5.00    1.00    0.00    0.00    6.00     4      0.00      0.00  883364   73648   0.23      0.00     24.00      0.00       0  telemetry_recor
15:14:49     1000   1111019    0.00    0.00    0.00    0.00    0.00     1      0.00      0.00  748344   30452   0.09      0.00      0.00      0.00       0  static_transfor
15:14:49     1000   1111155    0.00    1.00    0.00    0.00    1.00     5      0.00      0.00   12840    5944   0.02      0.00      4.00      0.00       0  pidstat

# Time        UID       PID    %usr %system  %guest   %wait    %CPU   CPU  minflt/s  majflt/s     VSZ     RSS   %MEM   kB_rd/s   kB_wr/s kB_ccwr/s iodelay  Command
15:14:50        0        15    0.00    1.00    0.00    0.00    1.00     3      0.00      0.00       0       0   0.00     -1.00     -1.00     -1.00       0  rcu_preempt
15:14:50        0      1119    0.00    1.00    0.00    0.00    1.00     1      0.00      0.00  425208   10052   0.03     -1.00     -1.00     -1.00       0  thermald
15:14:50     1000      2081    0.00    1.00    0.00    0.00    1.00    15      0.00      0.00  160440   48336   0.15      0.00      0.00      0.00       0  pipewire-pulse
15:14:50     1000      2324   13.00    2.00    0.00    0.00   15.00     4      9.00      0.00 5557352  383176   1.18      0.00      0.00      0.00       0  gnome-shell
15:14:50     1000      2622    5.00    2.00    0.00    0.00    7.00     8      0.00      0.00 5685392  231952   0.71      0.00      0.00      0.00       0  ToDesk
15:14:50      123      3242    1.00    0.00    0.00    0.00    1.00    13      0.00      0.00 2382192   76072   0.23     -1.00     -1.00     -1.00       0  nxserver.bin
15:14:50        0      3243    1.00    2.00    0.00    0.00    3.00    14      0.00      0.00 2778564   67968   0.21     -1.00     -1.00     -1.00       0  ToDesk_Service
15:14:50     1000     10251    0.00    0.00    0.00    0.00    0.00    14      3.00      0.00 34566360  113132   0.35      0.00      0.00      0.00       0  github-desktop
15:14:50     1000     32140    1.00    0.00    0.00    0.00    1.00    10      0.00      0.00 11729028  750960   2.31      0.00      0.00      0.00       0  com.alibabainc.
15:14:50        0    332726    0.00    0.00    0.00    0.00    0.00     2      2.00      0.00  361696  237448   0.73     -1.00     -1.00     -1.00       0  systemd-journal
15:14:50     1000    425666    1.00    0.00    0.00    0.00    1.00    13      0.00      0.00 50028472  262052   0.80      0.00      0.00      0.00       0  com.alibabainc.
15:14:50     1000    516139    0.00    1.00    0.00    0.00    1.00     0      0.00      0.00 5453760   36764   0.11      0.00      0.00      0.00       0  clash
15:14:50     1000    577014    1.00    1.00    0.00    0.00    2.00     6     15.00      0.00 1521087724  398244   1.22      0.00      0.00      0.00       0  code
15:14:50     1000    577063    4.00    2.00    0.00    0.00    6.00    10      0.00      0.00 51391360  244900   0.75      0.00      0.00      0.00       0  code
15:14:50     1000    577160    1.00    0.00    0.00    0.00    1.00    12     81.00      0.00 1518795316  715664   2.20      0.00      0.00      0.00       0  code
15:14:50     1000    577170    1.00    0.00    0.00    0.00    1.00     4      1.00      0.00 1520378324  116028   0.36      0.00      0.00      0.00       0  code
15:14:50     1000    577241    0.00    0.00    0.00    0.00    0.00    13      1.00      0.00  659564  180740   0.55      0.00      0.00      0.00       0  codex
15:14:50     1000    853053    2.00    1.00    0.00    0.00    3.00    10      2.00      0.00 55953356  497608   1.53      0.00     80.00    224.00       0  chrome
15:14:50     1000    853103    6.00    0.00    0.00    0.00    6.00     8     60.00      0.00 55917532  319300   0.98      0.00      0.00      0.00       0  chrome
15:14:50     1000    853105    2.00    1.00    0.00    0.00    3.00     0    784.00      0.00 55069336   94916   0.29      0.00   3096.00      0.00       0  chrome
15:14:50     1000    853115    0.00    0.00    0.00    0.00    0.00    12    298.00      0.00 55302144   57296   0.18      0.00    244.00      0.00       0  chrome
15:14:50     1000    880405    0.00    0.00    0.00    0.00    0.00    12      1.00      0.00 1518901172  358412   1.10      0.00      0.00      0.00       0  chrome
15:14:50     1000   1068542    0.00    0.00    0.00    0.00    0.00     2      5.00      0.00 1518806444  259388   0.80      0.00      0.00      0.00       0  chrome
15:14:50     1000   1075226    1.00    0.00    0.00    0.00    1.00    10      7.00      0.00 1518709156  339744   1.04      0.00      0.00      0.00       0  code
15:14:50     1000   1095170    0.00    0.00    0.00    0.00    0.00    13      4.00      0.00  882168   71916   0.22      0.00      0.00      0.00       0  python3
15:14:50        0   1101398    0.00    1.00    0.00    0.00    1.00     6      0.00      0.00       0       0   0.00     -1.00     -1.00     -1.00       0  kworker/u64:0-i915
15:14:50     1000   1110618    9.00    2.00    0.00    0.00   11.00     6   2305.00      0.00 1518863932  422880   1.30      0.00      0.00      0.00       0  chrome
15:14:50     1000   1110981    0.00    0.00    0.00    0.00    0.00     4     54.00      0.00   10852    3716   0.01      0.00  11024.00      4.00       0  bash
15:14:50     1000   1111155    0.00    1.00    0.00    0.00    1.00     5      0.00      0.00   12840    5944   0.02      0.00      8.00      0.00       0  pidstat
15:14:50     1000   1112216    0.00    0.00    0.00    0.00    0.00     3      2.00      0.00 1518593840   78140   0.24      0.00      0.00      0.00       0  chrome
15:14:50     1000   1112441    0.00    0.00    0.00    0.00    0.00     4    103.00      0.00    8864    1920   0.01      0.00      0.00      0.00       0  sleep

# Time        UID       PID    %usr %system  %guest   %wait    %CPU   CPU  minflt/s  majflt/s     VSZ     RSS   %MEM   kB_rd/s   kB_wr/s kB_ccwr/s iodelay  Command
15:14:51        0        54    0.00    1.00    0.00    0.00    1.00    12      0.00      0.00       0       0   0.00     -1.00     -1.00     -1.00       0  migration/12
15:14:51     1000      2324   19.00    3.00    0.00    0.00   22.00    13      6.00      0.00 5557356  382876   1.18      0.00      0.00      0.00       0  gnome-shell
15:14:51     1000      2622    6.00    3.00    0.00    0.00    9.00     8      0.00      0.00 5685392  231952   0.71      0.00      0.00      0.00       0  ToDesk
15:14:51        0      3243    1.00    1.00    0.00    0.00    2.00    14      1.00      0.00 2778564   67968   0.21     -1.00     -1.00     -1.00       0  ToDesk_Service
15:14:51     1000     10213    0.00    0.00    0.00    0.00    0.00     0      5.00      0.00 1212301312  153700   0.47      0.00      0.00      0.00       0  github-desktop
15:14:51     1000     32140    1.00    1.00    0.00    0.00    2.00     8      0.00      0.00 11729028  750960   2.31      0.00      0.00      0.00       0  com.alibabainc.
15:14:51     1000     45971    0.00    0.00    0.00    0.00    0.00    10      1.00      0.00 50049280  219264   0.67      0.00      0.00      0.00       0  com.alibabainc.
15:14:51        0    332726    0.00    0.00    0.00    0.00    0.00    12      1.00      0.00  361696  237448   0.73     -1.00     -1.00     -1.00       0  systemd-journal
15:14:51     1000    425666    0.00    0.00    0.00    0.00    0.00     6      2.00      0.00 50028472  262052   0.80      0.00      0.00      0.00       0  com.alibabainc.
15:14:51     1000    425773    0.00    0.00    0.00    0.00    0.00     0      1.00      0.00 51063092  393068   1.21      0.00      0.00      0.00       0  com.alibabainc.
15:14:51     1000    516139    0.00    1.00    0.00    0.00    1.00     0      0.00      0.00 5453760   36764   0.11      0.00      0.00      0.00       0  clash
15:14:51     1000    577014    1.00    0.00    0.00    0.00    1.00    14      0.00      0.00 1521087724  398244   1.22      0.00      0.00      0.00       0  code
15:14:51     1000    577063    4.00    1.00    0.00    0.00    5.00    10     16.00      0.00 51391936  245028   0.75      0.00      0.00      0.00       0  code
15:14:51     1000    577160    1.00    1.00    0.00    0.00    2.00     6      1.00      0.00 1518795316  715664   2.20      0.00      0.00      0.00       0  code
15:14:51     1000    853053    3.00    0.00    0.00    0.00    3.00    12     45.00      0.00 55953356  497736   1.53      0.00      0.00      0.00       0  chrome
15:14:51     1000    853103    6.00    1.00    0.00    0.00    7.00    14     86.00      0.00 55918120  319428   0.98      0.00      0.00      0.00       0  chrome
15:14:51     1000    853105    1.00    1.00    0.00    0.00    2.00     0    483.00      0.00 55067288   94584   0.29      0.00   1868.00      0.00       0  chrome
15:14:51     1000    880405    0.00    0.00    0.00    0.00    0.00    12      4.00      0.00 1518901172  358412   1.10      0.00      0.00      0.00       0  chrome
15:14:51     1000    881919    0.00    0.00    0.00    0.00    0.00     4      3.00      0.00 1518709688  110484   0.34      0.00      0.00      0.00       0  chrome
15:14:51     1000    888233    2.00    1.00    0.00    0.00    3.00     0      5.00      0.00 1754152  368608   1.13      0.00      0.00      0.00       0  gnome-system-mo
15:14:51        0   1049858    0.00    1.00    0.00    0.00    1.00     6      0.00      0.00       0       0   0.00     -1.00     -1.00     -1.00       0  kworker/u64:9-i915
15:14:51     1000   1068542    0.00    0.00    0.00    0.00    0.00     2      1.00      0.00 1518806444  259388   0.80      0.00      0.00      0.00       0  chrome
15:14:51     1000   1074681    0.00    0.00    0.00    0.00    0.00    12      4.00      0.00 1520363292  298696   0.92      0.00      0.00      0.00       0  code
15:14:51     1000   1075226    1.00    1.00    0.00    0.00    2.00     8      7.00      0.00 1518709156  339744   1.04      0.00      0.00      0.00       0  code
15:14:51     1000   1095170    0.00    0.00    0.00    0.00    0.00    14      2.00      0.00  882064   71760   0.22      0.00      0.00      0.00       0  python3
15:14:51        0   1108714    0.00    1.00    0.00    0.00    1.00    15      0.00      0.00       0       0   0.00     -1.00     -1.00     -1.00       0  kworker/15:1-i915-unordered
15:14:51     1000   1110618   10.00    2.00    0.00    0.00   12.00     6   2114.00      0.00 1518861884  427444   1.31      0.00      0.00      0.00       0  chrome
15:14:51     1000   1111155    1.00    0.00    0.00    0.00    1.00     5      0.00      0.00   12832    5944   0.02      0.00      4.00      0.00       0  pidstat

# Time        UID       PID    %usr %system  %guest   %wait    %CPU   CPU  minflt/s  majflt/s     VSZ     RSS   %MEM   kB_rd/s   kB_wr/s kB_ccwr/s iodelay  Command
15:14:52        0      1370    1.00    0.00    0.00    0.00    1.00    13      0.00      0.00 2606064   21460   0.07     -1.00     -1.00     -1.00       0  containerd
15:14:52     1000      2075    0.00    1.00    0.00    0.00    1.00    13      0.00      0.00  121224   17284   0.05      0.00      0.00      0.00       0  pipewire
15:14:52     1000      2081    1.00    0.00    0.00    0.00    1.00     0      0.00      0.00  160440   48336   0.15      0.00      0.00      0.00       0  pipewire-pulse
15:14:52     1000      2324   12.00    2.00    0.00    0.00   14.00     0      0.00      0.00 5557348  382876   1.18      0.00      0.00      0.00       0  gnome-shell
15:14:52     1000      2622    5.00    3.00    0.00    1.00    8.00     6      0.00      0.00 5685392  231952   0.71      0.00      0.00      0.00       0  ToDesk
15:14:52      123      3242    0.00    1.00    0.00    0.00    1.00    13      0.00      0.00 2382192   76072   0.23     -1.00     -1.00     -1.00       0  nxserver.bin
15:14:52        0      3243    0.00    3.00    0.00    0.00    3.00    14      0.00      0.00 2778564   67968   0.21     -1.00     -1.00     -1.00       0  ToDesk_Service
15:14:52     1000     10268    0.00    0.00    0.00    0.00    0.00     8      2.00      0.00 33882424   63200   0.19      0.00      0.00      0.00       0  github-desktop
15:14:52     1000     32140    2.00    1.00    0.00    0.00    3.00    10      0.00      0.00 11729028  750960   2.31      0.00      0.00      0.00       0  com.alibabainc.
15:14:52     1000     45971    0.00    0.00    0.00    0.00    0.00    10      1.00      0.00 50049280  219264   0.67      0.00      0.00      0.00       0  com.alibabainc.
15:14:52     1000     46026    0.00    0.00    0.00    0.00    0.00    12      1.00      0.00 72700264  445740   1.37      0.00      0.00      0.00       0  com.alibabainc.
15:14:52        0    332726    1.00    0.00    0.00    0.00    1.00    12      2.00      0.00  361696  237448   0.73     -1.00     -1.00     -1.00       0  systemd-journal
15:14:52     1000    425773    1.00    0.00    0.00    0.00    1.00     2      0.00      0.00 51063092  393068   1.21      0.00      0.00      0.00       0  com.alibabainc.
15:14:52     1000    577014    1.00    1.00    0.00    0.00    2.00     2      8.00      0.00 1521087724  398244   1.22      0.00      0.00      0.00       0  code
15:14:52     1000    577063    4.00    1.00    0.00    0.00    5.00     8      0.00      0.00 51391424  245028   0.75      0.00      0.00      0.00       0  code
15:14:52     1000    577067    0.00    0.00    0.00    0.00    0.00     8      3.00      0.00 50711564   88336   0.27      0.00      0.00      0.00       0  code
15:14:52     1000    577160    1.00    0.00    0.00    0.00    1.00    13      0.00      0.00 1518795316  715664   2.20      0.00      0.00      0.00       0  code
15:14:52     1000    577170    0.00    0.00    0.00    0.00    0.00    14     17.00      0.00 1520378324  116028   0.36      0.00      0.00      0.00       0  code
15:14:52     1000    577171    0.00    0.00    0.00    0.00    0.00     9     36.00      0.00 1520352992  125004   0.38      0.00      0.00      0.00       0  code
15:14:52     1000    577172    0.00    0.00    0.00    0.00    0.00     1      3.00      0.00 1520369816  113296   0.35      0.00      0.00      0.00       0  code
15:14:52     1000    577241    0.00    0.00    0.00    0.00    0.00    13     16.00      0.00  659564  180740   0.55      0.00     60.00      0.00       0  codex
15:14:52     1000    577320    0.00    0.00    0.00    0.00    0.00    14     12.00      0.00 1520354644  108680   0.33      0.00      0.00      0.00       0  code
15:14:52     1000    853053    1.00    1.00    0.00    0.00    2.00     8     29.00      0.00 55953356  497736   1.53      0.00   1296.00      0.00       0  chrome
15:14:52     1000    853103    4.00    1.00    0.00    0.00    5.00     2     55.00      0.00 55915768  319008   0.98      0.00      0.00      0.00       0  chrome
15:14:52     1000    853105    0.00    0.00    0.00    0.00    0.00     0    251.00      0.00 55069336   94820   0.29      0.00    736.00      0.00       0  chrome
15:14:52     1000    853115    0.00    0.00    0.00    0.00    0.00    12      1.00      0.00 55302144   57000   0.17      0.00      0.00      0.00       0  chrome
15:14:52     1000    881919    1.00    0.00    0.00    0.00    1.00    10      7.00      0.00 1518709688  110484   0.34      0.00      0.00      0.00       0  chrome
15:14:52     1000    881951    1.00    0.00    0.00    0.00    1.00     2      1.00      0.00 55117148   61440   0.19      0.00      0.00      0.00       0  chrome
15:14:52     1000    885261    0.00    0.00    0.00    0.00    0.00     0      6.00      0.00 1518767568  323240   0.99      0.00      0.00      0.00       0  code
15:14:52        0   1049858    0.00    1.00    0.00    0.00    1.00     4      0.00      0.00       0       0   0.00     -1.00     -1.00     -1.00       0  kworker/u64:9-i915
15:14:52     1000   1068542    0.00    0.00    0.00    0.00    0.00     2      1.00      0.00 1518806444  259388   0.80      0.00      0.00      0.00       0  chrome
15:14:52     1000   1073729    0.00    1.00    0.00    0.00    1.00     8      0.00      0.00  877608   71244   0.22      0.00      0.00      0.00       0  python3
15:14:52     1000   1074666    0.00    0.00    0.00    0.00    0.00    12      4.00      0.00 1520369816  130064   0.40      0.00      0.00      0.00       0  code
15:14:52     1000   1074681    1.00    0.00    0.00    0.00    1.00    12     34.00      0.00 1520363292  298696   0.92      0.00      0.00      0.00       0  code
15:14:52     1000   1074725    0.00    0.00    0.00    0.00    0.00    13      1.00      0.00  646384  183628   0.56      0.00      0.00      0.00       0  codex
15:14:52     1000   1075226    1.00    0.00    0.00    0.00    1.00     5     14.00      0.00 1518709156  339872   1.04      0.00      0.00      0.00       0  code
15:14:52     1000   1095170    0.00    0.00    0.00    0.00    0.00    14      0.00      0.00  878284   71376   0.22      0.00      0.00      0.00       0  python3
15:14:52        0   1097682    0.00    1.00    0.00    0.00    1.00    13      0.00      0.00       0       0   0.00     -1.00     -1.00     -1.00       0  kworker/u65:3-hci0
15:14:52     1000   1110618    5.00    1.00    0.00    0.00    6.00    10    224.00      0.00 1518863932  428496   1.32      0.00      0.00      0.00       0  chrome
15:14:52     1000   1111155    0.00    1.00    0.00    0.00    1.00     5      0.00      0.00   12832    5944   0.02      0.00      4.00      0.00       0  pidstat

# Time        UID       PID    %usr %system  %guest   %wait    %CPU   CPU  minflt/s  majflt/s     VSZ     RSS   %MEM   kB_rd/s   kB_wr/s kB_ccwr/s iodelay  Command
15:14:53        0        15    0.00    1.00    0.00    0.00    1.00     1      0.00      0.00       0       0   0.00     -1.00     -1.00     -1.00       0  rcu_preempt
15:14:53        0       464    0.00    1.00    0.00    0.00    1.00    14      0.00      0.00       0       0   0.00     -1.00     -1.00     -1.00       0  kworker/14:1H-i915_cleanup
15:14:53        0       676    0.00    1.00    0.00    0.00    1.00     1      0.00      0.00       0       0   0.00     -1.00     -1.00     -1.00       0  irq/163-rtw89_pci
15:14:53     1000      2324   10.00    3.00    0.00    0.00   13.00     7      0.00      0.00 5557348  382876   1.18      0.00      0.00      0.00       0  gnome-shell
15:14:53     1000      2622    6.00    2.00    0.00    0.00    8.00     6      0.00      0.00 5685392  231952   0.71      0.00      0.00      0.00       0  ToDesk
15:14:53        0      3243    1.00    2.00    0.00    0.00    3.00    14      0.00      0.00 2778564   67968   0.21     -1.00     -1.00     -1.00       0  ToDesk_Service
15:14:53     1000     32140    1.00    1.00    0.00    0.00    2.00    10      0.00      0.00 11729028  750960   2.31      0.00      8.00      0.00       0  com.alibabainc.
15:14:53     1000     45971    0.00    0.00    0.00    0.00    0.00    10      2.00      0.00 50049280  219264   0.67      0.00      0.00      0.00       0  com.alibabainc.
15:14:53        0    332726    0.00    0.00    0.00    0.00    0.00    10      2.00      0.00  361696  237448   0.73     -1.00     -1.00     -1.00       0  systemd-journal
15:14:53     1000    516139    1.00    0.00    0.00    0.00    1.00     0      0.00      0.00 5453760   36764   0.11      0.00      0.00      0.00       0  clash
15:14:53     1000    577014    1.00    1.00    0.00    0.00    2.00     8      1.00      0.00 1521087724  398244   1.22      0.00      0.00      0.00       0  code
15:14:53     1000    577063    4.00    1.00    0.00    0.00    5.00    14     46.00      0.00 51391872  244900   0.75      0.00      0.00      0.00       0  code
15:14:53     1000    577107    0.00    0.00    0.00    0.00    0.00     1      9.00      0.00 1520761120  610696   1.87      0.00      0.00      0.00       0  code
15:14:53     1000    577132    0.00    0.00    0.00    0.00    0.00     2     26.00      0.00 1520364784  380048   1.17      0.00      0.00      0.00       0  code
15:14:53     1000    577160    1.00    1.00    0.00    0.00    2.00     0      1.00      0.00 1518795316  715664   2.20      0.00      0.00      0.00       0  code
15:14:53     1000    577170    0.00    0.00    0.00    1.00    0.00    14      1.00      0.00 1520378324  116028   0.36      0.00      0.00      0.00       0  code
15:14:53     1000    577241    0.00    0.00    0.00    0.00    0.00    13      1.00      0.00  659564  180740   0.55      0.00      0.00      0.00       0  codex
15:14:53     1000    577320    0.00    0.00    0.00    0.00    0.00    14     14.00      0.00 1520354644  108680   0.33      0.00      0.00      0.00       0  code
15:14:53     1000    853053    2.00    0.00    0.00    0.00    2.00     6     36.00      0.00 55953356  496984   1.53      0.00      8.00      0.00       0  chrome
15:14:53     1000    853103    3.00    1.00    0.00    0.00    4.00     6     29.00      0.00 55917292  319008   0.98      0.00      0.00      0.00       0  chrome
15:14:53     1000    853105    1.00    1.00    0.00    0.00    2.00     0    251.00      0.00 55067288   94276   0.29      0.00    844.00      0.00       0  chrome
15:14:53     1000    853115    0.00    0.00    0.00    0.00    0.00    12      2.00      0.00 55302144   57000   0.17      0.00      0.00      0.00       0  chrome
15:14:53     1000    880405    0.00    0.00    0.00    0.00    0.00    12      1.00      0.00 1518901172  358412   1.10      0.00      0.00      0.00       0  chrome
15:14:53        0    940783    0.00    1.00    0.00    0.00    1.00    14      0.00      0.00       0       0   0.00     -1.00     -1.00     -1.00       0  kworker/14:1-events
15:14:53        0   1049858    0.00    1.00    0.00    0.00    1.00     0      0.00      0.00       0       0   0.00     -1.00     -1.00     -1.00       0  kworker/u64:9-i915
15:14:53     1000   1068542    0.00    1.00    0.00    0.00    1.00     2      4.00      0.00 1518806444  259388   0.80      0.00      0.00      0.00       0  chrome
15:14:53     1000   1075226    1.00    0.00    0.00    0.00    1.00    14    112.00      0.00 1518709156  339872   1.04      0.00      0.00      0.00       0  code
15:14:53     1000   1110618    5.00    1.00    0.00    0.00    6.00     2   1430.00      0.00 1518861884  429912   1.32      0.00      0.00      0.00       0  chrome
15:14:53     1000   1111155    0.00    0.00    0.00    0.00    0.00     5      0.00      0.00   12832    5944   0.02      0.00      8.00      0.00       0  pidstat

# Time        UID       PID    %usr %system  %guest   %wait    %CPU   CPU  minflt/s  majflt/s     VSZ     RSS   %MEM   kB_rd/s   kB_wr/s kB_ccwr/s iodelay  Command
15:14:54        0        42    0.00    1.00    0.00    0.00    1.00     8      0.00      0.00       0       0   0.00     -1.00     -1.00     -1.00       0  migration/8
15:14:54        0      1071    1.00    0.00    0.00    0.00    1.00     8      0.00      0.00   15268    7648   0.02     -1.00     -1.00     -1.00       0  bluetoothd
15:14:54     1000      2324   16.00    2.00    0.00    0.00   18.00    10     11.00      0.00 5557352  382876   1.18      0.00      0.00      0.00       0  gnome-shell
15:14:54     1000      2622    5.00    3.00    0.00    0.00    8.00     6      0.00      0.00 5685392  231952   0.71      0.00      0.00      0.00       0  ToDesk
15:14:54        0      3243    1.00    2.00    0.00    0.00    3.00    14      0.00      0.00 2778564   67968   0.21     -1.00     -1.00     -1.00       0  ToDesk_Service
15:14:54     1000     10251    0.00    0.00    0.00    0.00    0.00    12      3.00      0.00 34566360  113132   0.35      0.00      0.00      0.00       0  github-desktop
15:14:54     1000     32140    2.00    0.00    0.00    0.00    2.00    15      0.00      0.00 11729028  750960   2.31      0.00      0.00      0.00       0  com.alibabainc.
15:14:54     1000     45971    1.00    0.00    0.00    0.00    1.00    12      1.00      0.00 50049280  219264   0.67      0.00      0.00      0.00       0  com.alibabainc.
15:14:54        0    332726    0.00    0.00    0.00    0.00    0.00    12      1.00      0.00  361696  237448   0.73     -1.00     -1.00     -1.00       0  systemd-journal
15:14:54     1000    425666    0.00    0.00    0.00    0.00    0.00     6      2.00      0.00 50028472  262052   0.80      0.00      0.00      0.00       0  com.alibabainc.
15:14:54     1000    425773    0.00    0.00    0.00    0.00    0.00     2      1.00      0.00 51063092  393068   1.21      0.00      0.00      0.00       0  com.alibabainc.
15:14:54     1000    577014    1.00    0.00    0.00    0.00    1.00     2     14.00      0.00 1521087724  398244   1.22      0.00      0.00      0.00       0  code
15:14:54     1000    577063    4.00    1.00    0.00    0.00    5.00     1     15.00      0.00 51391424  245028   0.75      0.00      0.00      0.00       0  code
15:14:54     1000    577160    1.00    0.00    0.00    0.00    1.00     2     81.00      0.00 1518795316  715664   2.20      0.00      0.00      0.00       0  code
15:14:54     1000    853053    2.00    1.00    0.00    0.00    3.00    11      7.00      0.00 55953356  496984   1.53      0.00     64.00      0.00       0  chrome
15:14:54     1000    853103    4.00    1.00    0.00    0.00    5.00     6     75.00      0.00 55915224  319392   0.98      0.00      0.00      0.00       0  chrome
15:14:54     1000    853105    0.00    0.00    0.00    0.00    0.00     0     10.00      0.00 55067288   94276   0.29      0.00     16.00      0.00       0  chrome
15:14:54     1000    856924    0.00    0.00    0.00    0.00    0.00     2      0.00      0.00 1518794828  253732   0.78      0.00      0.00      0.00       0  chrome
15:14:54     1000    888233    2.00    1.00    0.00    0.00    3.00    10      1.00      0.00 1754140  368608   1.13      0.00      0.00      0.00       0  gnome-system-mo
15:14:54        0   1049858    0.00    2.00    0.00    0.00    2.00     6      0.00      0.00       0       0   0.00     -1.00     -1.00     -1.00       0  kworker/u64:9-i915
15:14:54     1000   1068542    0.00    0.00    0.00    0.00    0.00     0      1.00      0.00 1518806444  259388   0.80      0.00      0.00      0.00       0  chrome
15:14:54     1000   1074666    0.00    0.00    0.00    0.00    0.00    12      1.00      0.00 1520369816  130064   0.40      0.00      0.00      0.00       0  code
15:14:54     1000   1074725    1.00    0.00    0.00    0.00    1.00    13      0.00      0.00  646384  183628   0.56      0.00      0.00      0.00       0  codex
15:14:54     1000   1075226    2.00    1.00    0.00    0.00    3.00     3      7.00      0.00 1518709156  339872   1.04      0.00      0.00      0.00       0  code
15:14:54     1000   1095170    1.00    0.00    0.00    0.00    1.00    14      0.00      0.00  878284   71376   0.22      0.00      0.00      0.00       0  python3
15:14:54        0   1101398    0.00    1.00    0.00    0.00    1.00     0      0.00      0.00       0       0   0.00     -1.00     -1.00     -1.00       0  kworker/u64:0-events_unbound
15:14:54     1000   1110618    8.00    2.00    0.00    0.00   10.00     0    627.00      0.00 1518861884  430244   1.32      0.00      0.00      0.00       0  chrome
15:14:54     1000   1111155    0.00    1.00    0.00    0.00    1.00     5      0.00      0.00   12832    5944   0.02      0.00      4.00      0.00       0  pidstat
