[INFO] [launch]: All log files can be found below /home/wei/.ros/log/2026-08-06-14-50-13-155829-wei-330710
[INFO] [launch]: Default logging verbosity is set to INFO
[INFO] [gazebo-1]: process started with pid [330723]
[INFO] [parameter_bridge-2]: process started with pid [330724]
[INFO] [parameter_bridge-3]: process started with pid [330726]
[INFO] [scan_planner_node-4]: process started with pid [330727]
[INFO] [robot_state_publisher-5]: process started with pid [330728]
[INFO] [closed_loop_controller-6]: process started with pid [330729]
[INFO] [go2_kinematic_sim-7]: process started with pid [330730]
[INFO] [create-8]: process started with pid [330731]
[INFO] [loop_path_publisher.py-9]: process started with pid [330734]
[INFO] [terrain_path_visualizer-10]: process started with pid [330735]
[INFO] [rviz2-11]: process started with pid [330736]
[go2_kinematic_sim-7] [INFO] [1785999013.624000193] [go2_kinematic_sim]: Go2 kinematic simulator ready
[robot_state_publisher-5] [INFO] [1785999013.632458165] [go2_robot_state_publisher]: Robot initialized
[create-8] [INFO] [1785999013.642789225] [ros_gz_sim]: Requesting list of world names.
[closed_loop_controller-6] [INFO] [1785999013.647806142] [closed_loop_controller]: Closed-loop controller ready
[parameter_bridge-3] [INFO] [1785999013.650504321] [gazebo_pose_service_bridge]: Creating ROS->GZ service bridge [/world/scan_demo/set_pose (ros_gz_interfaces/srv/SetEntityPose -> /)]
[scan_planner_node-4] hit: 1.7346
[scan_planner_node-4] miss: -0.847298
[scan_planner_node-4] min log: -1.99243
[scan_planner_node-4] max: 3.89182
[scan_planner_node-4] thresh log: 1.38629
[gazebo-1] [1;32m[Msg] [0m[1;32mGazebo Sim GUI    v[0m[1;32m8.11.0[0m[1;32m[0m
[gazebo-1] [1;32m[Msg] [0m[1;32mDetected Wayland. Setting Qt to use the xcb plugin: [0m[1;32m'QT_QPA_PLATFORM=xcb'.[0m[1;32m[0m
[gazebo-1] [1;32m[Msg] [0m[1;32mReceived world [[0m[1;32m/home/wei/github_code/SCAN-Planner-Ros2/install/go2_description/share/go2_description/worlds/scan_demo.sdf[0m[1;32m] from the GUI.[0m[1;32m[0m
[gazebo-1] [1;32m[Msg] [0m[1;32mGazebo Sim Server v[0m[1;32m8.11.0[0m[1;32m[0m
[gazebo-1] [1;32m[Msg] [0m[1;32mLoading SDF world file[[0m[1;32m/home/wei/github_code/SCAN-Planner-Ros2/install/go2_description/share/go2_description/worlds/scan_demo.sdf[0m[1;32m].[0m
[rviz2-11] [INFO] [1785999013.937997632] [rviz2]: Stereo is NOT SUPPORTED
[rviz2-11] [INFO] [1785999013.938071653] [rviz2]: OpenGl version: 4.6 (GLSL 4.6)
[rviz2-11] [INFO] [1785999013.966704945] [rviz2]: Stereo is NOT SUPPORTED
[rviz2-11] [INFO] [1785999014.076787408] [rviz]: Subscribing to: /grid_map/occupancy_inflate
[rviz2-11] 
[rviz2-11] [INFO] [1785999014.089063968] [rviz]: Subscribing to: /grid_map/occupancy_inflate
[rviz2-11] 
[gazebo-1] [1;32m[Msg] [0m[1;32mServing entity system service on [[0m[1;32m/[0m[1;32mentity/system/add[0m[1;32m][0m[1;32m[0m
[loop_path_publisher.py-9] [INFO] [1785999014.171483347] [loop_path_publisher]: Waiting to publish one-way route with 31 dense points
[gazebo-1] [1;32m[Msg] [0m[1;32mCreate[0m[1;32m service on [[0m[1;32m/world/scan_demo/create_multiple[0m[1;32m] (async)[0m[1;32m[0m
[gazebo-1] [1;32m[Msg] [0m[1;32mCreate[0m[1;32m service on [[0m[1;32m/world/scan_demo/create_multiple/blocking[0m[1;32m] (blocking)[0m[1;32m[0m
[gazebo-1] [1;32m[Msg] [0m[1;32mRemove[0m[1;32m service on [[0m[1;32m/world/scan_demo/remove[0m[1;32m] (async)[0m[1;32m[0m
[gazebo-1] [1;32m[Msg] [0m[1;32mRemove[0m[1;32m service on [[0m[1;32m/world/scan_demo/remove/blocking[0m[1;32m] (blocking)[0m[1;32m[0m
[gazebo-1] [1;32m[Msg] [0m[1;32mPose[0m[1;32m service on [[0m[1;32m/world/scan_demo/set_pose[0m[1;32m] (async)[0m[1;32m[0m
[gazebo-1] [1;32m[Msg] [0m[1;32mPose[0m[1;32m service on [[0m[1;32m/world/scan_demo/set_pose/blocking[0m[1;32m] (blocking)[0m[1;32m[0m
[gazebo-1] [1;32m[Msg] [0m[1;32mPose[0m[1;32m service on [[0m[1;32m/world/scan_demo/set_pose_vector[0m[1;32m] (async)[0m[1;32m[0m
[gazebo-1] [1;32m[Msg] [0m[1;32mPose[0m[1;32m service on [[0m[1;32m/world/scan_demo/set_pose_vector/blocking[0m[1;32m] (blocking)[0m[1;32m[0m
[gazebo-1] [1;32m[Msg] [0m[1;32mLight configuration[0m[1;32m service on [[0m[1;32m/world/scan_demo/light_config[0m[1;32m] (async)[0m[1;32m[0m
[gazebo-1] [1;32m[Msg] [0m[1;32mLight configuration[0m[1;32m service on [[0m[1;32m/world/scan_demo/light_config/blocking[0m[1;32m] (blocking)[0m[1;32m[0m
[gazebo-1] [1;32m[Msg] [0m[1;32mPhysics[0m[1;32m service on [[0m[1;32m/world/scan_demo/set_physics[0m[1;32m] (async)[0m[1;32m[0m
[gazebo-1] [1;32m[Msg] [0m[1;32mPhysics[0m[1;32m service on [[0m[1;32m/world/scan_demo/set_physics/blocking[0m[1;32m] (blocking)[0m[1;32m[0m
[gazebo-1] [1;32m[Msg] [0m[1;32mSphericalCoordinates[0m[1;32m service on [[0m[1;32m/world/scan_demo/set_spherical_coordinates[0m[1;32m] (async)[0m[1;32m[0m
[gazebo-1] [1;32m[Msg] [0m[1;32mSphericalCoordinates[0m[1;32m service on [[0m[1;32m/world/scan_demo/set_spherical_coordinates/blocking[0m[1;32m] (blocking)[0m[1;32m[0m
[gazebo-1] [1;32m[Msg] [0m[1;32mEnable collision[0m[1;32m service on [[0m[1;32m/world/scan_demo/enable_collision[0m[1;32m] (async)[0m[1;32m[0m
[gazebo-1] [1;32m[Msg] [0m[1;32mEnable collision[0m[1;32m service on [[0m[1;32m/world/scan_demo/enable_collision/blocking[0m[1;32m] (blocking)[0m[1;32m[0m
[gazebo-1] [1;32m[Msg] [0m[1;32mDisable collision[0m[1;32m service on [[0m[1;32m/world/scan_demo/disable_collision[0m[1;32m] (async)[0m[1;32m[0m
[gazebo-1] [1;32m[Msg] [0m[1;32mDisable collision[0m[1;32m service on [[0m[1;32m/world/scan_demo/disable_collision/blocking[0m[1;32m] (blocking)[0m[1;32m[0m
[gazebo-1] [1;32m[Msg] [0m[1;32mMaterial[0m[1;32m service on [[0m[1;32m/world/scan_demo/visual_config[0m[1;32m] (async)[0m[1;32m[0m
[gazebo-1] [1;32m[Msg] [0m[1;32mMaterial[0m[1;32m service on [[0m[1;32m/world/scan_demo/visual_config/blocking[0m[1;32m] (blocking)[0m[1;32m[0m
[gazebo-1] [1;32m[Msg] [0m[1;32mMaterial[0m[1;32m service on [[0m[1;32m/world/scan_demo/wheel_slip[0m[1;32m] (async)[0m[1;32m[0m
[gazebo-1] [1;32m[Msg] [0m[1;32mMaterial[0m[1;32m service on [[0m[1;32m/world/scan_demo/wheel_slip/blocking[0m[1;32m] (blocking)[0m[1;32m[0m
[gazebo-1] [1;32m[Msg] [0m[1;32mLoaded level [[0m[1;32mdefault[0m[1;32m][0m[1;32m[0m
[gazebo-1] [1;32m[Msg] [0m[1;32mServing world controls on [[0m[1;32m/world/scan_demo[0m[1;32m/control], [[0m[1;32m/world/scan_demo[0m[1;32m/control/state] and [[0m[1;32m/world/scan_demo[0m[1;32m/playback/control][0m[1;32m[0m
[gazebo-1] [1;32m[Msg] [0m[1;32mServing GUI information on [[0m[1;32m/world/scan_demo[0m[1;32m/[0m[1;32mgui/info[0m[1;32m][0m[1;32m[0m
[gazebo-1] [1;32m[Msg] [0m[1;32mWorld [[0m[1;32mscan_demo[0m[1;32m] initialized with [[0m[1;32m1ms[0m[1;32m] physics profile.[0m[1;32m[0m
[gazebo-1] [1;32m[Msg] [0m[1;32mServing world SDF generation service on [[0m[1;32m/world/scan_demo[0m[1;32m/[0m[1;32mgenerate_world_sdf[0m[1;32m][0m[1;32m[0m
[gazebo-1] [1;32m[Msg] [0m[1;32mServing world names on [[0m[1;32m/gazebo/worlds[0m[1;32m][0m[1;32m[0m
[gazebo-1] [1;32m[Msg] [0m[1;32mResource path add service on [[0m[1;32m/gazebo/resource_paths/add[0m[1;32m].[0m[1;32m[0m
[gazebo-1] [1;32m[Msg] [0m[1;32mResource path get service on [[0m[1;32m/gazebo/resource_paths/get[0m[1;32m].[0m[1;32m[0m
[gazebo-1] [1;32m[Msg] [0m[1;32mResource path resolve service on [[0m[1;32m/gazebo/resource_paths/resolve[0m[1;32m].[0m[1;32m[0m
[gazebo-1] [1;32m[Msg] [0m[1;32mResource paths published on [[0m[1;32m/gazebo/resource_paths[0m[1;32m].[0m[1;32m[0m
[gazebo-1] [1;32m[Msg] [0m[1;32mServer control service on [[0m[1;32m/server_control[0m[1;32m].[0m[1;32m[0m
[gazebo-1] [1;33m[GUI] [Wrn] [Application.cc:908] [0m[1;33m[QT] file:///usr/lib/x86_64-linux-gnu/qt5/qml/QtQuick/Dialogs/DefaultFileDialog.qml:413:17: QML ToolButton: Binding loop detected for property "implicitHeight"[0m[1;33m[0m
[gazebo-1] [1;33m[GUI] [Wrn] [Application.cc:908] [0m[1;33m[QT] file:///usr/lib/x86_64-linux-gnu/qt5/qml/QtQuick/Dialogs/DefaultFileDialog.qml:309:21: QML Button: Binding loop detected for property "implicitHeight"[0m[1;33m[0m
[gazebo-1] [1;33m[GUI] [Wrn] [Application.cc:908] [0m[1;33m[QT] file:///usr/lib/x86_64-linux-gnu/qt5/qml/QtQuick/Dialogs/DefaultFileDialog.qml:309:21: QML Button: Binding loop detected for property "implicitHeight"[0m[1;33m[0m
[gazebo-1] [1;33m[GUI] [Wrn] [Application.cc:908] [0m[1;33m[QT] file:///usr/lib/x86_64-linux-gnu/qt5/qml/QtQuick/Dialogs/DefaultFileDialog.qml:413:17: QML ToolButton: Binding loop detected for property "implicitHeight"[0m[1;33m[0m
[gazebo-1] [1;33m[GUI] [Wrn] [Application.cc:908] [0m[1;33m[QT] file:///usr/lib/x86_64-linux-gnu/qt5/qml/QtQuick/Dialogs/DefaultFileDialog.qml:309:21: QML Button: Binding loop detected for property "implicitHeight"[0m[1;33m[0m
[gazebo-1] [1;33m[GUI] [Wrn] [Application.cc:908] [0m[1;33m[QT] file:///usr/lib/x86_64-linux-gnu/qt5/qml/QtQuick/Dialogs/DefaultFileDialog.qml:309:21: QML Button: Binding loop detected for property "implicitHeight"[0m[1;33m[0m
[gazebo-1] [1;33m[GUI] [Wrn] [Application.cc:908] [0m[1;33m[QT] file:///usr/lib/x86_64-linux-gnu/qt5/qml/QtQuick/Dialogs/DefaultFileDialog.qml:413:17: QML ToolButton: Binding loop detected for property "implicitHeight"[0m[1;33m[0m
[gazebo-1] [1;33m[GUI] [Wrn] [Application.cc:908] [0m[1;33m[QT] file:///usr/lib/x86_64-linux-gnu/qt5/qml/QtQuick/Dialogs/DefaultFileDialog.qml:309:21: QML Button: Binding loop detected for property "implicitHeight"[0m[1;33m[0m
[gazebo-1] [1;33m[GUI] [Wrn] [Application.cc:908] [0m[1;33m[QT] file:///usr/lib/x86_64-linux-gnu/qt5/qml/QtQuick/Dialogs/DefaultFileDialog.qml:309:21: QML Button: Binding loop detected for property "implicitHeight"[0m[1;33m[0m
[create-8] [INFO] [1785999014.469191671] [ros_gz_sim]: Waiting messages on topic [robot_description].
[create-8] [INFO] [1785999014.568095465] [ros_gz_sim]: Entity creation successful.
[terrain_path_visualizer-10] [INFO] [1785999014.589352775] [terrain_path_segmenter]: Waiting for a global path; visualization only, no command output
[parameter_bridge-2] [INFO] [1785999014.646930522] [go2_gz_bridge]: Creating GZ->ROS Bridge: [/clock (gz.msgs.Clock) -> /clock (rosgraph_msgs/msg/Clock)] (Lazy 0)
[parameter_bridge-2] [INFO] [1785999014.648687805] [go2_gz_bridge]: Creating GZ->ROS Bridge: [/go2/imu (gz.msgs.IMU) -> /go2/imu (sensor_msgs/msg/Imu)] (Lazy 0)
[parameter_bridge-2] [INFO] [1785999014.651544943] [go2_gz_bridge]: Creating GZ->ROS Bridge: [/go2/lidar (gz.msgs.LaserScan) -> /go2/lidar/scan (sensor_msgs/msg/LaserScan)] (Lazy 0)
[parameter_bridge-2] [INFO] [1785999014.652265992] [go2_gz_bridge]: Creating GZ->ROS Bridge: [/go2/lidar/points (gz.msgs.PointCloudPacked) -> /go2/lidar/points (sensor_msgs/msg/PointCloud2)] (Lazy 0)
[gazebo-1] [1;32m[GUI] [0m[1;32m[Msg] [0m[1;32mLoading config [[0m[1;32m/home/wei/.gz/sim/8/gui.config[0m[1;32m][0m[1;32m[0m
[INFO] [create-8]: process has finished cleanly [pid 330731]
[gazebo-1] [1;32m[GUI] [0m[1;32m[Msg] [0m[1;32mAdded plugin [[0m[1;32m3D View[0m[1;32m] to main window[0m[1;32m[0m
[gazebo-1] [1;32m[GUI] [0m[1;32m[Msg] [0m[1;32mLoaded plugin [[0m[1;32mMinimalScene[0m[1;32m] from path [[0m[1;32m/opt/ros/jazzy/opt/gz_gui_vendor/lib/gz-gui-8/plugins/libMinimalScene.so[0m[1;32m][0m[1;32m[0m
[gazebo-1] [1;32m[GUI] [0m[1;32m[Msg] [0m[1;32mCurrently tracking topic on [[0m[1;32m/gui/currently_tracked[0m[1;32m][0m[1;32m[0m
[gazebo-1] [1;32m[GUI] [0m[1;32m[Msg] [0m[1;32mAdded plugin [[0m[1;32mEntity Context Menu[0m[1;32m] to main window[0m[1;32m[0m
[gazebo-1] [1;32m[GUI] [0m[1;32m[Msg] [0m[1;32mLoaded plugin [[0m[1;32mEntityContextMenuPlugin[0m[1;32m] from path [[0m[1;32m/opt/ros/jazzy/opt/gz_sim_vendor/lib/gz-sim-8/plugins/gui/libEntityContextMenuPlugin.so[0m[1;32m][0m[1;32m[0m
[gazebo-1] [1;32m[GUI] [0m[1;32m[Msg] [0m[1;32mAdded plugin [[0m[1;32mScene Manager[0m[1;32m] to main window[0m[1;32m[0m
[gazebo-1] [1;32m[GUI] [0m[1;32m[Msg] [0m[1;32mLoaded plugin [[0m[1;32mGzSceneManager[0m[1;32m] from path [[0m[1;32m/opt/ros/jazzy/opt/gz_sim_vendor/lib/gz-sim-8/plugins/gui/libGzSceneManager.so[0m[1;32m][0m[1;32m[0m
[gazebo-1] [1;32m[GUI] [0m[1;32m[Msg] [0m[1;32mCamera view controller topic advertised on [[0m[1;32m/gui/camera/view_control[0m[1;32m][0m[1;32m[0m
[gazebo-1] [1;32m[GUI] [0m[1;32m[Msg] [0m[1;32mCamera reference visual topic advertised on [[0m[1;32m/gui/camera/view_control/reference_visual[0m[1;32m][0m[1;32m[0m
[gazebo-1] [1;32m[GUI] [0m[1;32m[Msg] [0m[1;32mCamera view control sensitivity advertised on [[0m[1;32m/gui/camera/view_control/sensitivity[0m[1;32m][0m[1;32m[0m
[gazebo-1] [1;32m[GUI] [0m[1;32m[Msg] [0m[1;32mAdded plugin [[0m[1;32mInteractive view control[0m[1;32m] to main window[0m[1;32m[0m
[gazebo-1] [1;32m[GUI] [0m[1;32m[Msg] [0m[1;32mLoaded plugin [[0m[1;32mInteractiveViewControl[0m[1;32m] from path [[0m[1;32m/opt/ros/jazzy/opt/gz_gui_vendor/lib/gz-gui-8/plugins/libInteractiveViewControl.so[0m[1;32m][0m[1;32m[0m
[gazebo-1] [1;32m[GUI] [0m[1;32m[Msg] [0m[1;32mAdded plugin [[0m[1;32mCamera tracking[0m[1;32m] to main window[0m[1;32m[0m
[gazebo-1] [1;32m[GUI] [0m[1;32m[Msg] [0m[1;32mLoaded plugin [[0m[1;32mCameraTracking[0m[1;32m] from path [[0m[1;32m/opt/ros/jazzy/opt/gz_gui_vendor/lib/gz-gui-8/plugins/libCameraTracking.so[0m[1;32m][0m[1;32m[0m
[gazebo-1] [1;32m[GUI] [0m[1;32m[Msg] [0m[1;32mListening to stats on [[0m[1;32m/world/scan_demo/stats[0m[1;32m][0m[1;32m[0m
[gazebo-1] [1;32m[GUI] [0m[1;32m[Msg] [0m[1;32mAdded plugin [[0m[1;32mMarker Manager[0m[1;32m] to main window[0m[1;32m[0m
[gazebo-1] [1;32m[GUI] [0m[1;32m[Msg] [0m[1;32mLoaded plugin [[0m[1;32mMarkerManager[0m[1;32m] from path [[0m[1;32m/opt/ros/jazzy/opt/gz_gui_vendor/lib/gz-gui-8/plugins/libMarkerManager.so[0m[1;32m][0m[1;32m[0m
[gazebo-1] [1;32m[GUI] [0m[1;32m[Msg] [0m[1;32mAdded plugin [[0m[1;32mSelect entities[0m[1;32m] to main window[0m[1;32m[0m
[gazebo-1] [1;32m[GUI] [0m[1;32m[Msg] [0m[1;32mLoaded plugin [[0m[1;32mSelectEntities[0m[1;32m] from path [[0m[1;32m/opt/ros/jazzy/opt/gz_sim_vendor/lib/gz-sim-8/plugins/gui/libSelectEntities.so[0m[1;32m][0m[1;32m[0m
[gazebo-1] [1;32m[GUI] [0m[1;32m[Msg] [0m[1;32mAdded plugin [[0m[1;32mSpawn[0m[1;32m] to main window[0m[1;32m[0m
[gazebo-1] [1;32m[GUI] [0m[1;32m[Msg] [0m[1;32mLoaded plugin [[0m[1;32mSpawn[0m[1;32m] from path [[0m[1;32m/opt/ros/jazzy/opt/gz_sim_vendor/lib/gz-sim-8/plugins/gui/libSpawn.so[0m[1;32m][0m[1;32m[0m
[gazebo-1] [1;32m[GUI] [0m[1;32m[Msg] [0m[1;32mView as transparent service on [[0m[1;32m/gui/view/transparent[0m[1;32m][0m[1;32m[0m
[gazebo-1] [1;32m[GUI] [0m[1;32m[Msg] [0m[1;32mView as wireframes service on [[0m[1;32m/gui/view/wireframes[0m[1;32m][0m[1;32m[0m
[gazebo-1] [1;32m[GUI] [0m[1;32m[Msg] [0m[1;32mView center of mass service on [[0m[1;32m/gui/view/com[0m[1;32m][0m[1;32m[0m
[gazebo-1] [1;32m[GUI] [0m[1;32m[Msg] [0m[1;32mView inertia service on [[0m[1;32m/gui/view/inertia[0m[1;32m][0m[1;32m[0m
[gazebo-1] [1;32m[GUI] [0m[1;32m[Msg] [0m[1;32mView collisions service on [[0m[1;32m/gui/view/collisions[0m[1;32m][0m[1;32m[0m
[gazebo-1] [1;32m[GUI] [0m[1;32m[Msg] [0m[1;32mView joints service on [[0m[1;32m/gui/view/joints[0m[1;32m][0m[1;32m[0m
[gazebo-1] [1;32m[GUI] [0m[1;32m[Msg] [0m[1;32mView frames service on [[0m[1;32m/gui/view/frames[0m[1;32m][0m[1;32m[0m
[gazebo-1] [1;32m[GUI] [0m[1;32m[Msg] [0m[1;32mAdded plugin [[0m[1;32mVisualization capabilities[0m[1;32m] to main window[0m[1;32m[0m
[gazebo-1] [1;32m[GUI] [0m[1;32m[Msg] [0m[1;32mLoaded plugin [[0m[1;32mVisualizationCapabilities[0m[1;32m] from path [[0m[1;32m/opt/ros/jazzy/opt/gz_sim_vendor/lib/gz-sim-8/plugins/gui/libVisualizationCapabilities.so[0m[1;32m][0m[1;32m[0m
[gazebo-1] [1;32m[GUI] [0m[1;32m[Msg] [0m[1;32mUsing world control service [[0m[1;32m/world/scan_demo/control[0m[1;32m][0m[1;32m[0m
[gazebo-1] [1;32m[GUI] [0m[1;32m[Msg] [0m[1;32mListening to stats on [[0m[1;32m/world/scan_demo/stats[0m[1;32m][0m[1;32m[0m
[gazebo-1] [1;32m[GUI] [0m[1;32m[Msg] [0m[1;32mAdded plugin [[0m[1;32mWorld control[0m[1;32m] to main window[0m[1;32m[0m
[gazebo-1] [1;32m[GUI] [0m[1;32m[Msg] [0m[1;32mLoaded plugin [[0m[1;32mWorldControl[0m[1;32m] from path [[0m[1;32m/opt/ros/jazzy/opt/gz_gui_vendor/lib/gz-gui-8/plugins/libWorldControl.so[0m[1;32m][0m[1;32m[0m
[gazebo-1] [1;32m[GUI] [0m[1;32m[Msg] [0m[1;32mListening to stats on [[0m[1;32m/world/scan_demo/stats[0m[1;32m][0m[1;32m[0m
[gazebo-1] [1;32m[GUI] [0m[1;32m[Msg] [0m[1;32mAdded plugin [[0m[1;32mWorld stats[0m[1;32m] to main window[0m[1;32m[0m
[gazebo-1] [1;32m[GUI] [0m[1;32m[Msg] [0m[1;32mLoaded plugin [[0m[1;32mWorldStats[0m[1;32m] from path [[0m[1;32m/opt/ros/jazzy/opt/gz_gui_vendor/lib/gz-gui-8/plugins/libWorldStats.so[0m[1;32m][0m[1;32m[0m
[gazebo-1] [1;32m[GUI] [0m[1;32m[Msg] [0m[1;32mAdded plugin [[0m[1;32mShapes[0m[1;32m] to main window[0m[1;32m[0m
[gazebo-1] [1;32m[GUI] [0m[1;32m[Msg] [0m[1;32mLoaded plugin [[0m[1;32mShapes[0m[1;32m] from path [[0m[1;32m/opt/ros/jazzy/opt/gz_sim_vendor/lib/gz-sim-8/plugins/gui/libShapes.so[0m[1;32m][0m[1;32m[0m
[gazebo-1] [1;32m[GUI] [0m[1;32m[Msg] [0m[1;32mAdded plugin [[0m[1;32mLights[0m[1;32m] to main window[0m[1;32m[0m
[gazebo-1] [1;32m[GUI] [0m[1;32m[Msg] [0m[1;32mLoaded plugin [[0m[1;32mLights[0m[1;32m] from path [[0m[1;32m/opt/ros/jazzy/opt/gz_sim_vendor/lib/gz-sim-8/plugins/gui/libLights.so[0m[1;32m][0m[1;32m[0m
[gazebo-1] [1;32m[GUI] [0m[1;32m[Msg] [0m[1;32mAdded plugin [[0m[1;32mTransform control[0m[1;32m] to main window[0m[1;32m[0m
[gazebo-1] [1;32m[GUI] [0m[1;32m[Msg] [0m[1;32mLoaded plugin [[0m[1;32mTransformControl[0m[1;32m] from path [[0m[1;32m/opt/ros/jazzy/opt/gz_sim_vendor/lib/gz-sim-8/plugins/gui/libTransformControl.so[0m[1;32m][0m[1;32m[0m
[gazebo-1] [1;33m[GUI] [Wrn] [Application.cc:908] [0m[1;33m[QT] file:///usr/lib/x86_64-linux-gnu/qt5/qml/QtQuick/Dialogs/DefaultFileDialog.qml:413:17: QML ToolButton: Binding loop detected for property "implicitHeight"[0m[1;33m[0m
[gazebo-1] [1;33m[GUI] [Wrn] [Application.cc:908] [0m[1;33m[QT] file:///usr/lib/x86_64-linux-gnu/qt5/qml/QtQuick/Dialogs/DefaultFileDialog.qml:309:21: QML Button: Binding loop detected for property "implicitHeight"[0m[1;33m[0m
[gazebo-1] [1;33m[GUI] [Wrn] [Application.cc:908] [0m[1;33m[QT] file:///usr/lib/x86_64-linux-gnu/qt5/qml/QtQuick/Dialogs/DefaultFileDialog.qml:309:21: QML Button: Binding loop detected for property "implicitHeight"[0m[1;33m[0m
[gazebo-1] [1;32m[GUI] [0m[1;32m[Msg] [0m[1;32mScreenshot service on [[0m[1;32m/gui/screenshot[0m[1;32m][0m[1;32m[0m
[gazebo-1] [1;32m[GUI] [0m[1;32m[Msg] [0m[1;32mAdded plugin [[0m[1;32mScreenshot[0m[1;32m] to main window[0m[1;32m[0m
[gazebo-1] [1;32m[GUI] [0m[1;32m[Msg] [0m[1;32mLoaded plugin [[0m[1;32mScreenshot[0m[1;32m] from path [[0m[1;32m/opt/ros/jazzy/opt/gz_gui_vendor/lib/gz-gui-8/plugins/libScreenshot.so[0m[1;32m][0m[1;32m[0m
[gazebo-1] [1;32m[GUI] [0m[1;32m[Msg] [0m[1;32mAdded plugin [[0m[1;32mCopy/Paste[0m[1;32m] to main window[0m[1;32m[0m
[gazebo-1] [1;32m[GUI] [0m[1;32m[Msg] [0m[1;32mLoaded plugin [[0m[1;32mCopyPaste[0m[1;32m] from path [[0m[1;32m/opt/ros/jazzy/opt/gz_sim_vendor/lib/gz-sim-8/plugins/gui/libCopyPaste.so[0m[1;32m][0m[1;32m[0m
[gazebo-1] [1;33m[GUI] [Wrn] [Application.cc:908] [0m[1;33m[QT] file::/ComponentInspector/ComponentInspector.qml:251:3: QML Dialog: Binding loop detected for property "implicitHeight"[0m[1;33m[0m
[gazebo-1] [1;32m[GUI] [0m[1;32m[Msg] [0m[1;32mAdded plugin [[0m[1;32mComponent inspector[0m[1;32m] to main window[0m[1;32m[0m
[gazebo-1] [1;32m[GUI] [0m[1;32m[Msg] [0m[1;32mLoaded plugin [[0m[1;32mComponentInspector[0m[1;32m] from path [[0m[1;32m/opt/ros/jazzy/opt/gz_sim_vendor/lib/gz-sim-8/plugins/gui/libComponentInspector.so[0m[1;32m][0m[1;32m[0m
[gazebo-1] [1;32m[GUI] [0m[1;32m[Msg] [0m[1;32mCurrently tracking topic on [[0m[1;32m/gui/currently_tracked[0m[1;32m][0m[1;32m[0m
[gazebo-1] [1;33m[GUI] [Wrn] [Application.cc:908] [0m[1;33m[QT] file:///usr/lib/x86_64-linux-gnu/qt5/qml/QtQuick/Dialogs/DefaultFileDialog.qml:413:17: QML ToolButton: Binding loop detected for property "implicitHeight"[0m[1;33m[0m
[gazebo-1] [1;33m[GUI] [Wrn] [Application.cc:908] [0m[1;33m[QT] file:///usr/lib/x86_64-linux-gnu/qt5/qml/QtQuick/Dialogs/DefaultFileDialog.qml:309:21: QML Button: Binding loop detected for property "implicitHeight"[0m[1;33m[0m
[gazebo-1] [1;33m[GUI] [Wrn] [Application.cc:908] [0m[1;33m[QT] file:///usr/lib/x86_64-linux-gnu/qt5/qml/QtQuick/Dialogs/DefaultFileDialog.qml:309:21: QML Button: Binding loop detected for property "implicitHeight"[0m[1;33m[0m
[gazebo-1] [1;32m[GUI] [0m[1;32m[Msg] [0m[1;32mAdded plugin [[0m[1;32mEntity tree[0m[1;32m] to main window[0m[1;32m[0m
[gazebo-1] [1;32m[GUI] [0m[1;32m[Msg] [0m[1;32mLoaded plugin [[0m[1;32mEntityTree[0m[1;32m] from path [[0m[1;32m/opt/ros/jazzy/opt/gz_sim_vendor/lib/gz-sim-8/plugins/gui/libEntityTree.so[0m[1;32m][0m[1;32m[0m
[gazebo-1] [1;32m[GUI] [0m[1;32m[Msg] [0m[1;32mUsing server control service [[0m[1;32m/server_control[0m[1;32m][0m[1;32m[0m
[gazebo-1] [1;33m[GUI] [Wrn] [Application.cc:908] [0m[1;33m[QT] file::/WorldStats/WorldStats.qml:53:3: QML RowLayout: Binding loop detected for property "x"[0m[1;33m[0m
[gazebo-1] [1;32m[GUI] [0m[1;32m[Msg] [0m[1;32mLoading plugin [[0m[1;32mgz-rendering-ogre2[0m[1;32m][0m[1;32m[0m
[scan_planner_node-4] [FSM]: state: INIT
[scan_planner_node-4] wait for goal.
[gazebo-1] [1;32m[GUI] [0m[1;32m[Msg] [0m[1;32mMove to service on [[0m[1;32m/gui/move_to[0m[1;32m][0m[1;32m[0m
[gazebo-1] [1;32m[GUI] [0m[1;32m[Msg] [0m[1;32mFollow service on [[0m[1;32m/gui/follow[0m[1;32m] (deprecated)[0m[1;32m[0m
[gazebo-1] [1;32m[GUI] [0m[1;32m[Msg] [0m[1;32mTracking topic on [[0m[1;32m/gui/track[0m[1;32m][0m[1;32m[0m
[gazebo-1] [1;32m[GUI] [0m[1;32m[Msg] [0m[1;32mTracking status topic on [[0m[1;32m/gui/currently_tracked[0m[1;32m][0m[1;32m[0m
[gazebo-1] [1;32m[GUI] [0m[1;32m[Msg] [0m[1;32mMove to pose service on [[0m[1;32m/gui/move_to/pose[0m[1;32m][0m[1;32m[0m
[gazebo-1] [1;32m[GUI] [0m[1;32m[Msg] [0m[1;32mCamera pose topic advertised on [[0m[1;32m/gui/camera/pose[0m[1;32m][0m[1;32m[0m
[gazebo-1] [1;32m[GUI] [0m[1;32m[Msg] [0m[1;32mFollow offset service on [[0m[1;32m/gui/follow/offset[0m[1;32m] (deprecated)[0m[1;32m[0m
[gazebo-1] [1;32m[Msg] [0m[1;32mFound no publishers on /stats, adding root stats topic[0m[1;32m[0m
[gazebo-1] [1;32m[Msg] [0m[1;32mFound no publishers on /clock, adding root clock topic[0m[1;32m[0m
[gazebo-1] [1;31m[Err] [UserCommands.cc:1319] [0m[1;31mUnable to update the pose for entity id:[[0m[1;31m0[0m[1;31m], name[[0m[1;31mgo2[0m[1;31m][0m[1;31m[0m
[gazebo-1] [1;31m[Err] [UserCommands.cc:1319] [0m[1;31mUnable to update the pose for entity id:[[0m[1;31m0[0m[1;31m], name[[0m[1;31mgo2[0m[1;31m][0m[1;31m[0m
[gazebo-1] [1;33mWarning [Utils.cc:132][0m [/sdf/model[@name="go2"]/link[@name="base"]/sensor[@name="go2_3d_lidar"]/gz_frame_id:<urdf-string>:L0]: XML Element[gz_frame_id], child of element[sensor], not defined in SDF. Copying[gz_frame_id] as children of [sensor].
[gazebo-1] [1;32m[Msg] [0m[1;32mLoading plugin [[0m[1;32mgz-rendering-ogre2[0m[1;32m][0m[1;32m[0m
[gazebo-1] [1;32m[Msg] [0m[1;32mServing scene information on [[0m[1;32m/world/scan_demo[0m[1;32m/[0m[1;32mscene/info[0m[1;32m][0m[1;32m[0m
[gazebo-1] [1;32m[Msg] [0m[1;32mServing graph information on [[0m[1;32m/world/scan_demo[0m[1;32m/[0m[1;32mscene/graph[0m[1;32m][0m[1;32m[0m
[gazebo-1] [1;32m[Msg] [0m[1;32mServing full state on [[0m[1;32m/world/scan_demo[0m[1;32m/[0m[1;32mstate[0m[1;32m][0m[1;32m[0m
[gazebo-1] [1;32m[Msg] [0m[1;32mServing full state (async) on [[0m[1;32m/world/scan_demo[0m[1;32m/[0m[1;32mstate_async[0m[1;32m][0m[1;32m[0m
[gazebo-1] [1;32m[Msg] [0m[1;32mPublishing scene information on [[0m[1;32m/world/scan_demo/scene/info[0m[1;32m][0m[1;32m[0m
[gazebo-1] [1;32m[Msg] [0m[1;32mPublishing entity deletions on [[0m[1;32m/world/scan_demo/scene/deletion[0m[1;32m][0m[1;32m[0m
[gazebo-1] [1;32m[Msg] [0m[1;32mPublishing state changes on [[0m[1;32m/world/scan_demo/state[0m[1;32m][0m[1;32m[0m
[gazebo-1] [1;32m[Msg] [0m[1;32mPublishing pose messages on [[0m[1;32m/world/scan_demo[0m[1;32m/[0m[1;32mpose/info[0m[1;32m][0m[1;32m[0m
[gazebo-1] [1;32m[Msg] [0m[1;32mPublishing dynamic pose messages on [[0m[1;32m/world/scan_demo[0m[1;32m/[0m[1;32mdynamic_pose/info[0m[1;32m][0m[1;32m[0m
[gazebo-1] [1;33m[Wrn] [Component.hh:127] [0m[1;33mTrying to serialize component with data type [[0m[1;33mSt10shared_ptrIN3sdf3v147ElementEE[0m[1;33m], which doesn't have [0m[1;33m`operator<<`. Component will not be serialized.[0m[1;33m[0m
[gazebo-1] [1;33m[Wrn] [Component.hh:127] [0m[1;33mTrying to serialize component with data type [[0m[1;33mSt10shared_ptrIN3sdf3v147ElementEE[0m[1;33m[Wrn] [Component.hh:127] [0m[1;33m`operator<<`. Component will not be serialized.[0m[1;33m[0m
[gazebo-1] [1;33mTrying to serialize component with data type [[0m[1;33mSt10shared_ptrIN3sdf3v147ElementEE[0m[1;33m], which doesn't have [0m[1;33m`operator<<`. Component will not be serialized.[0m[1;33m[0m
[gazebo-1] [1;33m[GUI] [Wrn] [Component.hh:172] [0m[1;33mTrying to deserialize component with data type [[0m[1;33mSt10shared_ptrIN3sdf3v147ElementEE[0m[1;33m], which doesn't have [0m[1;33m`operator>>`. Component will not be deserialized.[0m[1;33m[0m
[gazebo-1] [1;33mWarning [Utils.cc:132][0m [/sdf/model[@name="go2"]/link[@name="base"]/sensor[@name="go2_3d_lidar"]/gz_frame_id:<data-string>:L194]: XML Element[gz_frame_id], child of element[sensor], not defined in SDF. Copying[gz_frame_id] as children of [sensor].
[scan_planner_node-4] [FSM]: state: INIT
[scan_planner_node-4] wait for goal.
[loop_path_publisher.py-9] [INFO] [1785999017.423461022] [loop_path_publisher]: Published initial approach route with 31 dense points, run 1
[terrain_path_visualizer-10] [INFO] [1785999017.427992586] [terrain_path_segmenter]: Segmented 31 path points into 2 sections
[scan_planner_node-4] [INFO] [1785999017.487611387] [scan_planner_node]: [MapRefresh] Cleared occupancy and inflation for a new reference path; observation_sequence=1
[scan_planner_node-4] [INFO] [1785999017.487851489] [scan_planner_node]: [MapRefresh] Deferred reference path until 2 fresh map observations have been fused (target_sequence=3)
[scan_planner_node-4] [INFO] [1785999017.699731305] [scan_planner_node]: [MapRefresh] Fresh map ready at observation_sequence=3; accepting deferred reference path
[scan_planner_node-4] [INFO] [1785999017.753294632] [scan_planner_node]: Reference path accepted
[scan_planner_node-4] [FSM]: from INIT to WAIT_TARGET
[scan_planner_node-4] [FSM]: from WAIT_TARGET to GEN_NEW_TRAJ
[scan_planner_node-4] 
[scan_planner_node-4] [rebo replan]: -------------------------------------0
[scan_planner_node-4] start:  -6   1 0.4, 0 0 0
[scan_planner_node-4] goal:  -6 4.53 1.28, 0 0 0
[scan_planner_node-4] [32miter(+1)=37,time(ms)=0.275,total_t(ms)=0.276,cost=0.014
[scan_planner_node-4] [0mfirst_optimize_step_success=1
[scan_planner_node-4] total time:[42m0.000567[0m,optimize:0.000514,refine:5.26e-05
[scan_planner_node-4] final_plan_success=1
[scan_planner_node-4] [FSM]: from GEN_NEW_TRAJ to EXEC_TRAJ
[closed_loop_controller-6] [INFO] [1785999017.826587079] [closed_loop_controller]: Received trajectory 1, duration 6.187s
[scan_planner_node-4] [INFO] [1785999019.236830514] [scan_planner_node]: [GridMapDiag] cloud=32768 accepted=27011 invalid=5757 below_sensor=0 outside_update=0 sensor_z=0.700 cutoff_z=1.700
[scan_planner_node-4] [FSM]: state: EXEC_TRAJ
[scan_planner_node-4] [INFO] [1785999021.293660403] [scan_planner_node]: [GridMapDiag] cloud=32768 accepted=27111 invalid=5657 below_sensor=0 outside_update=0 sensor_z=0.882 cutoff_z=1.882
[scan_planner_node-4] [FSM]: from EXEC_TRAJ to REPLAN_TRAJ
[scan_planner_node-4] 
[scan_planner_node-4] [rebo replan]: -------------------------------------1
[scan_planner_node-4] start:    -6  2.05 0.609, 2.68e-14     0.76    0.216
[scan_planner_node-4] goal: -6   5 1.4, 0 0 0
[scan_planner_node-4] [32miter(+1)=24,time(ms)=0.079,total_t(ms)=0.080,cost=0.049
[scan_planner_node-4] [0mfirst_optimize_step_success=1
[scan_planner_node-4] total time:[42m0.000226[0m,optimize:0.000191,refine:3.48e-05
[scan_planner_node-4] final_plan_success=1
[scan_planner_node-4] [FSM]: from REPLAN_TRAJ to EXEC_TRAJ
[closed_loop_controller-6] [INFO] [1785999021.729691841] [closed_loop_controller]: Received trajectory 2, duration 5.120s
[scan_planner_node-4] [FSM]: from EXEC_TRAJ to REPLAN_TRAJ
[scan_planner_node-4] [INFO] [1785999023.339107431] [scan_planner_node]: [GridMapDiag] cloud=32768 accepted=23979 invalid=8789 below_sensor=0 outside_update=0 sensor_z=1.204 cutoff_z=2.204
[scan_planner_node-4] 
[scan_planner_node-4] [rebo replan]: -------------------------------------2
[scan_planner_node-4] start:    -6  3.03 0.874, 2.06e-16    0.489    0.159
[scan_planner_node-4] goal: -6   5 1.4, 0 0 0
[scan_planner_node-4] [32miter(+1)=23,time(ms)=0.058,total_t(ms)=0.058,cost=0.020
[scan_planner_node-4] [0mfirst_optimize_step_success=1
[scan_planner_node-4] total time:[42m0.000153[0m,optimize:0.000129,refine:2.37e-05
[scan_planner_node-4] final_plan_success=1
[scan_planner_node-4] [FSM]: from REPLAN_TRAJ to EXEC_TRAJ
[closed_loop_controller-6] [INFO] [1785999023.389560042] [closed_loop_controller]: Received trajectory 3, duration 3.520s
[scan_planner_node-4] [FSM]: state: EXEC_TRAJ
[scan_planner_node-4] [FSM]: from EXEC_TRAJ to REPLAN_TRAJ
[scan_planner_node-4] 
[scan_planner_node-4] [rebo replan]: -------------------------------------3
[scan_planner_node-4] start:   -6 4.08 1.12, 7.41e-14    0.772    0.163
[scan_planner_node-4] goal: -6   5 1.4, 0 0 0
[scan_planner_node-4] [32miter(+1)=18,time(ms)=0.039,total_t(ms)=0.039,cost=0.011
[scan_planner_node-4] [0mfirst_optimize_step_success=1
[scan_planner_node-4] total time:[42m0.000116[0m,optimize:9.62e-05,refine:1.99e-05
[scan_planner_node-4] final_plan_success=1
[scan_planner_node-4] [FSM]: from REPLAN_TRAJ to EXEC_TRAJ
[closed_loop_controller-6] [INFO] [1785999024.885134677] [closed_loop_controller]: Received trajectory 4, duration 2.560s
[scan_planner_node-4] [INFO] [1785999025.379031880] [scan_planner_node]: [GridMapDiag] cloud=32768 accepted=17579 invalid=15189 below_sensor=0 outside_update=0 sensor_z=1.549 cutoff_z=2.549
[terrain_path_visualizer-10] [INFO] [1785999025.953988565] [terrain_path_segmenter]: Visualization advanced to segment 2/2
[scan_planner_node-4] [INFO] [1785999026.004702676] [scan_planner_node]: [MapRefresh] Cleared occupancy and inflation for a new reference path; observation_sequence=80
[scan_planner_node-4] [INFO] [1785999026.004744421] [scan_planner_node]: [MapRefresh] Deferred reference path until 2 fresh map observations have been fused (target_sequence=82)
[scan_planner_node-4] [INFO] [1785999026.155179286] [scan_planner_node]: [MapRefresh] Fresh map ready at observation_sequence=82; accepting deferred reference path
[scan_planner_node-4] [TRIG]: from EXEC_TRAJ to REPLAN_TRAJ
[scan_planner_node-4] 
[scan_planner_node-4] [rebo replan]: -------------------------------------4
[scan_planner_node-4] start:   -6 4.82 1.28, -2.68e-14     0.368     0.123
[scan_planner_node-4] goal: -6   7 1.4, 0 0 0
[scan_planner_node-4] [INFO] [1785999026.156394502] [scan_planner_node]: Reference path accepted
[scan_planner_node-4] [32miter(+1)=8,time(ms)=0.024,total_t(ms)=0.024,cost=0.047
[scan_planner_node-4] [0mfirst_optimize_step_success=1
[scan_planner_node-4] total time:[42m0.000143[0m,optimize:0.000115,refine:2.82e-05
[scan_planner_node-4] final_plan_success=1
[scan_planner_node-4] [FSM]: from REPLAN_TRAJ to EXEC_TRAJ
[closed_loop_controller-6] [INFO] [1785999026.156723149] [closed_loop_controller]: Received trajectory 5, duration 4.160s
[scan_planner_node-4] [INFO] [1785999027.385415027] [scan_planner_node]: [GridMapDiag] cloud=32768 accepted=15491 invalid=17277 below_sensor=0 outside_update=0 sensor_z=1.700 cutoff_z=2.700
[scan_planner_node-4] [FSM]: from EXEC_TRAJ to REPLAN_TRAJ
[scan_planner_node-4] 
[scan_planner_node-4] [rebo replan]: -------------------------------------5
[scan_planner_node-4] start:   -6 5.85 1.33, 2.78e-13    0.779   0.0463
[scan_planner_node-4] goal: -6   7 1.4, 0 0 0
[scan_planner_node-4] [32miter(+1)=10,time(ms)=0.021,total_t(ms)=0.021,cost=0.097
[scan_planner_node-4] [0mfirst_optimize_step_success=1
[scan_planner_node-4] Need to reallocate time.
[scan_planner_node-4] total time:[42m0.000128[0m,optimize:6.91e-05,refine:5.87e-05
[scan_planner_node-4] final_plan_success=1
[scan_planner_node-4] [FSM]: from REPLAN_TRAJ to EXEC_TRAJ
[closed_loop_controller-6] [INFO] [1785999028.137803252] [closed_loop_controller]: Received trajectory 6, duration 2.244s
[scan_planner_node-4] [FSM]: state: EXEC_TRAJ
[scan_planner_node-4] [INFO] [1785999029.438399138] [scan_planner_node]: [GridMapDiag] cloud=32768 accepted=15268 invalid=17500 below_sensor=0 outside_update=0 sensor_z=1.700 cutoff_z=2.700
[scan_planner_node-4] [FSM]: from EXEC_TRAJ to REPLAN_TRAJ
[scan_planner_node-4] 
[scan_planner_node-4] [rebo replan]: -------------------------------------6
[scan_planner_node-4] start:   -6 6.86 1.38, 6.17e-13    0.348   0.0401
[scan_planner_node-4] goal: -6   7 1.4, 0 0 0
[scan_planner_node-4] Close to goal
[scan_planner_node-4] final_plan_success=0
[scan_planner_node-4] 
[scan_planner_node-4] [rebo replan]: -------------------------------------7
[scan_planner_node-4] start:   -6 6.86 1.38, 6.17e-13    0.348   0.0401
[scan_planner_node-4] goal: -6   7 1.4, 0 0 0
[scan_planner_node-4] Close to goal
[scan_planner_node-4] final_plan_success=0
[scan_planner_node-4] 
[scan_planner_node-4] [rebo replan]: -------------------------------------8
[scan_planner_node-4] start:   -6 6.86 1.38, 6.17e-13    0.348   0.0401
[scan_planner_node-4] goal: -6   7 1.4, 0 0 0
[scan_planner_node-4] Close to goal
[scan_planner_node-4] final_plan_success=0
[scan_planner_node-4] [FSM]: from REPLAN_TRAJ to REPLAN_TRAJ
[scan_planner_node-4] 
[scan_planner_node-4] [rebo replan]: -------------------------------------9
[scan_planner_node-4] start:   -6 6.88 1.38, 5.8e-13   0.323  0.0436
[scan_planner_node-4] goal: -6   7 1.4, 0 0 0
[scan_planner_node-4] Close to goal
[scan_planner_node-4] final_plan_success=0
[scan_planner_node-4] 
[scan_planner_node-4] [rebo replan]: -------------------------------------10
[scan_planner_node-4] start:   -6 6.88 1.38, 5.8e-13   0.323  0.0436
[scan_planner_node-4] goal: -6   7 1.4, 0 0 0
[scan_planner_node-4] Close to goal
[scan_planner_node-4] final_plan_success=0
[scan_planner_node-4] 
[scan_planner_node-4] [rebo replan]: -------------------------------------11
[scan_planner_node-4] start:   -6 6.88 1.38, 5.8e-13   0.323  0.0436
[scan_planner_node-4] goal: -6   7 1.4, 0 0 0
[scan_planner_node-4] Close to goal
[scan_planner_node-4] final_plan_success=0
[scan_planner_node-4] [FSM]: from REPLAN_TRAJ to REPLAN_TRAJ
[scan_planner_node-4] 
[scan_planner_node-4] [rebo replan]: -------------------------------------12
[scan_planner_node-4] start:   -6 6.89 1.38, 5.19e-13    0.284   0.0467
[scan_planner_node-4] goal: -6   7 1.4, 0 0 0
[scan_planner_node-4] Close to goal
[scan_planner_node-4] final_plan_success=0
[scan_planner_node-4] 
[scan_planner_node-4] [rebo replan]: -------------------------------------13
[scan_planner_node-4] start:   -6 6.89 1.38, 5.19e-13    0.284   0.0467
[scan_planner_node-4] goal: -6   7 1.4, 0 0 0
[scan_planner_node-4] Close to goal
[scan_planner_node-4] final_plan_success=0
[scan_planner_node-4] 
[scan_planner_node-4] [rebo replan]: -------------------------------------14
[scan_planner_node-4] start:   -6 6.89 1.38, 5.19e-13    0.284   0.0467
[scan_planner_node-4] goal: -6   7 1.4, 0 0 0
[scan_planner_node-4] Close to goal
[scan_planner_node-4] final_plan_success=0
[scan_planner_node-4] [FSM]: from REPLAN_TRAJ to REPLAN_TRAJ
[scan_planner_node-4] 
[scan_planner_node-4] [rebo replan]: -------------------------------------15
[scan_planner_node-4] start:   -6 6.91 1.39, 4.77e-13    0.257   0.0473
[scan_planner_node-4] goal: -6   7 1.4, 0 0 0
[scan_planner_node-4] Close to goal
[scan_planner_node-4] final_plan_success=0
[scan_planner_node-4] 
[scan_planner_node-4] [rebo replan]: -------------------------------------16
[scan_planner_node-4] start:   -6 6.91 1.39, 4.77e-13    0.257   0.0473
[scan_planner_node-4] goal: -6   7 1.4, 0 0 0
[scan_planner_node-4] Close to goal
[scan_planner_node-4] final_plan_success=0
[scan_planner_node-4] 
[scan_planner_node-4] [rebo replan]: -------------------------------------17
[scan_planner_node-4] start:   -6 6.91 1.39, 4.77e-13    0.257   0.0473
[scan_planner_node-4] goal: -6   7 1.4, 0 0 0
[scan_planner_node-4] Close to goal
[scan_planner_node-4] final_plan_success=0
[scan_planner_node-4] [FSM]: from REPLAN_TRAJ to REPLAN_TRAJ
[scan_planner_node-4] 
[scan_planner_node-4] [rebo replan]: -------------------------------------18
[scan_planner_node-4] start:   -6 6.92 1.39, 4.08e-13    0.217   0.0456
[scan_planner_node-4] goal: -6   7 1.4, 0 0 0
[scan_planner_node-4] Close to goal
[scan_planner_node-4] final_plan_success=0
[scan_planner_node-4] 
[scan_planner_node-4] [rebo replan]: -------------------------------------19
[scan_planner_node-4] start:   -6 6.92 1.39, 4.08e-13    0.217   0.0456
[scan_planner_node-4] goal: -6   7 1.4, 0 0 0
[scan_planner_node-4] Close to goal
[scan_planner_node-4] final_plan_success=0
[scan_planner_node-4] 
[scan_planner_node-4] [rebo replan]: -------------------------------------20
[scan_planner_node-4] start:   -6 6.92 1.39, 4.08e-13    0.217   0.0456
[scan_planner_node-4] goal: -6   7 1.4, 0 0 0
[scan_planner_node-4] Close to goal
[scan_planner_node-4] final_plan_success=0
[scan_planner_node-4] [FSM]: from REPLAN_TRAJ to REPLAN_TRAJ
[scan_planner_node-4] 
[scan_planner_node-4] [rebo replan]: -------------------------------------21
[scan_planner_node-4] start:   -6 6.93 1.39, 3.62e-13     0.19    0.043
[scan_planner_node-4] goal: -6   7 1.4, 0 0 0
[scan_planner_node-4] Close to goal
[scan_planner_node-4] final_plan_success=0
[scan_planner_node-4] 
[scan_planner_node-4] [rebo replan]: -------------------------------------22
[scan_planner_node-4] start:   -6 6.93 1.39, 3.62e-13     0.19    0.043
[scan_planner_node-4] goal: -6   7 1.4, 0 0 0
[scan_planner_node-4] Close to goal
[scan_planner_node-4] final_plan_success=0
[scan_planner_node-4] 
[scan_planner_node-4] [rebo replan]: -------------------------------------23
[scan_planner_node-4] start:   -6 6.93 1.39, 3.62e-13     0.19    0.043
[scan_planner_node-4] goal: -6   7 1.4, 0 0 0
[scan_planner_node-4] Close to goal
[scan_planner_node-4] final_plan_success=0
[scan_planner_node-4] [FSM]: from REPLAN_TRAJ to REPLAN_TRAJ
[scan_planner_node-4] 
[scan_planner_node-4] [rebo replan]: -------------------------------------24
[scan_planner_node-4] start:   -6 6.94 1.39, 2.85e-13    0.148   0.0361
[scan_planner_node-4] goal: -6   7 1.4, 0 0 0
[scan_planner_node-4] Close to goal
[scan_planner_node-4] final_plan_success=0
[scan_planner_node-4] 
[scan_planner_node-4] [rebo replan]: -------------------------------------25
[scan_planner_node-4] start:   -6 6.94 1.39, 2.85e-13    0.148   0.0361
[scan_planner_node-4] goal: -6   7 1.4, 0 0 0
[scan_planner_node-4] Close to goal
[scan_planner_node-4] final_plan_success=0
[scan_planner_node-4] 
[scan_planner_node-4] [rebo replan]: -------------------------------------26
[scan_planner_node-4] start:   -6 6.94 1.39, 2.85e-13    0.148   0.0361
[scan_planner_node-4] goal: -6   7 1.4, 0 0 0
[scan_planner_node-4] Close to goal
[scan_planner_node-4] final_plan_success=0
[scan_planner_node-4] [FSM]: from REPLAN_TRAJ to REPLAN_TRAJ
[scan_planner_node-4] 
[scan_planner_node-4] [rebo replan]: -------------------------------------27
[scan_planner_node-4] start:   -6 6.94 1.39, 2.35e-13    0.122   0.0302
[scan_planner_node-4] goal: -6   7 1.4, 0 0 0
[scan_planner_node-4] Close to goal
[scan_planner_node-4] final_plan_success=0
[scan_planner_node-4] 
[scan_planner_node-4] [rebo replan]: -------------------------------------28
[scan_planner_node-4] start:   -6 6.94 1.39, 2.35e-13    0.122   0.0302
[scan_planner_node-4] goal: -6   7 1.4, 0 0 0
[scan_planner_node-4] Close to goal
[scan_planner_node-4] final_plan_success=0
[scan_planner_node-4] 
[scan_planner_node-4] [rebo replan]: -------------------------------------29
[scan_planner_node-4] start:   -6 6.94 1.39, 2.35e-13    0.122   0.0302
[scan_planner_node-4] goal: -6   7 1.4, 0 0 0
[scan_planner_node-4] Close to goal
[scan_planner_node-4] final_plan_success=0
[scan_planner_node-4] [FSM]: from REPLAN_TRAJ to REPLAN_TRAJ
[loop_path_publisher.py-9] [INFO] [1785999030.038695450] [loop_path_publisher]: Published shuttle route with 193 dense points, run 2
[terrain_path_visualizer-10] [INFO] [1785999030.056556709] [terrain_path_segmenter]: Segmented 193 path points into 3 sections
[scan_planner_node-4] 
[scan_planner_node-4] [rebo replan]: -------------------------------------30
[scan_planner_node-4] start:   -6 6.95  1.4, 1.61e-13   0.0838   0.0207
[scan_planner_node-4] goal: -6   7 1.4, 0 0 0
[scan_planner_node-4] Close to goal
[scan_planner_node-4] final_plan_success=0
[scan_planner_node-4] 
[scan_planner_node-4] [rebo replan]: -------------------------------------31
[scan_planner_node-4] start:   -6 6.95  1.4, 1.61e-13   0.0838   0.0207
[scan_planner_node-4] goal: -6   7 1.4, 0 0 0
[scan_planner_node-4] Close to goal
[scan_planner_node-4] final_plan_success=0
[scan_planner_node-4] 
[scan_planner_node-4] [rebo replan]: -------------------------------------32
[scan_planner_node-4] start:   -6 6.95  1.4, 1.61e-13   0.0838   0.0207
[scan_planner_node-4] goal: -6   7 1.4, 0 0 0
[scan_planner_node-4] Close to goal
[scan_planner_node-4] final_plan_success=0
[scan_planner_node-4] [FSM]: from REPLAN_TRAJ to REPLAN_TRAJ
[scan_planner_node-4] [INFO] [1785999030.117602339] [scan_planner_node]: [MapRefresh] Cleared occupancy and inflation for a new reference path; observation_sequence=118
[scan_planner_node-4] [INFO] [1785999030.117654031] [scan_planner_node]: [MapRefresh] Deferred reference path until 2 fresh map observations have been fused (target_sequence=120)
[scan_planner_node-4] [INFO] [1785999030.351089249] [scan_planner_node]: [MapRefresh] Fresh map ready at observation_sequence=120; accepting deferred reference path
[scan_planner_node-4] [INFO] [1785999030.768993578] [scan_planner_node]: Reference path accepted
[scan_planner_node-4] 
[scan_planner_node-4] [rebo replan]: -------------------------------------33
[scan_planner_node-4] start:   -6 6.96  1.4,        0 0.000607 0.000132
[scan_planner_node-4] goal:-2.35     7   1.4,      0.75 -1.31e-16         0
[scan_planner_node-4] [32miter(+1)=6,time(ms)=0.025,total_t(ms)=0.026,cost=0.033
[scan_planner_node-4] [0mfirst_optimize_step_success=1
[scan_planner_node-4] total time:[42m0.000212[0m,optimize:0.000165,refine:4.72e-05
[scan_planner_node-4] final_plan_success=1
[scan_planner_node-4] [FSM]: from REPLAN_TRAJ to EXEC_TRAJ
[closed_loop_controller-6] [INFO] [1785999030.769480233] [closed_loop_controller]: Received trajectory 7, duration 6.080s
[scan_planner_node-4] [INFO] [1785999031.521996348] [scan_planner_node]: [GridMapDiag] cloud=32768 accepted=15214 invalid=17554 below_sensor=0 outside_update=0 sensor_z=1.700 cutoff_z=2.700
[scan_planner_node-4] [INFO] [1785999033.575006723] [scan_planner_node]: [GridMapDiag] cloud=32768 accepted=15284 invalid=17484 below_sensor=0 outside_update=0 sensor_z=1.700 cutoff_z=2.700
[scan_planner_node-4] [FSM]: state: EXEC_TRAJ
[scan_planner_node-4] [FSM]: from EXEC_TRAJ to REPLAN_TRAJ
[scan_planner_node-4] 
[scan_planner_node-4] [rebo replan]: -------------------------------------34
[scan_planner_node-4] start: -4.99  6.98   1.4,    0.775   0.0115 0.000553
[scan_planner_node-4] goal:-1.47     7   1.4,     0.75 7.97e-16        0
[scan_planner_node-4] [32miter(+1)=7,time(ms)=0.025,total_t(ms)=0.025,cost=0.009
[scan_planner_node-4] [0mfirst_optimize_step_success=1
[scan_planner_node-4] total time:[42m0.000178[0m,optimize:0.000142,refine:3.67e-05
[scan_planner_node-4] final_plan_success=1
[scan_planner_node-4] [FSM]: from REPLAN_TRAJ to EXEC_TRAJ
[closed_loop_controller-6] [INFO] [1785999035.284283996] [closed_loop_controller]: Received trajectory 8, duration 5.440s
[scan_planner_node-4] [INFO] [1785999035.583611686] [scan_planner_node]: [GridMapDiag] cloud=32768 accepted=16581 invalid=16187 below_sensor=0 outside_update=0 sensor_z=1.700 cutoff_z=2.700
[scan_planner_node-4] [FSM]: from EXEC_TRAJ to REPLAN_TRAJ
[scan_planner_node-4] 
[scan_planner_node-4] [rebo replan]: -------------------------------------35
[scan_planner_node-4] start: -3.98  6.99   1.4,    0.638  0.00689 0.000336
[scan_planner_node-4] goal:-0.25     7   1.4,     0.75 5.24e-13        0
[scan_planner_node-4] [32miter(+1)=8,time(ms)=0.027,total_t(ms)=0.028,cost=0.006
[scan_planner_node-4] [0mfirst_optimize_step_success=1
[scan_planner_node-4] total time:[42m0.000196[0m,optimize:0.000157,refine:3.87e-05
[scan_planner_node-4] final_plan_success=1
[scan_planner_node-4] [FSM]: from REPLAN_TRAJ to EXEC_TRAJ
[closed_loop_controller-6] [INFO] [1785999036.902819544] [closed_loop_controller]: Received trajectory 9, duration 6.080s
[scan_planner_node-4] [FSM]: state: EXEC_TRAJ
[scan_planner_node-4] [INFO] [1785999037.582505070] [scan_planner_node]: [GridMapDiag] cloud=32768 accepted=18990 invalid=13778 below_sensor=0 outside_update=0 sensor_z=1.700 cutoff_z=2.700
[scan_planner_node-4] [FSM]: from EXEC_TRAJ to REPLAN_TRAJ
[scan_planner_node-4] 
[scan_planner_node-4] [rebo replan]: -------------------------------------36
[scan_planner_node-4] start: -2.93     7   1.4,    0.627  0.00138 0.000223
[scan_planner_node-4] goal:0.625     7   1.4,    0.75 4.2e-11       0
[scan_planner_node-4] [32miter(+1)=8,time(ms)=0.029,total_t(ms)=0.029,cost=0.004
[scan_planner_node-4] [0mfirst_optimize_step_success=1
[scan_planner_node-4] total time:[42m0.000209[0m,optimize:0.000169,refine:4.05e-05
[scan_planner_node-4] final_plan_success=1
[scan_planner_node-4] [FSM]: from REPLAN_TRAJ to EXEC_TRAJ
[closed_loop_controller-6] [INFO] [1785999038.580444929] [closed_loop_controller]: Received trajectory 10, duration 5.760s
[scan_planner_node-4] [INFO] [1785999039.587247800] [scan_planner_node]: [GridMapDiag] cloud=32768 accepted=20492 invalid=12276 below_sensor=0 outside_update=0 sensor_z=1.700 cutoff_z=2.700
[scan_planner_node-4] [FSM]: from EXEC_TRAJ to REPLAN_TRAJ
[scan_planner_node-4] 
[scan_planner_node-4] [rebo replan]: -------------------------------------37
[scan_planner_node-4] start: -1.93     7   1.4,    0.625 0.000149 0.000169
[scan_planner_node-4] goal:1.5   7 1.4,     0.75 4.26e-10        0
[scan_planner_node-4] [32miter(+1)=4,time(ms)=0.025,total_t(ms)=0.026,cost=0.003
[scan_planner_node-4] [0mfirst_optimize_step_success=1
[scan_planner_node-4] total time:[42m0.000265[0m,optimize:0.000206,refine:5.86e-05
[scan_planner_node-4] final_plan_success=1
[scan_planner_node-4] [FSM]: from REPLAN_TRAJ to EXEC_TRAJ
[closed_loop_controller-6] [INFO] [1785999040.183886013] [closed_loop_controller]: Received trajectory 11, duration 5.440s
[scan_planner_node-4] [FSM]: state: EXEC_TRAJ
[scan_planner_node-4] [INFO] [1785999041.782126629] [scan_planner_node]: [GridMapDiag] cloud=32768 accepted=20942 invalid=11826 below_sensor=0 outside_update=0 sensor_z=1.700 cutoff_z=2.700
[scan_planner_node-4] [FSM]: from EXEC_TRAJ to REPLAN_TRAJ
[scan_planner_node-4] 
[scan_planner_node-4] [rebo replan]: -------------------------------------38
[scan_planner_node-4] start: -0.892      7    1.4,    0.625 5.71e-05 0.000125
[scan_planner_node-4] goal:2.73    7  1.4,      0.75 -3.86e-08         0
[scan_planner_node-4] [32miter(+1)=4,time(ms)=0.016,total_t(ms)=0.017,cost=0.005
[scan_planner_node-4] [0mfirst_optimize_step_success=1
[scan_planner_node-4] total time:[42m0.000199[0m,optimize:0.000159,refine:4.01e-05
[scan_planner_node-4] final_plan_success=1
[scan_planner_node-4] [FSM]: from REPLAN_TRAJ to EXEC_TRAJ
[closed_loop_controller-6] [INFO] [1785999041.847043007] [closed_loop_controller]: Received trajectory 12, duration 5.760s
[scan_planner_node-4] [FSM]: from EXEC_TRAJ to REPLAN_TRAJ
[scan_planner_node-4] 
[scan_planner_node-4] [rebo replan]: -------------------------------------39
[scan_planner_node-4] start: 0.172     7   1.4,    0.625 -1.9e-06 8.27e-05
[scan_planner_node-4] goal:3.6   7 1.4,      0.75 -1.13e-05         0
[scan_planner_node-4] [32miter(+1)=4,time(ms)=0.027,total_t(ms)=0.027,cost=0.004
[scan_planner_node-4] [0mfirst_optimize_step_success=1
[scan_planner_node-4] total time:[42m0.000274[0m,optimize:0.000215,refine:5.85e-05
[scan_planner_node-4] final_plan_success=1
[scan_planner_node-4] [FSM]: from REPLAN_TRAJ to EXEC_TRAJ
[closed_loop_controller-6] [INFO] [1785999043.549737277] [closed_loop_controller]: Received trajectory 13, duration 5.440s
[scan_planner_node-4] [INFO] [1785999043.785511385] [scan_planner_node]: [GridMapDiag] cloud=32768 accepted=20992 invalid=11776 below_sensor=0 outside_update=0 sensor_z=1.700 cutoff_z=2.700
[scan_planner_node-4] [FSM]: state: EXEC_TRAJ
[scan_planner_node-4] [FSM]: from EXEC_TRAJ to REPLAN_TRAJ
[scan_planner_node-4] 
[scan_planner_node-4] [rebo replan]: -------------------------------------40
[scan_planner_node-4] start: 1.23    7  1.4,    0.625 2.34e-06 6.16e-05
[scan_planner_node-4] goal:4.65    7  1.4,     0.75 0.000845        0
[scan_planner_node-4] [32miter(+1)=4,time(ms)=0.019,total_t(ms)=0.020,cost=0.004
[scan_planner_node-4] [0mfirst_optimize_step_success=1
[scan_planner_node-4] total time:[42m0.000213[0m,optimize:0.000163,refine:4.98e-05
[scan_planner_node-4] final_plan_success=1
[scan_planner_node-4] [FSM]: from REPLAN_TRAJ to EXEC_TRAJ
[closed_loop_controller-6] [INFO] [1785999045.243339056] [closed_loop_controller]: Received trajectory 14, duration 5.440s
[scan_planner_node-4] [INFO] [1785999045.890941898] [scan_planner_node]: [GridMapDiag] cloud=32768 accepted=20819 invalid=11949 below_sensor=0 outside_update=0 sensor_z=1.700 cutoff_z=2.700
[scan_planner_node-4] [FSM]: from EXEC_TRAJ to REPLAN_TRAJ
[scan_planner_node-4] 
[scan_planner_node-4] [rebo replan]: -------------------------------------41
[scan_planner_node-4] start: 2.25    7  1.4,    0.625 1.47e-06 4.29e-05
[scan_planner_node-4] goal:5.89 7.01  1.4, 0.743 0.103     0
[scan_planner_node-4] [32miter(+1)=6,time(ms)=0.025,total_t(ms)=0.025,cost=0.004
[scan_planner_node-4] [0mfirst_optimize_step_success=1
[scan_planner_node-4] total time:[42m0.000208[0m,optimize:0.000168,refine:4.07e-05
[scan_planner_node-4] final_plan_success=1
[scan_planner_node-4] [FSM]: from REPLAN_TRAJ to EXEC_TRAJ
[closed_loop_controller-6] [INFO] [1785999046.883884633] [closed_loop_controller]: Received trajectory 15, duration 5.760s
[scan_planner_node-4] [INFO] [1785999047.982732258] [scan_planner_node]: [GridMapDiag] cloud=32768 accepted=19967 invalid=12801 below_sensor=0 outside_update=0 sensor_z=1.700 cutoff_z=2.700
[scan_planner_node-4] [FSM]: state: EXEC_TRAJ
[scan_planner_node-4] [FSM]: from EXEC_TRAJ to REPLAN_TRAJ
[scan_planner_node-4] 
[scan_planner_node-4] [rebo replan]: -------------------------------------42
[scan_planner_node-4] start: 3.31    7  1.4,    0.625 6.42e-05 2.81e-05
[scan_planner_node-4] goal:   6 6.08  1.4, -0.00352    -0.75        0
[scan_planner_node-4] [32miter(+1)=18,time(ms)=0.089,total_t(ms)=0.089,cost=0.008
[scan_planner_node-4] [0mfirst_optimize_step_success=1
[scan_planner_node-4] total time:[42m0.000254[0m,optimize:0.000216,refine:3.85e-05
[scan_planner_node-4] final_plan_success=1
[scan_planner_node-4] [FSM]: from REPLAN_TRAJ to EXEC_TRAJ
[closed_loop_controller-6] [INFO] [1785999048.580154610] [closed_loop_controller]: Received trajectory 16, duration 5.760s
[scan_planner_node-4] [INFO] [1785999050.130081568] [scan_planner_node]: [GridMapDiag] cloud=32768 accepted=27994 invalid=4774 below_sensor=0 outside_update=0 sensor_z=0.700 cutoff_z=1.700
[scan_planner_node-4] [FSM]: from EXEC_TRAJ to REPLAN_TRAJ
[scan_planner_node-4] 
[scan_planner_node-4] [rebo replan]: -------------------------------------43
[scan_planner_node-4] start: 4.36 7.01  1.4,    0.633  0.00509 1.93e-05
[scan_planner_node-4] goal:   6 5.06  1.4, 0 0 0
[scan_planner_node-4] [32miter(+1)=31,time(ms)=0.137,total_t(ms)=0.138,cost=0.012
[scan_planner_node-4] [0mfirst_optimize_step_success=1
[scan_planner_node-4] total time:[42m0.000327[0m,optimize:0.000286,refine:4.06e-05
[scan_planner_node-4] final_plan_success=1
[scan_planner_node-4] [FSM]: from REPLAN_TRAJ to EXEC_TRAJ
[closed_loop_controller-6] [INFO] [1785999050.247778195] [closed_loop_controller]: Received trajectory 17, duration 5.760s
[scan_planner_node-4] [FSM]: from EXEC_TRAJ to REPLAN_TRAJ
[scan_planner_node-4] 
[scan_planner_node-4] [rebo replan]: -------------------------------------44
[scan_planner_node-4] start: 5.39 7.06  1.4,    0.602   -0.035 1.51e-05
[scan_planner_node-4] goal:  6   5 1.4, 0 0 0
[scan_planner_node-4] [32miter(+1)=25,time(ms)=0.085,total_t(ms)=0.085,cost=0.037
[scan_planner_node-4] [0mfirst_optimize_step_success=1
[scan_planner_node-4] total time:[42m0.000208[0m,optimize:0.000174,refine:3.43e-05
[scan_planner_node-4] final_plan_success=1
[scan_planner_node-4] [FSM]: from REPLAN_TRAJ to EXEC_TRAJ
[closed_loop_controller-6] [INFO] [1785999051.848504073] [closed_loop_controller]: Received trajectory 18, duration 3.840s
[scan_planner_node-4] [INFO] [1785999052.141246894] [scan_planner_node]: [GridMapDiag] cloud=32768 accepted=15629 invalid=17139 below_sensor=0 outside_update=0 sensor_z=1.700 cutoff_z=2.700
[scan_planner_node-4] [FSM]: state: EXEC_TRAJ
[scan_planner_node-4] [FSM]: from EXEC_TRAJ to REPLAN_TRAJ
[scan_planner_node-4] 
[scan_planner_node-4] [rebo replan]: -------------------------------------45
[scan_planner_node-4] start: 6.03  6.2  1.4,     0.12   -0.786 1.57e-05
[scan_planner_node-4] goal:  6   5 1.4, 0 0 0
[scan_planner_node-4] [32miter(+1)=11,time(ms)=0.028,total_t(ms)=0.028,cost=0.114
[scan_planner_node-4] [0mfirst_optimize_step_success=1
[scan_planner_node-4] Need to reallocate time.
[scan_planner_node-4] total time:[42m0.000158[0m,optimize:8.79e-05,refine:7.03e-05
[scan_planner_node-4] final_plan_success=1
[scan_planner_node-4] [FSM]: from REPLAN_TRAJ to EXEC_TRAJ
[closed_loop_controller-6] [INFO] [1785999053.646835178] [closed_loop_controller]: Received trajectory 19, duration 2.266s
[scan_planner_node-4] [INFO] [1785999054.201991245] [scan_planner_node]: [GridMapDiag] cloud=32768 accepted=15325 invalid=17443 below_sensor=0 outside_update=0 sensor_z=1.700 cutoff_z=2.700
[terrain_path_visualizer-10] [INFO] [1785999055.044853502] [terrain_path_segmenter]: Visualization advanced to segment 2/3
[scan_planner_node-4] [FSM]: from EXEC_TRAJ to REPLAN_TRAJ
[scan_planner_node-4] [INFO] [1785999055.160045882] [scan_planner_node]: [MapRefresh] Cleared occupancy and inflation for a new reference path; observation_sequence=284
[scan_planner_node-4] [INFO] [1785999055.160114922] [scan_planner_node]: [MapRefresh] Deferred reference path until 2 fresh map observations have been fused (target_sequence=286)
[scan_planner_node-4] [INFO] [1785999055.377890933] [scan_planner_node]: [MapRefresh] Fresh map ready at observation_sequence=286; accepting deferred reference path
[scan_planner_node-4] [INFO] [1785999055.380231893] [scan_planner_node]: Reference path accepted
[scan_planner_node-4] 
[scan_planner_node-4] [rebo replan]: -------------------------------------46
[scan_planner_node-4] start: 6.01  5.1  1.4,  -0.0287   -0.232 2.51e-05
[scan_planner_node-4] goal:  6   3 0.4, 0 0 0
[scan_planner_node-4] [32miter(+1)=18,time(ms)=0.084,total_t(ms)=0.085,cost=0.020
[scan_planner_node-4] [0mfirst_optimize_step_success=1
[scan_planner_node-4] total time:[42m0.000262[0m,optimize:0.000227,refine:3.55e-05
[scan_planner_node-4] final_plan_success=1
[scan_planner_node-4] [FSM]: from REPLAN_TRAJ to EXEC_TRAJ
[closed_loop_controller-6] [INFO] [1785999055.380834394] [closed_loop_controller]: Received trajectory 20, duration 4.480s
[scan_planner_node-4] [INFO] [1785999056.232208584] [scan_planner_node]: [GridMapDiag] cloud=32768 accepted=15413 invalid=17355 below_sensor=0 outside_update=0 sensor_z=1.700 cutoff_z=2.700
[scan_planner_node-4] [FSM]: state: EXEC_TRAJ
[scan_planner_node-4] [FSM]: from EXEC_TRAJ to REPLAN_TRAJ
[scan_planner_node-4] 
[scan_planner_node-4] [rebo replan]: -------------------------------------47
[scan_planner_node-4] start:  6.01  4.13 0.943, -0.00114   -0.753   -0.403
[scan_planner_node-4] goal:  6   3 0.4, 0 0 0
[scan_planner_node-4] [32miter(+1)=14,time(ms)=0.029,total_t(ms)=0.029,cost=0.159
[scan_planner_node-4] [0mfirst_optimize_step_success=1
[scan_planner_node-4] Need to reallocate time.
[scan_planner_node-4] total time:[42m0.00015[0m,optimize:8.19e-05,refine:6.77e-05
[scan_planner_node-4] final_plan_success=1
[scan_planner_node-4] [FSM]: from REPLAN_TRAJ to EXEC_TRAJ
[closed_loop_controller-6] [INFO] [1785999057.640540871] [closed_loop_controller]: Received trajectory 21, duration 2.724s
[scan_planner_node-4] [INFO] [1785999058.285803700] [scan_planner_node]: [GridMapDiag] cloud=32768 accepted=26124 invalid=6644 below_sensor=0 outside_update=0 sensor_z=1.047 cutoff_z=2.047
[terrain_path_visualizer-10] [INFO] [1785999059.034193846] [terrain_path_segmenter]: Visualization advanced to segment 3/3
[scan_planner_node-4] [INFO] [1785999059.084704132] [scan_planner_node]: [MapRefresh] Cleared occupancy and inflation for a new reference path; observation_sequence=321
[scan_planner_node-4] [INFO] [1785999059.084746075] [scan_planner_node]: [MapRefresh] Deferred reference path until 2 fresh map observations have been fused (target_sequence=323)
[scan_planner_node-4] [INFO] [1785999059.248087034] [scan_planner_node]: [MapRefresh] Fresh map ready at observation_sequence=323; accepting deferred reference path
[scan_planner_node-4] [TRIG]: from EXEC_TRAJ to REPLAN_TRAJ
[scan_planner_node-4] [INFO] [1785999060.105711468] [scan_planner_node]: Reference path accepted
[scan_planner_node-4] 
[scan_planner_node-4] [rebo replan]: -------------------------------------48
[scan_planner_node-4] start:     6  3.01 0.414, -0.000602   -0.0382   -0.0973
[scan_planner_node-4] goal:    6 -0.65   0.4, -1.25e-05     -0.75         0
[scan_planner_node-4] [32miter(+1)=23,time(ms)=0.127,total_t(ms)=0.128,cost=0.020
[scan_planner_node-4] [0mfirst_optimize_step_success=1
[scan_planner_node-4] total time:[42m0.000347[0m,optimize:0.000281,refine:6.54e-05
[scan_planner_node-4] final_plan_success=1
[scan_planner_node-4] [FSM]: from REPLAN_TRAJ to EXEC_TRAJ
[closed_loop_controller-6] [INFO] [1785999060.106577977] [closed_loop_controller]: Received trajectory 22, duration 6.080s
[scan_planner_node-4] [INFO] [1785999060.446722877] [scan_planner_node]: [GridMapDiag] cloud=32768 accepted=27690 invalid=5078 below_sensor=0 outside_update=0 sensor_z=0.702 cutoff_z=1.702
[scan_planner_node-4] [FSM]: state: EXEC_TRAJ
[scan_planner_node-4] [INFO] [1785999062.487807056] [scan_planner_node]: [GridMapDiag] cloud=32768 accepted=27673 invalid=5095 below_sensor=0 outside_update=0 sensor_z=0.702 cutoff_z=1.702
[scan_planner_node-4] [INFO] [1785999064.530932871] [scan_planner_node]: [GridMapDiag] cloud=32768 accepted=27672 invalid=5096 below_sensor=0 outside_update=0 sensor_z=0.701 cutoff_z=1.701
[scan_planner_node-4] [FSM]: state: EXEC_TRAJ
[scan_planner_node-4] [INFO] [1785999066.534085833] [scan_planner_node]: [GridMapDiag] cloud=32768 accepted=27585 invalid=5183 below_sensor=0 outside_update=0 sensor_z=0.715 cutoff_z=1.715
[scan_planner_node-4] [INFO] [1785999068.633137984] [scan_planner_node]: [GridMapDiag] cloud=32768 accepted=27577 invalid=5191 below_sensor=0 outside_update=0 sensor_z=0.715 cutoff_z=1.715
[scan_planner_node-4] [FSM]: state: EXEC_TRAJ
[scan_planner_node-4] [INFO] [1785999070.640250672] [scan_planner_node]: [GridMapDiag] cloud=32768 accepted=26885 invalid=5883 below_sensor=0 outside_update=0 sensor_z=0.700 cutoff_z=1.700
[scan_planner_node-4] [FSM]: from EXEC_TRAJ to REPLAN_TRAJ
[scan_planner_node-4] 
[scan_planner_node-4] [rebo replan]: -------------------------------------49
[scan_planner_node-4] start:    6 1.95 0.41, -0.000399    -0.778  -0.00289
[scan_planner_node-4] goal:   6 -1.7  0.4, 0.000305    -0.75        0
[scan_planner_node-4] [32miter(+1)=8,time(ms)=0.027,total_t(ms)=0.028,cost=0.006
[scan_planner_node-4] [0mfirst_optimize_step_success=1
[scan_planner_node-4] total time:[42m0.000198[0m,optimize:0.00016,refine:3.85e-05
[scan_planner_node-4] final_plan_success=1
[scan_planner_node-4] [FSM]: from REPLAN_TRAJ to EXEC_TRAJ
[closed_loop_controller-6] [INFO] [1785999071.155957009] [closed_loop_controller]: Received trajectory 23, duration 5.760s
[scan_planner_node-4] [INFO] [1785999072.685580911] [scan_planner_node]: [GridMapDiag] cloud=32768 accepted=25632 invalid=7136 below_sensor=0 outside_update=0 sensor_z=0.700 cutoff_z=1.700
[scan_planner_node-4] [FSM]: from EXEC_TRAJ to REPLAN_TRAJ
[scan_planner_node-4] 
[scan_planner_node-4] [rebo replan]: -------------------------------------50
[scan_planner_node-4] start:     6 0.923 0.407, -0.000892    -0.637  -0.00179
[scan_planner_node-4] goal:    6 -2.58   0.4, -0.0381  -0.712       0
[scan_planner_node-4] [32miter(+1)=8,time(ms)=0.049,total_t(ms)=0.050,cost=0.006
[scan_planner_node-4] [0mfirst_optimize_step_success=1
[scan_planner_node-4] total time:[42m0.000311[0m,optimize:0.000248,refine:6.28e-05
[scan_planner_node-4] final_plan_success=1
[scan_planner_node-4] [FSM]: from REPLAN_TRAJ to EXEC_TRAJ
[closed_loop_controller-6] [INFO] [1785999072.804362399] [closed_loop_controller]: Received trajectory 24, duration 5.760s
[scan_planner_node-4] [FSM]: state: EXEC_TRAJ
[scan_planner_node-4] [FSM]: from EXEC_TRAJ to REPLAN_TRAJ
[scan_planner_node-4] 
[scan_planner_node-4] [rebo replan]: -------------------------------------51
[scan_planner_node-4] start:      6 -0.112  0.405, 0.000188   -0.628 -0.00133
[scan_planner_node-4] goal:5.2  -3 0.4,    -0.74 -0.00959        0
[scan_planner_node-4] [32miter(+1)=14,time(ms)=0.052,total_t(ms)=0.052,cost=0.005
[scan_planner_node-4] [0mfirst_optimize_step_success=1
[scan_planner_node-4] total time:[42m0.000223[0m,optimize:0.000183,refine:3.98e-05
[scan_planner_node-4] final_plan_success=1
[scan_planner_node-4] [FSM]: from REPLAN_TRAJ to EXEC_TRAJ
[closed_loop_controller-6] [INFO] [1785999074.463030264] [closed_loop_controller]: Received trajectory 25, duration 5.760s
[scan_planner_node-4] [INFO] [1785999074.753602274] [scan_planner_node]: [GridMapDiag] cloud=32768 accepted=25109 invalid=7659 below_sensor=0 outside_update=0 sensor_z=0.700 cutoff_z=1.700
[scan_planner_node-4] [FSM]: from EXEC_TRAJ to REPLAN_TRAJ
[scan_planner_node-4] 
[scan_planner_node-4] [rebo replan]: -------------------------------------52
[scan_planner_node-4] start:     6 -1.18 0.404,   0.00504     -0.63 -0.000904
[scan_planner_node-4] goal:4.15   -3  0.4,   -0.75 5.9e-05       0
[scan_planner_node-4] [32miter(+1)=12,time(ms)=0.056,total_t(ms)=0.056,cost=0.010
[scan_planner_node-4] [0mfirst_optimize_step_success=1
[scan_planner_node-4] total time:[42m0.000216[0m,optimize:0.000176,refine:4.01e-05
[scan_planner_node-4] final_plan_success=1
[scan_planner_node-4] [FSM]: from REPLAN_TRAJ to EXEC_TRAJ
[closed_loop_controller-6] [INFO] [1785999076.178102473] [closed_loop_controller]: Received trajectory 26, duration 5.760s
[scan_planner_node-4] [INFO] [1785999076.754986304] [scan_planner_node]: [GridMapDiag] cloud=32768 accepted=24550 invalid=8218 below_sensor=0 outside_update=0 sensor_z=0.700 cutoff_z=1.700
[scan_planner_node-4] [FSM]: from EXEC_TRAJ to REPLAN_TRAJ
[scan_planner_node-4] 
[scan_planner_node-4] [rebo replan]: -------------------------------------53
[scan_planner_node-4] start:  6.03 -2.26 0.403,    0.0468    -0.657 -0.000655
[scan_planner_node-4] goal:3.1  -3 0.4,    -0.75 3.61e-07        0
[scan_planner_node-4] [32miter(+1)=8,time(ms)=0.052,total_t(ms)=0.053,cost=0.007
[scan_planner_node-4] [0mfirst_optimize_step_success=1
[scan_planner_node-4] total time:[42m0.000369[0m,optimize:0.000288,refine:8.12e-05
[scan_planner_node-4] final_plan_success=1
[scan_planner_node-4] [FSM]: from REPLAN_TRAJ to EXEC_TRAJ
[closed_loop_controller-6] [INFO] [1785999077.893108602] [closed_loop_controller]: Received trajectory 27, duration 5.440s
[scan_planner_node-4] [INFO] [1785999078.846360185] [scan_planner_node]: [GridMapDiag] cloud=32768 accepted=24271 invalid=8497 below_sensor=0 outside_update=0 sensor_z=0.700 cutoff_z=1.700
[scan_planner_node-4] [FSM]: state: EXEC_TRAJ
[scan_planner_node-4] [FSM]: from EXEC_TRAJ to REPLAN_TRAJ
[scan_planner_node-4] 
[scan_planner_node-4] [rebo replan]: -------------------------------------54
[scan_planner_node-4] start:  5.35 -3.01 0.402,   -0.646 -0.00443 -0.00046
[scan_planner_node-4] goal:1.7  -3 0.4,    -0.75 -9.9e-10        0
[scan_planner_node-4] [32miter(+1)=4,time(ms)=0.019,total_t(ms)=0.019,cost=0.003
[scan_planner_node-4] [0mfirst_optimize_step_success=1
[scan_planner_node-4] total time:[42m0.000235[0m,optimize:0.000193,refine:4.14e-05
[scan_planner_node-4] final_plan_success=1
[scan_planner_node-4] [FSM]: from REPLAN_TRAJ to EXEC_TRAJ
[closed_loop_controller-6] [INFO] [1785999080.296611477] [closed_loop_controller]: Received trajectory 28, duration 5.760s
[scan_planner_node-4] [INFO] [1785999080.900077861] [scan_planner_node]: [GridMapDiag] cloud=32768 accepted=23840 invalid=8928 below_sensor=0 outside_update=0 sensor_z=0.700 cutoff_z=1.700
[scan_planner_node-4] [FSM]: from EXEC_TRAJ to REPLAN_TRAJ
[scan_planner_node-4] 
[scan_planner_node-4] [rebo replan]: -------------------------------------55
[scan_planner_node-4] start:   4.3    -3 0.401,    -0.624 -0.000473 -0.000285
[scan_planner_node-4] goal:0.825    -3   0.4,     -0.75 -9.74e-11         0
[scan_planner_node-4] [32miter(+1)=4,time(ms)=0.017,total_t(ms)=0.018,cost=0.001
[scan_planner_node-4] [0mfirst_optimize_step_success=1
[scan_planner_node-4] total time:[42m0.000195[0m,optimize:0.000159,refine:3.66e-05
[scan_planner_node-4] final_plan_success=1
[scan_planner_node-4] [FSM]: from REPLAN_TRAJ to EXEC_TRAJ
[closed_loop_controller-6] [INFO] [1785999081.976564908] [closed_loop_controller]: Received trajectory 29, duration 5.440s
[scan_planner_node-4] [INFO] [1785999083.049096334] [scan_planner_node]: [GridMapDiag] cloud=32768 accepted=24139 invalid=8629 below_sensor=0 outside_update=0 sensor_z=0.700 cutoff_z=1.700
[scan_planner_node-4] [FSM]: from EXEC_TRAJ to REPLAN_TRAJ
[scan_planner_node-4] 
[scan_planner_node-4] [rebo replan]: -------------------------------------56
[scan_planner_node-4] start:  3.24    -3 0.401,    -0.625  0.000145 -0.000213
[scan_planner_node-4] goal:-0.4   -3  0.4,    -0.75 1.53e-11        0
[scan_planner_node-4] [32miter(+1)=7,time(ms)=0.034,total_t(ms)=0.035,cost=0.001
[scan_planner_node-4] [0mfirst_optimize_step_success=1
[scan_planner_node-4] total time:[42m0.000234[0m,optimize:0.000194,refine:4.04e-05
[scan_planner_node-4] final_plan_success=1
[scan_planner_node-4] [FSM]: from REPLAN_TRAJ to EXEC_TRAJ
[closed_loop_controller-6] [INFO] [1785999083.676552943] [closed_loop_controller]: Received trajectory 30, duration 5.760s
[scan_planner_node-4] [FSM]: state: EXEC_TRAJ
[scan_planner_node-4] [INFO] [1785999085.087036905] [scan_planner_node]: [GridMapDiag] cloud=32768 accepted=25166 invalid=7602 below_sensor=0 outside_update=0 sensor_z=0.700 cutoff_z=1.700
[scan_planner_node-4] [FSM]: from EXEC_TRAJ to REPLAN_TRAJ
[scan_planner_node-4] 
[scan_planner_node-4] [rebo replan]: -------------------------------------57
[scan_planner_node-4] start:  2.18    -3 0.401,    -0.625  0.000425 -0.000141
[scan_planner_node-4] goal:-1.27    -3   0.4,    -0.75 3.94e-10        0
[scan_planner_node-4] [32miter(+1)=4,time(ms)=0.026,total_t(ms)=0.026,cost=0.001
[scan_planner_node-4] [0mfirst_optimize_step_success=1
[scan_planner_node-4] total time:[42m0.000266[0m,optimize:0.000208,refine:5.72e-05
[scan_planner_node-4] final_plan_success=1
[scan_planner_node-4] [FSM]: from REPLAN_TRAJ to EXEC_TRAJ
[closed_loop_controller-6] [INFO] [1785999085.361712982] [closed_loop_controller]: Received trajectory 31, duration 5.440s
[scan_planner_node-4] [FSM]: from EXEC_TRAJ to REPLAN_TRAJ
[scan_planner_node-4] 
[scan_planner_node-4] [rebo replan]: -------------------------------------58
[scan_planner_node-4] start: 1.11   -3  0.4,    -0.625  1.93e-05 -0.000105
[scan_planner_node-4] goal:-2.33    -3   0.4,    -0.75 7.16e-09        0
[scan_planner_node-4] [32miter(+1)=16,time(ms)=0.083,total_t(ms)=0.083,cost=0.004
[scan_planner_node-4] [0mfirst_optimize_step_success=1
[scan_planner_node-4] total time:[42m0.000315[0m,optimize:0.000264,refine:5.16e-05
[scan_planner_node-4] final_plan_success=1
[scan_planner_node-4] [FSM]: from REPLAN_TRAJ to EXEC_TRAJ
[closed_loop_controller-6] [INFO] [1785999087.069979756] [closed_loop_controller]: Received trajectory 32, duration 5.760s
[scan_planner_node-4] [INFO] [1785999087.182495177] [scan_planner_node]: [GridMapDiag] cloud=32768 accepted=25241 invalid=7527 below_sensor=0 outside_update=0 sensor_z=0.700 cutoff_z=1.700
[scan_planner_node-4] [FSM]: from EXEC_TRAJ to REPLAN_TRAJ
[scan_planner_node-4] 
[scan_planner_node-4] [rebo replan]: -------------------------------------59
[scan_planner_node-4] start: 0.0662     -3    0.4,    -0.639 -8.35e-06 -7.33e-05
[scan_planner_node-4] goal:-3.55    -3   0.4,    -0.75 4.71e-06        0
[scan_planner_node-4] [32miter(+1)=8,time(ms)=0.030,total_t(ms)=0.030,cost=0.002
[scan_planner_node-4] [0mfirst_optimize_step_success=1
[scan_planner_node-4] total time:[42m0.000216[0m,optimize:0.000177,refine:3.87e-05
[scan_planner_node-4] final_plan_success=1
[scan_planner_node-4] [FSM]: from REPLAN_TRAJ to EXEC_TRAJ
[closed_loop_controller-6] [INFO] [1785999088.746352478] [closed_loop_controller]: Received trajectory 33, duration 5.760s
[scan_planner_node-4] [INFO] [1785999089.342637818] [scan_planner_node]: [GridMapDiag] cloud=32768 accepted=25175 invalid=7593 below_sensor=0 outside_update=0 sensor_z=0.700 cutoff_z=1.700
[scan_planner_node-4] [FSM]: state: EXEC_TRAJ
[scan_planner_node-4] [FSM]: from EXEC_TRAJ to REPLAN_TRAJ
[scan_planner_node-4] 
[scan_planner_node-4] [rebo replan]: -------------------------------------60
[scan_planner_node-4] start: -0.961     -3    0.4,    -0.627 -1.08e-06 -4.87e-05
[scan_planner_node-4] goal:-4.6   -3  0.4,     -0.75 -0.000765         0
[scan_planner_node-4] [32miter(+1)=4,time(ms)=0.017,total_t(ms)=0.017,cost=0.002
[scan_planner_node-4] [0mfirst_optimize_step_success=1
[scan_planner_node-4] total time:[42m0.000193[0m,optimize:0.000152,refine:4.12e-05
[scan_planner_node-4] final_plan_success=1
[scan_planner_node-4] [FSM]: from REPLAN_TRAJ to EXEC_TRAJ
[closed_loop_controller-6] [INFO] [1785999090.388929291] [closed_loop_controller]: Received trajectory 34, duration 5.760s
[scan_planner_node-4] [INFO] [1785999091.352585609] [scan_planner_node]: [GridMapDiag] cloud=32768 accepted=25046 invalid=7722 below_sensor=0 outside_update=0 sensor_z=0.700 cutoff_z=1.700
[scan_planner_node-4] [FSM]: from EXEC_TRAJ to REPLAN_TRAJ
[scan_planner_node-4] 
[scan_planner_node-4] [rebo replan]: -------------------------------------61
[scan_planner_node-4] start: -2.02    -3   0.4,    -0.625  5.82e-07 -3.44e-05
[scan_planner_node-4] goal:-5.48    -3   0.4,   -0.75 -0.0186       0
[scan_planner_node-4] [32miter(+1)=4,time(ms)=0.029,total_t(ms)=0.029,cost=0.001
[scan_planner_node-4] [0mfirst_optimize_step_success=1
[scan_planner_node-4] total time:[42m0.000289[0m,optimize:0.000214,refine:7.52e-05
[scan_planner_node-4] final_plan_success=1
[scan_planner_node-4] [FSM]: from REPLAN_TRAJ to EXEC_TRAJ
[closed_loop_controller-6] [INFO] [1785999092.083232594] [closed_loop_controller]: Received trajectory 35, duration 5.440s
[scan_planner_node-4] [INFO] [1785999093.354560272] [scan_planner_node]: [GridMapDiag] cloud=32768 accepted=24398 invalid=8370 below_sensor=0 outside_update=0 sensor_z=0.700 cutoff_z=1.700
[scan_planner_node-4] [FSM]: from EXEC_TRAJ to REPLAN_TRAJ
[scan_planner_node-4] 
[scan_planner_node-4] [rebo replan]: -------------------------------------62
[scan_planner_node-4] start: -3.06    -3   0.4,    -0.625 -4.67e-06 -2.57e-05
[scan_planner_node-4] goal:  -6 -2.3  0.4, -0.00383    0.746        0
[scan_planner_node-4] [32miter(+1)=12,time(ms)=0.044,total_t(ms)=0.044,cost=0.006
[scan_planner_node-4] [0mfirst_optimize_step_success=1
[scan_planner_node-4] total time:[42m0.000215[0m,optimize:0.000177,refine:3.78e-05
[scan_planner_node-4] final_plan_success=1
[scan_planner_node-4] [FSM]: from REPLAN_TRAJ to EXEC_TRAJ
[closed_loop_controller-6] [INFO] [1785999093.747175496] [closed_loop_controller]: Received trajectory 36, duration 5.760s
[scan_planner_node-4] [FSM]: from EXEC_TRAJ to REPLAN_TRAJ
[scan_planner_node-4] 
[scan_planner_node-4] [rebo replan]: -------------------------------------63
[scan_planner_node-4] start: -4.1   -3  0.4,    -0.624   -0.0035 -1.74e-05
[scan_planner_node-4] goal:   -6 -1.42   0.4, -0.000377      0.75         0
[scan_planner_node-4] [32miter(+1)=12,time(ms)=0.045,total_t(ms)=0.045,cost=0.006
[scan_planner_node-4] [0mfirst_optimize_step_success=1
[scan_planner_node-4] total time:[42m0.000205[0m,optimize:0.000166,refine:3.88e-05
[scan_planner_node-4] final_plan_success=1
[scan_planner_node-4] [FSM]: from REPLAN_TRAJ to EXEC_TRAJ
[closed_loop_controller-6] [INFO] [1785999095.417935257] [closed_loop_controller]: Received trajectory 37, duration 5.120s
[scan_planner_node-4] [FSM]: state: EXEC_TRAJ
[scan_planner_node-4] [INFO] [1785999095.539667034] [scan_planner_node]: [GridMapDiag] cloud=32768 accepted=23973 invalid=8795 below_sensor=0 outside_update=0 sensor_z=0.700 cutoff_z=1.700
[scan_planner_node-4] [FSM]: from EXEC_TRAJ to REPLAN_TRAJ
[scan_planner_node-4] 
[scan_planner_node-4] [rebo replan]: -------------------------------------64
[scan_planner_node-4] start:  -5.2 -3.02   0.4,    -0.653   -0.0691 -1.32e-05
[scan_planner_node-4] goal:    -6 -0.375    0.4, 3.58e-06     0.75        0
[scan_planner_node-4] [32miter(+1)=15,time(ms)=0.063,total_t(ms)=0.063,cost=0.012
[scan_planner_node-4] [0mfirst_optimize_step_success=1
[scan_planner_node-4] total time:[42m0.000248[0m,optimize:0.00021,refine:3.82e-05
[scan_planner_node-4] final_plan_success=1
[scan_planner_node-4] [FSM]: from REPLAN_TRAJ to EXEC_TRAJ
[closed_loop_controller-6] [INFO] [1785999097.170361559] [closed_loop_controller]: Received trajectory 38, duration 5.440s
[scan_planner_node-4] [INFO] [1785999097.567678683] [scan_planner_node]: [GridMapDiag] cloud=32768 accepted=24081 invalid=8687 below_sensor=0 outside_update=0 sensor_z=0.700 cutoff_z=1.700
[scan_planner_node-4] [FSM]: from EXEC_TRAJ to REPLAN_TRAJ
[scan_planner_node-4] 
[scan_planner_node-4] [rebo replan]: -------------------------------------65
[scan_planner_node-4] start: -6.01 -2.41   0.4,   -0.0326     0.657 -9.06e-06
[scan_planner_node-4] goal: -6   1 0.4, 0 0 0
[scan_planner_node-4] [32miter(+1)=28,time(ms)=0.155,total_t(ms)=0.156,cost=0.017
[scan_planner_node-4] [0mfirst_optimize_step_success=1
[scan_planner_node-4] total time:[42m0.000402[0m,optimize:0.000338,refine:6.43e-05
[scan_planner_node-4] final_plan_success=1
[scan_planner_node-4] [FSM]: from REPLAN_TRAJ to EXEC_TRAJ
[closed_loop_controller-6] [INFO] [1785999099.534095867] [closed_loop_controller]: Received trajectory 39, duration 5.760s
[scan_planner_node-4] [INFO] [1785999099.729390009] [scan_planner_node]: [GridMapDiag] cloud=32768 accepted=24432 invalid=8336 below_sensor=0 outside_update=0 sensor_z=0.700 cutoff_z=1.700
[scan_planner_node-4] [FSM]: state: EXEC_TRAJ
[scan_planner_node-4] [FSM]: from EXEC_TRAJ to REPLAN_TRAJ
[scan_planner_node-4] 
[scan_planner_node-4] [rebo replan]: -------------------------------------66
[scan_planner_node-4] start: -5.99 -1.38   0.4,  -0.00945     0.602 -5.45e-06
[scan_planner_node-4] goal: -6   1 0.4, 0 0 0
[scan_planner_node-4] [32miter(+1)=24,time(ms)=0.068,total_t(ms)=0.068,cost=0.021
[scan_planner_node-4] [0mfirst_optimize_step_success=1
[scan_planner_node-4] total time:[42m0.000177[0m,optimize:0.000149,refine:2.78e-05
[scan_planner_node-4] final_plan_success=1
[scan_planner_node-4] [FSM]: from REPLAN_TRAJ to EXEC_TRAJ
[closed_loop_controller-6] [INFO] [1785999101.170376088] [closed_loop_controller]: Received trajectory 40, duration 3.840s
[scan_planner_node-4] [INFO] [1785999101.779959260] [scan_planner_node]: [GridMapDiag] cloud=32768 accepted=25148 invalid=7620 below_sensor=0 outside_update=0 sensor_z=0.700 cutoff_z=1.700
[scan_planner_node-4] [FSM]: from EXEC_TRAJ to REPLAN_TRAJ
[scan_planner_node-4] 
[scan_planner_node-4] [rebo replan]: -------------------------------------67
[scan_planner_node-4] start:     -6 -0.287    0.4,    0.0013     0.778 -5.43e-06
[scan_planner_node-4] goal: -6   1 0.4, 0 0 0
[scan_planner_node-4] [32miter(+1)=14,time(ms)=0.032,total_t(ms)=0.032,cost=0.049
[scan_planner_node-4] [0mfirst_optimize_step_success=1
[scan_planner_node-4] Need to reallocate time.
[scan_planner_node-4] total time:[42m0.000178[0m,optimize:9.09e-05,refine:8.69e-05
[scan_planner_node-4] final_plan_success=1
[scan_planner_node-4] [FSM]: from REPLAN_TRAJ to EXEC_TRAJ
[closed_loop_controller-6] [INFO] [1785999102.672583289] [closed_loop_controller]: Received trajectory 41, duration 2.576s
[scan_planner_node-4] [INFO] [1785999103.786935783] [scan_planner_node]: [GridMapDiag] cloud=32768 accepted=26394 invalid=6374 below_sensor=0 outside_update=0 sensor_z=0.700 cutoff_z=1.700
[scan_planner_node-4] [FSM]: from EXEC_TRAJ to REPLAN_TRAJ
[scan_planner_node-4] 
[scan_planner_node-4] [rebo replan]: -------------------------------------68
[scan_planner_node-4] start:    -6 0.714   0.4, -0.000688     0.539 -4.52e-06
[scan_planner_node-4] goal: -6   1 0.4, 0 0 0
[scan_planner_node-4] [32miter(+1)=14,time(ms)=0.028,total_t(ms)=0.029,cost=0.001
[scan_planner_node-4] [0mfirst_optimize_step_success=1
[scan_planner_node-4] total time:[42m9.02e-05[0m,optimize:7.24e-05,refine:1.78e-05
[scan_planner_node-4] final_plan_success=1
[scan_planner_node-4] [FSM]: from REPLAN_TRAJ to EXEC_TRAJ
[closed_loop_controller-6] [INFO] [1785999104.083693616] [closed_loop_controller]: Received trajectory 42, duration 2.240s
[loop_path_publisher.py-9] [INFO] [1785999104.875146399] [loop_path_publisher]: Published shuttle route with 31 dense points, run 3
[terrain_path_visualizer-10] [INFO] [1785999104.878966336] [terrain_path_segmenter]: Segmented 31 path points into 2 sections
[scan_planner_node-4] [INFO] [1785999104.946549207] [scan_planner_node]: [MapRefresh] Cleared occupancy and inflation for a new reference path; observation_sequence=633
[scan_planner_node-4] [INFO] [1785999104.946588432] [scan_planner_node]: [MapRefresh] Deferred reference path until 2 fresh map observations have been fused (target_sequence=635)
[scan_planner_node-4] [INFO] [1785999105.153259042] [scan_planner_node]: [MapRefresh] Fresh map ready at observation_sequence=635; accepting deferred reference path
[scan_planner_node-4] [TRIG]: from EXEC_TRAJ to REPLAN_TRAJ
[scan_planner_node-4] 
[scan_planner_node-4] [rebo replan]: -------------------------------------69
[scan_planner_node-4] start:    -6 0.976   0.4, -0.000969     0.056 -2.32e-06
[scan_planner_node-4] goal:  -6 4.53 1.28, 0 0 0
[scan_planner_node-4] [INFO] [1785999105.189193493] [scan_planner_node]: Reference path accepted
[scan_planner_node-4] [32miter(+1)=42,time(ms)=0.278,total_t(ms)=0.278,cost=0.031
[scan_planner_node-4] [0mfirst_optimize_step_success=1
[scan_planner_node-4] Need to reallocate time.
[scan_planner_node-4] total time:[42m0.0009[0m,optimize:0.00049,refine:0.000409
[scan_planner_node-4] final_plan_success=1
[scan_planner_node-4] [FSM]: from REPLAN_TRAJ to EXEC_TRAJ
[closed_loop_controller-6] [INFO] [1785999105.190576349] [closed_loop_controller]: Received trajectory 43, duration 7.718s
[scan_planner_node-4] [FSM]: state: EXEC_TRAJ
[scan_planner_node-4] [INFO] [1785999105.886444761] [scan_planner_node]: [GridMapDiag] cloud=32768 accepted=26995 invalid=5773 below_sensor=0 outside_update=0 sensor_z=0.709 cutoff_z=1.709
[scan_planner_node-4] [INFO] [1785999107.887750054] [scan_planner_node]: [GridMapDiag] cloud=32768 accepted=27159 invalid=5609 below_sensor=0 outside_update=0 sensor_z=0.933 cutoff_z=1.933
[scan_planner_node-4] [FSM]: from EXEC_TRAJ to REPLAN_TRAJ
[scan_planner_node-4] 
[scan_planner_node-4] [rebo replan]: -------------------------------------70
[scan_planner_node-4] start:    -6  1.99 0.593, -7.43e-05     0.597     0.163
[scan_planner_node-4] goal: -6   5 1.4, 0 0 0
[scan_planner_node-4] [32miter(+1)=25,time(ms)=0.114,total_t(ms)=0.115,cost=0.063
[scan_planner_node-4] [0mfirst_optimize_step_success=1
[scan_planner_node-4] Need to reallocate time.
[scan_planner_node-4] total time:[42m0.000481[0m,optimize:0.000236,refine:0.000244
[scan_planner_node-4] final_plan_success=1
[scan_planner_node-4] [FSM]: from REPLAN_TRAJ to EXEC_TRAJ
[closed_loop_controller-6] [INFO] [1785999107.973612924] [closed_loop_controller]: Received trajectory 44, duration 6.275s
[scan_planner_node-4] [FSM]: state: EXEC_TRAJ
[scan_planner_node-4] [FSM]: from EXEC_TRAJ to REPLAN_TRAJ
[scan_planner_node-4] 
[scan_planner_node-4] [rebo replan]: -------------------------------------71
[scan_planner_node-4] start:    -6  2.99 0.861, 0.00044   0.437   0.122
[scan_planner_node-4] goal: -6   5 1.4, 0 0 0
[scan_planner_node-4] [32miter(+1)=17,time(ms)=0.057,total_t(ms)=0.057,cost=0.055
[scan_planner_node-4] [0mfirst_optimize_step_success=1
[scan_planner_node-4] Need to reallocate time.
[scan_planner_node-4] total time:[42m0.000275[0m,optimize:0.000136,refine:0.00014
[scan_planner_node-4] final_plan_success=1
[scan_planner_node-4] [FSM]: from REPLAN_TRAJ to EXEC_TRAJ
[closed_loop_controller-6] [INFO] [1785999109.974054736] [closed_loop_controller]: Received trajectory 45, duration 4.154s
[scan_planner_node-4] [INFO] [1785999109.995248641] [scan_planner_node]: [GridMapDiag] cloud=32768 accepted=24239 invalid=8529 below_sensor=0 outside_update=0 sensor_z=1.198 cutoff_z=2.198
[scan_planner_node-4] [FSM]: state: EXEC_TRAJ
[scan_planner_node-4] [FSM]: from EXEC_TRAJ to REPLAN_TRAJ
[scan_planner_node-4] 
[scan_planner_node-4] [rebo replan]: -------------------------------------72
[scan_planner_node-4] start:   -6    4 1.11, 0.000365    0.676    0.127
[scan_planner_node-4] goal: -6   5 1.4, 0 0 0
[scan_planner_node-4] [32miter(+1)=11,time(ms)=0.032,total_t(ms)=0.032,cost=0.067
[scan_planner_node-4] [0mfirst_optimize_step_success=1
[scan_planner_node-4] Need to reallocate time.
[scan_planner_node-4] total time:[42m0.000198[0m,optimize:0.000106,refine:9.21e-05
[scan_planner_node-4] final_plan_success=1
[scan_planner_node-4] [FSM]: from REPLAN_TRAJ to EXEC_TRAJ
[closed_loop_controller-6] [INFO] [1785999111.783811954] [closed_loop_controller]: Received trajectory 46, duration 2.171s
[scan_planner_node-4] [INFO] [1785999112.027655053] [scan_planner_node]: [GridMapDiag] cloud=32768 accepted=18144 invalid=14624 below_sensor=0 outside_update=0 sensor_z=1.484 cutoff_z=2.484
[terrain_path_visualizer-10] [INFO] [1785999112.894402238] [terrain_path_segmenter]: Visualization advanced to segment 2/2
[scan_planner_node-4] [INFO] [1785999112.940918723] [scan_planner_node]: [MapRefresh] Cleared occupancy and inflation for a new reference path; observation_sequence=708
[scan_planner_node-4] [INFO] [1785999112.940963083] [scan_planner_node]: [MapRefresh] Deferred reference path until 2 fresh map observations have been fused (target_sequence=710)
[scan_planner_node-4] [INFO] [1785999113.095056766] [scan_planner_node]: [MapRefresh] Fresh map ready at observation_sequence=710; accepting deferred reference path
[scan_planner_node-4] [TRIG]: from EXEC_TRAJ to REPLAN_TRAJ
[scan_planner_node-4] 
[scan_planner_node-4] [rebo replan]: -------------------------------------73
[scan_planner_node-4] start:   -6 4.85 1.31, 0.000222     0.43    0.141
[scan_planner_node-4] goal: -6   7 1.4, 0 0 0
[scan_planner_node-4] [INFO] [1785999113.096372976] [scan_planner_node]: Reference path accepted
[scan_planner_node-4] [32miter(+1)=6,time(ms)=0.020,total_t(ms)=0.020,cost=0.085
[scan_planner_node-4] [0mfirst_optimize_step_success=1
[scan_planner_node-4] Need to reallocate time.
[scan_planner_node-4] total time:[42m0.000249[0m,optimize:0.000108,refine:0.000141
[scan_planner_node-4] final_plan_success=1
[scan_planner_node-4] [FSM]: from REPLAN_TRAJ to EXEC_TRAJ
[closed_loop_controller-6] [INFO] [1785999113.096841749] [closed_loop_controller]: Received trajectory 47, duration 5.163s
[scan_planner_node-4] [INFO] [1785999114.034715843] [scan_planner_node]: [GridMapDiag] cloud=32768 accepted=15548 invalid=17220 below_sensor=0 outside_update=0 sensor_z=1.700 cutoff_z=2.700
[scan_planner_node-4] [FSM]: state: EXEC_TRAJ
[scan_planner_node-4] [FSM]: from EXEC_TRAJ to REPLAN_TRAJ
[scan_planner_node-4] 
[scan_planner_node-4] [rebo replan]: -------------------------------------74
[scan_planner_node-4] start:   -6 5.89 1.35, -3.61e-05      0.63    0.0241
[scan_planner_node-4] goal: -6   7 1.4, 0 0 0
[scan_planner_node-4] [32miter(+1)=12,time(ms)=0.033,total_t(ms)=0.034,cost=0.111
[scan_planner_node-4] [0mfirst_optimize_step_success=1
[scan_planner_node-4] Need to reallocate time.
[scan_planner_node-4] total time:[42m0.000169[0m,optimize:9.76e-05,refine:7.14e-05
[scan_planner_node-4] final_plan_success=1
[scan_planner_node-4] [FSM]: from REPLAN_TRAJ to EXEC_TRAJ
[closed_loop_controller-6] [INFO] [1785999115.586020523] [closed_loop_controller]: Received trajectory 48, duration 2.269s
[scan_planner_node-4] [INFO] [1785999116.132615309] [scan_planner_node]: [GridMapDiag] cloud=32768 accepted=15370 invalid=17398 below_sensor=0 outside_update=0 sensor_z=1.700 cutoff_z=2.700
[scan_planner_node-4] [FSM]: from EXEC_TRAJ to REPLAN_TRAJ
[scan_planner_node-4] 
[scan_planner_node-4] [rebo replan]: -------------------------------------75
[scan_planner_node-4] start:   -6 6.91 1.39, 4.72e-06    0.288   0.0305
[scan_planner_node-4] goal: -6   7 1.4, 0 0 0
[scan_planner_node-4] Close to goal
[scan_planner_node-4] final_plan_success=0
[scan_planner_node-4] 
[scan_planner_node-4] [rebo replan]: -------------------------------------76
[scan_planner_node-4] start:   -6 6.91 1.39, 4.72e-06    0.288   0.0305
[scan_planner_node-4] goal: -6   7 1.4, 0 0 0
[scan_planner_node-4] Close to goal
[scan_planner_node-4] final_plan_success=0
[scan_planner_node-4] 
[scan_planner_node-4] [rebo replan]: -------------------------------------77
[scan_planner_node-4] start:   -6 6.91 1.39, 4.72e-06    0.288   0.0305
[scan_planner_node-4] goal: -6   7 1.4, 0 0 0
[scan_planner_node-4] Close to goal
[scan_planner_node-4] final_plan_success=0
[scan_planner_node-4] [FSM]: from REPLAN_TRAJ to REPLAN_TRAJ
[scan_planner_node-4] 
[scan_planner_node-4] [rebo replan]: -------------------------------------78
[scan_planner_node-4] start:   -6 6.92 1.39, 4.41e-06    0.264   0.0305
[scan_planner_node-4] goal: -6   7 1.4, 0 0 0
[scan_planner_node-4] Close to goal
[scan_planner_node-4] final_plan_success=0
[scan_planner_node-4] 
[scan_planner_node-4] [rebo replan]: -------------------------------------79
[scan_planner_node-4] start:   -6 6.92 1.39, 4.41e-06    0.264   0.0305
[scan_planner_node-4] goal: -6   7 1.4, 0 0 0
[scan_planner_node-4] Close to goal
[scan_planner_node-4] final_plan_success=0
[scan_planner_node-4] 
[scan_planner_node-4] [rebo replan]: -------------------------------------80
[scan_planner_node-4] start:   -6 6.92 1.39, 4.41e-06    0.264   0.0305
[scan_planner_node-4] goal: -6   7 1.4, 0 0 0
[scan_planner_node-4] Close to goal
[scan_planner_node-4] final_plan_success=0
[scan_planner_node-4] [FSM]: from REPLAN_TRAJ to REPLAN_TRAJ
[scan_planner_node-4] 
[scan_planner_node-4] [rebo replan]: -------------------------------------81
[scan_planner_node-4] start:   -6 6.92 1.39, 4.35e-06     0.26   0.0305
[scan_planner_node-4] goal: -6   7 1.4, 0 0 0
[scan_planner_node-4] Close to goal
[scan_planner_node-4] final_plan_success=0
[scan_planner_node-4] 
[scan_planner_node-4] [rebo replan]: -------------------------------------82
[scan_planner_node-4] start:   -6 6.92 1.39, 4.35e-06     0.26   0.0305
[scan_planner_node-4] goal: -6   7 1.4, 0 0 0
[scan_planner_node-4] Close to goal
[scan_planner_node-4] final_plan_success=0
[scan_planner_node-4] 
[scan_planner_node-4] [rebo replan]: -------------------------------------83
[scan_planner_node-4] start:   -6 6.92 1.39, 4.35e-06     0.26   0.0305
[scan_planner_node-4] goal: -6   7 1.4, 0 0 0
[scan_planner_node-4] Close to goal
[scan_planner_node-4] final_plan_success=0
[scan_planner_node-4] [FSM]: from REPLAN_TRAJ to REPLAN_TRAJ
[scan_planner_node-4] 
[scan_planner_node-4] [rebo replan]: -------------------------------------84
[scan_planner_node-4] start:   -6 6.93 1.39, 3.69e-06    0.214   0.0286
[scan_planner_node-4] goal: -6   7 1.4, 0 0 0
[scan_planner_node-4] Close to goal
[scan_planner_node-4] final_plan_success=0
[scan_planner_node-4] 
[scan_planner_node-4] [rebo replan]: -------------------------------------85
[scan_planner_node-4] start:   -6 6.93 1.39, 3.69e-06    0.214   0.0286
[scan_planner_node-4] goal: -6   7 1.4, 0 0 0
[scan_planner_node-4] Close to goal
[scan_planner_node-4] final_plan_success=0
[scan_planner_node-4] 
[scan_planner_node-4] [rebo replan]: -------------------------------------86
[scan_planner_node-4] start:   -6 6.93 1.39, 3.69e-06    0.214   0.0286
[scan_planner_node-4] goal: -6   7 1.4, 0 0 0
[scan_planner_node-4] Close to goal
[scan_planner_node-4] final_plan_success=0
[scan_planner_node-4] [FSM]: from REPLAN_TRAJ to REPLAN_TRAJ
[scan_planner_node-4] 
[scan_planner_node-4] [rebo replan]: -------------------------------------87
[scan_planner_node-4] start:   -6 6.94 1.39, 3.29e-06    0.188   0.0266
[scan_planner_node-4] goal: -6   7 1.4, 0 0 0
[scan_planner_node-4] Close to goal
[scan_planner_node-4] final_plan_success=0
[scan_planner_node-4] 
[scan_planner_node-4] [rebo replan]: -------------------------------------88
[scan_planner_node-4] start:   -6 6.94 1.39, 3.29e-06    0.188   0.0266
[scan_planner_node-4] goal: -6   7 1.4, 0 0 0
[scan_planner_node-4] Close to goal
[scan_planner_node-4] final_plan_success=0
[scan_planner_node-4] 
[scan_planner_node-4] [rebo replan]: -------------------------------------89
[scan_planner_node-4] start:   -6 6.94 1.39, 3.29e-06    0.188   0.0266
[scan_planner_node-4] goal: -6   7 1.4, 0 0 0
[scan_planner_node-4] Close to goal
[scan_planner_node-4] final_plan_success=0
[scan_planner_node-4] [FSM]: from REPLAN_TRAJ to REPLAN_TRAJ
[scan_planner_node-4] 
[scan_planner_node-4] [rebo replan]: -------------------------------------90
[scan_planner_node-4] start:   -6 6.95  1.4, 2.87e-06    0.163    0.024
[scan_planner_node-4] goal: -6   7 1.4, 0 0 0
[scan_planner_node-4] Close to goal
[scan_planner_node-4] final_plan_success=0
[scan_planner_node-4] 
[scan_planner_node-4] [rebo replan]: -------------------------------------91
[scan_planner_node-4] start:   -6 6.95  1.4, 2.87e-06    0.163    0.024
[scan_planner_node-4] goal: -6   7 1.4, 0 0 0
[scan_planner_node-4] Close to goal
[scan_planner_node-4] final_plan_success=0
[scan_planner_node-4] 
[scan_planner_node-4] [rebo replan]: -------------------------------------92
[scan_planner_node-4] start:   -6 6.95  1.4, 2.87e-06    0.163    0.024
[scan_planner_node-4] goal: -6   7 1.4, 0 0 0
[scan_planner_node-4] Close to goal
[scan_planner_node-4] final_plan_success=0
[scan_planner_node-4] [FSM]: from REPLAN_TRAJ to REPLAN_TRAJ
[scan_planner_node-4] 
[scan_planner_node-4] [rebo replan]: -------------------------------------93
[scan_planner_node-4] start:   -6 6.95  1.4, 2.78e-06    0.157   0.0233
[scan_planner_node-4] goal: -6   7 1.4, 0 0 0
[scan_planner_node-4] Close to goal
[scan_planner_node-4] final_plan_success=0
[scan_planner_node-4] 
[scan_planner_node-4] [rebo replan]: -------------------------------------94
[scan_planner_node-4] start:   -6 6.95  1.4, 2.78e-06    0.157   0.0233
[scan_planner_node-4] goal: -6   7 1.4, 0 0 0
[scan_planner_node-4] Close to goal
[scan_planner_node-4] final_plan_success=0
[scan_planner_node-4] 
[scan_planner_node-4] [rebo replan]: -------------------------------------95
[scan_planner_node-4] start:   -6 6.95  1.4, 2.78e-06    0.157   0.0233
[scan_planner_node-4] goal: -6   7 1.4, 0 0 0
[scan_planner_node-4] Close to goal
[scan_planner_node-4] final_plan_success=0
[scan_planner_node-4] [FSM]: from REPLAN_TRAJ to REPLAN_TRAJ
[loop_path_publisher.py-9] [INFO] [1785999117.489206638] [loop_path_publisher]: Published shuttle route with 193 dense points, run 4
[scan_planner_node-4] 
[scan_planner_node-4] [rebo replan]: -------------------------------------96
[scan_planner_node-4] start:   -6 6.96  1.4, 1.96e-06    0.111   0.0167
[scan_planner_node-4] goal: -6   7 1.4, 0 0 0
[scan_planner_node-4] Close to goal
[scan_planner_node-4] final_plan_success=0
[scan_planner_node-4] 
[scan_planner_node-4] [rebo replan]: -------------------------------------97
[scan_planner_node-4] start:   -6 6.96  1.4, 1.96e-06    0.111   0.0167
[scan_planner_node-4] goal: -6   7 1.4, 0 0 0
[scan_planner_node-4] Close to goal
[scan_planner_node-4] final_plan_success=0
[scan_planner_node-4] 
[scan_planner_node-4] [rebo replan]: -------------------------------------98
[scan_planner_node-4] start:   -6 6.96  1.4, 1.96e-06    0.111   0.0167
[scan_planner_node-4] goal: -6   7 1.4, 0 0 0
[scan_planner_node-4] Close to goal
[scan_planner_node-4] final_plan_success=0
[scan_planner_node-4] [FSM]: from REPLAN_TRAJ to REPLAN_TRAJ
[terrain_path_visualizer-10] [INFO] [1785999117.506185411] [terrain_path_segmenter]: Segmented 193 path points into 3 sections
[scan_planner_node-4] 
[scan_planner_node-4] [rebo replan]: -------------------------------------99
[scan_planner_node-4] start:   -6 6.96  1.4, 1.53e-06   0.0871   0.0132
[scan_planner_node-4] goal: -6   7 1.4, 0 0 0
[scan_planner_node-4] Close to goal
[scan_planner_node-4] final_plan_success=0
[scan_planner_node-4] 
[scan_planner_node-4] [rebo replan]: -------------------------------------100
[scan_planner_node-4] start:   -6 6.96  1.4, 1.53e-06   0.0871   0.0132
[scan_planner_node-4] goal: -6   7 1.4, 0 0 0
[scan_planner_node-4] Close to goal
[scan_planner_node-4] final_plan_success=0
[scan_planner_node-4] 
[scan_planner_node-4] [rebo replan]: -------------------------------------101
[scan_planner_node-4] start:   -6 6.96  1.4, 1.53e-06   0.0871   0.0132
[scan_planner_node-4] goal: -6   7 1.4, 0 0 0
[scan_planner_node-4] Close to goal
[scan_planner_node-4] final_plan_success=0
[scan_planner_node-4] [FSM]: from REPLAN_TRAJ to REPLAN_TRAJ
[scan_planner_node-4] [INFO] [1785999117.594599194] [scan_planner_node]: [MapRefresh] Cleared occupancy and inflation for a new reference path; observation_sequence=752
[scan_planner_node-4] [INFO] [1785999117.594657533] [scan_planner_node]: [MapRefresh] Deferred reference path until 2 fresh map observations have been fused (target_sequence=754)
[scan_planner_node-4] [INFO] [1785999117.803755279] [scan_planner_node]: [MapRefresh] Fresh map ready at observation_sequence=754; accepting deferred reference path
[scan_planner_node-4] [INFO] [1785999118.190513023] [scan_planner_node]: Reference path accepted
[scan_planner_node-4] 
[scan_planner_node-4] [rebo replan]: -------------------------------------102
[scan_planner_node-4] start:   -6 6.97  1.4, -1.88e-08  0.000583  8.52e-05
[scan_planner_node-4] goal:-2.35     7   1.4,      0.75 -1.31e-16         0
[scan_planner_node-4] [32miter(+1)=6,time(ms)=0.042,total_t(ms)=0.043,cost=0.033
[scan_planner_node-4] [0mfirst_optimize_step_success=1
[scan_planner_node-4] total time:[42m0.000341[0m,optimize:0.000264,refine:7.67e-05
[scan_planner_node-4] final_plan_success=1
[scan_planner_node-4] [FSM]: from REPLAN_TRAJ to EXEC_TRAJ
[closed_loop_controller-6] [INFO] [1785999118.191180231] [closed_loop_controller]: Received trajectory 49, duration 6.080s
[scan_planner_node-4] [INFO] [1785999118.234415214] [scan_planner_node]: [GridMapDiag] cloud=32768 accepted=15375 invalid=17393 below_sensor=0 outside_update=0 sensor_z=1.700 cutoff_z=2.700
[scan_planner_node-4] [FSM]: state: EXEC_TRAJ
[scan_planner_node-4] [INFO] [1785999120.333050479] [scan_planner_node]: [GridMapDiag] cloud=32768 accepted=15253 invalid=17515 below_sensor=0 outside_update=0 sensor_z=1.700 cutoff_z=2.700
[scan_planner_node-4] [INFO] [1785999122.333026366] [scan_planner_node]: [GridMapDiag] cloud=32768 accepted=15955 invalid=16813 below_sensor=0 outside_update=0 sensor_z=1.700 cutoff_z=2.700
[scan_planner_node-4] [FSM]: from EXEC_TRAJ to REPLAN_TRAJ
[scan_planner_node-4] 
[scan_planner_node-4] [rebo replan]: -------------------------------------103
[scan_planner_node-4] start: -4.99  6.99   1.4,    0.775  0.00793 0.000281
[scan_planner_node-4] goal:-1.47     7   1.4,     0.75 7.97e-16        0
[scan_planner_node-4] [32miter(+1)=7,time(ms)=0.078,total_t(ms)=0.079,cost=0.009
[scan_planner_node-4] [0mfirst_optimize_step_success=1
[scan_planner_node-4] total time:[42m0.000332[0m,optimize:0.000271,refine:6.15e-05
[scan_planner_node-4] final_plan_success=1
[scan_planner_node-4] [FSM]: from REPLAN_TRAJ to EXEC_TRAJ
[closed_loop_controller-6] [INFO] [1785999122.734623439] [closed_loop_controller]: Received trajectory 50, duration 5.440s
[scan_planner_node-4] [FSM]: state: EXEC_TRAJ
[scan_planner_node-4] [INFO] [1785999124.430286723] [scan_planner_node]: [GridMapDiag] cloud=32768 accepted=18032 invalid=14736 below_sensor=0 outside_update=0 sensor_z=1.700 cutoff_z=2.700
[scan_planner_node-4] [FSM]: from EXEC_TRAJ to REPLAN_TRAJ
[scan_planner_node-4] 
[scan_planner_node-4] [rebo replan]: -------------------------------------104
[scan_planner_node-4] start: -3.89     7   1.4,    0.642  0.00439 0.000168
[scan_planner_node-4] goal:-0.25     7   1.4,     0.75 5.24e-13        0
[scan_planner_node-4] [32miter(+1)=3,time(ms)=0.014,total_t(ms)=0.014,cost=0.003
[scan_planner_node-4] [0mfirst_optimize_step_success=1
[scan_planner_node-4] total time:[42m0.000182[0m,optimize:0.000144,refine:3.87e-05
[scan_planner_node-4] final_plan_success=1
[scan_planner_node-4] [FSM]: from REPLAN_TRAJ to EXEC_TRAJ
[closed_loop_controller-6] [INFO] [1785999124.488257993] [closed_loop_controller]: Received trajectory 51, duration 5.760s
[scan_planner_node-4] [FSM]: from EXEC_TRAJ to REPLAN_TRAJ
[scan_planner_node-4] 
[scan_planner_node-4] [rebo replan]: -------------------------------------105
[scan_planner_node-4] start: -2.86     7   1.4,    0.625 0.000713 0.000112
[scan_planner_node-4] goal:0.625     7   1.4,    0.75 4.2e-11       0
[scan_planner_node-4] [32miter(+1)=9,time(ms)=0.032,total_t(ms)=0.033,cost=0.007
[scan_planner_node-4] [0mfirst_optimize_step_success=1
[scan_planner_node-4] total time:[42m0.000227[0m,optimize:0.000188,refine:3.88e-05
[scan_planner_node-4] final_plan_success=1
[scan_planner_node-4] [FSM]: from REPLAN_TRAJ to EXEC_TRAJ
[closed_loop_controller-6] [INFO] [1785999126.134326545] [closed_loop_controller]: Received trajectory 52, duration 5.760s
[scan_planner_node-4] [INFO] [1785999126.439058652] [scan_planner_node]: [GridMapDiag] cloud=32768 accepted=20265 invalid=12503 below_sensor=0 outside_update=0 sensor_z=1.700 cutoff_z=2.700
[scan_planner_node-4] [FSM]: from EXEC_TRAJ to REPLAN_TRAJ
[scan_planner_node-4] 
[scan_planner_node-4] [rebo replan]: -------------------------------------106
[scan_planner_node-4] start: -1.83     7   1.4,    0.626 0.000144  8.4e-05
[scan_planner_node-4] goal:1.85    7  1.4,     0.75 6.37e-09        0
[scan_planner_node-4] [32miter(+1)=4,time(ms)=0.034,total_t(ms)=0.034,cost=0.001
[scan_planner_node-4] [0mfirst_optimize_step_success=1
[scan_planner_node-4] total time:[42m0.000263[0m,optimize:0.000206,refine:5.62e-05
[scan_planner_node-4] final_plan_success=1
[scan_planner_node-4] [FSM]: from REPLAN_TRAJ to EXEC_TRAJ
[closed_loop_controller-6] [INFO] [1785999127.797208856] [closed_loop_controller]: Received trajectory 53, duration 5.760s
[scan_planner_node-4] [FSM]: state: EXEC_TRAJ
[scan_planner_node-4] [INFO] [1785999128.535643197] [scan_planner_node]: [GridMapDiag] cloud=32768 accepted=20874 invalid=11894 below_sensor=0 outside_update=0 sensor_z=1.700 cutoff_z=2.700
[scan_planner_node-4] [FSM]: from EXEC_TRAJ to REPLAN_TRAJ
[scan_planner_node-4] 
[scan_planner_node-4] [rebo replan]: -------------------------------------107
[scan_planner_node-4] start: -0.766      7    1.4,    0.625  5.2e-05 5.59e-05
[scan_planner_node-4] goal:2.73    7  1.4,      0.75 -3.86e-08         0
[scan_planner_node-4] [32miter(+1)=5,time(ms)=0.021,total_t(ms)=0.022,cost=0.001
[scan_planner_node-4] [0mfirst_optimize_step_success=1
[scan_planner_node-4] total time:[42m0.000189[0m,optimize:0.000149,refine:4.03e-05
[scan_planner_node-4] final_plan_success=1
[scan_planner_node-4] [FSM]: from REPLAN_TRAJ to EXEC_TRAJ
[closed_loop_controller-6] [INFO] [1785999129.492557509] [closed_loop_controller]: Received trajectory 54, duration 5.440s
[scan_planner_node-4] [INFO] [1785999130.545988425] [scan_planner_node]: [GridMapDiag] cloud=32768 accepted=20992 invalid=11776 below_sensor=0 outside_update=0 sensor_z=1.700 cutoff_z=2.700
[scan_planner_node-4] [FSM]: from EXEC_TRAJ to REPLAN_TRAJ
[scan_planner_node-4] 
[scan_planner_node-4] [rebo replan]: -------------------------------------108
[scan_planner_node-4] start: 0.26    7  1.4,    0.625 1.01e-06  4.2e-05
[scan_planner_node-4] goal:3.95    7  1.4,      0.75 -2.54e-05         0
[scan_planner_node-4] [32miter(+1)=9,time(ms)=0.035,total_t(ms)=0.036,cost=0.007
[scan_planner_node-4] [0mfirst_optimize_step_success=1
[scan_planner_node-4] total time:[42m0.000214[0m,optimize:0.000171,refine:4.25e-05
[scan_planner_node-4] final_plan_success=1
[scan_planner_node-4] [FSM]: from REPLAN_TRAJ to EXEC_TRAJ
[closed_loop_controller-6] [INFO] [1785999131.134372707] [closed_loop_controller]: Received trajectory 55, duration 6.080s
[scan_planner_node-4] [FSM]: from EXEC_TRAJ to REPLAN_TRAJ
[scan_planner_node-4] [FSM]: state: REPLAN_TRAJ
[scan_planner_node-4] 
[scan_planner_node-4] [rebo replan]: -------------------------------------109
[scan_planner_node-4] start: 1.29    7  1.4,    0.625 1.39e-06 2.81e-05
[scan_planner_node-4] goal:  5   7 1.4,    0.75 0.00411       0
[scan_planner_node-4] [32miter(+1)=5,time(ms)=0.031,total_t(ms)=0.031,cost=0.002
[scan_planner_node-4] [0mfirst_optimize_step_success=1
[scan_planner_node-4] total time:[42m0.000241[0m,optimize:0.000189,refine:5.18e-05
[scan_planner_node-4] final_plan_success=1
[scan_planner_node-4] [FSM]: from REPLAN_TRAJ to EXEC_TRAJ
[closed_loop_controller-6] [INFO] [1785999132.784139047] [closed_loop_controller]: Received trajectory 56, duration 5.760s
[scan_planner_node-4] [INFO] [1785999132.829773787] [scan_planner_node]: [GridMapDiag] cloud=32768 accepted=20884 invalid=11884 below_sensor=0 outside_update=0 sensor_z=1.700 cutoff_z=2.700
[scan_planner_node-4] [FSM]: from EXEC_TRAJ to REPLAN_TRAJ
[scan_planner_node-4] 
[scan_planner_node-4] [rebo replan]: -------------------------------------110
[scan_planner_node-4] start: 2.32    7  1.4,     0.625 -2.98e-06  2.01e-05
[scan_planner_node-4] goal:5.89 7.01  1.4, 0.743 0.103     0
[scan_planner_node-4] [32miter(+1)=6,time(ms)=0.040,total_t(ms)=0.041,cost=0.006
[scan_planner_node-4] [0mfirst_optimize_step_success=1
[scan_planner_node-4] total time:[42m0.000292[0m,optimize:0.000236,refine:5.54e-05
[scan_planner_node-4] final_plan_success=1
[scan_planner_node-4] [FSM]: from REPLAN_TRAJ to EXEC_TRAJ
[closed_loop_controller-6] [INFO] [1785999134.433244410] [closed_loop_controller]: Received trajectory 57, duration 5.760s
[scan_planner_node-4] [INFO] [1785999134.829992923] [scan_planner_node]: [GridMapDiag] cloud=32768 accepted=20400 invalid=12368 below_sensor=0 outside_update=0 sensor_z=1.700 cutoff_z=2.700
[scan_planner_node-4] [FSM]: from EXEC_TRAJ to REPLAN_TRAJ
[scan_planner_node-4] [FSM]: state: REPLAN_TRAJ
[scan_planner_node-4] 
[scan_planner_node-4] [rebo replan]: -------------------------------------111
[scan_planner_node-4] start: 3.36    7  1.4,     0.625 -1.75e-05  1.51e-05
[scan_planner_node-4] goal:  6 5.9 1.4, 0.000709   -0.749        0
[scan_planner_node-4] [32miter(+1)=11,time(ms)=0.072,total_t(ms)=0.072,cost=0.018
[scan_planner_node-4] [0mfirst_optimize_step_success=1
[scan_planner_node-4] total time:[42m0.000373[0m,optimize:0.000299,refine:7.42e-05
[scan_planner_node-4] final_plan_success=1
[scan_planner_node-4] [FSM]: from REPLAN_TRAJ to EXEC_TRAJ
[closed_loop_controller-6] [INFO] [1785999136.099789141] [closed_loop_controller]: Received trajectory 58, duration 6.400s
[scan_planner_node-4] [INFO] [1785999136.880995819] [scan_planner_node]: [GridMapDiag] cloud=32768 accepted=18666 invalid=14102 below_sensor=0 outside_update=0 sensor_z=1.700 cutoff_z=2.700
[scan_planner_node-4] [FSM]: from EXEC_TRAJ to REPLAN_TRAJ
[scan_planner_node-4] 
[scan_planner_node-4] [rebo replan]: -------------------------------------112
[scan_planner_node-4] start: 4.41    7  1.4,    0.622  0.00632 9.55e-06
[scan_planner_node-4] goal:  6   5 1.4, 0 0 0
[scan_planner_node-4] [32miter(+1)=36,time(ms)=0.161,total_t(ms)=0.162,cost=0.009
[scan_planner_node-4] [0mfirst_optimize_step_success=1
[scan_planner_node-4] total time:[42m0.000322[0m,optimize:0.000281,refine:4.07e-05
[scan_planner_node-4] final_plan_success=1
[scan_planner_node-4] [FSM]: from REPLAN_TRAJ to EXEC_TRAJ
[closed_loop_controller-6] [INFO] [1785999137.768977303] [closed_loop_controller]: Received trajectory 59, duration 6.080s
[scan_planner_node-4] [INFO] [1785999138.946247060] [scan_planner_node]: [GridMapDiag] cloud=32768 accepted=16097 invalid=16671 below_sensor=0 outside_update=0 sensor_z=1.700 cutoff_z=2.700
[scan_planner_node-4] [FSM]: from EXEC_TRAJ to REPLAN_TRAJ
[scan_planner_node-4] 
[scan_planner_node-4] [rebo replan]: -------------------------------------113
[scan_planner_node-4] start: 5.46 7.07  1.4,    0.618   0.0387 7.61e-06
[scan_planner_node-4] goal:  6   5 1.4, 0 0 0
[scan_planner_node-4] [32miter(+1)=21,time(ms)=0.070,total_t(ms)=0.071,cost=0.038
[scan_planner_node-4] [0mfirst_optimize_step_success=1
[scan_planner_node-4] Need to reallocate time.
[scan_planner_node-4] total time:[42m0.000309[0m,optimize:0.000158,refine:0.000152
[scan_planner_node-4] final_plan_success=1
[scan_planner_node-4] [FSM]: from REPLAN_TRAJ to EXEC_TRAJ
[closed_loop_controller-6] [INFO] [1785999139.356746505] [closed_loop_controller]: Received trajectory 60, duration 4.982s
[scan_planner_node-4] [FSM]: state: EXEC_TRAJ
[scan_planner_node-4] [INFO] [1785999140.992069061] [scan_planner_node]: [GridMapDiag] cloud=32768 accepted=15263 invalid=17505 below_sensor=0 outside_update=0 sensor_z=1.700 cutoff_z=2.700
[scan_planner_node-4] [FSM]: from EXEC_TRAJ to REPLAN_TRAJ
[scan_planner_node-4] 
[scan_planner_node-4] [rebo replan]: -------------------------------------114
[scan_planner_node-4] start: 6.12 6.27  1.4,   0.0166   -0.681 6.51e-06
[scan_planner_node-4] goal:  6   5 1.4, 0 0 0
[scan_planner_node-4] [32miter(+1)=11,time(ms)=0.028,total_t(ms)=0.028,cost=0.051
[scan_planner_node-4] [0mfirst_optimize_step_success=1
[scan_planner_node-4] Need to reallocate time.
[scan_planner_node-4] total time:[42m0.000159[0m,optimize:8.78e-05,refine:7.12e-05
[scan_planner_node-4] final_plan_success=1
[scan_planner_node-4] [FSM]: from REPLAN_TRAJ to EXEC_TRAJ
[closed_loop_controller-6] [INFO] [1785999141.785680855] [closed_loop_controller]: Received trajectory 61, duration 2.587s
[scan_planner_node-4] [INFO] [1785999143.102385134] [scan_planner_node]: [GridMapDiag] cloud=32768 accepted=15303 invalid=17465 below_sensor=0 outside_update=0 sensor_z=1.700 cutoff_z=2.700
[terrain_path_visualizer-10] [INFO] [1785999143.244437817] [terrain_path_segmenter]: Visualization advanced to segment 2/3
[scan_planner_node-4] [FSM]: from EXEC_TRAJ to REPLAN_TRAJ
[scan_planner_node-4] [INFO] [1785999143.302204426] [scan_planner_node]: [MapRefresh] Cleared occupancy and inflation for a new reference path; observation_sequence=958
[scan_planner_node-4] [INFO] [1785999143.302259907] [scan_planner_node]: [MapRefresh] Deferred reference path until 2 fresh map observations have been fused (target_sequence=960)
[scan_planner_node-4] [INFO] [1785999143.598217257] [scan_planner_node]: [MapRefresh] Fresh map ready at observation_sequence=960; accepting deferred reference path
[scan_planner_node-4] [INFO] [1785999143.600256747] [scan_planner_node]: Reference path accepted
[scan_planner_node-4] 
[scan_planner_node-4] [rebo replan]: -------------------------------------115
[scan_planner_node-4] start: 6.02 5.11  1.4, -0.0585  -0.326 7.7e-06
[scan_planner_node-4] goal:  6   3 0.4, 0 0 0
[scan_planner_node-4] [32miter(+1)=6,time(ms)=0.031,total_t(ms)=0.031,cost=0.048
[scan_planner_node-4] [0mfirst_optimize_step_success=1
[scan_planner_node-4] total time:[42m0.000231[0m,optimize:0.000186,refine:4.5e-05
[scan_planner_node-4] final_plan_success=1
[scan_planner_node-4] [FSM]: from REPLAN_TRAJ to EXEC_TRAJ
[closed_loop_controller-6] [INFO] [1785999143.600751327] [closed_loop_controller]: Received trajectory 62, duration 4.480s
[scan_planner_node-4] [INFO] [1785999145.233455051] [scan_planner_node]: [GridMapDiag] cloud=32768 accepted=19235 invalid=13533 below_sensor=0 outside_update=0 sensor_z=1.467 cutoff_z=2.467
[scan_planner_node-4] [FSM]: state: EXEC_TRAJ
[scan_planner_node-4] [FSM]: from EXEC_TRAJ to REPLAN_TRAJ
[scan_planner_node-4] 
[scan_planner_node-4] [rebo replan]: -------------------------------------116
[scan_planner_node-4] start:     6  4.14 0.944, 0.00491  -0.764   -0.37
[scan_planner_node-4] goal:  6   3 0.4, 0 0 0
[scan_planner_node-4] [32miter(+1)=14,time(ms)=0.029,total_t(ms)=0.030,cost=0.133
[scan_planner_node-4] [0mfirst_optimize_step_success=1
[scan_planner_node-4] Need to reallocate time.
[scan_planner_node-4] total time:[42m0.000167[0m,optimize:8.17e-05,refine:8.49e-05
[scan_planner_node-4] final_plan_success=1
[scan_planner_node-4] [FSM]: from REPLAN_TRAJ to EXEC_TRAJ
[closed_loop_controller-6] [INFO] [1785999145.731115655] [closed_loop_controller]: Received trajectory 63, duration 2.742s
[terrain_path_visualizer-10] [INFO] [1785999147.134735607] [terrain_path_segmenter]: Visualization advanced to segment 3/3
[scan_planner_node-4] [INFO] [1785999147.189367180] [scan_planner_node]: [MapRefresh] Cleared occupancy and inflation for a new reference path; observation_sequence=992
[scan_planner_node-4] [INFO] [1785999147.189415684] [scan_planner_node]: [MapRefresh] Deferred reference path until 2 fresh map observations have been fused (target_sequence=994)
[scan_planner_node-4] [INFO] [1785999147.285831146] [scan_planner_node]: [GridMapDiag] cloud=32768 accepted=27087 invalid=5681 below_sensor=0 outside_update=0 sensor_z=0.811 cutoff_z=1.811
[scan_planner_node-4] [INFO] [1785999147.346532495] [scan_planner_node]: [MapRefresh] Fresh map ready at observation_sequence=994; accepting deferred reference path
[scan_planner_node-4] [TRIG]: from EXEC_TRAJ to REPLAN_TRAJ
[scan_planner_node-4] [INFO] [1785999148.270736047] [scan_planner_node]: Reference path accepted
[scan_planner_node-4] 
[scan_planner_node-4] [rebo replan]: -------------------------------------117
[scan_planner_node-4] start:     6  3.01 0.412, -3.61e-05   -0.0236   -0.0631
[scan_planner_node-4] goal:    6 -0.65   0.4, -1.25e-05     -0.75         0
[scan_planner_node-4] [32miter(+1)=21,time(ms)=0.176,total_t(ms)=0.176,cost=0.014
[scan_planner_node-4] [0mfirst_optimize_step_success=1
[scan_planner_node-4] total time:[42m0.000529[0m,optimize:0.000433,refine:9.58e-05
[scan_planner_node-4] final_plan_success=1
[scan_planner_node-4] [FSM]: from REPLAN_TRAJ to EXEC_TRAJ
[closed_loop_controller-6] [INFO] [1785999148.271673041] [closed_loop_controller]: Received trajectory 64, duration 6.080s
[scan_planner_node-4] [INFO] [1785999149.332577992] [scan_planner_node]: [GridMapDiag] cloud=32768 accepted=27660 invalid=5108 below_sensor=0 outside_update=0 sensor_z=0.703 cutoff_z=1.703
[scan_planner_node-4] [FSM]: state: EXEC_TRAJ
[scan_planner_node-4] [INFO] [1785999151.432580313] [scan_planner_node]: [GridMapDiag] cloud=32768 accepted=27635 invalid=5133 below_sensor=0 outside_update=0 sensor_z=0.703 cutoff_z=1.703
[scan_planner_node-4] [INFO] [1785999153.485657305] [scan_planner_node]: [GridMapDiag] cloud=32768 accepted=27581 invalid=5187 below_sensor=0 outside_update=0 sensor_z=0.714 cutoff_z=1.714
[scan_planner_node-4] [FSM]: state: EXEC_TRAJ
[scan_planner_node-4] [INFO] [1785999155.486014933] [scan_planner_node]: [GridMapDiag] cloud=32768 accepted=27619 invalid=5149 below_sensor=0 outside_update=0 sensor_z=0.714 cutoff_z=1.714
[scan_planner_node-4] [INFO] [1785999157.580677242] [scan_planner_node]: [GridMapDiag] cloud=32768 accepted=27647 invalid=5121 below_sensor=0 outside_update=0 sensor_z=0.700 cutoff_z=1.700
[scan_planner_node-4] [FSM]: state: EXEC_TRAJ
[scan_planner_node-4] [FSM]: from EXEC_TRAJ to REPLAN_TRAJ
[scan_planner_node-4] 
[scan_planner_node-4] [rebo replan]: -------------------------------------118
[scan_planner_node-4] start:     6  1.96 0.409, -3.3e-05    -0.78 -0.00248
[scan_planner_node-4] goal:   6 -1.7  0.4, 0.000305    -0.75        0
[scan_planner_node-4] [32miter(+1)=13,time(ms)=0.073,total_t(ms)=0.073,cost=0.008
[scan_planner_node-4] [0mfirst_optimize_step_success=1
[scan_planner_node-4] total time:[42m0.000307[0m,optimize:0.000243,refine:6.48e-05
[scan_planner_node-4] final_plan_success=1
[scan_planner_node-4] [FSM]: from REPLAN_TRAJ to EXEC_TRAJ
[closed_loop_controller-6] [INFO] [1785999159.178075585] [closed_loop_controller]: Received trajectory 65, duration 6.080s
[scan_planner_node-4] [INFO] [1785999159.597194428] [scan_planner_node]: [GridMapDiag] cloud=32768 accepted=26187 invalid=6581 below_sensor=0 outside_update=0 sensor_z=0.700 cutoff_z=1.700
[scan_planner_node-4] [FSM]: from EXEC_TRAJ to REPLAN_TRAJ
[scan_planner_node-4] 
[scan_planner_node-4] [rebo replan]: -------------------------------------119
[scan_planner_node-4] start:     6 0.887 0.406, -8.36e-05    -0.612  -0.00153
[scan_planner_node-4] goal:    6 -2.58   0.4, -0.0381  -0.712       0
[scan_planner_node-4] [32miter(+1)=5,time(ms)=0.026,total_t(ms)=0.027,cost=0.001
[scan_planner_node-4] [0mfirst_optimize_step_success=1
[scan_planner_node-4] total time:[42m0.000191[0m,optimize:0.000149,refine:4.26e-05
[scan_planner_node-4] final_plan_success=1
[scan_planner_node-4] [FSM]: from REPLAN_TRAJ to EXEC_TRAJ
[closed_loop_controller-6] [INFO] [1785999160.902249223] [closed_loop_controller]: Received trajectory 66, duration 5.440s
[scan_planner_node-4] [INFO] [1785999161.626332570] [scan_planner_node]: [GridMapDiag] cloud=32768 accepted=25405 invalid=7363 below_sensor=0 outside_update=0 sensor_z=0.700 cutoff_z=1.700
[scan_planner_node-4] [FSM]: from EXEC_TRAJ to REPLAN_TRAJ
[scan_planner_node-4] 
[scan_planner_node-4] [rebo replan]: -------------------------------------120
[scan_planner_node-4] start:      6 -0.168  0.404, -2.33e-05    -0.625  -0.00114
[scan_planner_node-4] goal:5.2  -3 0.4,    -0.74 -0.00959        0
[scan_planner_node-4] [32miter(+1)=12,time(ms)=0.088,total_t(ms)=0.089,cost=0.006
[scan_planner_node-4] [0mfirst_optimize_step_success=1
[scan_planner_node-4] total time:[42m0.000375[0m,optimize:0.000301,refine:7.43e-05
[scan_planner_node-4] final_plan_success=1
[scan_planner_node-4] [FSM]: from REPLAN_TRAJ to EXEC_TRAJ
[closed_loop_controller-6] [INFO] [1785999162.590222708] [closed_loop_controller]: Received trajectory 67, duration 5.760s
[scan_planner_node-4] [FSM]: state: EXEC_TRAJ
[scan_planner_node-4] [INFO] [1785999163.699639238] [scan_planner_node]: [GridMapDiag] cloud=32768 accepted=24887 invalid=7881 below_sensor=0 outside_update=0 sensor_z=0.700 cutoff_z=1.700
[scan_planner_node-4] [FSM]: from EXEC_TRAJ to REPLAN_TRAJ
[scan_planner_node-4] 
[scan_planner_node-4] [rebo replan]: -------------------------------------121
[scan_planner_node-4] start:     6 -1.23 0.403,   0.00325     -0.63 -0.000775
[scan_planner_node-4] goal:4.15   -3  0.4,   -0.75 5.9e-05       0
[scan_planner_node-4] [32miter(+1)=10,time(ms)=0.061,total_t(ms)=0.061,cost=0.007
[scan_planner_node-4] [0mfirst_optimize_step_success=1
[scan_planner_node-4] total time:[42m0.000315[0m,optimize:0.00025,refine:6.45e-05
[scan_planner_node-4] final_plan_success=1
[scan_planner_node-4] [FSM]: from REPLAN_TRAJ to EXEC_TRAJ
[closed_loop_controller-6] [INFO] [1785999164.291913286] [closed_loop_controller]: Received trajectory 68, duration 5.440s
[scan_planner_node-4] [INFO] [1785999165.730217010] [scan_planner_node]: [GridMapDiag] cloud=32768 accepted=24464 invalid=8304 below_sensor=0 outside_update=0 sensor_z=0.700 cutoff_z=1.700
[scan_planner_node-4] [FSM]: from EXEC_TRAJ to REPLAN_TRAJ
[scan_planner_node-4] 
[scan_planner_node-4] [rebo replan]: -------------------------------------122
[scan_planner_node-4] start:  6.03 -2.26 0.402,    0.0431    -0.655 -0.000558
[scan_planner_node-4] goal:3.1  -3 0.4,    -0.75 3.61e-07        0
[scan_planner_node-4] [32miter(+1)=9,time(ms)=0.037,total_t(ms)=0.037,cost=0.006
[scan_planner_node-4] [0mfirst_optimize_step_success=1
[scan_planner_node-4] total time:[42m0.000221[0m,optimize:0.000182,refine:3.86e-05
[scan_planner_node-4] final_plan_success=1
[scan_planner_node-4] [FSM]: from REPLAN_TRAJ to EXEC_TRAJ
[closed_loop_controller-6] [INFO] [1785999165.939619056] [closed_loop_controller]: Received trajectory 69, duration 5.440s
[scan_planner_node-4] [INFO] [1785999167.730066128] [scan_planner_node]: [GridMapDiag] cloud=32768 accepted=24131 invalid=8637 below_sensor=0 outside_update=0 sensor_z=0.700 cutoff_z=1.700
[scan_planner_node-4] [FSM]: from EXEC_TRAJ to REPLAN_TRAJ
[scan_planner_node-4] 
[scan_planner_node-4] [rebo replan]: -------------------------------------123
[scan_planner_node-4] start:  5.33 -3.02 0.401,    -0.65 2.43e-05 -0.00039
[scan_planner_node-4] goal:1.7  -3 0.4,    -0.75 -9.9e-10        0
[scan_planner_node-4] [32miter(+1)=5,time(ms)=0.027,total_t(ms)=0.027,cost=0.003
[scan_planner_node-4] [0mfirst_optimize_step_success=1
[scan_planner_node-4] total time:[42m0.00023[0m,optimize:0.000182,refine:4.76e-05
[scan_planner_node-4] final_plan_success=1
[scan_planner_node-4] [FSM]: from REPLAN_TRAJ to EXEC_TRAJ
[closed_loop_controller-6] [INFO] [1785999168.162079007] [closed_loop_controller]: Received trajectory 70, duration 5.760s
[scan_planner_node-4] [FSM]: state: EXEC_TRAJ
[scan_planner_node-4] [FSM]: from EXEC_TRAJ to REPLAN_TRAJ
[scan_planner_node-4] 
[scan_planner_node-4] [rebo replan]: -------------------------------------124
[scan_planner_node-4] start:   4.3    -3 0.401,    -0.626 -0.000828 -0.000241
[scan_planner_node-4] goal:0.825    -3   0.4,     -0.75 -9.74e-11         0
[scan_planner_node-4] [32miter(+1)=4,time(ms)=0.018,total_t(ms)=0.018,cost=0.001
[scan_planner_node-4] [0mfirst_optimize_step_success=1
[scan_planner_node-4] total time:[42m0.000184[0m,optimize:0.000147,refine:3.65e-05
[scan_planner_node-4] final_plan_success=1
[scan_planner_node-4] [FSM]: from REPLAN_TRAJ to EXEC_TRAJ
[closed_loop_controller-6] [INFO] [1785999169.814765190] [closed_loop_controller]: Received trajectory 71, duration 5.440s
[scan_planner_node-4] [INFO] [1785999169.892331498] [scan_planner_node]: [GridMapDiag] cloud=32768 accepted=23870 invalid=8898 below_sensor=0 outside_update=0 sensor_z=0.700 cutoff_z=1.700
[scan_planner_node-4] [FSM]: from EXEC_TRAJ to REPLAN_TRAJ
[scan_planner_node-4] 
[scan_planner_node-4] [rebo replan]: -------------------------------------125
[scan_planner_node-4] start:  3.22    -3 0.401,    -0.625  0.000804 -0.000179
[scan_planner_node-4] goal:-0.4   -3  0.4,    -0.75 1.53e-11        0
[scan_planner_node-4] [32miter(+1)=8,time(ms)=0.044,total_t(ms)=0.044,cost=0.002
[scan_planner_node-4] [0mfirst_optimize_step_success=1
[scan_planner_node-4] total time:[42m0.000282[0m,optimize:0.000234,refine:4.82e-05
[scan_planner_node-4] final_plan_success=1
[scan_planner_node-4] [FSM]: from REPLAN_TRAJ to EXEC_TRAJ
[closed_loop_controller-6] [INFO] [1785999171.530364004] [closed_loop_controller]: Received trajectory 72, duration 5.760s
[scan_planner_node-4] [INFO] [1785999172.032650086] [scan_planner_node]: [GridMapDiag] cloud=32768 accepted=24652 invalid=8116 below_sensor=0 outside_update=0 sensor_z=0.700 cutoff_z=1.700
[scan_planner_node-4] [FSM]: from EXEC_TRAJ to REPLAN_TRAJ
[scan_planner_node-4] 
[scan_planner_node-4] [rebo replan]: -------------------------------------126
[scan_planner_node-4] start: 2.16   -3  0.4,    -0.625    0.0018 -0.000119
[scan_planner_node-4] goal:-1.27    -3   0.4,    -0.75 3.94e-10        0
[scan_planner_node-4] [32miter(+1)=7,time(ms)=0.027,total_t(ms)=0.027,cost=0.001
[scan_planner_node-4] [0mfirst_optimize_step_success=1
[scan_planner_node-4] total time:[42m0.000199[0m,optimize:0.000161,refine:3.81e-05
[scan_planner_node-4] final_plan_success=1
[scan_planner_node-4] [FSM]: from REPLAN_TRAJ to EXEC_TRAJ
[closed_loop_controller-6] [INFO] [1785999173.230159236] [closed_loop_controller]: Received trajectory 73, duration 5.440s
[scan_planner_node-4] [FSM]: state: EXEC_TRAJ
[scan_planner_node-4] [INFO] [1785999174.041935853] [scan_planner_node]: [GridMapDiag] cloud=32768 accepted=25346 invalid=7422 below_sensor=0 outside_update=0 sensor_z=0.700 cutoff_z=1.700
[scan_planner_node-4] [FSM]: from EXEC_TRAJ to REPLAN_TRAJ
[scan_planner_node-4] 
[scan_planner_node-4] [rebo replan]: -------------------------------------127
[scan_planner_node-4] start: 1.11   -3  0.4,    -0.625 -5.93e-06 -8.85e-05
[scan_planner_node-4] goal:-2.33    -3   0.4,    -0.75 7.16e-09        0
[scan_planner_node-4] [32miter(+1)=7,time(ms)=0.032,total_t(ms)=0.033,cost=0.001
[scan_planner_node-4] [0mfirst_optimize_step_success=1
[scan_planner_node-4] total time:[42m0.000226[0m,optimize:0.000187,refine:3.85e-05
[scan_planner_node-4] final_plan_success=1
[scan_planner_node-4] [FSM]: from REPLAN_TRAJ to EXEC_TRAJ
[closed_loop_controller-6] [INFO] [1785999174.912008484] [closed_loop_controller]: Received trajectory 74, duration 5.440s
[scan_planner_node-4] [INFO] [1785999176.078153332] [scan_planner_node]: [GridMapDiag] cloud=32768 accepted=25173 invalid=7595 below_sensor=0 outside_update=0 sensor_z=0.700 cutoff_z=1.700
[scan_planner_node-4] [FSM]: from EXEC_TRAJ to REPLAN_TRAJ
[scan_planner_node-4] 
[scan_planner_node-4] [rebo replan]: -------------------------------------128
[scan_planner_node-4] start: 0.0836     -3    0.4,    -0.625  4.85e-06 -6.16e-05
[scan_planner_node-4] goal:-3.55    -3   0.4,    -0.75 4.71e-06        0
[scan_planner_node-4] [32miter(+1)=7,time(ms)=0.026,total_t(ms)=0.027,cost=0.002
[scan_planner_node-4] [0mfirst_optimize_step_success=1
[scan_planner_node-4] total time:[42m0.000214[0m,optimize:0.000173,refine:4.07e-05
[scan_planner_node-4] final_plan_success=1
[scan_planner_node-4] [FSM]: from REPLAN_TRAJ to EXEC_TRAJ
[closed_loop_controller-6] [INFO] [1785999176.556192711] [closed_loop_controller]: Received trajectory 75, duration 5.760s
[scan_planner_node-4] [FSM]: from EXEC_TRAJ to REPLAN_TRAJ
[scan_planner_node-4] 
[scan_planner_node-4] [rebo replan]: -------------------------------------129
[scan_planner_node-4] start: -0.944     -3    0.4,    -0.625 -3.45e-06 -4.09e-05
[scan_planner_node-4] goal:-4.6   -3  0.4,     -0.75 -0.000765         0
[scan_planner_node-4] [32miter(+1)=4,time(ms)=0.018,total_t(ms)=0.018,cost=0.001
[scan_planner_node-4] [0mfirst_optimize_step_success=1
[scan_planner_node-4] total time:[42m0.000201[0m,optimize:0.000161,refine:4.07e-05
[scan_planner_node-4] final_plan_success=1
[scan_planner_node-4] [FSM]: from REPLAN_TRAJ to EXEC_TRAJ
[closed_loop_controller-6] [INFO] [1785999178.200428744] [closed_loop_controller]: Received trajectory 76, duration 5.760s
[scan_planner_node-4] [INFO] [1785999178.280956010] [scan_planner_node]: [GridMapDiag] cloud=32768 accepted=25042 invalid=7726 below_sensor=0 outside_update=0 sensor_z=0.700 cutoff_z=1.700
[scan_planner_node-4] [FSM]: state: EXEC_TRAJ
[scan_planner_node-4] [FSM]: from EXEC_TRAJ to REPLAN_TRAJ
[scan_planner_node-4] 
[scan_planner_node-4] [rebo replan]: -------------------------------------130
[scan_planner_node-4] start: -2.02    -3   0.4,    -0.625  7.76e-07 -2.89e-05
[scan_planner_node-4] goal:-5.48    -3   0.4,   -0.75 -0.0186       0
[scan_planner_node-4] [32miter(+1)=4,time(ms)=0.029,total_t(ms)=0.029,cost=0.001
[scan_planner_node-4] [0mfirst_optimize_step_success=1
[scan_planner_node-4] total time:[42m0.000305[0m,optimize:0.000245,refine:6.06e-05
[scan_planner_node-4] final_plan_success=1
[scan_planner_node-4] [FSM]: from REPLAN_TRAJ to EXEC_TRAJ
[closed_loop_controller-6] [INFO] [1785999179.922021670] [closed_loop_controller]: Received trajectory 77, duration 5.440s
[scan_planner_node-4] [INFO] [1785999180.338383990] [scan_planner_node]: [GridMapDiag] cloud=32768 accepted=24716 invalid=8052 below_sensor=0 outside_update=0 sensor_z=0.700 cutoff_z=1.700
[scan_planner_node-4] [FSM]: from EXEC_TRAJ to REPLAN_TRAJ
[scan_planner_node-4] 
[scan_planner_node-4] [rebo replan]: -------------------------------------131
[scan_planner_node-4] start: -3.09    -3   0.4,    -0.625  2.11e-06 -2.16e-05
[scan_planner_node-4] goal:  -6 -2.3  0.4, -0.00383    0.746        0
[scan_planner_node-4] [32miter(+1)=13,time(ms)=0.057,total_t(ms)=0.058,cost=0.006
[scan_planner_node-4] [0mfirst_optimize_step_success=1
[scan_planner_node-4] total time:[42m0.000284[0m,optimize:0.000238,refine:4.67e-05
[scan_planner_node-4] final_plan_success=1
[scan_planner_node-4] [FSM]: from REPLAN_TRAJ to EXEC_TRAJ
[closed_loop_controller-6] [INFO] [1785999181.635007557] [closed_loop_controller]: Received trajectory 78, duration 5.760s
[scan_planner_node-4] [INFO] [1785999182.345105964] [scan_planner_node]: [GridMapDiag] cloud=32768 accepted=24181 invalid=8587 below_sensor=0 outside_update=0 sensor_z=0.700 cutoff_z=1.700
[scan_planner_node-4] [FSM]: from EXEC_TRAJ to REPLAN_TRAJ
[scan_planner_node-4] 
[scan_planner_node-4] [rebo replan]: -------------------------------------132
[scan_planner_node-4] start: -4.14    -3   0.4,    -0.626  -0.00622 -1.46e-05
[scan_planner_node-4] goal:   -6 -1.42   0.4, -0.000377      0.75         0
[scan_planner_node-4] [32miter(+1)=10,time(ms)=0.039,total_t(ms)=0.039,cost=0.007
[scan_planner_node-4] [0mfirst_optimize_step_success=1
[scan_planner_node-4] total time:[42m0.000192[0m,optimize:0.000155,refine:3.67e-05
[scan_planner_node-4] final_plan_success=1
[scan_planner_node-4] [FSM]: from REPLAN_TRAJ to EXEC_TRAJ
[closed_loop_controller-6] [INFO] [1785999183.319595558] [closed_loop_controller]: Received trajectory 79, duration 5.120s
[scan_planner_node-4] [INFO] [1785999184.435300547] [scan_planner_node]: [GridMapDiag] cloud=32768 accepted=23926 invalid=8842 below_sensor=0 outside_update=0 sensor_z=0.700 cutoff_z=1.700
[scan_planner_node-4] [FSM]: from EXEC_TRAJ to REPLAN_TRAJ
[scan_planner_node-4] 
[scan_planner_node-4] [rebo replan]: -------------------------------------133
[scan_planner_node-4] start:  -5.2 -3.01   0.4,    -0.654   -0.0662 -1.11e-05
[scan_planner_node-4] goal:    -6 -0.375    0.4, 3.58e-06     0.75        0
[scan_planner_node-4] [32miter(+1)=9,time(ms)=0.035,total_t(ms)=0.035,cost=0.007
[scan_planner_node-4] [0mfirst_optimize_step_success=1
[scan_planner_node-4] total time:[42m0.00019[0m,optimize:0.000154,refine:3.65e-05
[scan_planner_node-4] final_plan_success=1
[scan_planner_node-4] [FSM]: from REPLAN_TRAJ to EXEC_TRAJ
[closed_loop_controller-6] [INFO] [1785999185.021410399] [closed_loop_controller]: Received trajectory 80, duration 5.120s
[scan_planner_node-4] [FSM]: state: EXEC_TRAJ
[scan_planner_node-4] [INFO] [1785999186.682654374] [scan_planner_node]: [GridMapDiag] cloud=32768 accepted=24288 invalid=8480 below_sensor=0 outside_update=0 sensor_z=0.700 cutoff_z=1.700
[scan_planner_node-4] [FSM]: from EXEC_TRAJ to REPLAN_TRAJ
[scan_planner_node-4] 
[scan_planner_node-4] [rebo replan]: -------------------------------------134
[scan_planner_node-4] start: -6.02 -2.35   0.4,  0.000991      0.65 -7.58e-06
[scan_planner_node-4] goal: -6   1 0.4, 0 0 0
[scan_planner_node-4] [32miter(+1)=29,time(ms)=0.126,total_t(ms)=0.126,cost=0.019
[scan_planner_node-4] [0mfirst_optimize_step_success=1
[scan_planner_node-4] total time:[42m0.000294[0m,optimize:0.000254,refine:4.03e-05
[scan_planner_node-4] final_plan_success=1
[scan_planner_node-4] [FSM]: from REPLAN_TRAJ to EXEC_TRAJ
[closed_loop_controller-6] [INFO] [1785999187.335208486] [closed_loop_controller]: Received trajectory 81, duration 5.440s
[scan_planner_node-4] [INFO] [1785999188.712600853] [scan_planner_node]: [GridMapDiag] cloud=32768 accepted=24854 invalid=7914 below_sensor=0 outside_update=0 sensor_z=0.700 cutoff_z=1.700
[scan_planner_node-4] [FSM]: from EXEC_TRAJ to REPLAN_TRAJ
[scan_planner_node-4] 
[scan_planner_node-4] [rebo replan]: -------------------------------------135
[scan_planner_node-4] start: -5.99 -1.29   0.4,   -0.0193     0.606 -4.46e-06
[scan_planner_node-4] goal: -6   1 0.4, 0 0 0
[scan_planner_node-4] [32miter(+1)=28,time(ms)=0.158,total_t(ms)=0.158,cost=0.010
[scan_planner_node-4] [0mfirst_optimize_step_success=1
[scan_planner_node-4] total time:[42m0.000324[0m,optimize:0.000276,refine:4.79e-05
[scan_planner_node-4] final_plan_success=1
[scan_planner_node-4] [FSM]: from REPLAN_TRAJ to EXEC_TRAJ
[closed_loop_controller-6] [INFO] [1785999189.047426805] [closed_loop_controller]: Received trajectory 82, duration 3.840s
[scan_planner_node-4] [FSM]: from EXEC_TRAJ to REPLAN_TRAJ
[scan_planner_node-4] 
[scan_planner_node-4] [rebo replan]: -------------------------------------136
[scan_planner_node-4] start:     -6 -0.218    0.4,   0.00593     0.767 -4.43e-06
[scan_planner_node-4] goal: -6   1 0.4, 0 0 0
[scan_planner_node-4] [32miter(+1)=11,time(ms)=0.023,total_t(ms)=0.023,cost=0.127
[scan_planner_node-4] [0mfirst_optimize_step_success=1
[scan_planner_node-4] Need to reallocate time.
[scan_planner_node-4] total time:[42m0.000135[0m,optimize:7.51e-05,refine:6e-05
[scan_planner_node-4] final_plan_success=1
[scan_planner_node-4] [FSM]: from REPLAN_TRAJ to EXEC_TRAJ
[closed_loop_controller-6] [INFO] [1785999190.516322824] [closed_loop_controller]: Received trajectory 83, duration 2.283s
[scan_planner_node-4] [INFO] [1785999190.794173132] [scan_planner_node]: [GridMapDiag] cloud=32768 accepted=25738 invalid=7030 below_sensor=0 outside_update=0 sensor_z=0.700 cutoff_z=1.700
[scan_planner_node-4] [FSM]: state: EXEC_TRAJ
[scan_planner_node-4] [FSM]: from EXEC_TRAJ to REPLAN_TRAJ
[scan_planner_node-4] 
[scan_planner_node-4] [rebo replan]: -------------------------------------137
[scan_planner_node-4] start:    -6 0.813   0.4,   -0.0015     0.399 -5.13e-06
[scan_planner_node-4] goal: -6   1 0.4, 0 0 0
[scan_planner_node-4] Close to goal
[scan_planner_node-4] final_plan_success=0
[scan_planner_node-4] 
[scan_planner_node-4] [rebo replan]: -------------------------------------138
[scan_planner_node-4] start:    -6 0.813   0.4,   -0.0015     0.399 -5.13e-06
[scan_planner_node-4] goal: -6   1 0.4, 0 0 0
[scan_planner_node-4] Close to goal
[scan_planner_node-4] final_plan_success=0
[scan_planner_node-4] 
[scan_planner_node-4] [rebo replan]: -------------------------------------139
[scan_planner_node-4] start:    -6 0.813   0.4,   -0.0015     0.399 -5.13e-06
[scan_planner_node-4] goal: -6   1 0.4, 0 0 0
[scan_planner_node-4] Close to goal
[scan_planner_node-4] final_plan_success=0
[scan_planner_node-4] [FSM]: from REPLAN_TRAJ to REPLAN_TRAJ
[scan_planner_node-4] 
[scan_planner_node-4] [rebo replan]: -------------------------------------140
[scan_planner_node-4] start:    -6 0.817   0.4,  -0.00149     0.392 -5.36e-06
[scan_planner_node-4] goal: -6   1 0.4, 0 0 0
[scan_planner_node-4] Close to goal
[scan_planner_node-4] final_plan_success=0
[scan_planner_node-4] 
[scan_planner_node-4] [rebo replan]: -------------------------------------141
[scan_planner_node-4] start:    -6 0.817   0.4,  -0.00149     0.392 -5.36e-06
[scan_planner_node-4] goal: -6   1 0.4, 0 0 0
[scan_planner_node-4] Close to goal
[scan_planner_node-4] final_plan_success=0
[scan_planner_node-4] 
[scan_planner_node-4] [rebo replan]: -------------------------------------142
[scan_planner_node-4] start:    -6 0.817   0.4,  -0.00149     0.392 -5.36e-06
[scan_planner_node-4] goal: -6   1 0.4, 0 0 0
[scan_planner_node-4] Close to goal
[scan_planner_node-4] final_plan_success=0
[scan_planner_node-4] [FSM]: from REPLAN_TRAJ to REPLAN_TRAJ
[scan_planner_node-4] 
[scan_planner_node-4] [rebo replan]: -------------------------------------143
[scan_planner_node-4] start:    -6 0.842   0.4,  -0.00139     0.346 -6.64e-06
[scan_planner_node-4] goal: -6   1 0.4, 0 0 0
[scan_planner_node-4] Close to goal
[scan_planner_node-4] final_plan_success=0
[scan_planner_node-4] 
[scan_planner_node-4] [rebo replan]: -------------------------------------144
[scan_planner_node-4] start:    -6 0.842   0.4,  -0.00139     0.346 -6.64e-06
[scan_planner_node-4] goal: -6   1 0.4, 0 0 0
[scan_planner_node-4] Close to goal
[scan_planner_node-4] final_plan_success=0
[scan_planner_node-4] 
[scan_planner_node-4] [rebo replan]: -------------------------------------145
[scan_planner_node-4] start:    -6 0.842   0.4,  -0.00139     0.346 -6.64e-06
[scan_planner_node-4] goal: -6   1 0.4, 0 0 0
[scan_planner_node-4] Close to goal
[scan_planner_node-4] final_plan_success=0
[scan_planner_node-4] [FSM]: from REPLAN_TRAJ to REPLAN_TRAJ
[scan_planner_node-4] 
[scan_planner_node-4] [rebo replan]: -------------------------------------146
[scan_planner_node-4] start:    -6 0.855   0.4,  -0.00133      0.32 -7.11e-06
[scan_planner_node-4] goal: -6   1 0.4, 0 0 0
[scan_planner_node-4] Close to goal
[scan_planner_node-4] final_plan_success=0
[scan_planner_node-4] 
[scan_planner_node-4] [rebo replan]: -------------------------------------147
[scan_planner_node-4] start:    -6 0.855   0.4,  -0.00133      0.32 -7.11e-06
[scan_planner_node-4] goal: -6   1 0.4, 0 0 0
[scan_planner_node-4] Close to goal
[scan_planner_node-4] final_plan_success=0
[scan_planner_node-4] 
[scan_planner_node-4] [rebo replan]: -------------------------------------148
[scan_planner_node-4] start:    -6 0.855   0.4,  -0.00133      0.32 -7.11e-06
[scan_planner_node-4] goal: -6   1 0.4, 0 0 0
[scan_planner_node-4] Close to goal
[scan_planner_node-4] final_plan_success=0
[scan_planner_node-4] [FSM]: from REPLAN_TRAJ to REPLAN_TRAJ
[scan_planner_node-4] 
[scan_planner_node-4] [rebo replan]: -------------------------------------149
[scan_planner_node-4] start:    -6 0.867   0.4,  -0.00125     0.293 -7.39e-06
[scan_planner_node-4] goal: -6   1 0.4, 0 0 0
[scan_planner_node-4] Close to goal
[scan_planner_node-4] final_plan_success=0
[scan_planner_node-4] 
[scan_planner_node-4] [rebo replan]: -------------------------------------150
[scan_planner_node-4] start:    -6 0.867   0.4,  -0.00125     0.293 -7.39e-06
[scan_planner_node-4] goal: -6   1 0.4, 0 0 0
[scan_planner_node-4] Close to goal
[scan_planner_node-4] final_plan_success=0
[scan_planner_node-4] 
[scan_planner_node-4] [rebo replan]: -------------------------------------151
[scan_planner_node-4] start:    -6 0.867   0.4,  -0.00125     0.293 -7.39e-06
[scan_planner_node-4] goal: -6   1 0.4, 0 0 0
[scan_planner_node-4] Close to goal
[scan_planner_node-4] final_plan_success=0
[scan_planner_node-4] [FSM]: from REPLAN_TRAJ to REPLAN_TRAJ
[scan_planner_node-4] 
[scan_planner_node-4] [rebo replan]: -------------------------------------152
[scan_planner_node-4] start:    -6 0.867   0.4,  -0.00125     0.293 -7.39e-06
[scan_planner_node-4] goal: -6   1 0.4, 0 0 0
[scan_planner_node-4] Close to goal
[scan_planner_node-4] final_plan_success=0
[scan_planner_node-4] 
[scan_planner_node-4] [rebo replan]: -------------------------------------153
[scan_planner_node-4] start:    -6 0.867   0.4,  -0.00125     0.293 -7.39e-06
[scan_planner_node-4] goal: -6   1 0.4, 0 0 0
[scan_planner_node-4] Close to goal
[scan_planner_node-4] final_plan_success=0
[scan_planner_node-4] 
[scan_planner_node-4] [rebo replan]: -------------------------------------154
[scan_planner_node-4] start:    -6 0.867   0.4,  -0.00125     0.293 -7.39e-06
[scan_planner_node-4] goal: -6   1 0.4, 0 0 0
[scan_planner_node-4] Close to goal
[scan_planner_node-4] final_plan_success=0
[scan_planner_node-4] [FSM]: from REPLAN_TRAJ to REPLAN_TRAJ
[scan_planner_node-4] 
[scan_planner_node-4] [rebo replan]: -------------------------------------155
[scan_planner_node-4] start:   -6 0.88  0.4,  -0.00115     0.262 -7.47e-06
[scan_planner_node-4] goal: -6   1 0.4, 0 0 0
[scan_planner_node-4] Close to goal
[scan_planner_node-4] final_plan_success=0
[scan_planner_node-4] 
[scan_planner_node-4] [rebo replan]: -------------------------------------156
[scan_planner_node-4] start:   -6 0.88  0.4,  -0.00115     0.262 -7.47e-06
[scan_planner_node-4] goal: -6   1 0.4, 0 0 0
[scan_planner_node-4] Close to goal
[scan_planner_node-4] final_plan_success=0
[scan_planner_node-4] 
[scan_planner_node-4] [rebo replan]: -------------------------------------157
[scan_planner_node-4] start:   -6 0.88  0.4,  -0.00115     0.262 -7.47e-06
[scan_planner_node-4] goal: -6   1 0.4, 0 0 0
[scan_planner_node-4] Close to goal
[scan_planner_node-4] final_plan_success=0
[scan_planner_node-4] [FSM]: from REPLAN_TRAJ to REPLAN_TRAJ
[scan_planner_node-4] 
[scan_planner_node-4] [rebo replan]: -------------------------------------158
[scan_planner_node-4] start:    -6 0.881   0.4,  -0.00114     0.259 -7.46e-06
[scan_planner_node-4] goal: -6   1 0.4, 0 0 0
[scan_planner_node-4] Close to goal
[scan_planner_node-4] final_plan_success=0
[scan_planner_node-4] 
[scan_planner_node-4] [rebo replan]: -------------------------------------159
[scan_planner_node-4] start:    -6 0.881   0.4,  -0.00114     0.259 -7.46e-06
[scan_planner_node-4] goal: -6   1 0.4, 0 0 0
[scan_planner_node-4] Close to goal
[scan_planner_node-4] final_plan_success=0
[scan_planner_node-4] 
[scan_planner_node-4] [rebo replan]: -------------------------------------160
[scan_planner_node-4] start:    -6 0.881   0.4,  -0.00114     0.259 -7.46e-06
[scan_planner_node-4] goal: -6   1 0.4, 0 0 0
[scan_planner_node-4] Close to goal
[scan_planner_node-4] final_plan_success=0
[scan_planner_node-4] [FSM]: from REPLAN_TRAJ to REPLAN_TRAJ
[scan_planner_node-4] 
[scan_planner_node-4] [rebo replan]: -------------------------------------161
[scan_planner_node-4] start:    -6 0.899   0.4, -0.000955     0.207 -6.96e-06
[scan_planner_node-4] goal: -6   1 0.4, 0 0 0
[scan_planner_node-4] Close to goal
[scan_planner_node-4] final_plan_success=0
[scan_planner_node-4] 
[scan_planner_node-4] [rebo replan]: -------------------------------------162
[scan_planner_node-4] start:    -6 0.899   0.4, -0.000955     0.207 -6.96e-06
[scan_planner_node-4] goal: -6   1 0.4, 0 0 0
[scan_planner_node-4] Close to goal
[scan_planner_node-4] final_plan_success=0
[scan_planner_node-4] 
[scan_planner_node-4] [rebo replan]: -------------------------------------163
[scan_planner_node-4] start:    -6 0.899   0.4, -0.000955     0.207 -6.96e-06
[scan_planner_node-4] goal: -6   1 0.4, 0 0 0
[scan_planner_node-4] Close to goal
[scan_planner_node-4] final_plan_success=0
[scan_planner_node-4] [FSM]: from REPLAN_TRAJ to REPLAN_TRAJ
[scan_planner_node-4] 
[scan_planner_node-4] [rebo replan]: -------------------------------------164
[scan_planner_node-4] start:    -6 0.907   0.4, -0.000838     0.179 -6.37e-06
[scan_planner_node-4] goal: -6   1 0.4, 0 0 0
[scan_planner_node-4] Close to goal
[scan_planner_node-4] final_plan_success=0
[scan_planner_node-4] 
[scan_planner_node-4] [rebo replan]: -------------------------------------165
[scan_planner_node-4] start:    -6 0.907   0.4, -0.000838     0.179 -6.37e-06
[scan_planner_node-4] goal: -6   1 0.4, 0 0 0
[scan_planner_node-4] Close to goal
[scan_planner_node-4] final_plan_success=0
[scan_planner_node-4] 
[scan_planner_node-4] [rebo replan]: -------------------------------------166
[scan_planner_node-4] start:    -6 0.907   0.4, -0.000838     0.179 -6.37e-06
[scan_planner_node-4] goal: -6   1 0.4, 0 0 0
[scan_planner_node-4] Close to goal
[scan_planner_node-4] final_plan_success=0
[scan_planner_node-4] [FSM]: from REPLAN_TRAJ to REPLAN_TRAJ
[scan_planner_node-4] 
[scan_planner_node-4] [rebo replan]: -------------------------------------167
[scan_planner_node-4] start:    -6 0.914   0.4, -0.000712      0.15 -5.55e-06
[scan_planner_node-4] goal: -6   1 0.4, 0 0 0
[scan_planner_node-4] Close to goal
[scan_planner_node-4] final_plan_success=0
[scan_planner_node-4] 
[scan_planner_node-4] [rebo replan]: -------------------------------------168
[scan_planner_node-4] start:    -6 0.914   0.4, -0.000712      0.15 -5.55e-06
[scan_planner_node-4] goal: -6   1 0.4, 0 0 0
[scan_planner_node-4] Close to goal
[scan_planner_node-4] final_plan_success=0
[scan_planner_node-4] 
[scan_planner_node-4] [rebo replan]: -------------------------------------169
[scan_planner_node-4] start:    -6 0.914   0.4, -0.000712      0.15 -5.55e-06
[scan_planner_node-4] goal: -6   1 0.4, 0 0 0
[scan_planner_node-4] Close to goal
[scan_planner_node-4] final_plan_success=0
[scan_planner_node-4] [FSM]: from REPLAN_TRAJ to REPLAN_TRAJ
[scan_planner_node-4] 
[scan_planner_node-4] [rebo replan]: -------------------------------------170
[scan_planner_node-4] start:    -6 0.922   0.4,   -0.0005     0.105 -3.91e-06
[scan_planner_node-4] goal: -6   1 0.4, 0 0 0
[scan_planner_node-4] Close to goal
[scan_planner_node-4] final_plan_success=0
[scan_planner_node-4] 
[scan_planner_node-4] [rebo replan]: -------------------------------------171
[scan_planner_node-4] start:    -6 0.922   0.4,   -0.0005     0.105 -3.91e-06
[scan_planner_node-4] goal: -6   1 0.4, 0 0 0
[scan_planner_node-4] Close to goal
[scan_planner_node-4] final_plan_success=0
[scan_planner_node-4] 
[scan_planner_node-4] [rebo replan]: -------------------------------------172
[scan_planner_node-4] start:    -6 0.922   0.4,   -0.0005     0.105 -3.91e-06
[scan_planner_node-4] goal: -6   1 0.4, 0 0 0
[scan_planner_node-4] Close to goal
[scan_planner_node-4] final_plan_success=0
[scan_planner_node-4] [FSM]: from REPLAN_TRAJ to REPLAN_TRAJ
[scan_planner_node-4] 
[scan_planner_node-4] [rebo replan]: -------------------------------------173
[scan_planner_node-4] start:    -6 0.926   0.4, -0.000385    0.0806 -3.01e-06
[scan_planner_node-4] goal: -6   1 0.4, 0 0 0
[scan_planner_node-4] Close to goal
[scan_planner_node-4] final_plan_success=0
[scan_planner_node-4] 
[scan_planner_node-4] [rebo replan]: -------------------------------------174
[scan_planner_node-4] start:    -6 0.926   0.4, -0.000385    0.0806 -3.01e-06
[scan_planner_node-4] goal: -6   1 0.4, 0 0 0
[scan_planner_node-4] Close to goal
[scan_planner_node-4] final_plan_success=0
[scan_planner_node-4] 
[scan_planner_node-4] [rebo replan]: -------------------------------------175
[scan_planner_node-4] start:    -6 0.926   0.4, -0.000385    0.0806 -3.01e-06
[scan_planner_node-4] goal: -6   1 0.4, 0 0 0
[scan_planner_node-4] Close to goal
[scan_planner_node-4] final_plan_success=0
[scan_planner_node-4] [FSM]: from REPLAN_TRAJ to REPLAN_TRAJ
[loop_path_publisher.py-9] [INFO] [1785999192.515292915] [loop_path_publisher]: Published shuttle route with 31 dense points, run 5
[terrain_path_visualizer-10] [INFO] [1785999192.518923560] [terrain_path_segmenter]: Segmented 31 path points into 2 sections
[scan_planner_node-4] 
[scan_planner_node-4] [rebo replan]: -------------------------------------176
[scan_planner_node-4] start:    -6 0.929   0.4,  -0.00029    0.0606 -2.26e-06
[scan_planner_node-4] goal: -6   1 0.4, 0 0 0
[scan_planner_node-4] Close to goal
[scan_planner_node-4] final_plan_success=0
[scan_planner_node-4] 
[scan_planner_node-4] [rebo replan]: -------------------------------------177
[scan_planner_node-4] start:    -6 0.929   0.4,  -0.00029    0.0606 -2.26e-06
[scan_planner_node-4] goal: -6   1 0.4, 0 0 0
[scan_planner_node-4] Close to goal
[scan_planner_node-4] final_plan_success=0
[scan_planner_node-4] 
[scan_planner_node-4] [rebo replan]: -------------------------------------178
[scan_planner_node-4] start:    -6 0.929   0.4,  -0.00029    0.0606 -2.26e-06
[scan_planner_node-4] goal: -6   1 0.4, 0 0 0
[scan_planner_node-4] Close to goal
[scan_planner_node-4] final_plan_success=0
[scan_planner_node-4] [FSM]: from REPLAN_TRAJ to REPLAN_TRAJ
[scan_planner_node-4] [INFO] [1785999192.592908701] [scan_planner_node]: [MapRefresh] Cleared occupancy and inflation for a new reference path; observation_sequence=1316
[scan_planner_node-4] [INFO] [1785999192.592958348] [scan_planner_node]: [MapRefresh] Deferred reference path until 2 fresh map observations have been fused (target_sequence=1318)
[scan_planner_node-4] [INFO] [1785999192.807586971] [scan_planner_node]: [MapRefresh] Fresh map ready at observation_sequence=1318; accepting deferred reference path
[scan_planner_node-4] [INFO] [1785999192.849149969] [scan_planner_node]: Reference path accepted
[scan_planner_node-4] 
[scan_planner_node-4] [rebo replan]: -------------------------------------179
[scan_planner_node-4] start:    -6 0.934   0.4, -6.24e-06   0.00092 -2.69e-08
[scan_planner_node-4] goal:  -6 4.53 1.28, 0 0 0
[scan_planner_node-4] [32miter(+1)=31,time(ms)=0.208,total_t(ms)=0.209,cost=0.004
[scan_planner_node-4] [0mfirst_optimize_step_success=1
[scan_planner_node-4] total time:[42m0.000457[0m,optimize:0.00041,refine:4.68e-05
[scan_planner_node-4] final_plan_success=1
[scan_planner_node-4] [FSM]: from REPLAN_TRAJ to EXEC_TRAJ
[closed_loop_controller-6] [INFO] [1785999192.849979386] [closed_loop_controller]: Received trajectory 84, duration 6.400s
[scan_planner_node-4] [INFO] [1785999192.931534644] [scan_planner_node]: [GridMapDiag] cloud=32768 accepted=26893 invalid=5875 below_sensor=0 outside_update=0 sensor_z=0.700 cutoff_z=1.700
[scan_planner_node-4] [FSM]: state: EXEC_TRAJ
[scan_planner_node-4] [FSM]: from EXEC_TRAJ to REPLAN_TRAJ
[scan_planner_node-4] 
[scan_planner_node-4] [rebo replan]: -------------------------------------180
[scan_planner_node-4] start:    -6  1.95 0.591, -0.000106     0.751     0.206
[scan_planner_node-4] goal: -6   5 1.4, 0 0 0
[scan_planner_node-4] [32miter(+1)=24,time(ms)=0.083,total_t(ms)=0.083,cost=0.098
[scan_planner_node-4] [0mfirst_optimize_step_success=1
[scan_planner_node-4] Need to reallocate time.
[scan_planner_node-4] total time:[42m0.000365[0m,optimize:0.000202,refine:0.000162
[scan_planner_node-4] final_plan_success=1
[scan_planner_node-4] [FSM]: from REPLAN_TRAJ to EXEC_TRAJ
[closed_loop_controller-6] [INFO] [1785999195.024337833] [closed_loop_controller]: Received trajectory 85, duration 6.508s
[scan_planner_node-4] [INFO] [1785999195.036598764] [scan_planner_node]: [GridMapDiag] cloud=32768 accepted=27172 invalid=5596 below_sensor=0 outside_update=0 sensor_z=0.935 cutoff_z=1.935
[scan_planner_node-4] [FSM]: from EXEC_TRAJ to REPLAN_TRAJ
[scan_planner_node-4] 
[scan_planner_node-4] [rebo replan]: -------------------------------------181
[scan_planner_node-4] start:    -6  2.92 0.837, -7.1e-05    0.334    0.118
[scan_planner_node-4] goal: -6   5 1.4, 0 0 0
[scan_planner_node-4] [32miter(+1)=23,time(ms)=0.060,total_t(ms)=0.061,cost=0.098
[scan_planner_node-4] [0mfirst_optimize_step_success=1
[scan_planner_node-4] Need to reallocate time.
[scan_planner_node-4] total time:[42m0.000238[0m,optimize:0.00013,refine:0.000108
[scan_planner_node-4] final_plan_success=1
[scan_planner_node-4] [FSM]: from REPLAN_TRAJ to EXEC_TRAJ
[closed_loop_controller-6] [INFO] [1785999196.922115768] [closed_loop_controller]: Received trajectory 86, duration 4.228s
[scan_planner_node-4] [INFO] [1785999197.123388519] [scan_planner_node]: [GridMapDiag] cloud=32768 accepted=24233 invalid=8535 below_sensor=0 outside_update=0 sensor_z=1.199 cutoff_z=2.199
[scan_planner_node-4] [FSM]: state: EXEC_TRAJ
[scan_planner_node-4] [FSM]: from EXEC_TRAJ to REPLAN_TRAJ
[scan_planner_node-4] 
[scan_planner_node-4] [rebo replan]: -------------------------------------182
[scan_planner_node-4] start:   -6 3.98  1.1, -5.86e-05     0.727     0.126
[scan_planner_node-4] goal: -6   5 1.4, 0 0 0
[scan_planner_node-4] [32miter(+1)=9,time(ms)=0.018,total_t(ms)=0.018,cost=0.073
[scan_planner_node-4] [0mfirst_optimize_step_success=1
[scan_planner_node-4] Need to reallocate time.
[scan_planner_node-4] total time:[42m0.000122[0m,optimize:6.64e-05,refine:5.56e-05
[scan_planner_node-4] final_plan_success=1
[scan_planner_node-4] [FSM]: from REPLAN_TRAJ to EXEC_TRAJ
[closed_loop_controller-6] [INFO] [1785999198.824302927] [closed_loop_controller]: Received trajectory 87, duration 2.164s
[scan_planner_node-4] [INFO] [1785999199.126204838] [scan_planner_node]: [GridMapDiag] cloud=32768 accepted=17769 invalid=14999 below_sensor=0 outside_update=0 sensor_z=1.496 cutoff_z=2.496
[terrain_path_visualizer-10] [INFO] [1785999199.944175201] [terrain_path_segmenter]: Visualization advanced to segment 2/2
[scan_planner_node-4] [INFO] [1785999200.041207443] [scan_planner_node]: [MapRefresh] Cleared occupancy and inflation for a new reference path; observation_sequence=1385
[scan_planner_node-4] [INFO] [1785999200.041249495] [scan_planner_node]: [MapRefresh] Deferred reference path until 2 fresh map observations have been fused (target_sequence=1387)
[scan_planner_node-4] [INFO] [1785999200.242516920] [scan_planner_node]: [MapRefresh] Fresh map ready at observation_sequence=1387; accepting deferred reference path
[scan_planner_node-4] [TRIG]: from EXEC_TRAJ to REPLAN_TRAJ
[scan_planner_node-4] 
[scan_planner_node-4] [rebo replan]: -------------------------------------183
[scan_planner_node-4] start:   -6 4.88 1.32, -1.75e-05     0.361     0.165
[scan_planner_node-4] goal: -6   7 1.4, 0 0 0
[scan_planner_node-4] [INFO] [1785999200.243814958] [scan_planner_node]: Reference path accepted
[scan_planner_node-4] [32miter(+1)=9,time(ms)=0.027,total_t(ms)=0.027,cost=0.166
[scan_planner_node-4] [0mfirst_optimize_step_success=1
[scan_planner_node-4] Need to reallocate time.
[scan_planner_node-4] total time:[42m0.000284[0m,optimize:0.000133,refine:0.000151
[scan_planner_node-4] final_plan_success=1
[scan_planner_node-4] [FSM]: from REPLAN_TRAJ to EXEC_TRAJ
[closed_loop_controller-6] [INFO] [1785999200.244270936] [closed_loop_controller]: Received trajectory 88, duration 5.704s
[scan_planner_node-4] [INFO] [1785999201.179272435] [scan_planner_node]: [GridMapDiag] cloud=32768 accepted=15546 invalid=17222 below_sensor=0 outside_update=0 sensor_z=1.700 cutoff_z=2.700
[scan_planner_node-4] [FSM]: state: EXEC_TRAJ
[scan_planner_node-4] [FSM]: from EXEC_TRAJ to REPLAN_TRAJ
[scan_planner_node-4] 
[scan_planner_node-4] [rebo replan]: -------------------------------------184
[scan_planner_node-4] start:   -6 5.92 1.36, 2.45e-05    0.591   0.0214
[scan_planner_node-4] goal: -6   7 1.4, 0 0 0
[scan_planner_node-4] [32miter(+1)=12,time(ms)=0.022,total_t(ms)=0.022,cost=0.111
[scan_planner_node-4] [0mfirst_optimize_step_success=1
[scan_planner_node-4] Need to reallocate time.
[scan_planner_node-4] total time:[42m0.000138[0m,optimize:7.08e-05,refine:6.75e-05
[scan_planner_node-4] final_plan_success=1
[scan_planner_node-4] [FSM]: from REPLAN_TRAJ to EXEC_TRAJ
[closed_loop_controller-6] [INFO] [1785999203.089309170] [closed_loop_controller]: Received trajectory 89, duration 2.268s
[scan_planner_node-4] [INFO] [1785999203.189794115] [scan_planner_node]: [GridMapDiag] cloud=32768 accepted=15402 invalid=17366 below_sensor=0 outside_update=0 sensor_z=1.700 cutoff_z=2.700
[loop_path_publisher.py-9] [INFO] [1785999204.926527438] [loop_path_publisher]: Published shuttle route with 193 dense points, run 6
[terrain_path_visualizer-10] [INFO] [1785999204.939267377] [terrain_path_segmenter]: Segmented 193 path points into 3 sections
[scan_planner_node-4] [INFO] [1785999205.006148987] [scan_planner_node]: [MapRefresh] Cleared occupancy and inflation for a new reference path; observation_sequence=1433
[scan_planner_node-4] [INFO] [1785999205.006204447] [scan_planner_node]: [MapRefresh] Deferred reference path until 2 fresh map observations have been fused (target_sequence=1435)
[scan_planner_node-4] [INFO] [1785999205.247170392] [scan_planner_node]: [MapRefresh] Fresh map ready at observation_sequence=1435; accepting deferred reference path
[scan_planner_node-4] [TRIG]: from EXEC_TRAJ to REPLAN_TRAJ
[scan_planner_node-4] 
[scan_planner_node-4] [rebo replan]: -------------------------------------185
[scan_planner_node-4] start:   -6 6.98  1.4, 1.62e-08 0.000489 6.61e-05
[scan_planner_node-4] goal:-2.35     7   1.4,      0.75 -1.31e-16         0
[scan_planner_node-4] [INFO] [1785999205.625844175] [scan_planner_node]: Reference path accepted
[scan_planner_node-4] [32miter(+1)=6,time(ms)=0.036,total_t(ms)=0.037,cost=0.033
[scan_planner_node-4] [0mfirst_optimize_step_success=1
[scan_planner_node-4] total time:[42m0.000281[0m,optimize:0.000209,refine:7.18e-05
[scan_planner_node-4] final_plan_success=1
[scan_planner_node-4] [FSM]: from REPLAN_TRAJ to EXEC_TRAJ
[closed_loop_controller-6] [INFO] [1785999205.626384286] [closed_loop_controller]: Received trajectory 90, duration 6.080s
[scan_planner_node-4] [INFO] [1785999205.667471967] [scan_planner_node]: [GridMapDiag] cloud=32768 accepted=15368 invalid=17400 below_sensor=0 outside_update=0 sensor_z=1.700 cutoff_z=2.700
[scan_planner_node-4] [FSM]: state: EXEC_TRAJ
[scan_planner_node-4] [INFO] [1785999207.677557490] [scan_planner_node]: [GridMapDiag] cloud=32768 accepted=15228 invalid=17540 below_sensor=0 outside_update=0 sensor_z=1.700 cutoff_z=2.700
[scan_planner_node-4] [INFO] [1785999209.688148779] [scan_planner_node]: [GridMapDiag] cloud=32768 accepted=15840 invalid=16928 below_sensor=0 outside_update=0 sensor_z=1.700 cutoff_z=2.700
[scan_planner_node-4] [FSM]: from EXEC_TRAJ to REPLAN_TRAJ
[scan_planner_node-4] 
[scan_planner_node-4] [rebo replan]: -------------------------------------186
[scan_planner_node-4] start: -4.94  6.99   1.4,    0.782  0.00447 0.000164
[scan_planner_node-4] goal:-1.47     7   1.4,     0.75 7.97e-16        0
[scan_planner_node-4] [32miter(+1)=7,time(ms)=0.046,total_t(ms)=0.047,cost=0.009
[scan_planner_node-4] [0mfirst_optimize_step_success=1
[scan_planner_node-4] total time:[42m0.000334[0m,optimize:0.000264,refine:6.99e-05
[scan_planner_node-4] final_plan_success=1
[scan_planner_node-4] [FSM]: from REPLAN_TRAJ to EXEC_TRAJ
[closed_loop_controller-6] [INFO] [1785999210.312396376] [closed_loop_controller]: Received trajectory 91, duration 5.440s
[scan_planner_node-4] [FSM]: state: EXEC_TRAJ
[scan_planner_node-4] [INFO] [1785999211.868297736] [scan_planner_node]: [GridMapDiag] cloud=32768 accepted=18017 invalid=14751 below_sensor=0 outside_update=0 sensor_z=1.700 cutoff_z=2.700
[scan_planner_node-4] [FSM]: from EXEC_TRAJ to REPLAN_TRAJ
[scan_planner_node-4] 
[scan_planner_node-4] [rebo replan]: -------------------------------------187
[scan_planner_node-4] start: -3.91     7   1.4,   0.642 0.00252 9.7e-05
[scan_planner_node-4] goal:-0.25     7   1.4,     0.75 5.24e-13        0
[scan_planner_node-4] [32miter(+1)=4,time(ms)=0.018,total_t(ms)=0.018,cost=0.001
[scan_planner_node-4] [0mfirst_optimize_step_success=1
[scan_planner_node-4] total time:[42m0.000199[0m,optimize:0.000161,refine:3.77e-05
[scan_planner_node-4] final_plan_success=1
[scan_planner_node-4] [FSM]: from REPLAN_TRAJ to EXEC_TRAJ
[closed_loop_controller-6] [INFO] [1785999211.963434786] [closed_loop_controller]: Received trajectory 92, duration 5.760s
[scan_planner_node-4] [FSM]: from EXEC_TRAJ to REPLAN_TRAJ
[scan_planner_node-4] 
[scan_planner_node-4] [rebo replan]: -------------------------------------188
[scan_planner_node-4] start: -2.86     7   1.4,    0.625 0.000386 6.41e-05
[scan_planner_node-4] goal:0.625     7   1.4,    0.75 4.2e-11       0
[scan_planner_node-4] [32miter(+1)=5,time(ms)=0.022,total_t(ms)=0.022,cost=0.001
[scan_planner_node-4] [0mfirst_optimize_step_success=1
[scan_planner_node-4] total time:[42m0.000192[0m,optimize:0.000154,refine:3.85e-05
[scan_planner_node-4] final_plan_success=1
[scan_planner_node-4] [FSM]: from REPLAN_TRAJ to EXEC_TRAJ
[closed_loop_controller-6] [INFO] [1785999213.651049984] [closed_loop_controller]: Received trajectory 93, duration 5.440s
[scan_planner_node-4] [INFO] [1785999213.920572662] [scan_planner_node]: [GridMapDiag] cloud=32768 accepted=20233 invalid=12535 below_sensor=0 outside_update=0 sensor_z=1.700 cutoff_z=2.700
[scan_planner_node-4] [FSM]: from EXEC_TRAJ to REPLAN_TRAJ
[scan_planner_node-4] 
[scan_planner_node-4] [rebo replan]: -------------------------------------189
[scan_planner_node-4] start: -1.83     7   1.4,    0.625  9.8e-05 4.81e-05
[scan_planner_node-4] goal:1.85    7  1.4,     0.75 6.37e-09        0
[scan_planner_node-4] [32miter(+1)=9,time(ms)=0.036,total_t(ms)=0.036,cost=0.008
[scan_planner_node-4] [0mfirst_optimize_step_success=1
[scan_planner_node-4] total time:[42m0.000215[0m,optimize:0.000171,refine:4.44e-05
[scan_planner_node-4] final_plan_success=1
[scan_planner_node-4] [FSM]: from REPLAN_TRAJ to EXEC_TRAJ
[closed_loop_controller-6] [INFO] [1785999215.302050496] [closed_loop_controller]: Received trajectory 94, duration 6.080s
[scan_planner_node-4] [FSM]: state: EXEC_TRAJ
[scan_planner_node-4] [INFO] [1785999216.034788969] [scan_planner_node]: [GridMapDiag] cloud=32768 accepted=20885 invalid=11883 below_sensor=0 outside_update=0 sensor_z=1.700 cutoff_z=2.700
[scan_planner_node-4] [FSM]: from EXEC_TRAJ to REPLAN_TRAJ
[scan_planner_node-4] 
[scan_planner_node-4] [rebo replan]: -------------------------------------190
[scan_planner_node-4] start: -0.766      7    1.4,    0.625 3.86e-05  3.2e-05
[scan_planner_node-4] goal:2.73    7  1.4,      0.75 -3.86e-08         0
[scan_planner_node-4] [32miter(+1)=9,time(ms)=0.053,total_t(ms)=0.053,cost=0.007
[scan_planner_node-4] [0mfirst_optimize_step_success=1
[scan_planner_node-4] total time:[42m0.000389[0m,optimize:0.000313,refine:7.59e-05
[scan_planner_node-4] final_plan_success=1
[scan_planner_node-4] [FSM]: from REPLAN_TRAJ to EXEC_TRAJ
[closed_loop_controller-6] [INFO] [1785999216.997251340] [closed_loop_controller]: Received trajectory 95, duration 5.760s
[scan_planner_node-4] [INFO] [1785999218.042426843] [scan_planner_node]: [GridMapDiag] cloud=32768 accepted=20992 invalid=11776 below_sensor=0 outside_update=0 sensor_z=1.700 cutoff_z=2.700
[scan_planner_node-4] [FSM]: from EXEC_TRAJ to REPLAN_TRAJ
[scan_planner_node-4] 
[scan_planner_node-4] [rebo replan]: -------------------------------------191
[scan_planner_node-4] start: 0.291     7   1.4,    0.626 3.08e-07 2.39e-05
[scan_planner_node-4] goal:3.95    7  1.4,      0.75 -2.54e-05         0
[scan_planner_node-4] [32miter(+1)=9,time(ms)=0.035,total_t(ms)=0.036,cost=0.009
[scan_planner_node-4] [0mfirst_optimize_step_success=1
[scan_planner_node-4] total time:[42m0.000214[0m,optimize:0.00017,refine:4.48e-05
[scan_planner_node-4] final_plan_success=1
[scan_planner_node-4] [FSM]: from REPLAN_TRAJ to EXEC_TRAJ
[closed_loop_controller-6] [INFO] [1785999218.689678268] [closed_loop_controller]: Received trajectory 96, duration 6.080s
[scan_planner_node-4] [FSM]: state: EXEC_TRAJ
[scan_planner_node-4] [INFO] [1785999220.133219139] [scan_planner_node]: [GridMapDiag] cloud=32768 accepted=20900 invalid=11868 below_sensor=0 outside_update=0 sensor_z=1.700 cutoff_z=2.700
[scan_planner_node-4] [FSM]: from EXEC_TRAJ to REPLAN_TRAJ
[scan_planner_node-4] 
[scan_planner_node-4] [rebo replan]: -------------------------------------192
[scan_planner_node-4] start: 1.32    7  1.4,    0.625 1.82e-06  1.6e-05
[scan_planner_node-4] goal:  5   7 1.4,    0.75 0.00411       0
[scan_planner_node-4] [32miter(+1)=5,time(ms)=0.043,total_t(ms)=0.043,cost=0.001
[scan_planner_node-4] [0mfirst_optimize_step_success=1
[scan_planner_node-4] total time:[42m0.000302[0m,optimize:0.000243,refine:5.84e-05
[scan_planner_node-4] final_plan_success=1
[scan_planner_node-4] [FSM]: from REPLAN_TRAJ to EXEC_TRAJ
[closed_loop_controller-6] [INFO] [1785999220.332829659] [closed_loop_controller]: Received trajectory 97, duration 5.760s
[scan_planner_node-4] [FSM]: from EXEC_TRAJ to REPLAN_TRAJ
[scan_planner_node-4] 
[scan_planner_node-4] [rebo replan]: -------------------------------------193
[scan_planner_node-4] start: 2.35    7  1.4,     0.625 -1.59e-06  1.14e-05
[scan_planner_node-4] goal:5.89 7.01  1.4, 0.743 0.103     0
[scan_planner_node-4] [32miter(+1)=8,time(ms)=0.028,total_t(ms)=0.028,cost=0.005
[scan_planner_node-4] [0mfirst_optimize_step_success=1
[scan_planner_node-4] total time:[42m0.0002[0m,optimize:0.000161,refine:3.84e-05
[scan_planner_node-4] final_plan_success=1
[scan_planner_node-4] [FSM]: from REPLAN_TRAJ to EXEC_TRAJ
[closed_loop_controller-6] [INFO] [1785999221.991344146] [closed_loop_controller]: Received trajectory 98, duration 5.760s
[scan_planner_node-4] [INFO] [1785999222.135919649] [scan_planner_node]: [GridMapDiag] cloud=32768 accepted=20480 invalid=12288 below_sensor=0 outside_update=0 sensor_z=1.700 cutoff_z=2.700
[scan_planner_node-4] [FSM]: state: EXEC_TRAJ
[scan_planner_node-4] [FSM]: from EXEC_TRAJ to REPLAN_TRAJ
[scan_planner_node-4] 
[scan_planner_node-4] [rebo replan]: -------------------------------------194
[scan_planner_node-4] start: 3.38    7  1.4,     0.625 -0.000607  8.53e-06
[scan_planner_node-4] goal:  6 5.9 1.4, 0.000709   -0.749        0
[scan_planner_node-4] [32miter(+1)=14,time(ms)=0.062,total_t(ms)=0.063,cost=0.014
[scan_planner_node-4] [0mfirst_optimize_step_success=1
[scan_planner_node-4] total time:[42m0.000276[0m,optimize:0.00023,refine:4.62e-05
[scan_planner_node-4] final_plan_success=1
[scan_planner_node-4] [FSM]: from REPLAN_TRAJ to EXEC_TRAJ
[closed_loop_controller-6] [INFO] [1785999223.632304249] [closed_loop_controller]: Received trajectory 99, duration 6.400s
[scan_planner_node-4] [INFO] [1785999224.282703991] [scan_planner_node]: [GridMapDiag] cloud=32768 accepted=18759 invalid=14009 below_sensor=0 outside_update=0 sensor_z=1.700 cutoff_z=2.700
[scan_planner_node-4] [FSM]: from EXEC_TRAJ to REPLAN_TRAJ
[scan_planner_node-4] 
[scan_planner_node-4] [rebo replan]: -------------------------------------195
[scan_planner_node-4] start: 4.43    7  1.4,   0.631  0.0105 5.4e-06
[scan_planner_node-4] goal:  6   5 1.4, 0 0 0
[scan_planner_node-4] [32miter(+1)=31,time(ms)=0.251,total_t(ms)=0.252,cost=0.021
[scan_planner_node-4] [0mfirst_optimize_step_success=1
[scan_planner_node-4] total time:[42m0.0005[0m,optimize:0.000458,refine:4.16e-05
[scan_planner_node-4] final_plan_success=1
[scan_planner_node-4] [FSM]: from REPLAN_TRAJ to EXEC_TRAJ
[closed_loop_controller-6] [INFO] [1785999225.308945503] [closed_loop_controller]: Received trajectory 100, duration 6.080s
[scan_planner_node-4] [INFO] [1785999226.402840809] [scan_planner_node]: [GridMapDiag] cloud=32768 accepted=16333 invalid=16435 below_sensor=0 outside_update=0 sensor_z=1.700 cutoff_z=2.700
[scan_planner_node-4] [FSM]: from EXEC_TRAJ to REPLAN_TRAJ
[scan_planner_node-4] 
[scan_planner_node-4] [rebo replan]: -------------------------------------196
[scan_planner_node-4] start: 5.49 7.02  1.4,    0.628 -0.00492 4.29e-06
[scan_planner_node-4] goal:  6   5 1.4, 0 0 0
[scan_planner_node-4] [32miter(+1)=23,time(ms)=0.093,total_t(ms)=0.093,cost=0.039
[scan_planner_node-4] [0mfirst_optimize_step_success=1
[scan_planner_node-4] Need to reallocate time.
[scan_planner_node-4] total time:[42m0.000385[0m,optimize:0.000192,refine:0.000193
[scan_planner_node-4] final_plan_success=1
[scan_planner_node-4] [FSM]: from REPLAN_TRAJ to EXEC_TRAJ
[closed_loop_controller-6] [INFO] [1785999226.940196796] [closed_loop_controller]: Received trajectory 101, duration 4.981s
[scan_planner_node-4] [FSM]: state: EXEC_TRAJ
[scan_planner_node-4] [INFO] [1785999228.455360127] [scan_planner_node]: [GridMapDiag] cloud=32768 accepted=15226 invalid=17542 below_sensor=0 outside_update=0 sensor_z=1.700 cutoff_z=2.700
[scan_planner_node-4] [FSM]: from EXEC_TRAJ to REPLAN_TRAJ
[scan_planner_node-4] 
[scan_planner_node-4] [rebo replan]: -------------------------------------197
[scan_planner_node-4] start: 6.11 6.16  1.4, -0.0461  -0.706 3.6e-06
[scan_planner_node-4] goal:  6   5 1.4, 0 0 0
[scan_planner_node-4] [32miter(+1)=10,time(ms)=0.029,total_t(ms)=0.029,cost=0.110
[scan_planner_node-4] [0mfirst_optimize_step_success=1
[scan_planner_node-4] Need to reallocate time.
[scan_planner_node-4] total time:[42m0.000204[0m,optimize:0.000102,refine:0.000102
[scan_planner_node-4] final_plan_success=1
[scan_planner_node-4] [FSM]: from REPLAN_TRAJ to EXEC_TRAJ
[closed_loop_controller-6] [INFO] [1785999229.552556450] [closed_loop_controller]: Received trajectory 102, duration 2.264s
[scan_planner_node-4] [INFO] [1785999230.574245404] [scan_planner_node]: [GridMapDiag] cloud=32768 accepted=15177 invalid=17591 below_sensor=0 outside_update=0 sensor_z=1.700 cutoff_z=2.700
[terrain_path_visualizer-10] [INFO] [1785999230.885369177] [terrain_path_segmenter]: Visualization advanced to segment 2/3
[scan_planner_node-4] [INFO] [1785999231.065434786] [scan_planner_node]: [MapRefresh] Cleared occupancy and inflation for a new reference path; observation_sequence=1633
[scan_planner_node-4] [INFO] [1785999231.065502062] [scan_planner_node]: [MapRefresh] Deferred reference path until 2 fresh map observations have been fused (target_sequence=1635)
[scan_planner_node-4] [INFO] [1785999231.255986920] [scan_planner_node]: [MapRefresh] Fresh map ready at observation_sequence=1635; accepting deferred reference path
[scan_planner_node-4] [TRIG]: from EXEC_TRAJ to REPLAN_TRAJ
[scan_planner_node-4] 
[scan_planner_node-4] [rebo replan]: -------------------------------------198
[scan_planner_node-4] start: 6.01  5.1  1.4,   -0.026   -0.248 6.47e-06
[scan_planner_node-4] goal:  6   3 0.4, 0 0 0
[scan_planner_node-4] [INFO] [1785999231.260775054] [scan_planner_node]: Reference path accepted
[scan_planner_node-4] [32miter(+1)=20,time(ms)=0.187,total_t(ms)=0.187,cost=0.025
[scan_planner_node-4] [0mfirst_optimize_step_success=1
[scan_planner_node-4] total time:[42m0.000606[0m,optimize:0.000536,refine:7.04e-05
[scan_planner_node-4] final_plan_success=1
[scan_planner_node-4] [FSM]: from REPLAN_TRAJ to EXEC_TRAJ
[closed_loop_controller-6] [INFO] [1785999231.261756094] [closed_loop_controller]: Received trajectory 103, duration 4.480s
[scan_planner_node-4] [INFO] [1785999232.603347497] [scan_planner_node]: [GridMapDiag] cloud=32768 accepted=16887 invalid=15881 below_sensor=0 outside_update=0 sensor_z=1.605 cutoff_z=2.605
[scan_planner_node-4] [FSM]: from EXEC_TRAJ to REPLAN_TRAJ
[scan_planner_node-4] 
[scan_planner_node-4] [rebo replan]: -------------------------------------199
[scan_planner_node-4] start:  6.01  4.17 0.966, -0.000591    -0.752    -0.396
[scan_planner_node-4] goal:  6   3 0.4, 0 0 0
[scan_planner_node-4] [32miter(+1)=13,time(ms)=0.040,total_t(ms)=0.041,cost=0.207
[scan_planner_node-4] [0mfirst_optimize_step_success=1
[scan_planner_node-4] Need to reallocate time.
[scan_planner_node-4] total time:[42m0.000202[0m,optimize:0.000124,refine:7.82e-05
[scan_planner_node-4] final_plan_success=1
[scan_planner_node-4] [FSM]: from REPLAN_TRAJ to EXEC_TRAJ
[closed_loop_controller-6] [INFO] [1785999233.448914591] [closed_loop_controller]: Received trajectory 104, duration 2.842s
[scan_planner_node-4] [FSM]: state: EXEC_TRAJ
[scan_planner_node-4] [INFO] [1785999234.645493483] [scan_planner_node]: [GridMapDiag] cloud=32768 accepted=26449 invalid=6319 below_sensor=0 outside_update=0 sensor_z=0.933 cutoff_z=1.933
[terrain_path_visualizer-10] [INFO] [1785999234.954517511] [terrain_path_segmenter]: Visualization advanced to segment 3/3
[scan_planner_node-4] [FSM]: from EXEC_TRAJ to REPLAN_TRAJ
[scan_planner_node-4] [INFO] [1785999235.130748958] [scan_planner_node]: [MapRefresh] Cleared occupancy and inflation for a new reference path; observation_sequence=1665
[scan_planner_node-4] [INFO] [1785999235.130820952] [scan_planner_node]: [MapRefresh] Deferred reference path until 2 fresh map observations have been fused (target_sequence=1667)
[scan_planner_node-4] [INFO] [1785999235.324345116] [scan_planner_node]: [MapRefresh] Fresh map ready at observation_sequence=1667; accepting deferred reference path
[scan_planner_node-4] [INFO] [1785999236.250071842] [scan_planner_node]: Reference path accepted
[scan_planner_node-4] 
[scan_planner_node-4] [rebo replan]: -------------------------------------200
[scan_planner_node-4] start:     6  3.02 0.414, -3.94e-05  -0.00243  -0.00702
[scan_planner_node-4] goal:    6 -0.65   0.4, -1.25e-05     -0.75         0
[scan_planner_node-4] [32miter(+1)=19,time(ms)=0.094,total_t(ms)=0.094,cost=0.010
[scan_planner_node-4] [0mfirst_optimize_step_success=1
[scan_planner_node-4] total time:[42m0.000323[0m,optimize:0.000267,refine:5.61e-05
[scan_planner_node-4] final_plan_success=1
[scan_planner_node-4] [FSM]: from REPLAN_TRAJ to EXEC_TRAJ
[closed_loop_controller-6] [INFO] [1785999236.250686441] [closed_loop_controller]: Received trajectory 105, duration 6.080s
[scan_planner_node-4] [INFO] [1785999236.725495416] [scan_planner_node]: [GridMapDiag] cloud=32768 accepted=27649 invalid=5119 below_sensor=0 outside_update=0 sensor_z=0.707 cutoff_z=1.707
[scan_planner_node-4] [INFO] [1785999238.782306118] [scan_planner_node]: [GridMapDiag] cloud=32768 accepted=26734 invalid=6034 below_sensor=0 outside_update=0 sensor_z=0.700 cutoff_z=1.700
[scan_planner_node-4] [FSM]: from EXEC_TRAJ to REPLAN_TRAJ
[scan_planner_node-4] [FSM]: state: REPLAN_TRAJ
[scan_planner_node-4] 
[scan_planner_node-4] [rebo replan]: -------------------------------------201
[scan_planner_node-4] start:    6 2.01 0.41, -0.000159    -0.774  -0.00277
[scan_planner_node-4] goal:   6 -1.7  0.4, 0.000305    -0.75        0
[scan_planner_node-4] [32miter(+1)=9,time(ms)=0.050,total_t(ms)=0.050,cost=0.010
[scan_planner_node-4] [0mfirst_optimize_step_success=1
[scan_planner_node-4] total time:[42m0.000325[0m,optimize:0.000255,refine:6.97e-05
[scan_planner_node-4] final_plan_success=1
[scan_planner_node-4] [FSM]: from REPLAN_TRAJ to EXEC_TRAJ
[closed_loop_controller-6] [INFO] [1785999239.184137839] [closed_loop_controller]: Received trajectory 106, duration 6.080s
[scan_planner_node-4] [FSM]: from EXEC_TRAJ to REPLAN_TRAJ
[scan_planner_node-4] 
[scan_planner_node-4] [rebo replan]: -------------------------------------202
[scan_planner_node-4] start:     6  1.01 0.407, -0.000265     -0.63  -0.00173
[scan_planner_node-4] goal:   6 -2.4  0.4, 0.0216  -0.75      0
[scan_planner_node-4] [32miter(+1)=5,time(ms)=0.027,total_t(ms)=0.028,cost=0.004
[scan_planner_node-4] [0mfirst_optimize_step_success=1
[scan_planner_node-4] total time:[42m0.000213[0m,optimize:0.000169,refine:4.4e-05
[scan_planner_node-4] final_plan_success=1
[scan_planner_node-4] [FSM]: from REPLAN_TRAJ to EXEC_TRAJ
[closed_loop_controller-6] [INFO] [1785999240.784017124] [closed_loop_controller]: Received trajectory 107, duration 5.440s
[scan_planner_node-4] [INFO] [1785999240.978789424] [scan_planner_node]: [GridMapDiag] cloud=32768 accepted=25602 invalid=7166 below_sensor=0 outside_update=0 sensor_z=0.700 cutoff_z=1.700
[scan_planner_node-4] [FSM]: from EXEC_TRAJ to REPLAN_TRAJ
[scan_planner_node-4] 
[scan_planner_node-4] [rebo replan]: -------------------------------------203
[scan_planner_node-4] start:      6 0.0117  0.405, -7.01e-05    -0.626  -0.00136
[scan_planner_node-4] goal:5.37   -3  0.4, -0.75 0.016     0
[scan_planner_node-4] [32miter(+1)=15,time(ms)=0.054,total_t(ms)=0.055,cost=0.007
[scan_planner_node-4] [0mfirst_optimize_step_success=1
[scan_planner_node-4] total time:[42m0.000216[0m,optimize:0.000176,refine:4.02e-05
[scan_planner_node-4] final_plan_success=1
[scan_planner_node-4] [FSM]: from REPLAN_TRAJ to EXEC_TRAJ
[closed_loop_controller-6] [INFO] [1785999242.388728731] [closed_loop_controller]: Received trajectory 108, duration 5.760s
[scan_planner_node-4] [FSM]: state: EXEC_TRAJ
[scan_planner_node-4] [INFO] [1785999243.011452638] [scan_planner_node]: [GridMapDiag] cloud=32768 accepted=25077 invalid=7691 below_sensor=0 outside_update=0 sensor_z=0.700 cutoff_z=1.700
[scan_planner_node-4] [FSM]: from EXEC_TRAJ to REPLAN_TRAJ
[scan_planner_node-4] 
[scan_planner_node-4] [rebo replan]: -------------------------------------204
[scan_planner_node-4] start:     6 -1.03 0.404,   0.00781    -0.628 -0.000909
[scan_planner_node-4] goal:4.33   -3  0.4,     -0.75 -3.27e-05         0
[scan_planner_node-4] [32miter(+1)=13,time(ms)=0.049,total_t(ms)=0.049,cost=0.013
[scan_planner_node-4] [0mfirst_optimize_step_success=1
[scan_planner_node-4] total time:[42m0.000216[0m,optimize:0.000175,refine:4.08e-05
[scan_planner_node-4] final_plan_success=1
[scan_planner_node-4] [FSM]: from REPLAN_TRAJ to EXEC_TRAJ
[closed_loop_controller-6] [INFO] [1785999244.053791031] [closed_loop_controller]: Received trajectory 109, duration 5.760s
[scan_planner_node-4] [INFO] [1785999245.086606385] [scan_planner_node]: [GridMapDiag] cloud=32768 accepted=24516 invalid=8252 below_sensor=0 outside_update=0 sensor_z=0.700 cutoff_z=1.700
[scan_planner_node-4] [FSM]: from EXEC_TRAJ to REPLAN_TRAJ
[scan_planner_node-4] 
[scan_planner_node-4] [rebo replan]: -------------------------------------205
[scan_planner_node-4] start:  6.01 -2.11 0.403,    0.0787    -0.636 -0.000661
[scan_planner_node-4] goal:3.27   -3  0.4,    -0.75 -1.8e-06        0
[scan_planner_node-4] [32miter(+1)=11,time(ms)=0.041,total_t(ms)=0.042,cost=0.007
[scan_planner_node-4] [0mfirst_optimize_step_success=1
[scan_planner_node-4] total time:[42m0.000201[0m,optimize:0.000163,refine:3.73e-05
[scan_planner_node-4] final_plan_success=1
[scan_planner_node-4] [FSM]: from REPLAN_TRAJ to EXEC_TRAJ
[closed_loop_controller-6] [INFO] [1785999245.783031463] [closed_loop_controller]: Received trajectory 110, duration 5.440s
[scan_planner_node-4] [INFO] [1785999247.145328564] [scan_planner_node]: [GridMapDiag] cloud=32768 accepted=24212 invalid=8556 below_sensor=0 outside_update=0 sensor_z=0.700 cutoff_z=1.700
[scan_planner_node-4] [FSM]: state: EXEC_TRAJ
[scan_planner_node-4] [FSM]: from EXEC_TRAJ to REPLAN_TRAJ
[scan_planner_node-4] 
[scan_planner_node-4] [rebo replan]: -------------------------------------206
[scan_planner_node-4] start:  5.52 -3.01 0.402,    -0.643   -0.0651 -0.000465
[scan_planner_node-4] goal:2.05   -3  0.4,     -0.75 -1.48e-08         0
[scan_planner_node-4] [32miter(+1)=13,time(ms)=0.068,total_t(ms)=0.069,cost=0.006
[scan_planner_node-4] [0mfirst_optimize_step_success=1
[scan_planner_node-4] total time:[42m0.000301[0m,optimize:0.000246,refine:5.48e-05
[scan_planner_node-4] final_plan_success=1
[scan_planner_node-4] [FSM]: from REPLAN_TRAJ to EXEC_TRAJ
[closed_loop_controller-6] [INFO] [1785999247.916287712] [closed_loop_controller]: Received trajectory 111, duration 5.760s
[scan_planner_node-4] [INFO] [1785999249.304295795] [scan_planner_node]: [GridMapDiag] cloud=32768 accepted=23835 invalid=8933 below_sensor=0 outside_update=0 sensor_z=0.700 cutoff_z=1.700
[scan_planner_node-4] [FSM]: from EXEC_TRAJ to REPLAN_TRAJ
[scan_planner_node-4] 
[scan_planner_node-4] [rebo replan]: -------------------------------------207
[scan_planner_node-4] start:  4.49 -2.99 0.401,    -0.621   -0.0162 -0.000302
[scan_planner_node-4] goal:0.825    -3   0.4,     -0.75 -9.74e-11         0
[scan_planner_node-4] [32miter(+1)=4,time(ms)=0.017,total_t(ms)=0.017,cost=0.001
[scan_planner_node-4] [0mfirst_optimize_step_success=1
[scan_planner_node-4] total time:[42m0.000195[0m,optimize:0.000148,refine:4.69e-05
[scan_planner_node-4] final_plan_success=1
[scan_planner_node-4] [FSM]: from REPLAN_TRAJ to EXEC_TRAJ
[closed_loop_controller-6] [INFO] [1785999249.701994304] [closed_loop_controller]: Received trajectory 112, duration 5.760s
[scan_planner_node-4] [FSM]: from EXEC_TRAJ to REPLAN_TRAJ
[scan_planner_node-4] 
[scan_planner_node-4] [rebo replan]: -------------------------------------208
[scan_planner_node-4] start:  3.46    -3 0.401,    -0.625   0.00101 -0.000201
[scan_planner_node-4] goal:-0.05    -3   0.4,    -0.75 2.02e-12        0
[scan_planner_node-4] [32miter(+1)=12,time(ms)=0.042,total_t(ms)=0.043,cost=0.004
[scan_planner_node-4] [0mfirst_optimize_step_success=1
[scan_planner_node-4] total time:[42m0.000223[0m,optimize:0.000171,refine:5.19e-05
[scan_planner_node-4] final_plan_success=1
[scan_planner_node-4] [FSM]: from REPLAN_TRAJ to EXEC_TRAJ
[closed_loop_controller-6] [INFO] [1785999251.348081832] [closed_loop_controller]: Received trajectory 113, duration 5.760s
[scan_planner_node-4] [INFO] [1785999251.386382117] [scan_planner_node]: [GridMapDiag] cloud=32768 accepted=24207 invalid=8561 below_sensor=0 outside_update=0 sensor_z=0.700 cutoff_z=1.700
[scan_planner_node-4] [FSM]: state: EXEC_TRAJ
[scan_planner_node-4] [FSM]: from EXEC_TRAJ to REPLAN_TRAJ
[scan_planner_node-4] 
[scan_planner_node-4] [rebo replan]: -------------------------------------209
[scan_planner_node-4] start:  2.43    -3 0.401,    -0.623 -0.000455  -0.00015
[scan_planner_node-4] goal:-1.1   -3  0.4,    -0.75 -7.9e-11        0
[scan_planner_node-4] [32miter(+1)=6,time(ms)=0.023,total_t(ms)=0.023,cost=0.001
[scan_planner_node-4] [0mfirst_optimize_step_success=1
[scan_planner_node-4] total time:[42m0.000181[0m,optimize:0.000145,refine:3.59e-05
[scan_planner_node-4] final_plan_success=1
[scan_planner_node-4] [FSM]: from REPLAN_TRAJ to EXEC_TRAJ
[closed_loop_controller-6] [INFO] [1785999253.006177505] [closed_loop_controller]: Received trajectory 114, duration 5.440s
[scan_planner_node-4] [INFO] [1785999253.482148659] [scan_planner_node]: [GridMapDiag] cloud=32768 accepted=25188 invalid=7580 below_sensor=0 outside_update=0 sensor_z=0.700 cutoff_z=1.700
[scan_planner_node-4] [FSM]: from EXEC_TRAJ to REPLAN_TRAJ
[scan_planner_node-4] 
[scan_planner_node-4] [rebo replan]: -------------------------------------210
[scan_planner_node-4] start: 1.38   -3  0.4,    -0.625 -1.16e-05 -0.000105
[scan_planner_node-4] goal:-2.33    -3   0.4,    -0.75 7.16e-09        0
[scan_planner_node-4] [32miter(+1)=14,time(ms)=0.054,total_t(ms)=0.054,cost=0.003
[scan_planner_node-4] [0mfirst_optimize_step_success=1
[scan_planner_node-4] total time:[42m0.000244[0m,optimize:0.000194,refine:5.02e-05
[scan_planner_node-4] final_plan_success=1
[scan_planner_node-4] [FSM]: from REPLAN_TRAJ to EXEC_TRAJ
[closed_loop_controller-6] [INFO] [1785999254.679852005] [closed_loop_controller]: Received trajectory 115, duration 6.080s
[scan_planner_node-4] [INFO] [1785999255.482742901] [scan_planner_node]: [GridMapDiag] cloud=32768 accepted=25145 invalid=7623 below_sensor=0 outside_update=0 sensor_z=0.700 cutoff_z=1.700
[scan_planner_node-4] [FSM]: from EXEC_TRAJ to REPLAN_TRAJ
[scan_planner_node-4] 
[scan_planner_node-4] [rebo replan]: -------------------------------------211
[scan_planner_node-4] start: 0.329    -3   0.4,    -0.621 -2.81e-05 -7.05e-05
[scan_planner_node-4] goal:-3.2   -3  0.4,   -0.75 2.1e-06       0
[scan_planner_node-4] [32miter(+1)=12,time(ms)=0.050,total_t(ms)=0.050,cost=0.003
[scan_planner_node-4] [0mfirst_optimize_step_success=1
[scan_planner_node-4] total time:[42m0.000242[0m,optimize:0.00019,refine:5.11e-05
[scan_planner_node-4] final_plan_success=1
[scan_planner_node-4] [FSM]: from REPLAN_TRAJ to EXEC_TRAJ
[closed_loop_controller-6] [INFO] [1785999256.362327863] [closed_loop_controller]: Received trajectory 116, duration 5.760s
[scan_planner_node-4] [FSM]: state: EXEC_TRAJ
[scan_planner_node-4] [INFO] [1785999257.582295326] [scan_planner_node]: [GridMapDiag] cloud=32768 accepted=25157 invalid=7611 below_sensor=0 outside_update=0 sensor_z=0.700 cutoff_z=1.700
[scan_planner_node-4] [FSM]: from EXEC_TRAJ to REPLAN_TRAJ
[scan_planner_node-4] 
[scan_planner_node-4] [rebo replan]: -------------------------------------212
[scan_planner_node-4] start: -0.683     -3    0.4,    -0.623 -8.14e-06 -5.32e-05
[scan_planner_node-4] goal:-4.25    -3   0.4,     -0.75 -0.000157         0
[scan_planner_node-4] [32miter(+1)=9,time(ms)=0.044,total_t(ms)=0.045,cost=0.003
[scan_planner_node-4] [0mfirst_optimize_step_success=1
[scan_planner_node-4] total time:[42m0.000266[0m,optimize:0.000225,refine:4.02e-05
[scan_planner_node-4] final_plan_success=1
[scan_planner_node-4] [FSM]: from REPLAN_TRAJ to EXEC_TRAJ
[closed_loop_controller-6] [INFO] [1785999257.984129019] [closed_loop_controller]: Received trajectory 117, duration 5.760s
[scan_planner_node-4] [FSM]: from EXEC_TRAJ to REPLAN_TRAJ
[scan_planner_node-4] [INFO] [1785999259.668692414] [scan_planner_node]: [GridMapDiag] cloud=32768 accepted=24961 invalid=7807 below_sensor=0 outside_update=0 sensor_z=0.700 cutoff_z=1.700
[scan_planner_node-4] 
[scan_planner_node-4] [rebo replan]: -------------------------------------213
[scan_planner_node-4] start: -1.74    -3   0.4,    -0.625 -2.48e-06 -3.74e-05
[scan_planner_node-4] goal:-5.48    -3   0.4,   -0.75 -0.0186       0
[scan_planner_node-4] [32miter(+1)=9,time(ms)=0.034,total_t(ms)=0.035,cost=0.004
[scan_planner_node-4] [0mfirst_optimize_step_success=1
[scan_planner_node-4] total time:[42m0.000214[0m,optimize:0.000173,refine:4e-05
[scan_planner_node-4] final_plan_success=1
[scan_planner_node-4] [FSM]: from REPLAN_TRAJ to EXEC_TRAJ
[closed_loop_controller-6] [INFO] [1785999259.669181951] [closed_loop_controller]: Received trajectory 118, duration 6.080s
[scan_planner_node-4] [FSM]: from EXEC_TRAJ to REPLAN_TRAJ
[scan_planner_node-4] 
[scan_planner_node-4] [rebo replan]: -------------------------------------214
[scan_planner_node-4] start: -2.77    -3   0.4,    -0.625  0.000222 -2.52e-05
[scan_planner_node-4] goal:   -6 -2.65   0.4, -0.0577   0.692       0
[scan_planner_node-4] [32miter(+1)=20,time(ms)=0.081,total_t(ms)=0.082,cost=0.016
[scan_planner_node-4] [0mfirst_optimize_step_success=1
[scan_planner_node-4] total time:[42m0.000263[0m,optimize:0.000223,refine:4.06e-05
[scan_planner_node-4] final_plan_success=1
[scan_planner_node-4] [FSM]: from REPLAN_TRAJ to EXEC_TRAJ
[closed_loop_controller-6] [INFO] [1785999261.315222537] [closed_loop_controller]: Received trajectory 119, duration 5.760s
[scan_planner_node-4] [FSM]: state: EXEC_TRAJ
[scan_planner_node-4] [INFO] [1785999261.771437668] [scan_planner_node]: [GridMapDiag] cloud=32768 accepted=24428 invalid=8340 below_sensor=0 outside_update=0 sensor_z=0.700 cutoff_z=1.700
[scan_planner_node-4] [FSM]: from EXEC_TRAJ to REPLAN_TRAJ
[scan_planner_node-4] 
[scan_planner_node-4] [rebo replan]: -------------------------------------215
[scan_planner_node-4] start: -3.81    -3   0.4,    -0.641   -0.0228 -1.92e-05
[scan_planner_node-4] goal:   -6 -1.78   0.4, -0.00131    0.749        0
[scan_planner_node-4] [32miter(+1)=17,time(ms)=0.066,total_t(ms)=0.066,cost=0.006
[scan_planner_node-4] [0mfirst_optimize_step_success=1
[scan_planner_node-4] total time:[42m0.00022[0m,optimize:0.000183,refine:3.67e-05
[scan_planner_node-4] final_plan_success=1
[scan_planner_node-4] [FSM]: from REPLAN_TRAJ to EXEC_TRAJ
[closed_loop_controller-6] [INFO] [1785999262.984755526] [closed_loop_controller]: Received trajectory 120, duration 5.440s
[scan_planner_node-4] [INFO] [1785999263.806478694] [scan_planner_node]: [GridMapDiag] cloud=32768 accepted=23888 invalid=8880 below_sensor=0 outside_update=0 sensor_z=0.700 cutoff_z=1.700
[scan_planner_node-4] [FSM]: from EXEC_TRAJ to REPLAN_TRAJ
[scan_planner_node-4] 
[scan_planner_node-4] [rebo replan]: -------------------------------------216
[scan_planner_node-4] start: -4.87    -3   0.4,    -0.628    -0.114 -1.42e-05
[scan_planner_node-4] goal:   -6 -0.55   0.4, -4.71e-06      0.75         0
[scan_planner_node-4] [32miter(+1)=9,time(ms)=0.050,total_t(ms)=0.050,cost=0.007
[scan_planner_node-4] [0mfirst_optimize_step_success=1
[scan_planner_node-4] total time:[42m0.000255[0m,optimize:0.000198,refine:5.66e-05
[scan_planner_node-4] final_plan_success=1
[scan_planner_node-4] [FSM]: from REPLAN_TRAJ to EXEC_TRAJ
[closed_loop_controller-6] [INFO] [1785999264.693530584] [closed_loop_controller]: Received trajectory 121, duration 5.440s
[scan_planner_node-4] [INFO] [1785999265.925337195] [scan_planner_node]: [GridMapDiag] cloud=32768 accepted=24069 invalid=8699 below_sensor=0 outside_update=0 sensor_z=0.700 cutoff_z=1.700
[scan_planner_node-4] [FSM]: state: EXEC_TRAJ
[scan_planner_node-4] [FSM]: from EXEC_TRAJ to REPLAN_TRAJ
[scan_planner_node-4] 
[scan_planner_node-4] [rebo replan]: -------------------------------------217
[scan_planner_node-4] start:  -5.9 -2.88   0.4,    -0.348     0.473 -9.34e-06
[scan_planner_node-4] goal:   -6 0.676   0.4, 0 0 0
[scan_planner_node-4] [32miter(+1)=29,time(ms)=0.129,total_t(ms)=0.130,cost=0.018
[scan_planner_node-4] [0mfirst_optimize_step_success=1
[scan_planner_node-4] total time:[42m0.00035[0m,optimize:0.00031,refine:4.04e-05
[scan_planner_node-4] final_plan_success=1
[scan_planner_node-4] [FSM]: from REPLAN_TRAJ to EXEC_TRAJ
[closed_loop_controller-6] [INFO] [1785999266.722521162] [closed_loop_controller]: Received trajectory 122, duration 5.760s
[scan_planner_node-4] [INFO] [1785999268.084293544] [scan_planner_node]: [GridMapDiag] cloud=32768 accepted=24517 invalid=8251 below_sensor=0 outside_update=0 sensor_z=0.700 cutoff_z=1.700
[scan_planner_node-4] [FSM]: from EXEC_TRAJ to REPLAN_TRAJ
[scan_planner_node-4] 
[scan_planner_node-4] [rebo replan]: -------------------------------------218
[scan_planner_node-4] start: -6.01 -1.86   0.4,    0.0448     0.591 -6.22e-06
[scan_planner_node-4] goal: -6   1 0.4, 0 0 0
[scan_planner_node-4] [32miter(+1)=30,time(ms)=0.166,total_t(ms)=0.166,cost=0.012
[scan_planner_node-4] [0mfirst_optimize_step_success=1
[scan_planner_node-4] total time:[42m0.0004[0m,optimize:0.00034,refine:6.04e-05
[scan_planner_node-4] final_plan_success=1
[scan_planner_node-4] [FSM]: from REPLAN_TRAJ to EXEC_TRAJ
[closed_loop_controller-6] [INFO] [1785999268.445752906] [closed_loop_controller]: Received trajectory 123, duration 4.800s
[scan_planner_node-4] [FSM]: from EXEC_TRAJ to REPLAN_TRAJ
[scan_planner_node-4] 
[scan_planner_node-4] [rebo replan]: -------------------------------------219
[scan_planner_node-4] start:     -6 -0.796    0.4,   -0.0124     0.742 -5.49e-06
[scan_planner_node-4] goal: -6   1 0.4, 0 0 0
[scan_planner_node-4] [32miter(+1)=17,time(ms)=0.055,total_t(ms)=0.055,cost=0.038
[scan_planner_node-4] [0mfirst_optimize_step_success=1
[scan_planner_node-4] Need to reallocate time.
[scan_planner_node-4] total time:[42m0.000282[0m,optimize:0.000145,refine:0.000137
[scan_planner_node-4] final_plan_success=1
[scan_planner_node-4] [FSM]: from REPLAN_TRAJ to EXEC_TRAJ
[closed_loop_controller-6] [INFO] [1785999270.113626549] [closed_loop_controller]: Received trajectory 124, duration 3.343s
[scan_planner_node-4] [INFO] [1785999270.155589886] [scan_planner_node]: [GridMapDiag] cloud=32768 accepted=25282 invalid=7486 below_sensor=0 outside_update=0 sensor_z=0.700 cutoff_z=1.700
[scan_planner_node-4] [FSM]: state: EXEC_TRAJ
[scan_planner_node-4] [FSM]: from EXEC_TRAJ to REPLAN_TRAJ
[scan_planner_node-4] 
[scan_planner_node-4] [rebo replan]: -------------------------------------220
[scan_planner_node-4] start: -6.01 0.226   0.4,    0.0044     0.715 -4.29e-06
[scan_planner_node-4] goal: -6   1 0.4, 0 0 0
[scan_planner_node-4] [32miter(+1)=10,time(ms)=0.020,total_t(ms)=0.020,cost=0.005
[scan_planner_node-4] [0mfirst_optimize_step_success=1
[scan_planner_node-4] total time:[42m8.79e-05[0m,optimize:6.96e-05,refine:1.83e-05
[scan_planner_node-4] final_plan_success=1
[scan_planner_node-4] [FSM]: from REPLAN_TRAJ to EXEC_TRAJ
[closed_loop_controller-6] [INFO] [1785999271.496088775] [closed_loop_controller]: Received trajectory 125, duration 1.920s
[scan_planner_node-4] [INFO] [1785999272.178942485] [scan_planner_node]: [GridMapDiag] cloud=32768 accepted=26488 invalid=6280 below_sensor=0 outside_update=0 sensor_z=0.700 cutoff_z=1.700
[loop_path_publisher.py-9] [INFO] [1785999272.942466791] [loop_path_publisher]: Published shuttle route with 31 dense points, run 7
[terrain_path_visualizer-10] [INFO] [1785999272.947487188] [terrain_path_segmenter]: Segmented 31 path points into 2 sections
[scan_planner_node-4] [INFO] [1785999272.986704114] [scan_planner_node]: [MapRefresh] Cleared occupancy and inflation for a new reference path; observation_sequence=1885
[scan_planner_node-4] [INFO] [1785999272.986742479] [scan_planner_node]: [MapRefresh] Deferred reference path until 2 fresh map observations have been fused (target_sequence=1887)
[scan_planner_node-4] [INFO] [1785999273.153530639] [scan_planner_node]: [MapRefresh] Fresh map ready at observation_sequence=1887; accepting deferred reference path
[scan_planner_node-4] [TRIG]: from EXEC_TRAJ to REPLAN_TRAJ
[scan_planner_node-4] 
[scan_planner_node-4] [rebo replan]: -------------------------------------221
[scan_planner_node-4] start:    -6 0.967   0.4,  0.000566    0.0527 -2.43e-06
[scan_planner_node-4] goal:  -6 4.53 1.28, 0 0 0
[scan_planner_node-4] [INFO] [1785999273.186966041] [scan_planner_node]: Reference path accepted
[scan_planner_node-4] [32miter(+1)=38,time(ms)=0.396,total_t(ms)=0.396,cost=0.023
[scan_planner_node-4] [0mfirst_optimize_step_success=1
[scan_planner_node-4] Need to reallocate time.
[scan_planner_node-4] total time:[42m0.00108[0m,optimize:0.000639,refine:0.000444
[scan_planner_node-4] final_plan_success=1
[scan_planner_node-4] [FSM]: from REPLAN_TRAJ to EXEC_TRAJ
[closed_loop_controller-6] [INFO] [1785999273.188328429] [closed_loop_controller]: Received trajectory 126, duration 7.789s
[scan_planner_node-4] [INFO] [1785999274.230178006] [scan_planner_node]: [GridMapDiag] cloud=32768 accepted=26981 invalid=5787 below_sensor=0 outside_update=0 sensor_z=0.711 cutoff_z=1.711
[scan_planner_node-4] [FSM]: state: EXEC_TRAJ
[scan_planner_node-4] [FSM]: from EXEC_TRAJ to REPLAN_TRAJ
[scan_planner_node-4] 
[scan_planner_node-4] [rebo replan]: -------------------------------------222
[scan_planner_node-4] start:    -6     2 0.589, -0.000314     0.618     0.175
[scan_planner_node-4] goal: -6   5 1.4, 0 0 0
[scan_planner_node-4] [32miter(+1)=26,time(ms)=0.093,total_t(ms)=0.093,cost=0.061
[scan_planner_node-4] [0mfirst_optimize_step_success=1
[scan_planner_node-4] Need to reallocate time.
[scan_planner_node-4] total time:[42m0.000354[0m,optimize:0.000206,refine:0.000148
[scan_planner_node-4] final_plan_success=1
[scan_planner_node-4] [FSM]: from REPLAN_TRAJ to EXEC_TRAJ
[closed_loop_controller-6] [INFO] [1785999276.074175070] [closed_loop_controller]: Received trajectory 127, duration 6.247s
[scan_planner_node-4] [INFO] [1785999276.279948155] [scan_planner_node]: [GridMapDiag] cloud=32768 accepted=27221 invalid=5547 below_sensor=0 outside_update=0 sensor_z=0.976 cutoff_z=1.976
[scan_planner_node-4] [FSM]: from EXEC_TRAJ to REPLAN_TRAJ
[scan_planner_node-4] 
[scan_planner_node-4] [rebo replan]: -------------------------------------223
[scan_planner_node-4] start:    -6  2.99 0.855, 0.000681    0.427    0.124
[scan_planner_node-4] goal: -6   5 1.4, 0 0 0
[scan_planner_node-4] [32miter(+1)=16,time(ms)=0.040,total_t(ms)=0.040,cost=0.058
[scan_planner_node-4] [0mfirst_optimize_step_success=1
[scan_planner_node-4] Need to reallocate time.
[scan_planner_node-4] total time:[42m0.000229[0m,optimize:0.000111,refine:0.000118
[scan_planner_node-4] final_plan_success=1
[scan_planner_node-4] [FSM]: from REPLAN_TRAJ to EXEC_TRAJ
[closed_loop_controller-6] [INFO] [1785999278.035752461] [closed_loop_controller]: Received trajectory 128, duration 4.162s
[scan_planner_node-4] [FSM]: state: EXEC_TRAJ
[scan_planner_node-4] [INFO] [1785999278.380101825] [scan_planner_node]: [GridMapDiag] cloud=32768 accepted=23416 invalid=9352 below_sensor=0 outside_update=0 sensor_z=1.232 cutoff_z=2.232
[scan_planner_node-4] [FSM]: from EXEC_TRAJ to REPLAN_TRAJ
[scan_planner_node-4] 
[scan_planner_node-4] [rebo replan]: -------------------------------------224
[scan_planner_node-4] start:   -6 4.01 1.11, 0.00069   0.679   0.128
[scan_planner_node-4] goal: -6   5 1.4, 0 0 0
[scan_planner_node-4] [32miter(+1)=11,time(ms)=0.020,total_t(ms)=0.020,cost=0.064
[scan_planner_node-4] [0mfirst_optimize_step_success=1
[scan_planner_node-4] Need to reallocate time.
[scan_planner_node-4] total time:[42m0.000121[0m,optimize:6.83e-05,refine:5.26e-05
[scan_planner_node-4] final_plan_success=1
[scan_planner_node-4] [FSM]: from REPLAN_TRAJ to EXEC_TRAJ
[closed_loop_controller-6] [INFO] [1785999279.872763168] [closed_loop_controller]: Received trajectory 129, duration 2.160s
[scan_planner_node-4] [INFO] [1785999280.381404272] [scan_planner_node]: [GridMapDiag] cloud=32768 accepted=17627 invalid=15141 below_sensor=0 outside_update=0 sensor_z=1.534 cutoff_z=2.534
[terrain_path_visualizer-10] [INFO] [1785999280.974355340] [terrain_path_segmenter]: Visualization advanced to segment 2/2
[scan_planner_node-4] [INFO] [1785999280.984097207] [scan_planner_node]: [MapRefresh] Cleared occupancy and inflation for a new reference path; observation_sequence=1961
[scan_planner_node-4] [INFO] [1785999280.984141396] [scan_planner_node]: [MapRefresh] Deferred reference path until 2 fresh map observations have been fused (target_sequence=1963)
[scan_planner_node-4] [INFO] [1785999281.141537788] [scan_planner_node]: [MapRefresh] Fresh map ready at observation_sequence=1963; accepting deferred reference path
[scan_planner_node-4] [TRIG]: from EXEC_TRAJ to REPLAN_TRAJ
[scan_planner_node-4] 
[scan_planner_node-4] [rebo replan]: -------------------------------------225
[scan_planner_node-4] start:   -6 4.83 1.31, 0.000345    0.451    0.141
[scan_planner_node-4] goal: -6   7 1.4, 0 0 0
[scan_planner_node-4] [INFO] [1785999281.142858365] [scan_planner_node]: Reference path accepted
[scan_planner_node-4] [32miter(+1)=7,time(ms)=0.031,total_t(ms)=0.031,cost=0.076
[scan_planner_node-4] [0mfirst_optimize_step_success=1
[scan_planner_node-4] Need to reallocate time.
[scan_planner_node-4] total time:[42m0.000306[0m,optimize:0.000149,refine:0.000156
[scan_planner_node-4] final_plan_success=1
[scan_planner_node-4] [FSM]: from REPLAN_TRAJ to EXEC_TRAJ
[closed_loop_controller-6] [INFO] [1785999281.143355076] [closed_loop_controller]: Received trajectory 130, duration 5.098s
[scan_planner_node-4] [FSM]: state: EXEC_TRAJ
[scan_planner_node-4] [INFO] [1785999282.484090495] [scan_planner_node]: [GridMapDiag] cloud=32768 accepted=15486 invalid=17282 below_sensor=0 outside_update=0 sensor_z=1.700 cutoff_z=2.700
[scan_planner_node-4] [FSM]: from EXEC_TRAJ to REPLAN_TRAJ
[scan_planner_node-4] 
[scan_planner_node-4] [rebo replan]: -------------------------------------226
[scan_planner_node-4] start:   -6 5.88 1.35, -3.52e-05     0.611     0.025
[scan_planner_node-4] goal: -6   7 1.4, 0 0 0
[scan_planner_node-4] [32miter(+1)=12,time(ms)=0.022,total_t(ms)=0.022,cost=0.119
[scan_planner_node-4] [0mfirst_optimize_step_success=1
[scan_planner_node-4] Need to reallocate time.
[scan_planner_node-4] total time:[42m0.00013[0m,optimize:7.25e-05,refine:5.74e-05
[scan_planner_node-4] final_plan_success=1
[scan_planner_node-4] [FSM]: from REPLAN_TRAJ to EXEC_TRAJ
[closed_loop_controller-6] [INFO] [1785999283.582146001] [closed_loop_controller]: Received trajectory 131, duration 2.280s
[scan_planner_node-4] [FSM]: state: EXEC_TRAJ
[scan_planner_node-4] [INFO] [1785999284.583726987] [scan_planner_node]: [GridMapDiag] cloud=32768 accepted=15394 invalid=17374 below_sensor=0 outside_update=0 sensor_z=1.700 cutoff_z=2.700
[scan_planner_node-4] [FSM]: from EXEC_TRAJ to REPLAN_TRAJ
[scan_planner_node-4] 
[scan_planner_node-4] [rebo replan]: -------------------------------------227
[scan_planner_node-4] start:   -6 6.88 1.39, -2.91e-05     0.332    0.0306
[scan_planner_node-4] goal: -6   7 1.4, 0 0 0
[scan_planner_node-4] Close to goal
[scan_planner_node-4] final_plan_success=0
[scan_planner_node-4] 
[scan_planner_node-4] [rebo replan]: -------------------------------------228
[scan_planner_node-4] start:   -6 6.88 1.39, -2.91e-05     0.332    0.0306
[scan_planner_node-4] goal: -6   7 1.4, 0 0 0
[scan_planner_node-4] Close to goal
[scan_planner_node-4] final_plan_success=0
[scan_planner_node-4] 
[scan_planner_node-4] [rebo replan]: -------------------------------------229
[scan_planner_node-4] start:   -6 6.88 1.39, -2.91e-05     0.332    0.0306
[scan_planner_node-4] goal: -6   7 1.4, 0 0 0
[scan_planner_node-4] Close to goal
[scan_planner_node-4] final_plan_success=0
[scan_planner_node-4] [FSM]: from REPLAN_TRAJ to REPLAN_TRAJ
[scan_planner_node-4] 
[scan_planner_node-4] [rebo replan]: -------------------------------------230
[scan_planner_node-4] start:   -6  6.9 1.39, -2.56e-05      0.29    0.0321
[scan_planner_node-4] goal: -6   7 1.4, 0 0 0
[scan_planner_node-4] Close to goal
[scan_planner_node-4] final_plan_success=0
[scan_planner_node-4] 
[scan_planner_node-4] [rebo replan]: -------------------------------------231
[scan_planner_node-4] start:   -6  6.9 1.39, -2.56e-05      0.29    0.0321
[scan_planner_node-4] goal: -6   7 1.4, 0 0 0
[scan_planner_node-4] Close to goal
[scan_planner_node-4] final_plan_success=0
[scan_planner_node-4] 
[scan_planner_node-4] [rebo replan]: -------------------------------------232
[scan_planner_node-4] start:   -6  6.9 1.39, -2.56e-05      0.29    0.0321
[scan_planner_node-4] goal: -6   7 1.4, 0 0 0
[scan_planner_node-4] Close to goal
[scan_planner_node-4] final_plan_success=0
[scan_planner_node-4] [FSM]: from REPLAN_TRAJ to REPLAN_TRAJ
[scan_planner_node-4] 
[scan_planner_node-4] [rebo replan]: -------------------------------------233
[scan_planner_node-4] start:   -6 6.91 1.39, -2.34e-05     0.264    0.0321
[scan_planner_node-4] goal: -6   7 1.4, 0 0 0
[scan_planner_node-4] Close to goal
[scan_planner_node-4] final_plan_success=0
[scan_planner_node-4] 
[scan_planner_node-4] [rebo replan]: -------------------------------------234
[scan_planner_node-4] start:   -6 6.91 1.39, -2.34e-05     0.264    0.0321
[scan_planner_node-4] goal: -6   7 1.4, 0 0 0
[scan_planner_node-4] Close to goal
[scan_planner_node-4] final_plan_success=0
[scan_planner_node-4] 
[scan_planner_node-4] [rebo replan]: -------------------------------------235
[scan_planner_node-4] start:   -6 6.91 1.39, -2.34e-05     0.264    0.0321
[scan_planner_node-4] goal: -6   7 1.4, 0 0 0
[scan_planner_node-4] Close to goal
[scan_planner_node-4] final_plan_success=0
[scan_planner_node-4] [FSM]: from REPLAN_TRAJ to REPLAN_TRAJ
[scan_planner_node-4] 
[scan_planner_node-4] [rebo replan]: -------------------------------------236
[scan_planner_node-4] start:   -6 6.91 1.39, -2.32e-05     0.262     0.032
[scan_planner_node-4] goal: -6   7 1.4, 0 0 0
[scan_planner_node-4] Close to goal
[scan_planner_node-4] final_plan_success=0
[scan_planner_node-4] 
[scan_planner_node-4] [rebo replan]: -------------------------------------237
[scan_planner_node-4] start:   -6 6.91 1.39, -2.32e-05     0.262     0.032
[scan_planner_node-4] goal: -6   7 1.4, 0 0 0
[scan_planner_node-4] Close to goal
[scan_planner_node-4] final_plan_success=0
[scan_planner_node-4] 
[scan_planner_node-4] [rebo replan]: -------------------------------------238
[scan_planner_node-4] start:   -6 6.91 1.39, -2.32e-05     0.262     0.032
[scan_planner_node-4] goal: -6   7 1.4, 0 0 0
[scan_planner_node-4] Close to goal
[scan_planner_node-4] final_plan_success=0
[scan_planner_node-4] [FSM]: from REPLAN_TRAJ to REPLAN_TRAJ
[scan_planner_node-4] 
[scan_planner_node-4] [rebo replan]: -------------------------------------239
[scan_planner_node-4] start:   -6 6.93 1.39, -1.97e-05     0.221    0.0304
[scan_planner_node-4] goal: -6   7 1.4, 0 0 0
[scan_planner_node-4] Close to goal
[scan_planner_node-4] final_plan_success=0
[scan_planner_node-4] 
[scan_planner_node-4] [rebo replan]: -------------------------------------240
[scan_planner_node-4] start:   -6 6.93 1.39, -1.97e-05     0.221    0.0304
[scan_planner_node-4] goal: -6   7 1.4, 0 0 0
[scan_planner_node-4] Close to goal
[scan_planner_node-4] final_plan_success=0
[scan_planner_node-4] 
[scan_planner_node-4] [rebo replan]: -------------------------------------241
[scan_planner_node-4] start:   -6 6.93 1.39, -1.97e-05     0.221    0.0304
[scan_planner_node-4] goal: -6   7 1.4, 0 0 0
[scan_planner_node-4] Close to goal
[scan_planner_node-4] final_plan_success=0
[scan_planner_node-4] [FSM]: from REPLAN_TRAJ to REPLAN_TRAJ
[scan_planner_node-4] 
[scan_planner_node-4] [rebo replan]: -------------------------------------242
[scan_planner_node-4] start:   -6 6.94 1.39, -1.76e-05     0.196    0.0286
[scan_planner_node-4] goal: -6   7 1.4, 0 0 0
[scan_planner_node-4] Close to goal
[scan_planner_node-4] final_plan_success=0
[scan_planner_node-4] 
[scan_planner_node-4] [rebo replan]: -------------------------------------243
[scan_planner_node-4] start:   -6 6.94 1.39, -1.76e-05     0.196    0.0286
[scan_planner_node-4] goal: -6   7 1.4, 0 0 0
[scan_planner_node-4] Close to goal
[scan_planner_node-4] final_plan_success=0
[scan_planner_node-4] 
[scan_planner_node-4] [rebo replan]: -------------------------------------244
[scan_planner_node-4] start:   -6 6.94 1.39, -1.76e-05     0.196    0.0286
[scan_planner_node-4] goal: -6   7 1.4, 0 0 0
[scan_planner_node-4] Close to goal
[scan_planner_node-4] final_plan_success=0
[scan_planner_node-4] [FSM]: from REPLAN_TRAJ to REPLAN_TRAJ
[scan_planner_node-4] 
[scan_planner_node-4] [rebo replan]: -------------------------------------245
[scan_planner_node-4] start:   -6 6.95  1.4, -1.36e-05     0.152    0.0236
[scan_planner_node-4] goal: -6   7 1.4, 0 0 0
[scan_planner_node-4] Close to goal
[scan_planner_node-4] final_plan_success=0
[scan_planner_node-4] 
[scan_planner_node-4] [rebo replan]: -------------------------------------246
[scan_planner_node-4] start:   -6 6.95  1.4, -1.36e-05     0.152    0.0236
[scan_planner_node-4] goal: -6   7 1.4, 0 0 0
[scan_planner_node-4] Close to goal
[scan_planner_node-4] final_plan_success=0
[scan_planner_node-4] 
[scan_planner_node-4] [rebo replan]: -------------------------------------247
[scan_planner_node-4] start:   -6 6.95  1.4, -1.36e-05     0.152    0.0236
[scan_planner_node-4] goal: -6   7 1.4, 0 0 0
[scan_planner_node-4] Close to goal
[scan_planner_node-4] final_plan_success=0
[scan_planner_node-4] [FSM]: from REPLAN_TRAJ to REPLAN_TRAJ
[scan_planner_node-4] 
[scan_planner_node-4] [rebo replan]: -------------------------------------248
[scan_planner_node-4] start:   -6 6.95  1.4, -1.12e-05     0.124    0.0196
[scan_planner_node-4] goal: -6   7 1.4, 0 0 0
[scan_planner_node-4] Close to goal
[scan_planner_node-4] final_plan_success=0
[scan_planner_node-4] 
[scan_planner_node-4] [rebo replan]: -------------------------------------249
[scan_planner_node-4] start:   -6 6.95  1.4, -1.12e-05     0.124    0.0196
[scan_planner_node-4] goal: -6   7 1.4, 0 0 0
[scan_planner_node-4] Close to goal
[scan_planner_node-4] final_plan_success=0
[scan_planner_node-4] 
[scan_planner_node-4] [rebo replan]: -------------------------------------250
[scan_planner_node-4] start:   -6 6.95  1.4, -1.12e-05     0.124    0.0196
[scan_planner_node-4] goal: -6   7 1.4, 0 0 0
[scan_planner_node-4] Close to goal
[scan_planner_node-4] final_plan_success=0
[scan_planner_node-4] [FSM]: from REPLAN_TRAJ to REPLAN_TRAJ
[scan_planner_node-4] 
[scan_planner_node-4] [rebo replan]: -------------------------------------251
[scan_planner_node-4] start:   -6 6.96  1.4, -7.89e-06    0.0876    0.0138
[scan_planner_node-4] goal: -6   7 1.4, 0 0 0
[scan_planner_node-4] Close to goal
[scan_planner_node-4] final_plan_success=0
[scan_planner_node-4] 
[scan_planner_node-4] [rebo replan]: -------------------------------------252
[scan_planner_node-4] start:   -6 6.96  1.4, -7.89e-06    0.0876    0.0138
[scan_planner_node-4] goal: -6   7 1.4, 0 0 0
[scan_planner_node-4] Close to goal
[scan_planner_node-4] final_plan_success=0
[scan_planner_node-4] 
[scan_planner_node-4] [rebo replan]: -------------------------------------253
[scan_planner_node-4] start:   -6 6.96  1.4, -7.89e-06    0.0876    0.0138
[scan_planner_node-4] goal: -6   7 1.4, 0 0 0
[scan_planner_node-4] Close to goal
[scan_planner_node-4] final_plan_success=0
[scan_planner_node-4] [FSM]: from REPLAN_TRAJ to REPLAN_TRAJ
[loop_path_publisher.py-9] [INFO] [1785999285.558163733] [loop_path_publisher]: Published shuttle route with 193 dense points, run 8
[terrain_path_visualizer-10] [INFO] [1785999285.577932400] [terrain_path_segmenter]: Segmented 193 path points into 3 sections
[scan_planner_node-4] 
[scan_planner_node-4] [rebo replan]: -------------------------------------254
[scan_planner_node-4] start:   -6 6.96  1.4, -6.19e-06    0.0687    0.0108
[scan_planner_node-4] goal: -6   7 1.4, 0 0 0
[scan_planner_node-4] Close to goal
[scan_planner_node-4] final_plan_success=0
[scan_planner_node-4] 
[scan_planner_node-4] [rebo replan]: -------------------------------------255
[scan_planner_node-4] start:   -6 6.96  1.4, -6.19e-06    0.0687    0.0108
[scan_planner_node-4] goal: -6   7 1.4, 0 0 0
[scan_planner_node-4] Close to goal
[scan_planner_node-4] final_plan_success=0
[scan_planner_node-4] 
[scan_planner_node-4] [rebo replan]: -------------------------------------256
[scan_planner_node-4] start:   -6 6.96  1.4, -6.19e-06    0.0687    0.0108
[scan_planner_node-4] goal: -6   7 1.4, 0 0 0
[scan_planner_node-4] Close to goal
[scan_planner_node-4] final_plan_success=0
[scan_planner_node-4] [FSM]: from REPLAN_TRAJ to REPLAN_TRAJ
[scan_planner_node-4] [INFO] [1785999285.593731736] [scan_planner_node]: [MapRefresh] Cleared occupancy and inflation for a new reference path; observation_sequence=2005
[scan_planner_node-4] [INFO] [1785999285.593773446] [scan_planner_node]: [MapRefresh] Deferred reference path until 2 fresh map observations have been fused (target_sequence=2007)
[scan_planner_node-4] [INFO] [1785999285.751001763] [scan_planner_node]: [MapRefresh] Fresh map ready at observation_sequence=2007; accepting deferred reference path
[scan_planner_node-4] [INFO] [1785999286.138791658] [scan_planner_node]: Reference path accepted
[scan_planner_node-4] 
[scan_planner_node-4] [rebo replan]: -------------------------------------257
[scan_planner_node-4] start:   -6 6.97  1.4, -6.68e-08  0.000638  9.55e-05
[scan_planner_node-4] goal:-2.35     7   1.4,      0.75 -1.31e-16         0
[scan_planner_node-4] [32miter(+1)=6,time(ms)=0.026,total_t(ms)=0.027,cost=0.033
[scan_planner_node-4] [0mfirst_optimize_step_success=1
[scan_planner_node-4] total time:[42m0.000229[0m,optimize:0.000182,refine:4.73e-05
[scan_planner_node-4] final_plan_success=1
[scan_planner_node-4] [FSM]: from REPLAN_TRAJ to EXEC_TRAJ
[closed_loop_controller-6] [INFO] [1785999286.139312730] [closed_loop_controller]: Received trajectory 132, duration 6.080s
[scan_planner_node-4] [INFO] [1785999286.682123070] [scan_planner_node]: [GridMapDiag] cloud=32768 accepted=15209 invalid=17559 below_sensor=0 outside_update=0 sensor_z=1.700 cutoff_z=2.700
[scan_planner_node-4] [FSM]: state: EXEC_TRAJ
[scan_planner_node-4] [INFO] [1785999288.683820064] [scan_planner_node]: [GridMapDiag] cloud=32768 accepted=15274 invalid=17494 below_sensor=0 outside_update=0 sensor_z=1.700 cutoff_z=2.700
[scan_planner_node-4] [FSM]: from EXEC_TRAJ to REPLAN_TRAJ
[scan_planner_node-4] 
[scan_planner_node-4] [rebo replan]: -------------------------------------258
[scan_planner_node-4] start: -4.99  6.98   1.4,    0.775  0.00891 0.000324
[scan_planner_node-4] goal:-1.47     7   1.4,     0.75 7.97e-16        0
[scan_planner_node-4] [32miter(+1)=7,time(ms)=0.047,total_t(ms)=0.047,cost=0.009
[scan_planner_node-4] [0mfirst_optimize_step_success=1
[scan_planner_node-4] total time:[42m0.000284[0m,optimize:0.000224,refine:5.92e-05
[scan_planner_node-4] final_plan_success=1
[scan_planner_node-4] [FSM]: from REPLAN_TRAJ to EXEC_TRAJ
[closed_loop_controller-6] [INFO] [1785999290.683867850] [closed_loop_controller]: Received trajectory 133, duration 5.440s
[scan_planner_node-4] [INFO] [1785999290.882576164] [scan_planner_node]: [GridMapDiag] cloud=32768 accepted=16516 invalid=16252 below_sensor=0 outside_update=0 sensor_z=1.700 cutoff_z=2.700
[scan_planner_node-4] [FSM]: state: EXEC_TRAJ
[scan_planner_node-4] [FSM]: from EXEC_TRAJ to REPLAN_TRAJ
[scan_planner_node-4] 
[scan_planner_node-4] [rebo replan]: -------------------------------------259
[scan_planner_node-4] start: -3.91  6.99   1.4,    0.643    0.005 0.000194
[scan_planner_node-4] goal:-0.25     7   1.4,     0.75 5.24e-13        0
[scan_planner_node-4] [32miter(+1)=4,time(ms)=0.028,total_t(ms)=0.028,cost=0.002
[scan_planner_node-4] [0mfirst_optimize_step_success=1
[scan_planner_node-4] total time:[42m0.000267[0m,optimize:0.000211,refine:5.51e-05
[scan_planner_node-4] final_plan_success=1
[scan_planner_node-4] [FSM]: from REPLAN_TRAJ to EXEC_TRAJ
[closed_loop_controller-6] [INFO] [1785999292.420337730] [closed_loop_controller]: Received trajectory 134, duration 5.760s
[scan_planner_node-4] [INFO] [1785999292.888486543] [scan_planner_node]: [GridMapDiag] cloud=32768 accepted=18764 invalid=14004 below_sensor=0 outside_update=0 sensor_z=1.700 cutoff_z=2.700
[scan_planner_node-4] [FSM]: from EXEC_TRAJ to REPLAN_TRAJ
[scan_planner_node-4] 
[scan_planner_node-4] [rebo replan]: -------------------------------------260
[scan_planner_node-4] start: -2.86     7   1.4,    0.625 0.000787  0.00013
[scan_planner_node-4] goal:0.625     7   1.4,    0.75 4.2e-11       0
[scan_planner_node-4] [32miter(+1)=5,time(ms)=0.022,total_t(ms)=0.022,cost=0.001
[scan_planner_node-4] [0mfirst_optimize_step_success=1
[scan_planner_node-4] total time:[42m0.000194[0m,optimize:0.000155,refine:3.97e-05
[scan_planner_node-4] final_plan_success=1
[scan_planner_node-4] [FSM]: from REPLAN_TRAJ to EXEC_TRAJ
[closed_loop_controller-6] [INFO] [1785999294.090625183] [closed_loop_controller]: Received trajectory 135, duration 5.440s
[scan_planner_node-4] [INFO] [1785999294.992271188] [scan_planner_node]: [GridMapDiag] cloud=32768 accepted=20543 invalid=12225 below_sensor=0 outside_update=0 sensor_z=1.700 cutoff_z=2.700
[scan_planner_node-4] [FSM]: from EXEC_TRAJ to REPLAN_TRAJ
[scan_planner_node-4] 
[scan_planner_node-4] [rebo replan]: -------------------------------------261
[scan_planner_node-4] start: -1.83     7   1.4,    0.625 0.000177 9.71e-05
[scan_planner_node-4] goal:1.85    7  1.4,     0.75 6.37e-09        0
[scan_planner_node-4] [32miter(+1)=9,time(ms)=0.033,total_t(ms)=0.034,cost=0.008
[scan_planner_node-4] [0mfirst_optimize_step_success=1
[scan_planner_node-4] total time:[42m0.000215[0m,optimize:0.000173,refine:4.22e-05
[scan_planner_node-4] final_plan_success=1
[scan_planner_node-4] [FSM]: from REPLAN_TRAJ to EXEC_TRAJ
[closed_loop_controller-6] [INFO] [1785999295.737137094] [closed_loop_controller]: Received trajectory 136, duration 6.080s
[scan_planner_node-4] [FSM]: state: EXEC_TRAJ
[scan_planner_node-4] [INFO] [1785999297.033685780] [scan_planner_node]: [GridMapDiag] cloud=32768 accepted=20942 invalid=11826 below_sensor=0 outside_update=0 sensor_z=1.700 cutoff_z=2.700
[scan_planner_node-4] [FSM]: from EXEC_TRAJ to REPLAN_TRAJ
[scan_planner_node-4] 
[scan_planner_node-4] [rebo replan]: -------------------------------------262
[scan_planner_node-4] start: -0.798      7    1.4,    0.625 5.58e-05 6.48e-05
[scan_planner_node-4] goal:2.73    7  1.4,      0.75 -3.86e-08         0
[scan_planner_node-4] [32miter(+1)=8,time(ms)=0.033,total_t(ms)=0.033,cost=0.006
[scan_planner_node-4] [0mfirst_optimize_step_success=1
[scan_planner_node-4] total time:[42m0.000258[0m,optimize:0.000202,refine:5.68e-05
[scan_planner_node-4] final_plan_success=1
[scan_planner_node-4] [FSM]: from REPLAN_TRAJ to EXEC_TRAJ
[closed_loop_controller-6] [INFO] [1785999297.394316977] [closed_loop_controller]: Received trajectory 137, duration 5.760s
[scan_planner_node-4] [FSM]: from EXEC_TRAJ to REPLAN_TRAJ
[scan_planner_node-4] 
[scan_planner_node-4] [rebo replan]: -------------------------------------263
[scan_planner_node-4] start: 0.257     7   1.4,     0.626 -5.37e-07  4.86e-05
[scan_planner_node-4] goal:3.95    7  1.4,      0.75 -2.54e-05         0
[scan_planner_node-4] [32miter(+1)=9,time(ms)=0.035,total_t(ms)=0.036,cost=0.007
[scan_planner_node-4] [0mfirst_optimize_step_success=1
[scan_planner_node-4] total time:[42m0.000211[0m,optimize:0.000169,refine:4.23e-05
[scan_planner_node-4] final_plan_success=1
[scan_planner_node-4] [FSM]: from REPLAN_TRAJ to EXEC_TRAJ
[closed_loop_controller-6] [INFO] [1785999299.082246700] [closed_loop_controller]: Received trajectory 138, duration 6.080s
[scan_planner_node-4] [INFO] [1785999299.083472678] [scan_planner_node]: [GridMapDiag] cloud=32768 accepted=20992 invalid=11776 below_sensor=0 outside_update=0 sensor_z=1.700 cutoff_z=2.700
[scan_planner_node-4] [FSM]: state: EXEC_TRAJ
[scan_planner_node-4] [FSM]: from EXEC_TRAJ to REPLAN_TRAJ
[scan_planner_node-4] 
[scan_planner_node-4] [rebo replan]: -------------------------------------264
[scan_planner_node-4] start: 1.28    7  1.4,    0.625 2.73e-06 3.26e-05
[scan_planner_node-4] goal:  5   7 1.4,    0.75 0.00411       0
[scan_planner_node-4] [32miter(+1)=5,time(ms)=0.025,total_t(ms)=0.025,cost=0.002
[scan_planner_node-4] [0mfirst_optimize_step_success=1
[scan_planner_node-4] total time:[42m0.000236[0m,optimize:0.000182,refine:5.38e-05
[scan_planner_node-4] final_plan_success=1
[scan_planner_node-4] [FSM]: from REPLAN_TRAJ to EXEC_TRAJ
[closed_loop_controller-6] [INFO] [1785999300.726828229] [closed_loop_controller]: Received trajectory 139, duration 5.760s
[scan_planner_node-4] [INFO] [1785999301.186373020] [scan_planner_node]: [GridMapDiag] cloud=32768 accepted=20824 invalid=11944 below_sensor=0 outside_update=0 sensor_z=1.700 cutoff_z=2.700
[scan_planner_node-4] [FSM]: from EXEC_TRAJ to REPLAN_TRAJ
[scan_planner_node-4] 
[scan_planner_node-4] [rebo replan]: -------------------------------------265
[scan_planner_node-4] start: 2.32    7  1.4,     0.625 -1.73e-06  2.33e-05
[scan_planner_node-4] goal:5.89 7.01  1.4, 0.743 0.103     0
[scan_planner_node-4] [32miter(+1)=6,time(ms)=0.026,total_t(ms)=0.027,cost=0.006
[scan_planner_node-4] [0mfirst_optimize_step_success=1
[scan_planner_node-4] total time:[42m0.000195[0m,optimize:0.000157,refine:3.81e-05
[scan_planner_node-4] final_plan_success=1
[scan_planner_node-4] [FSM]: from REPLAN_TRAJ to EXEC_TRAJ
[closed_loop_controller-6] [INFO] [1785999302.380355942] [closed_loop_controller]: Received trajectory 140, duration 5.760s
[scan_planner_node-4] [INFO] [1785999303.277822479] [scan_planner_node]: [GridMapDiag] cloud=32768 accepted=20016 invalid=12752 below_sensor=0 outside_update=0 sensor_z=1.700 cutoff_z=2.700
[scan_planner_node-4] [FSM]: state: EXEC_TRAJ
[scan_planner_node-4] [FSM]: from EXEC_TRAJ to REPLAN_TRAJ
[scan_planner_node-4] 
[scan_planner_node-4] [rebo replan]: -------------------------------------266
[scan_planner_node-4] start: 3.36    7  1.4,     0.625 -1.18e-05  1.75e-05
[scan_planner_node-4] goal:  6 5.9 1.4, 0.000709   -0.749        0
[scan_planner_node-4] [32miter(+1)=11,time(ms)=0.046,total_t(ms)=0.046,cost=0.018
[scan_planner_node-4] [0mfirst_optimize_step_success=1
[scan_planner_node-4] total time:[42m0.00023[0m,optimize:0.000187,refine:4.3e-05
[scan_planner_node-4] final_plan_success=1
[scan_planner_node-4] [FSM]: from REPLAN_TRAJ to EXEC_TRAJ
[closed_loop_controller-6] [INFO] [1785999304.042017456] [closed_loop_controller]: Received trajectory 141, duration 6.400s
[scan_planner_node-4] [INFO] [1785999305.368042487] [scan_planner_node]: [GridMapDiag] cloud=32768 accepted=28548 invalid=4220 below_sensor=0 outside_update=0 sensor_z=0.700 cutoff_z=1.700
[scan_planner_node-4] [FSM]: from EXEC_TRAJ to REPLAN_TRAJ
[scan_planner_node-4] 
[scan_planner_node-4] [rebo replan]: -------------------------------------267
[scan_planner_node-4] start: 4.42    7  1.4,    0.622  0.00686 1.11e-05
[scan_planner_node-4] goal:  6   5 1.4, 0 0 0
[scan_planner_node-4] [32miter(+1)=31,time(ms)=0.157,total_t(ms)=0.157,cost=0.021
[scan_planner_node-4] [0mfirst_optimize_step_success=1
[scan_planner_node-4] total time:[42m0.000322[0m,optimize:0.000283,refine:3.86e-05
[scan_planner_node-4] final_plan_success=1
[scan_planner_node-4] [FSM]: from REPLAN_TRAJ to EXEC_TRAJ
[closed_loop_controller-6] [INFO] [1785999305.747367563] [closed_loop_controller]: Received trajectory 142, duration 6.080s
[scan_planner_node-4] [FSM]: from EXEC_TRAJ to REPLAN_TRAJ
[scan_planner_node-4] 
[scan_planner_node-4] [rebo replan]: -------------------------------------268
[scan_planner_node-4] start: 5.47 7.02  1.4,    0.645  0.00529 8.82e-06
[scan_planner_node-4] goal:  6   5 1.4, 0 0 0
[scan_planner_node-4] [32miter(+1)=21,time(ms)=0.124,total_t(ms)=0.124,cost=0.042
[scan_planner_node-4] [0mfirst_optimize_step_success=1
[scan_planner_node-4] Need to reallocate time.
[scan_planner_node-4] total time:[42m0.000452[0m,optimize:0.00027,refine:0.000183
[scan_planner_node-4] final_plan_success=1
[scan_planner_node-4] [FSM]: from REPLAN_TRAJ to EXEC_TRAJ
[closed_loop_controller-6] [INFO] [1785999307.366525850] [closed_loop_controller]: Received trajectory 143, duration 4.972s
[scan_planner_node-4] [INFO] [1785999307.475527277] [scan_planner_node]: [GridMapDiag] cloud=32768 accepted=15665 invalid=17103 below_sensor=0 outside_update=0 sensor_z=1.700 cutoff_z=2.700
[scan_planner_node-4] [FSM]: state: EXEC_TRAJ
[scan_planner_node-4] [INFO] [1785999309.568222967] [scan_planner_node]: [GridMapDiag] cloud=32768 accepted=15253 invalid=17515 below_sensor=0 outside_update=0 sensor_z=1.700 cutoff_z=2.700
[scan_planner_node-4] [FSM]: from EXEC_TRAJ to REPLAN_TRAJ
[scan_planner_node-4] 
[scan_planner_node-4] [rebo replan]: -------------------------------------269
[scan_planner_node-4] start: 6.12  6.2  1.4, -0.0358  -0.708 7.4e-06
[scan_planner_node-4] goal:  6   5 1.4, 0 0 0
[scan_planner_node-4] [32miter(+1)=10,time(ms)=0.024,total_t(ms)=0.024,cost=0.125
[scan_planner_node-4] [0mfirst_optimize_step_success=1
[scan_planner_node-4] Need to reallocate time.
[scan_planner_node-4] total time:[42m0.000151[0m,optimize:7.98e-05,refine:7.08e-05
[scan_planner_node-4] final_plan_success=1
[scan_planner_node-4] [FSM]: from REPLAN_TRAJ to EXEC_TRAJ
[closed_loop_controller-6] [INFO] [1785999310.071452993] [closed_loop_controller]: Received trajectory 144, duration 2.285s
[terrain_path_visualizer-10] [INFO] [1785999311.395091283] [terrain_path_segmenter]: Visualization advanced to segment 2/3
[scan_planner_node-4] [INFO] [1785999311.474393624] [scan_planner_node]: [MapRefresh] Cleared occupancy and inflation for a new reference path; observation_sequence=2231
[scan_planner_node-4] [INFO] [1785999311.474468570] [scan_planner_node]: [MapRefresh] Deferred reference path until 2 fresh map observations have been fused (target_sequence=2233)
[scan_planner_node-4] [INFO] [1785999311.636241999] [scan_planner_node]: [GridMapDiag] cloud=32768 accepted=15359 invalid=17409 below_sensor=0 outside_update=0 sensor_z=1.700 cutoff_z=2.700
[scan_planner_node-4] [INFO] [1785999311.636332630] [scan_planner_node]: [MapRefresh] Fresh map ready at observation_sequence=2233; accepting deferred reference path
[scan_planner_node-4] [TRIG]: from EXEC_TRAJ to REPLAN_TRAJ
[scan_planner_node-4] 
[scan_planner_node-4] [rebo replan]: -------------------------------------270
[scan_planner_node-4] start: 6.02 5.16  1.4,  -0.0438   -0.361 1.22e-05
[scan_planner_node-4] goal:  6   3 0.4, 0 0 0
[scan_planner_node-4] [INFO] [1785999311.638583438] [scan_planner_node]: Reference path accepted
[scan_planner_node-4] [32miter(+1)=6,time(ms)=0.021,total_t(ms)=0.022,cost=0.058
[scan_planner_node-4] [0mfirst_optimize_step_success=1
[scan_planner_node-4] total time:[42m0.000163[0m,optimize:0.000131,refine:3.19e-05
[scan_planner_node-4] final_plan_success=1
[scan_planner_node-4] [FSM]: from REPLAN_TRAJ to EXEC_TRAJ
[closed_loop_controller-6] [INFO] [1785999311.639018623] [closed_loop_controller]: Received trajectory 145, duration 4.480s
[scan_planner_node-4] [FSM]: state: EXEC_TRAJ
[scan_planner_node-4] [INFO] [1785999313.737228863] [scan_planner_node]: [GridMapDiag] cloud=32768 accepted=21815 invalid=10953 below_sensor=0 outside_update=0 sensor_z=1.347 cutoff_z=2.347
[scan_planner_node-4] [FSM]: from EXEC_TRAJ to REPLAN_TRAJ
[scan_planner_node-4] 
[scan_planner_node-4] [rebo replan]: -------------------------------------271
[scan_planner_node-4] start:     6  4.19 0.954, 0.00226  -0.769  -0.364
[scan_planner_node-4] goal:  6   3 0.4, 0 0 0
[scan_planner_node-4] [32miter(+1)=12,time(ms)=0.037,total_t(ms)=0.038,cost=0.189
[scan_planner_node-4] [0mfirst_optimize_step_success=1
[scan_planner_node-4] Need to reallocate time.
[scan_planner_node-4] total time:[42m0.00022[0m,optimize:0.000122,refine:9.86e-05
[scan_planner_node-4] final_plan_success=1
[scan_planner_node-4] [FSM]: from REPLAN_TRAJ to EXEC_TRAJ
[closed_loop_controller-6] [INFO] [1785999313.791333254] [closed_loop_controller]: Received trajectory 146, duration 2.838s
[terrain_path_visualizer-10] [INFO] [1785999315.284076363] [terrain_path_segmenter]: Visualization advanced to segment 3/3
[scan_planner_node-4] [FSM]: from EXEC_TRAJ to REPLAN_TRAJ
[scan_planner_node-4] 
[scan_planner_node-4] [rebo replan]: -------------------------------------272
[scan_planner_node-4] start:     6  3.24 0.634, -0.00205   -0.396    -0.15
[scan_planner_node-4] goal:  6   3 0.4, 0 0 0
[scan_planner_node-4] [32miter(+1)=10,time(ms)=0.020,total_t(ms)=0.020,cost=0.017
[scan_planner_node-4] [0mfirst_optimize_step_success=1
[scan_planner_node-4] total time:[42m8.04e-05[0m,optimize:6.29e-05,refine:1.75e-05
[scan_planner_node-4] final_plan_success=1
[scan_planner_node-4] [FSM]: from REPLAN_TRAJ to EXEC_TRAJ
[closed_loop_controller-6] [INFO] [1785999315.336711302] [closed_loop_controller]: Received trajectory 147, duration 1.920s
[scan_planner_node-4] [INFO] [1785999315.344726896] [scan_planner_node]: [MapRefresh] Cleared occupancy and inflation for a new reference path; observation_sequence=2270
[scan_planner_node-4] [INFO] [1785999315.344782752] [scan_planner_node]: [MapRefresh] Deferred reference path until 2 fresh map observations have been fused (target_sequence=2272)
[scan_planner_node-4] [INFO] [1785999315.546736069] [scan_planner_node]: [MapRefresh] Fresh map ready at observation_sequence=2272; accepting deferred reference path
[scan_planner_node-4] [TRIG]: from EXEC_TRAJ to REPLAN_TRAJ
[scan_planner_node-4] 
[scan_planner_node-4] [INFO] [1785999316.479685283] [scan_planner_node]: Reference path accepted
[scan_planner_node-4] [rebo replan]: -------------------------------------273
[scan_planner_node-4] start:     6  3.03 0.474, -0.000459   -0.0594   -0.0876
[scan_planner_node-4] goal:    6 -0.65   0.4, -1.25e-05     -0.75         0
[scan_planner_node-4] [32miter(+1)=7,time(ms)=0.061,total_t(ms)=0.061,cost=0.070
[scan_planner_node-4] [0mfirst_optimize_step_success=1
[scan_planner_node-4] total time:[42m0.000312[0m,optimize:0.000245,refine:6.77e-05
[scan_planner_node-4] final_plan_success=1
[scan_planner_node-4] [FSM]: from REPLAN_TRAJ to EXEC_TRAJ
[closed_loop_controller-6] [INFO] [1785999316.480281297] [closed_loop_controller]: Received trajectory 148, duration 6.400s
[scan_planner_node-4] [INFO] [1785999316.693772095] [scan_planner_node]: [GridMapDiag] cloud=32768 accepted=27649 invalid=5119 below_sensor=0 outside_update=0 sensor_z=0.708 cutoff_z=1.708
[scan_planner_node-4] [FSM]: state: EXEC_TRAJ
[scan_planner_node-4] [INFO] [1785999318.730676257] [scan_planner_node]: [GridMapDiag] cloud=32768 accepted=27110 invalid=5658 below_sensor=0 outside_update=0 sensor_z=0.700 cutoff_z=1.700
[scan_planner_node-4] [FSM]: from EXEC_TRAJ to REPLAN_TRAJ
[scan_planner_node-4] 
[scan_planner_node-4] [rebo replan]: -------------------------------------274
[scan_planner_node-4] start:     6  2.02 0.454, -6.73e-05    -0.781   -0.0148
[scan_planner_node-4] goal:   6 -1.7  0.4, 0.000305    -0.75        0
[scan_planner_node-4] [32miter(+1)=9,time(ms)=0.050,total_t(ms)=0.050,cost=0.013
[scan_planner_node-4] [0mfirst_optimize_step_success=1
[scan_planner_node-4] total time:[42m0.000312[0m,optimize:0.000246,refine:6.62e-05
[scan_planner_node-4] final_plan_success=1
[scan_planner_node-4] [FSM]: from REPLAN_TRAJ to EXEC_TRAJ
[closed_loop_controller-6] [INFO] [1785999319.583997790] [closed_loop_controller]: Received trajectory 149, duration 6.080s
[scan_planner_node-4] [INFO] [1785999320.734890613] [scan_planner_node]: [GridMapDiag] cloud=32768 accepted=25823 invalid=6945 below_sensor=0 outside_update=0 sensor_z=0.700 cutoff_z=1.700
[scan_planner_node-4] [FSM]: from EXEC_TRAJ to REPLAN_TRAJ
[scan_planner_node-4] 
[scan_planner_node-4] [rebo replan]: -------------------------------------275
[scan_planner_node-4] start:     6 0.991 0.439, -0.000136    -0.636  -0.00917
[scan_planner_node-4] goal:    6 -2.58   0.4, -0.0381  -0.712       0
[scan_planner_node-4] [32miter(+1)=6,time(ms)=0.022,total_t(ms)=0.023,cost=0.005
[scan_planner_node-4] [0mfirst_optimize_step_success=1
[scan_planner_node-4] total time:[42m0.000189[0m,optimize:0.000151,refine:3.81e-05
[scan_planner_node-4] final_plan_success=1
[scan_planner_node-4] [FSM]: from REPLAN_TRAJ to EXEC_TRAJ
[closed_loop_controller-6] [INFO] [1785999321.242995726] [closed_loop_controller]: Received trajectory 150, duration 5.760s
[scan_planner_node-4] [FSM]: state: EXEC_TRAJ
[scan_planner_node-4] [INFO] [1785999322.740301099] [scan_planner_node]: [GridMapDiag] cloud=32768 accepted=25187 invalid=7581 below_sensor=0 outside_update=0 sensor_z=0.700 cutoff_z=1.700
[scan_planner_node-4] [FSM]: from EXEC_TRAJ to REPLAN_TRAJ
[scan_planner_node-4] 
[scan_planner_node-4] [rebo replan]: -------------------------------------276
[scan_planner_node-4] start:       6 -0.0421   0.428, -3.72e-05    -0.627  -0.00688
[scan_planner_node-4] goal:5.2  -3 0.4,    -0.74 -0.00959        0
[scan_planner_node-4] [32miter(+1)=14,time(ms)=0.056,total_t(ms)=0.056,cost=0.006
[scan_planner_node-4] [0mfirst_optimize_step_success=1
[scan_planner_node-4] total time:[42m0.000266[0m,optimize:0.000222,refine:4.37e-05
[scan_planner_node-4] final_plan_success=1
[scan_planner_node-4] [FSM]: from REPLAN_TRAJ to EXEC_TRAJ
[closed_loop_controller-6] [INFO] [1785999322.898781850] [closed_loop_controller]: Received trajectory 151, duration 6.080s
[scan_planner_node-4] [FSM]: from EXEC_TRAJ to REPLAN_TRAJ
[scan_planner_node-4] 
[scan_planner_node-4] [rebo replan]: -------------------------------------277
[scan_planner_node-4] start:     6 -1.09  0.42,  0.00464   -0.631 -0.00473
[scan_planner_node-4] goal:4.15   -3  0.4,   -0.75 5.9e-05       0
[scan_planner_node-4] [32miter(+1)=10,time(ms)=0.049,total_t(ms)=0.049,cost=0.008
[scan_planner_node-4] [0mfirst_optimize_step_success=1
[scan_planner_node-4] total time:[42m0.000231[0m,optimize:0.00018,refine:5.17e-05
[scan_planner_node-4] final_plan_success=1
[scan_planner_node-4] [FSM]: from REPLAN_TRAJ to EXEC_TRAJ
[closed_loop_controller-6] [INFO] [1785999324.578060548] [closed_loop_controller]: Received trajectory 152, duration 5.760s
[scan_planner_node-4] [INFO] [1785999324.788841640] [scan_planner_node]: [GridMapDiag] cloud=32768 accepted=24719 invalid=8049 below_sensor=0 outside_update=0 sensor_z=0.700 cutoff_z=1.700
[scan_planner_node-4] [FSM]: from EXEC_TRAJ to REPLAN_TRAJ
[scan_planner_node-4] 
[scan_planner_node-4] [rebo replan]: -------------------------------------278
[scan_planner_node-4] start:  6.02 -2.15 0.414,   0.0521   -0.644 -0.00346
[scan_planner_node-4] goal:3.1  -3 0.4,    -0.75 3.61e-07        0
[scan_planner_node-4] [32miter(+1)=11,time(ms)=0.041,total_t(ms)=0.041,cost=0.008
[scan_planner_node-4] [0mfirst_optimize_step_success=1
[scan_planner_node-4] total time:[42m0.000211[0m,optimize:0.000172,refine:3.92e-05
[scan_planner_node-4] final_plan_success=1
[scan_planner_node-4] [FSM]: from REPLAN_TRAJ to EXEC_TRAJ
[closed_loop_controller-6] [INFO] [1785999326.272914069] [closed_loop_controller]: Received trajectory 153, duration 5.760s
[scan_planner_node-4] [INFO] [1785999326.850460027] [scan_planner_node]: [GridMapDiag] cloud=32768 accepted=24370 invalid=8398 below_sensor=0 outside_update=0 sensor_z=0.700 cutoff_z=1.700
[scan_planner_node-4] [FSM]: state: EXEC_TRAJ
[scan_planner_node-4] [FSM]: from EXEC_TRAJ to REPLAN_TRAJ
[scan_planner_node-4] 
[scan_planner_node-4] [rebo replan]: -------------------------------------279
[scan_planner_node-4] start:  5.45 -3.02 0.409,   -0.644  -0.0582 -0.00246
[scan_planner_node-4] goal:1.7  -3 0.4,    -0.75 -9.9e-10        0
[scan_planner_node-4] [32miter(+1)=9,time(ms)=0.050,total_t(ms)=0.051,cost=0.005
[scan_planner_node-4] [0mfirst_optimize_step_success=1
[scan_planner_node-4] total time:[42m0.000289[0m,optimize:0.000231,refine:5.83e-05
[scan_planner_node-4] final_plan_success=1
[scan_planner_node-4] [FSM]: from REPLAN_TRAJ to EXEC_TRAJ
[closed_loop_controller-6] [INFO] [1785999328.509889424] [closed_loop_controller]: Received trajectory 154, duration 6.080s
[scan_planner_node-4] [INFO] [1785999328.868508483] [scan_planner_node]: [GridMapDiag] cloud=32768 accepted=23940 invalid=8828 below_sensor=0 outside_update=0 sensor_z=0.700 cutoff_z=1.700
[scan_planner_node-4] [FSM]: from EXEC_TRAJ to REPLAN_TRAJ
[scan_planner_node-4] 
[scan_planner_node-4] [rebo replan]: -------------------------------------280
[scan_planner_node-4] start:  4.39    -3 0.407,   -0.629 -0.00615 -0.00154
[scan_planner_node-4] goal:0.825    -3   0.4,     -0.75 -9.74e-11         0
[scan_planner_node-4] [32miter(+1)=9,time(ms)=0.033,total_t(ms)=0.033,cost=0.004
[scan_planner_node-4] [0mfirst_optimize_step_success=1
[scan_planner_node-4] total time:[42m0.000221[0m,optimize:0.000182,refine:3.95e-05
[scan_planner_node-4] final_plan_success=1
[scan_planner_node-4] [FSM]: from REPLAN_TRAJ to EXEC_TRAJ
[closed_loop_controller-6] [INFO] [1785999330.208646757] [closed_loop_controller]: Received trajectory 155, duration 5.760s
[scan_planner_node-4] [INFO] [1785999330.879466730] [scan_planner_node]: [GridMapDiag] cloud=32768 accepted=23944 invalid=8824 below_sensor=0 outside_update=0 sensor_z=0.700 cutoff_z=1.700
[scan_planner_node-4] [FSM]: from EXEC_TRAJ to REPLAN_TRAJ
[scan_planner_node-4] 
[scan_planner_node-4] [rebo replan]: -------------------------------------281
[scan_planner_node-4] start:  3.31    -3 0.405,   -0.626 0.000664 -0.00116
[scan_planner_node-4] goal:-0.4   -3  0.4,    -0.75 1.53e-11        0
[scan_planner_node-4] [32miter(+1)=12,time(ms)=0.047,total_t(ms)=0.048,cost=0.004
[scan_planner_node-4] [0mfirst_optimize_step_success=1
[scan_planner_node-4] total time:[42m0.000242[0m,optimize:0.000195,refine:4.62e-05
[scan_planner_node-4] final_plan_success=1
[scan_planner_node-4] [FSM]: from REPLAN_TRAJ to EXEC_TRAJ
[closed_loop_controller-6] [INFO] [1785999331.926089758] [closed_loop_controller]: Received trajectory 156, duration 6.080s
[scan_planner_node-4] [INFO] [1785999333.000638563] [scan_planner_node]: [GridMapDiag] cloud=32768 accepted=24935 invalid=7833 below_sensor=0 outside_update=0 sensor_z=0.700 cutoff_z=1.700
[scan_planner_node-4] [FSM]: state: EXEC_TRAJ
[scan_planner_node-4] [FSM]: from EXEC_TRAJ to REPLAN_TRAJ
[scan_planner_node-4] 
[scan_planner_node-4] [rebo replan]: -------------------------------------282
[scan_planner_node-4] start:  2.27    -3 0.403,    -0.623  0.000694 -0.000778
[scan_planner_node-4] goal:-1.27    -3   0.4,    -0.75 3.94e-10        0
[scan_planner_node-4] [32miter(+1)=13,time(ms)=0.049,total_t(ms)=0.049,cost=0.003
[scan_planner_node-4] [0mfirst_optimize_step_success=1
[scan_planner_node-4] total time:[42m0.000239[0m,optimize:0.000185,refine:5.39e-05
[scan_planner_node-4] final_plan_success=1
[scan_planner_node-4] [FSM]: from REPLAN_TRAJ to EXEC_TRAJ
[closed_loop_controller-6] [INFO] [1785999333.603041294] [closed_loop_controller]: Received trajectory 157, duration 5.760s
[scan_planner_node-4] [INFO] [1785999335.100119145] [scan_planner_node]: [GridMapDiag] cloud=32768 accepted=25228 invalid=7540 below_sensor=0 outside_update=0 sensor_z=0.700 cutoff_z=1.700
[scan_planner_node-4] [FSM]: from EXEC_TRAJ to REPLAN_TRAJ
[scan_planner_node-4] 
[scan_planner_node-4] [rebo replan]: -------------------------------------283
[scan_planner_node-4] start:  1.21    -3 0.402,    -0.625 -5.92e-05 -0.000585
[scan_planner_node-4] goal:-2.33    -3   0.4,    -0.75 7.16e-09        0
[scan_planner_node-4] [32miter(+1)=7,time(ms)=0.036,total_t(ms)=0.037,cost=0.001
[scan_planner_node-4] [0mfirst_optimize_step_success=1
[scan_planner_node-4] total time:[42m0.000235[0m,optimize:0.000197,refine:3.81e-05
[scan_planner_node-4] final_plan_success=1
[scan_planner_node-4] [FSM]: from REPLAN_TRAJ to EXEC_TRAJ
[closed_loop_controller-6] [INFO] [1785999335.293326928] [closed_loop_controller]: Received trajectory 158, duration 5.440s
[scan_planner_node-4] [FSM]: from EXEC_TRAJ to REPLAN_TRAJ
[scan_planner_node-4] 
[scan_planner_node-4] [rebo replan]: -------------------------------------284
[scan_planner_node-4] start: 0.149    -3 0.402,    -0.625  2.11e-05 -0.000411
[scan_planner_node-4] goal:-3.55    -3   0.4,    -0.75 4.71e-06        0
[scan_planner_node-4] [32miter(+1)=6,time(ms)=0.024,total_t(ms)=0.025,cost=0.001
[scan_planner_node-4] [0mfirst_optimize_step_success=1
[scan_planner_node-4] total time:[42m0.000206[0m,optimize:0.000165,refine:4.08e-05
[scan_planner_node-4] final_plan_success=1
[scan_planner_node-4] [FSM]: from REPLAN_TRAJ to EXEC_TRAJ
[closed_loop_controller-6] [INFO] [1785999336.991698829] [closed_loop_controller]: Received trajectory 159, duration 5.760s
[scan_planner_node-4] [INFO] [1785999337.193511283] [scan_planner_node]: [GridMapDiag] cloud=32768 accepted=25142 invalid=7626 below_sensor=0 outside_update=0 sensor_z=0.700 cutoff_z=1.700
[scan_planner_node-4] [FSM]: from EXEC_TRAJ to REPLAN_TRAJ
[scan_planner_node-4] 
[scan_planner_node-4] [rebo replan]: -------------------------------------285
[scan_planner_node-4] start: -0.903     -3  0.401,    -0.625  1.89e-06 -0.000275
[scan_planner_node-4] goal:-4.6   -3  0.4,     -0.75 -0.000765         0
[scan_planner_node-4] [32miter(+1)=6,time(ms)=0.025,total_t(ms)=0.025,cost=0.001
[scan_planner_node-4] [0mfirst_optimize_step_success=1
[scan_planner_node-4] total time:[42m0.000216[0m,optimize:0.000163,refine:5.29e-05
[scan_planner_node-4] final_plan_success=1
[scan_planner_node-4] [FSM]: from REPLAN_TRAJ to EXEC_TRAJ
[closed_loop_controller-6] [INFO] [1785999338.673363508] [closed_loop_controller]: Received trajectory 160, duration 5.760s
[scan_planner_node-4] [FSM]: state: EXEC_TRAJ
[scan_planner_node-4] [INFO] [1785999339.235028065] [scan_planner_node]: [GridMapDiag] cloud=32768 accepted=25056 invalid=7712 below_sensor=0 outside_update=0 sensor_z=0.700 cutoff_z=1.700
[scan_planner_node-4] [FSM]: from EXEC_TRAJ to REPLAN_TRAJ
[scan_planner_node-4] 
[scan_planner_node-4] [rebo replan]: -------------------------------------286
[scan_planner_node-4] start: -1.93    -3 0.401,    -0.625  3.94e-07 -0.000197
[scan_planner_node-4] goal:-5.48    -3   0.4,   -0.75 -0.0186       0
[scan_planner_node-4] [32miter(+1)=9,time(ms)=0.036,total_t(ms)=0.036,cost=0.004
[scan_planner_node-4] [0mfirst_optimize_step_success=1
[scan_planner_node-4] total time:[42m0.000216[0m,optimize:0.000176,refine:4.04e-05
[scan_planner_node-4] final_plan_success=1
[scan_planner_node-4] [FSM]: from REPLAN_TRAJ to EXEC_TRAJ
[closed_loop_controller-6] [INFO] [1785999340.316985057] [closed_loop_controller]: Received trajectory 161, duration 5.760s
[scan_planner_node-4] [INFO] [1785999341.267955964] [scan_planner_node]: [GridMapDiag] cloud=32768 accepted=24658 invalid=8110 below_sensor=0 outside_update=0 sensor_z=0.700 cutoff_z=1.700
[scan_planner_node-4] [FSM]: from EXEC_TRAJ to REPLAN_TRAJ
[scan_planner_node-4] 
[scan_planner_node-4] [rebo replan]: -------------------------------------287
[scan_planner_node-4] start: -2.97    -3 0.401,    -0.626 -0.000166 -0.000148
[scan_planner_node-4] goal:  -6 -2.3  0.4, -0.00383    0.746        0
[scan_planner_node-4] [32miter(+1)=14,time(ms)=0.056,total_t(ms)=0.057,cost=0.005
[scan_planner_node-4] [0mfirst_optimize_step_success=1
[scan_planner_node-4] total time:[42m0.000256[0m,optimize:0.000204,refine:5.16e-05
[scan_planner_node-4] final_plan_success=1
[scan_planner_node-4] [FSM]: from REPLAN_TRAJ to EXEC_TRAJ
[closed_loop_controller-6] [INFO] [1785999341.976040648] [closed_loop_controller]: Received trajectory 162, duration 6.080s
[scan_planner_node-4] [INFO] [1785999343.305769250] [scan_planner_node]: [GridMapDiag] cloud=32768 accepted=24159 invalid=8609 below_sensor=0 outside_update=0 sensor_z=0.700 cutoff_z=1.700
[scan_planner_node-4] [FSM]: from EXEC_TRAJ to REPLAN_TRAJ
[scan_planner_node-4] 
[scan_planner_node-4] [rebo replan]: -------------------------------------288
[scan_planner_node-4] start: -4.01    -3   0.4,    -0.628   -0.0083 -0.000101
[scan_planner_node-4] goal:   -6 -1.42   0.4, -0.000377      0.75         0
[scan_planner_node-4] [32miter(+1)=13,time(ms)=0.050,total_t(ms)=0.051,cost=0.007
[scan_planner_node-4] [0mfirst_optimize_step_success=1
[scan_planner_node-4] total time:[42m0.000209[0m,optimize:0.000173,refine:3.62e-05
[scan_planner_node-4] final_plan_success=1
[scan_planner_node-4] [FSM]: from REPLAN_TRAJ to EXEC_TRAJ
[closed_loop_controller-6] [INFO] [1785999343.653628262] [closed_loop_controller]: Received trajectory 163, duration 5.440s
[scan_planner_node-4] [FSM]: state: EXEC_TRAJ
[scan_planner_node-4] [FSM]: from EXEC_TRAJ to REPLAN_TRAJ
[scan_planner_node-4] 
[scan_planner_node-4] [rebo replan]: -------------------------------------289
[scan_planner_node-4] start: -5.09 -3.01   0.4,    -0.656   -0.0575 -7.77e-05
[scan_planner_node-4] goal:    -6 -0.375    0.4, 3.58e-06     0.75        0
[scan_planner_node-4] [32miter(+1)=11,time(ms)=0.056,total_t(ms)=0.056,cost=0.005
[scan_planner_node-4] [0mfirst_optimize_step_success=1
[scan_planner_node-4] total time:[42m0.000237[0m,optimize:0.000192,refine:4.42e-05
[scan_planner_node-4] final_plan_success=1
[scan_planner_node-4] [FSM]: from REPLAN_TRAJ to EXEC_TRAJ
[closed_loop_controller-6] [INFO] [1785999345.379689682] [closed_loop_controller]: Received trajectory 164, duration 5.120s
[scan_planner_node-4] [INFO] [1785999345.423557124] [scan_planner_node]: [GridMapDiag] cloud=32768 accepted=23984 invalid=8784 below_sensor=0 outside_update=0 sensor_z=0.700 cutoff_z=1.700
[scan_planner_node-4] [INFO] [1785999347.449029732] [scan_planner_node]: [GridMapDiag] cloud=32768 accepted=24333 invalid=8435 below_sensor=0 outside_update=0 sensor_z=0.700 cutoff_z=1.700
[scan_planner_node-4] [FSM]: from EXEC_TRAJ to REPLAN_TRAJ
[scan_planner_node-4] 
[scan_planner_node-4] [rebo replan]: -------------------------------------290
[scan_planner_node-4] start:    -6 -2.57   0.4,     -0.13     0.618 -5.39e-05
[scan_planner_node-4] goal:  -6 0.97  0.4, 0 0 0
[scan_planner_node-4] [32miter(+1)=32,time(ms)=0.161,total_t(ms)=0.161,cost=0.016
[scan_planner_node-4] [0mfirst_optimize_step_success=1
[scan_planner_node-4] total time:[42m0.000345[0m,optimize:0.000306,refine:3.96e-05
[scan_planner_node-4] final_plan_success=1
[scan_planner_node-4] [FSM]: from REPLAN_TRAJ to EXEC_TRAJ
[closed_loop_controller-6] [INFO] [1785999347.611693924] [closed_loop_controller]: Received trajectory 165, duration 5.760s
[scan_planner_node-4] [FSM]: from EXEC_TRAJ to REPLAN_TRAJ
[scan_planner_node-4] 
[scan_planner_node-4] [rebo replan]: -------------------------------------291
[scan_planner_node-4] start: -5.99 -1.54   0.4,    0.0108     0.565 -3.36e-05
[scan_planner_node-4] goal: -6   1 0.4, 0 0 0
[scan_planner_node-4] [32miter(+1)=32,time(ms)=0.098,total_t(ms)=0.098,cost=0.012
[scan_planner_node-4] [0mfirst_optimize_step_success=1
[scan_planner_node-4] total time:[42m0.000219[0m,optimize:0.00019,refine:2.95e-05
[scan_planner_node-4] final_plan_success=1
[scan_planner_node-4] [FSM]: from REPLAN_TRAJ to EXEC_TRAJ
[closed_loop_controller-6] [INFO] [1785999349.267054532] [closed_loop_controller]: Received trajectory 166, duration 4.160s
[scan_planner_node-4] [INFO] [1785999349.509987048] [scan_planner_node]: [GridMapDiag] cloud=32768 accepted=24874 invalid=7894 below_sensor=0 outside_update=0 sensor_z=0.700 cutoff_z=1.700
[scan_planner_node-4] [FSM]: state: EXEC_TRAJ
[scan_planner_node-4] [FSM]: from EXEC_TRAJ to REPLAN_TRAJ
[scan_planner_node-4] 
[scan_planner_node-4] [rebo replan]: -------------------------------------292
[scan_planner_node-4] start:     -6 -0.474    0.4, -0.00573    0.768 -3.3e-05
[scan_planner_node-4] goal: -6   1 0.4, 0 0 0
[scan_planner_node-4] [32miter(+1)=15,time(ms)=0.034,total_t(ms)=0.034,cost=0.032
[scan_planner_node-4] [0mfirst_optimize_step_success=1
[scan_planner_node-4] Need to reallocate time.
[scan_planner_node-4] total time:[42m0.00017[0m,optimize:8.99e-05,refine:8.05e-05
[scan_planner_node-4] final_plan_success=1
[scan_planner_node-4] [FSM]: from REPLAN_TRAJ to EXEC_TRAJ
[closed_loop_controller-6] [INFO] [1785999350.750062212] [closed_loop_controller]: Received trajectory 167, duration 2.910s
[scan_planner_node-4] [INFO] [1785999351.555433059] [scan_planner_node]: [GridMapDiag] cloud=32768 accepted=25869 invalid=6899 below_sensor=0 outside_update=0 sensor_z=0.700 cutoff_z=1.700
[scan_planner_node-4] [FSM]: from EXEC_TRAJ to REPLAN_TRAJ
[scan_planner_node-4] 
[scan_planner_node-4] [rebo replan]: -------------------------------------293
[scan_planner_node-4] start:    -6 0.543   0.4,   0.00161      0.64 -2.91e-05
[scan_planner_node-4] goal: -6   1 0.4, 0 0 0
[scan_planner_node-4] [32miter(+1)=18,time(ms)=0.041,total_t(ms)=0.041,cost=0.001
[scan_planner_node-4] [0mfirst_optimize_step_success=1
[scan_planner_node-4] total time:[42m0.00012[0m,optimize:9.23e-05,refine:2.81e-05
[scan_planner_node-4] final_plan_success=1
[scan_planner_node-4] [FSM]: from REPLAN_TRAJ to EXEC_TRAJ
[closed_loop_controller-6] [INFO] [1785999352.143022860] [closed_loop_controller]: Received trajectory 168, duration 2.560s
[loop_path_publisher.py-9] [INFO] [1785999353.181862145] [loop_path_publisher]: Published shuttle route with 31 dense points, run 9
[terrain_path_visualizer-10] [INFO] [1785999353.186711039] [terrain_path_segmenter]: Segmented 31 path points into 2 sections
[scan_planner_node-4] [INFO] [1785999353.239453086] [scan_planner_node]: [MapRefresh] Cleared occupancy and inflation for a new reference path; observation_sequence=2521
[scan_planner_node-4] [INFO] [1785999353.239495591] [scan_planner_node]: [MapRefresh] Deferred reference path until 2 fresh map observations have been fused (target_sequence=2523)
[scan_planner_node-4] [INFO] [1785999353.453313791] [scan_planner_node]: [MapRefresh] Fresh map ready at observation_sequence=2523; accepting deferred reference path
[scan_planner_node-4] [TRIG]: from EXEC_TRAJ to REPLAN_TRAJ
[scan_planner_node-4] 
[scan_planner_node-4] [rebo replan]: -------------------------------------294
[scan_planner_node-4] start:    -6 0.981   0.4, -0.000346    0.0673 -1.75e-05
[scan_planner_node-4] goal:  -6 4.53 1.28, 0 0 0
[scan_planner_node-4] [INFO] [1785999353.515495323] [scan_planner_node]: Reference path accepted
[scan_planner_node-4] [32miter(+1)=41,time(ms)=0.478,total_t(ms)=0.478,cost=0.034
[scan_planner_node-4] [0mfirst_optimize_step_success=1
[scan_planner_node-4] Need to reallocate time.
[scan_planner_node-4] total time:[42m0.0013[0m,optimize:0.000753,refine:0.000551
[scan_planner_node-4] final_plan_success=1
[scan_planner_node-4] [FSM]: from REPLAN_TRAJ to EXEC_TRAJ
[closed_loop_controller-6] [INFO] [1785999353.517121102] [closed_loop_controller]: Received trajectory 169, duration 7.887s
[scan_planner_node-4] [INFO] [1785999353.555661824] [scan_planner_node]: [GridMapDiag] cloud=32768 accepted=26946 invalid=5822 below_sensor=0 outside_update=0 sensor_z=0.700 cutoff_z=1.700
[scan_planner_node-4] [FSM]: state: EXEC_TRAJ
[scan_planner_node-4] [INFO] [1785999355.628508417] [scan_planner_node]: [GridMapDiag] cloud=32768 accepted=26975 invalid=5793 below_sensor=0 outside_update=0 sensor_z=0.836 cutoff_z=1.836
[scan_planner_node-4] [FSM]: from EXEC_TRAJ to REPLAN_TRAJ
[scan_planner_node-4] 
[scan_planner_node-4] [rebo replan]: -------------------------------------295
[scan_planner_node-4] start:   -6 2.01  0.6, -0.0002   0.586   0.162
[scan_planner_node-4] goal: -6   5 1.4, 0 0 0
[scan_planner_node-4] [32miter(+1)=28,time(ms)=0.092,total_t(ms)=0.092,cost=0.049
[scan_planner_node-4] [0mfirst_optimize_step_success=1
[scan_planner_node-4] Need to reallocate time.
[scan_planner_node-4] total time:[42m0.000357[0m,optimize:0.000205,refine:0.000152
[scan_planner_node-4] final_plan_success=1
[scan_planner_node-4] [FSM]: from REPLAN_TRAJ to EXEC_TRAJ
[closed_loop_controller-6] [INFO] [1785999356.424309660] [closed_loop_controller]: Received trajectory 170, duration 6.071s
[scan_planner_node-4] [FSM]: state: EXEC_TRAJ
[scan_planner_node-4] [INFO] [1785999357.729800303] [scan_planner_node]: [GridMapDiag] cloud=32768 accepted=25590 invalid=7178 below_sensor=0 outside_update=0 sensor_z=1.125 cutoff_z=2.125
[scan_planner_node-4] [FSM]: from EXEC_TRAJ to REPLAN_TRAJ
[scan_planner_node-4] 
[scan_planner_node-4] [rebo replan]: -------------------------------------296
[scan_planner_node-4] start:    -6     3 0.864, 0.00088   0.457   0.127
[scan_planner_node-4] goal: -6   5 1.4, 0 0 0
[scan_planner_node-4] [32miter(+1)=16,time(ms)=0.041,total_t(ms)=0.041,cost=0.051
[scan_planner_node-4] [0mfirst_optimize_step_success=1
[scan_planner_node-4] Need to reallocate time.
[scan_planner_node-4] total time:[42m0.00023[0m,optimize:0.000111,refine:0.000119
[scan_planner_node-4] final_plan_success=1
[scan_planner_node-4] [FSM]: from REPLAN_TRAJ to EXEC_TRAJ
[closed_loop_controller-6] [INFO] [1785999358.333861156] [closed_loop_controller]: Received trajectory 171, duration 4.140s
[scan_planner_node-4] [INFO] [1785999359.730396645] [scan_planner_node]: [GridMapDiag] cloud=32768 accepted=20337 invalid=12431 below_sensor=0 outside_update=0 sensor_z=1.378 cutoff_z=2.378
[scan_planner_node-4] [FSM]: from EXEC_TRAJ to REPLAN_TRAJ
[scan_planner_node-4] 
[scan_planner_node-4] [rebo replan]: -------------------------------------297
[scan_planner_node-4] start:   -6    4 1.12, 0.000848    0.673    0.127
[scan_planner_node-4] goal: -6   5 1.4, 0 0 0
[scan_planner_node-4] [32miter(+1)=11,time(ms)=0.020,total_t(ms)=0.020,cost=0.067
[scan_planner_node-4] [0mfirst_optimize_step_success=1
[scan_planner_node-4] Need to reallocate time.
[scan_planner_node-4] total time:[42m0.000121[0m,optimize:6.84e-05,refine:5.27e-05
[scan_planner_node-4] final_plan_success=1
[scan_planner_node-4] [FSM]: from REPLAN_TRAJ to EXEC_TRAJ
[closed_loop_controller-6] [INFO] [1785999360.123592851] [closed_loop_controller]: Received trajectory 172, duration 2.170s
[scan_planner_node-4] [FSM]: state: EXEC_TRAJ
[terrain_path_visualizer-10] [INFO] [1785999361.234005996] [terrain_path_segmenter]: Visualization advanced to segment 2/2
[scan_planner_node-4] [INFO] [1785999361.244456104] [scan_planner_node]: [MapRefresh] Cleared occupancy and inflation for a new reference path; observation_sequence=2599
[scan_planner_node-4] [INFO] [1785999361.244508428] [scan_planner_node]: [MapRefresh] Deferred reference path until 2 fresh map observations have been fused (target_sequence=2601)
[scan_planner_node-4] [INFO] [1785999361.493713041] [scan_planner_node]: [MapRefresh] Fresh map ready at observation_sequence=2601; accepting deferred reference path
[scan_planner_node-4] [TRIG]: from EXEC_TRAJ to REPLAN_TRAJ
[scan_planner_node-4] 
[scan_planner_node-4] [rebo replan]: -------------------------------------298
[scan_planner_node-4] start:   -6 4.87 1.32, 0.000426    0.394     0.15
[scan_planner_node-4] goal: -6   7 1.4, 0 0 0
[scan_planner_node-4] [INFO] [1785999361.494949830] [scan_planner_node]: Reference path accepted
[scan_planner_node-4] [32miter(+1)=8,time(ms)=0.023,total_t(ms)=0.023,cost=0.108
[scan_planner_node-4] [0mfirst_optimize_step_success=1
[scan_planner_node-4] Need to reallocate time.
[scan_planner_node-4] total time:[42m0.000235[0m,optimize:0.000109,refine:0.000126
[scan_planner_node-4] final_plan_success=1
[scan_planner_node-4] [FSM]: from REPLAN_TRAJ to EXEC_TRAJ
[closed_loop_controller-6] [INFO] [1785999361.495436815] [closed_loop_controller]: Received trajectory 173, duration 5.347s
[scan_planner_node-4] [INFO] [1785999361.825405753] [scan_planner_node]: [GridMapDiag] cloud=32768 accepted=15643 invalid=17125 below_sensor=0 outside_update=0 sensor_z=1.692 cutoff_z=2.692
[scan_planner_node-4] [INFO] [1785999363.834736579] [scan_planner_node]: [GridMapDiag] cloud=32768 accepted=15354 invalid=17414 below_sensor=0 outside_update=0 sensor_z=1.700 cutoff_z=2.700
[scan_planner_node-4] [FSM]: state: EXEC_TRAJ
[scan_planner_node-4] [FSM]: from EXEC_TRAJ to REPLAN_TRAJ
[scan_planner_node-4] 
[scan_planner_node-4] [rebo replan]: -------------------------------------299
[scan_planner_node-4] start:   -6 5.92 1.36, -0.000208     0.621    0.0218
[scan_planner_node-4] goal: -6   7 1.4, 0 0 0
[scan_planner_node-4] [32miter(+1)=12,time(ms)=0.022,total_t(ms)=0.022,cost=0.101
[scan_planner_node-4] [0mfirst_optimize_step_success=1
[scan_planner_node-4] Need to reallocate time.
[scan_planner_node-4] total time:[42m0.000136[0m,optimize:7.89e-05,refine:5.67e-05
[scan_planner_node-4] final_plan_success=1
[scan_planner_node-4] [FSM]: from REPLAN_TRAJ to EXEC_TRAJ
[closed_loop_controller-6] [INFO] [1785999364.131061805] [closed_loop_controller]: Received trajectory 174, duration 2.256s
[scan_planner_node-4] [INFO] [1785999365.930576171] [scan_planner_node]: [GridMapDiag] cloud=32768 accepted=15250 invalid=17518 below_sensor=0 outside_update=0 sensor_z=1.700 cutoff_z=2.700
[loop_path_publisher.py-9] [INFO] [1785999365.991347578] [loop_path_publisher]: Published shuttle route with 193 dense points, run 10
[terrain_path_visualizer-10] [INFO] [1785999366.007437280] [terrain_path_segmenter]: Segmented 193 path points into 3 sections
[scan_planner_node-4] [INFO] [1785999366.042714915] [scan_planner_node]: [MapRefresh] Cleared occupancy and inflation for a new reference path; observation_sequence=2644
[scan_planner_node-4] [INFO] [1785999366.042761567] [scan_planner_node]: [MapRefresh] Deferred reference path until 2 fresh map observations have been fused (target_sequence=2646)
[scan_planner_node-4] [INFO] [1785999366.295933706] [scan_planner_node]: [MapRefresh] Fresh map ready at observation_sequence=2646; accepting deferred reference path
[scan_planner_node-4] [TRIG]: from EXEC_TRAJ to REPLAN_TRAJ
[scan_planner_node-4] 
[scan_planner_node-4] [rebo replan]: -------------------------------------300
[scan_planner_node-4] start:   -6 6.98  1.4, -2.33e-07  0.000454  6.13e-05
[scan_planner_node-4] goal:-2.35     7   1.4,      0.75 -1.31e-16         0
[scan_planner_node-4] [INFO] [1785999366.665463053] [scan_planner_node]: Reference path accepted
[scan_planner_node-4] [32miter(+1)=6,time(ms)=0.031,total_t(ms)=0.031,cost=0.033
[scan_planner_node-4] [0mfirst_optimize_step_success=1
[scan_planner_node-4] total time:[42m0.000238[0m,optimize:0.000181,refine:5.66e-05
[scan_planner_node-4] final_plan_success=1
[scan_planner_node-4] [FSM]: from REPLAN_TRAJ to EXEC_TRAJ
[closed_loop_controller-6] [INFO] [1785999366.665982439] [closed_loop_controller]: Received trajectory 175, duration 6.080s
[scan_planner_node-4] [INFO] [1785999368.027248000] [scan_planner_node]: [GridMapDiag] cloud=32768 accepted=15236 invalid=17532 below_sensor=0 outside_update=0 sensor_z=1.700 cutoff_z=2.700
[scan_planner_node-4] [FSM]: state: EXEC_TRAJ
[scan_planner_node-4] [INFO] [1785999370.029565470] [scan_planner_node]: [GridMapDiag] cloud=32768 accepted=15455 invalid=17313 below_sensor=0 outside_update=0 sensor_z=1.700 cutoff_z=2.700
[scan_planner_node-4] [FSM]: from EXEC_TRAJ to REPLAN_TRAJ
[scan_planner_node-4] 
[scan_planner_node-4] [rebo replan]: -------------------------------------301
[scan_planner_node-4] start: -4.93  6.99   1.4,    0.784  0.00443 0.000156
[scan_planner_node-4] goal:-1.47     7   1.4,     0.75 7.97e-16        0
[scan_planner_node-4] [32miter(+1)=8,time(ms)=0.028,total_t(ms)=0.028,cost=0.008
[scan_planner_node-4] [0mfirst_optimize_step_success=1
[scan_planner_node-4] total time:[42m0.000199[0m,optimize:0.000153,refine:4.68e-05
[scan_planner_node-4] final_plan_success=1
[scan_planner_node-4] [FSM]: from REPLAN_TRAJ to EXEC_TRAJ
[closed_loop_controller-6] [INFO] [1785999371.326179553] [closed_loop_controller]: Received trajectory 176, duration 5.440s
[scan_planner_node-4] [FSM]: state: EXEC_TRAJ
[scan_planner_node-4] [INFO] [1785999372.101911446] [scan_planner_node]: [GridMapDiag] cloud=32768 accepted=29824 invalid=2944 below_sensor=0 outside_update=0 sensor_z=0.700 cutoff_z=1.700
[scan_planner_node-4] [FSM]: from EXEC_TRAJ to REPLAN_TRAJ
[scan_planner_node-4] 
[scan_planner_node-4] [rebo replan]: -------------------------------------302
[scan_planner_node-4] start: -3.88     7   1.4,    0.641  0.00255 9.18e-05
[scan_planner_node-4] goal:-0.25     7   1.4,     0.75 5.24e-13        0
[scan_planner_node-4] [32miter(+1)=4,time(ms)=0.016,total_t(ms)=0.016,cost=0.003
[scan_planner_node-4] [0mfirst_optimize_step_success=1
[scan_planner_node-4] total time:[42m0.000185[0m,optimize:0.000147,refine:3.75e-05
[scan_planner_node-4] final_plan_success=1
[scan_planner_node-4] [FSM]: from REPLAN_TRAJ to EXEC_TRAJ
[closed_loop_controller-6] [INFO] [1785999373.010651128] [closed_loop_controller]: Received trajectory 177, duration 5.760s
[scan_planner_node-4] [INFO] [1785999374.135913836] [scan_planner_node]: [GridMapDiag] cloud=32768 accepted=19569 invalid=13199 below_sensor=0 outside_update=0 sensor_z=1.700 cutoff_z=2.700
[scan_planner_node-4] [FSM]: from EXEC_TRAJ to REPLAN_TRAJ
[scan_planner_node-4] 
[scan_planner_node-4] [rebo replan]: -------------------------------------303
[scan_planner_node-4] start: -2.83     7   1.4,    0.624 0.000333 6.06e-05
[scan_planner_node-4] goal:0.625     7   1.4,    0.75 4.2e-11       0
[scan_planner_node-4] [32miter(+1)=4,time(ms)=0.034,total_t(ms)=0.034,cost=0.001
[scan_planner_node-4] [0mfirst_optimize_step_success=1
[scan_planner_node-4] total time:[42m0.00033[0m,optimize:0.000264,refine:6.61e-05
[scan_planner_node-4] final_plan_success=1
[scan_planner_node-4] [FSM]: from REPLAN_TRAJ to EXEC_TRAJ
[closed_loop_controller-6] [INFO] [1785999374.694467944] [closed_loop_controller]: Received trajectory 178, duration 5.440s
[scan_planner_node-4] [FSM]: state: EXEC_TRAJ
[scan_planner_node-4] [INFO] [1785999376.134802574] [scan_planner_node]: [GridMapDiag] cloud=32768 accepted=20704 invalid=12064 below_sensor=0 outside_update=0 sensor_z=1.700 cutoff_z=2.700
[scan_planner_node-4] [FSM]: from EXEC_TRAJ to REPLAN_TRAJ
[scan_planner_node-4] 
[scan_planner_node-4] [rebo replan]: -------------------------------------304
[scan_planner_node-4] start: -1.77     7   1.4,    0.625  7.5e-05 4.52e-05
[scan_planner_node-4] goal:1.85    7  1.4,     0.75 6.37e-09        0
[scan_planner_node-4] [32miter(+1)=4,time(ms)=0.026,total_t(ms)=0.026,cost=0.004
[scan_planner_node-4] [0mfirst_optimize_step_success=1
[scan_planner_node-4] total time:[42m0.000236[0m,optimize:0.000195,refine:4.04e-05
[scan_planner_node-4] final_plan_success=1
[scan_planner_node-4] [FSM]: from REPLAN_TRAJ to EXEC_TRAJ
[closed_loop_controller-6] [INFO] [1785999376.394515565] [closed_loop_controller]: Received trajectory 179, duration 5.760s
[scan_planner_node-4] [FSM]: from EXEC_TRAJ to REPLAN_TRAJ
[scan_planner_node-4] 
[scan_planner_node-4] [rebo replan]: -------------------------------------305
[scan_planner_node-4] start: -0.747      7    1.4,    0.625 3.85e-05 3.01e-05
[scan_planner_node-4] goal:2.73    7  1.4,      0.75 -3.86e-08         0
[scan_planner_node-4] [32miter(+1)=4,time(ms)=0.018,total_t(ms)=0.018,cost=0.001
[scan_planner_node-4] [0mfirst_optimize_step_success=1
[scan_planner_node-4] total time:[42m0.000195[0m,optimize:0.000156,refine:3.82e-05
[scan_planner_node-4] final_plan_success=1
[scan_planner_node-4] [FSM]: from REPLAN_TRAJ to EXEC_TRAJ
[closed_loop_controller-6] [INFO] [1785999378.034092688] [closed_loop_controller]: Received trajectory 180, duration 5.440s
[scan_planner_node-4] [INFO] [1785999378.136028197] [scan_planner_node]: [GridMapDiag] cloud=32768 accepted=20969 invalid=11799 below_sensor=0 outside_update=0 sensor_z=1.700 cutoff_z=2.700
[scan_planner_node-4] [FSM]: state: EXEC_TRAJ
[scan_planner_node-4] [FSM]: from EXEC_TRAJ to REPLAN_TRAJ
[scan_planner_node-4] 
[scan_planner_node-4] [rebo replan]: -------------------------------------306
[scan_planner_node-4] start: 0.29    7  1.4,    0.625 4.79e-06 2.24e-05
[scan_planner_node-4] goal:3.95    7  1.4,      0.75 -2.54e-05         0
[scan_planner_node-4] [32miter(+1)=4,time(ms)=0.017,total_t(ms)=0.018,cost=0.001
[scan_planner_node-4] [0mfirst_optimize_step_success=1
[scan_planner_node-4] total time:[42m0.000215[0m,optimize:0.000173,refine:4.19e-05
[scan_planner_node-4] final_plan_success=1
[scan_planner_node-4] [FSM]: from REPLAN_TRAJ to EXEC_TRAJ
[closed_loop_controller-6] [INFO] [1785999379.693790192] [closed_loop_controller]: Received trajectory 181, duration 5.760s
[scan_planner_node-4] [INFO] [1785999380.136866178] [scan_planner_node]: [GridMapDiag] cloud=32768 accepted=20984 invalid=11784 below_sensor=0 outside_update=0 sensor_z=1.700 cutoff_z=2.700
[scan_planner_node-4] [FSM]: from EXEC_TRAJ to REPLAN_TRAJ
[scan_planner_node-4] 
[scan_planner_node-4] [rebo replan]: -------------------------------------307
[scan_planner_node-4] start: 1.34    7  1.4,    0.625 2.75e-06 1.49e-05
[scan_planner_node-4] goal:  5   7 1.4,    0.75 0.00411       0
[scan_planner_node-4] [32miter(+1)=4,time(ms)=0.017,total_t(ms)=0.017,cost=0.001
[scan_planner_node-4] [0mfirst_optimize_step_success=1
[scan_planner_node-4] total time:[42m0.000195[0m,optimize:0.000156,refine:3.89e-05
[scan_planner_node-4] final_plan_success=1
[scan_planner_node-4] [FSM]: from REPLAN_TRAJ to EXEC_TRAJ
[closed_loop_controller-6] [INFO] [1785999381.378573924] [closed_loop_controller]: Received trajectory 182, duration 5.760s
[scan_planner_node-4] [INFO] [1785999382.229165806] [scan_planner_node]: [GridMapDiag] cloud=32768 accepted=20743 invalid=12025 below_sensor=0 outside_update=0 sensor_z=1.700 cutoff_z=2.700
[scan_planner_node-4] [FSM]: from EXEC_TRAJ to REPLAN_TRAJ
[scan_planner_node-4] 
[scan_planner_node-4] [rebo replan]: -------------------------------------308
[scan_planner_node-4] start: 2.37    7  1.4,    0.625 8.55e-08 1.07e-05
[scan_planner_node-4] goal:5.89 7.01  1.4, 0.743 0.103     0
[scan_planner_node-4] [32miter(+1)=8,time(ms)=0.031,total_t(ms)=0.031,cost=0.006
[scan_planner_node-4] [0mfirst_optimize_step_success=1
[scan_planner_node-4] total time:[42m0.000194[0m,optimize:0.000155,refine:3.86e-05
[scan_planner_node-4] final_plan_success=1
[scan_planner_node-4] [FSM]: from REPLAN_TRAJ to EXEC_TRAJ
[closed_loop_controller-6] [INFO] [1785999383.027724448] [closed_loop_controller]: Received trajectory 183, duration 5.760s
[scan_planner_node-4] [FSM]: state: EXEC_TRAJ
[scan_planner_node-4] [INFO] [1785999384.229313340] [scan_planner_node]: [GridMapDiag] cloud=32768 accepted=19763 invalid=13005 below_sensor=0 outside_update=0 sensor_z=1.700 cutoff_z=2.700
[scan_planner_node-4] [FSM]: from EXEC_TRAJ to REPLAN_TRAJ
[scan_planner_node-4] 
[scan_planner_node-4] [rebo replan]: -------------------------------------309
[scan_planner_node-4] start: 3.41    7  1.4,     0.625 -0.000145  7.93e-06
[scan_planner_node-4] goal:  6 5.9 1.4, 0.000709   -0.749        0
[scan_planner_node-4] [32miter(+1)=13,time(ms)=0.074,total_t(ms)=0.074,cost=0.015
[scan_planner_node-4] [0mfirst_optimize_step_success=1
[scan_planner_node-4] total time:[42m0.000312[0m,optimize:0.000251,refine:6.17e-05
[scan_planner_node-4] final_plan_success=1
[scan_planner_node-4] [FSM]: from REPLAN_TRAJ to EXEC_TRAJ
[closed_loop_controller-6] [INFO] [1785999384.687991552] [closed_loop_controller]: Received trajectory 184, duration 6.400s
[scan_planner_node-4] [INFO] [1785999386.294534105] [scan_planner_node]: [GridMapDiag] cloud=32768 accepted=29895 invalid=2873 below_sensor=0 outside_update=0 sensor_z=0.700 cutoff_z=1.700
[scan_planner_node-4] [FSM]: from EXEC_TRAJ to REPLAN_TRAJ
[scan_planner_node-4] 
[scan_planner_node-4] [rebo replan]: -------------------------------------310
[scan_planner_node-4] start: 4.44    7  1.4,   0.626 0.00874   5e-06
[scan_planner_node-4] goal:  6   5 1.4, 0 0 0
[scan_planner_node-4] [32miter(+1)=28,time(ms)=0.134,total_t(ms)=0.134,cost=0.032
[scan_planner_node-4] [0mfirst_optimize_step_success=1
[scan_planner_node-4] Need to reallocate time.
[scan_planner_node-4] total time:[42m0.000515[0m,optimize:0.000263,refine:0.000252
[scan_planner_node-4] final_plan_success=1
[scan_planner_node-4] [FSM]: from REPLAN_TRAJ to EXEC_TRAJ
[closed_loop_controller-6] [INFO] [1785999386.330261519] [closed_loop_controller]: Received trajectory 185, duration 7.215s
[scan_planner_node-4] [FSM]: state: EXEC_TRAJ
[scan_planner_node-4] [FSM]: from EXEC_TRAJ to REPLAN_TRAJ
[scan_planner_node-4] 
[scan_planner_node-4] [rebo replan]: -------------------------------------311
[scan_planner_node-4] start: 5.46 7.02  1.4,    0.512  0.00221 3.24e-06
[scan_planner_node-4] goal:  6   5 1.4, 0 0 0
[scan_planner_node-4] [32miter(+1)=26,time(ms)=0.095,total_t(ms)=0.095,cost=0.039
[scan_planner_node-4] [0mfirst_optimize_step_success=1
[scan_planner_node-4] Need to reallocate time.
[scan_planner_node-4] total time:[42m0.000334[0m,optimize:0.000183,refine:0.000151
[scan_planner_node-4] final_plan_success=1
[scan_planner_node-4] [FSM]: from REPLAN_TRAJ to EXEC_TRAJ
[closed_loop_controller-6] [INFO] [1785999388.083283339] [closed_loop_controller]: Received trajectory 186, duration 4.918s
[scan_planner_node-4] [INFO] [1785999388.437072634] [scan_planner_node]: [GridMapDiag] cloud=32768 accepted=15582 invalid=17186 below_sensor=0 outside_update=0 sensor_z=1.700 cutoff_z=2.700
[scan_planner_node-4] [FSM]: from EXEC_TRAJ to REPLAN_TRAJ
[scan_planner_node-4] 
[scan_planner_node-4] [rebo replan]: -------------------------------------312
[scan_planner_node-4] start: 6.12 6.21  1.4, -0.00871   -0.702 3.38e-06
[scan_planner_node-4] goal:  6   5 1.4, 0 0 0
[scan_planner_node-4] [32miter(+1)=12,time(ms)=0.026,total_t(ms)=0.026,cost=0.129
[scan_planner_node-4] [0mfirst_optimize_step_success=1
[scan_planner_node-4] Need to reallocate time.
[scan_planner_node-4] total time:[42m0.000169[0m,optimize:7.91e-05,refine:8.99e-05
[scan_planner_node-4] final_plan_success=1
[scan_planner_node-4] [FSM]: from REPLAN_TRAJ to EXEC_TRAJ
[closed_loop_controller-6] [INFO] [1785999390.545042172] [closed_loop_controller]: Received trajectory 187, duration 2.285s
[scan_planner_node-4] [INFO] [1785999390.636552163] [scan_planner_node]: [GridMapDiag] cloud=32768 accepted=15290 invalid=17478 below_sensor=0 outside_update=0 sensor_z=1.700 cutoff_z=2.700
[scan_planner_node-4] [FSM]: state: EXEC_TRAJ
[terrain_path_visualizer-10] [INFO] [1785999391.873972858] [terrain_path_segmenter]: Visualization advanced to segment 2/3
[scan_planner_node-4] [INFO] [1785999391.952019503] [scan_planner_node]: [MapRefresh] Cleared occupancy and inflation for a new reference path; observation_sequence=2862
[scan_planner_node-4] [INFO] [1785999391.952070792] [scan_planner_node]: [MapRefresh] Deferred reference path until 2 fresh map observations have been fused (target_sequence=2864)
[scan_planner_node-4] [INFO] [1785999392.196924185] [scan_planner_node]: [MapRefresh] Fresh map ready at observation_sequence=2864; accepting deferred reference path
[scan_planner_node-4] [TRIG]: from EXEC_TRAJ to REPLAN_TRAJ
[scan_planner_node-4] 
[scan_planner_node-4] [rebo replan]: -------------------------------------313
[scan_planner_node-4] start: 6.01 5.14  1.4,  -0.0408   -0.303 6.57e-06
[scan_planner_node-4] goal:  6   3 0.4, 0 0 0
[scan_planner_node-4] [INFO] [1785999392.200188064] [scan_planner_node]: Reference path accepted
[scan_planner_node-4] [32miter(+1)=11,time(ms)=0.050,total_t(ms)=0.050,cost=0.041
[scan_planner_node-4] [0mfirst_optimize_step_success=1
[scan_planner_node-4] total time:[42m0.000199[0m,optimize:0.000169,refine:3.05e-05
[scan_planner_node-4] final_plan_success=1
[scan_planner_node-4] [FSM]: from REPLAN_TRAJ to EXEC_TRAJ
[closed_loop_controller-6] [INFO] [1785999392.200647255] [closed_loop_controller]: Received trajectory 188, duration 4.480s
[scan_planner_node-4] [INFO] [1785999392.725279771] [scan_planner_node]: [GridMapDiag] cloud=32768 accepted=15414 invalid=17354 below_sensor=0 outside_update=0 sensor_z=1.700 cutoff_z=2.700
[scan_planner_node-4] [FSM]: from EXEC_TRAJ to REPLAN_TRAJ
[scan_planner_node-4] 
[scan_planner_node-4] [rebo replan]: -------------------------------------314
[scan_planner_node-4] start:  6.01  4.22 0.981, 0.00223  -0.756  -0.375
[scan_planner_node-4] goal:  6   3 0.4, 0 0 0
[scan_planner_node-4] [32miter(+1)=13,time(ms)=0.026,total_t(ms)=0.026,cost=0.300
[scan_planner_node-4] [0mfirst_optimize_step_success=1
[scan_planner_node-4] Need to reallocate time.
[scan_planner_node-4] total time:[42m0.000139[0m,optimize:7.61e-05,refine:6.32e-05
[scan_planner_node-4] final_plan_success=1
[scan_planner_node-4] [FSM]: from REPLAN_TRAJ to EXEC_TRAJ
[closed_loop_controller-6] [INFO] [1785999394.323655103] [closed_loop_controller]: Received trajectory 189, duration 2.959s
[scan_planner_node-4] [FSM]: state: EXEC_TRAJ
[scan_planner_node-4] [INFO] [1785999394.724139797] [scan_planner_node]: [GridMapDiag] cloud=32768 accepted=25216 invalid=7552 below_sensor=0 outside_update=0 sensor_z=1.173 cutoff_z=2.173
[scan_planner_node-4] [FSM]: from EXEC_TRAJ to REPLAN_TRAJ
[scan_planner_node-4] 
[scan_planner_node-4] [rebo replan]: -------------------------------------315
[scan_planner_node-4] start:     6  3.29 0.672, -0.00406   -0.413   -0.159
[scan_planner_node-4] goal:  6   3 0.4, 0 0 0
[scan_planner_node-4] [32miter(+1)=11,time(ms)=0.035,total_t(ms)=0.035,cost=0.054
[scan_planner_node-4] [0mfirst_optimize_step_success=1
[scan_planner_node-4] total time:[42m0.000126[0m,optimize:9.77e-05,refine:2.78e-05
[scan_planner_node-4] final_plan_success=1
[scan_planner_node-4] [FSM]: from REPLAN_TRAJ to EXEC_TRAJ
[closed_loop_controller-6] [INFO] [1785999395.833653853] [closed_loop_controller]: Received trajectory 190, duration 2.240s
[terrain_path_visualizer-10] [INFO] [1785999395.934257895] [terrain_path_segmenter]: Visualization advanced to segment 3/3
[scan_planner_node-4] [INFO] [1785999396.035133018] [scan_planner_node]: [MapRefresh] Cleared occupancy and inflation for a new reference path; observation_sequence=2902
[scan_planner_node-4] [INFO] [1785999396.035171594] [scan_planner_node]: [MapRefresh] Deferred reference path until 2 fresh map observations have been fused (target_sequence=2904)
[scan_planner_node-4] [INFO] [1785999396.196635780] [scan_planner_node]: [MapRefresh] Fresh map ready at observation_sequence=2904; accepting deferred reference path
[scan_planner_node-4] [TRIG]: from EXEC_TRAJ to REPLAN_TRAJ
[scan_planner_node-4] [INFO] [1785999397.067105016] [scan_planner_node]: Reference path accepted
[scan_planner_node-4] 
[scan_planner_node-4] [rebo replan]: -------------------------------------316
[scan_planner_node-4] start:     6  3.04 0.491, -0.000391   -0.0766    -0.109
[scan_planner_node-4] goal:    6 -0.65   0.4, -1.25e-05     -0.75         0
[scan_planner_node-4] [32miter(+1)=24,time(ms)=0.122,total_t(ms)=0.122,cost=0.012
[scan_planner_node-4] [0mfirst_optimize_step_success=1
[scan_planner_node-4] total time:[42m0.000344[0m,optimize:0.000292,refine:5.18e-05
[scan_planner_node-4] final_plan_success=1
[scan_planner_node-4] [FSM]: from REPLAN_TRAJ to EXEC_TRAJ
[closed_loop_controller-6] [INFO] [1785999397.067748227] [closed_loop_controller]: Received trajectory 191, duration 6.400s
[scan_planner_node-4] [INFO] [1785999397.244201894] [scan_planner_node]: [GridMapDiag] cloud=32768 accepted=27621 invalid=5147 below_sensor=0 outside_update=0 sensor_z=0.715 cutoff_z=1.715
[scan_planner_node-4] [FSM]: state: EXEC_TRAJ
[scan_planner_node-4] [INFO] [1785999399.284155978] [scan_planner_node]: [GridMapDiag] cloud=32768 accepted=27029 invalid=5739 below_sensor=0 outside_update=0 sensor_z=0.700 cutoff_z=1.700
[scan_planner_node-4] [FSM]: from EXEC_TRAJ to REPLAN_TRAJ
[scan_planner_node-4] 
[scan_planner_node-4] [rebo replan]: -------------------------------------317
[scan_planner_node-4] start:     6  1.97 0.469, 0.000503   -0.769  -0.0172
[scan_planner_node-4] goal:   6 -1.7  0.4, 0.000305    -0.75        0
[scan_planner_node-4] [32miter(+1)=6,time(ms)=0.024,total_t(ms)=0.024,cost=0.007
[scan_planner_node-4] [0mfirst_optimize_step_success=1
[scan_planner_node-4] total time:[42m0.000206[0m,optimize:0.000167,refine:3.94e-05
[scan_planner_node-4] final_plan_success=1
[scan_planner_node-4] [FSM]: from REPLAN_TRAJ to EXEC_TRAJ
[closed_loop_controller-6] [INFO] [1785999400.040654361] [closed_loop_controller]: Received trajectory 192, duration 5.760s
[scan_planner_node-4] [INFO] [1785999401.283854186] [scan_planner_node]: [GridMapDiag] cloud=32768 accepted=25706 invalid=7062 below_sensor=0 outside_update=0 sensor_z=0.700 cutoff_z=1.700
[scan_planner_node-4] [FSM]: from EXEC_TRAJ to REPLAN_TRAJ
[scan_planner_node-4] 
[scan_planner_node-4] [rebo replan]: -------------------------------------318
[scan_planner_node-4] start:     6  0.92 0.449, 0.00115  -0.632 -0.0117
[scan_planner_node-4] goal:    6 -2.58   0.4, -0.0381  -0.712       0
[scan_planner_node-4] [32miter(+1)=6,time(ms)=0.036,total_t(ms)=0.036,cost=0.001
[scan_planner_node-4] [0mfirst_optimize_step_success=1
[scan_planner_node-4] total time:[42m0.000301[0m,optimize:0.000238,refine:6.23e-05
[scan_planner_node-4] final_plan_success=1
[scan_planner_node-4] [FSM]: from REPLAN_TRAJ to EXEC_TRAJ
[closed_loop_controller-6] [INFO] [1785999401.716071689] [closed_loop_controller]: Received trajectory 193, duration 5.440s
[scan_planner_node-4] [INFO] [1785999403.322565024] [scan_planner_node]: [GridMapDiag] cloud=32768 accepted=25153 invalid=7615 below_sensor=0 outside_update=0 sensor_z=0.700 cutoff_z=1.700
[scan_planner_node-4] [FSM]: from EXEC_TRAJ to REPLAN_TRAJ
[scan_planner_node-4] 
[scan_planner_node-4] [rebo replan]: -------------------------------------319
[scan_planner_node-4] start:      6 -0.135  0.434,  0.00031   -0.625 -0.00878
[scan_planner_node-4] goal:5.2  -3 0.4,    -0.74 -0.00959        0
[scan_planner_node-4] [32miter(+1)=13,time(ms)=0.047,total_t(ms)=0.047,cost=0.005
[scan_planner_node-4] [0mfirst_optimize_step_success=1
[scan_planner_node-4] total time:[42m0.000213[0m,optimize:0.000173,refine:4.02e-05
[scan_planner_node-4] final_plan_success=1
[scan_planner_node-4] [FSM]: from REPLAN_TRAJ to EXEC_TRAJ
[closed_loop_controller-6] [INFO] [1785999403.404908030] [closed_loop_controller]: Received trajectory 194, duration 5.760s
[scan_planner_node-4] [FSM]: state: EXEC_TRAJ
[scan_planner_node-4] [FSM]: from EXEC_TRAJ to REPLAN_TRAJ
[scan_planner_node-4] 
[scan_planner_node-4] [rebo replan]: -------------------------------------320
[scan_planner_node-4] start:     6 -1.17 0.424,  0.00189   -0.627 -0.00604
[scan_planner_node-4] goal:4.15   -3  0.4,   -0.75 5.9e-05       0
[scan_planner_node-4] [32miter(+1)=12,time(ms)=0.046,total_t(ms)=0.046,cost=0.010
[scan_planner_node-4] [0mfirst_optimize_step_success=1
[scan_planner_node-4] total time:[42m0.00022[0m,optimize:0.000181,refine:3.86e-05
[scan_planner_node-4] final_plan_success=1
[scan_planner_node-4] [FSM]: from REPLAN_TRAJ to EXEC_TRAJ
[closed_loop_controller-6] [INFO] [1785999405.056082655] [closed_loop_controller]: Received trajectory 195, duration 5.760s
[scan_planner_node-4] [INFO] [1785999405.436716845] [scan_planner_node]: [GridMapDiag] cloud=32768 accepted=24618 invalid=8150 below_sensor=0 outside_update=0 sensor_z=0.700 cutoff_z=1.700
[scan_planner_node-4] [FSM]: from EXEC_TRAJ to REPLAN_TRAJ
[scan_planner_node-4] 
[scan_planner_node-4] [rebo replan]: -------------------------------------321
[scan_planner_node-4] start:  6.02 -2.21 0.417,   0.0493   -0.651 -0.00435
[scan_planner_node-4] goal:3.1  -3 0.4,    -0.75 3.61e-07        0
[scan_planner_node-4] [32miter(+1)=9,time(ms)=0.034,total_t(ms)=0.034,cost=0.006
[scan_planner_node-4] [0mfirst_optimize_step_success=1
[scan_planner_node-4] total time:[42m0.000188[0m,optimize:0.000151,refine:3.65e-05
[scan_planner_node-4] final_plan_success=1
[scan_planner_node-4] [FSM]: from REPLAN_TRAJ to EXEC_TRAJ
[closed_loop_controller-6] [INFO] [1785999406.720352499] [closed_loop_controller]: Received trajectory 196, duration 5.440s
[scan_planner_node-4] [INFO] [1785999407.605787617] [scan_planner_node]: [GridMapDiag] cloud=32768 accepted=24295 invalid=8473 below_sensor=0 outside_update=0 sensor_z=0.700 cutoff_z=1.700
[scan_planner_node-4] [FSM]: from EXEC_TRAJ to REPLAN_TRAJ
[scan_planner_node-4] 
[scan_planner_node-4] [rebo replan]: -------------------------------------322
[scan_planner_node-4] start:  5.33 -3.02 0.411,    -0.644 -0.000268  -0.00307
[scan_planner_node-4] goal:1.7  -3 0.4,    -0.75 -9.9e-10        0
[scan_planner_node-4] [32miter(+1)=5,time(ms)=0.020,total_t(ms)=0.020,cost=0.003
[scan_planner_node-4] [0mfirst_optimize_step_success=1
[scan_planner_node-4] total time:[42m0.000201[0m,optimize:0.000162,refine:3.95e-05
[scan_planner_node-4] final_plan_success=1
[scan_planner_node-4] [FSM]: from REPLAN_TRAJ to EXEC_TRAJ
[closed_loop_controller-6] [INFO] [1785999409.020272643] [closed_loop_controller]: Received trajectory 197, duration 5.760s
[scan_planner_node-4] [FSM]: state: EXEC_TRAJ
[scan_planner_node-4] [INFO] [1785999409.636827330] [scan_planner_node]: [GridMapDiag] cloud=32768 accepted=23877 invalid=8891 below_sensor=0 outside_update=0 sensor_z=0.700 cutoff_z=1.700
[scan_planner_node-4] [FSM]: from EXEC_TRAJ to REPLAN_TRAJ
[scan_planner_node-4] 
[scan_planner_node-4] [rebo replan]: -------------------------------------323
[scan_planner_node-4] start:   4.3    -3 0.408,   -0.626 -0.00128  -0.0019
[scan_planner_node-4] goal:0.825    -3   0.4,     -0.75 -9.74e-11         0
[scan_planner_node-4] [32miter(+1)=5,time(ms)=0.022,total_t(ms)=0.023,cost=0.001
[scan_planner_node-4] [0mfirst_optimize_step_success=1
[scan_planner_node-4] total time:[42m0.000204[0m,optimize:0.000157,refine:4.67e-05
[scan_planner_node-4] final_plan_success=1
[scan_planner_node-4] [FSM]: from REPLAN_TRAJ to EXEC_TRAJ
[closed_loop_controller-6] [INFO] [1785999410.662651799] [closed_loop_controller]: Received trajectory 198, duration 5.440s
[scan_planner_node-4] [INFO] [1785999411.638865514] [scan_planner_node]: [GridMapDiag] cloud=32768 accepted=24093 invalid=8675 below_sensor=0 outside_update=0 sensor_z=0.700 cutoff_z=1.700
[scan_planner_node-4] [FSM]: from EXEC_TRAJ to REPLAN_TRAJ
[scan_planner_node-4] 
[scan_planner_node-4] [rebo replan]: -------------------------------------324
[scan_planner_node-4] start:  3.26    -3 0.405,   -0.625 0.000276 -0.00141
[scan_planner_node-4] goal:-0.4   -3  0.4,    -0.75 1.53e-11        0
[scan_planner_node-4] [32miter(+1)=4,time(ms)=0.018,total_t(ms)=0.019,cost=0.001
[scan_planner_node-4] [0mfirst_optimize_step_success=1
[scan_planner_node-4] total time:[42m0.000239[0m,optimize:0.000186,refine:5.27e-05
[scan_planner_node-4] final_plan_success=1
[scan_planner_node-4] [FSM]: from REPLAN_TRAJ to EXEC_TRAJ
[closed_loop_controller-6] [INFO] [1785999412.333050882] [closed_loop_controller]: Received trajectory 199, duration 5.760s
[scan_planner_node-4] [INFO] [1785999413.800024979] [scan_planner_node]: [GridMapDiag] cloud=32768 accepted=25190 invalid=7578 below_sensor=0 outside_update=0 sensor_z=0.700 cutoff_z=1.700
[scan_planner_node-4] [FSM]: from EXEC_TRAJ to REPLAN_TRAJ
[scan_planner_node-4] 
[scan_planner_node-4] [rebo replan]: -------------------------------------325
[scan_planner_node-4] start:   2.2    -3 0.404,    -0.625  0.000547 -0.000937
[scan_planner_node-4] goal:-1.27    -3   0.4,    -0.75 3.94e-10        0
[scan_planner_node-4] [32miter(+1)=4,time(ms)=0.020,total_t(ms)=0.020,cost=0.001
[scan_planner_node-4] [0mfirst_optimize_step_success=1
[scan_planner_node-4] total time:[42m0.000194[0m,optimize:0.000156,refine:3.85e-05
[scan_planner_node-4] final_plan_success=1
[scan_planner_node-4] [FSM]: from REPLAN_TRAJ to EXEC_TRAJ
[closed_loop_controller-6] [INFO] [1785999414.033690822] [closed_loop_controller]: Received trajectory 200, duration 5.440s
[scan_planner_node-4] [FSM]: state: EXEC_TRAJ
[scan_planner_node-4] [FSM]: from EXEC_TRAJ to REPLAN_TRAJ
[scan_planner_node-4] 
[scan_planner_node-4] [rebo replan]: -------------------------------------326
[scan_planner_node-4] start:  1.14    -3 0.403,    -0.625  3.62e-05 -0.000701
[scan_planner_node-4] goal:-2.33    -3   0.4,    -0.75 7.16e-09        0
[scan_planner_node-4] [32miter(+1)=4,time(ms)=0.016,total_t(ms)=0.017,cost=0.001
[scan_planner_node-4] [0mfirst_optimize_step_success=1
[scan_planner_node-4] total time:[42m0.000185[0m,optimize:0.000143,refine:4.18e-05
[scan_planner_node-4] final_plan_success=1
[scan_planner_node-4] [FSM]: from REPLAN_TRAJ to EXEC_TRAJ
[closed_loop_controller-6] [INFO] [1785999415.729350494] [closed_loop_controller]: Received trajectory 201, duration 5.440s
[scan_planner_node-4] [INFO] [1785999415.899217610] [scan_planner_node]: [GridMapDiag] cloud=32768 accepted=25231 invalid=7537 below_sensor=0 outside_update=0 sensor_z=0.700 cutoff_z=1.700
[scan_planner_node-4] [FSM]: from EXEC_TRAJ to REPLAN_TRAJ
[scan_planner_node-4] 
[scan_planner_node-4] [rebo replan]: -------------------------------------327
[scan_planner_node-4] start: 0.0744     -3  0.402,    -0.625  2.15e-05 -0.000488
[scan_planner_node-4] goal:-3.55    -3   0.4,    -0.75 4.71e-06        0
[scan_planner_node-4] [32miter(+1)=8,time(ms)=0.029,total_t(ms)=0.029,cost=0.002
[scan_planner_node-4] [0mfirst_optimize_step_success=1
[scan_planner_node-4] total time:[42m0.0002[0m,optimize:0.000161,refine:3.92e-05
[scan_planner_node-4] final_plan_success=1
[scan_planner_node-4] [FSM]: from REPLAN_TRAJ to EXEC_TRAJ
[closed_loop_controller-6] [INFO] [1785999417.432609565] [closed_loop_controller]: Received trajectory 202, duration 5.760s
[scan_planner_node-4] [INFO] [1785999418.000559912] [scan_planner_node]: [GridMapDiag] cloud=32768 accepted=25214 invalid=7554 below_sensor=0 outside_update=0 sensor_z=0.700 cutoff_z=1.700
[scan_planner_node-4] [FSM]: from EXEC_TRAJ to REPLAN_TRAJ
[scan_planner_node-4] 
[scan_planner_node-4] [rebo replan]: -------------------------------------328
[scan_planner_node-4] start: -0.978     -3  0.401,    -0.625   1.3e-06 -0.000324
[scan_planner_node-4] goal:-4.6   -3  0.4,     -0.75 -0.000765         0
[scan_planner_node-4] [32miter(+1)=8,time(ms)=0.032,total_t(ms)=0.033,cost=0.002
[scan_planner_node-4] [0mfirst_optimize_step_success=1
[scan_planner_node-4] total time:[42m0.000209[0m,optimize:0.00017,refine:3.93e-05
[scan_planner_node-4] final_plan_success=1
[scan_planner_node-4] [FSM]: from REPLAN_TRAJ to EXEC_TRAJ
[closed_loop_controller-6] [INFO] [1785999419.115799002] [closed_loop_controller]: Received trajectory 203, duration 5.760s
[scan_planner_node-4] [FSM]: state: EXEC_TRAJ
[scan_planner_node-4] [INFO] [1785999420.022317099] [scan_planner_node]: [GridMapDiag] cloud=32768 accepted=25022 invalid=7746 below_sensor=0 outside_update=0 sensor_z=0.700 cutoff_z=1.700
[scan_planner_node-4] [FSM]: from EXEC_TRAJ to REPLAN_TRAJ
[scan_planner_node-4] 
[scan_planner_node-4] [rebo replan]: -------------------------------------329
[scan_planner_node-4] start: -2.05    -3 0.401,    -0.625  6.06e-06 -0.000229
[scan_planner_node-4] goal:-5.48    -3   0.4,   -0.75 -0.0186       0
[scan_planner_node-4] [32miter(+1)=5,time(ms)=0.022,total_t(ms)=0.022,cost=0.003
[scan_planner_node-4] [0mfirst_optimize_step_success=1
[scan_planner_node-4] total time:[42m0.000193[0m,optimize:0.000153,refine:4e-05
[scan_planner_node-4] final_plan_success=1
[scan_planner_node-4] [FSM]: from REPLAN_TRAJ to EXEC_TRAJ
[closed_loop_controller-6] [INFO] [1785999420.823980587] [closed_loop_controller]: Received trajectory 204, duration 5.440s
[scan_planner_node-4] [INFO] [1785999422.094597701] [scan_planner_node]: [GridMapDiag] cloud=32768 accepted=24417 invalid=8351 below_sensor=0 outside_update=0 sensor_z=0.700 cutoff_z=1.700
[scan_planner_node-4] [FSM]: from EXEC_TRAJ to REPLAN_TRAJ
[scan_planner_node-4] 
[scan_planner_node-4] [rebo replan]: -------------------------------------330
[scan_planner_node-4] start: -3.11    -3 0.401,    -0.625 -6.22e-05 -0.000171
[scan_planner_node-4] goal:  -6 -2.3  0.4, -0.00383    0.746        0
[scan_planner_node-4] [32miter(+1)=14,time(ms)=0.059,total_t(ms)=0.059,cost=0.006
[scan_planner_node-4] [0mfirst_optimize_step_success=1
[scan_planner_node-4] total time:[42m0.000239[0m,optimize:0.000198,refine:4.13e-05
[scan_planner_node-4] final_plan_success=1
[scan_planner_node-4] [FSM]: from REPLAN_TRAJ to EXEC_TRAJ
[closed_loop_controller-6] [INFO] [1785999422.524405184] [closed_loop_controller]: Received trajectory 205, duration 5.760s
[scan_planner_node-4] [INFO] [1785999424.149388848] [scan_planner_node]: [GridMapDiag] cloud=32768 accepted=23901 invalid=8867 below_sensor=0 outside_update=0 sensor_z=0.700 cutoff_z=1.700
[scan_planner_node-4] [FSM]: from EXEC_TRAJ to REPLAN_TRAJ
[scan_planner_node-4] 
[scan_planner_node-4] [rebo replan]: -------------------------------------331
[scan_planner_node-4] start: -4.18    -3   0.4,    -0.629  -0.00619 -0.000115
[scan_planner_node-4] goal:   -6 -1.25   0.4, 0.000157     0.75        0
[scan_planner_node-4] [32miter(+1)=11,time(ms)=0.045,total_t(ms)=0.046,cost=0.008
[scan_planner_node-4] [0mfirst_optimize_step_success=1
[scan_planner_node-4] total time:[42m0.000211[0m,optimize:0.000172,refine:3.86e-05
[scan_planner_node-4] final_plan_success=1
[scan_planner_node-4] [FSM]: from REPLAN_TRAJ to EXEC_TRAJ
[closed_loop_controller-6] [INFO] [1785999424.242253382] [closed_loop_controller]: Received trajectory 206, duration 5.440s
[scan_planner_node-4] [FSM]: state: EXEC_TRAJ
[scan_planner_node-4] [FSM]: from EXEC_TRAJ to REPLAN_TRAJ
[scan_planner_node-4] 
[scan_planner_node-4] [rebo replan]: -------------------------------------332
[scan_planner_node-4] start: -5.22 -3.02   0.4,    -0.656   -0.0599 -8.25e-05
[scan_planner_node-4] goal:  -6 -0.2  0.4, -2.1e-06     0.75        0
[scan_planner_node-4] [32miter(+1)=10,time(ms)=0.038,total_t(ms)=0.038,cost=0.008
[scan_planner_node-4] [0mfirst_optimize_step_success=1
[scan_planner_node-4] total time:[42m0.00021[0m,optimize:0.000172,refine:3.84e-05
[scan_planner_node-4] final_plan_success=1
[scan_planner_node-4] [FSM]: from REPLAN_TRAJ to EXEC_TRAJ
[closed_loop_controller-6] [INFO] [1785999425.908860299] [closed_loop_controller]: Received trajectory 207, duration 5.440s
[scan_planner_node-4] [INFO] [1785999426.312334276] [scan_planner_node]: [GridMapDiag] cloud=32768 accepted=24053 invalid=8715 below_sensor=0 outside_update=0 sensor_z=0.700 cutoff_z=1.700
[scan_planner_node-4] [INFO] [1785999428.332304480] [scan_planner_node]: [GridMapDiag] cloud=32768 accepted=24439 invalid=8329 below_sensor=0 outside_update=0 sensor_z=0.700 cutoff_z=1.700
[scan_planner_node-4] [FSM]: from EXEC_TRAJ to REPLAN_TRAJ
[scan_planner_node-4] 
[scan_planner_node-4] [rebo replan]: -------------------------------------333
[scan_planner_node-4] start: -6.02 -2.32   0.4,   0.00673     0.657 -5.77e-05
[scan_planner_node-4] goal: -6   1 0.4, 0 0 0
[scan_planner_node-4] [32miter(+1)=29,time(ms)=0.112,total_t(ms)=0.113,cost=0.018
[scan_planner_node-4] [0mfirst_optimize_step_success=1
[scan_planner_node-4] total time:[42m0.00027[0m,optimize:0.000233,refine:3.67e-05
[scan_planner_node-4] final_plan_success=1
[scan_planner_node-4] [FSM]: from REPLAN_TRAJ to EXEC_TRAJ
[closed_loop_controller-6] [INFO] [1785999428.416378378] [closed_loop_controller]: Received trajectory 208, duration 5.440s
[scan_planner_node-4] [FSM]: from EXEC_TRAJ to REPLAN_TRAJ
[scan_planner_node-4] 
[scan_planner_node-4] [rebo replan]: -------------------------------------334
[scan_planner_node-4] start: -5.99 -1.27   0.4,    -0.017     0.598 -3.67e-05
[scan_planner_node-4] goal: -6   1 0.4, 0 0 0
[scan_planner_node-4] [32miter(+1)=27,time(ms)=0.081,total_t(ms)=0.081,cost=0.010
[scan_planner_node-4] [0mfirst_optimize_step_success=1
[scan_planner_node-4] total time:[42m0.000191[0m,optimize:0.000164,refine:2.74e-05
[scan_planner_node-4] final_plan_success=1
[scan_planner_node-4] [FSM]: from REPLAN_TRAJ to EXEC_TRAJ
[closed_loop_controller-6] [INFO] [1785999430.119014239] [closed_loop_controller]: Received trajectory 209, duration 3.840s
[scan_planner_node-4] [INFO] [1785999430.438532284] [scan_planner_node]: [GridMapDiag] cloud=32768 accepted=25099 invalid=7669 below_sensor=0 outside_update=0 sensor_z=0.700 cutoff_z=1.700
[scan_planner_node-4] [FSM]: state: EXEC_TRAJ
[scan_planner_node-4] [FSM]: from EXEC_TRAJ to REPLAN_TRAJ
[scan_planner_node-4] 
[scan_planner_node-4] [rebo replan]: -------------------------------------335
[scan_planner_node-4] start:     -6 -0.231    0.4,    0.0044     0.769 -3.65e-05
[scan_planner_node-4] goal: -6   1 0.4, 0 0 0
[scan_planner_node-4] [32miter(+1)=11,time(ms)=0.025,total_t(ms)=0.026,cost=0.040
[scan_planner_node-4] [0mfirst_optimize_step_success=1
[scan_planner_node-4] Need to reallocate time.
[scan_planner_node-4] total time:[42m0.000145[0m,optimize:7.92e-05,refine:6.57e-05
[scan_planner_node-4] final_plan_success=1
[scan_planner_node-4] [FSM]: from REPLAN_TRAJ to EXEC_TRAJ
[closed_loop_controller-6] [INFO] [1785999431.543202451] [closed_loop_controller]: Received trajectory 210, duration 2.557s
[scan_planner_node-4] [INFO] [1785999432.599269996] [scan_planner_node]: [GridMapDiag] cloud=32768 accepted=26266 invalid=6502 below_sensor=0 outside_update=0 sensor_z=0.700 cutoff_z=1.700
[scan_planner_node-4] [FSM]: from EXEC_TRAJ to REPLAN_TRAJ
[scan_planner_node-4] 
[scan_planner_node-4] [rebo replan]: -------------------------------------336
[scan_planner_node-4] start:    -6 0.811   0.4,  -0.00125     0.453 -3.04e-05
[scan_planner_node-4] goal: -6   1 0.4, 0 0 0
[scan_planner_node-4] Close to goal
[scan_planner_node-4] final_plan_success=0
[scan_planner_node-4] 
[scan_planner_node-4] [rebo replan]: -------------------------------------337
[scan_planner_node-4] start:    -6 0.811   0.4,  -0.00125     0.453 -3.04e-05
[scan_planner_node-4] goal: -6   1 0.4, 0 0 0
[scan_planner_node-4] Close to goal
[scan_planner_node-4] final_plan_success=0
[scan_planner_node-4] 
[scan_planner_node-4] [rebo replan]: -------------------------------------338
[scan_planner_node-4] start:    -6 0.811   0.4,  -0.00125     0.453 -3.04e-05
[scan_planner_node-4] goal: -6   1 0.4, 0 0 0
[scan_planner_node-4] Close to goal
[scan_planner_node-4] final_plan_success=0
[scan_planner_node-4] [FSM]: from REPLAN_TRAJ to REPLAN_TRAJ
[scan_planner_node-4] 
[scan_planner_node-4] [rebo replan]: -------------------------------------339
[scan_planner_node-4] start:    -6 0.829   0.4,  -0.00128     0.432 -3.07e-05
[scan_planner_node-4] goal: -6   1 0.4, 0 0 0
[scan_planner_node-4] Close to goal
[scan_planner_node-4] final_plan_success=0
[scan_planner_node-4] 
[scan_planner_node-4] [rebo replan]: -------------------------------------340
[scan_planner_node-4] start:    -6 0.829   0.4,  -0.00128     0.432 -3.07e-05
[scan_planner_node-4] goal: -6   1 0.4, 0 0 0
[scan_planner_node-4] Close to goal
[scan_planner_node-4] final_plan_success=0
[scan_planner_node-4] 
[scan_planner_node-4] [rebo replan]: -------------------------------------341
[scan_planner_node-4] start:    -6 0.829   0.4,  -0.00128     0.432 -3.07e-05
[scan_planner_node-4] goal: -6   1 0.4, 0 0 0
[scan_planner_node-4] Close to goal
[scan_planner_node-4] final_plan_success=0
[scan_planner_node-4] [FSM]: from REPLAN_TRAJ to REPLAN_TRAJ
[scan_planner_node-4] 
[scan_planner_node-4] [rebo replan]: -------------------------------------342
[scan_planner_node-4] start:    -6 0.845   0.4,   -0.0013     0.412 -3.12e-05
[scan_planner_node-4] goal: -6   1 0.4, 0 0 0
[scan_planner_node-4] Close to goal
[scan_planner_node-4] final_plan_success=0
[scan_planner_node-4] 
[scan_planner_node-4] [rebo replan]: -------------------------------------343
[scan_planner_node-4] start:    -6 0.845   0.4,   -0.0013     0.412 -3.12e-05
[scan_planner_node-4] goal: -6   1 0.4, 0 0 0
[scan_planner_node-4] Close to goal
[scan_planner_node-4] final_plan_success=0
[scan_planner_node-4] 
[scan_planner_node-4] [rebo replan]: -------------------------------------344
[scan_planner_node-4] start:    -6 0.845   0.4,   -0.0013     0.412 -3.12e-05
[scan_planner_node-4] goal: -6   1 0.4, 0 0 0
[scan_planner_node-4] Close to goal
[scan_planner_node-4] final_plan_success=0
[scan_planner_node-4] [FSM]: from REPLAN_TRAJ to REPLAN_TRAJ
[scan_planner_node-4] 
[scan_planner_node-4] [rebo replan]: -------------------------------------345
[scan_planner_node-4] start:    -6 0.863   0.4,  -0.00131     0.387 -3.22e-05
[scan_planner_node-4] goal: -6   1 0.4, 0 0 0
[scan_planner_node-4] Close to goal
[scan_planner_node-4] final_plan_success=0
[scan_planner_node-4] 
[scan_planner_node-4] [rebo replan]: -------------------------------------346
[scan_planner_node-4] start:    -6 0.863   0.4,  -0.00131     0.387 -3.22e-05
[scan_planner_node-4] goal: -6   1 0.4, 0 0 0
[scan_planner_node-4] Close to goal
[scan_planner_node-4] final_plan_success=0
[scan_planner_node-4] 
[scan_planner_node-4] [rebo replan]: -------------------------------------347
[scan_planner_node-4] start:    -6 0.863   0.4,  -0.00131     0.387 -3.22e-05
[scan_planner_node-4] goal: -6   1 0.4, 0 0 0
[scan_planner_node-4] Close to goal
[scan_planner_node-4] final_plan_success=0
[scan_planner_node-4] [FSM]: from REPLAN_TRAJ to REPLAN_TRAJ
[scan_planner_node-4] 
[scan_planner_node-4] [rebo replan]: -------------------------------------348
[scan_planner_node-4] start:    -6 0.888   0.4,  -0.00128     0.351 -3.43e-05
[scan_planner_node-4] goal: -6   1 0.4, 0 0 0
[scan_planner_node-4] Close to goal
[scan_planner_node-4] final_plan_success=0
[scan_planner_node-4] 
[scan_planner_node-4] [rebo replan]: -------------------------------------349
[scan_planner_node-4] start:    -6 0.888   0.4,  -0.00128     0.351 -3.43e-05
[scan_planner_node-4] goal: -6   1 0.4, 0 0 0
[scan_planner_node-4] Close to goal
[scan_planner_node-4] final_plan_success=0
[scan_planner_node-4] 
[scan_planner_node-4] [rebo replan]: -------------------------------------350
[scan_planner_node-4] start:    -6 0.888   0.4,  -0.00128     0.351 -3.43e-05
[scan_planner_node-4] goal: -6   1 0.4, 0 0 0
[scan_planner_node-4] Close to goal
[scan_planner_node-4] final_plan_success=0
[scan_planner_node-4] [FSM]: from REPLAN_TRAJ to REPLAN_TRAJ
[scan_planner_node-4] 
[scan_planner_node-4] [rebo replan]: -------------------------------------351
[scan_planner_node-4] start:    -6 0.901   0.4, -0.00125    0.329 -3.6e-05
[scan_planner_node-4] goal: -6   1 0.4, 0 0 0
[scan_planner_node-4] Close to goal
[scan_planner_node-4] final_plan_success=0
[scan_planner_node-4] 
[scan_planner_node-4] [rebo replan]: -------------------------------------352
[scan_planner_node-4] start:    -6 0.901   0.4, -0.00125    0.329 -3.6e-05
[scan_planner_node-4] goal: -6   1 0.4, 0 0 0
[scan_planner_node-4] Close to goal
[scan_planner_node-4] final_plan_success=0
[scan_planner_node-4] 
[scan_planner_node-4] [rebo replan]: -------------------------------------353
[scan_planner_node-4] start:    -6 0.901   0.4, -0.00125    0.329 -3.6e-05
[scan_planner_node-4] goal: -6   1 0.4, 0 0 0
[scan_planner_node-4] Close to goal
[scan_planner_node-4] final_plan_success=0
[scan_planner_node-4] [FSM]: from REPLAN_TRAJ to REPLAN_TRAJ
[scan_planner_node-4] 
[scan_planner_node-4] [rebo replan]: -------------------------------------354
[scan_planner_node-4] start:    -6 0.915   0.4,  -0.00119     0.306 -3.81e-05
[scan_planner_node-4] goal: -6   1 0.4, 0 0 0
[scan_planner_node-4] Close to goal
[scan_planner_node-4] final_plan_success=0
[scan_planner_node-4] 
[scan_planner_node-4] [rebo replan]: -------------------------------------355
[scan_planner_node-4] start:    -6 0.915   0.4,  -0.00119     0.306 -3.81e-05
[scan_planner_node-4] goal: -6   1 0.4, 0 0 0
[scan_planner_node-4] Close to goal
[scan_planner_node-4] final_plan_success=0
[scan_planner_node-4] 
[scan_planner_node-4] [rebo replan]: -------------------------------------356
[scan_planner_node-4] start:    -6 0.915   0.4,  -0.00119     0.306 -3.81e-05
[scan_planner_node-4] goal: -6   1 0.4, 0 0 0
[scan_planner_node-4] Close to goal
[scan_planner_node-4] final_plan_success=0
[scan_planner_node-4] [FSM]: from REPLAN_TRAJ to REPLAN_TRAJ
[scan_planner_node-4] 
[scan_planner_node-4] [rebo replan]: -------------------------------------357
[scan_planner_node-4] start:    -6 0.933   0.4,  -0.00109     0.269 -4.13e-05
[scan_planner_node-4] goal: -6   1 0.4, 0 0 0
[scan_planner_node-4] Close to goal
[scan_planner_node-4] final_plan_success=0
[scan_planner_node-4] 
[scan_planner_node-4] [rebo replan]: -------------------------------------358
[scan_planner_node-4] start:    -6 0.933   0.4,  -0.00109     0.269 -4.13e-05
[scan_planner_node-4] goal: -6   1 0.4, 0 0 0
[scan_planner_node-4] Close to goal
[scan_planner_node-4] final_plan_success=0
[scan_planner_node-4] 
[scan_planner_node-4] [rebo replan]: -------------------------------------359
[scan_planner_node-4] start:    -6 0.933   0.4,  -0.00109     0.269 -4.13e-05
[scan_planner_node-4] goal: -6   1 0.4, 0 0 0
[scan_planner_node-4] Close to goal
[scan_planner_node-4] final_plan_success=0
[scan_planner_node-4] [FSM]: from REPLAN_TRAJ to REPLAN_TRAJ
[scan_planner_node-4] 
[scan_planner_node-4] [rebo replan]: -------------------------------------360
[scan_planner_node-4] start:    -6 0.952   0.4, -0.000952     0.228 -4.24e-05
[scan_planner_node-4] goal: -6   1 0.4, 0 0 0
[scan_planner_node-4] Close to goal
[scan_planner_node-4] final_plan_success=0
[scan_planner_node-4] 
[scan_planner_node-4] [rebo replan]: -------------------------------------361
[scan_planner_node-4] start:    -6 0.952   0.4, -0.000952     0.228 -4.24e-05
[scan_planner_node-4] goal: -6   1 0.4, 0 0 0
[scan_planner_node-4] Close to goal
[scan_planner_node-4] final_plan_success=0
[scan_planner_node-4] 
[scan_planner_node-4] [rebo replan]: -------------------------------------362
[scan_planner_node-4] start:    -6 0.952   0.4, -0.000952     0.228 -4.24e-05
[scan_planner_node-4] goal: -6   1 0.4, 0 0 0
[scan_planner_node-4] Close to goal
[scan_planner_node-4] final_plan_success=0
[scan_planner_node-4] [FSM]: from REPLAN_TRAJ to REPLAN_TRAJ
[scan_planner_node-4] 
[scan_planner_node-4] [rebo replan]: -------------------------------------363
[scan_planner_node-4] start:   -6 0.96  0.4, -0.000879     0.208 -4.19e-05
[scan_planner_node-4] goal: -6   1 0.4, 0 0 0
[scan_planner_node-4] Close to goal
[scan_planner_node-4] final_plan_success=0
[scan_planner_node-4] 
[scan_planner_node-4] [rebo replan]: -------------------------------------364
[scan_planner_node-4] start:   -6 0.96  0.4, -0.000879     0.208 -4.19e-05
[scan_planner_node-4] goal: -6   1 0.4, 0 0 0
[scan_planner_node-4] Close to goal
[scan_planner_node-4] final_plan_success=0
[scan_planner_node-4] 
[scan_planner_node-4] [rebo replan]: -------------------------------------365
[scan_planner_node-4] start:   -6 0.96  0.4, -0.000879     0.208 -4.19e-05
[scan_planner_node-4] goal: -6   1 0.4, 0 0 0
[scan_planner_node-4] Close to goal
[scan_planner_node-4] final_plan_success=0
[scan_planner_node-4] [FSM]: from REPLAN_TRAJ to REPLAN_TRAJ
[scan_planner_node-4] 
[scan_planner_node-4] [rebo replan]: -------------------------------------366
[scan_planner_node-4] start:    -6 0.968   0.4, -0.000803     0.187 -4.05e-05
[scan_planner_node-4] goal: -6   1 0.4, 0 0 0
[scan_planner_node-4] Close to goal
[scan_planner_node-4] final_plan_success=0
[scan_planner_node-4] 
[scan_planner_node-4] [rebo replan]: -------------------------------------367
[scan_planner_node-4] start:    -6 0.968   0.4, -0.000803     0.187 -4.05e-05
[scan_planner_node-4] goal: -6   1 0.4, 0 0 0
[scan_planner_node-4] Close to goal
[scan_planner_node-4] final_plan_success=0
[scan_planner_node-4] 
[scan_planner_node-4] [rebo replan]: -------------------------------------368
[scan_planner_node-4] start:    -6 0.968   0.4, -0.000803     0.187 -4.05e-05
[scan_planner_node-4] goal: -6   1 0.4, 0 0 0
[scan_planner_node-4] Close to goal
[scan_planner_node-4] final_plan_success=0
[scan_planner_node-4] [FSM]: from REPLAN_TRAJ to REPLAN_TRAJ
[scan_planner_node-4] 
[scan_planner_node-4] [rebo replan]: -------------------------------------369
[scan_planner_node-4] start:    -6 0.975   0.4, -0.000721     0.165 -3.83e-05
[scan_planner_node-4] goal: -6   1 0.4, 0 0 0
[scan_planner_node-4] Close to goal
[scan_planner_node-4] final_plan_success=0
[scan_planner_node-4] 
[scan_planner_node-4] [rebo replan]: -------------------------------------370
[scan_planner_node-4] start:    -6 0.975   0.4, -0.000721     0.165 -3.83e-05
[scan_planner_node-4] goal: -6   1 0.4, 0 0 0
[scan_planner_node-4] Close to goal
[scan_planner_node-4] final_plan_success=0
[scan_planner_node-4] 
[scan_planner_node-4] [rebo replan]: -------------------------------------371
[scan_planner_node-4] start:    -6 0.975   0.4, -0.000721     0.165 -3.83e-05
[scan_planner_node-4] goal: -6   1 0.4, 0 0 0
[scan_planner_node-4] Close to goal
[scan_planner_node-4] final_plan_success=0
[scan_planner_node-4] [FSM]: from REPLAN_TRAJ to REPLAN_TRAJ
[loop_path_publisher.py-9] [INFO] [1785999433.629404752] [loop_path_publisher]: Published shuttle route with 31 dense points, run 11
[terrain_path_visualizer-10] [INFO] [1785999433.632321339] [terrain_path_segmenter]: Segmented 31 path points into 2 sections
[scan_planner_node-4] 
[scan_planner_node-4] [rebo replan]: -------------------------------------372
[scan_planner_node-4] start:    -6 0.984   0.4, -0.000583     0.131  -3.3e-05
[scan_planner_node-4] goal: -6   1 0.4, 0 0 0
[scan_planner_node-4] Close to goal
[scan_planner_node-4] final_plan_success=0
[scan_planner_node-4] 
[scan_planner_node-4] [rebo replan]: -------------------------------------373
[scan_planner_node-4] start:    -6 0.984   0.4, -0.000583     0.131  -3.3e-05
[scan_planner_node-4] goal: -6   1 0.4, 0 0 0
[scan_planner_node-4] Close to goal
[scan_planner_node-4] final_plan_success=0
[scan_planner_node-4] 
[scan_planner_node-4] [rebo replan]: -------------------------------------374
[scan_planner_node-4] start:    -6 0.984   0.4, -0.000583     0.131  -3.3e-05
[scan_planner_node-4] goal: -6   1 0.4, 0 0 0
[scan_planner_node-4] Close to goal
[scan_planner_node-4] final_plan_success=0
[scan_planner_node-4] [FSM]: from REPLAN_TRAJ to REPLAN_TRAJ
[scan_planner_node-4] [INFO] [1785999433.717067252] [scan_planner_node]: [MapRefresh] Cleared occupancy and inflation for a new reference path; observation_sequence=3150
[scan_planner_node-4] [INFO] [1785999433.717115937] [scan_planner_node]: [MapRefresh] Deferred reference path until 2 fresh map observations have been fused (target_sequence=3152)
[scan_planner_node-4] [INFO] [1785999433.954846943] [scan_planner_node]: [MapRefresh] Fresh map ready at observation_sequence=3152; accepting deferred reference path
[scan_planner_node-4] [INFO] [1785999434.006143206] [scan_planner_node]: Reference path accepted
[scan_planner_node-4] 
[scan_planner_node-4] [rebo replan]: -------------------------------------375
[scan_planner_node-4] start:  -6   1 0.4,  -2.9e-05   0.00656 -1.73e-06
[scan_planner_node-4] goal:  -6 4.53 1.28, 0 0 0
[scan_planner_node-4] [32miter(+1)=34,time(ms)=0.235,total_t(ms)=0.236,cost=0.029
[scan_planner_node-4] [0mfirst_optimize_step_success=1
[scan_planner_node-4] Need to reallocate time.
[scan_planner_node-4] total time:[42m0.000792[0m,optimize:0.000442,refine:0.000351
[scan_planner_node-4] final_plan_success=1
[scan_planner_node-4] [FSM]: from REPLAN_TRAJ to EXEC_TRAJ
[closed_loop_controller-6] [INFO] [1785999434.007199876] [closed_loop_controller]: Received trajectory 211, duration 7.709s
[scan_planner_node-4] [INFO] [1785999434.680968283] [scan_planner_node]: [GridMapDiag] cloud=32768 accepted=26975 invalid=5793 below_sensor=0 outside_update=0 sensor_z=0.708 cutoff_z=1.708
[scan_planner_node-4] [FSM]: state: EXEC_TRAJ
[scan_planner_node-4] [FSM]: from EXEC_TRAJ to REPLAN_TRAJ
[scan_planner_node-4] [INFO] [1785999436.771832783] [scan_planner_node]: [GridMapDiag] cloud=32768 accepted=27179 invalid=5589 below_sensor=0 outside_update=0 sensor_z=0.944 cutoff_z=1.944
[scan_planner_node-4] 
[scan_planner_node-4] [rebo replan]: -------------------------------------376
[scan_planner_node-4] start:    -6     2 0.592, 5.33e-05    0.601    0.167
[scan_planner_node-4] goal: -6   5 1.4, 0 0 0
[scan_planner_node-4] [32miter(+1)=23,time(ms)=0.072,total_t(ms)=0.073,cost=0.057
[scan_planner_node-4] [0mfirst_optimize_step_success=1
[scan_planner_node-4] Need to reallocate time.
[scan_planner_node-4] total time:[42m0.000352[0m,optimize:0.000174,refine:0.000179
[scan_planner_node-4] final_plan_success=1
[scan_planner_node-4] [FSM]: from REPLAN_TRAJ to EXEC_TRAJ
[closed_loop_controller-6] [INFO] [1785999436.773947745] [closed_loop_controller]: Received trajectory 212, duration 6.184s
[scan_planner_node-4] [FSM]: state: EXEC_TRAJ
[scan_planner_node-4] [FSM]: from EXEC_TRAJ to REPLAN_TRAJ
[scan_planner_node-4] 
[scan_planner_node-4] [rebo replan]: -------------------------------------377
[scan_planner_node-4] start:    -6  2.97 0.852, -0.0001   0.437   0.125
[scan_planner_node-4] goal: -6   5 1.4, 0 0 0
[scan_planner_node-4] [32miter(+1)=23,time(ms)=0.059,total_t(ms)=0.059,cost=0.051
[scan_planner_node-4] [0mfirst_optimize_step_success=1
[scan_planner_node-4] total time:[42m0.000152[0m,optimize:0.000129,refine:2.25e-05
[scan_planner_node-4] final_plan_success=1
[scan_planner_node-4] [FSM]: from REPLAN_TRAJ to EXEC_TRAJ
[closed_loop_controller-6] [INFO] [1785999438.673722656] [closed_loop_controller]: Received trajectory 213, duration 3.520s
[scan_planner_node-4] [INFO] [1785999438.774257209] [scan_planner_node]: [GridMapDiag] cloud=32768 accepted=24233 invalid=8535 below_sensor=0 outside_update=0 sensor_z=1.199 cutoff_z=2.199
[scan_planner_node-4] [FSM]: from EXEC_TRAJ to REPLAN_TRAJ
[scan_planner_node-4] 
[scan_planner_node-4] [rebo replan]: -------------------------------------378
[scan_planner_node-4] start:   -6 3.97 1.09, 0.000412    0.782    0.165
[scan_planner_node-4] goal: -6   5 1.4, 0 0 0
[scan_planner_node-4] [32miter(+1)=10,time(ms)=0.019,total_t(ms)=0.019,cost=0.073
[scan_planner_node-4] [0mfirst_optimize_step_success=1
[scan_planner_node-4] Need to reallocate time.
[scan_planner_node-4] total time:[42m0.000123[0m,optimize:6.56e-05,refine:5.76e-05
[scan_planner_node-4] final_plan_success=1
[scan_planner_node-4] [FSM]: from REPLAN_TRAJ to EXEC_TRAJ
[closed_loop_controller-6] [INFO] [1785999440.146484313] [closed_loop_controller]: Received trajectory 214, duration 2.160s
[scan_planner_node-4] [FSM]: state: EXEC_TRAJ
[scan_planner_node-4] [INFO] [1785999440.839072360] [scan_planner_node]: [GridMapDiag] cloud=32768 accepted=17228 invalid=15540 below_sensor=0 outside_update=0 sensor_z=1.564 cutoff_z=2.564
[terrain_path_visualizer-10] [INFO] [1785999441.284000315] [terrain_path_segmenter]: Visualization advanced to segment 2/2
[scan_planner_node-4] [INFO] [1785999441.336212108] [scan_planner_node]: [MapRefresh] Cleared occupancy and inflation for a new reference path; observation_sequence=3223
[scan_planner_node-4] [INFO] [1785999441.336276099] [scan_planner_node]: [MapRefresh] Deferred reference path until 2 fresh map observations have been fused (target_sequence=3225)
[scan_planner_node-4] [INFO] [1785999441.493769348] [scan_planner_node]: [MapRefresh] Fresh map ready at observation_sequence=3225; accepting deferred reference path
[scan_planner_node-4] [TRIG]: from EXEC_TRAJ to REPLAN_TRAJ
[scan_planner_node-4] 
[scan_planner_node-4] [rebo replan]: -------------------------------------379
[scan_planner_node-4] start:   -6 4.86  1.3, -9.48e-05     0.396      0.15
[scan_planner_node-4] goal: -6   7 1.4, 0 0 0
[scan_planner_node-4] [INFO] [1785999441.495335083] [scan_planner_node]: Reference path accepted
[scan_planner_node-4] [32miter(+1)=8,time(ms)=0.034,total_t(ms)=0.034,cost=0.123
[scan_planner_node-4] [0mfirst_optimize_step_success=1
[scan_planner_node-4] Need to reallocate time.
[scan_planner_node-4] total time:[42m0.000324[0m,optimize:0.000152,refine:0.000172
[scan_planner_node-4] final_plan_success=1
[scan_planner_node-4] [FSM]: from REPLAN_TRAJ to EXEC_TRAJ
[closed_loop_controller-6] [INFO] [1785999441.495877432] [closed_loop_controller]: Received trajectory 215, duration 5.456s
[scan_planner_node-4] [INFO] [1785999442.878327607] [scan_planner_node]: [GridMapDiag] cloud=32768 accepted=15511 invalid=17257 below_sensor=0 outside_update=0 sensor_z=1.700 cutoff_z=2.700
[scan_planner_node-4] [FSM]: state: EXEC_TRAJ
[scan_planner_node-4] [FSM]: from EXEC_TRAJ to REPLAN_TRAJ
[scan_planner_node-4] 
[scan_planner_node-4] [rebo replan]: -------------------------------------380
[scan_planner_node-4] start:   -6 5.91 1.35, -0.000104     0.606    0.0256
[scan_planner_node-4] goal: -6   7 1.4, 0 0 0
[scan_planner_node-4] [32miter(+1)=11,time(ms)=0.030,total_t(ms)=0.031,cost=0.111
[scan_planner_node-4] [0mfirst_optimize_step_success=1
[scan_planner_node-4] Need to reallocate time.
[scan_planner_node-4] total time:[42m0.000184[0m,optimize:9.55e-05,refine:8.8e-05
[scan_planner_node-4] final_plan_success=1
[scan_planner_node-4] [FSM]: from REPLAN_TRAJ to EXEC_TRAJ
[closed_loop_controller-6] [INFO] [1785999444.184198824] [closed_loop_controller]: Received trajectory 216, duration 2.272s
[scan_planner_node-4] [INFO] [1785999444.885438359] [scan_planner_node]: [GridMapDiag] cloud=32768 accepted=15386 invalid=17382 below_sensor=0 outside_update=0 sensor_z=1.700 cutoff_z=2.700
[loop_path_publisher.py-9] [INFO] [1785999446.037210449] [loop_path_publisher]: Published shuttle route with 193 dense points, run 12
[terrain_path_visualizer-10] [INFO] [1785999446.051683993] [terrain_path_segmenter]: Segmented 193 path points into 3 sections
[scan_planner_node-4] [INFO] [1785999446.088302669] [scan_planner_node]: [MapRefresh] Cleared occupancy and inflation for a new reference path; observation_sequence=3269
[scan_planner_node-4] [INFO] [1785999446.088358061] [scan_planner_node]: [MapRefresh] Deferred reference path until 2 fresh map observations have been fused (target_sequence=3271)
[scan_planner_node-4] [INFO] [1785999446.298550026] [scan_planner_node]: [MapRefresh] Fresh map ready at observation_sequence=3271; accepting deferred reference path
[scan_planner_node-4] [TRIG]: from EXEC_TRAJ to REPLAN_TRAJ
[scan_planner_node-4] [INFO] [1785999446.708758002] [scan_planner_node]: Reference path accepted
[scan_planner_node-4] 
[scan_planner_node-4] [rebo replan]: -------------------------------------381
[scan_planner_node-4] start:   -6 6.98  1.4, -1.27e-07  0.000535  8.43e-05
[scan_planner_node-4] goal:-2.35     7   1.4,      0.75 -1.31e-16         0
[scan_planner_node-4] [32miter(+1)=6,time(ms)=0.027,total_t(ms)=0.028,cost=0.033
[scan_planner_node-4] [0mfirst_optimize_step_success=1
[scan_planner_node-4] total time:[42m0.000222[0m,optimize:0.000176,refine:4.56e-05
[scan_planner_node-4] final_plan_success=1
[scan_planner_node-4] [FSM]: from REPLAN_TRAJ to EXEC_TRAJ
[closed_loop_controller-6] [INFO] [1785999446.709350119] [closed_loop_controller]: Received trajectory 217, duration 6.080s
[scan_planner_node-4] [INFO] [1785999446.945041900] [scan_planner_node]: [GridMapDiag] cloud=32768 accepted=15271 invalid=17497 below_sensor=0 outside_update=0 sensor_z=1.700 cutoff_z=2.700
[scan_planner_node-4] [FSM]: state: EXEC_TRAJ
[scan_planner_node-4] [INFO] [1785999448.977640152] [scan_planner_node]: [GridMapDiag] cloud=32768 accepted=15274 invalid=17494 below_sensor=0 outside_update=0 sensor_z=1.700 cutoff_z=2.700
[scan_planner_node-4] [INFO] [1785999450.984346846] [scan_planner_node]: [GridMapDiag] cloud=32768 accepted=16065 invalid=16703 below_sensor=0 outside_update=0 sensor_z=1.700 cutoff_z=2.700
[scan_planner_node-4] [FSM]: from EXEC_TRAJ to REPLAN_TRAJ
[scan_planner_node-4] 
[scan_planner_node-4] [rebo replan]: -------------------------------------382
[scan_planner_node-4] start: -4.98  6.99   1.4,    0.776  0.00579 0.000235
[scan_planner_node-4] goal:-1.47     7   1.4,     0.75 7.97e-16        0
[scan_planner_node-4] [32miter(+1)=7,time(ms)=0.026,total_t(ms)=0.026,cost=0.009
[scan_planner_node-4] [0mfirst_optimize_step_success=1
[scan_planner_node-4] total time:[42m0.000174[0m,optimize:0.000141,refine:3.32e-05
[scan_planner_node-4] final_plan_success=1
[scan_planner_node-4] [FSM]: from REPLAN_TRAJ to EXEC_TRAJ
[closed_loop_controller-6] [INFO] [1785999451.283867004] [closed_loop_controller]: Received trajectory 218, duration 5.440s
[scan_planner_node-4] [FSM]: state: EXEC_TRAJ
[scan_planner_node-4] [FSM]: from EXEC_TRAJ to REPLAN_TRAJ
[scan_planner_node-4] 
[scan_planner_node-4] [rebo replan]: -------------------------------------383
[scan_planner_node-4] start: -3.94     7   1.4,     0.64  0.00333 0.000141
[scan_planner_node-4] goal:-0.25     7   1.4,     0.75 5.24e-13        0
[scan_planner_node-4] [32miter(+1)=9,time(ms)=0.035,total_t(ms)=0.035,cost=0.007
[scan_planner_node-4] [0mfirst_optimize_step_success=1
[scan_planner_node-4] total time:[42m0.00022[0m,optimize:0.000179,refine:4.12e-05
[scan_planner_node-4] final_plan_success=1
[scan_planner_node-4] [FSM]: from REPLAN_TRAJ to EXEC_TRAJ
[closed_loop_controller-6] [INFO] [1785999452.951768050] [closed_loop_controller]: Received trajectory 219, duration 6.080s
[scan_planner_node-4] [INFO] [1785999453.006089438] [scan_planner_node]: [GridMapDiag] cloud=32768 accepted=18081 invalid=14687 below_sensor=0 outside_update=0 sensor_z=1.700 cutoff_z=2.700
[scan_planner_node-4] [FSM]: from EXEC_TRAJ to REPLAN_TRAJ
[scan_planner_node-4] 
[scan_planner_node-4] [rebo replan]: -------------------------------------384
[scan_planner_node-4] start: -2.88     7   1.4,    0.627 0.000559 9.39e-05
[scan_planner_node-4] goal:0.625     7   1.4,    0.75 4.2e-11       0
[scan_planner_node-4] [32miter(+1)=9,time(ms)=0.033,total_t(ms)=0.033,cost=0.006
[scan_planner_node-4] [0mfirst_optimize_step_success=1
[scan_planner_node-4] total time:[42m0.000208[0m,optimize:0.000167,refine:4.01e-05
[scan_planner_node-4] final_plan_success=1
[scan_planner_node-4] [FSM]: from REPLAN_TRAJ to EXEC_TRAJ
[closed_loop_controller-6] [INFO] [1785999454.650488814] [closed_loop_controller]: Received trajectory 220, duration 5.760s
[scan_planner_node-4] [INFO] [1785999455.082182443] [scan_planner_node]: [GridMapDiag] cloud=32768 accepted=20337 invalid=12431 below_sensor=0 outside_update=0 sensor_z=1.700 cutoff_z=2.700
[scan_planner_node-4] [FSM]: state: EXEC_TRAJ
[scan_planner_node-4] [FSM]: from EXEC_TRAJ to REPLAN_TRAJ
[scan_planner_node-4] 
[scan_planner_node-4] [rebo replan]: -------------------------------------385
[scan_planner_node-4] start: -1.86     7   1.4,    0.626 7.95e-05 7.07e-05
[scan_planner_node-4] goal:1.85    7  1.4,     0.75 6.37e-09        0
[scan_planner_node-4] [32miter(+1)=5,time(ms)=0.021,total_t(ms)=0.022,cost=0.002
[scan_planner_node-4] [0mfirst_optimize_step_success=1
[scan_planner_node-4] total time:[42m0.000215[0m,optimize:0.000176,refine:3.89e-05
[scan_planner_node-4] final_plan_success=1
[scan_planner_node-4] [FSM]: from REPLAN_TRAJ to EXEC_TRAJ
[closed_loop_controller-6] [INFO] [1785999456.283901620] [closed_loop_controller]: Received trajectory 221, duration 5.760s
[scan_planner_node-4] [INFO] [1785999457.083991380] [scan_planner_node]: [GridMapDiag] cloud=32768 accepted=20874 invalid=11894 below_sensor=0 outside_update=0 sensor_z=1.700 cutoff_z=2.700
[scan_planner_node-4] [FSM]: from EXEC_TRAJ to REPLAN_TRAJ
[scan_planner_node-4] 
[scan_planner_node-4] [rebo replan]: -------------------------------------386
[scan_planner_node-4] start: -0.824      7    1.4,    0.625 2.99e-05 4.73e-05
[scan_planner_node-4] goal:2.73    7  1.4,      0.75 -3.86e-08         0
[scan_planner_node-4] [32miter(+1)=7,time(ms)=0.037,total_t(ms)=0.037,cost=0.006
[scan_planner_node-4] [0mfirst_optimize_step_success=1
[scan_planner_node-4] total time:[42m0.000252[0m,optimize:0.000197,refine:5.44e-05
[scan_planner_node-4] final_plan_success=1
[scan_planner_node-4] [FSM]: from REPLAN_TRAJ to EXEC_TRAJ
[closed_loop_controller-6] [INFO] [1785999457.943437822] [closed_loop_controller]: Received trajectory 222, duration 5.760s
[scan_planner_node-4] [INFO] [1785999459.131844807] [scan_planner_node]: [GridMapDiag] cloud=32768 accepted=20992 invalid=11776 below_sensor=0 outside_update=0 sensor_z=1.700 cutoff_z=2.700
[scan_planner_node-4] [FSM]: from EXEC_TRAJ to REPLAN_TRAJ
[scan_planner_node-4] 
[scan_planner_node-4] [rebo replan]: -------------------------------------387
[scan_planner_node-4] start: 0.238     7   1.4,     0.625 -2.01e-06  3.55e-05
[scan_planner_node-4] goal:3.95    7  1.4,      0.75 -2.54e-05         0
[scan_planner_node-4] [32miter(+1)=8,time(ms)=0.032,total_t(ms)=0.032,cost=0.006
[scan_planner_node-4] [0mfirst_optimize_step_success=1
[scan_planner_node-4] total time:[42m0.000212[0m,optimize:0.000169,refine:4.28e-05
[scan_planner_node-4] final_plan_success=1
[scan_planner_node-4] [FSM]: from REPLAN_TRAJ to EXEC_TRAJ
[closed_loop_controller-6] [INFO] [1785999459.640331552] [closed_loop_controller]: Received trajectory 223, duration 6.080s
[scan_planner_node-4] [FSM]: state: EXEC_TRAJ
[scan_planner_node-4] [INFO] [1785999461.178468034] [scan_planner_node]: [GridMapDiag] cloud=32768 accepted=20900 invalid=11868 below_sensor=0 outside_update=0 sensor_z=1.700 cutoff_z=2.700
[scan_planner_node-4] [FSM]: from EXEC_TRAJ to REPLAN_TRAJ
[scan_planner_node-4] 
[scan_planner_node-4] [rebo replan]: -------------------------------------388
[scan_planner_node-4] start: 1.26    7  1.4,    0.625  3.8e-07 2.39e-05
[scan_planner_node-4] goal:  5   7 1.4,    0.75 0.00411       0
[scan_planner_node-4] [32miter(+1)=7,time(ms)=0.034,total_t(ms)=0.034,cost=0.006
[scan_planner_node-4] [0mfirst_optimize_step_success=1
[scan_planner_node-4] total time:[42m0.000232[0m,optimize:0.000189,refine:4.29e-05
[scan_planner_node-4] final_plan_success=1
[scan_planner_node-4] [FSM]: from REPLAN_TRAJ to EXEC_TRAJ
[closed_loop_controller-6] [INFO] [1785999461.283882337] [closed_loop_controller]: Received trajectory 224, duration 6.080s
[scan_planner_node-4] [FSM]: from EXEC_TRAJ to REPLAN_TRAJ
[scan_planner_node-4] 
[scan_planner_node-4] [rebo replan]: -------------------------------------389
[scan_planner_node-4] start: 2.32    7  1.4,    0.625 3.93e-06 1.71e-05
[scan_planner_node-4] goal:5.89 7.01  1.4, 0.743 0.103     0
[scan_planner_node-4] [32miter(+1)=6,time(ms)=0.022,total_t(ms)=0.023,cost=0.006
[scan_planner_node-4] [0mfirst_optimize_step_success=1
[scan_planner_node-4] total time:[42m0.000192[0m,optimize:0.000155,refine:3.72e-05
[scan_planner_node-4] final_plan_success=1
[scan_planner_node-4] [FSM]: from REPLAN_TRAJ to EXEC_TRAJ
[closed_loop_controller-6] [INFO] [1785999462.974435993] [closed_loop_controller]: Received trajectory 225, duration 5.760s
[scan_planner_node-4] [INFO] [1785999463.278395813] [scan_planner_node]: [GridMapDiag] cloud=32768 accepted=20441 invalid=12327 below_sensor=0 outside_update=0 sensor_z=1.700 cutoff_z=2.700
[scan_planner_node-4] [FSM]: state: EXEC_TRAJ
[scan_planner_node-4] [FSM]: from EXEC_TRAJ to REPLAN_TRAJ
[scan_planner_node-4] 
[scan_planner_node-4] [rebo replan]: -------------------------------------390
[scan_planner_node-4] start: 3.33    7  1.4,    0.625  6.1e-05 1.29e-05
[scan_planner_node-4] goal:   6 6.08  1.4, -0.00352    -0.75        0
[scan_planner_node-4] [32miter(+1)=13,time(ms)=0.107,total_t(ms)=0.107,cost=0.013
[scan_planner_node-4] [0mfirst_optimize_step_success=1
[scan_planner_node-4] total time:[42m0.000339[0m,optimize:0.000281,refine:5.82e-05
[scan_planner_node-4] final_plan_success=1
[scan_planner_node-4] [FSM]: from REPLAN_TRAJ to EXEC_TRAJ
[closed_loop_controller-6] [INFO] [1785999464.583976550] [closed_loop_controller]: Received trajectory 226, duration 6.080s
[scan_planner_node-4] [INFO] [1785999465.281038778] [scan_planner_node]: [GridMapDiag] cloud=32768 accepted=18767 invalid=14001 below_sensor=0 outside_update=0 sensor_z=1.700 cutoff_z=2.700
[scan_planner_node-4] [FSM]: from EXEC_TRAJ to REPLAN_TRAJ
[scan_planner_node-4] 
[scan_planner_node-4] [rebo replan]: -------------------------------------391
[scan_planner_node-4] start: 4.35    7  1.4,    0.633   0.0131 8.85e-06
[scan_planner_node-4] goal:   6 5.06  1.4, 0 0 0
[scan_planner_node-4] [32miter(+1)=19,time(ms)=0.093,total_t(ms)=0.093,cost=0.039
[scan_planner_node-4] [0mfirst_optimize_step_success=1
[scan_planner_node-4] Need to reallocate time.
[scan_planner_node-4] total time:[42m0.000425[0m,optimize:0.000212,refine:0.000213
[scan_planner_node-4] final_plan_success=1
[scan_planner_node-4] [FSM]: from REPLAN_TRAJ to EXEC_TRAJ
[closed_loop_controller-6] [INFO] [1785999466.233349764] [closed_loop_controller]: Received trajectory 227, duration 7.463s
[scan_planner_node-4] [FSM]: state: EXEC_TRAJ
[scan_planner_node-4] [INFO] [1785999467.331336104] [scan_planner_node]: [GridMapDiag] cloud=32768 accepted=16404 invalid=16364 below_sensor=0 outside_update=0 sensor_z=1.700 cutoff_z=2.700
[scan_planner_node-4] [FSM]: from EXEC_TRAJ to REPLAN_TRAJ
[scan_planner_node-4] 
[scan_planner_node-4] [rebo replan]: -------------------------------------392
[scan_planner_node-4] start: 5.36 7.02  1.4,    0.486  0.00853 5.23e-06
[scan_planner_node-4] goal:  6   5 1.4, 0 0 0
[scan_planner_node-4] [32miter(+1)=33,time(ms)=0.129,total_t(ms)=0.129,cost=0.022
[scan_planner_node-4] [0mfirst_optimize_step_success=1
[scan_planner_node-4] total time:[42m0.000289[0m,optimize:0.000249,refine:4e-05
[scan_planner_node-4] final_plan_success=1
[scan_planner_node-4] [FSM]: from REPLAN_TRAJ to EXEC_TRAJ
[closed_loop_controller-6] [INFO] [1785999467.984030191] [closed_loop_controller]: Received trajectory 228, duration 4.160s
[scan_planner_node-4] [INFO] [1785999469.448663002] [scan_planner_node]: [GridMapDiag] cloud=32768 accepted=15419 invalid=17349 below_sensor=0 outside_update=0 sensor_z=1.700 cutoff_z=2.700
[scan_planner_node-4] [FSM]: from EXEC_TRAJ to REPLAN_TRAJ
[scan_planner_node-4] 
[scan_planner_node-4] [rebo replan]: -------------------------------------393
[scan_planner_node-4] start: 6.06 6.22  1.4,    0.158   -0.771 6.97e-06
[scan_planner_node-4] goal:  6   5 1.4, 0 0 0
[scan_planner_node-4] [32miter(+1)=10,time(ms)=0.023,total_t(ms)=0.024,cost=0.125
[scan_planner_node-4] [0mfirst_optimize_step_success=1
[scan_planner_node-4] Need to reallocate time.
[scan_planner_node-4] total time:[42m0.000148[0m,optimize:7.99e-05,refine:6.81e-05
[scan_planner_node-4] final_plan_success=1
[scan_planner_node-4] [FSM]: from REPLAN_TRAJ to EXEC_TRAJ
[closed_loop_controller-6] [INFO] [1785999469.832996868] [closed_loop_controller]: Received trajectory 229, duration 2.280s
[terrain_path_visualizer-10] [INFO] [1785999471.244338935] [terrain_path_segmenter]: Visualization advanced to segment 2/3
[scan_planner_node-4] [FSM]: from EXEC_TRAJ to REPLAN_TRAJ
[scan_planner_node-4] [INFO] [1785999471.320376220] [scan_planner_node]: [MapRefresh] Cleared occupancy and inflation for a new reference path; observation_sequence=3487
[scan_planner_node-4] [INFO] [1785999471.320422840] [scan_planner_node]: [MapRefresh] Deferred reference path until 2 fresh map observations have been fused (target_sequence=3489)
[scan_planner_node-4] [INFO] [1785999471.529830112] [scan_planner_node]: [GridMapDiag] cloud=32768 accepted=15378 invalid=17390 below_sensor=0 outside_update=0 sensor_z=1.700 cutoff_z=2.700
[scan_planner_node-4] [INFO] [1785999471.597334370] [scan_planner_node]: [MapRefresh] Fresh map ready at observation_sequence=3489; accepting deferred reference path
[scan_planner_node-4] [INFO] [1785999471.599497704] [scan_planner_node]: Reference path accepted
[scan_planner_node-4] 
[scan_planner_node-4] [rebo replan]: -------------------------------------394
[scan_planner_node-4] start: 6.01 5.11  1.4,  -0.0383   -0.222 1.15e-05
[scan_planner_node-4] goal:  6   3 0.4, 0 0 0
[scan_planner_node-4] [32miter(+1)=18,time(ms)=0.087,total_t(ms)=0.088,cost=0.019
[scan_planner_node-4] [0mfirst_optimize_step_success=1
[scan_planner_node-4] total time:[42m0.000282[0m,optimize:0.000235,refine:4.67e-05
[scan_planner_node-4] final_plan_success=1
[scan_planner_node-4] [FSM]: from REPLAN_TRAJ to EXEC_TRAJ
[closed_loop_controller-6] [INFO] [1785999471.600069909] [closed_loop_controller]: Received trajectory 230, duration 4.480s
[scan_planner_node-4] [FSM]: state: EXEC_TRAJ
[scan_planner_node-4] [INFO] [1785999473.574668426] [scan_planner_node]: [GridMapDiag] cloud=32768 accepted=20889 invalid=11879 below_sensor=0 outside_update=0 sensor_z=1.389 cutoff_z=2.389
[scan_planner_node-4] [FSM]: from EXEC_TRAJ to REPLAN_TRAJ
[scan_planner_node-4] 
[scan_planner_node-4] [rebo replan]: -------------------------------------395
[scan_planner_node-4] start:  6.02  4.15 0.958, -0.00395   -0.753   -0.403
[scan_planner_node-4] goal:  6   3 0.4, 0 0 0
[scan_planner_node-4] [32miter(+1)=15,time(ms)=0.030,total_t(ms)=0.030,cost=0.198
[scan_planner_node-4] [0mfirst_optimize_step_success=1
[scan_planner_node-4] Need to reallocate time.
[scan_planner_node-4] total time:[42m0.000163[0m,optimize:9.84e-05,refine:6.5e-05
[scan_planner_node-4] final_plan_success=1
[scan_planner_node-4] [FSM]: from REPLAN_TRAJ to EXEC_TRAJ
[closed_loop_controller-6] [INFO] [1785999473.841637816] [closed_loop_controller]: Received trajectory 231, duration 2.807s
[scan_planner_node-4] [FSM]: state: EXEC_TRAJ
[terrain_path_visualizer-10] [INFO] [1785999475.304365761] [terrain_path_segmenter]: Visualization advanced to segment 3/3
[scan_planner_node-4] [INFO] [1785999475.386215649] [scan_planner_node]: [MapRefresh] Cleared occupancy and inflation for a new reference path; observation_sequence=3526
[scan_planner_node-4] [INFO] [1785999475.386257173] [scan_planner_node]: [MapRefresh] Deferred reference path until 2 fresh map observations have been fused (target_sequence=3528)
[scan_planner_node-4] [INFO] [1785999475.544414371] [scan_planner_node]: [MapRefresh] Fresh map ready at observation_sequence=3528; accepting deferred reference path
[scan_planner_node-4] [TRIG]: from EXEC_TRAJ to REPLAN_TRAJ
[scan_planner_node-4] [INFO] [1785999476.404970285] [scan_planner_node]: Reference path accepted
[scan_planner_node-4] 
[scan_planner_node-4] [rebo replan]: -------------------------------------396
[scan_planner_node-4] start:    6 3.02 0.42, -0.000936   -0.0333    -0.094
[scan_planner_node-4] goal:    6 -0.65   0.4, -1.25e-05     -0.75         0
[scan_planner_node-4] [32miter(+1)=22,time(ms)=0.177,total_t(ms)=0.177,cost=0.019
[scan_planner_node-4] [0mfirst_optimize_step_success=1
[scan_planner_node-4] total time:[42m0.000501[0m,optimize:0.000412,refine:8.91e-05
[scan_planner_node-4] final_plan_success=1
[scan_planner_node-4] [FSM]: from REPLAN_TRAJ to EXEC_TRAJ
[closed_loop_controller-6] [INFO] [1785999476.405832730] [closed_loop_controller]: Received trajectory 232, duration 6.080s
[scan_planner_node-4] [INFO] [1785999476.542289257] [scan_planner_node]: [GridMapDiag] cloud=32768 accepted=27663 invalid=5105 below_sensor=0 outside_update=0 sensor_z=0.707 cutoff_z=1.707
[scan_planner_node-4] [INFO] [1785999478.626928009] [scan_planner_node]: [GridMapDiag] cloud=32768 accepted=27658 invalid=5110 below_sensor=0 outside_update=0 sensor_z=0.707 cutoff_z=1.707
[scan_planner_node-4] [FSM]: state: EXEC_TRAJ
[scan_planner_node-4] [INFO] [1785999480.632250967] [scan_planner_node]: [GridMapDiag] cloud=32768 accepted=27602 invalid=5166 below_sensor=0 outside_update=0 sensor_z=0.707 cutoff_z=1.707
[scan_planner_node-4] [INFO] [1785999482.729126347] [scan_planner_node]: [GridMapDiag] cloud=32768 accepted=27582 invalid=5186 below_sensor=0 outside_update=0 sensor_z=0.718 cutoff_z=1.718
[scan_planner_node-4] [FSM]: state: EXEC_TRAJ
[scan_planner_node-4] [INFO] [1785999484.830787853] [scan_planner_node]: [GridMapDiag] cloud=32768 accepted=27540 invalid=5228 below_sensor=0 outside_update=0 sensor_z=0.718 cutoff_z=1.718
[scan_planner_node-4] [FSM]: state: EXEC_TRAJ
[scan_planner_node-4] [INFO] [1785999486.888244594] [scan_planner_node]: [GridMapDiag] cloud=32768 accepted=26971 invalid=5797 below_sensor=0 outside_update=0 sensor_z=0.700 cutoff_z=1.700
[scan_planner_node-4] [FSM]: from EXEC_TRAJ to REPLAN_TRAJ
[scan_planner_node-4] 
[scan_planner_node-4] [rebo replan]: -------------------------------------397
[scan_planner_node-4] start:     6  1.97 0.415, -0.000666     -0.78  -0.00413
[scan_planner_node-4] goal:   6 -1.7  0.4, 0.000305    -0.75        0
[scan_planner_node-4] [32miter(+1)=14,time(ms)=0.083,total_t(ms)=0.083,cost=0.008
[scan_planner_node-4] [0mfirst_optimize_step_success=1
[scan_planner_node-4] total time:[42m0.000384[0m,optimize:0.00029,refine:9.43e-05
[scan_planner_node-4] final_plan_success=1
[scan_planner_node-4] [FSM]: from REPLAN_TRAJ to EXEC_TRAJ
[closed_loop_controller-6] [INFO] [1785999487.430233727] [closed_loop_controller]: Received trajectory 233, duration 6.080s
[scan_planner_node-4] [INFO] [1785999488.935282961] [scan_planner_node]: [GridMapDiag] cloud=32768 accepted=25619 invalid=7149 below_sensor=0 outside_update=0 sensor_z=0.700 cutoff_z=1.700
[scan_planner_node-4] [FSM]: from EXEC_TRAJ to REPLAN_TRAJ
[scan_planner_node-4] 
[scan_planner_node-4] [rebo replan]: -------------------------------------398
[scan_planner_node-4] start:     6 0.939 0.411, -0.00141   -0.602 -0.00255
[scan_planner_node-4] goal:    6 -2.58   0.4, -0.0381  -0.712       0
[scan_planner_node-4] [32miter(+1)=8,time(ms)=0.046,total_t(ms)=0.047,cost=0.005
[scan_planner_node-4] [0mfirst_optimize_step_success=1
[scan_planner_node-4] total time:[42m0.000288[0m,optimize:0.000233,refine:5.54e-05
[scan_planner_node-4] final_plan_success=1
[scan_planner_node-4] [FSM]: from REPLAN_TRAJ to EXEC_TRAJ
[closed_loop_controller-6] [INFO] [1785999489.089098190] [closed_loop_controller]: Received trajectory 234, duration 5.760s
[scan_planner_node-4] [FSM]: state: EXEC_TRAJ
[scan_planner_node-4] [FSM]: from EXEC_TRAJ to REPLAN_TRAJ
[scan_planner_node-4] 
[scan_planner_node-4] [rebo replan]: -------------------------------------399
[scan_planner_node-4] start:      6 -0.112  0.407, -0.000222    -0.625   -0.0019
[scan_planner_node-4] goal:5.2  -3 0.4,    -0.74 -0.00959        0
[scan_planner_node-4] [32miter(+1)=13,time(ms)=0.054,total_t(ms)=0.055,cost=0.006
[scan_planner_node-4] [0mfirst_optimize_step_success=1
[scan_planner_node-4] total time:[42m0.000261[0m,optimize:0.000208,refine:5.38e-05
[scan_planner_node-4] final_plan_success=1
[scan_planner_node-4] [FSM]: from REPLAN_TRAJ to EXEC_TRAJ
[closed_loop_controller-6] [INFO] [1785999490.771639435] [closed_loop_controller]: Received trajectory 235, duration 5.760s
[scan_planner_node-4] [INFO] [1785999490.998581673] [scan_planner_node]: [GridMapDiag] cloud=32768 accepted=25149 invalid=7619 below_sensor=0 outside_update=0 sensor_z=0.700 cutoff_z=1.700
[scan_planner_node-4] [FSM]: from EXEC_TRAJ to REPLAN_TRAJ
[scan_planner_node-4] 
[scan_planner_node-4] [rebo replan]: -------------------------------------400
[scan_planner_node-4] start:     6 -1.16 0.405, 0.000569   -0.626  -0.0013
[scan_planner_node-4] goal:4.15   -3  0.4,   -0.75 5.9e-05       0
[scan_planner_node-4] [32miter(+1)=12,time(ms)=0.045,total_t(ms)=0.045,cost=0.010
[scan_planner_node-4] [0mfirst_optimize_step_success=1
[scan_planner_node-4] total time:[42m0.000208[0m,optimize:0.000168,refine:4.01e-05
[scan_planner_node-4] final_plan_success=1
[scan_planner_node-4] [FSM]: from REPLAN_TRAJ to EXEC_TRAJ
[closed_loop_controller-6] [INFO] [1785999492.440233701] [closed_loop_controller]: Received trajectory 236, duration 5.760s
[scan_planner_node-4] [INFO] [1785999493.051524383] [scan_planner_node]: [GridMapDiag] cloud=32768 accepted=24615 invalid=8153 below_sensor=0 outside_update=0 sensor_z=0.700 cutoff_z=1.700
[scan_planner_node-4] [FSM]: from EXEC_TRAJ to REPLAN_TRAJ
[scan_planner_node-4] 
[scan_planner_node-4] [rebo replan]: -------------------------------------401
[scan_planner_node-4] start:  6.02 -2.21 0.404,     0.055    -0.652 -0.000943
[scan_planner_node-4] goal:3.1  -3 0.4,    -0.75 3.61e-07        0
[scan_planner_node-4] [32miter(+1)=8,time(ms)=0.031,total_t(ms)=0.031,cost=0.006
[scan_planner_node-4] [0mfirst_optimize_step_success=1
[scan_planner_node-4] total time:[42m0.000189[0m,optimize:0.000153,refine:3.56e-05
[scan_planner_node-4] final_plan_success=1
[scan_planner_node-4] [FSM]: from REPLAN_TRAJ to EXEC_TRAJ
[closed_loop_controller-6] [INFO] [1785999494.132497425] [closed_loop_controller]: Received trajectory 237, duration 5.440s
[scan_planner_node-4] [INFO] [1785999495.253878681] [scan_planner_node]: [GridMapDiag] cloud=32768 accepted=24237 invalid=8531 below_sensor=0 outside_update=0 sensor_z=0.700 cutoff_z=1.700
[scan_planner_node-4] [FSM]: state: EXEC_TRAJ
[scan_planner_node-4] [FSM]: from EXEC_TRAJ to REPLAN_TRAJ
[scan_planner_node-4] 
[scan_planner_node-4] [rebo replan]: -------------------------------------402
[scan_planner_node-4] start:  5.33 -3.01 0.402,     -0.64    0.0077 -0.000667
[scan_planner_node-4] goal:1.7  -3 0.4,    -0.75 -9.9e-10        0
[scan_planner_node-4] [32miter(+1)=5,time(ms)=0.027,total_t(ms)=0.027,cost=0.003
[scan_planner_node-4] [0mfirst_optimize_step_success=1
[scan_planner_node-4] total time:[42m0.000228[0m,optimize:0.000173,refine:5.52e-05
[scan_planner_node-4] final_plan_success=1
[scan_planner_node-4] [FSM]: from REPLAN_TRAJ to EXEC_TRAJ
[closed_loop_controller-6] [INFO] [1785999496.474015485] [closed_loop_controller]: Received trajectory 238, duration 5.760s
[scan_planner_node-4] [INFO] [1785999497.316771103] [scan_planner_node]: [GridMapDiag] cloud=32768 accepted=23813 invalid=8955 below_sensor=0 outside_update=0 sensor_z=0.700 cutoff_z=1.700
[scan_planner_node-4] [FSM]: from EXEC_TRAJ to REPLAN_TRAJ
[scan_planner_node-4] 
[scan_planner_node-4] [rebo replan]: -------------------------------------403
[scan_planner_node-4] start:  4.26    -3 0.402,    -0.625  0.000436 -0.000409
[scan_planner_node-4] goal:0.825    -3   0.4,     -0.75 -9.74e-11         0
[scan_planner_node-4] [32miter(+1)=4,time(ms)=0.017,total_t(ms)=0.017,cost=0.002
[scan_planner_node-4] [0mfirst_optimize_step_success=1
[scan_planner_node-4] total time:[42m0.000198[0m,optimize:0.000159,refine:3.86e-05
[scan_planner_node-4] final_plan_success=1
[scan_planner_node-4] [FSM]: from REPLAN_TRAJ to EXEC_TRAJ
[closed_loop_controller-6] [INFO] [1785999498.177969021] [closed_loop_controller]: Received trajectory 239, duration 5.440s
[scan_planner_node-4] [INFO] [1785999499.367103525] [scan_planner_node]: [GridMapDiag] cloud=32768 accepted=24183 invalid=8585 below_sensor=0 outside_update=0 sensor_z=0.700 cutoff_z=1.700
[scan_planner_node-4] [FSM]: from EXEC_TRAJ to REPLAN_TRAJ
[scan_planner_node-4] 
[scan_planner_node-4] [rebo replan]: -------------------------------------404
[scan_planner_node-4] start:  3.21    -3 0.401,    -0.625  0.000184 -0.000306
[scan_planner_node-4] goal:-0.4   -3  0.4,    -0.75 1.53e-11        0
[scan_planner_node-4] [32miter(+1)=8,time(ms)=0.029,total_t(ms)=0.029,cost=0.002
[scan_planner_node-4] [0mfirst_optimize_step_success=1
[scan_planner_node-4] total time:[42m0.0002[0m,optimize:0.000162,refine:3.81e-05
[scan_planner_node-4] final_plan_success=1
[scan_planner_node-4] [FSM]: from REPLAN_TRAJ to EXEC_TRAJ
[closed_loop_controller-6] [INFO] [1785999499.859511405] [closed_loop_controller]: Received trajectory 240, duration 5.760s
[scan_planner_node-4] [INFO] [1785999501.440978459] [scan_planner_node]: [GridMapDiag] cloud=32768 accepted=25172 invalid=7596 below_sensor=0 outside_update=0 sensor_z=0.700 cutoff_z=1.700
[scan_planner_node-4] [FSM]: state: EXEC_TRAJ
[scan_planner_node-4] [FSM]: from EXEC_TRAJ to REPLAN_TRAJ
[scan_planner_node-4] 
[scan_planner_node-4] [rebo replan]: -------------------------------------405
[scan_planner_node-4] start:  2.15    -3 0.401,    -0.625  0.000529 -0.000202
[scan_planner_node-4] goal:-1.27    -3   0.4,    -0.75 3.94e-10        0
[scan_planner_node-4] [32miter(+1)=8,time(ms)=0.031,total_t(ms)=0.031,cost=0.002
[scan_planner_node-4] [0mfirst_optimize_step_success=1
[scan_planner_node-4] total time:[42m0.000198[0m,optimize:0.000161,refine:3.71e-05
[scan_planner_node-4] final_plan_success=1
[scan_planner_node-4] [FSM]: from REPLAN_TRAJ to EXEC_TRAJ
[closed_loop_controller-6] [INFO] [1785999501.556812684] [closed_loop_controller]: Received trajectory 241, duration 5.440s
[scan_planner_node-4] [FSM]: from EXEC_TRAJ to REPLAN_TRAJ
[scan_planner_node-4] 
[scan_planner_node-4] [rebo replan]: -------------------------------------406
[scan_planner_node-4] start:  1.08    -3 0.401,    -0.625 -8.62e-07  -0.00015
[scan_planner_node-4] goal:-2.68    -3   0.4,     -0.75 -1.43e-07         0
[scan_planner_node-4] [32miter(+1)=8,time(ms)=0.029,total_t(ms)=0.029,cost=0.001
[scan_planner_node-4] [0mfirst_optimize_step_success=1
[scan_planner_node-4] total time:[42m0.000198[0m,optimize:0.000159,refine:3.84e-05
[scan_planner_node-4] final_plan_success=1
[scan_planner_node-4] [FSM]: from REPLAN_TRAJ to EXEC_TRAJ
[closed_loop_controller-6] [INFO] [1785999503.266693798] [closed_loop_controller]: Received trajectory 242, duration 5.760s
[scan_planner_node-4] [INFO] [1785999503.459737278] [scan_planner_node]: [GridMapDiag] cloud=32768 accepted=25225 invalid=7543 below_sensor=0 outside_update=0 sensor_z=0.700 cutoff_z=1.700
[scan_planner_node-4] [FSM]: from EXEC_TRAJ to REPLAN_TRAJ
[scan_planner_node-4] 
[scan_planner_node-4] [rebo replan]: -------------------------------------407
[scan_planner_node-4] start: 0.0213     -3    0.4,    -0.625  3.33e-06 -9.43e-05
[scan_planner_node-4] goal:-3.55    -3   0.4,    -0.75 4.71e-06        0
[scan_planner_node-4] [32miter(+1)=9,time(ms)=0.035,total_t(ms)=0.035,cost=0.003
[scan_planner_node-4] [0mfirst_optimize_step_success=1
[scan_planner_node-4] total time:[42m0.000235[0m,optimize:0.000195,refine:4e-05
[scan_planner_node-4] final_plan_success=1
[scan_planner_node-4] [FSM]: from REPLAN_TRAJ to EXEC_TRAJ
[closed_loop_controller-6] [INFO] [1785999504.966316009] [closed_loop_controller]: Received trajectory 243, duration 5.760s
[scan_planner_node-4] [INFO] [1785999505.481427850] [scan_planner_node]: [GridMapDiag] cloud=32768 accepted=25172 invalid=7596 below_sensor=0 outside_update=0 sensor_z=0.700 cutoff_z=1.700
[scan_planner_node-4] [FSM]: from EXEC_TRAJ to REPLAN_TRAJ
[scan_planner_node-4] 
[scan_planner_node-4] [rebo replan]: -------------------------------------408
[scan_planner_node-4] start: -1.04    -3   0.4,    -0.626 -8.91e-07 -7.12e-05
[scan_planner_node-4] goal:-4.6   -3  0.4,     -0.75 -0.000765         0
[scan_planner_node-4] [32miter(+1)=8,time(ms)=0.030,total_t(ms)=0.031,cost=0.001
[scan_planner_node-4] [0mfirst_optimize_step_success=1
[scan_planner_node-4] total time:[42m0.000203[0m,optimize:0.000164,refine:3.9e-05
[scan_planner_node-4] final_plan_success=1
[scan_planner_node-4] [FSM]: from REPLAN_TRAJ to EXEC_TRAJ
[closed_loop_controller-6] [INFO] [1785999506.668996639] [closed_loop_controller]: Received trajectory 244, duration 5.440s
[scan_planner_node-4] [FSM]: state: EXEC_TRAJ
[scan_planner_node-4] [INFO] [1785999507.553319235] [scan_planner_node]: [GridMapDiag] cloud=32768 accepted=25022 invalid=7746 below_sensor=0 outside_update=0 sensor_z=0.700 cutoff_z=1.700
[scan_planner_node-4] [FSM]: from EXEC_TRAJ to REPLAN_TRAJ
[scan_planner_node-4] 
[scan_planner_node-4] [rebo replan]: -------------------------------------409
[scan_planner_node-4] start: -2.11    -3   0.4,    -0.625   6.5e-06 -5.01e-05
[scan_planner_node-4] goal:-5.83    -3   0.4, -0.74 -0.12     0
[scan_planner_node-4] [32miter(+1)=10,time(ms)=0.040,total_t(ms)=0.041,cost=0.004
[scan_planner_node-4] [0mfirst_optimize_step_success=1
[scan_planner_node-4] total time:[42m0.000237[0m,optimize:0.000196,refine:4.12e-05
[scan_planner_node-4] final_plan_success=1
[scan_planner_node-4] [FSM]: from REPLAN_TRAJ to EXEC_TRAJ
[closed_loop_controller-6] [INFO] [1785999508.371660840] [closed_loop_controller]: Received trajectory 245, duration 6.080s
[scan_planner_node-4] [INFO] [1785999509.608575386] [scan_planner_node]: [GridMapDiag] cloud=32768 accepted=24398 invalid=8370 below_sensor=0 outside_update=0 sensor_z=0.700 cutoff_z=1.700
[scan_planner_node-4] [FSM]: from EXEC_TRAJ to REPLAN_TRAJ
[scan_planner_node-4] 
[scan_planner_node-4] [rebo replan]: -------------------------------------410
[scan_planner_node-4] start: -3.16    -3   0.4,    -0.625 -0.000708 -3.35e-05
[scan_planner_node-4] goal:  -6 -2.3  0.4, -0.00383    0.746        0
[scan_planner_node-4] [32miter(+1)=17,time(ms)=0.068,total_t(ms)=0.068,cost=0.007
[scan_planner_node-4] [0mfirst_optimize_step_success=1
[scan_planner_node-4] total time:[42m0.000241[0m,optimize:0.000201,refine:4.01e-05
[scan_planner_node-4] final_plan_success=1
[scan_planner_node-4] [FSM]: from REPLAN_TRAJ to EXEC_TRAJ
[closed_loop_controller-6] [INFO] [1785999510.060846528] [closed_loop_controller]: Received trajectory 246, duration 5.760s
[scan_planner_node-4] [FSM]: from EXEC_TRAJ to REPLAN_TRAJ
[scan_planner_node-4] 
[scan_planner_node-4] [rebo replan]: -------------------------------------411
[scan_planner_node-4] start: -4.19 -3.01   0.4,    -0.638  -0.00883 -2.52e-05
[scan_planner_node-4] goal:   -6 -1.25   0.4, 0.000157     0.75        0
[scan_planner_node-4] [32miter(+1)=12,time(ms)=0.045,total_t(ms)=0.045,cost=0.009
[scan_planner_node-4] [0mfirst_optimize_step_success=1
[scan_planner_node-4] total time:[42m0.000203[0m,optimize:0.000167,refine:3.61e-05
[scan_planner_node-4] final_plan_success=1
[scan_planner_node-4] [FSM]: from REPLAN_TRAJ to EXEC_TRAJ
[closed_loop_controller-6] [INFO] [1785999511.707148735] [closed_loop_controller]: Received trajectory 247, duration 5.440s
[scan_planner_node-4] [INFO] [1785999511.745627092] [scan_planner_node]: [GridMapDiag] cloud=32768 accepted=23955 invalid=8813 below_sensor=0 outside_update=0 sensor_z=0.700 cutoff_z=1.700
[scan_planner_node-4] [FSM]: state: EXEC_TRAJ
[scan_planner_node-4] [FSM]: from EXEC_TRAJ to REPLAN_TRAJ
[scan_planner_node-4] 
[scan_planner_node-4] [rebo replan]: -------------------------------------412
[scan_planner_node-4] start: -5.22 -2.98   0.4,     -0.66   -0.0642 -1.87e-05
[scan_planner_node-4] goal:  -6 -0.2  0.4, -2.1e-06     0.75        0
[scan_planner_node-4] [32miter(+1)=12,time(ms)=0.045,total_t(ms)=0.045,cost=0.008
[scan_planner_node-4] [0mfirst_optimize_step_success=1
[scan_planner_node-4] total time:[42m0.000199[0m,optimize:0.000162,refine:3.66e-05
[scan_planner_node-4] final_plan_success=1
[scan_planner_node-4] [FSM]: from REPLAN_TRAJ to EXEC_TRAJ
[closed_loop_controller-6] [INFO] [1785999513.355529816] [closed_loop_controller]: Received trajectory 248, duration 5.440s
[scan_planner_node-4] [INFO] [1785999513.788521310] [scan_planner_node]: [GridMapDiag] cloud=32768 accepted=24062 invalid=8706 below_sensor=0 outside_update=0 sensor_z=0.700 cutoff_z=1.700
[scan_planner_node-4] [FSM]: from EXEC_TRAJ to REPLAN_TRAJ
[scan_planner_node-4] 
[scan_planner_node-4] [rebo replan]: -------------------------------------413
[scan_planner_node-4] start: -6.02  -2.3   0.4,    0.0129     0.663 -1.32e-05
[scan_planner_node-4] goal: -6   1 0.4, 0 0 0
[scan_planner_node-4] [32miter(+1)=27,time(ms)=0.103,total_t(ms)=0.103,cost=0.018
[scan_planner_node-4] [0mfirst_optimize_step_success=1
[scan_planner_node-4] total time:[42m0.000255[0m,optimize:0.000218,refine:3.63e-05
[scan_planner_node-4] final_plan_success=1
[scan_planner_node-4] [FSM]: from REPLAN_TRAJ to EXEC_TRAJ
[closed_loop_controller-6] [INFO] [1785999515.724784311] [closed_loop_controller]: Received trajectory 249, duration 5.440s
[scan_planner_node-4] [INFO] [1785999515.812791641] [scan_planner_node]: [GridMapDiag] cloud=32768 accepted=24450 invalid=8318 below_sensor=0 outside_update=0 sensor_z=0.700 cutoff_z=1.700
[scan_planner_node-4] [FSM]: state: EXEC_TRAJ
[scan_planner_node-4] [FSM]: from EXEC_TRAJ to REPLAN_TRAJ
[scan_planner_node-4] 
[scan_planner_node-4] [rebo replan]: -------------------------------------414
[scan_planner_node-4] start: -5.99 -1.24   0.4,   -0.0163      0.59 -8.34e-06
[scan_planner_node-4] goal: -6   1 0.4, 0 0 0
[scan_planner_node-4] [32miter(+1)=28,time(ms)=0.080,total_t(ms)=0.080,cost=0.009
[scan_planner_node-4] [0mfirst_optimize_step_success=1
[scan_planner_node-4] total time:[42m0.000187[0m,optimize:0.00016,refine:2.72e-05
[scan_planner_node-4] final_plan_success=1
[scan_planner_node-4] [FSM]: from REPLAN_TRAJ to EXEC_TRAJ
[closed_loop_controller-6] [INFO] [1785999517.456946775] [closed_loop_controller]: Received trajectory 250, duration 3.840s
[scan_planner_node-4] [INFO] [1785999517.895072788] [scan_planner_node]: [GridMapDiag] cloud=32768 accepted=25152 invalid=7616 below_sensor=0 outside_update=0 sensor_z=0.700 cutoff_z=1.700
[scan_planner_node-4] [FSM]: from EXEC_TRAJ to REPLAN_TRAJ
[scan_planner_node-4] 
[scan_planner_node-4] [rebo replan]: -------------------------------------415
[scan_planner_node-4] start:     -6 -0.202    0.4,  0.00402    0.766 -8.3e-06
[scan_planner_node-4] goal: -6   1 0.4, 0 0 0
[scan_planner_node-4] [32miter(+1)=13,time(ms)=0.034,total_t(ms)=0.035,cost=0.035
[scan_planner_node-4] [0mfirst_optimize_step_success=1
[scan_planner_node-4] Need to reallocate time.
[scan_planner_node-4] total time:[42m0.000155[0m,optimize:9.23e-05,refine:6.22e-05
[scan_planner_node-4] final_plan_success=1
[scan_planner_node-4] [FSM]: from REPLAN_TRAJ to EXEC_TRAJ
[closed_loop_controller-6] [INFO] [1785999518.886657606] [closed_loop_controller]: Received trajectory 251, duration 2.528s
[scan_planner_node-4] [INFO] [1785999519.929932547] [scan_planner_node]: [GridMapDiag] cloud=32768 accepted=26194 invalid=6574 below_sensor=0 outside_update=0 sensor_z=0.700 cutoff_z=1.700
[scan_planner_node-4] [FSM]: from EXEC_TRAJ to REPLAN_TRAJ
[scan_planner_node-4] 
[scan_planner_node-4] [rebo replan]: -------------------------------------416
[scan_planner_node-4] start:    -6 0.815   0.4, -0.00117    0.462 -7.4e-06
[scan_planner_node-4] goal: -6   1 0.4, 0 0 0
[scan_planner_node-4] Close to goal
[scan_planner_node-4] final_plan_success=0
[scan_planner_node-4] 
[scan_planner_node-4] [rebo replan]: -------------------------------------417
[scan_planner_node-4] start:    -6 0.815   0.4, -0.00117    0.462 -7.4e-06
[scan_planner_node-4] goal: -6   1 0.4, 0 0 0
[scan_planner_node-4] Close to goal
[scan_planner_node-4] final_plan_success=0
[scan_planner_node-4] 
[scan_planner_node-4] [rebo replan]: -------------------------------------418
[scan_planner_node-4] start:    -6 0.815   0.4, -0.00117    0.462 -7.4e-06
[scan_planner_node-4] goal: -6   1 0.4, 0 0 0
[scan_planner_node-4] Close to goal
[scan_planner_node-4] final_plan_success=0
[scan_planner_node-4] [FSM]: from REPLAN_TRAJ to REPLAN_TRAJ
[scan_planner_node-4] 
[scan_planner_node-4] [rebo replan]: -------------------------------------419
[scan_planner_node-4] start:    -6 0.818   0.4, -0.00118    0.459 -7.4e-06
[scan_planner_node-4] goal: -6   1 0.4, 0 0 0
[scan_planner_node-4] Close to goal
[scan_planner_node-4] final_plan_success=0
[scan_planner_node-4] 
[scan_planner_node-4] [rebo replan]: -------------------------------------420
[scan_planner_node-4] start:    -6 0.818   0.4, -0.00118    0.459 -7.4e-06
[scan_planner_node-4] goal: -6   1 0.4, 0 0 0
[scan_planner_node-4] Close to goal
[scan_planner_node-4] final_plan_success=0
[scan_planner_node-4] 
[scan_planner_node-4] [rebo replan]: -------------------------------------421
[scan_planner_node-4] start:    -6 0.818   0.4, -0.00118    0.459 -7.4e-06
[scan_planner_node-4] goal: -6   1 0.4, 0 0 0
[scan_planner_node-4] Close to goal
[scan_planner_node-4] final_plan_success=0
[scan_planner_node-4] [FSM]: from REPLAN_TRAJ to REPLAN_TRAJ
[scan_planner_node-4] 
[scan_planner_node-4] [rebo replan]: -------------------------------------422
[scan_planner_node-4] start:    -6 0.848   0.4,  -0.00126     0.422 -7.55e-06
[scan_planner_node-4] goal: -6   1 0.4, 0 0 0
[scan_planner_node-4] Close to goal
[scan_planner_node-4] final_plan_success=0
[scan_planner_node-4] 
[scan_planner_node-4] [rebo replan]: -------------------------------------423
[scan_planner_node-4] start:    -6 0.848   0.4,  -0.00126     0.422 -7.55e-06
[scan_planner_node-4] goal: -6   1 0.4, 0 0 0
[scan_planner_node-4] Close to goal
[scan_planner_node-4] final_plan_success=0
[scan_planner_node-4] 
[scan_planner_node-4] [rebo replan]: -------------------------------------424
[scan_planner_node-4] start:    -6 0.848   0.4,  -0.00126     0.422 -7.55e-06
[scan_planner_node-4] goal: -6   1 0.4, 0 0 0
[scan_planner_node-4] Close to goal
[scan_planner_node-4] final_plan_success=0
[scan_planner_node-4] [FSM]: from REPLAN_TRAJ to REPLAN_TRAJ
[scan_planner_node-4] 
[scan_planner_node-4] [rebo replan]: -------------------------------------425
[scan_planner_node-4] start:    -6 0.864   0.4,  -0.00128     0.402 -7.67e-06
[scan_planner_node-4] goal: -6   1 0.4, 0 0 0
[scan_planner_node-4] Close to goal
[scan_planner_node-4] final_plan_success=0
[scan_planner_node-4] 
[scan_planner_node-4] [rebo replan]: -------------------------------------426
[scan_planner_node-4] start:    -6 0.864   0.4,  -0.00128     0.402 -7.67e-06
[scan_planner_node-4] goal: -6   1 0.4, 0 0 0
[scan_planner_node-4] Close to goal
[scan_planner_node-4] final_plan_success=0
[scan_planner_node-4] 
[scan_planner_node-4] [rebo replan]: -------------------------------------427
[scan_planner_node-4] start:    -6 0.864   0.4,  -0.00128     0.402 -7.67e-06
[scan_planner_node-4] goal: -6   1 0.4, 0 0 0
[scan_planner_node-4] Close to goal
[scan_planner_node-4] final_plan_success=0
[scan_planner_node-4] [FSM]: from REPLAN_TRAJ to REPLAN_TRAJ
[scan_planner_node-4] 
[scan_planner_node-4] [rebo replan]: -------------------------------------428
[scan_planner_node-4] start:    -6 0.889   0.4,  -0.00129     0.367 -7.94e-06
[scan_planner_node-4] goal: -6   1 0.4, 0 0 0
[scan_planner_node-4] Close to goal
[scan_planner_node-4] final_plan_success=0
[scan_planner_node-4] 
[scan_planner_node-4] [rebo replan]: -------------------------------------429
[scan_planner_node-4] start:    -6 0.889   0.4,  -0.00129     0.367 -7.94e-06
[scan_planner_node-4] goal: -6   1 0.4, 0 0 0
[scan_planner_node-4] Close to goal
[scan_planner_node-4] final_plan_success=0
[scan_planner_node-4] 
[scan_planner_node-4] [rebo replan]: -------------------------------------430
[scan_planner_node-4] start:    -6 0.889   0.4,  -0.00129     0.367 -7.94e-06
[scan_planner_node-4] goal: -6   1 0.4, 0 0 0
[scan_planner_node-4] Close to goal
[scan_planner_node-4] final_plan_success=0
[scan_planner_node-4] [FSM]: from REPLAN_TRAJ to REPLAN_TRAJ
[scan_planner_node-4] 
[scan_planner_node-4] [rebo replan]: -------------------------------------431
[scan_planner_node-4] start:   -6 0.91  0.4,  -0.00125     0.333 -8.27e-06
[scan_planner_node-4] goal: -6   1 0.4, 0 0 0
[scan_planner_node-4] Close to goal
[scan_planner_node-4] final_plan_success=0
[scan_planner_node-4] 
[scan_planner_node-4] [rebo replan]: -------------------------------------432
[scan_planner_node-4] start:   -6 0.91  0.4,  -0.00125     0.333 -8.27e-06
[scan_planner_node-4] goal: -6   1 0.4, 0 0 0
[scan_planner_node-4] Close to goal
[scan_planner_node-4] final_plan_success=0
[scan_planner_node-4] 
[scan_planner_node-4] [rebo replan]: -------------------------------------433
[scan_planner_node-4] start:   -6 0.91  0.4,  -0.00125     0.333 -8.27e-06
[scan_planner_node-4] goal: -6   1 0.4, 0 0 0
[scan_planner_node-4] Close to goal
[scan_planner_node-4] final_plan_success=0
[scan_planner_node-4] [FSM]: from REPLAN_TRAJ to REPLAN_TRAJ
[scan_planner_node-4] 
[scan_planner_node-4] [rebo replan]: -------------------------------------434
[scan_planner_node-4] start:    -6 0.923   0.4,  -0.00121     0.312 -8.52e-06
[scan_planner_node-4] goal: -6   1 0.4, 0 0 0
[scan_planner_node-4] Close to goal
[scan_planner_node-4] final_plan_success=0
[scan_planner_node-4] 
[scan_planner_node-4] [rebo replan]: -------------------------------------435
[scan_planner_node-4] start:    -6 0.923   0.4,  -0.00121     0.312 -8.52e-06
[scan_planner_node-4] goal: -6   1 0.4, 0 0 0
[scan_planner_node-4] Close to goal
[scan_planner_node-4] final_plan_success=0
[scan_planner_node-4] 
[scan_planner_node-4] [rebo replan]: -------------------------------------436
[scan_planner_node-4] start:    -6 0.923   0.4,  -0.00121     0.312 -8.52e-06
[scan_planner_node-4] goal: -6   1 0.4, 0 0 0
[scan_planner_node-4] Close to goal
[scan_planner_node-4] final_plan_success=0
[scan_planner_node-4] [FSM]: from REPLAN_TRAJ to REPLAN_TRAJ
[scan_planner_node-4] 
[scan_planner_node-4] [rebo replan]: -------------------------------------437
[scan_planner_node-4] start:    -6 0.941   0.4,  -0.00111     0.276 -8.95e-06
[scan_planner_node-4] goal: -6   1 0.4, 0 0 0
[scan_planner_node-4] Close to goal
[scan_planner_node-4] final_plan_success=0
[scan_planner_node-4] 
[scan_planner_node-4] [rebo replan]: -------------------------------------438
[scan_planner_node-4] start:    -6 0.941   0.4,  -0.00111     0.276 -8.95e-06
[scan_planner_node-4] goal: -6   1 0.4, 0 0 0
[scan_planner_node-4] Close to goal
[scan_planner_node-4] final_plan_success=0
[scan_planner_node-4] 
[scan_planner_node-4] [rebo replan]: -------------------------------------439
[scan_planner_node-4] start:    -6 0.941   0.4,  -0.00111     0.276 -8.95e-06
[scan_planner_node-4] goal: -6   1 0.4, 0 0 0
[scan_planner_node-4] Close to goal
[scan_planner_node-4] final_plan_success=0
[scan_planner_node-4] [FSM]: from REPLAN_TRAJ to REPLAN_TRAJ
[scan_planner_node-4] 
[scan_planner_node-4] [rebo replan]: -------------------------------------440
[scan_planner_node-4] start:    -6 0.954   0.4,  -0.00103      0.25 -9.06e-06
[scan_planner_node-4] goal: -6   1 0.4, 0 0 0
[scan_planner_node-4] Close to goal
[scan_planner_node-4] final_plan_success=0
[scan_planner_node-4] 
[scan_planner_node-4] [rebo replan]: -------------------------------------441
[scan_planner_node-4] start:    -6 0.954   0.4,  -0.00103      0.25 -9.06e-06
[scan_planner_node-4] goal: -6   1 0.4, 0 0 0
[scan_planner_node-4] Close to goal
[scan_planner_node-4] final_plan_success=0
[scan_planner_node-4] 
[scan_planner_node-4] [rebo replan]: -------------------------------------442
[scan_planner_node-4] start:    -6 0.954   0.4,  -0.00103      0.25 -9.06e-06
[scan_planner_node-4] goal: -6   1 0.4, 0 0 0
[scan_planner_node-4] Close to goal
[scan_planner_node-4] final_plan_success=0
[scan_planner_node-4] [FSM]: from REPLAN_TRAJ to REPLAN_TRAJ
[scan_planner_node-4] 
[scan_planner_node-4] [rebo replan]: -------------------------------------443
[scan_planner_node-4] start:    -6 0.968   0.4, -0.000912     0.215 -8.87e-06
[scan_planner_node-4] goal: -6   1 0.4, 0 0 0
[scan_planner_node-4] Close to goal
[scan_planner_node-4] final_plan_success=0
[scan_planner_node-4] 
[scan_planner_node-4] [rebo replan]: -------------------------------------444
[scan_planner_node-4] start:    -6 0.968   0.4, -0.000912     0.215 -8.87e-06
[scan_planner_node-4] goal: -6   1 0.4, 0 0 0
[scan_planner_node-4] Close to goal
[scan_planner_node-4] final_plan_success=0
[scan_planner_node-4] 
[scan_planner_node-4] [rebo replan]: -------------------------------------445
[scan_planner_node-4] start:    -6 0.968   0.4, -0.000912     0.215 -8.87e-06
[scan_planner_node-4] goal: -6   1 0.4, 0 0 0
[scan_planner_node-4] Close to goal
[scan_planner_node-4] final_plan_success=0
[scan_planner_node-4] [FSM]: from REPLAN_TRAJ to REPLAN_TRAJ
[scan_planner_node-4] 
[scan_planner_node-4] [rebo replan]: -------------------------------------446
[scan_planner_node-4] start:    -6 0.976   0.4, -0.000838     0.194 -8.57e-06
[scan_planner_node-4] goal: -6   1 0.4, 0 0 0
[scan_planner_node-4] Close to goal
[scan_planner_node-4] final_plan_success=0
[scan_planner_node-4] 
[scan_planner_node-4] [rebo replan]: -------------------------------------447
[scan_planner_node-4] start:    -6 0.976   0.4, -0.000838     0.194 -8.57e-06
[scan_planner_node-4] goal: -6   1 0.4, 0 0 0
[scan_planner_node-4] Close to goal
[scan_planner_node-4] final_plan_success=0
[scan_planner_node-4] 
[scan_planner_node-4] [rebo replan]: -------------------------------------448
[scan_planner_node-4] start:    -6 0.976   0.4, -0.000838     0.194 -8.57e-06
[scan_planner_node-4] goal: -6   1 0.4, 0 0 0
[scan_planner_node-4] Close to goal
[scan_planner_node-4] final_plan_success=0
[scan_planner_node-4] [FSM]: from REPLAN_TRAJ to REPLAN_TRAJ
[loop_path_publisher.py-9] [INFO] [1785999520.879038486] [loop_path_publisher]: Published shuttle route with 31 dense points, run 13
[terrain_path_visualizer-10] [INFO] [1785999520.885409502] [terrain_path_segmenter]: Segmented 31 path points into 2 sections
[scan_planner_node-4] 
[scan_planner_node-4] [rebo replan]: -------------------------------------449
[scan_planner_node-4] start:    -6 0.983   0.4,  -0.00076     0.173 -8.12e-06
[scan_planner_node-4] goal: -6   1 0.4, 0 0 0
[scan_planner_node-4] Close to goal
[scan_planner_node-4] final_plan_success=0
[scan_planner_node-4] 
[scan_planner_node-4] [rebo replan]: -------------------------------------450
[scan_planner_node-4] start:    -6 0.983   0.4,  -0.00076     0.173 -8.12e-06
[scan_planner_node-4] goal: -6   1 0.4, 0 0 0
[scan_planner_node-4] Close to goal
[scan_planner_node-4] final_plan_success=0
[scan_planner_node-4] 
[scan_planner_node-4] [rebo replan]: -------------------------------------451
[scan_planner_node-4] start:    -6 0.983   0.4,  -0.00076     0.173 -8.12e-06
[scan_planner_node-4] goal: -6   1 0.4, 0 0 0
[scan_planner_node-4] Close to goal
[scan_planner_node-4] final_plan_success=0
[scan_planner_node-4] [FSM]: from REPLAN_TRAJ to REPLAN_TRAJ
[scan_planner_node-4] [INFO] [1785999520.952198859] [scan_planner_node]: [MapRefresh] Cleared occupancy and inflation for a new reference path; observation_sequence=3855
[scan_planner_node-4] [INFO] [1785999520.952251211] [scan_planner_node]: [MapRefresh] Deferred reference path until 2 fresh map observations have been fused (target_sequence=3857)
[scan_planner_node-4] [INFO] [1785999521.155314023] [scan_planner_node]: [MapRefresh] Fresh map ready at observation_sequence=3857; accepting deferred reference path
[scan_planner_node-4] [INFO] [1785999521.200374032] [scan_planner_node]: Reference path accepted
[scan_planner_node-4] 
[scan_planner_node-4] [rebo replan]: -------------------------------------452
[scan_planner_node-4] start:   -6 1.01  0.4,  -0.00015    0.0333 -1.78e-06
[scan_planner_node-4] goal:  -6 4.53 1.28, 0 0 0
[scan_planner_node-4] [32miter(+1)=39,time(ms)=0.384,total_t(ms)=0.385,cost=0.042
[scan_planner_node-4] [0mfirst_optimize_step_success=1
[scan_planner_node-4] Need to reallocate time.
[scan_planner_node-4] total time:[42m0.00111[0m,optimize:0.000638,refine:0.000468
[scan_planner_node-4] final_plan_success=1
[scan_planner_node-4] [FSM]: from REPLAN_TRAJ to EXEC_TRAJ
[closed_loop_controller-6] [INFO] [1785999521.201757365] [closed_loop_controller]: Received trajectory 252, duration 7.998s
[scan_planner_node-4] [FSM]: state: EXEC_TRAJ
[scan_planner_node-4] [INFO] [1785999522.027578822] [scan_planner_node]: [GridMapDiag] cloud=32768 accepted=26984 invalid=5784 below_sensor=0 outside_update=0 sensor_z=0.713 cutoff_z=1.713
[scan_planner_node-4] [INFO] [1785999524.032169777] [scan_planner_node]: [GridMapDiag] cloud=32768 accepted=27140 invalid=5628 below_sensor=0 outside_update=0 sensor_z=0.926 cutoff_z=1.926
[scan_planner_node-4] [FSM]: from EXEC_TRAJ to REPLAN_TRAJ
[scan_planner_node-4] 
[scan_planner_node-4] [rebo replan]: -------------------------------------453
[scan_planner_node-4] start:    -6  2.04 0.597, 9.38e-05    0.577    0.166
[scan_planner_node-4] goal: -6   5 1.4, 0 0 0
[scan_planner_node-4] [32miter(+1)=24,time(ms)=0.094,total_t(ms)=0.094,cost=0.040
[scan_planner_node-4] [0mfirst_optimize_step_success=1
[scan_planner_node-4] total time:[42m0.000263[0m,optimize:0.000221,refine:4.23e-05
[scan_planner_node-4] final_plan_success=1
[scan_planner_node-4] [FSM]: from REPLAN_TRAJ to EXEC_TRAJ
[closed_loop_controller-6] [INFO] [1785999524.223495104] [closed_loop_controller]: Received trajectory 253, duration 5.120s
[scan_planner_node-4] [FSM]: state: EXEC_TRAJ
[scan_planner_node-4] [FSM]: from EXEC_TRAJ to REPLAN_TRAJ
[scan_planner_node-4] 
[scan_planner_node-4] [rebo replan]: -------------------------------------454
[scan_planner_node-4] start:   -6 3.03 0.87, -0.000251     0.565      0.16
[scan_planner_node-4] goal: -6   5 1.4, 0 0 0
[scan_planner_node-4] [32miter(+1)=19,time(ms)=0.048,total_t(ms)=0.049,cost=0.033
[scan_planner_node-4] [0mfirst_optimize_step_success=1
[scan_planner_node-4] total time:[42m0.000139[0m,optimize:0.000116,refine:2.28e-05
[scan_planner_node-4] final_plan_success=1
[scan_planner_node-4] [FSM]: from REPLAN_TRAJ to EXEC_TRAJ
[closed_loop_controller-6] [INFO] [1785999525.926988276] [closed_loop_controller]: Received trajectory 254, duration 3.520s
[scan_planner_node-4] [INFO] [1785999526.123634533] [scan_planner_node]: [GridMapDiag] cloud=32768 accepted=23422 invalid=9346 below_sensor=0 outside_update=0 sensor_z=1.231 cutoff_z=2.231
[scan_planner_node-4] [FSM]: from EXEC_TRAJ to REPLAN_TRAJ
[scan_planner_node-4] 
[scan_planner_node-4] [rebo replan]: -------------------------------------455
[scan_planner_node-4] start:   -6 4.06 1.13, -0.000186     0.784     0.164
[scan_planner_node-4] goal: -6   5 1.4, 0 0 0
[scan_planner_node-4] [32miter(+1)=18,time(ms)=0.048,total_t(ms)=0.048,cost=0.015
[scan_planner_node-4] [0mfirst_optimize_step_success=1
[scan_planner_node-4] total time:[42m0.000127[0m,optimize:0.00011,refine:1.74e-05
[scan_planner_node-4] final_plan_success=1
[scan_planner_node-4] [FSM]: from REPLAN_TRAJ to EXEC_TRAJ
[closed_loop_controller-6] [INFO] [1785999527.523268613] [closed_loop_controller]: Received trajectory 255, duration 2.560s
[scan_planner_node-4] [FSM]: state: EXEC_TRAJ
[scan_planner_node-4] [INFO] [1785999528.131947378] [scan_planner_node]: [GridMapDiag] cloud=32768 accepted=17216 invalid=15552 below_sensor=0 outside_update=0 sensor_z=1.567 cutoff_z=2.567
[terrain_path_visualizer-10] [INFO] [1785999528.584006046] [terrain_path_segmenter]: Visualization advanced to segment 2/2
[scan_planner_node-4] [INFO] [1785999528.639565945] [scan_planner_node]: [MapRefresh] Cleared occupancy and inflation for a new reference path; observation_sequence=3930
[scan_planner_node-4] [INFO] [1785999528.639607363] [scan_planner_node]: [MapRefresh] Deferred reference path until 2 fresh map observations have been fused (target_sequence=3932)
[scan_planner_node-4] [INFO] [1785999528.795539767] [scan_planner_node]: [MapRefresh] Fresh map ready at observation_sequence=3932; accepting deferred reference path
[scan_planner_node-4] [TRIG]: from EXEC_TRAJ to REPLAN_TRAJ
[scan_planner_node-4] [INFO] [1785999528.798969642] [scan_planner_node]: Reference path accepted
[scan_planner_node-4] 
[scan_planner_node-4] [rebo replan]: -------------------------------------456
[scan_planner_node-4] start:   -6 4.83 1.28, -2.76e-05     0.369     0.114
[scan_planner_node-4] goal: -6   7 1.4, 0 0 0
[scan_planner_node-4] [32miter(+1)=7,time(ms)=0.023,total_t(ms)=0.024,cost=0.045
[scan_planner_node-4] [0mfirst_optimize_step_success=1
[scan_planner_node-4] total time:[42m0.000147[0m,optimize:0.000119,refine:2.78e-05
[scan_planner_node-4] final_plan_success=1
[scan_planner_node-4] [FSM]: from REPLAN_TRAJ to EXEC_TRAJ
[closed_loop_controller-6] [INFO] [1785999528.799411743] [closed_loop_controller]: Received trajectory 256, duration 4.160s
[scan_planner_node-4] [INFO] [1785999530.229837014] [scan_planner_node]: [GridMapDiag] cloud=32768 accepted=15474 invalid=17294 below_sensor=0 outside_update=0 sensor_z=1.700 cutoff_z=2.700
[scan_planner_node-4] [FSM]: from EXEC_TRAJ to REPLAN_TRAJ
[scan_planner_node-4] 
[scan_planner_node-4] [rebo replan]: -------------------------------------457
[scan_planner_node-4] start:   -6 5.89 1.34, 0.000788    0.783   0.0454
[scan_planner_node-4] goal: -6   7 1.4, 0 0 0
[scan_planner_node-4] [32miter(+1)=10,time(ms)=0.021,total_t(ms)=0.021,cost=0.083
[scan_planner_node-4] [0mfirst_optimize_step_success=1
[scan_planner_node-4] Need to reallocate time.
[scan_planner_node-4] total time:[42m0.000124[0m,optimize:6.77e-05,refine:5.58e-05
[scan_planner_node-4] final_plan_success=1
[scan_planner_node-4] [FSM]: from REPLAN_TRAJ to EXEC_TRAJ
[closed_loop_controller-6] [INFO] [1785999530.831275642] [closed_loop_controller]: Received trajectory 257, duration 2.221s
[scan_planner_node-4] [FSM]: state: EXEC_TRAJ
[scan_planner_node-4] [INFO] [1785999532.233083197] [scan_planner_node]: [GridMapDiag] cloud=32768 accepted=15260 invalid=17508 below_sensor=0 outside_update=0 sensor_z=1.700 cutoff_z=2.700
[scan_planner_node-4] [FSM]: from EXEC_TRAJ to REPLAN_TRAJ
[scan_planner_node-4] 
[scan_planner_node-4] [rebo replan]: -------------------------------------458
[scan_planner_node-4] start:   -6  6.9 1.38, 0.00128   0.305  0.0404
[scan_planner_node-4] goal: -6   7 1.4, 0 0 0
[scan_planner_node-4] Close to goal
[scan_planner_node-4] final_plan_success=0
[scan_planner_node-4] 
[scan_planner_node-4] [rebo replan]: -------------------------------------459
[scan_planner_node-4] start:   -6  6.9 1.38, 0.00128   0.305  0.0404
[scan_planner_node-4] goal: -6   7 1.4, 0 0 0
[scan_planner_node-4] Close to goal
[scan_planner_node-4] final_plan_success=0
[scan_planner_node-4] 
[scan_planner_node-4] [rebo replan]: -------------------------------------460
[scan_planner_node-4] start:   -6  6.9 1.38, 0.00128   0.305  0.0404
[scan_planner_node-4] goal: -6   7 1.4, 0 0 0
[scan_planner_node-4] Close to goal
[scan_planner_node-4] final_plan_success=0
[scan_planner_node-4] [FSM]: from REPLAN_TRAJ to REPLAN_TRAJ
[scan_planner_node-4] 
[scan_planner_node-4] [rebo replan]: -------------------------------------461
[scan_planner_node-4] start:   -6 6.91 1.39, 0.00119   0.281  0.0418
[scan_planner_node-4] goal: -6   7 1.4, 0 0 0
[scan_planner_node-4] Close to goal
[scan_planner_node-4] final_plan_success=0
[scan_planner_node-4] 
[scan_planner_node-4] [rebo replan]: -------------------------------------462
[scan_planner_node-4] start:   -6 6.91 1.39, 0.00119   0.281  0.0418
[scan_planner_node-4] goal: -6   7 1.4, 0 0 0
[scan_planner_node-4] Close to goal
[scan_planner_node-4] final_plan_success=0
[scan_planner_node-4] 
[scan_planner_node-4] [rebo replan]: -------------------------------------463
[scan_planner_node-4] start:   -6 6.91 1.39, 0.00119   0.281  0.0418
[scan_planner_node-4] goal: -6   7 1.4, 0 0 0
[scan_planner_node-4] Close to goal
[scan_planner_node-4] final_plan_success=0
[scan_planner_node-4] [FSM]: from REPLAN_TRAJ to REPLAN_TRAJ
[scan_planner_node-4] 
[scan_planner_node-4] [rebo replan]: -------------------------------------464
[scan_planner_node-4] start:   -6 6.93 1.39, 0.00104    0.24  0.0419
[scan_planner_node-4] goal: -6   7 1.4, 0 0 0
[scan_planner_node-4] Close to goal
[scan_planner_node-4] final_plan_success=0
[scan_planner_node-4] 
[scan_planner_node-4] [rebo replan]: -------------------------------------465
[scan_planner_node-4] start:   -6 6.93 1.39, 0.00104    0.24  0.0419
[scan_planner_node-4] goal: -6   7 1.4, 0 0 0
[scan_planner_node-4] Close to goal
[scan_planner_node-4] final_plan_success=0
[scan_planner_node-4] 
[scan_planner_node-4] [rebo replan]: -------------------------------------466
[scan_planner_node-4] start:   -6 6.93 1.39, 0.00104    0.24  0.0419
[scan_planner_node-4] goal: -6   7 1.4, 0 0 0
[scan_planner_node-4] Close to goal
[scan_planner_node-4] final_plan_success=0
[scan_planner_node-4] [FSM]: from REPLAN_TRAJ to REPLAN_TRAJ
[scan_planner_node-4] 
[scan_planner_node-4] [rebo replan]: -------------------------------------467
[scan_planner_node-4] start:   -6 6.93 1.39, 0.000944    0.216   0.0407
[scan_planner_node-4] goal: -6   7 1.4, 0 0 0
[scan_planner_node-4] Close to goal
[scan_planner_node-4] final_plan_success=0
[scan_planner_node-4] 
[scan_planner_node-4] [rebo replan]: -------------------------------------468
[scan_planner_node-4] start:   -6 6.93 1.39, 0.000944    0.216   0.0407
[scan_planner_node-4] goal: -6   7 1.4, 0 0 0
[scan_planner_node-4] Close to goal
[scan_planner_node-4] final_plan_success=0
[scan_planner_node-4] 
[scan_planner_node-4] [rebo replan]: -------------------------------------469
[scan_planner_node-4] start:   -6 6.93 1.39, 0.000944    0.216   0.0407
[scan_planner_node-4] goal: -6   7 1.4, 0 0 0
[scan_planner_node-4] Close to goal
[scan_planner_node-4] final_plan_success=0
[scan_planner_node-4] [FSM]: from REPLAN_TRAJ to REPLAN_TRAJ
[scan_planner_node-4] 
[scan_planner_node-4] [rebo replan]: -------------------------------------470
[scan_planner_node-4] start:   -6 6.95 1.39, 0.000775    0.174   0.0364
[scan_planner_node-4] goal: -6   7 1.4, 0 0 0
[scan_planner_node-4] Close to goal
[scan_planner_node-4] final_plan_success=0
[scan_planner_node-4] 
[scan_planner_node-4] [rebo replan]: -------------------------------------471
[scan_planner_node-4] start:   -6 6.95 1.39, 0.000775    0.174   0.0364
[scan_planner_node-4] goal: -6   7 1.4, 0 0 0
[scan_planner_node-4] Close to goal
[scan_planner_node-4] final_plan_success=0
[scan_planner_node-4] 
[scan_planner_node-4] [rebo replan]: -------------------------------------472
[scan_planner_node-4] start:   -6 6.95 1.39, 0.000775    0.174   0.0364
[scan_planner_node-4] goal: -6   7 1.4, 0 0 0
[scan_planner_node-4] Close to goal
[scan_planner_node-4] final_plan_success=0
[scan_planner_node-4] [FSM]: from REPLAN_TRAJ to REPLAN_TRAJ
[scan_planner_node-4] 
[scan_planner_node-4] [rebo replan]: -------------------------------------473
[scan_planner_node-4] start:   -6 6.95 1.39, 0.000664    0.148   0.0324
[scan_planner_node-4] goal: -6   7 1.4, 0 0 0
[scan_planner_node-4] Close to goal
[scan_planner_node-4] final_plan_success=0
[scan_planner_node-4] 
[scan_planner_node-4] [rebo replan]: -------------------------------------474
[scan_planner_node-4] start:   -6 6.95 1.39, 0.000664    0.148   0.0324
[scan_planner_node-4] goal: -6   7 1.4, 0 0 0
[scan_planner_node-4] Close to goal
[scan_planner_node-4] final_plan_success=0
[scan_planner_node-4] 
[scan_planner_node-4] [rebo replan]: -------------------------------------475
[scan_planner_node-4] start:   -6 6.95 1.39, 0.000664    0.148   0.0324
[scan_planner_node-4] goal: -6   7 1.4, 0 0 0
[scan_planner_node-4] Close to goal
[scan_planner_node-4] final_plan_success=0
[scan_planner_node-4] [FSM]: from REPLAN_TRAJ to REPLAN_TRAJ
[loop_path_publisher.py-9] [INFO] [1785999532.691776431] [loop_path_publisher]: Published shuttle route with 193 dense points, run 14
[scan_planner_node-4] 
[scan_planner_node-4] [rebo replan]: -------------------------------------476
[scan_planner_node-4] start:   -6 6.96  1.4, 0.000493     0.11   0.0244
[scan_planner_node-4] goal: -6   7 1.4, 0 0 0
[scan_planner_node-4] Close to goal
[scan_planner_node-4] final_plan_success=0
[scan_planner_node-4] 
[scan_planner_node-4] [rebo replan]: -------------------------------------477
[scan_planner_node-4] start:   -6 6.96  1.4, 0.000493     0.11   0.0244
[scan_planner_node-4] goal: -6   7 1.4, 0 0 0
[scan_planner_node-4] Close to goal
[scan_planner_node-4] final_plan_success=0
[scan_planner_node-4] 
[scan_planner_node-4] [rebo replan]: -------------------------------------478
[scan_planner_node-4] start:   -6 6.96  1.4, 0.000493     0.11   0.0244
[scan_planner_node-4] goal: -6   7 1.4, 0 0 0
[scan_planner_node-4] Close to goal
[scan_planner_node-4] final_plan_success=0
[scan_planner_node-4] [FSM]: from REPLAN_TRAJ to REPLAN_TRAJ
[terrain_path_visualizer-10] [INFO] [1785999532.709493487] [terrain_path_segmenter]: Segmented 193 path points into 3 sections
[scan_planner_node-4] 
[scan_planner_node-4] [rebo replan]: -------------------------------------479
[scan_planner_node-4] start:   -6 6.96  1.4, 0.000393   0.0875   0.0195
[scan_planner_node-4] goal: -6   7 1.4, 0 0 0
[scan_planner_node-4] Close to goal
[scan_planner_node-4] final_plan_success=0
[scan_planner_node-4] 
[scan_planner_node-4] [rebo replan]: -------------------------------------480
[scan_planner_node-4] start:   -6 6.96  1.4, 0.000393   0.0875   0.0195
[scan_planner_node-4] goal: -6   7 1.4, 0 0 0
[scan_planner_node-4] Close to goal
[scan_planner_node-4] final_plan_success=0
[scan_planner_node-4] 
[scan_planner_node-4] [rebo replan]: -------------------------------------481
[scan_planner_node-4] start:   -6 6.96  1.4, 0.000393   0.0875   0.0195
[scan_planner_node-4] goal: -6   7 1.4, 0 0 0
[scan_planner_node-4] Close to goal
[scan_planner_node-4] final_plan_success=0
[scan_planner_node-4] [FSM]: from REPLAN_TRAJ to REPLAN_TRAJ
[scan_planner_node-4] [INFO] [1785999532.746310777] [scan_planner_node]: [MapRefresh] Cleared occupancy and inflation for a new reference path; observation_sequence=3970
[scan_planner_node-4] [INFO] [1785999532.746361547] [scan_planner_node]: [MapRefresh] Deferred reference path until 2 fresh map observations have been fused (target_sequence=3972)
[scan_planner_node-4] [INFO] [1785999532.997734548] [scan_planner_node]: [MapRefresh] Fresh map ready at observation_sequence=3972; accepting deferred reference path
[scan_planner_node-4] [INFO] [1785999533.398247449] [scan_planner_node]: Reference path accepted
[scan_planner_node-4] 
[scan_planner_node-4] [rebo replan]: -------------------------------------482
[scan_planner_node-4] start:   -6 6.97  1.4, 2.75e-06 0.000451 9.81e-05
[scan_planner_node-4] goal:-2.35     7   1.4,      0.75 -1.31e-16         0
[scan_planner_node-4] [32miter(+1)=6,time(ms)=0.026,total_t(ms)=0.026,cost=0.033
[scan_planner_node-4] [0mfirst_optimize_step_success=1
[scan_planner_node-4] total time:[42m0.000242[0m,optimize:0.000194,refine:4.73e-05
[scan_planner_node-4] final_plan_success=1
[scan_planner_node-4] [FSM]: from REPLAN_TRAJ to EXEC_TRAJ
[closed_loop_controller-6] [INFO] [1785999533.398794138] [closed_loop_controller]: Received trajectory 258, duration 6.080s
[scan_planner_node-4] [INFO] [1785999534.333049942] [scan_planner_node]: [GridMapDiag] cloud=32768 accepted=15217 invalid=17551 below_sensor=0 outside_update=0 sensor_z=1.700 cutoff_z=2.700
[scan_planner_node-4] [FSM]: state: EXEC_TRAJ
[scan_planner_node-4] [INFO] [1785999536.428106640] [scan_planner_node]: [GridMapDiag] cloud=32768 accepted=15349 invalid=17419 below_sensor=0 outside_update=0 sensor_z=1.700 cutoff_z=2.700
[scan_planner_node-4] [FSM]: from EXEC_TRAJ to REPLAN_TRAJ
[scan_planner_node-4] 
[scan_planner_node-4] [rebo replan]: -------------------------------------483
[scan_planner_node-4] start: -4.97  6.99   1.4,    0.779  0.00754 0.000361
[scan_planner_node-4] goal:-1.47     7   1.4,     0.75 7.97e-16        0
[scan_planner_node-4] [32miter(+1)=6,time(ms)=0.023,total_t(ms)=0.024,cost=0.011
[scan_planner_node-4] [0mfirst_optimize_step_success=1
[scan_planner_node-4] total time:[42m0.000177[0m,optimize:0.000141,refine:3.63e-05
[scan_planner_node-4] final_plan_success=1
[scan_planner_node-4] [FSM]: from REPLAN_TRAJ to EXEC_TRAJ
[closed_loop_controller-6] [INFO] [1785999538.037571138] [closed_loop_controller]: Received trajectory 259, duration 5.440s
[scan_planner_node-4] [INFO] [1785999538.431499634] [scan_planner_node]: [GridMapDiag] cloud=32768 accepted=16766 invalid=16002 below_sensor=0 outside_update=0 sensor_z=1.700 cutoff_z=2.700
[scan_planner_node-4] [FSM]: state: EXEC_TRAJ
[scan_planner_node-4] [FSM]: from EXEC_TRAJ to REPLAN_TRAJ
[scan_planner_node-4] 
[scan_planner_node-4] [rebo replan]: -------------------------------------484
[scan_planner_node-4] start: -3.93     7   1.4,    0.636  0.00428 0.000216
[scan_planner_node-4] goal:-0.25     7   1.4,     0.75 5.24e-13        0
[scan_planner_node-4] [32miter(+1)=5,time(ms)=0.020,total_t(ms)=0.020,cost=0.001
[scan_planner_node-4] [0mfirst_optimize_step_success=1
[scan_planner_node-4] total time:[42m0.000182[0m,optimize:0.000143,refine:3.86e-05
[scan_planner_node-4] final_plan_success=1
[scan_planner_node-4] [FSM]: from REPLAN_TRAJ to EXEC_TRAJ
[closed_loop_controller-6] [INFO] [1785999539.702509551] [closed_loop_controller]: Received trajectory 260, duration 5.760s
[scan_planner_node-4] [INFO] [1785999540.435892226] [scan_planner_node]: [GridMapDiag] cloud=32768 accepted=19153 invalid=13615 below_sensor=0 outside_update=0 sensor_z=1.700 cutoff_z=2.700
[scan_planner_node-4] [FSM]: from EXEC_TRAJ to REPLAN_TRAJ
[scan_planner_node-4] 
[scan_planner_node-4] [rebo replan]: -------------------------------------485
[scan_planner_node-4] start: -2.91     7   1.4,    0.625 0.000829 0.000144
[scan_planner_node-4] goal:0.625     7   1.4,    0.75 4.2e-11       0
[scan_planner_node-4] [32miter(+1)=8,time(ms)=0.034,total_t(ms)=0.034,cost=0.005
[scan_planner_node-4] [0mfirst_optimize_step_success=1
[scan_planner_node-4] total time:[42m0.00024[0m,optimize:0.000179,refine:6.07e-05
[scan_planner_node-4] final_plan_success=1
[scan_planner_node-4] [FSM]: from REPLAN_TRAJ to EXEC_TRAJ
[closed_loop_controller-6] [INFO] [1785999541.334023147] [closed_loop_controller]: Received trajectory 261, duration 5.760s
[scan_planner_node-4] [INFO] [1785999542.434746706] [scan_planner_node]: [GridMapDiag] cloud=32768 accepted=20589 invalid=12179 below_sensor=0 outside_update=0 sensor_z=1.700 cutoff_z=2.700
[scan_planner_node-4] [FSM]: state: EXEC_TRAJ
[scan_planner_node-4] [FSM]: from EXEC_TRAJ to REPLAN_TRAJ
[scan_planner_node-4] 
[scan_planner_node-4] [rebo replan]: -------------------------------------486
[scan_planner_node-4] start: -1.85     7   1.4,    0.626 0.000143 0.000108
[scan_planner_node-4] goal:1.85    7  1.4,     0.75 6.37e-09        0
[scan_planner_node-4] [32miter(+1)=9,time(ms)=0.052,total_t(ms)=0.052,cost=0.006
[scan_planner_node-4] [0mfirst_optimize_step_success=1
[scan_planner_node-4] total time:[42m0.000278[0m,optimize:0.000227,refine:5.08e-05
[scan_planner_node-4] final_plan_success=1
[scan_planner_node-4] [FSM]: from REPLAN_TRAJ to EXEC_TRAJ
[closed_loop_controller-6] [INFO] [1785999543.032379049] [closed_loop_controller]: Received trajectory 262, duration 6.080s
[scan_planner_node-4] [INFO] [1785999544.433774435] [scan_planner_node]: [GridMapDiag] cloud=32768 accepted=20951 invalid=11817 below_sensor=0 outside_update=0 sensor_z=1.700 cutoff_z=2.700
[scan_planner_node-4] [FSM]: from EXEC_TRAJ to REPLAN_TRAJ
[scan_planner_node-4] 
[scan_planner_node-4] [rebo replan]: -------------------------------------487
[scan_planner_node-4] start: -0.786      7    1.4,    0.625 5.83e-05  7.2e-05
[scan_planner_node-4] goal:2.73    7  1.4,      0.75 -3.86e-08         0
[scan_planner_node-4] [32miter(+1)=8,time(ms)=0.040,total_t(ms)=0.040,cost=0.006
[scan_planner_node-4] [0mfirst_optimize_step_success=1
[scan_planner_node-4] total time:[42m0.000239[0m,optimize:0.000191,refine:4.78e-05
[scan_planner_node-4] final_plan_success=1
[scan_planner_node-4] [FSM]: from REPLAN_TRAJ to EXEC_TRAJ
[closed_loop_controller-6] [INFO] [1785999544.731403599] [closed_loop_controller]: Received trajectory 263, duration 5.760s
[scan_planner_node-4] [FSM]: from EXEC_TRAJ to REPLAN_TRAJ
[scan_planner_node-4] 
[scan_planner_node-4] [rebo replan]: -------------------------------------488
[scan_planner_node-4] start: 0.253     7   1.4,    0.626 5.96e-07 5.42e-05
[scan_planner_node-4] goal:3.95    7  1.4,      0.75 -2.54e-05         0
[scan_planner_node-4] [32miter(+1)=8,time(ms)=0.029,total_t(ms)=0.030,cost=0.008
[scan_planner_node-4] [0mfirst_optimize_step_success=1
[scan_planner_node-4] total time:[42m0.000216[0m,optimize:0.000162,refine:5.37e-05
[scan_planner_node-4] final_plan_success=1
[scan_planner_node-4] [FSM]: from REPLAN_TRAJ to EXEC_TRAJ
[closed_loop_controller-6] [INFO] [1785999546.393080712] [closed_loop_controller]: Received trajectory 264, duration 6.080s
[scan_planner_node-4] [INFO] [1785999546.437103811] [scan_planner_node]: [GridMapDiag] cloud=32768 accepted=20992 invalid=11776 below_sensor=0 outside_update=0 sensor_z=1.700 cutoff_z=2.700
[scan_planner_node-4] [FSM]: state: EXEC_TRAJ
[scan_planner_node-4] [FSM]: from EXEC_TRAJ to REPLAN_TRAJ
[scan_planner_node-4] 
[scan_planner_node-4] [rebo replan]: -------------------------------------489
[scan_planner_node-4] start: 1.28    7  1.4,    0.625 2.04e-06 3.63e-05
[scan_planner_node-4] goal:  5   7 1.4,    0.75 0.00411       0
[scan_planner_node-4] [32miter(+1)=8,time(ms)=0.037,total_t(ms)=0.037,cost=0.006
[scan_planner_node-4] [0mfirst_optimize_step_success=1
[scan_planner_node-4] total time:[42m0.000241[0m,optimize:0.000188,refine:5.27e-05
[scan_planner_node-4] final_plan_success=1
[scan_planner_node-4] [FSM]: from REPLAN_TRAJ to EXEC_TRAJ
[closed_loop_controller-6] [INFO] [1785999548.033776078] [closed_loop_controller]: Received trajectory 265, duration 6.080s
[scan_planner_node-4] [INFO] [1785999548.527762053] [scan_planner_node]: [GridMapDiag] cloud=32768 accepted=20824 invalid=11944 below_sensor=0 outside_update=0 sensor_z=1.700 cutoff_z=2.700
[scan_planner_node-4] [FSM]: from EXEC_TRAJ to REPLAN_TRAJ
[scan_planner_node-4] 
[scan_planner_node-4] [rebo replan]: -------------------------------------490
[scan_planner_node-4] start: 2.33    7  1.4,    0.625 2.38e-05  2.6e-05
[scan_planner_node-4] goal:5.89 7.01  1.4, 0.743 0.103     0
[scan_planner_node-4] [32miter(+1)=6,time(ms)=0.022,total_t(ms)=0.023,cost=0.007
[scan_planner_node-4] [0mfirst_optimize_step_success=1
[scan_planner_node-4] total time:[42m0.000184[0m,optimize:0.000147,refine:3.67e-05
[scan_planner_node-4] final_plan_success=1
[scan_planner_node-4] [FSM]: from REPLAN_TRAJ to EXEC_TRAJ
[closed_loop_controller-6] [INFO] [1785999549.724322277] [closed_loop_controller]: Received trajectory 266, duration 5.760s
[scan_planner_node-4] [FSM]: state: EXEC_TRAJ
[scan_planner_node-4] [INFO] [1785999550.625461876] [scan_planner_node]: [GridMapDiag] cloud=32768 accepted=20000 invalid=12768 below_sensor=0 outside_update=0 sensor_z=1.700 cutoff_z=2.700
[scan_planner_node-4] [FSM]: from EXEC_TRAJ to REPLAN_TRAJ
[scan_planner_node-4] 
[scan_planner_node-4] [rebo replan]: -------------------------------------491
[scan_planner_node-4] start: 3.37    7  1.4,    0.625 0.000234 1.95e-05
[scan_planner_node-4] goal:  6 5.9 1.4, 0.000709   -0.749        0
[scan_planner_node-4] [32miter(+1)=12,time(ms)=0.046,total_t(ms)=0.046,cost=0.018
[scan_planner_node-4] [0mfirst_optimize_step_success=1
[scan_planner_node-4] total time:[42m0.00023[0m,optimize:0.000189,refine:4.1e-05
[scan_planner_node-4] final_plan_success=1
[scan_planner_node-4] [FSM]: from REPLAN_TRAJ to EXEC_TRAJ
[closed_loop_controller-6] [INFO] [1785999551.389891042] [closed_loop_controller]: Received trajectory 267, duration 6.400s
[scan_planner_node-4] [INFO] [1785999552.706378748] [scan_planner_node]: [GridMapDiag] cloud=32768 accepted=28321 invalid=4447 below_sensor=0 outside_update=0 sensor_z=0.700 cutoff_z=1.700
[scan_planner_node-4] [FSM]: from EXEC_TRAJ to REPLAN_TRAJ
[scan_planner_node-4] 
[scan_planner_node-4] [rebo replan]: -------------------------------------492
[scan_planner_node-4] start: 4.4   7 1.4,    0.623  0.00438 1.23e-05
[scan_planner_node-4] goal:  6   5 1.4, 0 0 0
[scan_planner_node-4] [32miter(+1)=31,time(ms)=0.192,total_t(ms)=0.192,cost=0.025
[scan_planner_node-4] [0mfirst_optimize_step_success=1
[scan_planner_node-4] total time:[42m0.000408[0m,optimize:0.000357,refine:5.08e-05
[scan_planner_node-4] final_plan_success=1
[scan_planner_node-4] [FSM]: from REPLAN_TRAJ to EXEC_TRAJ
[closed_loop_controller-6] [INFO] [1785999553.033933527] [closed_loop_controller]: Received trajectory 268, duration 6.080s
[scan_planner_node-4] [FSM]: state: EXEC_TRAJ
[scan_planner_node-4] [FSM]: from EXEC_TRAJ to REPLAN_TRAJ
[scan_planner_node-4] 
[scan_planner_node-4] [rebo replan]: -------------------------------------493
[scan_planner_node-4] start: 5.41 7.02  1.4,    0.665   0.0109 9.82e-06
[scan_planner_node-4] goal:  6   5 1.4, 0 0 0
[scan_planner_node-4] [32miter(+1)=24,time(ms)=0.153,total_t(ms)=0.153,cost=0.047
[scan_planner_node-4] [0mfirst_optimize_step_success=1
[scan_planner_node-4] Need to reallocate time.
[scan_planner_node-4] total time:[42m0.000518[0m,optimize:0.00028,refine:0.000237
[scan_planner_node-4] final_plan_success=1
[scan_planner_node-4] [FSM]: from REPLAN_TRAJ to EXEC_TRAJ
[closed_loop_controller-6] [INFO] [1785999554.584177355] [closed_loop_controller]: Received trajectory 269, duration 4.985s
[scan_planner_node-4] [INFO] [1785999554.829589348] [scan_planner_node]: [GridMapDiag] cloud=32768 accepted=15643 invalid=17125 below_sensor=0 outside_update=0 sensor_z=1.700 cutoff_z=2.700
[scan_planner_node-4] [INFO] [1785999556.830414064] [scan_planner_node]: [GridMapDiag] cloud=32768 accepted=15258 invalid=17510 below_sensor=0 outside_update=0 sensor_z=1.700 cutoff_z=2.700
[scan_planner_node-4] [FSM]: from EXEC_TRAJ to REPLAN_TRAJ
[scan_planner_node-4] 
[scan_planner_node-4] [rebo replan]: -------------------------------------494
[scan_planner_node-4] start: 6.13 6.29  1.4, -0.00401    -0.69 8.12e-06
[scan_planner_node-4] goal:  6   5 1.4, 0 0 0
[scan_planner_node-4] [32miter(+1)=12,time(ms)=0.029,total_t(ms)=0.029,cost=0.055
[scan_planner_node-4] [0mfirst_optimize_step_success=1
[scan_planner_node-4] Need to reallocate time.
[scan_planner_node-4] total time:[42m0.000155[0m,optimize:8.45e-05,refine:7.09e-05
[scan_planner_node-4] final_plan_success=1
[scan_planner_node-4] [FSM]: from REPLAN_TRAJ to EXEC_TRAJ
[closed_loop_controller-6] [INFO] [1785999557.190672317] [closed_loop_controller]: Received trajectory 270, duration 2.602s
[scan_planner_node-4] [FSM]: state: EXEC_TRAJ
[scan_planner_node-4] [FSM]: from EXEC_TRAJ to REPLAN_TRAJ
[scan_planner_node-4] 
[scan_planner_node-4] [rebo replan]: -------------------------------------495
[scan_planner_node-4] start: 6.04 5.28  1.4,  -0.0723   -0.534 7.93e-06
[scan_planner_node-4] goal:  6   5 1.4, 0 0 0
[scan_planner_node-4] [32miter(+1)=15,time(ms)=0.049,total_t(ms)=0.049,cost=0.001
[scan_planner_node-4] [0mfirst_optimize_step_success=1
[scan_planner_node-4] total time:[42m0.000122[0m,optimize:0.0001,refine:2.18e-05
[scan_planner_node-4] final_plan_success=1
[scan_planner_node-4] [FSM]: from REPLAN_TRAJ to EXEC_TRAJ
[closed_loop_controller-6] [INFO] [1785999558.635787566] [closed_loop_controller]: Received trajectory 271, duration 2.240s
[terrain_path_visualizer-10] [INFO] [1785999558.674777054] [terrain_path_segmenter]: Visualization advanced to segment 2/3
[scan_planner_node-4] [INFO] [1785999558.781893016] [scan_planner_node]: [MapRefresh] Cleared occupancy and inflation for a new reference path; observation_sequence=4187
[scan_planner_node-4] [INFO] [1785999558.781966392] [scan_planner_node]: [MapRefresh] Deferred reference path until 2 fresh map observations have been fused (target_sequence=4189)
[scan_planner_node-4] [INFO] [1785999558.865112962] [scan_planner_node]: [GridMapDiag] cloud=32768 accepted=15337 invalid=17431 below_sensor=0 outside_update=0 sensor_z=1.700 cutoff_z=2.700
[scan_planner_node-4] [INFO] [1785999559.025072091] [scan_planner_node]: [MapRefresh] Fresh map ready at observation_sequence=4189; accepting deferred reference path
[scan_planner_node-4] [TRIG]: from EXEC_TRAJ to REPLAN_TRAJ
[scan_planner_node-4] 
[scan_planner_node-4] [rebo replan]: -------------------------------------496
[scan_planner_node-4] start: 6.02 5.15  1.4, -0.0416  -0.333 2.7e-06
[scan_planner_node-4] goal:  6   3 0.4, 0 0 0
[scan_planner_node-4] [INFO] [1785999559.028676762] [scan_planner_node]: Reference path accepted
[scan_planner_node-4] [32miter(+1)=4,time(ms)=0.021,total_t(ms)=0.022,cost=0.053
[scan_planner_node-4] [0mfirst_optimize_step_success=1
[scan_planner_node-4] Need to reallocate time.
[scan_planner_node-4] total time:[42m0.000272[0m,optimize:0.000138,refine:0.000134
[scan_planner_node-4] final_plan_success=1
[scan_planner_node-4] [FSM]: from REPLAN_TRAJ to EXEC_TRAJ
[closed_loop_controller-6] [INFO] [1785999559.029159162] [closed_loop_controller]: Received trajectory 272, duration 5.293s
[scan_planner_node-4] [INFO] [1785999560.934201979] [scan_planner_node]: [GridMapDiag] cloud=32768 accepted=19430 invalid=13338 below_sensor=0 outside_update=0 sensor_z=1.455 cutoff_z=2.455
[scan_planner_node-4] [FSM]: state: EXEC_TRAJ
[scan_planner_node-4] [FSM]: from EXEC_TRAJ to REPLAN_TRAJ
[scan_planner_node-4] 
[scan_planner_node-4] [rebo replan]: -------------------------------------497
[scan_planner_node-4] start:  6.01  4.21 0.965, -0.00118   -0.603   -0.283
[scan_planner_node-4] goal:  6   3 0.4, 0 0 0
[scan_planner_node-4] [32miter(+1)=15,time(ms)=0.033,total_t(ms)=0.033,cost=0.226
[scan_planner_node-4] [0mfirst_optimize_step_success=1
[scan_planner_node-4] Need to reallocate time.
[scan_planner_node-4] total time:[42m0.000165[0m,optimize:9.3e-05,refine:7.24e-05
[scan_planner_node-4] final_plan_success=1
[scan_planner_node-4] [FSM]: from REPLAN_TRAJ to EXEC_TRAJ
[closed_loop_controller-6] [INFO] [1785999561.435463816] [closed_loop_controller]: Received trajectory 273, duration 2.896s
[scan_planner_node-4] [INFO] [1785999562.935312271] [scan_planner_node]: [GridMapDiag] cloud=32768 accepted=26873 invalid=5895 below_sensor=0 outside_update=0 sensor_z=0.873 cutoff_z=1.873
[scan_planner_node-4] [FSM]: from EXEC_TRAJ to REPLAN_TRAJ
[terrain_path_visualizer-10] [INFO] [1785999563.104573280] [terrain_path_segmenter]: Visualization advanced to segment 3/3
[scan_planner_node-4] 
[scan_planner_node-4] [rebo replan]: -------------------------------------498
[scan_planner_node-4] start:  6.01  3.24 0.629, -0.00777   -0.417   -0.124
[scan_planner_node-4] goal:  6   3 0.4, 0 0 0
[scan_planner_node-4] [32miter(+1)=10,time(ms)=0.018,total_t(ms)=0.018,cost=0.025
[scan_planner_node-4] [0mfirst_optimize_step_success=1
[scan_planner_node-4] total time:[42m8.06e-05[0m,optimize:6.32e-05,refine:1.74e-05
[scan_planner_node-4] final_plan_success=1
[scan_planner_node-4] [FSM]: from REPLAN_TRAJ to EXEC_TRAJ
[closed_loop_controller-6] [INFO] [1785999563.127414113] [closed_loop_controller]: Received trajectory 274, duration 1.920s
[scan_planner_node-4] [INFO] [1785999563.134423507] [scan_planner_node]: [MapRefresh] Cleared occupancy and inflation for a new reference path; observation_sequence=4229
[scan_planner_node-4] [INFO] [1785999563.134463664] [scan_planner_node]: [MapRefresh] Deferred reference path until 2 fresh map observations have been fused (target_sequence=4231)
[scan_planner_node-4] [INFO] [1785999563.294493788] [scan_planner_node]: [MapRefresh] Fresh map ready at observation_sequence=4231; accepting deferred reference path
[scan_planner_node-4] [TRIG]: from EXEC_TRAJ to REPLAN_TRAJ
[scan_planner_node-4] 
[scan_planner_node-4] [rebo replan]: -------------------------------------499
[scan_planner_node-4] [INFO] [1785999564.150319959] [scan_planner_node]: Reference path accepted
[scan_planner_node-4] start:     6  3.03 0.487, -0.00207  -0.0765  -0.0756
[scan_planner_node-4] goal:    6 -0.65   0.4, -1.25e-05     -0.75         0
[scan_planner_node-4] [32miter(+1)=22,time(ms)=0.106,total_t(ms)=0.106,cost=0.020
[scan_planner_node-4] [0mfirst_optimize_step_success=1
[scan_planner_node-4] total time:[42m0.000308[0m,optimize:0.000259,refine:4.9e-05
[scan_planner_node-4] final_plan_success=1
[scan_planner_node-4] [FSM]: from REPLAN_TRAJ to EXEC_TRAJ
[closed_loop_controller-6] [INFO] [1785999564.150882304] [closed_loop_controller]: Received trajectory 275, duration 6.400s
[scan_planner_node-4] [INFO] [1785999565.034480274] [scan_planner_node]: [GridMapDiag] cloud=32768 accepted=27687 invalid=5081 below_sensor=0 outside_update=0 sensor_z=0.700 cutoff_z=1.700
[scan_planner_node-4] [FSM]: state: EXEC_TRAJ
[scan_planner_node-4] [INFO] [1785999567.081857847] [scan_planner_node]: [GridMapDiag] cloud=32768 accepted=26357 invalid=6411 below_sensor=0 outside_update=0 sensor_z=0.700 cutoff_z=1.700
[scan_planner_node-4] [FSM]: from EXEC_TRAJ to REPLAN_TRAJ
[scan_planner_node-4] 
[scan_planner_node-4] [rebo replan]: -------------------------------------500
[scan_planner_node-4] start:     6  2.01 0.468, -5.44e-05    -0.768   -0.0165
[scan_planner_node-4] goal:   6 -1.7  0.4, 0.000305    -0.75        0
[scan_planner_node-4] [32miter(+1)=6,time(ms)=0.023,total_t(ms)=0.023,cost=0.007
[scan_planner_node-4] [0mfirst_optimize_step_success=1
[scan_planner_node-4] total time:[42m0.0002[0m,optimize:0.000162,refine:3.78e-05
[scan_planner_node-4] final_plan_success=1
[scan_planner_node-4] [FSM]: from REPLAN_TRAJ to EXEC_TRAJ
[closed_loop_controller-6] [INFO] [1785999567.083794751] [closed_loop_controller]: Received trajectory 276, duration 5.760s
[scan_planner_node-4] [FSM]: from EXEC_TRAJ to REPLAN_TRAJ
[scan_planner_node-4] 
[scan_planner_node-4] [rebo replan]: -------------------------------------501
[scan_planner_node-4] start:     6 0.991 0.449, -0.000374    -0.633   -0.0115
[scan_planner_node-4] goal:    6 -2.58   0.4, -0.0381  -0.712       0
[scan_planner_node-4] [32miter(+1)=6,time(ms)=0.023,total_t(ms)=0.023,cost=0.004
[scan_planner_node-4] [0mfirst_optimize_step_success=1
[scan_planner_node-4] total time:[42m0.000191[0m,optimize:0.000152,refine:3.91e-05
[scan_planner_node-4] final_plan_success=1
[scan_planner_node-4] [FSM]: from REPLAN_TRAJ to EXEC_TRAJ
[closed_loop_controller-6] [INFO] [1785999568.706784181] [closed_loop_controller]: Received trajectory 277, duration 5.760s
[scan_planner_node-4] [INFO] [1785999569.136717422] [scan_planner_node]: [GridMapDiag] cloud=32768 accepted=25586 invalid=7182 below_sensor=0 outside_update=0 sensor_z=0.700 cutoff_z=1.700
[scan_planner_node-4] [FSM]: from EXEC_TRAJ to REPLAN_TRAJ
[scan_planner_node-4] [FSM]: state: REPLAN_TRAJ
[scan_planner_node-4] 
[scan_planner_node-4] [rebo replan]: -------------------------------------502
[scan_planner_node-4] start:       6 -0.0334   0.435, -0.000156    -0.625  -0.00863
[scan_planner_node-4] goal:5.37   -3  0.4, -0.75 0.016     0
[scan_planner_node-4] [32miter(+1)=11,time(ms)=0.066,total_t(ms)=0.067,cost=0.007
[scan_planner_node-4] [0mfirst_optimize_step_success=1
[scan_planner_node-4] total time:[42m0.000344[0m,optimize:0.000269,refine:7.45e-05
[scan_planner_node-4] final_plan_success=1
[scan_planner_node-4] [FSM]: from REPLAN_TRAJ to EXEC_TRAJ
[closed_loop_controller-6] [INFO] [1785999570.348759110] [closed_loop_controller]: Received trajectory 278, duration 5.760s
[scan_planner_node-4] [INFO] [1785999571.307861721] [scan_planner_node]: [GridMapDiag] cloud=32768 accepted=24979 invalid=7789 below_sensor=0 outside_update=0 sensor_z=0.700 cutoff_z=1.700
[scan_planner_node-4] [FSM]: from EXEC_TRAJ to REPLAN_TRAJ
[scan_planner_node-4] 
[scan_planner_node-4] [rebo replan]: -------------------------------------503
[scan_planner_node-4] start:     6  -1.1 0.424, -0.00378   -0.623 -0.00622
[scan_planner_node-4] goal:4.15   -3  0.4,   -0.75 5.9e-05       0
[scan_planner_node-4] [32miter(+1)=11,time(ms)=0.042,total_t(ms)=0.043,cost=0.008
[scan_planner_node-4] [0mfirst_optimize_step_success=1
[scan_planner_node-4] total time:[42m0.000223[0m,optimize:0.00017,refine:5.32e-05
[scan_planner_node-4] final_plan_success=1
[scan_planner_node-4] [FSM]: from REPLAN_TRAJ to EXEC_TRAJ
[closed_loop_controller-6] [INFO] [1785999572.052069806] [closed_loop_controller]: Received trajectory 279, duration 5.760s
[scan_planner_node-4] [INFO] [1785999573.321025245] [scan_planner_node]: [GridMapDiag] cloud=32768 accepted=24509 invalid=8259 below_sensor=0 outside_update=0 sensor_z=0.700 cutoff_z=1.700
[scan_planner_node-4] [FSM]: from EXEC_TRAJ to REPLAN_TRAJ
[scan_planner_node-4] 
[scan_planner_node-4] [rebo replan]: -------------------------------------504
[scan_planner_node-4] start:  6.02  -2.2 0.417,   0.0478   -0.655 -0.00422
[scan_planner_node-4] goal:3.1  -3 0.4,    -0.75 3.61e-07        0
[scan_planner_node-4] [32miter(+1)=11,time(ms)=0.067,total_t(ms)=0.067,cost=0.006
[scan_planner_node-4] [0mfirst_optimize_step_success=1
[scan_planner_node-4] total time:[42m0.000302[0m,optimize:0.000249,refine:5.32e-05
[scan_planner_node-4] final_plan_success=1
[scan_planner_node-4] [FSM]: from REPLAN_TRAJ to EXEC_TRAJ
[closed_loop_controller-6] [INFO] [1785999573.818539614] [closed_loop_controller]: Received trajectory 280, duration 5.440s
[scan_planner_node-4] [INFO] [1785999575.334253632] [scan_planner_node]: [GridMapDiag] cloud=32768 accepted=24189 invalid=8579 below_sensor=0 outside_update=0 sensor_z=0.700 cutoff_z=1.700
[scan_planner_node-4] [FSM]: state: EXEC_TRAJ
[scan_planner_node-4] [FSM]: from EXEC_TRAJ to REPLAN_TRAJ
[scan_planner_node-4] 
[scan_planner_node-4] [rebo replan]: -------------------------------------505
[scan_planner_node-4] start:  5.36 -3.01 0.411,   -0.653   0.0075 -0.00301
[scan_planner_node-4] goal:1.7  -3 0.4,    -0.75 -9.9e-10        0
[scan_planner_node-4] [32miter(+1)=4,time(ms)=0.016,total_t(ms)=0.017,cost=0.003
[scan_planner_node-4] [0mfirst_optimize_step_success=1
[scan_planner_node-4] total time:[42m0.000189[0m,optimize:0.000149,refine:4.06e-05
[scan_planner_node-4] final_plan_success=1
[scan_planner_node-4] [FSM]: from REPLAN_TRAJ to EXEC_TRAJ
[closed_loop_controller-6] [INFO] [1785999576.138946210] [closed_loop_controller]: Received trajectory 281, duration 5.760s
[scan_planner_node-4] [INFO] [1785999577.339885622] [scan_planner_node]: [GridMapDiag] cloud=32768 accepted=23861 invalid=8907 below_sensor=0 outside_update=0 sensor_z=0.700 cutoff_z=1.700
[scan_planner_node-4] [FSM]: from EXEC_TRAJ to REPLAN_TRAJ
[scan_planner_node-4] 
[scan_planner_node-4] [rebo replan]: -------------------------------------506
[scan_planner_node-4] start:  4.31    -3 0.408,   -0.624   -0.013 -0.00186
[scan_planner_node-4] goal:0.825    -3   0.4,     -0.75 -9.74e-11         0
[scan_planner_node-4] [32miter(+1)=5,time(ms)=0.022,total_t(ms)=0.022,cost=0.001
[scan_planner_node-4] [0mfirst_optimize_step_success=1
[scan_planner_node-4] total time:[42m0.000207[0m,optimize:0.000169,refine:3.8e-05
[scan_planner_node-4] final_plan_success=1
[scan_planner_node-4] [FSM]: from REPLAN_TRAJ to EXEC_TRAJ
[closed_loop_controller-6] [INFO] [1785999577.832486785] [closed_loop_controller]: Received trajectory 282, duration 5.440s
[scan_planner_node-4] [INFO] [1785999579.434768163] [scan_planner_node]: [GridMapDiag] cloud=32768 accepted=24347 invalid=8421 below_sensor=0 outside_update=0 sensor_z=0.700 cutoff_z=1.700
[scan_planner_node-4] [FSM]: from EXEC_TRAJ to REPLAN_TRAJ
[scan_planner_node-4] 
[scan_planner_node-4] [rebo replan]: -------------------------------------507
[scan_planner_node-4] start:  3.28    -3 0.405,   -0.625  -0.0012 -0.00139
[scan_planner_node-4] goal:-0.4   -3  0.4,    -0.75 1.53e-11        0
[scan_planner_node-4] [32miter(+1)=14,time(ms)=0.054,total_t(ms)=0.054,cost=0.004
[scan_planner_node-4] [0mfirst_optimize_step_success=1
[scan_planner_node-4] total time:[42m0.000234[0m,optimize:0.00019,refine:4.43e-05
[scan_planner_node-4] final_plan_success=1
[scan_planner_node-4] [FSM]: from REPLAN_TRAJ to EXEC_TRAJ
[closed_loop_controller-6] [INFO] [1785999579.475359217] [closed_loop_controller]: Received trajectory 283, duration 6.080s
[scan_planner_node-4] [FSM]: state: EXEC_TRAJ
[scan_planner_node-4] [FSM]: from EXEC_TRAJ to REPLAN_TRAJ
[scan_planner_node-4] 
[scan_planner_node-4] [rebo replan]: -------------------------------------508
[scan_planner_node-4] start:  2.23    -3 0.404,    -0.622  -0.00115 -0.000928
[scan_planner_node-4] goal:-1.27    -3   0.4,    -0.75 3.94e-10        0
[scan_planner_node-4] [32miter(+1)=13,time(ms)=0.079,total_t(ms)=0.079,cost=0.003
[scan_planner_node-4] [0mfirst_optimize_step_success=1
[scan_planner_node-4] total time:[42m0.000333[0m,optimize:0.000272,refine:6.11e-05
[scan_planner_node-4] final_plan_success=1
[scan_planner_node-4] [FSM]: from REPLAN_TRAJ to EXEC_TRAJ
[closed_loop_controller-6] [INFO] [1785999581.150923428] [closed_loop_controller]: Received trajectory 284, duration 5.760s
[scan_planner_node-4] [INFO] [1785999581.586096527] [scan_planner_node]: [GridMapDiag] cloud=32768 accepted=25305 invalid=7463 below_sensor=0 outside_update=0 sensor_z=0.700 cutoff_z=1.700
[scan_planner_node-4] [FSM]: from EXEC_TRAJ to REPLAN_TRAJ
[scan_planner_node-4] 
[scan_planner_node-4] [rebo replan]: -------------------------------------509
[scan_planner_node-4] start:  1.17    -3 0.403,    -0.626  0.000203 -0.000695
[scan_planner_node-4] goal:-2.33    -3   0.4,    -0.75 7.16e-09        0
[scan_planner_node-4] [32miter(+1)=6,time(ms)=0.039,total_t(ms)=0.039,cost=0.001
[scan_planner_node-4] [0mfirst_optimize_step_success=1
[scan_planner_node-4] total time:[42m0.000271[0m,optimize:0.000217,refine:5.42e-05
[scan_planner_node-4] final_plan_success=1
[scan_planner_node-4] [FSM]: from REPLAN_TRAJ to EXEC_TRAJ
[closed_loop_controller-6] [INFO] [1785999582.853472030] [closed_loop_controller]: Received trajectory 285, duration 5.440s
[scan_planner_node-4] [INFO] [1785999583.598865062] [scan_planner_node]: [GridMapDiag] cloud=32768 accepted=25183 invalid=7585 below_sensor=0 outside_update=0 sensor_z=0.700 cutoff_z=1.700
[scan_planner_node-4] [FSM]: from EXEC_TRAJ to REPLAN_TRAJ
[scan_planner_node-4] 
[scan_planner_node-4] [rebo replan]: -------------------------------------510
[scan_planner_node-4] start: 0.0968     -3  0.402,    -0.625  1.05e-05 -0.000486
[scan_planner_node-4] goal:-3.55    -3   0.4,    -0.75 4.71e-06        0
[scan_planner_node-4] [32miter(+1)=4,time(ms)=0.020,total_t(ms)=0.020,cost=0.002
[scan_planner_node-4] [0mfirst_optimize_step_success=1
[scan_planner_node-4] total time:[42m0.00024[0m,optimize:0.000188,refine:5.24e-05
[scan_planner_node-4] final_plan_success=1
[scan_planner_node-4] [FSM]: from REPLAN_TRAJ to EXEC_TRAJ
[closed_loop_controller-6] [INFO] [1785999584.572521731] [closed_loop_controller]: Received trajectory 286, duration 5.760s
[scan_planner_node-4] [INFO] [1785999585.641655973] [scan_planner_node]: [GridMapDiag] cloud=32768 accepted=25137 invalid=7631 below_sensor=0 outside_update=0 sensor_z=0.700 cutoff_z=1.700
[scan_planner_node-4] [FSM]: state: EXEC_TRAJ
[scan_planner_node-4] [FSM]: from EXEC_TRAJ to REPLAN_TRAJ
[scan_planner_node-4] 
[scan_planner_node-4] [rebo replan]: -------------------------------------511
[scan_planner_node-4] start: -0.959     -3  0.401,    -0.625 -1.55e-07 -0.000323
[scan_planner_node-4] goal:-4.6   -3  0.4,     -0.75 -0.000765         0
[scan_planner_node-4] [32miter(+1)=4,time(ms)=0.028,total_t(ms)=0.028,cost=0.002
[scan_planner_node-4] [0mfirst_optimize_step_success=1
[scan_planner_node-4] total time:[42m0.000278[0m,optimize:0.000218,refine:6.06e-05
[scan_planner_node-4] final_plan_success=1
[scan_planner_node-4] [FSM]: from REPLAN_TRAJ to EXEC_TRAJ
[closed_loop_controller-6] [INFO] [1785999586.262825220] [closed_loop_controller]: Received trajectory 287, duration 5.760s
[scan_planner_node-4] [INFO] [1785999587.830814429] [scan_planner_node]: [GridMapDiag] cloud=32768 accepted=24991 invalid=7777 below_sensor=0 outside_update=0 sensor_z=0.700 cutoff_z=1.700
[scan_planner_node-4] [FSM]: from EXEC_TRAJ to REPLAN_TRAJ
[scan_planner_node-4] 
[scan_planner_node-4] [rebo replan]: -------------------------------------512
[scan_planner_node-4] start: -2.02    -3 0.401,   -0.625 1.62e-06 -0.00023
[scan_planner_node-4] goal:-5.48    -3   0.4,   -0.75 -0.0186       0
[scan_planner_node-4] [32miter(+1)=4,time(ms)=0.017,total_t(ms)=0.017,cost=0.001
[scan_planner_node-4] [0mfirst_optimize_step_success=1
[scan_planner_node-4] total time:[42m0.000178[0m,optimize:0.00014,refine:3.86e-05
[scan_planner_node-4] final_plan_success=1
[scan_planner_node-4] [FSM]: from REPLAN_TRAJ to EXEC_TRAJ
[closed_loop_controller-6] [INFO] [1785999587.958675871] [closed_loop_controller]: Received trajectory 288, duration 5.440s
[scan_planner_node-4] [FSM]: from EXEC_TRAJ to REPLAN_TRAJ
[scan_planner_node-4] 
[scan_planner_node-4] [rebo replan]: -------------------------------------513
[scan_planner_node-4] start: -3.07    -3 0.401,    -0.625 -2.29e-06 -0.000172
[scan_planner_node-4] goal:  -6 -2.3  0.4, -0.00383    0.746        0
[scan_planner_node-4] [32miter(+1)=12,time(ms)=0.047,total_t(ms)=0.047,cost=0.006
[scan_planner_node-4] [0mfirst_optimize_step_success=1
[scan_planner_node-4] total time:[42m0.000219[0m,optimize:0.000177,refine:4.23e-05
[scan_planner_node-4] final_plan_success=1
[scan_planner_node-4] [FSM]: from REPLAN_TRAJ to EXEC_TRAJ
[closed_loop_controller-6] [INFO] [1785999589.632962600] [closed_loop_controller]: Received trajectory 289, duration 5.760s
[scan_planner_node-4] [INFO] [1785999589.984044554] [scan_planner_node]: [GridMapDiag] cloud=32768 accepted=24315 invalid=8453 below_sensor=0 outside_update=0 sensor_z=0.700 cutoff_z=1.700
[scan_planner_node-4] [FSM]: from EXEC_TRAJ to REPLAN_TRAJ
[scan_planner_node-4] 
[scan_planner_node-4] [rebo replan]: -------------------------------------514
[scan_planner_node-4] start: -4.11    -3   0.4,    -0.623  -0.00332 -0.000116
[scan_planner_node-4] goal:   -6 -1.42   0.4, -0.000377      0.75         0
[scan_planner_node-4] [32miter(+1)=12,time(ms)=0.042,total_t(ms)=0.043,cost=0.006
[scan_planner_node-4] [0mfirst_optimize_step_success=1
[scan_planner_node-4] total time:[42m0.000196[0m,optimize:0.00016,refine:3.6e-05
[scan_planner_node-4] final_plan_success=1
[scan_planner_node-4] [FSM]: from REPLAN_TRAJ to EXEC_TRAJ
[closed_loop_controller-6] [INFO] [1785999591.300982868] [closed_loop_controller]: Received trajectory 290, duration 5.120s
[scan_planner_node-4] [FSM]: state: EXEC_TRAJ
[scan_planner_node-4] [INFO] [1785999592.024719224] [scan_planner_node]: [GridMapDiag] cloud=32768 accepted=23901 invalid=8867 below_sensor=0 outside_update=0 sensor_z=0.700 cutoff_z=1.700
[scan_planner_node-4] [FSM]: from EXEC_TRAJ to REPLAN_TRAJ
[scan_planner_node-4] 
[scan_planner_node-4] [rebo replan]: -------------------------------------515
[scan_planner_node-4] start: -5.13 -3.01   0.4,    -0.642   -0.0662 -8.85e-05
[scan_planner_node-4] goal:    -6 -0.375    0.4, 3.58e-06     0.75        0
[scan_planner_node-4] [32miter(+1)=11,time(ms)=0.067,total_t(ms)=0.068,cost=0.006
[scan_planner_node-4] [0mfirst_optimize_step_success=1
[scan_planner_node-4] total time:[42m0.000339[0m,optimize:0.000276,refine:6.32e-05
[scan_planner_node-4] final_plan_success=1
[scan_planner_node-4] [FSM]: from REPLAN_TRAJ to EXEC_TRAJ
[closed_loop_controller-6] [INFO] [1785999592.934255230] [closed_loop_controller]: Received trajectory 291, duration 5.120s
[scan_planner_node-4] [INFO] [1785999594.025139682] [scan_planner_node]: [GridMapDiag] cloud=32768 accepted=24126 invalid=8642 below_sensor=0 outside_update=0 sensor_z=0.700 cutoff_z=1.700
[scan_planner_node-4] [FSM]: from EXEC_TRAJ to REPLAN_TRAJ
[scan_planner_node-4] 
[scan_planner_node-4] [rebo replan]: -------------------------------------516
[scan_planner_node-4] start: -6.01 -2.47   0.4,   -0.0612     0.646 -6.09e-05
[scan_planner_node-4] goal: -6   1 0.4, 0 0 0
[scan_planner_node-4] [32miter(+1)=26,time(ms)=0.137,total_t(ms)=0.138,cost=0.021
[scan_planner_node-4] [0mfirst_optimize_step_success=1
[scan_planner_node-4] total time:[42m0.000325[0m,optimize:0.000287,refine:3.84e-05
[scan_planner_node-4] final_plan_success=1
[scan_planner_node-4] [FSM]: from REPLAN_TRAJ to EXEC_TRAJ
[closed_loop_controller-6] [INFO] [1785999595.264199881] [closed_loop_controller]: Received trajectory 292, duration 5.760s
[scan_planner_node-4] [INFO] [1785999596.103213218] [scan_planner_node]: [GridMapDiag] cloud=32768 accepted=24556 invalid=8212 below_sensor=0 outside_update=0 sensor_z=0.700 cutoff_z=1.700
[scan_planner_node-4] [FSM]: from EXEC_TRAJ to REPLAN_TRAJ
[scan_planner_node-4] [FSM]: state: REPLAN_TRAJ
[scan_planner_node-4] 
[scan_planner_node-4] [rebo replan]: -------------------------------------517
[scan_planner_node-4] start: -5.99 -1.42   0.4,  -0.00447     0.595 -3.69e-05
[scan_planner_node-4] goal: -6   1 0.4, 0 0 0
[scan_planner_node-4] [32miter(+1)=25,time(ms)=0.080,total_t(ms)=0.080,cost=0.019
[scan_planner_node-4] [0mfirst_optimize_step_success=1
[scan_planner_node-4] total time:[42m0.000199[0m,optimize:0.00017,refine:2.9e-05
[scan_planner_node-4] final_plan_success=1
[scan_planner_node-4] [FSM]: from REPLAN_TRAJ to EXEC_TRAJ
[closed_loop_controller-6] [INFO] [1785999596.925886125] [closed_loop_controller]: Received trajectory 293, duration 4.160s
[scan_planner_node-4] [INFO] [1785999598.208538715] [scan_planner_node]: [GridMapDiag] cloud=32768 accepted=25409 invalid=7359 below_sensor=0 outside_update=0 sensor_z=0.700 cutoff_z=1.700
[scan_planner_node-4] [FSM]: from EXEC_TRAJ to REPLAN_TRAJ
[scan_planner_node-4] 
[scan_planner_node-4] [rebo replan]: -------------------------------------518
[scan_planner_node-4] start:     -6 -0.335    0.4,   0.00264     0.762 -3.69e-05
[scan_planner_node-4] goal: -6   1 0.4, 0 0 0
[scan_planner_node-4] [32miter(+1)=11,time(ms)=0.025,total_t(ms)=0.025,cost=0.061
[scan_planner_node-4] [0mfirst_optimize_step_success=1
[scan_planner_node-4] Need to reallocate time.
[scan_planner_node-4] total time:[42m0.000146[0m,optimize:7.79e-05,refine:6.84e-05
[scan_planner_node-4] final_plan_success=1
[scan_planner_node-4] [FSM]: from REPLAN_TRAJ to EXEC_TRAJ
[closed_loop_controller-6] [INFO] [1785999598.608181784] [closed_loop_controller]: Received trajectory 294, duration 2.623s
[scan_planner_node-4] [FSM]: from EXEC_TRAJ to REPLAN_TRAJ
[scan_planner_node-4] 
[scan_planner_node-4] [rebo replan]: -------------------------------------519
[scan_planner_node-4] start:    -6 0.685   0.4,  -0.00161     0.549 -2.64e-05
[scan_planner_node-4] goal: -6   1 0.4, 0 0 0
[scan_planner_node-4] [32miter(+1)=14,time(ms)=0.029,total_t(ms)=0.029,cost=0.001
[scan_planner_node-4] [0mfirst_optimize_step_success=1
[scan_planner_node-4] total time:[42m9.21e-05[0m,optimize:7.35e-05,refine:1.86e-05
[scan_planner_node-4] final_plan_success=1
[scan_planner_node-4] [FSM]: from REPLAN_TRAJ to EXEC_TRAJ
[closed_loop_controller-6] [INFO] [1785999600.042230344] [closed_loop_controller]: Received trajectory 295, duration 2.240s
[scan_planner_node-4] [INFO] [1785999600.235193179] [scan_planner_node]: [GridMapDiag] cloud=32768 accepted=26777 invalid=5991 below_sensor=0 outside_update=0 sensor_z=0.700 cutoff_z=1.700
[loop_path_publisher.py-9] [INFO] [1785999600.721904488] [loop_path_publisher]: Published shuttle route with 31 dense points, run 15
[terrain_path_visualizer-10] [INFO] [1785999600.724593931] [terrain_path_segmenter]: Segmented 31 path points into 2 sections
[scan_planner_node-4] [INFO] [1785999600.801165300] [scan_planner_node]: [MapRefresh] Cleared occupancy and inflation for a new reference path; observation_sequence=4472
[scan_planner_node-4] [INFO] [1785999600.801216239] [scan_planner_node]: [MapRefresh] Deferred reference path until 2 fresh map observations have been fused (target_sequence=4474)
[scan_planner_node-4] [INFO] [1785999601.003741153] [scan_planner_node]: [MapRefresh] Fresh map ready at observation_sequence=4474; accepting deferred reference path
[scan_planner_node-4] [TRIG]: from EXEC_TRAJ to REPLAN_TRAJ
[scan_planner_node-4] 
[scan_planner_node-4] [rebo replan]: -------------------------------------520
[scan_planner_node-4] start:    -6 0.951   0.4, -8.72e-06      0.09 -1.67e-05
[scan_planner_node-4] goal:  -6 4.53 1.28, 0 0 0
[scan_planner_node-4] [INFO] [1785999601.047011310] [scan_planner_node]: Reference path accepted
[scan_planner_node-4] [32miter(+1)=40,time(ms)=0.282,total_t(ms)=0.282,cost=0.008
[scan_planner_node-4] [0mfirst_optimize_step_success=1
[scan_planner_node-4] total time:[42m0.000529[0m,optimize:0.000472,refine:5.75e-05
[scan_planner_node-4] final_plan_success=1
[scan_planner_node-4] [FSM]: from REPLAN_TRAJ to EXEC_TRAJ
[closed_loop_controller-6] [INFO] [1785999601.047769238] [closed_loop_controller]: Received trajectory 296, duration 6.400s
[scan_planner_node-4] [FSM]: state: EXEC_TRAJ
[scan_planner_node-4] [INFO] [1785999602.239635005] [scan_planner_node]: [GridMapDiag] cloud=32768 accepted=26992 invalid=5776 below_sensor=0 outside_update=0 sensor_z=0.757 cutoff_z=1.757
[scan_planner_node-4] [FSM]: from EXEC_TRAJ to REPLAN_TRAJ
[scan_planner_node-4] 
[scan_planner_node-4] [rebo replan]: -------------------------------------521
[scan_planner_node-4] start: -6.01  1.99 0.596, -0.00155    0.757    0.208
[scan_planner_node-4] goal: -6   5 1.4, 0 0 0
[scan_planner_node-4] [32miter(+1)=26,time(ms)=0.114,total_t(ms)=0.115,cost=0.074
[scan_planner_node-4] [0mfirst_optimize_step_success=1
[scan_planner_node-4] Need to reallocate time.
[scan_planner_node-4] total time:[42m0.000429[0m,optimize:0.000247,refine:0.000182
[scan_planner_node-4] final_plan_success=1
[scan_planner_node-4] [FSM]: from REPLAN_TRAJ to EXEC_TRAJ
[closed_loop_controller-6] [INFO] [1785999603.330912889] [closed_loop_controller]: Received trajectory 297, duration 6.251s
[scan_planner_node-4] [INFO] [1785999604.333641126] [scan_planner_node]: [GridMapDiag] cloud=32768 accepted=25913 invalid=6855 below_sensor=0 outside_update=0 sensor_z=1.108 cutoff_z=2.108
[scan_planner_node-4] [FSM]: state: EXEC_TRAJ
[scan_planner_node-4] [FSM]: from EXEC_TRAJ to REPLAN_TRAJ
[scan_planner_node-4] 
[scan_planner_node-4] [rebo replan]: -------------------------------------522
[scan_planner_node-4] start: -6.01  2.94 0.839, 0.00175   0.359   0.125
[scan_planner_node-4] goal: -6   5 1.4, 0 0 0
[scan_planner_node-4] [32miter(+1)=26,time(ms)=0.085,total_t(ms)=0.085,cost=0.080
[scan_planner_node-4] [0mfirst_optimize_step_success=1
[scan_planner_node-4] Need to reallocate time.
[scan_planner_node-4] total time:[42m0.000257[0m,optimize:0.000154,refine:0.000103
[scan_planner_node-4] final_plan_success=1
[scan_planner_node-4] [FSM]: from REPLAN_TRAJ to EXEC_TRAJ
[closed_loop_controller-6] [INFO] [1785999605.123733715] [closed_loop_controller]: Received trajectory 298, duration 4.155s
[scan_planner_node-4] [INFO] [1785999606.339084269] [scan_planner_node]: [GridMapDiag] cloud=32768 accepted=21176 invalid=11592 below_sensor=0 outside_update=0 sensor_z=1.332 cutoff_z=2.332
[scan_planner_node-4] [FSM]: from EXEC_TRAJ to REPLAN_TRAJ
[scan_planner_node-4] 
[scan_planner_node-4] [rebo replan]: -------------------------------------523
[scan_planner_node-4] start:   -6 3.96  1.1, 0.00242    0.73   0.129
[scan_planner_node-4] goal: -6   5 1.4, 0 0 0
[scan_planner_node-4] [32miter(+1)=12,time(ms)=0.036,total_t(ms)=0.036,cost=0.080
[scan_planner_node-4] [0mfirst_optimize_step_success=1
[scan_planner_node-4] Need to reallocate time.
[scan_planner_node-4] total time:[42m0.000185[0m,optimize:0.000101,refine:8.48e-05
[scan_planner_node-4] final_plan_success=1
[scan_planner_node-4] [FSM]: from REPLAN_TRAJ to EXEC_TRAJ
[closed_loop_controller-6] [INFO] [1785999606.941129540] [closed_loop_controller]: Received trajectory 299, duration 2.175s
[scan_planner_node-4] [FSM]: state: EXEC_TRAJ
[terrain_path_visualizer-10] [INFO] [1785999608.074001017] [terrain_path_segmenter]: Visualization advanced to segment 2/2
[scan_planner_node-4] [INFO] [1785999608.137434239] [scan_planner_node]: [MapRefresh] Cleared occupancy and inflation for a new reference path; observation_sequence=4541
[scan_planner_node-4] [INFO] [1785999608.137485080] [scan_planner_node]: [MapRefresh] Deferred reference path until 2 fresh map observations have been fused (target_sequence=4543)
[scan_planner_node-4] [INFO] [1785999608.292988489] [scan_planner_node]: [MapRefresh] Fresh map ready at observation_sequence=4543; accepting deferred reference path
[scan_planner_node-4] [TRIG]: from EXEC_TRAJ to REPLAN_TRAJ
[scan_planner_node-4] 
[scan_planner_node-4] [rebo replan]: -------------------------------------524
[scan_planner_node-4] start:   -6 4.85  1.3, 0.00119   0.409   0.148
[scan_planner_node-4] goal: -6   7 1.4, 0 0 0
[scan_planner_node-4] [INFO] [1785999608.295152105] [scan_planner_node]: Reference path accepted
[scan_planner_node-4] [32miter(+1)=8,time(ms)=0.069,total_t(ms)=0.069,cost=0.117
[scan_planner_node-4] [0mfirst_optimize_step_success=1
[scan_planner_node-4] Need to reallocate time.
[scan_planner_node-4] total time:[42m0.000418[0m,optimize:0.000228,refine:0.00019
[scan_planner_node-4] final_plan_success=1
[scan_planner_node-4] [FSM]: from REPLAN_TRAJ to EXEC_TRAJ
[closed_loop_controller-6] [INFO] [1785999608.295827897] [closed_loop_controller]: Received trajectory 300, duration 5.414s
[scan_planner_node-4] [INFO] [1785999608.436904650] [scan_planner_node]: [GridMapDiag] cloud=32768 accepted=16096 invalid=16672 below_sensor=0 outside_update=0 sensor_z=1.676 cutoff_z=2.676
[scan_planner_node-4] [INFO] [1785999610.537180885] [scan_planner_node]: [GridMapDiag] cloud=32768 accepted=15344 invalid=17424 below_sensor=0 outside_update=0 sensor_z=1.700 cutoff_z=2.700
[scan_planner_node-4] [FSM]: state: EXEC_TRAJ
[scan_planner_node-4] [FSM]: from EXEC_TRAJ to REPLAN_TRAJ
[scan_planner_node-4] 
[scan_planner_node-4] [rebo replan]: -------------------------------------525
[scan_planner_node-4] start:   -6 5.89 1.35, 1.53e-05    0.606   0.0256
[scan_planner_node-4] goal: -6   7 1.4, 0 0 0
[scan_planner_node-4] [32miter(+1)=12,time(ms)=0.022,total_t(ms)=0.022,cost=0.117
[scan_planner_node-4] [0mfirst_optimize_step_success=1
[scan_planner_node-4] Need to reallocate time.
[scan_planner_node-4] total time:[42m0.000137[0m,optimize:7.48e-05,refine:6.19e-05
[scan_planner_node-4] final_plan_success=1
[scan_planner_node-4] [FSM]: from REPLAN_TRAJ to EXEC_TRAJ
[closed_loop_controller-6] [INFO] [1785999610.939603473] [closed_loop_controller]: Received trajectory 301, duration 2.277s
[scan_planner_node-4] [INFO] [1785999612.637389510] [scan_planner_node]: [GridMapDiag] cloud=32768 accepted=15254 invalid=17514 below_sensor=0 outside_update=0 sensor_z=1.700 cutoff_z=2.700
[loop_path_publisher.py-9] [INFO] [1785999612.935114200] [loop_path_publisher]: Published shuttle route with 193 dense points, run 16
[terrain_path_visualizer-10] [INFO] [1785999612.954823694] [terrain_path_segmenter]: Segmented 193 path points into 3 sections
[scan_planner_node-4] [INFO] [1785999613.056079909] [scan_planner_node]: [MapRefresh] Cleared occupancy and inflation for a new reference path; observation_sequence=4585
[scan_planner_node-4] [INFO] [1785999613.056141202] [scan_planner_node]: [MapRefresh] Deferred reference path until 2 fresh map observations have been fused (target_sequence=4587)
[scan_planner_node-4] [INFO] [1785999613.306879268] [scan_planner_node]: [MapRefresh] Fresh map ready at observation_sequence=4587; accepting deferred reference path
[scan_planner_node-4] [TRIG]: from EXEC_TRAJ to REPLAN_TRAJ
[scan_planner_node-4] 
[scan_planner_node-4] [rebo replan]: -------------------------------------526
[scan_planner_node-4] start:   -6 6.97  1.4, -6.56e-08  0.000594  9.44e-05
[scan_planner_node-4] goal:-2.35     7   1.4,      0.75 -1.31e-16         0
[scan_planner_node-4] [32miter(+1)=6,time(ms)=0.025,total_t(ms)=0.025,cost=0.033
[scan_planner_node-4] [0mfirst_optimize_step_success=1
[scan_planner_node-4] total time:[42m0.000238[0m,optimize:0.000184,refine:5.38e-05
[scan_planner_node-4] final_plan_success=1
[scan_planner_node-4] [FSM]: from REPLAN_TRAJ to EXEC_TRAJ
[scan_planner_node-4] [INFO] [1785999613.695885975] [scan_planner_node]: Reference path accepted
[closed_loop_controller-6] [INFO] [1785999613.696398585] [closed_loop_controller]: Received trajectory 302, duration 6.080s
[scan_planner_node-4] [INFO] [1785999614.680843874] [scan_planner_node]: [GridMapDiag] cloud=32768 accepted=15213 invalid=17555 below_sensor=0 outside_update=0 sensor_z=1.700 cutoff_z=2.700
[scan_planner_node-4] [FSM]: state: EXEC_TRAJ
[scan_planner_node-4] [INFO] [1785999616.679654409] [scan_planner_node]: [GridMapDiag] cloud=32768 accepted=15331 invalid=17437 below_sensor=0 outside_update=0 sensor_z=1.700 cutoff_z=2.700
[scan_planner_node-4] [FSM]: state: EXEC_TRAJ
[scan_planner_node-4] [FSM]: from EXEC_TRAJ to REPLAN_TRAJ
[scan_planner_node-4] 
[scan_planner_node-4] [rebo replan]: -------------------------------------527
[scan_planner_node-4] start: -4.97  6.99   1.4,   0.778 0.00756  0.0003
[scan_planner_node-4] goal:-1.47     7   1.4,     0.75 7.97e-16        0
[scan_planner_node-4] [32miter(+1)=6,time(ms)=0.023,total_t(ms)=0.024,cost=0.011
[scan_planner_node-4] [0mfirst_optimize_step_success=1
[scan_planner_node-4] total time:[42m0.000192[0m,optimize:0.000157,refine:3.51e-05
[scan_planner_node-4] final_plan_success=1
[scan_planner_node-4] [FSM]: from REPLAN_TRAJ to EXEC_TRAJ
[closed_loop_controller-6] [INFO] [1785999618.381435361] [closed_loop_controller]: Received trajectory 303, duration 5.440s
[scan_planner_node-4] [INFO] [1785999618.682297520] [scan_planner_node]: [GridMapDiag] cloud=32768 accepted=16729 invalid=16039 below_sensor=0 outside_update=0 sensor_z=1.700 cutoff_z=2.700
[scan_planner_node-4] [FSM]: from EXEC_TRAJ to REPLAN_TRAJ
[scan_planner_node-4] 
[scan_planner_node-4] [rebo replan]: -------------------------------------528
[scan_planner_node-4] start: -3.94     7   1.4,   0.637 0.00431 0.00018
[scan_planner_node-4] goal:-0.25     7   1.4,     0.75 5.24e-13        0
[scan_planner_node-4] [32miter(+1)=9,time(ms)=0.044,total_t(ms)=0.044,cost=0.007
[scan_planner_node-4] [0mfirst_optimize_step_success=1
[scan_planner_node-4] total time:[42m0.000224[0m,optimize:0.000177,refine:4.72e-05
[scan_planner_node-4] final_plan_success=1
[scan_planner_node-4] [FSM]: from REPLAN_TRAJ to EXEC_TRAJ
[closed_loop_controller-6] [INFO] [1785999620.032748678] [closed_loop_controller]: Received trajectory 304, duration 6.080s
[scan_planner_node-4] [INFO] [1785999620.683111948] [scan_planner_node]: [GridMapDiag] cloud=32768 accepted=19053 invalid=13715 below_sensor=0 outside_update=0 sensor_z=1.700 cutoff_z=2.700
[scan_planner_node-4] [FSM]: state: EXEC_TRAJ
[scan_planner_node-4] [FSM]: from EXEC_TRAJ to REPLAN_TRAJ
[scan_planner_node-4] 
[scan_planner_node-4] [rebo replan]: -------------------------------------529
[scan_planner_node-4] start: -2.9    7  1.4,    0.626 0.000811  0.00012
[scan_planner_node-4] goal:0.625     7   1.4,    0.75 4.2e-11       0
[scan_planner_node-4] [32miter(+1)=8,time(ms)=0.029,total_t(ms)=0.030,cost=0.005
[scan_planner_node-4] [0mfirst_optimize_step_success=1
[scan_planner_node-4] total time:[42m0.000194[0m,optimize:0.000156,refine:3.84e-05
[scan_planner_node-4] final_plan_success=1
[scan_planner_node-4] [FSM]: from REPLAN_TRAJ to EXEC_TRAJ
[closed_loop_controller-6] [INFO] [1785999621.684595339] [closed_loop_controller]: Received trajectory 305, duration 5.760s
[scan_planner_node-4] [INFO] [1785999622.681512811] [scan_planner_node]: [GridMapDiag] cloud=32768 accepted=20547 invalid=12221 below_sensor=0 outside_update=0 sensor_z=1.700 cutoff_z=2.700
[scan_planner_node-4] [FSM]: from EXEC_TRAJ to REPLAN_TRAJ
[scan_planner_node-4] 
[scan_planner_node-4] [rebo replan]: -------------------------------------530
[scan_planner_node-4] start: -1.84     7   1.4,    0.626 0.000118 8.95e-05
[scan_planner_node-4] goal:1.85    7  1.4,     0.75 6.37e-09        0
[scan_planner_node-4] [32miter(+1)=9,time(ms)=0.053,total_t(ms)=0.053,cost=0.006
[scan_planner_node-4] [0mfirst_optimize_step_success=1
[scan_planner_node-4] total time:[42m0.000232[0m,optimize:0.00019,refine:4.24e-05
[scan_planner_node-4] final_plan_success=1
[scan_planner_node-4] [FSM]: from REPLAN_TRAJ to EXEC_TRAJ
[closed_loop_controller-6] [INFO] [1785999623.380287265] [closed_loop_controller]: Received trajectory 306, duration 6.080s
[scan_planner_node-4] [INFO] [1785999624.785520240] [scan_planner_node]: [GridMapDiag] cloud=32768 accepted=20951 invalid=11817 below_sensor=0 outside_update=0 sensor_z=1.700 cutoff_z=2.700
[scan_planner_node-4] [FSM]: state: EXEC_TRAJ
[scan_planner_node-4] [FSM]: from EXEC_TRAJ to REPLAN_TRAJ
[scan_planner_node-4] 
[scan_planner_node-4] [rebo replan]: -------------------------------------531
[scan_planner_node-4] start: -0.842      7    1.4,    0.625 4.47e-05 6.04e-05
[scan_planner_node-4] goal:2.73    7  1.4,      0.75 -3.86e-08         0
[scan_planner_node-4] [32miter(+1)=6,time(ms)=0.037,total_t(ms)=0.037,cost=0.002
[scan_planner_node-4] [0mfirst_optimize_step_success=1
[scan_planner_node-4] total time:[42m0.000231[0m,optimize:0.000194,refine:3.75e-05
[scan_planner_node-4] final_plan_success=1
[scan_planner_node-4] [FSM]: from REPLAN_TRAJ to EXEC_TRAJ
[closed_loop_controller-6] [INFO] [1785999624.983906774] [closed_loop_controller]: Received trajectory 307, duration 5.440s
[scan_planner_node-4] [FSM]: from EXEC_TRAJ to REPLAN_TRAJ
[scan_planner_node-4] 
[scan_planner_node-4] [rebo replan]: -------------------------------------532
[scan_planner_node-4] start: 0.218     7   1.4,     0.625 -6.05e-06  4.52e-05
[scan_planner_node-4] goal:3.95    7  1.4,      0.75 -2.54e-05         0
[scan_planner_node-4] [32miter(+1)=8,time(ms)=0.029,total_t(ms)=0.030,cost=0.005
[scan_planner_node-4] [0mfirst_optimize_step_success=1
[scan_planner_node-4] total time:[42m0.000218[0m,optimize:0.000177,refine:4.1e-05
[scan_planner_node-4] final_plan_success=1
[scan_planner_node-4] [FSM]: from REPLAN_TRAJ to EXEC_TRAJ
[closed_loop_controller-6] [INFO] [1785999626.681087382] [closed_loop_controller]: Received trajectory 308, duration 6.080s
[scan_planner_node-4] [INFO] [1785999626.879260181] [scan_planner_node]: [GridMapDiag] cloud=32768 accepted=20992 invalid=11776 below_sensor=0 outside_update=0 sensor_z=1.700 cutoff_z=2.700
[scan_planner_node-4] [FSM]: state: EXEC_TRAJ
[scan_planner_node-4] [FSM]: from EXEC_TRAJ to REPLAN_TRAJ
[scan_planner_node-4] 
[scan_planner_node-4] [rebo replan]: -------------------------------------533
[scan_planner_node-4] start: 1.22    7  1.4,    0.625 7.09e-07 3.06e-05
[scan_planner_node-4] goal:4.65    7  1.4,     0.75 0.000845        0
[scan_planner_node-4] [32miter(+1)=4,time(ms)=0.019,total_t(ms)=0.020,cost=0.003
[scan_planner_node-4] [0mfirst_optimize_step_success=1
[scan_planner_node-4] total time:[42m0.000182[0m,optimize:0.000146,refine:3.59e-05
[scan_planner_node-4] final_plan_success=1
[scan_planner_node-4] [FSM]: from REPLAN_TRAJ to EXEC_TRAJ
[closed_loop_controller-6] [INFO] [1785999628.283790362] [closed_loop_controller]: Received trajectory 309, duration 5.440s
[scan_planner_node-4] [INFO] [1785999628.976712123] [scan_planner_node]: [GridMapDiag] cloud=32768 accepted=20808 invalid=11960 below_sensor=0 outside_update=0 sensor_z=1.700 cutoff_z=2.700
[scan_planner_node-4] [FSM]: from EXEC_TRAJ to REPLAN_TRAJ
[scan_planner_node-4] 
[scan_planner_node-4] [rebo replan]: -------------------------------------534
[scan_planner_node-4] start: 2.28    7  1.4,     0.625 -2.13e-06  2.41e-05
[scan_planner_node-4] goal:5.89 7.01  1.4, 0.743 0.103     0
[scan_planner_node-4] [32miter(+1)=6,time(ms)=0.024,total_t(ms)=0.024,cost=0.005
[scan_planner_node-4] [0mfirst_optimize_step_success=1
[scan_planner_node-4] total time:[42m0.000187[0m,optimize:0.000148,refine:3.91e-05
[scan_planner_node-4] final_plan_success=1
[scan_planner_node-4] [FSM]: from REPLAN_TRAJ to EXEC_TRAJ
[closed_loop_controller-6] [INFO] [1785999629.974506137] [closed_loop_controller]: Received trajectory 310, duration 5.760s
[scan_planner_node-4] [INFO] [1785999630.978263949] [scan_planner_node]: [GridMapDiag] cloud=32768 accepted=20000 invalid=12768 below_sensor=0 outside_update=0 sensor_z=1.700 cutoff_z=2.700
[scan_planner_node-4] [FSM]: state: EXEC_TRAJ
[scan_planner_node-4] [FSM]: from EXEC_TRAJ to REPLAN_TRAJ
[scan_planner_node-4] 
[scan_planner_node-4] [rebo replan]: -------------------------------------535
[scan_planner_node-4] start: 3.28    7  1.4,    0.625 4.44e-05  1.6e-05
[scan_planner_node-4] goal:   6 6.08  1.4, -0.00352    -0.75        0
[scan_planner_node-4] [32miter(+1)=14,time(ms)=0.055,total_t(ms)=0.055,cost=0.013
[scan_planner_node-4] [0mfirst_optimize_step_success=1
[scan_planner_node-4] total time:[42m0.000218[0m,optimize:0.000178,refine:3.97e-05
[scan_planner_node-4] final_plan_success=1
[scan_planner_node-4] [FSM]: from REPLAN_TRAJ to EXEC_TRAJ
[closed_loop_controller-6] [INFO] [1785999631.583920711] [closed_loop_controller]: Received trajectory 311, duration 6.080s
[scan_planner_node-4] [INFO] [1785999633.053052571] [scan_planner_node]: [GridMapDiag] cloud=32768 accepted=28318 invalid=4450 below_sensor=0 outside_update=0 sensor_z=0.700 cutoff_z=1.700
[scan_planner_node-4] [FSM]: from EXEC_TRAJ to REPLAN_TRAJ
[scan_planner_node-4] 
[scan_planner_node-4] [rebo replan]: -------------------------------------536
[scan_planner_node-4] start: 4.33    7  1.4,   0.633   0.018 1.1e-05
[scan_planner_node-4] goal:   6 5.06  1.4, 0 0 0
[scan_planner_node-4] [32miter(+1)=18,time(ms)=0.084,total_t(ms)=0.084,cost=0.042
[scan_planner_node-4] [0mfirst_optimize_step_success=1
[scan_planner_node-4] Need to reallocate time.
[scan_planner_node-4] total time:[42m0.000442[0m,optimize:0.000216,refine:0.000226
[scan_planner_node-4] final_plan_success=1
[scan_planner_node-4] [FSM]: from REPLAN_TRAJ to EXEC_TRAJ
[closed_loop_controller-6] [INFO] [1785999633.262826498] [closed_loop_controller]: Received trajectory 312, duration 7.493s
[scan_planner_node-4] [FSM]: state: EXEC_TRAJ
[scan_planner_node-4] [FSM]: from EXEC_TRAJ to REPLAN_TRAJ
[scan_planner_node-4] 
[scan_planner_node-4] [rebo replan]: -------------------------------------537
[scan_planner_node-4] start: 5.34    7  1.4,    0.481   0.0042 6.52e-06
[scan_planner_node-4] goal:  6   5 1.4, 0 0 0
[scan_planner_node-4] [32miter(+1)=24,time(ms)=0.104,total_t(ms)=0.104,cost=0.042
[scan_planner_node-4] [0mfirst_optimize_step_success=1
[scan_planner_node-4] Need to reallocate time.
[scan_planner_node-4] total time:[42m0.000381[0m,optimize:0.000196,refine:0.000185
[scan_planner_node-4] final_plan_success=1
[scan_planner_node-4] [FSM]: from REPLAN_TRAJ to EXEC_TRAJ
[closed_loop_controller-6] [INFO] [1785999635.034108060] [closed_loop_controller]: Received trajectory 313, duration 4.917s
[scan_planner_node-4] [INFO] [1785999635.081873439] [scan_planner_node]: [GridMapDiag] cloud=32768 accepted=16017 invalid=16751 below_sensor=0 outside_update=0 sensor_z=1.700 cutoff_z=2.700
[scan_planner_node-4] [INFO] [1785999637.157416032] [scan_planner_node]: [GridMapDiag] cloud=32768 accepted=15311 invalid=17457 below_sensor=0 outside_update=0 sensor_z=1.700 cutoff_z=2.700
[scan_planner_node-4] [FSM]: from EXEC_TRAJ to REPLAN_TRAJ
[scan_planner_node-4] 
[scan_planner_node-4] [rebo replan]: -------------------------------------538
[scan_planner_node-4] start: 6.07 6.23  1.4,   0.0423   -0.701 6.85e-06
[scan_planner_node-4] goal:  6   5 1.4, 0 0 0
[scan_planner_node-4] [32miter(+1)=10,time(ms)=0.021,total_t(ms)=0.022,cost=0.140
[scan_planner_node-4] [0mfirst_optimize_step_success=1
[scan_planner_node-4] Need to reallocate time.
[scan_planner_node-4] total time:[42m0.000146[0m,optimize:7.97e-05,refine:6.61e-05
[scan_planner_node-4] final_plan_success=1
[scan_planner_node-4] [FSM]: from REPLAN_TRAJ to EXEC_TRAJ
[closed_loop_controller-6] [INFO] [1785999637.373961430] [closed_loop_controller]: Received trajectory 314, duration 2.303s
[terrain_path_visualizer-10] [INFO] [1785999638.784318854] [terrain_path_segmenter]: Visualization advanced to segment 2/3
[scan_planner_node-4] [INFO] [1785999638.795092426] [scan_planner_node]: [MapRefresh] Cleared occupancy and inflation for a new reference path; observation_sequence=4779
[scan_planner_node-4] [INFO] [1785999638.795152173] [scan_planner_node]: [MapRefresh] Deferred reference path until 2 fresh map observations have been fused (target_sequence=4781)
[scan_planner_node-4] [INFO] [1785999638.997550617] [scan_planner_node]: [MapRefresh] Fresh map ready at observation_sequence=4781; accepting deferred reference path
[scan_planner_node-4] [TRIG]: from EXEC_TRAJ to REPLAN_TRAJ
[scan_planner_node-4] 
[scan_planner_node-4] [rebo replan]: -------------------------------------539
[scan_planner_node-4] start: 6.01 5.16  1.4,   -0.035   -0.333 1.29e-05
[scan_planner_node-4] goal:  6   3 0.4, 0 0 0
[scan_planner_node-4] [INFO] [1785999639.000449038] [scan_planner_node]: Reference path accepted
[scan_planner_node-4] [32miter(+1)=8,time(ms)=0.041,total_t(ms)=0.041,cost=0.049
[scan_planner_node-4] [0mfirst_optimize_step_success=1
[scan_planner_node-4] total time:[42m0.000266[0m,optimize:0.000211,refine:5.49e-05
[scan_planner_node-4] final_plan_success=1
[scan_planner_node-4] [FSM]: from REPLAN_TRAJ to EXEC_TRAJ
[closed_loop_controller-6] [INFO] [1785999639.001046275] [closed_loop_controller]: Received trajectory 315, duration 4.480s
[scan_planner_node-4] [INFO] [1785999639.229631711] [scan_planner_node]: [GridMapDiag] cloud=32768 accepted=15400 invalid=17368 below_sensor=0 outside_update=0 sensor_z=1.700 cutoff_z=2.700
[scan_planner_node-4] [FSM]: state: EXEC_TRAJ
[scan_planner_node-4] [FSM]: from EXEC_TRAJ to REPLAN_TRAJ
[scan_planner_node-4] 
[scan_planner_node-4] [rebo replan]: -------------------------------------540
[scan_planner_node-4] start:     6  4.19 0.955, 0.00275  -0.771  -0.371
[scan_planner_node-4] goal:  6   3 0.4, 0 0 0
[scan_planner_node-4] [32miter(+1)=12,time(ms)=0.025,total_t(ms)=0.025,cost=0.195
[scan_planner_node-4] [0mfirst_optimize_step_success=1
[scan_planner_node-4] Need to reallocate time.
[scan_planner_node-4] total time:[42m0.00014[0m,optimize:7.73e-05,refine:6.23e-05
[scan_planner_node-4] final_plan_success=1
[scan_planner_node-4] [FSM]: from REPLAN_TRAJ to EXEC_TRAJ
[closed_loop_controller-6] [INFO] [1785999641.173503959] [closed_loop_controller]: Received trajectory 316, duration 2.841s
[scan_planner_node-4] [INFO] [1785999641.274880169] [scan_planner_node]: [GridMapDiag] cloud=32768 accepted=23410 invalid=9358 below_sensor=0 outside_update=0 sensor_z=1.272 cutoff_z=2.272
[scan_planner_node-4] [FSM]: state: EXEC_TRAJ
[scan_planner_node-4] [FSM]: from EXEC_TRAJ to REPLAN_TRAJ
[scan_planner_node-4] 
[scan_planner_node-4] [rebo replan]: -------------------------------------541
[scan_planner_node-4] start:     6  3.25 0.641, -0.00175   -0.409   -0.156
[scan_planner_node-4] goal:  6   3 0.4, 0 0 0
[scan_planner_node-4] [32miter(+1)=10,time(ms)=0.040,total_t(ms)=0.041,cost=0.017
[scan_planner_node-4] [0mfirst_optimize_step_success=1
[scan_planner_node-4] total time:[42m0.000142[0m,optimize:0.000113,refine:2.9e-05
[scan_planner_node-4] final_plan_success=1
[scan_planner_node-4] [FSM]: from REPLAN_TRAJ to EXEC_TRAJ
[closed_loop_controller-6] [INFO] [1785999642.683794986] [closed_loop_controller]: Received trajectory 317, duration 1.920s
[terrain_path_visualizer-10] [INFO] [1785999642.684409641] [terrain_path_segmenter]: Visualization advanced to segment 3/3
[scan_planner_node-4] [INFO] [1785999642.731761929] [scan_planner_node]: [MapRefresh] Cleared occupancy and inflation for a new reference path; observation_sequence=4815
[scan_planner_node-4] [INFO] [1785999642.731816619] [scan_planner_node]: [MapRefresh] Deferred reference path until 2 fresh map observations have been fused (target_sequence=4817)
[scan_planner_node-4] [INFO] [1785999643.045761188] [scan_planner_node]: [MapRefresh] Fresh map ready at observation_sequence=4817; accepting deferred reference path
[scan_planner_node-4] [TRIG]: from EXEC_TRAJ to REPLAN_TRAJ
[scan_planner_node-4] [INFO] [1785999643.849754605] [scan_planner_node]: Reference path accepted
[scan_planner_node-4] 
[scan_planner_node-4] [rebo replan]: -------------------------------------542
[scan_planner_node-4] start:     6  3.03 0.477, -0.000337   -0.0603   -0.0938
[scan_planner_node-4] goal:    6 -0.65   0.4, -1.25e-05     -0.75         0
[scan_planner_node-4] [32miter(+1)=7,time(ms)=0.030,total_t(ms)=0.031,cost=0.079
[scan_planner_node-4] [0mfirst_optimize_step_success=1
[scan_planner_node-4] total time:[42m0.000248[0m,optimize:0.0002,refine:4.75e-05
[scan_planner_node-4] final_plan_success=1
[scan_planner_node-4] [FSM]: from REPLAN_TRAJ to EXEC_TRAJ
[closed_loop_controller-6] [INFO] [1785999643.850306020] [closed_loop_controller]: Received trajectory 318, duration 6.400s
[scan_planner_node-4] [INFO] [1785999643.947904872] [scan_planner_node]: [GridMapDiag] cloud=32768 accepted=27642 invalid=5126 below_sensor=0 outside_update=0 sensor_z=0.709 cutoff_z=1.709
[scan_planner_node-4] [INFO] [1785999645.982530622] [scan_planner_node]: [GridMapDiag] cloud=32768 accepted=27144 invalid=5624 below_sensor=0 outside_update=0 sensor_z=0.700 cutoff_z=1.700
[scan_planner_node-4] [FSM]: from EXEC_TRAJ to REPLAN_TRAJ
[scan_planner_node-4] 
[scan_planner_node-4] [rebo replan]: -------------------------------------543
[scan_planner_node-4] start:     6  1.96 0.456, -5.7e-05   -0.789  -0.0158
[scan_planner_node-4] goal:   6 -1.7  0.4, 0.000305    -0.75        0
[scan_planner_node-4] [32miter(+1)=8,time(ms)=0.029,total_t(ms)=0.029,cost=0.010
[scan_planner_node-4] [0mfirst_optimize_step_success=1
[scan_planner_node-4] total time:[42m0.0002[0m,optimize:0.000162,refine:3.77e-05
[scan_planner_node-4] final_plan_success=1
[scan_planner_node-4] [FSM]: from REPLAN_TRAJ to EXEC_TRAJ
[closed_loop_controller-6] [INFO] [1785999647.039477721] [closed_loop_controller]: Received trajectory 319, duration 5.760s
[scan_planner_node-4] [FSM]: state: EXEC_TRAJ
[scan_planner_node-4] [INFO] [1785999648.176385355] [scan_planner_node]: [GridMapDiag] cloud=32768 accepted=25823 invalid=6945 below_sensor=0 outside_update=0 sensor_z=0.700 cutoff_z=1.700
[scan_planner_node-4] [FSM]: from EXEC_TRAJ to REPLAN_TRAJ
[scan_planner_node-4] 
[scan_planner_node-4] [rebo replan]: -------------------------------------544
[scan_planner_node-4] start:     6 0.926  0.44, -8.55e-05     -0.64  -0.00954
[scan_planner_node-4] goal:    6 -2.58   0.4, -0.0381  -0.712       0
[scan_planner_node-4] [32miter(+1)=6,time(ms)=0.024,total_t(ms)=0.025,cost=0.002
[scan_planner_node-4] [0mfirst_optimize_step_success=1
[scan_planner_node-4] total time:[42m0.000181[0m,optimize:0.000144,refine:3.67e-05
[scan_planner_node-4] final_plan_success=1
[scan_planner_node-4] [FSM]: from REPLAN_TRAJ to EXEC_TRAJ
[closed_loop_controller-6] [INFO] [1785999648.703775480] [closed_loop_controller]: Received trajectory 320, duration 5.440s
[scan_planner_node-4] [INFO] [1785999650.248098594] [scan_planner_node]: [GridMapDiag] cloud=32768 accepted=25179 invalid=7589 below_sensor=0 outside_update=0 sensor_z=0.700 cutoff_z=1.700
[scan_planner_node-4] [FSM]: from EXEC_TRAJ to REPLAN_TRAJ
[scan_planner_node-4] 
[scan_planner_node-4] [rebo replan]: -------------------------------------545
[scan_planner_node-4] start:      6 -0.143  0.428, -2.17e-05    -0.625  -0.00709
[scan_planner_node-4] goal:5.2  -3 0.4,    -0.74 -0.00959        0
[scan_planner_node-4] [32miter(+1)=13,time(ms)=0.063,total_t(ms)=0.064,cost=0.005
[scan_planner_node-4] [0mfirst_optimize_step_success=1
[scan_planner_node-4] total time:[42m0.000266[0m,optimize:0.000214,refine:5.15e-05
[scan_planner_node-4] final_plan_success=1
[scan_planner_node-4] [FSM]: from REPLAN_TRAJ to EXEC_TRAJ
[closed_loop_controller-6] [INFO] [1785999650.413819768] [closed_loop_controller]: Received trajectory 321, duration 5.760s
[scan_planner_node-4] [FSM]: from EXEC_TRAJ to REPLAN_TRAJ
[scan_planner_node-4] 
[scan_planner_node-4] [rebo replan]: -------------------------------------546
[scan_planner_node-4] start:     6 -1.22 0.419,  0.00387    -0.63 -0.00484
[scan_planner_node-4] goal:4.15   -3  0.4,   -0.75 5.9e-05       0
[scan_planner_node-4] [32miter(+1)=10,time(ms)=0.047,total_t(ms)=0.048,cost=0.007
[scan_planner_node-4] [0mfirst_optimize_step_success=1
[scan_planner_node-4] total time:[42m0.000207[0m,optimize:0.00017,refine:3.71e-05
[scan_planner_node-4] final_plan_success=1
[scan_planner_node-4] [FSM]: from REPLAN_TRAJ to EXEC_TRAJ
[closed_loop_controller-6] [INFO] [1785999652.144423055] [closed_loop_controller]: Received trajectory 322, duration 5.440s
[scan_planner_node-4] [INFO] [1785999652.274592460] [scan_planner_node]: [GridMapDiag] cloud=32768 accepted=24648 invalid=8120 below_sensor=0 outside_update=0 sensor_z=0.700 cutoff_z=1.700
[scan_planner_node-4] [FSM]: state: EXEC_TRAJ
[scan_planner_node-4] [FSM]: from EXEC_TRAJ to REPLAN_TRAJ
[scan_planner_node-4] 
[scan_planner_node-4] [rebo replan]: -------------------------------------547
[scan_planner_node-4] start:  6.03 -2.29 0.413,   0.0322   -0.659 -0.00348
[scan_planner_node-4] goal:3.1  -3 0.4,    -0.75 3.61e-07        0
[scan_planner_node-4] [32miter(+1)=10,time(ms)=0.062,total_t(ms)=0.062,cost=0.007
[scan_planner_node-4] [0mfirst_optimize_step_success=1
[scan_planner_node-4] total time:[42m0.000345[0m,optimize:0.000279,refine:6.64e-05
[scan_planner_node-4] final_plan_success=1
[scan_planner_node-4] [FSM]: from REPLAN_TRAJ to EXEC_TRAJ
[closed_loop_controller-6] [INFO] [1785999653.851718828] [closed_loop_controller]: Received trajectory 323, duration 5.440s
[scan_planner_node-4] [INFO] [1785999654.280480686] [scan_planner_node]: [GridMapDiag] cloud=32768 accepted=24338 invalid=8430 below_sensor=0 outside_update=0 sensor_z=0.700 cutoff_z=1.700
[scan_planner_node-4] [FSM]: from EXEC_TRAJ to REPLAN_TRAJ
[scan_planner_node-4] 
[scan_planner_node-4] [rebo replan]: -------------------------------------548
[scan_planner_node-4] start:   5.3 -3.02 0.409,   -0.648  0.00587 -0.00243
[scan_planner_node-4] goal:1.7  -3 0.4,    -0.75 -9.9e-10        0
[scan_planner_node-4] [32miter(+1)=6,time(ms)=0.025,total_t(ms)=0.026,cost=0.004
[scan_planner_node-4] [0mfirst_optimize_step_success=1
[scan_planner_node-4] total time:[42m0.000209[0m,optimize:0.000169,refine:3.98e-05
[scan_planner_node-4] final_plan_success=1
[scan_planner_node-4] [FSM]: from REPLAN_TRAJ to EXEC_TRAJ
[closed_loop_controller-6] [INFO] [1785999656.263310765] [closed_loop_controller]: Received trajectory 324, duration 5.760s
[scan_planner_node-4] [INFO] [1785999656.347729981] [scan_planner_node]: [GridMapDiag] cloud=32768 accepted=23932 invalid=8836 below_sensor=0 outside_update=0 sensor_z=0.700 cutoff_z=1.700
[scan_planner_node-4] [FSM]: state: EXEC_TRAJ
[scan_planner_node-4] [FSM]: from EXEC_TRAJ to REPLAN_TRAJ
[scan_planner_node-4] 
[scan_planner_node-4] [rebo replan]: -------------------------------------549
[scan_planner_node-4] start:  4.26    -3 0.406,   -0.627 -0.00156 -0.00149
[scan_planner_node-4] goal:0.825    -3   0.4,     -0.75 -9.74e-11         0
[scan_planner_node-4] [32miter(+1)=5,time(ms)=0.060,total_t(ms)=0.060,cost=0.002
[scan_planner_node-4] [0mfirst_optimize_step_success=1
[scan_planner_node-4] total time:[42m0.000325[0m,optimize:0.000271,refine:5.42e-05
[scan_planner_node-4] final_plan_success=1
[scan_planner_node-4] [FSM]: from REPLAN_TRAJ to EXEC_TRAJ
[closed_loop_controller-6] [INFO] [1785999657.934992574] [closed_loop_controller]: Received trajectory 325, duration 5.440s
[scan_planner_node-4] [INFO] [1785999658.504364600] [scan_planner_node]: [GridMapDiag] cloud=32768 accepted=23962 invalid=8806 below_sensor=0 outside_update=0 sensor_z=0.700 cutoff_z=1.700
[scan_planner_node-4] [FSM]: from EXEC_TRAJ to REPLAN_TRAJ
[scan_planner_node-4] 
[scan_planner_node-4] [rebo replan]: -------------------------------------550
[scan_planner_node-4] start:   3.2    -3 0.404,   -0.625 0.000211 -0.00111
[scan_planner_node-4] goal:-0.4   -3  0.4,    -0.75 1.53e-11        0
[scan_planner_node-4] [32miter(+1)=9,time(ms)=0.050,total_t(ms)=0.051,cost=0.002
[scan_planner_node-4] [0mfirst_optimize_step_success=1
[scan_planner_node-4] total time:[42m0.000303[0m,optimize:0.000244,refine:5.86e-05
[scan_planner_node-4] final_plan_success=1
[scan_planner_node-4] [FSM]: from REPLAN_TRAJ to EXEC_TRAJ
[closed_loop_controller-6] [INFO] [1785999659.629300959] [closed_loop_controller]: Received trajectory 326, duration 5.760s
[scan_planner_node-4] [INFO] [1785999660.537221995] [scan_planner_node]: [GridMapDiag] cloud=32768 accepted=24981 invalid=7787 below_sensor=0 outside_update=0 sensor_z=0.700 cutoff_z=1.700
[scan_planner_node-4] [FSM]: from EXEC_TRAJ to REPLAN_TRAJ
[scan_planner_node-4] 
[scan_planner_node-4] [rebo replan]: -------------------------------------551
[scan_planner_node-4] start:  2.15    -3 0.403,    -0.626  0.000913 -0.000733
[scan_planner_node-4] goal:-1.27    -3   0.4,    -0.75 3.94e-10        0
[scan_planner_node-4] [32miter(+1)=8,time(ms)=0.034,total_t(ms)=0.034,cost=0.002
[scan_planner_node-4] [0mfirst_optimize_step_success=1
[scan_planner_node-4] total time:[42m0.000233[0m,optimize:0.000183,refine:5.01e-05
[scan_planner_node-4] final_plan_success=1
[scan_planner_node-4] [FSM]: from REPLAN_TRAJ to EXEC_TRAJ
[closed_loop_controller-6] [INFO] [1785999661.306065729] [closed_loop_controller]: Received trajectory 327, duration 5.440s
[scan_planner_node-4] [INFO] [1785999662.542855609] [scan_planner_node]: [GridMapDiag] cloud=32768 accepted=25242 invalid=7526 below_sensor=0 outside_update=0 sensor_z=0.700 cutoff_z=1.700
[scan_planner_node-4] [FSM]: from EXEC_TRAJ to REPLAN_TRAJ
[scan_planner_node-4] 
[scan_planner_node-4] [rebo replan]: -------------------------------------552
[scan_planner_node-4] start:  1.04    -3 0.402,    -0.625 -1.18e-05 -0.000543
[scan_planner_node-4] goal:-2.68    -3   0.4,     -0.75 -1.43e-07         0
[scan_planner_node-4] [32miter(+1)=6,time(ms)=0.044,total_t(ms)=0.044,cost=0.001
[scan_planner_node-4] [0mfirst_optimize_step_success=1
[scan_planner_node-4] total time:[42m0.000298[0m,optimize:0.000249,refine:4.9e-05
[scan_planner_node-4] final_plan_success=1
[scan_planner_node-4] [FSM]: from REPLAN_TRAJ to EXEC_TRAJ
[closed_loop_controller-6] [INFO] [1785999663.078315006] [closed_loop_controller]: Received trajectory 328, duration 5.760s
[scan_planner_node-4] [FSM]: state: EXEC_TRAJ
[scan_planner_node-4] [INFO] [1785999664.616320322] [scan_planner_node]: [GridMapDiag] cloud=32768 accepted=25187 invalid=7581 below_sensor=0 outside_update=0 sensor_z=0.700 cutoff_z=1.700
[scan_planner_node-4] [FSM]: from EXEC_TRAJ to REPLAN_TRAJ
[scan_planner_node-4] 
[scan_planner_node-4] [rebo replan]: -------------------------------------553
[scan_planner_node-4] start: -0.0404      -3   0.401,    -0.625  1.27e-05 -0.000339
[scan_planner_node-4] goal:-3.55    -3   0.4,    -0.75 4.71e-06        0
[scan_planner_node-4] [32miter(+1)=6,time(ms)=0.044,total_t(ms)=0.044,cost=0.001
[scan_planner_node-4] [0mfirst_optimize_step_success=1
[scan_planner_node-4] total time:[42m0.000379[0m,optimize:0.000297,refine:8.16e-05
[scan_planner_node-4] final_plan_success=1
[scan_planner_node-4] [FSM]: from REPLAN_TRAJ to EXEC_TRAJ
[closed_loop_controller-6] [INFO] [1785999664.812683272] [closed_loop_controller]: Received trajectory 329, duration 5.440s
[scan_planner_node-4] [FSM]: from EXEC_TRAJ to REPLAN_TRAJ
[scan_planner_node-4] 
[scan_planner_node-4] [rebo replan]: -------------------------------------554
[scan_planner_node-4] start: -1.15    -3 0.401,    -0.625  1.61e-07 -0.000254
[scan_planner_node-4] goal:-4.6   -3  0.4,     -0.75 -0.000765         0
[scan_planner_node-4] [32miter(+1)=4,time(ms)=0.020,total_t(ms)=0.020,cost=0.001
[scan_planner_node-4] [0mfirst_optimize_step_success=1
[scan_planner_node-4] total time:[42m0.000242[0m,optimize:0.000192,refine:5e-05
[scan_planner_node-4] final_plan_success=1
[scan_planner_node-4] [FSM]: from REPLAN_TRAJ to EXEC_TRAJ
[closed_loop_controller-6] [INFO] [1785999666.583224788] [closed_loop_controller]: Received trajectory 330, duration 5.440s
[scan_planner_node-4] [INFO] [1785999666.684959507] [scan_planner_node]: [GridMapDiag] cloud=32768 accepted=25076 invalid=7692 below_sensor=0 outside_update=0 sensor_z=0.700 cutoff_z=1.700
[scan_planner_node-4] [FSM]: from EXEC_TRAJ to REPLAN_TRAJ
[scan_planner_node-4] 
[scan_planner_node-4] [rebo replan]: -------------------------------------555
[scan_planner_node-4] start: -2.22    -3 0.401,    -0.625  8.79e-07 -0.000177
[scan_planner_node-4] goal:-5.83    -3   0.4, -0.74 -0.12     0
[scan_planner_node-4] [32miter(+1)=9,time(ms)=0.042,total_t(ms)=0.042,cost=0.003
[scan_planner_node-4] [0mfirst_optimize_step_success=1
[scan_planner_node-4] total time:[42m0.000277[0m,optimize:0.000213,refine:6.37e-05
[scan_planner_node-4] final_plan_success=1
[scan_planner_node-4] [FSM]: from REPLAN_TRAJ to EXEC_TRAJ
[closed_loop_controller-6] [INFO] [1785999668.299493288] [closed_loop_controller]: Received trajectory 331, duration 5.760s
[scan_planner_node-4] [INFO] [1785999668.757512930] [scan_planner_node]: [GridMapDiag] cloud=32768 accepted=24678 invalid=8090 below_sensor=0 outside_update=0 sensor_z=0.700 cutoff_z=1.700
[scan_planner_node-4] [FSM]: from EXEC_TRAJ to REPLAN_TRAJ
[scan_planner_node-4] 
[scan_planner_node-4] [rebo replan]: -------------------------------------556
[scan_planner_node-4] start: -3.26    -3   0.4,    -0.624  0.000103 -0.000117
[scan_planner_node-4] goal:  -6 -2.3  0.4, -0.00383    0.746        0
[scan_planner_node-4] [32miter(+1)=15,time(ms)=0.065,total_t(ms)=0.065,cost=0.008
[scan_planner_node-4] [0mfirst_optimize_step_success=1
[scan_planner_node-4] total time:[42m0.000257[0m,optimize:0.000201,refine:5.59e-05
[scan_planner_node-4] final_plan_success=1
[scan_planner_node-4] [FSM]: from REPLAN_TRAJ to EXEC_TRAJ
[closed_loop_controller-6] [INFO] [1785999669.964675580] [closed_loop_controller]: Received trajectory 332, duration 5.440s
[scan_planner_node-4] [INFO] [1785999670.790432172] [scan_planner_node]: [GridMapDiag] cloud=32768 accepted=24032 invalid=8736 below_sensor=0 outside_update=0 sensor_z=0.700 cutoff_z=1.700
[scan_planner_node-4] [FSM]: state: EXEC_TRAJ
[scan_planner_node-4] [FSM]: from EXEC_TRAJ to REPLAN_TRAJ
[scan_planner_node-4] 
[scan_planner_node-4] [rebo replan]: -------------------------------------557
[scan_planner_node-4] start: -4.29 -3.01   0.4,    -0.635   -0.0115 -8.74e-05
[scan_planner_node-4] goal:   -6 -1.25   0.4, 0.000157     0.75        0
[scan_planner_node-4] [32miter(+1)=13,time(ms)=0.048,total_t(ms)=0.048,cost=0.007
[scan_planner_node-4] [0mfirst_optimize_step_success=1
[scan_planner_node-4] total time:[42m0.000215[0m,optimize:0.00018,refine:3.48e-05
[scan_planner_node-4] final_plan_success=1
[scan_planner_node-4] [FSM]: from REPLAN_TRAJ to EXEC_TRAJ
[closed_loop_controller-6] [INFO] [1785999671.614955967] [closed_loop_controller]: Received trajectory 333, duration 5.120s
[scan_planner_node-4] [INFO] [1785999672.828598384] [scan_planner_node]: [GridMapDiag] cloud=32768 accepted=23990 invalid=8778 below_sensor=0 outside_update=0 sensor_z=0.700 cutoff_z=1.700
[scan_planner_node-4] [FSM]: from EXEC_TRAJ to REPLAN_TRAJ
[scan_planner_node-4] 
[scan_planner_node-4] [rebo replan]: -------------------------------------558
[scan_planner_node-4] start: -5.37    -3   0.4,     -0.66   -0.0371 -6.39e-05
[scan_planner_node-4] goal:  -6 -0.2  0.4, -2.1e-06     0.75        0
[scan_planner_node-4] [32miter(+1)=11,time(ms)=0.039,total_t(ms)=0.039,cost=0.008
[scan_planner_node-4] [0mfirst_optimize_step_success=1
[scan_planner_node-4] total time:[42m0.000191[0m,optimize:0.000155,refine:3.65e-05
[scan_planner_node-4] final_plan_success=1
[scan_planner_node-4] [FSM]: from REPLAN_TRAJ to EXEC_TRAJ
[closed_loop_controller-6] [INFO] [1785999673.324420770] [closed_loop_controller]: Received trajectory 334, duration 5.120s
[scan_planner_node-4] [INFO] [1785999674.982695855] [scan_planner_node]: [GridMapDiag] cloud=32768 accepted=24320 invalid=8448 below_sensor=0 outside_update=0 sensor_z=0.700 cutoff_z=1.700
[scan_planner_node-4] [FSM]: from EXEC_TRAJ to REPLAN_TRAJ
[scan_planner_node-4] 
[scan_planner_node-4] [rebo replan]: -------------------------------------559
[scan_planner_node-4] start: -6.02 -2.19   0.4,    0.0358     0.651 -4.43e-05
[scan_planner_node-4] goal: -6   1 0.4, 0 0 0
[scan_planner_node-4] [32miter(+1)=31,time(ms)=0.166,total_t(ms)=0.166,cost=0.015
[scan_planner_node-4] [0mfirst_optimize_step_success=1
[scan_planner_node-4] total time:[42m0.000397[0m,optimize:0.000338,refine:5.92e-05
[scan_planner_node-4] final_plan_success=1
[scan_planner_node-4] [FSM]: from REPLAN_TRAJ to EXEC_TRAJ
[closed_loop_controller-6] [INFO] [1785999675.802379008] [closed_loop_controller]: Received trajectory 335, duration 5.120s
[scan_planner_node-4] [FSM]: state: EXEC_TRAJ
[scan_planner_node-4] [INFO] [1785999677.080362363] [scan_planner_node]: [GridMapDiag] cloud=32768 accepted=24868 invalid=7900 below_sensor=0 outside_update=0 sensor_z=0.700 cutoff_z=1.700
[scan_planner_node-4] [FSM]: from EXEC_TRAJ to REPLAN_TRAJ
[scan_planner_node-4] 
[scan_planner_node-4] [rebo replan]: -------------------------------------560
[scan_planner_node-4] start: -5.99 -1.14   0.4,   -0.0218     0.755 -2.78e-05
[scan_planner_node-4] goal: -6   1 0.4, 0 0 0
[scan_planner_node-4] [32miter(+1)=24,time(ms)=0.071,total_t(ms)=0.071,cost=0.013
[scan_planner_node-4] [0mfirst_optimize_step_success=1
[scan_planner_node-4] total time:[42m0.000204[0m,optimize:0.000166,refine:3.85e-05
[scan_planner_node-4] final_plan_success=1
[scan_planner_node-4] [FSM]: from REPLAN_TRAJ to EXEC_TRAJ
[closed_loop_controller-6] [INFO] [1785999677.451712928] [closed_loop_controller]: Received trajectory 336, duration 3.520s
[scan_planner_node-4] [FSM]: from EXEC_TRAJ to REPLAN_TRAJ
[scan_planner_node-4] 
[scan_planner_node-4] [rebo replan]: -------------------------------------561
[scan_planner_node-4] start:      -6 -0.0718     0.4,   0.00362     0.775 -2.79e-05
[scan_planner_node-4] goal: -6   1 0.4, 0 0 0
[scan_planner_node-4] [32miter(+1)=11,time(ms)=0.022,total_t(ms)=0.023,cost=0.070
[scan_planner_node-4] [0mfirst_optimize_step_success=1
[scan_planner_node-4] Need to reallocate time.
[scan_planner_node-4] total time:[42m0.000135[0m,optimize:7.49e-05,refine:5.99e-05
[scan_planner_node-4] final_plan_success=1
[scan_planner_node-4] [FSM]: from REPLAN_TRAJ to EXEC_TRAJ
[closed_loop_controller-6] [INFO] [1785999678.853738947] [closed_loop_controller]: Received trajectory 337, duration 2.205s
[scan_planner_node-4] [INFO] [1785999679.238391802] [scan_planner_node]: [GridMapDiag] cloud=32768 accepted=25881 invalid=6887 below_sensor=0 outside_update=0 sensor_z=0.700 cutoff_z=1.700
[loop_path_publisher.py-9] [INFO] [1785999680.752610421] [loop_path_publisher]: Published shuttle route with 31 dense points, run 17
[terrain_path_visualizer-10] [INFO] [1785999680.757658837] [terrain_path_segmenter]: Segmented 31 path points into 2 sections
[scan_planner_node-4] [FSM]: state: EXEC_TRAJ
[scan_planner_node-4] [INFO] [1785999680.785669563] [scan_planner_node]: [MapRefresh] Cleared occupancy and inflation for a new reference path; observation_sequence=5068
[scan_planner_node-4] [INFO] [1785999680.785712130] [scan_planner_node]: [MapRefresh] Deferred reference path until 2 fresh map observations have been fused (target_sequence=5070)
[scan_planner_node-4] [INFO] [1785999680.953760546] [scan_planner_node]: [MapRefresh] Fresh map ready at observation_sequence=5070; accepting deferred reference path
[scan_planner_node-4] [TRIG]: from EXEC_TRAJ to REPLAN_TRAJ
[scan_planner_node-4] 
[scan_planner_node-4] [rebo replan]: -------------------------------------562
[scan_planner_node-4] start:    -6 0.988   0.4, -1.09e-05   0.00467 -8.99e-07
[scan_planner_node-4] goal:  -6 4.53 1.28, 0 0 0
[scan_planner_node-4] [INFO] [1785999680.989511920] [scan_planner_node]: Reference path accepted
[scan_planner_node-4] [32miter(+1)=45,time(ms)=0.290,total_t(ms)=0.290,cost=0.027
[scan_planner_node-4] [0mfirst_optimize_step_success=1
[scan_planner_node-4] Need to reallocate time.
[scan_planner_node-4] total time:[42m0.000789[0m,optimize:0.000455,refine:0.000334
[scan_planner_node-4] final_plan_success=1
[scan_planner_node-4] [FSM]: from REPLAN_TRAJ to EXEC_TRAJ
[closed_loop_controller-6] [INFO] [1785999680.990549677] [closed_loop_controller]: Received trajectory 338, duration 7.660s
[scan_planner_node-4] [INFO] [1785999681.275782035] [scan_planner_node]: [GridMapDiag] cloud=32768 accepted=26950 invalid=5818 below_sensor=0 outside_update=0 sensor_z=0.700 cutoff_z=1.700
[scan_planner_node-4] [INFO] [1785999683.308461359] [scan_planner_node]: [GridMapDiag] cloud=32768 accepted=27051 invalid=5717 below_sensor=0 outside_update=0 sensor_z=0.857 cutoff_z=1.857
[scan_planner_node-4] [FSM]: from EXEC_TRAJ to REPLAN_TRAJ
[scan_planner_node-4] 
[scan_planner_node-4] [rebo replan]: -------------------------------------563
[scan_planner_node-4] start:    -6  2.01 0.596, 7.88e-06    0.601    0.168
[scan_planner_node-4] goal: -6   5 1.4, 0 0 0
[scan_planner_node-4] [32miter(+1)=26,time(ms)=0.124,total_t(ms)=0.125,cost=0.053
[scan_planner_node-4] [0mfirst_optimize_step_success=1
[scan_planner_node-4] Need to reallocate time.
[scan_planner_node-4] total time:[42m0.00053[0m,optimize:0.000289,refine:0.000241
[scan_planner_node-4] final_plan_success=1
[scan_planner_node-4] [FSM]: from REPLAN_TRAJ to EXEC_TRAJ
[closed_loop_controller-6] [INFO] [1785999683.764292292] [closed_loop_controller]: Received trajectory 339, duration 6.122s
[scan_planner_node-4] [INFO] [1785999685.330997856] [scan_planner_node]: [GridMapDiag] cloud=32768 accepted=25230 invalid=7538 below_sensor=0 outside_update=0 sensor_z=1.149 cutoff_z=2.149
[scan_planner_node-4] [FSM]: state: EXEC_TRAJ
[scan_planner_node-4] [FSM]: from EXEC_TRAJ to REPLAN_TRAJ
[scan_planner_node-4] 
[scan_planner_node-4] [rebo replan]: -------------------------------------564
[scan_planner_node-4] start:   -6 2.99 0.86, -4.78e-05     0.446     0.127
[scan_planner_node-4] goal: -6   5 1.4, 0 0 0
[scan_planner_node-4] [32miter(+1)=21,time(ms)=0.091,total_t(ms)=0.092,cost=0.041
[scan_planner_node-4] [0mfirst_optimize_step_success=1
[scan_planner_node-4] total time:[42m0.000245[0m,optimize:0.000204,refine:4.18e-05
[scan_planner_node-4] final_plan_success=1
[scan_planner_node-4] [FSM]: from REPLAN_TRAJ to EXEC_TRAJ
[closed_loop_controller-6] [INFO] [1785999685.683932532] [closed_loop_controller]: Received trajectory 340, duration 3.520s
[scan_planner_node-4] [FSM]: from EXEC_TRAJ to REPLAN_TRAJ
[scan_planner_node-4] 
[scan_planner_node-4] [rebo replan]: -------------------------------------565
[scan_planner_node-4] start:   -6 4.01 1.11, -7.85e-05     0.781     0.164
[scan_planner_node-4] goal: -6   5 1.4, 0 0 0
[scan_planner_node-4] [32miter(+1)=9,time(ms)=0.018,total_t(ms)=0.019,cost=0.054
[scan_planner_node-4] [0mfirst_optimize_step_success=1
[scan_planner_node-4] Need to reallocate time.
[scan_planner_node-4] total time:[42m0.000118[0m,optimize:6.56e-05,refine:5.29e-05
[scan_planner_node-4] final_plan_success=1
[scan_planner_node-4] [FSM]: from REPLAN_TRAJ to EXEC_TRAJ
[closed_loop_controller-6] [INFO] [1785999687.181509713] [closed_loop_controller]: Received trajectory 341, duration 2.135s
[scan_planner_node-4] [INFO] [1785999687.373381320] [scan_planner_node]: [GridMapDiag] cloud=32768 accepted=18206 invalid=14562 below_sensor=0 outside_update=0 sensor_z=1.479 cutoff_z=2.479
[scan_planner_node-4] [FSM]: state: EXEC_TRAJ
[terrain_path_visualizer-10] [INFO] [1785999688.264159448] [terrain_path_segmenter]: Visualization advanced to segment 2/2
[scan_planner_node-4] [INFO] [1785999688.287109998] [scan_planner_node]: [MapRefresh] Cleared occupancy and inflation for a new reference path; observation_sequence=5131
[scan_planner_node-4] [INFO] [1785999688.287165132] [scan_planner_node]: [MapRefresh] Deferred reference path until 2 fresh map observations have been fused (target_sequence=5133)
[scan_planner_node-4] [INFO] [1785999688.444358676] [scan_planner_node]: [MapRefresh] Fresh map ready at observation_sequence=5133; accepting deferred reference path
[scan_planner_node-4] [TRIG]: from EXEC_TRAJ to REPLAN_TRAJ
[scan_planner_node-4] 
[scan_planner_node-4] [rebo replan]: -------------------------------------566
[scan_planner_node-4] start:   -6 4.85 1.31, -2.64e-05     0.426     0.146
[scan_planner_node-4] goal: -6   7 1.4, 0 0 0
[scan_planner_node-4] [INFO] [1785999688.445950242] [scan_planner_node]: Reference path accepted
[scan_planner_node-4] [32miter(+1)=6,time(ms)=0.029,total_t(ms)=0.029,cost=0.085
[scan_planner_node-4] [0mfirst_optimize_step_success=1
[scan_planner_node-4] Need to reallocate time.
[scan_planner_node-4] total time:[42m0.000385[0m,optimize:0.000163,refine:0.000222
[scan_planner_node-4] final_plan_success=1
[scan_planner_node-4] [FSM]: from REPLAN_TRAJ to EXEC_TRAJ
[closed_loop_controller-6] [INFO] [1785999688.446571712] [closed_loop_controller]: Received trajectory 342, duration 5.167s
[scan_planner_node-4] [INFO] [1785999689.379558020] [scan_planner_node]: [GridMapDiag] cloud=32768 accepted=15541 invalid=17227 below_sensor=0 outside_update=0 sensor_z=1.700 cutoff_z=2.700
[scan_planner_node-4] [FSM]: from EXEC_TRAJ to REPLAN_TRAJ
[scan_planner_node-4] 
[scan_planner_node-4] [rebo replan]: -------------------------------------567
[scan_planner_node-4] start:   -6 5.86 1.35, 8.58e-05    0.622   0.0249
[scan_planner_node-4] goal: -6   7 1.4, 0 0 0
[scan_planner_node-4] [32miter(+1)=10,time(ms)=0.019,total_t(ms)=0.019,cost=0.127
[scan_planner_node-4] [0mfirst_optimize_step_success=1
[scan_planner_node-4] Need to reallocate time.
[scan_planner_node-4] total time:[42m0.000123[0m,optimize:6.71e-05,refine:5.63e-05
[scan_planner_node-4] final_plan_success=1
[scan_planner_node-4] [FSM]: from REPLAN_TRAJ to EXEC_TRAJ
[closed_loop_controller-6] [INFO] [1785999690.883721044] [closed_loop_controller]: Received trajectory 343, duration 2.293s
[scan_planner_node-4] [FSM]: state: EXEC_TRAJ
[scan_planner_node-4] [INFO] [1785999691.393040641] [scan_planner_node]: [GridMapDiag] cloud=32768 accepted=15441 invalid=17327 below_sensor=0 outside_update=0 sensor_z=1.700 cutoff_z=2.700
[scan_planner_node-4] [FSM]: from EXEC_TRAJ to REPLAN_TRAJ
[scan_planner_node-4] 
[scan_planner_node-4] [rebo replan]: -------------------------------------568
[scan_planner_node-4] start:   -6 6.87 1.39, -0.000107     0.341     0.032
[scan_planner_node-4] goal: -6   7 1.4, 0 0 0
[scan_planner_node-4] Close to goal
[scan_planner_node-4] final_plan_success=0
[scan_planner_node-4] 
[scan_planner_node-4] [rebo replan]: -------------------------------------569
[scan_planner_node-4] start:   -6 6.87 1.39, -0.000107     0.341     0.032
[scan_planner_node-4] goal: -6   7 1.4, 0 0 0
[scan_planner_node-4] Close to goal
[scan_planner_node-4] final_plan_success=0
[scan_planner_node-4] 
[scan_planner_node-4] [rebo replan]: -------------------------------------570
[scan_planner_node-4] start:   -6 6.87 1.39, -0.000107     0.341     0.032
[scan_planner_node-4] goal: -6   7 1.4, 0 0 0
[scan_planner_node-4] Close to goal
[scan_planner_node-4] final_plan_success=0
[scan_planner_node-4] [FSM]: from REPLAN_TRAJ to REPLAN_TRAJ
[scan_planner_node-4] 
[scan_planner_node-4] [rebo replan]: -------------------------------------571
[scan_planner_node-4] start:   -6 6.89 1.39, -9.55e-05     0.299    0.0342
[scan_planner_node-4] goal: -6   7 1.4, 0 0 0
[scan_planner_node-4] Close to goal
[scan_planner_node-4] final_plan_success=0
[scan_planner_node-4] 
[scan_planner_node-4] [rebo replan]: -------------------------------------572
[scan_planner_node-4] start:   -6 6.89 1.39, -9.55e-05     0.299    0.0342
[scan_planner_node-4] goal: -6   7 1.4, 0 0 0
[scan_planner_node-4] Close to goal
[scan_planner_node-4] final_plan_success=0
[scan_planner_node-4] 
[scan_planner_node-4] [rebo replan]: -------------------------------------573
[scan_planner_node-4] start:   -6 6.89 1.39, -9.55e-05     0.299    0.0342
[scan_planner_node-4] goal: -6   7 1.4, 0 0 0
[scan_planner_node-4] Close to goal
[scan_planner_node-4] final_plan_success=0
[scan_planner_node-4] [FSM]: from REPLAN_TRAJ to REPLAN_TRAJ
[scan_planner_node-4] 
[scan_planner_node-4] [rebo replan]: -------------------------------------574
[scan_planner_node-4] start:   -6  6.9 1.39, -8.88e-05     0.275    0.0345
[scan_planner_node-4] goal: -6   7 1.4, 0 0 0
[scan_planner_node-4] Close to goal
[scan_planner_node-4] final_plan_success=0
[scan_planner_node-4] 
[scan_planner_node-4] [rebo replan]: -------------------------------------575
[scan_planner_node-4] start:   -6  6.9 1.39, -8.88e-05     0.275    0.0345
[scan_planner_node-4] goal: -6   7 1.4, 0 0 0
[scan_planner_node-4] Close to goal
[scan_planner_node-4] final_plan_success=0
[scan_planner_node-4] 
[scan_planner_node-4] [rebo replan]: -------------------------------------576
[scan_planner_node-4] start:   -6  6.9 1.39, -8.88e-05     0.275    0.0345
[scan_planner_node-4] goal: -6   7 1.4, 0 0 0
[scan_planner_node-4] Close to goal
[scan_planner_node-4] final_plan_success=0
[scan_planner_node-4] [FSM]: from REPLAN_TRAJ to REPLAN_TRAJ
[scan_planner_node-4] 
[scan_planner_node-4] [rebo replan]: -------------------------------------577
[scan_planner_node-4] start:   -6  6.9 1.39, -8.84e-05     0.274    0.0345
[scan_planner_node-4] goal: -6   7 1.4, 0 0 0
[scan_planner_node-4] Close to goal
[scan_planner_node-4] final_plan_success=0
[scan_planner_node-4] 
[scan_planner_node-4] [rebo replan]: -------------------------------------578
[scan_planner_node-4] start:   -6  6.9 1.39, -8.84e-05     0.274    0.0345
[scan_planner_node-4] goal: -6   7 1.4, 0 0 0
[scan_planner_node-4] Close to goal
[scan_planner_node-4] final_plan_success=0
[scan_planner_node-4] 
[scan_planner_node-4] [rebo replan]: -------------------------------------579
[scan_planner_node-4] start:   -6  6.9 1.39, -8.84e-05     0.274    0.0345
[scan_planner_node-4] goal: -6   7 1.4, 0 0 0
[scan_planner_node-4] Close to goal
[scan_planner_node-4] final_plan_success=0
[scan_planner_node-4] [FSM]: from REPLAN_TRAJ to REPLAN_TRAJ
[scan_planner_node-4] 
[scan_planner_node-4] [rebo replan]: -------------------------------------580
[scan_planner_node-4] start:   -6 6.92 1.39, -7.63e-05     0.231    0.0334
[scan_planner_node-4] goal: -6   7 1.4, 0 0 0
[scan_planner_node-4] Close to goal
[scan_planner_node-4] final_plan_success=0
[scan_planner_node-4] 
[scan_planner_node-4] [rebo replan]: -------------------------------------581
[scan_planner_node-4] start:   -6 6.92 1.39, -7.63e-05     0.231    0.0334
[scan_planner_node-4] goal: -6   7 1.4, 0 0 0
[scan_planner_node-4] Close to goal
[scan_planner_node-4] final_plan_success=0
[scan_planner_node-4] 
[scan_planner_node-4] [rebo replan]: -------------------------------------582
[scan_planner_node-4] start:   -6 6.92 1.39, -7.63e-05     0.231    0.0334
[scan_planner_node-4] goal: -6   7 1.4, 0 0 0
[scan_planner_node-4] Close to goal
[scan_planner_node-4] final_plan_success=0
[scan_planner_node-4] [FSM]: from REPLAN_TRAJ to REPLAN_TRAJ
[scan_planner_node-4] 
[scan_planner_node-4] [rebo replan]: -------------------------------------583
[scan_planner_node-4] start:   -6 6.93 1.39, -6.84e-05     0.206    0.0316
[scan_planner_node-4] goal: -6   7 1.4, 0 0 0
[scan_planner_node-4] Close to goal
[scan_planner_node-4] final_plan_success=0
[scan_planner_node-4] 
[scan_planner_node-4] [rebo replan]: -------------------------------------584
[scan_planner_node-4] start:   -6 6.93 1.39, -6.84e-05     0.206    0.0316
[scan_planner_node-4] goal: -6   7 1.4, 0 0 0
[scan_planner_node-4] Close to goal
[scan_planner_node-4] final_plan_success=0
[scan_planner_node-4] 
[scan_planner_node-4] [rebo replan]: -------------------------------------585
[scan_planner_node-4] start:   -6 6.93 1.39, -6.84e-05     0.206    0.0316
[scan_planner_node-4] goal: -6   7 1.4, 0 0 0
[scan_planner_node-4] Close to goal
[scan_planner_node-4] final_plan_success=0
[scan_planner_node-4] [FSM]: from REPLAN_TRAJ to REPLAN_TRAJ
[scan_planner_node-4] 
[scan_planner_node-4] [rebo replan]: -------------------------------------586
[scan_planner_node-4] start:   -6 6.94 1.39, -5.55e-05     0.165    0.0273
[scan_planner_node-4] goal: -6   7 1.4, 0 0 0
[scan_planner_node-4] Close to goal
[scan_planner_node-4] final_plan_success=0
[scan_planner_node-4] 
[scan_planner_node-4] [rebo replan]: -------------------------------------587
[scan_planner_node-4] start:   -6 6.94 1.39, -5.55e-05     0.165    0.0273
[scan_planner_node-4] goal: -6   7 1.4, 0 0 0
[scan_planner_node-4] Close to goal
[scan_planner_node-4] final_plan_success=0
[scan_planner_node-4] 
[scan_planner_node-4] [rebo replan]: -------------------------------------588
[scan_planner_node-4] start:   -6 6.94 1.39, -5.55e-05     0.165    0.0273
[scan_planner_node-4] goal: -6   7 1.4, 0 0 0
[scan_planner_node-4] Close to goal
[scan_planner_node-4] final_plan_success=0
[scan_planner_node-4] [FSM]: from REPLAN_TRAJ to REPLAN_TRAJ
[loop_path_publisher.py-9] [INFO] [1785999692.763113512] [loop_path_publisher]: Published shuttle route with 193 dense points, run 18
[terrain_path_visualizer-10] [INFO] [1785999692.781859676] [terrain_path_segmenter]: Segmented 193 path points into 3 sections
[scan_planner_node-4] 
[scan_planner_node-4] [rebo replan]: -------------------------------------589
[scan_planner_node-4] start:   -6 6.94 1.39, -4.7e-05    0.139   0.0236
[scan_planner_node-4] goal: -6   7 1.4, 0 0 0
[scan_planner_node-4] Close to goal
[scan_planner_node-4] final_plan_success=0
[scan_planner_node-4] 
[scan_planner_node-4] [rebo replan]: -------------------------------------590
[scan_planner_node-4] start:   -6 6.94 1.39, -4.7e-05    0.139   0.0236
[scan_planner_node-4] goal: -6   7 1.4, 0 0 0
[scan_planner_node-4] Close to goal
[scan_planner_node-4] final_plan_success=0
[scan_planner_node-4] 
[scan_planner_node-4] [rebo replan]: -------------------------------------591
[scan_planner_node-4] start:   -6 6.94 1.39, -4.7e-05    0.139   0.0236
[scan_planner_node-4] goal: -6   7 1.4, 0 0 0
[scan_planner_node-4] Close to goal
[scan_planner_node-4] final_plan_success=0
[scan_planner_node-4] [FSM]: from REPLAN_TRAJ to REPLAN_TRAJ
[scan_planner_node-4] [INFO] [1785999692.790502622] [scan_planner_node]: [MapRefresh] Cleared occupancy and inflation for a new reference path; observation_sequence=5176
[scan_planner_node-4] [INFO] [1785999692.790542637] [scan_planner_node]: [MapRefresh] Deferred reference path until 2 fresh map observations have been fused (target_sequence=5178)
[scan_planner_node-4] [INFO] [1785999692.996602720] [scan_planner_node]: [MapRefresh] Fresh map ready at observation_sequence=5178; accepting deferred reference path
[scan_planner_node-4] [INFO] [1785999693.435014814] [scan_planner_node]: Reference path accepted
[scan_planner_node-4] 
[scan_planner_node-4] [rebo replan]: -------------------------------------592
[scan_planner_node-4] start:   -6 6.96  1.4,    5e-08 0.000745 0.000113
[scan_planner_node-4] goal:-2.35     7   1.4,      0.75 -1.31e-16         0
[scan_planner_node-4] [32miter(+1)=6,time(ms)=0.038,total_t(ms)=0.038,cost=0.033
[scan_planner_node-4] [0mfirst_optimize_step_success=1
[scan_planner_node-4] total time:[42m0.000332[0m,optimize:0.000252,refine:8.02e-05
[scan_planner_node-4] final_plan_success=1
[scan_planner_node-4] [FSM]: from REPLAN_TRAJ to EXEC_TRAJ
[closed_loop_controller-6] [INFO] [1785999693.435690815] [closed_loop_controller]: Received trajectory 344, duration 6.080s
[scan_planner_node-4] [INFO] [1785999693.479520774] [scan_planner_node]: [GridMapDiag] cloud=32768 accepted=15381 invalid=17387 below_sensor=0 outside_update=0 sensor_z=1.700 cutoff_z=2.700
[scan_planner_node-4] [INFO] [1785999695.536388108] [scan_planner_node]: [GridMapDiag] cloud=32768 accepted=15256 invalid=17512 below_sensor=0 outside_update=0 sensor_z=1.700 cutoff_z=2.700
[scan_planner_node-4] [FSM]: state: EXEC_TRAJ
[scan_planner_node-4] [INFO] [1785999697.582647353] [scan_planner_node]: [GridMapDiag] cloud=32768 accepted=16014 invalid=16754 below_sensor=0 outside_update=0 sensor_z=1.700 cutoff_z=2.700
[scan_planner_node-4] [FSM]: from EXEC_TRAJ to REPLAN_TRAJ
[scan_planner_node-4] 
[scan_planner_node-4] [rebo replan]: -------------------------------------593
[scan_planner_node-4] start: -4.97  6.98   1.4,    0.777   0.0113 0.000416
[scan_planner_node-4] goal:-1.47     7   1.4,     0.75 7.97e-16        0
[scan_planner_node-4] [32miter(+1)=6,time(ms)=0.024,total_t(ms)=0.024,cost=0.011
[scan_planner_node-4] [0mfirst_optimize_step_success=1
[scan_planner_node-4] total time:[42m0.000169[0m,optimize:0.000136,refine:3.3e-05
[scan_planner_node-4] final_plan_success=1
[scan_planner_node-4] [FSM]: from REPLAN_TRAJ to EXEC_TRAJ
[closed_loop_controller-6] [INFO] [1785999698.023761528] [closed_loop_controller]: Received trajectory 345, duration 5.440s
[scan_planner_node-4] [FSM]: state: EXEC_TRAJ
[scan_planner_node-4] [INFO] [1785999699.713920820] [scan_planner_node]: [GridMapDiag] cloud=32768 accepted=18087 invalid=14681 below_sensor=0 outside_update=0 sensor_z=1.700 cutoff_z=2.700
[scan_planner_node-4] [FSM]: from EXEC_TRAJ to REPLAN_TRAJ
[scan_planner_node-4] 
[scan_planner_node-4] [rebo replan]: -------------------------------------594
[scan_planner_node-4] start: -3.88  6.99   1.4,    0.634  0.00614 0.000247
[scan_planner_node-4] goal:-0.25     7   1.4,     0.75 5.24e-13        0
[scan_planner_node-4] [32miter(+1)=4,time(ms)=0.017,total_t(ms)=0.017,cost=0.003
[scan_planner_node-4] [0mfirst_optimize_step_success=1
[scan_planner_node-4] total time:[42m0.00018[0m,optimize:0.000142,refine:3.72e-05
[scan_planner_node-4] final_plan_success=1
[scan_planner_node-4] [FSM]: from REPLAN_TRAJ to EXEC_TRAJ
[closed_loop_controller-6] [INFO] [1785999699.768911580] [closed_loop_controller]: Received trajectory 346, duration 5.760s
[scan_planner_node-4] [FSM]: from EXEC_TRAJ to REPLAN_TRAJ
[scan_planner_node-4] 
[scan_planner_node-4] [rebo replan]: -------------------------------------595
[scan_planner_node-4] start: -2.84     7   1.4,    0.625 0.000894 0.000165
[scan_planner_node-4] goal:0.625     7   1.4,    0.75 4.2e-11       0
[scan_planner_node-4] [32miter(+1)=4,time(ms)=0.026,total_t(ms)=0.027,cost=0.001
[scan_planner_node-4] [0mfirst_optimize_step_success=1
[scan_planner_node-4] total time:[42m0.000264[0m,optimize:0.000207,refine:5.7e-05
[scan_planner_node-4] final_plan_success=1
[scan_planner_node-4] [FSM]: from REPLAN_TRAJ to EXEC_TRAJ
[closed_loop_controller-6] [INFO] [1785999701.440961065] [closed_loop_controller]: Received trajectory 347, duration 5.440s
[scan_planner_node-4] [INFO] [1785999701.730848651] [scan_planner_node]: [GridMapDiag] cloud=32768 accepted=20281 invalid=12487 below_sensor=0 outside_update=0 sensor_z=1.700 cutoff_z=2.700
[scan_planner_node-4] [FSM]: from EXEC_TRAJ to REPLAN_TRAJ
[scan_planner_node-4] 
[scan_planner_node-4] [rebo replan]: -------------------------------------596
[scan_planner_node-4] start: -1.81     7   1.4,    0.625 0.000262 0.000123
[scan_planner_node-4] goal:1.85    7  1.4,     0.75 6.37e-09        0
[scan_planner_node-4] [32miter(+1)=9,time(ms)=0.038,total_t(ms)=0.038,cost=0.009
[scan_planner_node-4] [0mfirst_optimize_step_success=1
[scan_planner_node-4] total time:[42m0.000223[0m,optimize:0.000181,refine:4.21e-05
[scan_planner_node-4] final_plan_success=1
[scan_planner_node-4] [FSM]: from REPLAN_TRAJ to EXEC_TRAJ
[closed_loop_controller-6] [INFO] [1785999703.084816682] [closed_loop_controller]: Received trajectory 348, duration 6.080s
[scan_planner_node-4] [INFO] [1785999703.784192556] [scan_planner_node]: [GridMapDiag] cloud=32768 accepted=20874 invalid=11894 below_sensor=0 outside_update=0 sensor_z=1.700 cutoff_z=2.700
[scan_planner_node-4] [FSM]: state: EXEC_TRAJ
[scan_planner_node-4] [FSM]: from EXEC_TRAJ to REPLAN_TRAJ
[scan_planner_node-4] 
[scan_planner_node-4] [rebo replan]: -------------------------------------597
[scan_planner_node-4] start: -0.779      7    1.4,    0.625 9.35e-05 8.22e-05
[scan_planner_node-4] goal:2.73    7  1.4,      0.75 -3.86e-08         0
[scan_planner_node-4] [32miter(+1)=9,time(ms)=0.039,total_t(ms)=0.039,cost=0.006
[scan_planner_node-4] [0mfirst_optimize_step_success=1
[scan_planner_node-4] total time:[42m0.000243[0m,optimize:0.000201,refine:4.12e-05
[scan_planner_node-4] final_plan_success=1
[scan_planner_node-4] [FSM]: from REPLAN_TRAJ to EXEC_TRAJ
[closed_loop_controller-6] [INFO] [1785999704.736877452] [closed_loop_controller]: Received trajectory 349, duration 5.760s
[scan_planner_node-4] [INFO] [1785999705.785311796] [scan_planner_node]: [GridMapDiag] cloud=32768 accepted=20992 invalid=11776 below_sensor=0 outside_update=0 sensor_z=1.700 cutoff_z=2.700
[scan_planner_node-4] [FSM]: from EXEC_TRAJ to REPLAN_TRAJ
[scan_planner_node-4] 
[scan_planner_node-4] [rebo replan]: -------------------------------------598
[scan_planner_node-4] start: 0.258     7   1.4,     0.626 -3.48e-06  6.15e-05
[scan_planner_node-4] goal:3.95    7  1.4,      0.75 -2.54e-05         0
[scan_planner_node-4] [32miter(+1)=5,time(ms)=0.020,total_t(ms)=0.020,cost=0.001
[scan_planner_node-4] [0mfirst_optimize_step_success=1
[scan_planner_node-4] total time:[42m0.0002[0m,optimize:0.000159,refine:4.12e-05
[scan_planner_node-4] final_plan_success=1
[scan_planner_node-4] [FSM]: from REPLAN_TRAJ to EXEC_TRAJ
[closed_loop_controller-6] [INFO] [1785999706.394277068] [closed_loop_controller]: Received trajectory 350, duration 5.760s
[scan_planner_node-4] [INFO] [1785999707.882254359] [scan_planner_node]: [GridMapDiag] cloud=32768 accepted=20900 invalid=11868 below_sensor=0 outside_update=0 sensor_z=1.700 cutoff_z=2.700
[scan_planner_node-4] [FSM]: state: EXEC_TRAJ
[scan_planner_node-4] [FSM]: from EXEC_TRAJ to REPLAN_TRAJ
[scan_planner_node-4] 
[scan_planner_node-4] [rebo replan]: -------------------------------------599
[scan_planner_node-4] start: 1.31    7  1.4,    0.625 4.64e-06 4.11e-05
[scan_planner_node-4] goal:  5   7 1.4,    0.75 0.00411       0
[scan_planner_node-4] [32miter(+1)=5,time(ms)=0.031,total_t(ms)=0.032,cost=0.001
[scan_planner_node-4] [0mfirst_optimize_step_success=1
[scan_planner_node-4] total time:[42m0.000274[0m,optimize:0.000215,refine:5.94e-05
[scan_planner_node-4] final_plan_success=1
[scan_planner_node-4] [FSM]: from REPLAN_TRAJ to EXEC_TRAJ
[closed_loop_controller-6] [INFO] [1785999708.078966790] [closed_loop_controller]: Received trajectory 351, duration 5.760s
[scan_planner_node-4] [FSM]: from EXEC_TRAJ to REPLAN_TRAJ
[scan_planner_node-4] 
[scan_planner_node-4] [rebo replan]: -------------------------------------600
[scan_planner_node-4] start: 2.35    7  1.4,     0.625 -6.68e-08  2.94e-05
[scan_planner_node-4] goal:5.89 7.01  1.4, 0.743 0.103     0
[scan_planner_node-4] [32miter(+1)=8,time(ms)=0.029,total_t(ms)=0.029,cost=0.005
[scan_planner_node-4] [0mfirst_optimize_step_success=1
[scan_planner_node-4] total time:[42m0.0002[0m,optimize:0.000162,refine:3.85e-05
[scan_planner_node-4] final_plan_success=1
[scan_planner_node-4] [FSM]: from REPLAN_TRAJ to EXEC_TRAJ
[closed_loop_controller-6] [INFO] [1785999709.740300755] [closed_loop_controller]: Received trajectory 352, duration 5.760s
[scan_planner_node-4] [INFO] [1785999709.981143151] [scan_planner_node]: [GridMapDiag] cloud=32768 accepted=20441 invalid=12327 below_sensor=0 outside_update=0 sensor_z=1.700 cutoff_z=2.700
[scan_planner_node-4] [FSM]: from EXEC_TRAJ to REPLAN_TRAJ
[scan_planner_node-4] 
[scan_planner_node-4] [rebo replan]: -------------------------------------601
[scan_planner_node-4] start: 3.37    7  1.4,     0.625 -0.000586   2.2e-05
[scan_planner_node-4] goal:  6 5.9 1.4, 0.000709   -0.749        0
[scan_planner_node-4] [32miter(+1)=14,time(ms)=0.069,total_t(ms)=0.069,cost=0.016
[scan_planner_node-4] [0mfirst_optimize_step_success=1
[scan_planner_node-4] total time:[42m0.000278[0m,optimize:0.000227,refine:5.13e-05
[scan_planner_node-4] final_plan_success=1
[scan_planner_node-4] [FSM]: from REPLAN_TRAJ to EXEC_TRAJ
[closed_loop_controller-6] [INFO] [1785999711.380534682] [closed_loop_controller]: Received trajectory 353, duration 6.400s
[scan_planner_node-4] [FSM]: state: EXEC_TRAJ
[scan_planner_node-4] [INFO] [1785999711.981505651] [scan_planner_node]: [GridMapDiag] cloud=32768 accepted=18765 invalid=14003 below_sensor=0 outside_update=0 sensor_z=1.700 cutoff_z=2.700
[scan_planner_node-4] [FSM]: from EXEC_TRAJ to REPLAN_TRAJ
[scan_planner_node-4] 
[scan_planner_node-4] [rebo replan]: -------------------------------------602
[scan_planner_node-4] start: 4.42    7  1.4,   0.625 0.00785 1.4e-05
[scan_planner_node-4] goal:  6   5 1.4, 0 0 0
[scan_planner_node-4] [32miter(+1)=32,time(ms)=0.141,total_t(ms)=0.141,cost=0.022
[scan_planner_node-4] [0mfirst_optimize_step_success=1
[scan_planner_node-4] total time:[42m0.000305[0m,optimize:0.000267,refine:3.84e-05
[scan_planner_node-4] final_plan_success=1
[scan_planner_node-4] [FSM]: from REPLAN_TRAJ to EXEC_TRAJ
[closed_loop_controller-6] [INFO] [1785999713.050788210] [closed_loop_controller]: Received trajectory 354, duration 6.080s
[scan_planner_node-4] [INFO] [1785999714.037650462] [scan_planner_node]: [GridMapDiag] cloud=32768 accepted=16439 invalid=16329 below_sensor=0 outside_update=0 sensor_z=1.700 cutoff_z=2.700
[scan_planner_node-4] [FSM]: from EXEC_TRAJ to REPLAN_TRAJ
[scan_planner_node-4] 
[scan_planner_node-4] [rebo replan]: -------------------------------------603
[scan_planner_node-4] start: 5.45 7.02  1.4,    0.643 -0.00217 1.11e-05
[scan_planner_node-4] goal:  6   5 1.4, 0 0 0
[scan_planner_node-4] [32miter(+1)=21,time(ms)=0.073,total_t(ms)=0.073,cost=0.043
[scan_planner_node-4] [0mfirst_optimize_step_success=1
[scan_planner_node-4] Need to reallocate time.
[scan_planner_node-4] total time:[42m0.000337[0m,optimize:0.000158,refine:0.000179
[scan_planner_node-4] final_plan_success=1
[scan_planner_node-4] [FSM]: from REPLAN_TRAJ to EXEC_TRAJ
[closed_loop_controller-6] [INFO] [1785999714.638158547] [closed_loop_controller]: Received trajectory 355, duration 4.991s
[scan_planner_node-4] [FSM]: state: EXEC_TRAJ
[scan_planner_node-4] [INFO] [1785999716.060844354] [scan_planner_node]: [GridMapDiag] cloud=32768 accepted=15213 invalid=17555 below_sensor=0 outside_update=0 sensor_z=1.700 cutoff_z=2.700
[scan_planner_node-4] [FSM]: from EXEC_TRAJ to REPLAN_TRAJ
[scan_planner_node-4] 
[scan_planner_node-4] [rebo replan]: -------------------------------------604
[scan_planner_node-4] start: 6.12  6.2  1.4,  -0.0294   -0.703 9.23e-06
[scan_planner_node-4] goal:  6   5 1.4, 0 0 0
[scan_planner_node-4] [32miter(+1)=12,time(ms)=0.047,total_t(ms)=0.048,cost=0.128
[scan_planner_node-4] [0mfirst_optimize_step_success=1
[scan_planner_node-4] Need to reallocate time.
[scan_planner_node-4] total time:[42m0.000289[0m,optimize:0.000157,refine:0.000132
[scan_planner_node-4] final_plan_success=1
[scan_planner_node-4] [FSM]: from REPLAN_TRAJ to EXEC_TRAJ
[closed_loop_controller-6] [INFO] [1785999717.124776888] [closed_loop_controller]: Received trajectory 356, duration 2.284s
[scan_planner_node-4] [INFO] [1785999718.176183051] [scan_planner_node]: [GridMapDiag] cloud=32768 accepted=15172 invalid=17596 below_sensor=0 outside_update=0 sensor_z=1.700 cutoff_z=2.700
[scan_planner_node-4] [FSM]: from EXEC_TRAJ to REPLAN_TRAJ
[terrain_path_visualizer-10] [INFO] [1785999718.605173826] [terrain_path_segmenter]: Visualization advanced to segment 2/3
[scan_planner_node-4] 
[scan_planner_node-4] [rebo replan]: -------------------------------------605
[scan_planner_node-4] start: 6.02 5.17  1.4,  -0.0456   -0.381 1.43e-05
[scan_planner_node-4] goal:  6   5 1.4, 0 0 0
[scan_planner_node-4] Close to goal
[scan_planner_node-4] final_plan_success=0
[scan_planner_node-4] 
[scan_planner_node-4] [rebo replan]: -------------------------------------606
[scan_planner_node-4] start: 6.02 5.17  1.4,  -0.0456   -0.381 1.43e-05
[scan_planner_node-4] goal:  6   5 1.4, 0 0 0
[scan_planner_node-4] Close to goal
[scan_planner_node-4] final_plan_success=0
[scan_planner_node-4] 
[scan_planner_node-4] [rebo replan]: -------------------------------------607
[scan_planner_node-4] start: 6.02 5.17  1.4,  -0.0456   -0.381 1.43e-05
[scan_planner_node-4] goal:  6   5 1.4, 0 0 0
[scan_planner_node-4] Close to goal
[scan_planner_node-4] final_plan_success=0
[scan_planner_node-4] [FSM]: from REPLAN_TRAJ to REPLAN_TRAJ
[scan_planner_node-4] [INFO] [1785999718.742693631] [scan_planner_node]: [MapRefresh] Cleared occupancy and inflation for a new reference path; observation_sequence=5383
[scan_planner_node-4] [INFO] [1785999718.742736224] [scan_planner_node]: [MapRefresh] Deferred reference path until 2 fresh map observations have been fused (target_sequence=5385)
[scan_planner_node-4] [INFO] [1785999718.951072404] [scan_planner_node]: [MapRefresh] Fresh map ready at observation_sequence=5385; accepting deferred reference path
[scan_planner_node-4] [INFO] [1785999718.954234518] [scan_planner_node]: Reference path accepted
[scan_planner_node-4] 
[scan_planner_node-4] [rebo replan]: -------------------------------------608
[scan_planner_node-4] start: 6.01 5.09  1.4,  -0.0222   -0.182 1.56e-05
[scan_planner_node-4] goal:  6   3 0.4, 0 0 0
[scan_planner_node-4] [32miter(+1)=19,time(ms)=0.147,total_t(ms)=0.147,cost=0.018
[scan_planner_node-4] [0mfirst_optimize_step_success=1
[scan_planner_node-4] total time:[42m0.000453[0m,optimize:0.000369,refine:8.41e-05
[scan_planner_node-4] final_plan_success=1
[scan_planner_node-4] [FSM]: from REPLAN_TRAJ to EXEC_TRAJ
[closed_loop_controller-6] [INFO] [1785999718.954981838] [closed_loop_controller]: Received trajectory 357, duration 4.480s
[scan_planner_node-4] [INFO] [1785999720.180175740] [scan_planner_node]: [GridMapDiag] cloud=32768 accepted=16489 invalid=16279 below_sensor=0 outside_update=0 sensor_z=1.640 cutoff_z=2.640
[scan_planner_node-4] [FSM]: state: EXEC_TRAJ
[scan_planner_node-4] [FSM]: from EXEC_TRAJ to REPLAN_TRAJ
[scan_planner_node-4] 
[scan_planner_node-4] [rebo replan]: -------------------------------------609
[scan_planner_node-4] start:  6.02  4.17 0.973, -0.00417   -0.757   -0.413
[scan_planner_node-4] goal:  6   3 0.4, 0 0 0
[scan_planner_node-4] [32miter(+1)=13,time(ms)=0.038,total_t(ms)=0.039,cost=0.254
[scan_planner_node-4] [0mfirst_optimize_step_success=1
[scan_planner_node-4] Need to reallocate time.
[scan_planner_node-4] total time:[42m0.000214[0m,optimize:0.000116,refine:9.8e-05
[scan_planner_node-4] final_plan_success=1
[scan_planner_node-4] [FSM]: from REPLAN_TRAJ to EXEC_TRAJ
[closed_loop_controller-6] [INFO] [1785999721.183792751] [closed_loop_controller]: Received trajectory 358, duration 2.877s
[scan_planner_node-4] [INFO] [1785999722.224578313] [scan_planner_node]: [GridMapDiag] cloud=32768 accepted=26403 invalid=6365 below_sensor=0 outside_update=0 sensor_z=0.950 cutoff_z=1.950
[terrain_path_visualizer-10] [INFO] [1785999722.703869800] [terrain_path_segmenter]: Visualization advanced to segment 3/3
[scan_planner_node-4] [FSM]: from EXEC_TRAJ to REPLAN_TRAJ
[scan_planner_node-4] [INFO] [1785999722.782094764] [scan_planner_node]: [MapRefresh] Cleared occupancy and inflation for a new reference path; observation_sequence=5420
[scan_planner_node-4] [INFO] [1785999722.782164367] [scan_planner_node]: [MapRefresh] Deferred reference path until 2 fresh map observations have been fused (target_sequence=5422)
[scan_planner_node-4] [INFO] [1785999722.949479951] [scan_planner_node]: [MapRefresh] Fresh map ready at observation_sequence=5422; accepting deferred reference path
[scan_planner_node-4] [INFO] [1785999723.803805748] [scan_planner_node]: Reference path accepted
[scan_planner_node-4] 
[scan_planner_node-4] [rebo replan]: -------------------------------------610
[scan_planner_node-4] start:     6  3.03 0.426, -0.000747   -0.0324      -0.1
[scan_planner_node-4] goal:    6 -0.65   0.4, -1.25e-05     -0.75         0
[scan_planner_node-4] [32miter(+1)=23,time(ms)=0.153,total_t(ms)=0.153,cost=0.019
[scan_planner_node-4] [0mfirst_optimize_step_success=1
[scan_planner_node-4] total time:[42m0.000436[0m,optimize:0.000363,refine:7.29e-05
[scan_planner_node-4] final_plan_success=1
[scan_planner_node-4] [FSM]: from REPLAN_TRAJ to EXEC_TRAJ
[closed_loop_controller-6] [INFO] [1785999723.804578010] [closed_loop_controller]: Received trajectory 359, duration 6.400s
[scan_planner_node-4] [INFO] [1785999724.310693533] [scan_planner_node]: [GridMapDiag] cloud=32768 accepted=27571 invalid=5197 below_sensor=0 outside_update=0 sensor_z=0.712 cutoff_z=1.712
[scan_planner_node-4] [FSM]: state: EXEC_TRAJ
[scan_planner_node-4] [INFO] [1785999726.330555100] [scan_planner_node]: [GridMapDiag] cloud=32768 accepted=27600 invalid=5168 below_sensor=0 outside_update=0 sensor_z=0.712 cutoff_z=1.712
[scan_planner_node-4] [INFO] [1785999728.433013695] [scan_planner_node]: [GridMapDiag] cloud=32768 accepted=27586 invalid=5182 below_sensor=0 outside_update=0 sensor_z=0.715 cutoff_z=1.715
[scan_planner_node-4] [FSM]: state: EXEC_TRAJ
[scan_planner_node-4] [INFO] [1785999730.503111877] [scan_planner_node]: [GridMapDiag] cloud=32768 accepted=27516 invalid=5252 below_sensor=0 outside_update=0 sensor_z=0.724 cutoff_z=1.724
[scan_planner_node-4] [INFO] [1785999732.529963960] [scan_planner_node]: [GridMapDiag] cloud=32768 accepted=27519 invalid=5249 below_sensor=0 outside_update=0 sensor_z=0.724 cutoff_z=1.724
[scan_planner_node-4] [FSM]: state: EXEC_TRAJ
[scan_planner_node-4] [INFO] [1785999734.577446362] [scan_planner_node]: [GridMapDiag] cloud=32768 accepted=26704 invalid=6064 below_sensor=0 outside_update=0 sensor_z=0.700 cutoff_z=1.700
[scan_planner_node-4] [FSM]: from EXEC_TRAJ to REPLAN_TRAJ
[scan_planner_node-4] 
[scan_planner_node-4] [rebo replan]: -------------------------------------611
[scan_planner_node-4] start:    6 1.96 0.42, -0.000592    -0.765  -0.00512
[scan_planner_node-4] goal:   6 -1.7  0.4, 0.000305    -0.75        0
[scan_planner_node-4] [32miter(+1)=13,time(ms)=0.047,total_t(ms)=0.048,cost=0.007
[scan_planner_node-4] [0mfirst_optimize_step_success=1
[scan_planner_node-4] total time:[42m0.00022[0m,optimize:0.00018,refine:4.04e-05
[scan_planner_node-4] final_plan_success=1
[scan_planner_node-4] [FSM]: from REPLAN_TRAJ to EXEC_TRAJ
[closed_loop_controller-6] [INFO] [1785999734.894777234] [closed_loop_controller]: Received trajectory 360, duration 6.080s
[scan_planner_node-4] [FSM]: from EXEC_TRAJ to REPLAN_TRAJ
[scan_planner_node-4] 
[scan_planner_node-4] [rebo replan]: -------------------------------------612
[scan_planner_node-4] start:     6 0.931 0.414, -0.00109   -0.608 -0.00343
[scan_planner_node-4] goal:    6 -2.58   0.4, -0.0381  -0.712       0
[scan_planner_node-4] [32miter(+1)=8,time(ms)=0.036,total_t(ms)=0.036,cost=0.005
[scan_planner_node-4] [0mfirst_optimize_step_success=1
[scan_planner_node-4] total time:[42m0.000227[0m,optimize:0.00018,refine:4.73e-05
[scan_planner_node-4] final_plan_success=1
[scan_planner_node-4] [FSM]: from REPLAN_TRAJ to EXEC_TRAJ
[closed_loop_controller-6] [INFO] [1785999736.547300826] [closed_loop_controller]: Received trajectory 361, duration 5.760s
[scan_planner_node-4] [FSM]: state: EXEC_TRAJ
[scan_planner_node-4] [INFO] [1785999736.625277415] [scan_planner_node]: [GridMapDiag] cloud=32768 accepted=25580 invalid=7188 below_sensor=0 outside_update=0 sensor_z=0.700 cutoff_z=1.700
[scan_planner_node-4] [FSM]: from EXEC_TRAJ to REPLAN_TRAJ
[scan_planner_node-4] 
[scan_planner_node-4] [rebo replan]: -------------------------------------613
[scan_planner_node-4] start:      6 -0.105   0.41, -0.000204    -0.625  -0.00256
[scan_planner_node-4] goal:5.2  -3 0.4,    -0.74 -0.00959        0
[scan_planner_node-4] [32miter(+1)=14,time(ms)=0.078,total_t(ms)=0.078,cost=0.005
[scan_planner_node-4] [0mfirst_optimize_step_success=1
[scan_planner_node-4] total time:[42m0.000306[0m,optimize:0.000248,refine:5.77e-05
[scan_planner_node-4] final_plan_success=1
[scan_planner_node-4] [FSM]: from REPLAN_TRAJ to EXEC_TRAJ
[closed_loop_controller-6] [INFO] [1785999738.205927190] [closed_loop_controller]: Received trajectory 362, duration 5.760s
[scan_planner_node-4] [INFO] [1785999738.628628997] [scan_planner_node]: [GridMapDiag] cloud=32768 accepted=25073 invalid=7695 below_sensor=0 outside_update=0 sensor_z=0.700 cutoff_z=1.700
[scan_planner_node-4] [FSM]: from EXEC_TRAJ to REPLAN_TRAJ
[scan_planner_node-4] 
[scan_planner_node-4] [rebo replan]: -------------------------------------614
[scan_planner_node-4] start:     6 -1.12 0.407,  0.00126   -0.627 -0.00176
[scan_planner_node-4] goal:4.15   -3  0.4,   -0.75 5.9e-05       0
[scan_planner_node-4] [32miter(+1)=10,time(ms)=0.062,total_t(ms)=0.062,cost=0.009
[scan_planner_node-4] [0mfirst_optimize_step_success=1
[scan_planner_node-4] total time:[42m0.000308[0m,optimize:0.000242,refine:6.59e-05
[scan_planner_node-4] final_plan_success=1
[scan_planner_node-4] [FSM]: from REPLAN_TRAJ to EXEC_TRAJ
[closed_loop_controller-6] [INFO] [1785999739.833993749] [closed_loop_controller]: Received trajectory 363, duration 5.760s
[scan_planner_node-4] [INFO] [1785999740.632818745] [scan_planner_node]: [GridMapDiag] cloud=32768 accepted=24545 invalid=8223 below_sensor=0 outside_update=0 sensor_z=0.700 cutoff_z=1.700
[scan_planner_node-4] [FSM]: from EXEC_TRAJ to REPLAN_TRAJ
[scan_planner_node-4] 
[scan_planner_node-4] [rebo replan]: -------------------------------------615
[scan_planner_node-4] start:  6.02  -2.2 0.405,   0.0581   -0.651 -0.00127
[scan_planner_node-4] goal:3.1  -3 0.4,    -0.75 3.61e-07        0
[scan_planner_node-4] [32miter(+1)=10,time(ms)=0.041,total_t(ms)=0.042,cost=0.006
[scan_planner_node-4] [0mfirst_optimize_step_success=1
[scan_planner_node-4] total time:[42m0.000223[0m,optimize:0.000182,refine:4.07e-05
[scan_planner_node-4] final_plan_success=1
[scan_planner_node-4] [FSM]: from REPLAN_TRAJ to EXEC_TRAJ
[closed_loop_controller-6] [INFO] [1785999741.563034944] [closed_loop_controller]: Received trajectory 364, duration 5.440s
[scan_planner_node-4] [FSM]: state: EXEC_TRAJ
[scan_planner_node-4] [INFO] [1785999742.762233540] [scan_planner_node]: [GridMapDiag] cloud=32768 accepted=24197 invalid=8571 below_sensor=0 outside_update=0 sensor_z=0.700 cutoff_z=1.700
[scan_planner_node-4] [FSM]: from EXEC_TRAJ to REPLAN_TRAJ
[scan_planner_node-4] 
[scan_planner_node-4] [rebo replan]: -------------------------------------616
[scan_planner_node-4] start:  5.41 -3.01 0.403,    -0.649   -0.0298 -0.000897
[scan_planner_node-4] goal:1.7  -3 0.4,    -0.75 -9.9e-10        0
[scan_planner_node-4] [32miter(+1)=6,time(ms)=0.029,total_t(ms)=0.029,cost=0.002
[scan_planner_node-4] [0mfirst_optimize_step_success=1
[scan_planner_node-4] total time:[42m0.000246[0m,optimize:0.000191,refine:5.49e-05
[scan_planner_node-4] final_plan_success=1
[scan_planner_node-4] [FSM]: from REPLAN_TRAJ to EXEC_TRAJ
[closed_loop_controller-6] [INFO] [1785999743.979811188] [closed_loop_controller]: Received trajectory 365, duration 5.760s
[scan_planner_node-4] [INFO] [1785999744.922338479] [scan_planner_node]: [GridMapDiag] cloud=32768 accepted=23831 invalid=8937 below_sensor=0 outside_update=0 sensor_z=0.700 cutoff_z=1.700
[scan_planner_node-4] [FSM]: from EXEC_TRAJ to REPLAN_TRAJ
[scan_planner_node-4] 
[scan_planner_node-4] [rebo replan]: -------------------------------------617
[scan_planner_node-4] start:  4.33    -3 0.402,    -0.625  -0.00286 -0.000558
[scan_planner_node-4] goal:0.825    -3   0.4,     -0.75 -9.74e-11         0
[scan_planner_node-4] [32miter(+1)=6,time(ms)=0.028,total_t(ms)=0.029,cost=0.001
[scan_planner_node-4] [0mfirst_optimize_step_success=1
[scan_planner_node-4] total time:[42m0.000221[0m,optimize:0.000177,refine:4.44e-05
[scan_planner_node-4] final_plan_success=1
[scan_planner_node-4] [FSM]: from REPLAN_TRAJ to EXEC_TRAJ
[closed_loop_controller-6] [INFO] [1785999745.706716607] [closed_loop_controller]: Received trajectory 366, duration 5.440s
[scan_planner_node-4] [INFO] [1785999747.070423433] [scan_planner_node]: [GridMapDiag] cloud=32768 accepted=24177 invalid=8591 below_sensor=0 outside_update=0 sensor_z=0.700 cutoff_z=1.700
[scan_planner_node-4] [FSM]: from EXEC_TRAJ to REPLAN_TRAJ
[scan_planner_node-4] 
[scan_planner_node-4] [rebo replan]: -------------------------------------618
[scan_planner_node-4] start:  3.25    -3 0.402,    -0.625 -6.63e-05 -0.000419
[scan_planner_node-4] goal:-0.4   -3  0.4,    -0.75 1.53e-11        0
[scan_planner_node-4] [32miter(+1)=4,time(ms)=0.017,total_t(ms)=0.018,cost=0.002
[scan_planner_node-4] [0mfirst_optimize_step_success=1
[scan_planner_node-4] total time:[42m0.00023[0m,optimize:0.000179,refine:5.1e-05
[scan_planner_node-4] final_plan_success=1
[scan_planner_node-4] [FSM]: from REPLAN_TRAJ to EXEC_TRAJ
[closed_loop_controller-6] [INFO] [1785999747.427269421] [closed_loop_controller]: Received trajectory 367, duration 5.760s
[scan_planner_node-4] [FSM]: state: EXEC_TRAJ
[scan_planner_node-4] [FSM]: from EXEC_TRAJ to REPLAN_TRAJ
[scan_planner_node-4] [INFO] [1785999749.132684838] [scan_planner_node]: [GridMapDiag] cloud=32768 accepted=25172 invalid=7596 below_sensor=0 outside_update=0 sensor_z=0.700 cutoff_z=1.700
[scan_planner_node-4] 
[scan_planner_node-4] [rebo replan]: -------------------------------------619
[scan_planner_node-4] start:  2.19    -3 0.401,    -0.625  0.000168 -0.000279
[scan_planner_node-4] goal:-1.27    -3   0.4,    -0.75 3.94e-10        0
[scan_planner_node-4] [32miter(+1)=4,time(ms)=0.018,total_t(ms)=0.018,cost=0.001
[scan_planner_node-4] [0mfirst_optimize_step_success=1
[scan_planner_node-4] total time:[42m0.000209[0m,optimize:0.000166,refine:4.26e-05
[scan_planner_node-4] final_plan_success=1
[scan_planner_node-4] [FSM]: from REPLAN_TRAJ to EXEC_TRAJ
[closed_loop_controller-6] [INFO] [1785999749.133256348] [closed_loop_controller]: Received trajectory 368, duration 5.440s
[scan_planner_node-4] [FSM]: from EXEC_TRAJ to REPLAN_TRAJ
[scan_planner_node-4] 
[scan_planner_node-4] [rebo replan]: -------------------------------------620
[scan_planner_node-4] start:  1.14    -3 0.401,    -0.625  1.66e-05 -0.000208
[scan_planner_node-4] goal:-2.33    -3   0.4,    -0.75 7.16e-09        0
[scan_planner_node-4] [32miter(+1)=4,time(ms)=0.016,total_t(ms)=0.016,cost=0.001
[scan_planner_node-4] [0mfirst_optimize_step_success=1
[scan_planner_node-4] total time:[42m0.000187[0m,optimize:0.000149,refine:3.83e-05
[scan_planner_node-4] final_plan_success=1
[scan_planner_node-4] [FSM]: from REPLAN_TRAJ to EXEC_TRAJ
[closed_loop_controller-6] [INFO] [1785999750.815381407] [closed_loop_controller]: Received trajectory 369, duration 5.440s
[scan_planner_node-4] [INFO] [1785999751.233153625] [scan_planner_node]: [GridMapDiag] cloud=32768 accepted=25133 invalid=7635 below_sensor=0 outside_update=0 sensor_z=0.700 cutoff_z=1.700
[scan_planner_node-4] [FSM]: from EXEC_TRAJ to REPLAN_TRAJ
[scan_planner_node-4] 
[scan_planner_node-4] [rebo replan]: -------------------------------------621
[scan_planner_node-4] start:  0.11    -3 0.401,    -0.625  8.61e-06 -0.000146
[scan_planner_node-4] goal:-3.55    -3   0.4,    -0.75 4.71e-06        0
[scan_planner_node-4] [32miter(+1)=14,time(ms)=0.064,total_t(ms)=0.064,cost=0.005
[scan_planner_node-4] [0mfirst_optimize_step_success=1
[scan_planner_node-4] total time:[42m0.000265[0m,optimize:0.000225,refine:3.97e-05
[scan_planner_node-4] final_plan_success=1
[scan_planner_node-4] [FSM]: from REPLAN_TRAJ to EXEC_TRAJ
[closed_loop_controller-6] [INFO] [1785999752.452112316] [closed_loop_controller]: Received trajectory 370, duration 6.080s
[scan_planner_node-4] [INFO] [1785999753.295102423] [scan_planner_node]: [GridMapDiag] cloud=32768 accepted=25146 invalid=7622 below_sensor=0 outside_update=0 sensor_z=0.700 cutoff_z=1.700
[scan_planner_node-4] [FSM]: state: EXEC_TRAJ
[scan_planner_node-4] [FSM]: from EXEC_TRAJ to REPLAN_TRAJ
[scan_planner_node-4] 
[scan_planner_node-4] [rebo replan]: -------------------------------------622
[scan_planner_node-4] start: -0.916     -3    0.4,    -0.622 -4.24e-07  -9.7e-05
[scan_planner_node-4] goal:-4.6   -3  0.4,     -0.75 -0.000765         0
[scan_planner_node-4] [32miter(+1)=5,time(ms)=0.020,total_t(ms)=0.021,cost=0.001
[scan_planner_node-4] [0mfirst_optimize_step_success=1
[scan_planner_node-4] total time:[42m0.00019[0m,optimize:0.000151,refine:3.87e-05
[scan_planner_node-4] final_plan_success=1
[scan_planner_node-4] [FSM]: from REPLAN_TRAJ to EXEC_TRAJ
[closed_loop_controller-6] [INFO] [1785999754.093961824] [closed_loop_controller]: Received trajectory 371, duration 5.760s
[scan_planner_node-4] [INFO] [1785999755.436051909] [scan_planner_node]: [GridMapDiag] cloud=32768 accepted=24961 invalid=7807 below_sensor=0 outside_update=0 sensor_z=0.700 cutoff_z=1.700
[scan_planner_node-4] [FSM]: from EXEC_TRAJ to REPLAN_TRAJ
[scan_planner_node-4] 
[scan_planner_node-4] [rebo replan]: -------------------------------------623
[scan_planner_node-4] start: -1.99    -3   0.4,    -0.625  2.46e-07 -6.89e-05
[scan_planner_node-4] goal:-5.48    -3   0.4,   -0.75 -0.0186       0
[scan_planner_node-4] [32miter(+1)=5,time(ms)=0.023,total_t(ms)=0.023,cost=0.001
[scan_planner_node-4] [0mfirst_optimize_step_success=1
[scan_planner_node-4] total time:[42m0.000193[0m,optimize:0.000156,refine:3.65e-05
[scan_planner_node-4] final_plan_success=1
[scan_planner_node-4] [FSM]: from REPLAN_TRAJ to EXEC_TRAJ
[closed_loop_controller-6] [INFO] [1785999755.808232453] [closed_loop_controller]: Received trajectory 372, duration 5.440s
[scan_planner_node-4] [FSM]: from EXEC_TRAJ to REPLAN_TRAJ
[scan_planner_node-4] [INFO] [1785999757.523016851] [scan_planner_node]: [GridMapDiag] cloud=32768 accepted=24432 invalid=8336 below_sensor=0 outside_update=0 sensor_z=0.700 cutoff_z=1.700
[scan_planner_node-4] 
[scan_planner_node-4] [rebo replan]: -------------------------------------624
[scan_planner_node-4] start: -3.06    -3   0.4,    -0.625     5e-06 -5.16e-05
[scan_planner_node-4] goal:  -6 -2.3  0.4, -0.00383    0.746        0
[scan_planner_node-4] [32miter(+1)=13,time(ms)=0.054,total_t(ms)=0.054,cost=0.006
[scan_planner_node-4] [0mfirst_optimize_step_success=1
[scan_planner_node-4] total time:[42m0.000236[0m,optimize:0.000193,refine:4.3e-05
[scan_planner_node-4] final_plan_success=1
[scan_planner_node-4] [FSM]: from REPLAN_TRAJ to EXEC_TRAJ
[closed_loop_controller-6] [INFO] [1785999757.523615462] [closed_loop_controller]: Received trajectory 373, duration 5.760s
[scan_planner_node-4] [FSM]: state: EXEC_TRAJ
[scan_planner_node-4] [FSM]: from EXEC_TRAJ to REPLAN_TRAJ
[scan_planner_node-4] 
[scan_planner_node-4] [rebo replan]: -------------------------------------625
[scan_planner_node-4] start: -4.14    -3   0.4,    -0.628  -0.00672 -3.49e-05
[scan_planner_node-4] goal:   -6 -1.42   0.4, -0.000377      0.75         0
[scan_planner_node-4] [32miter(+1)=18,time(ms)=0.125,total_t(ms)=0.125,cost=0.006
[scan_planner_node-4] [0mfirst_optimize_step_success=1
[scan_planner_node-4] total time:[42m0.000405[0m,optimize:0.000336,refine:6.94e-05
[scan_planner_node-4] final_plan_success=1
[scan_planner_node-4] [FSM]: from REPLAN_TRAJ to EXEC_TRAJ
[closed_loop_controller-6] [INFO] [1785999759.253568848] [closed_loop_controller]: Received trajectory 374, duration 5.440s
[scan_planner_node-4] [INFO] [1785999759.534240309] [scan_planner_node]: [GridMapDiag] cloud=32768 accepted=23885 invalid=8883 below_sensor=0 outside_update=0 sensor_z=0.700 cutoff_z=1.700
[scan_planner_node-4] [FSM]: from EXEC_TRAJ to REPLAN_TRAJ
[scan_planner_node-4] 
[scan_planner_node-4] [rebo replan]: -------------------------------------626
[scan_planner_node-4] start: -5.17 -3.03   0.4,    -0.673   -0.0403 -2.67e-05
[scan_planner_node-4] goal:    -6 -0.375    0.4, 3.58e-06     0.75        0
[scan_planner_node-4] [32miter(+1)=12,time(ms)=0.051,total_t(ms)=0.051,cost=0.010
[scan_planner_node-4] [0mfirst_optimize_step_success=1
[scan_planner_node-4] total time:[42m0.000235[0m,optimize:0.000192,refine:4.23e-05
[scan_planner_node-4] final_plan_success=1
[scan_planner_node-4] [FSM]: from REPLAN_TRAJ to EXEC_TRAJ
[closed_loop_controller-6] [INFO] [1785999760.882791580] [closed_loop_controller]: Received trajectory 375, duration 5.440s
[scan_planner_node-4] [INFO] [1785999761.565338051] [scan_planner_node]: [GridMapDiag] cloud=32768 accepted=24071 invalid=8697 below_sensor=0 outside_update=0 sensor_z=0.700 cutoff_z=1.700
[scan_planner_node-4] [FSM]: from EXEC_TRAJ to REPLAN_TRAJ
[scan_planner_node-4] 
[scan_planner_node-4] [rebo replan]: -------------------------------------627
[scan_planner_node-4] start: -6.01 -2.44   0.4,   -0.0769     0.642 -1.84e-05
[scan_planner_node-4] goal: -6   1 0.4, 0 0 0
[scan_planner_node-4] [32miter(+1)=26,time(ms)=0.105,total_t(ms)=0.105,cost=0.019
[scan_planner_node-4] [0mfirst_optimize_step_success=1
[scan_planner_node-4] total time:[42m0.000295[0m,optimize:0.000248,refine:4.66e-05
[scan_planner_node-4] final_plan_success=1
[scan_planner_node-4] [FSM]: from REPLAN_TRAJ to EXEC_TRAJ
[closed_loop_controller-6] [INFO] [1785999763.057071263] [closed_loop_controller]: Received trajectory 376, duration 5.760s
[scan_planner_node-4] [INFO] [1785999763.628068836] [scan_planner_node]: [GridMapDiag] cloud=32768 accepted=24534 invalid=8234 below_sensor=0 outside_update=0 sensor_z=0.700 cutoff_z=1.700
[scan_planner_node-4] [FSM]: state: EXEC_TRAJ
[scan_planner_node-4] [FSM]: from EXEC_TRAJ to REPLAN_TRAJ
[scan_planner_node-4] 
[scan_planner_node-4] [rebo replan]: -------------------------------------628
[scan_planner_node-4] start:    -6 -1.37   0.4,   0.00348       0.6 -1.11e-05
[scan_planner_node-4] goal: -6   1 0.4, 0 0 0
[scan_planner_node-4] [32miter(+1)=26,time(ms)=0.081,total_t(ms)=0.081,cost=0.021
[scan_planner_node-4] [0mfirst_optimize_step_success=1
[scan_planner_node-4] total time:[42m0.000207[0m,optimize:0.000177,refine:3.06e-05
[scan_planner_node-4] final_plan_success=1
[scan_planner_node-4] [FSM]: from REPLAN_TRAJ to EXEC_TRAJ
[closed_loop_controller-6] [INFO] [1785999764.739211973] [closed_loop_controller]: Received trajectory 377, duration 3.840s
[scan_planner_node-4] [INFO] [1785999765.678550115] [scan_planner_node]: [GridMapDiag] cloud=32768 accepted=25273 invalid=7495 below_sensor=0 outside_update=0 sensor_z=0.700 cutoff_z=1.700
[scan_planner_node-4] [FSM]: from EXEC_TRAJ to REPLAN_TRAJ
[scan_planner_node-4] 
[scan_planner_node-4] [rebo replan]: -------------------------------------629
[scan_planner_node-4] start:     -6 -0.308    0.4,  -0.00236     0.778 -1.11e-05
[scan_planner_node-4] goal: -6   1 0.4, 0 0 0
[scan_planner_node-4] [32miter(+1)=14,time(ms)=0.031,total_t(ms)=0.032,cost=0.054
[scan_planner_node-4] [0mfirst_optimize_step_success=1
[scan_planner_node-4] Need to reallocate time.
[scan_planner_node-4] total time:[42m0.000161[0m,optimize:8.88e-05,refine:7.22e-05
[scan_planner_node-4] final_plan_success=1
[scan_planner_node-4] [FSM]: from REPLAN_TRAJ to EXEC_TRAJ
[closed_loop_controller-6] [INFO] [1785999766.214561851] [closed_loop_controller]: Received trajectory 378, duration 2.594s
[scan_planner_node-4] [FSM]: from EXEC_TRAJ to REPLAN_TRAJ
[scan_planner_node-4] 
[scan_planner_node-4] [rebo replan]: -------------------------------------630
[scan_planner_node-4] start:    -6 0.709   0.4,  0.000926     0.536 -8.84e-06
[scan_planner_node-4] goal: -6   1 0.4, 0 0 0
[scan_planner_node-4] [32miter(+1)=12,time(ms)=0.046,total_t(ms)=0.047,cost=0.001
[scan_planner_node-4] [0mfirst_optimize_step_success=1
[scan_planner_node-4] total time:[42m0.000163[0m,optimize:0.00012,refine:4.28e-05
[scan_planner_node-4] final_plan_success=1
[scan_planner_node-4] [FSM]: from REPLAN_TRAJ to EXEC_TRAJ
[closed_loop_controller-6] [INFO] [1785999767.644080622] [closed_loop_controller]: Received trajectory 379, duration 2.240s
[scan_planner_node-4] [INFO] [1785999767.722753268] [scan_planner_node]: [GridMapDiag] cloud=32768 accepted=26646 invalid=6122 below_sensor=0 outside_update=0 sensor_z=0.700 cutoff_z=1.700
[loop_path_publisher.py-9] [INFO] [1785999768.405844945] [loop_path_publisher]: Published shuttle route with 31 dense points, run 19
[terrain_path_visualizer-10] [INFO] [1785999768.409271166] [terrain_path_segmenter]: Segmented 31 path points into 2 sections
[scan_planner_node-4] [INFO] [1785999768.504109457] [scan_planner_node]: [MapRefresh] Cleared occupancy and inflation for a new reference path; observation_sequence=5737
[scan_planner_node-4] [INFO] [1785999768.504166584] [scan_planner_node]: [MapRefresh] Deferred reference path until 2 fresh map observations have been fused (target_sequence=5739)
[scan_planner_node-4] [INFO] [1785999768.667718920] [scan_planner_node]: [MapRefresh] Fresh map ready at observation_sequence=5739; accepting deferred reference path
[scan_planner_node-4] [TRIG]: from EXEC_TRAJ to REPLAN_TRAJ
[scan_planner_node-4] [INFO] [1785999768.702751614] [scan_planner_node]: Reference path accepted
[scan_planner_node-4] 
[scan_planner_node-4] [rebo replan]: -------------------------------------631
[scan_planner_node-4] start:    -6 0.962   0.4, -0.000138    0.0638 -5.09e-06
[scan_planner_node-4] goal:  -6 4.53 1.28, 0 0 0
[scan_planner_node-4] [32miter(+1)=42,time(ms)=0.339,total_t(ms)=0.339,cost=0.006
[scan_planner_node-4] [0mfirst_optimize_step_success=1
[scan_planner_node-4] total time:[42m0.00061[0m,optimize:0.000546,refine:6.33e-05
[scan_planner_node-4] final_plan_success=1
[scan_planner_node-4] [FSM]: from REPLAN_TRAJ to EXEC_TRAJ
[closed_loop_controller-6] [INFO] [1785999768.703620467] [closed_loop_controller]: Received trajectory 380, duration 6.400s
[scan_planner_node-4] [FSM]: state: EXEC_TRAJ
[scan_planner_node-4] [INFO] [1785999769.728085587] [scan_planner_node]: [GridMapDiag] cloud=32768 accepted=26980 invalid=5788 below_sensor=0 outside_update=0 sensor_z=0.739 cutoff_z=1.739
[scan_planner_node-4] [FSM]: from EXEC_TRAJ to REPLAN_TRAJ
[scan_planner_node-4] 
[scan_planner_node-4] [rebo replan]: -------------------------------------632
[scan_planner_node-4] start:    -6  1.97 0.589, 5.76e-05    0.756    0.206
[scan_planner_node-4] goal: -6   5 1.4, 0 0 0
[scan_planner_node-4] [32miter(+1)=25,time(ms)=0.135,total_t(ms)=0.136,cost=0.086
[scan_planner_node-4] [0mfirst_optimize_step_success=1
[scan_planner_node-4] Need to reallocate time.
[scan_planner_node-4] total time:[42m0.000601[0m,optimize:0.000298,refine:0.000303
[scan_planner_node-4] final_plan_success=1
[scan_planner_node-4] [FSM]: from REPLAN_TRAJ to EXEC_TRAJ
[closed_loop_controller-6] [INFO] [1785999770.934306229] [closed_loop_controller]: Received trajectory 381, duration 6.388s
[scan_planner_node-4] [INFO] [1785999771.728063803] [scan_planner_node]: [GridMapDiag] cloud=32768 accepted=26533 invalid=6235 below_sensor=0 outside_update=0 sensor_z=1.074 cutoff_z=2.074
[scan_planner_node-4] [FSM]: state: EXEC_TRAJ
[scan_planner_node-4] [FSM]: from EXEC_TRAJ to REPLAN_TRAJ
[scan_planner_node-4] 
[scan_planner_node-4] [rebo replan]: -------------------------------------633
[scan_planner_node-4] start:    -6  2.95 0.841, 0.00014   0.341   0.122
[scan_planner_node-4] goal: -6   5 1.4, 0 0 0
[scan_planner_node-4] [32miter(+1)=24,time(ms)=0.090,total_t(ms)=0.091,cost=0.079
[scan_planner_node-4] [0mfirst_optimize_step_success=1
[scan_planner_node-4] Need to reallocate time.
[scan_planner_node-4] total time:[42m0.000295[0m,optimize:0.000186,refine:0.000109
[scan_planner_node-4] final_plan_success=1
[scan_planner_node-4] [FSM]: from REPLAN_TRAJ to EXEC_TRAJ
[closed_loop_controller-6] [INFO] [1785999772.828736044] [closed_loop_controller]: Received trajectory 382, duration 4.121s
[scan_planner_node-4] [INFO] [1785999773.808606984] [scan_planner_node]: [GridMapDiag] cloud=32768 accepted=22495 invalid=10273 below_sensor=0 outside_update=0 sensor_z=1.284 cutoff_z=2.284
[scan_planner_node-4] [FSM]: from EXEC_TRAJ to REPLAN_TRAJ
[scan_planner_node-4] 
[scan_planner_node-4] [rebo replan]: -------------------------------------634
[scan_planner_node-4] start:  -6   4 1.1, 4.45e-05    0.744    0.131
[scan_planner_node-4] goal: -6   5 1.4, 0 0 0
[scan_planner_node-4] [32miter(+1)=11,time(ms)=0.023,total_t(ms)=0.024,cost=0.058
[scan_planner_node-4] [0mfirst_optimize_step_success=1
[scan_planner_node-4] Need to reallocate time.
[scan_planner_node-4] total time:[42m0.000144[0m,optimize:7.81e-05,refine:6.61e-05
[scan_planner_node-4] final_plan_success=1
[scan_planner_node-4] [FSM]: from REPLAN_TRAJ to EXEC_TRAJ
[closed_loop_controller-6] [INFO] [1785999774.683670040] [closed_loop_controller]: Received trajectory 383, duration 2.141s
[terrain_path_visualizer-10] [INFO] [1785999775.764072357] [terrain_path_segmenter]: Visualization advanced to segment 2/2
[scan_planner_node-4] [INFO] [1785999775.793608593] [scan_planner_node]: [MapRefresh] Cleared occupancy and inflation for a new reference path; observation_sequence=5803
[scan_planner_node-4] [INFO] [1785999775.793645087] [scan_planner_node]: [MapRefresh] Deferred reference path until 2 fresh map observations have been fused (target_sequence=5805)
[scan_planner_node-4] [INFO] [1785999775.937071854] [scan_planner_node]: [GridMapDiag] cloud=32768 accepted=16215 invalid=16553 below_sensor=0 outside_update=0 sensor_z=1.656 cutoff_z=2.656
[scan_planner_node-4] [INFO] [1785999776.094403823] [scan_planner_node]: [MapRefresh] Fresh map ready at observation_sequence=5805; accepting deferred reference path
[scan_planner_node-4] [TRIG]: from EXEC_TRAJ to REPLAN_TRAJ
[scan_planner_node-4] 
[scan_planner_node-4] [rebo replan]: -------------------------------------635
[scan_planner_node-4] start:   -6  4.9 1.33, -4.09e-06     0.345     0.165
[scan_planner_node-4] goal: -6   7 1.4, 0 0 0
[scan_planner_node-4] [INFO] [1785999776.095825061] [scan_planner_node]: Reference path accepted
[scan_planner_node-4] [32miter(+1)=9,time(ms)=0.028,total_t(ms)=0.028,cost=0.149
[scan_planner_node-4] [0mfirst_optimize_step_success=1
[scan_planner_node-4] Need to reallocate time.
[scan_planner_node-4] total time:[42m0.000329[0m,optimize:0.000149,refine:0.00018
[scan_planner_node-4] final_plan_success=1
[scan_planner_node-4] [FSM]: from REPLAN_TRAJ to EXEC_TRAJ
[closed_loop_controller-6] [INFO] [1785999776.096367210] [closed_loop_controller]: Received trajectory 384, duration 5.607s
[scan_planner_node-4] [FSM]: state: EXEC_TRAJ
[scan_planner_node-4] [INFO] [1785999777.979112389] [scan_planner_node]: [GridMapDiag] cloud=32768 accepted=15473 invalid=17295 below_sensor=0 outside_update=0 sensor_z=1.700 cutoff_z=2.700
[scan_planner_node-4] [FSM]: from EXEC_TRAJ to REPLAN_TRAJ
[scan_planner_node-4] 
[scan_planner_node-4] [rebo replan]: -------------------------------------636
[scan_planner_node-4] start:   -6 5.92 1.36, -4.29e-05     0.606    0.0195
[scan_planner_node-4] goal: -6   7 1.4, 0 0 0
[scan_planner_node-4] [32miter(+1)=12,time(ms)=0.032,total_t(ms)=0.032,cost=0.106
[scan_planner_node-4] [0mfirst_optimize_step_success=1
[scan_planner_node-4] Need to reallocate time.
[scan_planner_node-4] total time:[42m0.000149[0m,optimize:8.3e-05,refine:6.59e-05
[scan_planner_node-4] final_plan_success=1
[scan_planner_node-4] [FSM]: from REPLAN_TRAJ to EXEC_TRAJ
[closed_loop_controller-6] [INFO] [1785999778.881135745] [closed_loop_controller]: Received trajectory 385, duration 2.262s
[scan_planner_node-4] [INFO] [1785999780.037973606] [scan_planner_node]: [GridMapDiag] cloud=32768 accepted=15394 invalid=17374 below_sensor=0 outside_update=0 sensor_z=1.700 cutoff_z=2.700
[loop_path_publisher.py-9] [INFO] [1785999780.817965888] [loop_path_publisher]: Published shuttle route with 193 dense points, run 20
[terrain_path_visualizer-10] [INFO] [1785999780.834090650] [terrain_path_segmenter]: Segmented 193 path points into 3 sections
[scan_planner_node-4] [INFO] [1785999780.886235851] [scan_planner_node]: [MapRefresh] Cleared occupancy and inflation for a new reference path; observation_sequence=5847
[scan_planner_node-4] [INFO] [1785999780.886282791] [scan_planner_node]: [MapRefresh] Deferred reference path until 2 fresh map observations have been fused (target_sequence=5849)
[scan_planner_node-4] [INFO] [1785999781.052592751] [scan_planner_node]: [MapRefresh] Fresh map ready at observation_sequence=5849; accepting deferred reference path
[scan_planner_node-4] [TRIG]: from EXEC_TRAJ to REPLAN_TRAJ
[scan_planner_node-4] 
[scan_planner_node-4] [rebo replan]: -------------------------------------637
[scan_planner_node-4] start:   -6 6.98  1.4, -1.56e-08  0.000468  5.73e-05
[scan_planner_node-4] goal:-2.35     7   1.4,      0.75 -1.31e-16         0
[scan_planner_node-4] [INFO] [1785999781.462653204] [scan_planner_node]: Reference path accepted
[scan_planner_node-4] [32miter(+1)=6,time(ms)=0.026,total_t(ms)=0.026,cost=0.033
[scan_planner_node-4] [0mfirst_optimize_step_success=1
[scan_planner_node-4] total time:[42m0.000231[0m,optimize:0.000182,refine:4.9e-05
[scan_planner_node-4] final_plan_success=1
[scan_planner_node-4] [FSM]: from REPLAN_TRAJ to EXEC_TRAJ
[closed_loop_controller-6] [INFO] [1785999781.463143028] [closed_loop_controller]: Received trajectory 386, duration 6.080s
[scan_planner_node-4] [FSM]: state: EXEC_TRAJ
[scan_planner_node-4] [INFO] [1785999782.108545837] [scan_planner_node]: [GridMapDiag] cloud=32768 accepted=15200 invalid=17568 below_sensor=0 outside_update=0 sensor_z=1.700 cutoff_z=2.700
[scan_planner_node-4] [INFO] [1785999784.181850713] [scan_planner_node]: [GridMapDiag] cloud=32768 accepted=15267 invalid=17501 below_sensor=0 outside_update=0 sensor_z=1.700 cutoff_z=2.700
[scan_planner_node-4] [FSM]: state: EXEC_TRAJ
[scan_planner_node-4] [FSM]: from EXEC_TRAJ to REPLAN_TRAJ
[scan_planner_node-4] 
[scan_planner_node-4] [rebo replan]: -------------------------------------638
[scan_planner_node-4] start: -4.97  6.99   1.4,   0.778 0.00432 0.00014
[scan_planner_node-4] goal:-1.47     7   1.4,     0.75 7.97e-16        0
[scan_planner_node-4] [32miter(+1)=7,time(ms)=0.034,total_t(ms)=0.035,cost=0.009
[scan_planner_node-4] [0mfirst_optimize_step_success=1
[scan_planner_node-4] total time:[42m0.000189[0m,optimize:0.000154,refine:3.46e-05
[scan_planner_node-4] final_plan_success=1
[scan_planner_node-4] [FSM]: from REPLAN_TRAJ to EXEC_TRAJ
[closed_loop_controller-6] [INFO] [1785999786.083809846] [closed_loop_controller]: Received trajectory 387, duration 5.440s
[scan_planner_node-4] [INFO] [1785999786.187328890] [scan_planner_node]: [GridMapDiag] cloud=32768 accepted=16447 invalid=16321 below_sensor=0 outside_update=0 sensor_z=1.700 cutoff_z=2.700
[scan_planner_node-4] [FSM]: from EXEC_TRAJ to REPLAN_TRAJ
[scan_planner_node-4] 
[scan_planner_node-4] [rebo replan]: -------------------------------------639
[scan_planner_node-4] start: -3.95     7   1.4,    0.638   0.0025 8.42e-05
[scan_planner_node-4] goal:-0.25     7   1.4,     0.75 5.24e-13        0
[scan_planner_node-4] [32miter(+1)=9,time(ms)=0.056,total_t(ms)=0.056,cost=0.006
[scan_planner_node-4] [0mfirst_optimize_step_success=1
[scan_planner_node-4] total time:[42m0.000308[0m,optimize:0.00025,refine:5.84e-05
[scan_planner_node-4] final_plan_success=1
[scan_planner_node-4] [FSM]: from REPLAN_TRAJ to EXEC_TRAJ
[closed_loop_controller-6] [INFO] [1785999787.719745439] [closed_loop_controller]: Received trajectory 388, duration 6.080s
[scan_planner_node-4] [INFO] [1785999788.215856646] [scan_planner_node]: [GridMapDiag] cloud=32768 accepted=18797 invalid=13971 below_sensor=0 outside_update=0 sensor_z=1.700 cutoff_z=2.700
[scan_planner_node-4] [FSM]: from EXEC_TRAJ to REPLAN_TRAJ
[scan_planner_node-4] 
[scan_planner_node-4] [rebo replan]: -------------------------------------640
[scan_planner_node-4] start: -2.89     7   1.4,    0.628 0.000422 5.57e-05
[scan_planner_node-4] goal:0.625     7   1.4,    0.75 4.2e-11       0
[scan_planner_node-4] [32miter(+1)=8,time(ms)=0.034,total_t(ms)=0.034,cost=0.006
[scan_planner_node-4] [0mfirst_optimize_step_success=1
[scan_planner_node-4] total time:[42m0.000229[0m,optimize:0.000186,refine:4.31e-05
[scan_planner_node-4] final_plan_success=1
[scan_planner_node-4] [FSM]: from REPLAN_TRAJ to EXEC_TRAJ
[closed_loop_controller-6] [INFO] [1785999789.421282026] [closed_loop_controller]: Received trajectory 389, duration 5.760s
[scan_planner_node-4] [FSM]: state: EXEC_TRAJ
[scan_planner_node-4] [INFO] [1785999790.312465076] [scan_planner_node]: [GridMapDiag] cloud=32768 accepted=20474 invalid=12294 below_sensor=0 outside_update=0 sensor_z=1.700 cutoff_z=2.700
[scan_planner_node-4] [FSM]: from EXEC_TRAJ to REPLAN_TRAJ
[scan_planner_node-4] 
[scan_planner_node-4] [rebo replan]: -------------------------------------641
[scan_planner_node-4] start: -1.84     7   1.4,    0.626 5.81e-05 4.19e-05
[scan_planner_node-4] goal:1.85    7  1.4,     0.75 6.37e-09        0
[scan_planner_node-4] [32miter(+1)=9,time(ms)=0.037,total_t(ms)=0.037,cost=0.007
[scan_planner_node-4] [0mfirst_optimize_step_success=1
[scan_planner_node-4] total time:[42m0.000237[0m,optimize:0.000195,refine:4.15e-05
[scan_planner_node-4] final_plan_success=1
[scan_planner_node-4] [FSM]: from REPLAN_TRAJ to EXEC_TRAJ
[closed_loop_controller-6] [INFO] [1785999791.099694405] [closed_loop_controller]: Received trajectory 390, duration 6.080s
[scan_planner_node-4] [INFO] [1785999792.410767902] [scan_planner_node]: [GridMapDiag] cloud=32768 accepted=20933 invalid=11835 below_sensor=0 outside_update=0 sensor_z=1.700 cutoff_z=2.700
[scan_planner_node-4] [FSM]: from EXEC_TRAJ to REPLAN_TRAJ
[scan_planner_node-4] 
[scan_planner_node-4] [rebo replan]: -------------------------------------642
[scan_planner_node-4] start: -0.794      7    1.4,    0.625 1.96e-05  2.8e-05
[scan_planner_node-4] goal:2.73    7  1.4,      0.75 -3.86e-08         0
[scan_planner_node-4] [32miter(+1)=8,time(ms)=0.043,total_t(ms)=0.043,cost=0.006
[scan_planner_node-4] [0mfirst_optimize_step_success=1
[scan_planner_node-4] total time:[42m0.00025[0m,optimize:0.000208,refine:4.14e-05
[scan_planner_node-4] final_plan_success=1
[scan_planner_node-4] [FSM]: from REPLAN_TRAJ to EXEC_TRAJ
[closed_loop_controller-6] [INFO] [1785999792.777590719] [closed_loop_controller]: Received trajectory 391, duration 5.760s
[scan_planner_node-4] [FSM]: from EXEC_TRAJ to REPLAN_TRAJ
[scan_planner_node-4] 
[scan_planner_node-4] [rebo replan]: -------------------------------------643
[scan_planner_node-4] start: 0.257     7   1.4,     0.626 -1.86e-06   2.1e-05
[scan_planner_node-4] goal:3.95    7  1.4,      0.75 -2.54e-05         0
[scan_planner_node-4] [32miter(+1)=9,time(ms)=0.036,total_t(ms)=0.036,cost=0.007
[scan_planner_node-4] [0mfirst_optimize_step_success=1
[scan_planner_node-4] total time:[42m0.000245[0m,optimize:0.0002,refine:4.45e-05
[scan_planner_node-4] final_plan_success=1
[scan_planner_node-4] [FSM]: from REPLAN_TRAJ to EXEC_TRAJ
[closed_loop_controller-6] [INFO] [1785999794.461132413] [closed_loop_controller]: Received trajectory 392, duration 6.080s
[scan_planner_node-4] [INFO] [1785999794.509401153] [scan_planner_node]: [GridMapDiag] cloud=32768 accepted=20992 invalid=11776 below_sensor=0 outside_update=0 sensor_z=1.700 cutoff_z=2.700
[scan_planner_node-4] [FSM]: state: EXEC_TRAJ
[scan_planner_node-4] [FSM]: from EXEC_TRAJ to REPLAN_TRAJ
[scan_planner_node-4] 
[scan_planner_node-4] [rebo replan]: -------------------------------------644
[scan_planner_node-4] start: 1.3   7 1.4,    0.625 6.87e-07 1.41e-05
[scan_planner_node-4] goal:  5   7 1.4,    0.75 0.00411       0
[scan_planner_node-4] [32miter(+1)=5,time(ms)=0.023,total_t(ms)=0.023,cost=0.001
[scan_planner_node-4] [0mfirst_optimize_step_success=1
[scan_planner_node-4] total time:[42m0.000236[0m,optimize:0.000198,refine:3.8e-05
[scan_planner_node-4] final_plan_success=1
[scan_planner_node-4] [FSM]: from REPLAN_TRAJ to EXEC_TRAJ
[closed_loop_controller-6] [INFO] [1785999796.131233007] [closed_loop_controller]: Received trajectory 393, duration 5.760s
[scan_planner_node-4] [INFO] [1785999796.591272707] [scan_planner_node]: [GridMapDiag] cloud=32768 accepted=20824 invalid=11944 below_sensor=0 outside_update=0 sensor_z=1.700 cutoff_z=2.700
[scan_planner_node-4] [FSM]: from EXEC_TRAJ to REPLAN_TRAJ
[scan_planner_node-4] 
[scan_planner_node-4] [rebo replan]: -------------------------------------645
[scan_planner_node-4] start: 2.36    7  1.4,     0.625 -1.73e-06  1.01e-05
[scan_planner_node-4] goal:5.89 7.01  1.4, 0.743 0.103     0
[scan_planner_node-4] [32miter(+1)=8,time(ms)=0.041,total_t(ms)=0.042,cost=0.006
[scan_planner_node-4] [0mfirst_optimize_step_success=1
[scan_planner_node-4] total time:[42m0.000288[0m,optimize:0.000221,refine:6.74e-05
[scan_planner_node-4] final_plan_success=1
[scan_planner_node-4] [FSM]: from REPLAN_TRAJ to EXEC_TRAJ
[closed_loop_controller-6] [INFO] [1785999797.829521410] [closed_loop_controller]: Received trajectory 394, duration 5.760s
[scan_planner_node-4] [INFO] [1785999798.701935844] [scan_planner_node]: [GridMapDiag] cloud=32768 accepted=20052 invalid=12716 below_sensor=0 outside_update=0 sensor_z=1.700 cutoff_z=2.700
[scan_planner_node-4] [FSM]: from EXEC_TRAJ to REPLAN_TRAJ
[scan_planner_node-4] 
[scan_planner_node-4] [rebo replan]: -------------------------------------646
[scan_planner_node-4] start: 3.42    7  1.4,     0.626 -0.000488  7.51e-06
[scan_planner_node-4] goal:  6 5.9 1.4, 0.000709   -0.749        0
[scan_planner_node-4] [32miter(+1)=13,time(ms)=0.075,total_t(ms)=0.075,cost=0.015
[scan_planner_node-4] [0mfirst_optimize_step_success=1
[scan_planner_node-4] total time:[42m0.000274[0m,optimize:0.000224,refine:5.07e-05
[scan_planner_node-4] final_plan_success=1
[scan_planner_node-4] [FSM]: from REPLAN_TRAJ to EXEC_TRAJ
[closed_loop_controller-6] [INFO] [1785999799.521199841] [closed_loop_controller]: Received trajectory 395, duration 6.400s
[scan_planner_node-4] [FSM]: state: EXEC_TRAJ
[scan_planner_node-4] [INFO] [1785999800.793082023] [scan_planner_node]: [GridMapDiag] cloud=32768 accepted=28618 invalid=4150 below_sensor=0 outside_update=0 sensor_z=0.700 cutoff_z=1.700
[scan_planner_node-4] [FSM]: from EXEC_TRAJ to REPLAN_TRAJ
[scan_planner_node-4] 
[scan_planner_node-4] [rebo replan]: -------------------------------------647
[scan_planner_node-4] start: 4.5   7 1.4,     0.63  0.00834 4.68e-06
[scan_planner_node-4] goal:  6   5 1.4, 0 0 0
[scan_planner_node-4] [32miter(+1)=18,time(ms)=0.111,total_t(ms)=0.111,cost=0.047
[scan_planner_node-4] [0mfirst_optimize_step_success=1
[scan_planner_node-4] Need to reallocate time.
[scan_planner_node-4] total time:[42m0.000567[0m,optimize:0.000288,refine:0.000279
[scan_planner_node-4] final_plan_success=1
[scan_planner_node-4] [FSM]: from REPLAN_TRAJ to EXEC_TRAJ
[closed_loop_controller-6] [INFO] [1785999801.244632428] [closed_loop_controller]: Received trajectory 396, duration 7.590s
[scan_planner_node-4] [INFO] [1785999802.850646864] [scan_planner_node]: [GridMapDiag] cloud=32768 accepted=15896 invalid=16872 below_sensor=0 outside_update=0 sensor_z=1.700 cutoff_z=2.700
[scan_planner_node-4] [FSM]: from EXEC_TRAJ to REPLAN_TRAJ
[scan_planner_node-4] 
[scan_planner_node-4] [rebo replan]: -------------------------------------648
[scan_planner_node-4] start: 5.54 7.02  1.4,    0.469   0.0187 2.88e-06
[scan_planner_node-4] goal:  6   5 1.4, 0 0 0
[scan_planner_node-4] [32miter(+1)=22,time(ms)=0.083,total_t(ms)=0.083,cost=0.041
[scan_planner_node-4] [0mfirst_optimize_step_success=1
[scan_planner_node-4] Need to reallocate time.
[scan_planner_node-4] total time:[42m0.000375[0m,optimize:0.000183,refine:0.000193
[scan_planner_node-4] final_plan_success=1
[scan_planner_node-4] [FSM]: from REPLAN_TRAJ to EXEC_TRAJ
[closed_loop_controller-6] [INFO] [1785999803.095082010] [closed_loop_controller]: Received trajectory 397, duration 4.965s
[scan_planner_node-4] [INFO] [1785999804.913437125] [scan_planner_node]: [GridMapDiag] cloud=32768 accepted=15264 invalid=17504 below_sensor=0 outside_update=0 sensor_z=1.700 cutoff_z=2.700
[scan_planner_node-4] [FSM]: from EXEC_TRAJ to REPLAN_TRAJ
[scan_planner_node-4] 
[scan_planner_node-4] [rebo replan]: -------------------------------------649
[scan_planner_node-4] start:  6.1 6.12  1.4,  -0.0592    -0.72 3.14e-06
[scan_planner_node-4] goal:  6   5 1.4, 0 0 0
[scan_planner_node-4] [32miter(+1)=12,time(ms)=0.027,total_t(ms)=0.027,cost=0.091
[scan_planner_node-4] [0mfirst_optimize_step_success=1
[scan_planner_node-4] Need to reallocate time.
[scan_planner_node-4] total time:[42m0.000151[0m,optimize:8.32e-05,refine:6.75e-05
[scan_planner_node-4] final_plan_success=1
[scan_planner_node-4] [FSM]: from REPLAN_TRAJ to EXEC_TRAJ
[closed_loop_controller-6] [INFO] [1785999805.610310877] [closed_loop_controller]: Received trajectory 398, duration 2.239s
[scan_planner_node-4] [FSM]: state: EXEC_TRAJ
[scan_planner_node-4] [INFO] [1785999806.925255231] [scan_planner_node]: [GridMapDiag] cloud=32768 accepted=15318 invalid=17450 below_sensor=0 outside_update=0 sensor_z=1.700 cutoff_z=2.700
[terrain_path_visualizer-10] [INFO] [1785999806.934566744] [terrain_path_segmenter]: Visualization advanced to segment 2/3
[scan_planner_node-4] [INFO] [1785999807.047323962] [scan_planner_node]: [MapRefresh] Cleared occupancy and inflation for a new reference path; observation_sequence=6044
[scan_planner_node-4] [INFO] [1785999807.047422285] [scan_planner_node]: [MapRefresh] Deferred reference path until 2 fresh map observations have been fused (target_sequence=6046)
[scan_planner_node-4] [INFO] [1785999807.174981691] [scan_planner_node]: [MapRefresh] Fresh map ready at observation_sequence=6046; accepting deferred reference path
[scan_planner_node-4] [TRIG]: from EXEC_TRAJ to REPLAN_TRAJ
[scan_planner_node-4] 
[scan_planner_node-4] [rebo replan]: -------------------------------------650
[scan_planner_node-4] start:    6 5.11  1.4,  -0.0225    -0.32 5.02e-06
[scan_planner_node-4] goal:  6   3 0.4, 0 0 0
[scan_planner_node-4] [INFO] [1785999807.177270281] [scan_planner_node]: Reference path accepted
[scan_planner_node-4] [32miter(+1)=8,time(ms)=0.046,total_t(ms)=0.047,cost=0.045
[scan_planner_node-4] [0mfirst_optimize_step_success=1
[scan_planner_node-4] total time:[42m0.000294[0m,optimize:0.000231,refine:6.27e-05
[scan_planner_node-4] final_plan_success=1
[scan_planner_node-4] [FSM]: from REPLAN_TRAJ to EXEC_TRAJ
[closed_loop_controller-6] [INFO] [1785999807.177913538] [closed_loop_controller]: Received trajectory 399, duration 4.480s
[scan_planner_node-4] [INFO] [1785999808.979001802] [scan_planner_node]: [GridMapDiag] cloud=32768 accepted=19874 invalid=12894 below_sensor=0 outside_update=0 sensor_z=1.432 cutoff_z=2.432
[scan_planner_node-4] [FSM]: from EXEC_TRAJ to REPLAN_TRAJ
[scan_planner_node-4] 
[scan_planner_node-4] [rebo replan]: -------------------------------------651
[scan_planner_node-4] start:     6  4.15 0.951, 0.00179  -0.767  -0.377
[scan_planner_node-4] goal:  6   3 0.4, 0 0 0
[scan_planner_node-4] [32miter(+1)=12,time(ms)=0.040,total_t(ms)=0.040,cost=0.154
[scan_planner_node-4] [0mfirst_optimize_step_success=1
[scan_planner_node-4] Need to reallocate time.
[scan_planner_node-4] total time:[42m0.000222[0m,optimize:0.000117,refine:0.000105
[scan_planner_node-4] final_plan_success=1
[scan_planner_node-4] [FSM]: from REPLAN_TRAJ to EXEC_TRAJ
[closed_loop_controller-6] [INFO] [1785999809.341099982] [closed_loop_controller]: Received trajectory 400, duration 2.775s
[scan_planner_node-4] [FSM]: state: EXEC_TRAJ
[terrain_path_visualizer-10] [INFO] [1785999810.784279352] [terrain_path_segmenter]: Visualization advanced to segment 3/3
[scan_planner_node-4] [FSM]: from EXEC_TRAJ to REPLAN_TRAJ
[scan_planner_node-4] [INFO] [1785999810.895306316] [scan_planner_node]: [MapRefresh] Cleared occupancy and inflation for a new reference path; observation_sequence=6079
[scan_planner_node-4] [INFO] [1785999810.895341529] [scan_planner_node]: [MapRefresh] Deferred reference path until 2 fresh map observations have been fused (target_sequence=6081)
[scan_planner_node-4] [INFO] [1785999810.985938469] [scan_planner_node]: [GridMapDiag] cloud=32768 accepted=27244 invalid=5524 below_sensor=0 outside_update=0 sensor_z=0.792 cutoff_z=1.792
[scan_planner_node-4] [INFO] [1785999811.050477373] [scan_planner_node]: [MapRefresh] Fresh map ready at observation_sequence=6081; accepting deferred reference path
[scan_planner_node-4] [INFO] [1785999811.905836428] [scan_planner_node]: Reference path accepted
[scan_planner_node-4] 
[scan_planner_node-4] [rebo replan]: -------------------------------------652
[scan_planner_node-4] start:     6  3.01 0.415, -0.000211   -0.0248   -0.0682
[scan_planner_node-4] goal:    6 -0.65   0.4, -1.25e-05     -0.75         0
[scan_planner_node-4] [32miter(+1)=21,time(ms)=0.092,total_t(ms)=0.093,cost=0.015
[scan_planner_node-4] [0mfirst_optimize_step_success=1
[scan_planner_node-4] total time:[42m0.000281[0m,optimize:0.000237,refine:4.42e-05
[scan_planner_node-4] final_plan_success=1
[scan_planner_node-4] [FSM]: from REPLAN_TRAJ to EXEC_TRAJ
[closed_loop_controller-6] [INFO] [1785999811.906362694] [closed_loop_controller]: Received trajectory 401, duration 6.080s
[scan_planner_node-4] [INFO] [1785999813.019416161] [scan_planner_node]: [GridMapDiag] cloud=32768 accepted=27651 invalid=5117 below_sensor=0 outside_update=0 sensor_z=0.706 cutoff_z=1.706
[scan_planner_node-4] [INFO] [1785999815.046542876] [scan_planner_node]: [GridMapDiag] cloud=32768 accepted=27635 invalid=5133 below_sensor=0 outside_update=0 sensor_z=0.706 cutoff_z=1.706
[scan_planner_node-4] [FSM]: state: EXEC_TRAJ
[scan_planner_node-4] [INFO] [1785999817.134458823] [scan_planner_node]: [GridMapDiag] cloud=32768 accepted=27571 invalid=5197 below_sensor=0 outside_update=0 sensor_z=0.716 cutoff_z=1.716
[scan_planner_node-4] [INFO] [1785999819.184665740] [scan_planner_node]: [GridMapDiag] cloud=32768 accepted=27580 invalid=5188 below_sensor=0 outside_update=0 sensor_z=0.716 cutoff_z=1.716
[scan_planner_node-4] [FSM]: state: EXEC_TRAJ
[scan_planner_node-4] [INFO] [1785999821.278792003] [scan_planner_node]: [GridMapDiag] cloud=32768 accepted=27657 invalid=5111 below_sensor=0 outside_update=0 sensor_z=0.700 cutoff_z=1.700
[scan_planner_node-4] [FSM]: from EXEC_TRAJ to REPLAN_TRAJ
[scan_planner_node-4] 
[scan_planner_node-4] [rebo replan]: -------------------------------------653
[scan_planner_node-4] start:     6  1.96 0.411, -0.000187    -0.779  -0.00309
[scan_planner_node-4] goal:   6 -1.7  0.4, 0.000305    -0.75        0
[scan_planner_node-4] [32miter(+1)=13,time(ms)=0.050,total_t(ms)=0.050,cost=0.008
[scan_planner_node-4] [0mfirst_optimize_step_success=1
[scan_planner_node-4] total time:[42m0.000229[0m,optimize:0.000186,refine:4.28e-05
[scan_planner_node-4] final_plan_success=1
[scan_planner_node-4] [FSM]: from REPLAN_TRAJ to EXEC_TRAJ
[closed_loop_controller-6] [INFO] [1785999822.880176699] [closed_loop_controller]: Received trajectory 402, duration 6.080s
[scan_planner_node-4] [INFO] [1785999823.335531256] [scan_planner_node]: [GridMapDiag] cloud=32768 accepted=26089 invalid=6679 below_sensor=0 outside_update=0 sensor_z=0.700 cutoff_z=1.700
[scan_planner_node-4] [FSM]: state: EXEC_TRAJ
[scan_planner_node-4] [FSM]: from EXEC_TRAJ to REPLAN_TRAJ
[scan_planner_node-4] 
[scan_planner_node-4] [rebo replan]: -------------------------------------654
[scan_planner_node-4] start:     6 0.935 0.408, -0.000403    -0.601  -0.00191
[scan_planner_node-4] goal:    6 -2.58   0.4, -0.0381  -0.712       0
[scan_planner_node-4] [32miter(+1)=8,time(ms)=0.032,total_t(ms)=0.033,cost=0.005
[scan_planner_node-4] [0mfirst_optimize_step_success=1
[scan_planner_node-4] total time:[42m0.000216[0m,optimize:0.000175,refine:4.04e-05
[scan_planner_node-4] final_plan_success=1
[scan_planner_node-4] [FSM]: from REPLAN_TRAJ to EXEC_TRAJ
[closed_loop_controller-6] [INFO] [1785999824.536109595] [closed_loop_controller]: Received trajectory 403, duration 5.760s
[scan_planner_node-4] [INFO] [1785999825.335707502] [scan_planner_node]: [GridMapDiag] cloud=32768 accepted=25446 invalid=7322 below_sensor=0 outside_update=0 sensor_z=0.700 cutoff_z=1.700
[scan_planner_node-4] [FSM]: from EXEC_TRAJ to REPLAN_TRAJ
[scan_planner_node-4] 
[scan_planner_node-4] [rebo replan]: -------------------------------------655
[scan_planner_node-4] start:      6 -0.139  0.406, 3.62e-05   -0.625 -0.00142
[scan_planner_node-4] goal:5.2  -3 0.4,    -0.74 -0.00959        0
[scan_planner_node-4] [32miter(+1)=15,time(ms)=0.062,total_t(ms)=0.063,cost=0.007
[scan_planner_node-4] [0mfirst_optimize_step_success=1
[scan_planner_node-4] total time:[42m0.00025[0m,optimize:0.000201,refine:4.83e-05
[scan_planner_node-4] final_plan_success=1
[scan_planner_node-4] [FSM]: from REPLAN_TRAJ to EXEC_TRAJ
[closed_loop_controller-6] [INFO] [1785999826.255450744] [closed_loop_controller]: Received trajectory 404, duration 6.080s
[scan_planner_node-4] [INFO] [1785999827.368593950] [scan_planner_node]: [GridMapDiag] cloud=32768 accepted=24866 invalid=7902 below_sensor=0 outside_update=0 sensor_z=0.700 cutoff_z=1.700
[scan_planner_node-4] [FSM]: from EXEC_TRAJ to REPLAN_TRAJ
[scan_planner_node-4] 
[scan_planner_node-4] [rebo replan]: -------------------------------------656
[scan_planner_node-4] start:     6 -1.23 0.404,   0.00594    -0.634 -0.000963
[scan_planner_node-4] goal:4.15   -3  0.4,   -0.75 5.9e-05       0
[scan_planner_node-4] [32miter(+1)=12,time(ms)=0.077,total_t(ms)=0.078,cost=0.012
[scan_planner_node-4] [0mfirst_optimize_step_success=1
[scan_planner_node-4] total time:[42m0.000346[0m,optimize:0.000279,refine:6.7e-05
[scan_planner_node-4] final_plan_success=1
[scan_planner_node-4] [FSM]: from REPLAN_TRAJ to EXEC_TRAJ
[closed_loop_controller-6] [INFO] [1785999827.996882203] [closed_loop_controller]: Received trajectory 405, duration 5.760s
[scan_planner_node-4] [FSM]: state: EXEC_TRAJ
[scan_planner_node-4] [INFO] [1785999829.536479992] [scan_planner_node]: [GridMapDiag] cloud=32768 accepted=24438 invalid=8330 below_sensor=0 outside_update=0 sensor_z=0.700 cutoff_z=1.700
[scan_planner_node-4] [FSM]: from EXEC_TRAJ to REPLAN_TRAJ
[scan_planner_node-4] 
[scan_planner_node-4] [rebo replan]: -------------------------------------657
[scan_planner_node-4] start:  6.03 -2.28 0.403,    0.0333     -0.66 -0.000697
[scan_planner_node-4] goal:3.1  -3 0.4,    -0.75 3.61e-07        0
[scan_planner_node-4] [32miter(+1)=9,time(ms)=0.039,total_t(ms)=0.039,cost=0.006
[scan_planner_node-4] [0mfirst_optimize_step_success=1
[scan_planner_node-4] total time:[42m0.000222[0m,optimize:0.000172,refine:4.95e-05
[scan_planner_node-4] final_plan_success=1
[scan_planner_node-4] [FSM]: from REPLAN_TRAJ to EXEC_TRAJ
[closed_loop_controller-6] [INFO] [1785999829.672080938] [closed_loop_controller]: Received trajectory 406, duration 5.440s
[scan_planner_node-4] [INFO] [1785999831.552742976] [scan_planner_node]: [GridMapDiag] cloud=32768 accepted=24094 invalid=8674 below_sensor=0 outside_update=0 sensor_z=0.700 cutoff_z=1.700
[scan_planner_node-4] [FSM]: from EXEC_TRAJ to REPLAN_TRAJ
[scan_planner_node-4] 
[scan_planner_node-4] [rebo replan]: -------------------------------------658
[scan_planner_node-4] start:  5.25 -3.02 0.402,    -0.644    0.0275 -0.000489
[scan_planner_node-4] goal:1.7  -3 0.4,    -0.75 -9.9e-10        0
[scan_planner_node-4] [32miter(+1)=7,time(ms)=0.047,total_t(ms)=0.047,cost=0.001
[scan_planner_node-4] [0mfirst_optimize_step_success=1
[scan_planner_node-4] total time:[42m0.000308[0m,optimize:0.000244,refine:6.42e-05
[scan_planner_node-4] final_plan_success=1
[scan_planner_node-4] [FSM]: from REPLAN_TRAJ to EXEC_TRAJ
[closed_loop_controller-6] [INFO] [1785999831.891453621] [closed_loop_controller]: Received trajectory 407, duration 5.440s
[scan_planner_node-4] [FSM]: from EXEC_TRAJ to REPLAN_TRAJ
[scan_planner_node-4] [INFO] [1785999833.589286445] [scan_planner_node]: [GridMapDiag] cloud=32768 accepted=23860 invalid=8908 below_sensor=0 outside_update=0 sensor_z=0.700 cutoff_z=1.700
[scan_planner_node-4] 
[scan_planner_node-4] [rebo replan]: -------------------------------------659
[scan_planner_node-4] start:  4.19    -3 0.401,    -0.626  0.000396 -0.000296
[scan_planner_node-4] goal:0.475    -3   0.4,     -0.75 -1.35e-11         0
[scan_planner_node-4] [32miter(+1)=6,time(ms)=0.034,total_t(ms)=0.034,cost=0.001
[scan_planner_node-4] [0mfirst_optimize_step_success=1
[scan_planner_node-4] total time:[42m0.000275[0m,optimize:0.000214,refine:6.03e-05
[scan_planner_node-4] final_plan_success=1
[scan_planner_node-4] [FSM]: from REPLAN_TRAJ to EXEC_TRAJ
[closed_loop_controller-6] [INFO] [1785999833.589899722] [closed_loop_controller]: Received trajectory 408, duration 5.760s
[scan_planner_node-4] [FSM]: from EXEC_TRAJ to REPLAN_TRAJ
[scan_planner_node-4] 
[scan_planner_node-4] [rebo replan]: -------------------------------------660
[scan_planner_node-4] start:  3.12    -3 0.401,    -0.625 -3.57e-05 -0.000198
[scan_planner_node-4] goal:-0.4   -3  0.4,    -0.75 1.53e-11        0
[scan_planner_node-4] [32miter(+1)=6,time(ms)=0.026,total_t(ms)=0.026,cost=0.001
[scan_planner_node-4] [0mfirst_optimize_step_success=1
[scan_planner_node-4] total time:[42m0.000203[0m,optimize:0.000162,refine:4.04e-05
[scan_planner_node-4] final_plan_success=1
[scan_planner_node-4] [FSM]: from REPLAN_TRAJ to EXEC_TRAJ
[closed_loop_controller-6] [INFO] [1785999835.307587753] [closed_loop_controller]: Received trajectory 409, duration 5.440s
