[INFO] [launch]: All log files can be found below /home/wei/.ros/log/2026-08-06-14-29-14-096123-wei-309550
[INFO] [launch]: Default logging verbosity is set to INFO
[INFO] [gazebo-1]: process started with pid [309562]
[INFO] [parameter_bridge-2]: process started with pid [309563]
[INFO] [parameter_bridge-3]: process started with pid [309564]
[INFO] [scan_planner_node-4]: process started with pid [309566]
[INFO] [robot_state_publisher-5]: process started with pid [309567]
[INFO] [closed_loop_controller-6]: process started with pid [309568]
[INFO] [go2_kinematic_sim-7]: process started with pid [309569]
[INFO] [create-8]: process started with pid [309570]
[INFO] [loop_path_publisher.py-9]: process started with pid [309577]
[INFO] [terrain_path_visualizer-10]: process started with pid [309580]
[INFO] [rviz2-11]: process started with pid [309583]
[closed_loop_controller-6] [INFO] [1785997754.563710651] [closed_loop_controller]: Closed-loop controller ready
[go2_kinematic_sim-7] [INFO] [1785997754.566957166] [go2_kinematic_sim]: Go2 kinematic simulator ready
[robot_state_publisher-5] [INFO] [1785997754.568284857] [go2_robot_state_publisher]: Robot initialized
[create-8] [INFO] [1785997754.584820039] [ros_gz_sim]: Requesting list of world names.
[parameter_bridge-3] [INFO] [1785997754.596576711] [gazebo_pose_service_bridge]: Creating ROS->GZ service bridge [/world/scan_demo/set_pose (ros_gz_interfaces/srv/SetEntityPose -> /)]
[scan_planner_node-4] hit: 1.7346
[scan_planner_node-4] miss: -0.847298
[scan_planner_node-4] min log: -1.99243
[scan_planner_node-4] max: 3.89182
[scan_planner_node-4] thresh log: 1.38629
[gazebo-1] [1;32m[Msg] [0m[1;32mGazebo Sim GUI    v[0m[1;32m8.11.0[0m[1;32m[0m
[gazebo-1] [1;32m[Msg] [0m[1;32mDetected Wayland. Setting Qt to use the xcb plugin: [0m[1;32m'QT_QPA_PLATFORM=xcb'.[0m[1;32m[0m
[gazebo-1] [1;32m[Msg] [0m[1;32mReceived world [[0m[1;32m/home/wei/github_code/SCAN-Planner-Ros2/install/go2_description/share/go2_description/worlds/scan_demo.sdf[0m[1;32m] from the GUI.[0m[1;32m[0m
[gazebo-1] [1;32m[Msg] [0m[1;32mGazebo Sim Server v[0m[1;32m8.11.0[0m[1;32m[0m
[gazebo-1] [1;32m[Msg] [0m[1;32mLoading SDF world file[[0m[1;32m/home/wei/github_code/SCAN-Planner-Ros2/install/go2_description/share/go2_description/worlds/scan_demo.sdf[0m[1;32m].[0m
[rviz2-11] [INFO] [1785997754.884872447] [rviz2]: Stereo is NOT SUPPORTED
[rviz2-11] [INFO] [1785997754.884964922] [rviz2]: OpenGl version: 4.6 (GLSL 4.6)
[rviz2-11] [INFO] [1785997754.911246289] [rviz2]: Stereo is NOT SUPPORTED
[gazebo-1] [1;32m[Msg] [0m[1;32mServing entity system service on [[0m[1;32m/[0m[1;32mentity/system/add[0m[1;32m][0m[1;32m[0m
[loop_path_publisher.py-9] [INFO] [1785997755.117721788] [loop_path_publisher]: Waiting to publish one-way route with 31 dense points
[gazebo-1] [1;32m[Msg] [0m[1;32mCreate[0m[1;32m service on [[0m[1;32m/world/scan_demo/create_multiple[0m[1;32m] (async)[0m[1;32m[0m
[gazebo-1] [1;32m[Msg] [0m[1;32mCreate[0m[1;32m service on [[0m[1;32m/world/scan_demo/create_multiple/blocking[0m[1;32m] (blocking)[0m[1;32m[0m
[gazebo-1] [1;32m[Msg] [0m[1;32mRemove[0m[1;32m service on [[0m[1;32m/world/scan_demo/remove[0m[1;32m] (async)[0m[1;32m[0m
[gazebo-1] [1;32m[Msg] [0m[1;32mRemove[0m[1;32m service on [[0m[1;32m/world/scan_demo/remove/blocking[0m[1;32m] (blocking)[0m[1;32m[0m
[gazebo-1] [1;32m[Msg] [0m[1;32mPose[0m[1;32m service on [[0m[1;32m/world/scan_demo/set_pose[0m[1;32m] (async)[0m[1;32m[0m
[gazebo-1] [1;32m[Msg] [0m[1;32mPose[0m[1;32m service on [[0m[1;32m/world/scan_demo/set_pose/blocking[0m[1;32m] (blocking)[0m[1;32m[0m
[gazebo-1] [1;32m[Msg] [0m[1;32mPose[0m[1;32m service on [[0m[1;32m/world/scan_demo/set_pose_vector[0m[1;32m] (async)[0m[1;32m[0m
[gazebo-1] [1;32m[Msg] [0m[1;32mPose[0m[1;32m service on [[0m[1;32m/world/scan_demo/set_pose_vector/blocking[0m[1;32m] (blocking)[0m[1;32m[0m
[gazebo-1] [1;32m[Msg] [0m[1;32mLight configuration[0m[1;32m service on [[0m[1;32m/world/scan_demo/light_config[0m[1;32m] (async)[0m[1;32m[0m
[gazebo-1] [1;32m[Msg] [0m[1;32mLight configuration[0m[1;32m service on [[0m[1;32m/world/scan_demo/light_config/blocking[0m[1;32m] (blocking)[0m[1;32m[0m
[gazebo-1] [1;32m[Msg] [0m[1;32mPhysics[0m[1;32m service on [[0m[1;32m/world/scan_demo/set_physics[0m[1;32m] (async)[0m[1;32m[0m
[gazebo-1] [1;32m[Msg] [0m[1;32mPhysics[0m[1;32m service on [[0m[1;32m/world/scan_demo/set_physics/blocking[0m[1;32m] (blocking)[0m[1;32m[0m
[gazebo-1] [1;32m[Msg] [0m[1;32mSphericalCoordinates[0m[1;32m service on [[0m[1;32m/world/scan_demo/set_spherical_coordinates[0m[1;32m] (async)[0m[1;32m[0m
[gazebo-1] [1;32m[Msg] [0m[1;32mSphericalCoordinates[0m[1;32m service on [[0m[1;32m/world/scan_demo/set_spherical_coordinates/blocking[0m[1;32m] (blocking)[0m[1;32m[0m
[gazebo-1] [1;32m[Msg] [0m[1;32mEnable collision[0m[1;32m service on [[0m[1;32m/world/scan_demo/enable_collision[0m[1;32m] (async)[0m[1;32m[0m
[gazebo-1] [1;32m[Msg] [0m[1;32mEnable collision[0m[1;32m service on [[0m[1;32m/world/scan_demo/enable_collision/blocking[0m[1;32m] (blocking)[0m[1;32m[0m
[gazebo-1] [1;32m[Msg] [0m[1;32mDisable collision[0m[1;32m service on [[0m[1;32m/world/scan_demo/disable_collision[0m[1;32m] (async)[0m[1;32m[0m
[gazebo-1] [1;32m[Msg] [0m[1;32mDisable collision[0m[1;32m service on [[0m[1;32m/world/scan_demo/disable_collision/blocking[0m[1;32m] (blocking)[0m[1;32m[0m
[gazebo-1] [1;32m[Msg] [0m[1;32mMaterial[0m[1;32m service on [[0m[1;32m/world/scan_demo/visual_config[0m[1;32m] (async)[0m[1;32m[0m
[gazebo-1] [1;32m[Msg] [0m[1;32mMaterial[0m[1;32m service on [[0m[1;32m/world/scan_demo/visual_config/blocking[0m[1;32m] (blocking)[0m[1;32m[0m
[gazebo-1] [1;32m[Msg] [0m[1;32mMaterial[0m[1;32m service on [[0m[1;32m/world/scan_demo/wheel_slip[0m[1;32m] (async)[0m[1;32m[0m
[gazebo-1] [1;32m[Msg] [0m[1;32mMaterial[0m[1;32m service on [[0m[1;32m/world/scan_demo/wheel_slip/blocking[0m[1;32m] (blocking)[0m[1;32m[0m
[gazebo-1] [1;32m[Msg] [0m[1;32mLoaded level [[0m[1;32mdefault[0m[1;32m][0m[1;32m[0m
[gazebo-1] [1;32m[Msg] [0m[1;32mServing world controls on [[0m[1;32m/world/scan_demo[0m[1;32m/control], [[0m[1;32m/world/scan_demo[0m[1;32m/control/state] and [[0m[1;32m/world/scan_demo[0m[1;32m/playback/control][0m[1;32m[0m
[gazebo-1] [1;32m[Msg] [0m[1;32mServing GUI information on [[0m[1;32m/world/scan_demo[0m[1;32m/[0m[1;32mgui/info[0m[1;32m][0m[1;32m[0m
[gazebo-1] [1;32m[Msg] [0m[1;32mWorld [[0m[1;32mscan_demo[0m[1;32m] initialized with [[0m[1;32m1ms[0m[1;32m] physics profile.[0m[1;32m[0m
[gazebo-1] [1;32m[Msg] [0m[1;32mServing world SDF generation service on [[0m[1;32m/world/scan_demo[0m[1;32m/[0m[1;32mgenerate_world_sdf[0m[1;32m][0m[1;32m[0m
[gazebo-1] [1;32m[Msg] [0m[1;32mServing world names on [[0m[1;32m/gazebo/worlds[0m[1;32m][0m[1;32m[0m
[gazebo-1] [1;32m[Msg] [0m[1;32mResource path add service on [[0m[1;32m/gazebo/resource_paths/add[0m[1;32m].[0m[1;32m[0m
[gazebo-1] [1;32m[Msg] [0m[1;32mResource path get service on [[0m[1;32m/gazebo/resource_paths/get[0m[1;32m].[0m[1;32m[0m
[gazebo-1] [1;32m[Msg] [0m[1;32mResource path resolve service on [[0m[1;32m/gazebo/resource_paths/resolve[0m[1;32m].[0m[1;32m[0m
[gazebo-1] [1;32m[Msg] [0m[1;32mResource paths published on [[0m[1;32m/gazebo/resource_paths[0m[1;32m].[0m[1;32m[0m
[gazebo-1] [1;32m[Msg] [0m[1;32mServer control service on [[0m[1;32m/server_control[0m[1;32m].[0m[1;32m[0m
[gazebo-1] [1;33m[GUI] [Wrn] [Application.cc:908] [0m[1;33m[QT] file:///usr/lib/x86_64-linux-gnu/qt5/qml/QtQuick/Dialogs/DefaultFileDialog.qml:413:17: QML ToolButton: Binding loop detected for property "implicitHeight"[0m[1;33m[0m
[gazebo-1] [1;33m[GUI] [Wrn] [Application.cc:908] [0m[1;33m[QT] file:///usr/lib/x86_64-linux-gnu/qt5/qml/QtQuick/Dialogs/DefaultFileDialog.qml:309:21: QML Button: Binding loop detected for property "implicitHeight"[0m[1;33m[0m
[gazebo-1] [1;33m[GUI] [Wrn] [Application.cc:908] [0m[1;33m[QT] file:///usr/lib/x86_64-linux-gnu/qt5/qml/QtQuick/Dialogs/DefaultFileDialog.qml:309:21: QML Button: Binding loop detected for property "implicitHeight"[0m[1;33m[0m
[gazebo-1] [1;33m[GUI] [Wrn] [Application.cc:908] [0m[1;33m[QT] file:///usr/lib/x86_64-linux-gnu/qt5/qml/QtQuick/Dialogs/DefaultFileDialog.qml:413:17: QML ToolButton: Binding loop detected for property "implicitHeight"[0m[1;33m[0m
[gazebo-1] [1;33m[GUI] [Wrn] [Application.cc:908] [0m[1;33m[QT] file:///usr/lib/x86_64-linux-gnu/qt5/qml/QtQuick/Dialogs/DefaultFileDialog.qml:309:21: QML Button: Binding loop detected for property "implicitHeight"[0m[1;33m[0m
[gazebo-1] [1;33m[GUI] [Wrn] [Application.cc:908] [0m[1;33m[QT] file:///usr/lib/x86_64-linux-gnu/qt5/qml/QtQuick/Dialogs/DefaultFileDialog.qml:309:21: QML Button: Binding loop detected for property "implicitHeight"[0m[1;33m[0m
[terrain_path_visualizer-10] [INFO] [1785997755.262214706] [terrain_path_segmenter]: Waiting for a global path; visualization only, no command output
[gazebo-1] [1;33m[GUI] [Wrn] [Application.cc:908] [0m[1;33m[QT] file:///usr/lib/x86_64-linux-gnu/qt5/qml/QtQuick/Dialogs/DefaultFileDialog.qml:413:17: QML ToolButton: Binding loop detected for property "implicitHeight"[0m[1;33m[0m
[gazebo-1] [1;33m[GUI] [Wrn] [Application.cc:908] [0m[1;33m[QT] file:///usr/lib/x86_64-linux-gnu/qt5/qml/QtQuick/Dialogs/DefaultFileDialog.qml:309:21: QML Button: Binding loop detected for property "implicitHeight"[0m[1;33m[0m
[gazebo-1] [1;33m[GUI] [Wrn] [Application.cc:908] [0m[1;33m[QT] file:///usr/lib/x86_64-linux-gnu/qt5/qml/QtQuick/Dialogs/DefaultFileDialog.qml:309:21: QML Button: Binding loop detected for property "implicitHeight"[0m[1;33m[0m
[create-8] [INFO] [1785997755.475099762] [ros_gz_sim]: Waiting messages on topic [robot_description].
[create-8] [INFO] [1785997755.486736989] [ros_gz_sim]: Entity creation successful.
[gazebo-1] [1;32m[GUI] [0m[1;32m[Msg] [0m[1;32mLoading config [[0m[1;32m/home/wei/.gz/sim/8/gui.config[0m[1;32m][0m[1;32m[0m
[INFO] [create-8]: process has finished cleanly [pid 309570]
[parameter_bridge-2] [INFO] [1785997755.600514929] [go2_gz_bridge]: Creating GZ->ROS Bridge: [/clock (gz.msgs.Clock) -> /clock (rosgraph_msgs/msg/Clock)] (Lazy 0)
[gazebo-1] [1;32m[GUI] [0m[1;32m[Msg] [0m[1;32mAdded plugin [[0m[1;32m3D View[0m[1;32m] to main window[0m[1;32m[0m
[gazebo-1] [1;32m[GUI] [0m[1;32m[Msg] [0m[1;32mLoaded plugin [[0m[1;32mMinimalScene[0m[1;32m] from path [[0m[1;32m/opt/ros/jazzy/opt/gz_gui_vendor/lib/gz-gui-8/plugins/libMinimalScene.so[0m[1;32m][0m[1;32m[0m
[gazebo-1] [1;32m[GUI] [0m[1;32m[Msg] [0m[1;32mCurrently tracking topic on [[0m[1;32m/gui/currently_tracked[0m[1;32m][0m[1;32m[0m
[gazebo-1] [1;32m[GUI] [0m[1;32m[Msg] [0m[1;32mAdded plugin [[0m[1;32mEntity Context Menu[0m[1;32m] to main window[0m[1;32m[0m
[gazebo-1] [1;32m[GUI] [0m[1;32m[Msg] [0m[1;32mLoaded plugin [[0m[1;32mEntityContextMenuPlugin[0m[1;32m] from path [[0m[1;32m/opt/ros/jazzy/opt/gz_sim_vendor/lib/gz-sim-8/plugins/gui/libEntityContextMenuPlugin.so[0m[1;32m][0m[1;32m[0m
[parameter_bridge-2] [INFO] [1785997755.674920366] [go2_gz_bridge]: Creating GZ->ROS Bridge: [/go2/imu (gz.msgs.IMU) -> /go2/imu (sensor_msgs/msg/Imu)] (Lazy 0)
[parameter_bridge-2] [INFO] [1785997755.677570897] [go2_gz_bridge]: Creating GZ->ROS Bridge: [/go2/lidar (gz.msgs.LaserScan) -> /go2/lidar/scan (sensor_msgs/msg/LaserScan)] (Lazy 0)
[parameter_bridge-2] [INFO] [1785997755.678269567] [go2_gz_bridge]: Creating GZ->ROS Bridge: [/go2/lidar/points (gz.msgs.PointCloudPacked) -> /go2/lidar/points (sensor_msgs/msg/PointCloud2)] (Lazy 0)
[gazebo-1] [1;32m[GUI] [0m[1;32m[Msg] [0m[1;32mAdded plugin [[0m[1;32mScene Manager[0m[1;32m] to main window[0m[1;32m[0m
[gazebo-1] [1;32m[GUI] [0m[1;32m[Msg] [0m[1;32mLoaded plugin [[0m[1;32mGzSceneManager[0m[1;32m] from path [[0m[1;32m/opt/ros/jazzy/opt/gz_sim_vendor/lib/gz-sim-8/plugins/gui/libGzSceneManager.so[0m[1;32m][0m[1;32m[0m
[gazebo-1] [1;32m[GUI] [0m[1;32m[Msg] [0m[1;32mCamera view controller topic advertised on [[0m[1;32m/gui/camera/view_control[0m[1;32m][0m[1;32m[0m
[gazebo-1] [1;32m[GUI] [0m[1;32m[Msg] [0m[1;32mCamera reference visual topic advertised on [[0m[1;32m/gui/camera/view_control/reference_visual[0m[1;32m][0m[1;32m[0m
[gazebo-1] [1;32m[GUI] [0m[1;32m[Msg] [0m[1;32mCamera view control sensitivity advertised on [[0m[1;32m/gui/camera/view_control/sensitivity[0m[1;32m][0m[1;32m[0m
[scan_planner_node-4] [FSM]: state: INIT
[scan_planner_node-4] wait for goal.
[gazebo-1] [1;32m[GUI] [0m[1;32m[Msg] [0m[1;32mAdded plugin [[0m[1;32mInteractive view control[0m[1;32m] to main window[0m[1;32m[0m
[gazebo-1] [1;32m[GUI] [0m[1;32m[Msg] [0m[1;32mLoaded plugin [[0m[1;32mInteractiveViewControl[0m[1;32m] from path [[0m[1;32m/opt/ros/jazzy/opt/gz_gui_vendor/lib/gz-gui-8/plugins/libInteractiveViewControl.so[0m[1;32m][0m[1;32m[0m
[gazebo-1] [1;32m[GUI] [0m[1;32m[Msg] [0m[1;32mAdded plugin [[0m[1;32mCamera tracking[0m[1;32m] to main window[0m[1;32m[0m
[gazebo-1] [1;32m[GUI] [0m[1;32m[Msg] [0m[1;32mLoaded plugin [[0m[1;32mCameraTracking[0m[1;32m] from path [[0m[1;32m/opt/ros/jazzy/opt/gz_gui_vendor/lib/gz-gui-8/plugins/libCameraTracking.so[0m[1;32m][0m[1;32m[0m
[gazebo-1] [1;32m[GUI] [0m[1;32m[Msg] [0m[1;32mListening to stats on [[0m[1;32m/world/scan_demo/stats[0m[1;32m][0m[1;32m[0m
[gazebo-1] [1;32m[GUI] [0m[1;32m[Msg] [0m[1;32mAdded plugin [[0m[1;32mMarker Manager[0m[1;32m] to main window[0m[1;32m[0m
[gazebo-1] [1;32m[GUI] [0m[1;32m[Msg] [0m[1;32mLoaded plugin [[0m[1;32mMarkerManager[0m[1;32m] from path [[0m[1;32m/opt/ros/jazzy/opt/gz_gui_vendor/lib/gz-gui-8/plugins/libMarkerManager.so[0m[1;32m][0m[1;32m[0m
[gazebo-1] [1;32m[GUI] [0m[1;32m[Msg] [0m[1;32mAdded plugin [[0m[1;32mSelect entities[0m[1;32m] to main window[0m[1;32m[0m
[gazebo-1] [1;32m[GUI] [0m[1;32m[Msg] [0m[1;32mLoaded plugin [[0m[1;32mSelectEntities[0m[1;32m] from path [[0m[1;32m/opt/ros/jazzy/opt/gz_sim_vendor/lib/gz-sim-8/plugins/gui/libSelectEntities.so[0m[1;32m][0m[1;32m[0m
[gazebo-1] [1;32m[GUI] [0m[1;32m[Msg] [0m[1;32mAdded plugin [[0m[1;32mSpawn[0m[1;32m] to main window[0m[1;32m[0m
[gazebo-1] [1;32m[GUI] [0m[1;32m[Msg] [0m[1;32mLoaded plugin [[0m[1;32mSpawn[0m[1;32m] from path [[0m[1;32m/opt/ros/jazzy/opt/gz_sim_vendor/lib/gz-sim-8/plugins/gui/libSpawn.so[0m[1;32m][0m[1;32m[0m
[gazebo-1] [1;32m[GUI] [0m[1;32m[Msg] [0m[1;32mView as transparent service on [[0m[1;32m/gui/view/transparent[0m[1;32m][0m[1;32m[0m
[gazebo-1] [1;32m[GUI] [0m[1;32m[Msg] [0m[1;32mView as wireframes service on [[0m[1;32m/gui/view/wireframes[0m[1;32m][0m[1;32m[0m
[gazebo-1] [1;32m[GUI] [0m[1;32m[Msg] [0m[1;32mView center of mass service on [[0m[1;32m/gui/view/com[0m[1;32m][0m[1;32m[0m
[gazebo-1] [1;32m[GUI] [0m[1;32m[Msg] [0m[1;32mView inertia service on [[0m[1;32m/gui/view/inertia[0m[1;32m][0m[1;32m[0m
[gazebo-1] [1;32m[GUI] [0m[1;32m[Msg] [0m[1;32mView collisions service on [[0m[1;32m/gui/view/collisions[0m[1;32m][0m[1;32m[0m
[gazebo-1] [1;32m[GUI] [0m[1;32m[Msg] [0m[1;32mView joints service on [[0m[1;32m/gui/view/joints[0m[1;32m][0m[1;32m[0m
[gazebo-1] [1;32m[GUI] [0m[1;32m[Msg] [0m[1;32mView frames service on [[0m[1;32m/gui/view/frames[0m[1;32m][0m[1;32m[0m
[gazebo-1] [1;32m[GUI] [0m[1;32m[Msg] [0m[1;32mAdded plugin [[0m[1;32mVisualization capabilities[0m[1;32m] to main window[0m[1;32m[0m
[gazebo-1] [1;32m[GUI] [0m[1;32m[Msg] [0m[1;32mLoaded plugin [[0m[1;32mVisualizationCapabilities[0m[1;32m] from path [[0m[1;32m/opt/ros/jazzy/opt/gz_sim_vendor/lib/gz-sim-8/plugins/gui/libVisualizationCapabilities.so[0m[1;32m][0m[1;32m[0m
[gazebo-1] [1;32m[GUI] [0m[1;32m[Msg] [0m[1;32mUsing world control service [[0m[1;32m/world/scan_demo/control[0m[1;32m][0m[1;32m[0m
[gazebo-1] [1;32m[GUI] [0m[1;32m[Msg] [0m[1;32mListening to stats on [[0m[1;32m/world/scan_demo/stats[0m[1;32m][0m[1;32m[0m
[gazebo-1] [1;32m[GUI] [0m[1;32m[Msg] [0m[1;32mAdded plugin [[0m[1;32mWorld control[0m[1;32m] to main window[0m[1;32m[0m
[gazebo-1] [1;32m[GUI] [0m[1;32m[Msg] [0m[1;32mLoaded plugin [[0m[1;32mWorldControl[0m[1;32m] from path [[0m[1;32m/opt/ros/jazzy/opt/gz_gui_vendor/lib/gz-gui-8/plugins/libWorldControl.so[0m[1;32m][0m[1;32m[0m
[gazebo-1] [1;32m[GUI] [0m[1;32m[Msg] [0m[1;32mListening to stats on [[0m[1;32m/world/scan_demo/stats[0m[1;32m][0m[1;32m[0m
[gazebo-1] [1;32m[GUI] [0m[1;32m[Msg] [0m[1;32mAdded plugin [[0m[1;32mWorld stats[0m[1;32m] to main window[0m[1;32m[0m
[gazebo-1] [1;32m[GUI] [0m[1;32m[Msg] [0m[1;32mLoaded plugin [[0m[1;32mWorldStats[0m[1;32m] from path [[0m[1;32m/opt/ros/jazzy/opt/gz_gui_vendor/lib/gz-gui-8/plugins/libWorldStats.so[0m[1;32m][0m[1;32m[0m
[gazebo-1] [1;32m[GUI] [0m[1;32m[Msg] [0m[1;32mAdded plugin [[0m[1;32mShapes[0m[1;32m] to main window[0m[1;32m[0m
[gazebo-1] [1;32m[GUI] [0m[1;32m[Msg] [0m[1;32mLoaded plugin [[0m[1;32mShapes[0m[1;32m] from path [[0m[1;32m/opt/ros/jazzy/opt/gz_sim_vendor/lib/gz-sim-8/plugins/gui/libShapes.so[0m[1;32m][0m[1;32m[0m
[gazebo-1] [1;32m[GUI] [0m[1;32m[Msg] [0m[1;32mAdded plugin [[0m[1;32mLights[0m[1;32m] to main window[0m[1;32m[0m
[gazebo-1] [1;32m[GUI] [0m[1;32m[Msg] [0m[1;32mLoaded plugin [[0m[1;32mLights[0m[1;32m] from path [[0m[1;32m/opt/ros/jazzy/opt/gz_sim_vendor/lib/gz-sim-8/plugins/gui/libLights.so[0m[1;32m][0m[1;32m[0m
[gazebo-1] [1;32m[GUI] [0m[1;32m[Msg] [0m[1;32mAdded plugin [[0m[1;32mTransform control[0m[1;32m] to main window[0m[1;32m[0m
[gazebo-1] [1;32m[GUI] [0m[1;32m[Msg] [0m[1;32mLoaded plugin [[0m[1;32mTransformControl[0m[1;32m] from path [[0m[1;32m/opt/ros/jazzy/opt/gz_sim_vendor/lib/gz-sim-8/plugins/gui/libTransformControl.so[0m[1;32m][0m[1;32m[0m
[gazebo-1] [1;33m[GUI] [Wrn] [Application.cc:908] [0m[1;33m[QT] file:///usr/lib/x86_64-linux-gnu/qt5/qml/QtQuick/Dialogs/DefaultFileDialog.qml:413:17: QML ToolButton: Binding loop detected for property "implicitHeight"[0m[1;33m[0m
[gazebo-1] [1;33m[GUI] [Wrn] [Application.cc:908] [0m[1;33m[QT] file:///usr/lib/x86_64-linux-gnu/qt5/qml/QtQuick/Dialogs/DefaultFileDialog.qml:309:21: QML Button: Binding loop detected for property "implicitHeight"[0m[1;33m[0m
[gazebo-1] [1;33m[GUI] [Wrn] [Application.cc:908] [0m[1;33m[QT] file:///usr/lib/x86_64-linux-gnu/qt5/qml/QtQuick/Dialogs/DefaultFileDialog.qml:309:21: QML Button: Binding loop detected for property "implicitHeight"[0m[1;33m[0m
[gazebo-1] [1;32m[GUI] [0m[1;32m[Msg] [0m[1;32mScreenshot service on [[0m[1;32m/gui/screenshot[0m[1;32m][0m[1;32m[0m
[gazebo-1] [1;32m[GUI] [0m[1;32m[Msg] [0m[1;32mAdded plugin [[0m[1;32mScreenshot[0m[1;32m] to main window[0m[1;32m[0m
[gazebo-1] [1;32m[GUI] [0m[1;32m[Msg] [0m[1;32mLoaded plugin [[0m[1;32mScreenshot[0m[1;32m] from path [[0m[1;32m/opt/ros/jazzy/opt/gz_gui_vendor/lib/gz-gui-8/plugins/libScreenshot.so[0m[1;32m][0m[1;32m[0m
[gazebo-1] [1;32m[GUI] [0m[1;32m[Msg] [0m[1;32mAdded plugin [[0m[1;32mCopy/Paste[0m[1;32m] to main window[0m[1;32m[0m
[gazebo-1] [1;32m[GUI] [0m[1;32m[Msg] [0m[1;32mLoaded plugin [[0m[1;32mCopyPaste[0m[1;32m] from path [[0m[1;32m/opt/ros/jazzy/opt/gz_sim_vendor/lib/gz-sim-8/plugins/gui/libCopyPaste.so[0m[1;32m][0m[1;32m[0m
[gazebo-1] [1;33m[GUI] [Wrn] [Application.cc:908] [0m[1;33m[QT] file::/ComponentInspector/ComponentInspector.qml:251:3: QML Dialog: Binding loop detected for property "implicitHeight"[0m[1;33m[0m
[gazebo-1] [1;32m[GUI] [0m[1;32m[Msg] [0m[1;32mAdded plugin [[0m[1;32mComponent inspector[0m[1;32m] to main window[0m[1;32m[0m
[gazebo-1] [1;32m[GUI] [0m[1;32m[Msg] [0m[1;32mLoaded plugin [[0m[1;32mComponentInspector[0m[1;32m] from path [[0m[1;32m/opt/ros/jazzy/opt/gz_sim_vendor/lib/gz-sim-8/plugins/gui/libComponentInspector.so[0m[1;32m][0m[1;32m[0m
[gazebo-1] [1;32m[GUI] [0m[1;32m[Msg] [0m[1;32mCurrently tracking topic on [[0m[1;32m/gui/currently_tracked[0m[1;32m][0m[1;32m[0m
[gazebo-1] [1;33m[GUI] [Wrn] [Application.cc:908] [0m[1;33m[QT] file:///usr/lib/x86_64-linux-gnu/qt5/qml/QtQuick/Dialogs/DefaultFileDialog.qml:413:17: QML ToolButton: Binding loop detected for property "implicitHeight"[0m[1;33m[0m
[gazebo-1] [1;33m[GUI] [Wrn] [Application.cc:908] [0m[1;33m[QT] file:///usr/lib/x86_64-linux-gnu/qt5/qml/QtQuick/Dialogs/DefaultFileDialog.qml:309:21: QML Button: Binding loop detected for property "implicitHeight"[0m[1;33m[0m
[gazebo-1] [1;33m[GUI] [Wrn] [Application.cc:908] [0m[1;33m[QT] file:///usr/lib/x86_64-linux-gnu/qt5/qml/QtQuick/Dialogs/DefaultFileDialog.qml:309:21: QML Button: Binding loop detected for property "implicitHeight"[0m[1;33m[0m
[gazebo-1] [1;32m[GUI] [0m[1;32m[Msg] [0m[1;32mAdded plugin [[0m[1;32mEntity tree[0m[1;32m] to main window[0m[1;32m[0m
[gazebo-1] [1;32m[GUI] [0m[1;32m[Msg] [0m[1;32mLoaded plugin [[0m[1;32mEntityTree[0m[1;32m] from path [[0m[1;32m/opt/ros/jazzy/opt/gz_sim_vendor/lib/gz-sim-8/plugins/gui/libEntityTree.so[0m[1;32m][0m[1;32m[0m
[gazebo-1] [1;32m[GUI] [0m[1;32m[Msg] [0m[1;32mUsing server control service [[0m[1;32m/server_control[0m[1;32m][0m[1;32m[0m
[gazebo-1] [1;33m[GUI] [Wrn] [Application.cc:908] [0m[1;33m[QT] file::/WorldStats/WorldStats.qml:53:3: QML RowLayout: Binding loop detected for property "x"[0m[1;33m[0m
[gazebo-1] [1;32m[GUI] [0m[1;32m[Msg] [0m[1;32mLoading plugin [[0m[1;32mgz-rendering-ogre2[0m[1;32m][0m[1;32m[0m
[gazebo-1] [1;32m[GUI] [0m[1;32m[Msg] [0m[1;32mMove to service on [[0m[1;32m/gui/move_to[0m[1;32m][0m[1;32m[0m
[gazebo-1] [1;32m[GUI] [0m[1;32m[Msg] [0m[1;32mFollow service on [[0m[1;32m/gui/follow[0m[1;32m] (deprecated)[0m[1;32m[0m
[gazebo-1] [1;32m[GUI] [0m[1;32m[Msg] [0m[1;32mTracking topic on [[0m[1;32m/gui/track[0m[1;32m][0m[1;32m[0m
[gazebo-1] [1;32m[GUI] [0m[1;32m[Msg] [0m[1;32mTracking status topic on [[0m[1;32m/gui/currently_tracked[0m[1;32m][0m[1;32m[0m
[gazebo-1] [1;32m[GUI] [0m[1;32m[Msg] [0m[1;32mMove to pose service on [[0m[1;32m/gui/move_to/pose[0m[1;32m][0m[1;32m[0m
[gazebo-1] [1;32m[GUI] [0m[1;32m[Msg] [0m[1;32mCamera pose topic advertised on [[0m[1;32m/gui/camera/pose[0m[1;32m][0m[1;32m[0m
[gazebo-1] [1;32m[GUI] [0m[1;32m[Msg] [0m[1;32mFollow offset service on [[0m[1;32m/gui/follow/offset[0m[1;32m] (deprecated)[0m[1;32m[0m
[gazebo-1] [1;32m[Msg] [0m[1;32mFound no publishers on /stats, adding root stats topic[0m[1;32m[0m
[gazebo-1] [1;32m[Msg] [0m[1;32mFound no publishers on /clock, adding root clock topic[0m[1;32m[0m
[gazebo-1] [1;31m[Err] [UserCommands.cc:1319] [0m[1;31mUnable to update the pose for entity id:[[0m[1;31m0[0m[1;31m], name[[0m[1;31mgo2[0m[1;31m][0m[1;31m[0m
[gazebo-1] [1;31m[Err] [UserCommands.cc:1319] [0m[1;31mUnable to update the pose for entity id:[[0m[1;31m0[0m[1;31m], name[[0m[1;31mgo2[0m[1;31m][0m[1;31m[0m
[gazebo-1] [1;31m[Err] [UserCommands.cc:1319] [0m[1;31mUnable to update the pose for entity id:[[0m[1;31m0[0m[1;31m], name[[0m[1;31mgo2[0m[1;31m][0m[1;31m[0m
[scan_planner_node-4] [FSM]: state: INIT
[scan_planner_node-4] wait for goal.
[gazebo-1] [1;33mWarning [Utils.cc:132][0m [/sdf/model[@name="go2"]/link[@name="base"]/sensor[@name="go2_3d_lidar"]/gz_frame_id:<urdf-string>:L0]: XML Element[gz_frame_id], child of element[sensor], not defined in SDF. Copying[gz_frame_id] as children of [sensor].
[gazebo-1] [1;32m[Msg] [0m[1;32mLoading plugin [[0m[1;32mgz-rendering-ogre2[0m[1;32m][0m[1;32m[0m
[gazebo-1] [1;32m[Msg] [0m[1;32mServing scene information on [[0m[1;32m/world/scan_demo[0m[1;32m/[0m[1;32mscene/info[0m[1;32m][0m[1;32m[0m
[gazebo-1] [1;32m[Msg] [0m[1;32mServing graph information on [[0m[1;32m/world/scan_demo[0m[1;32m/[0m[1;32mscene/graph[0m[1;32m][0m[1;32m[0m
[gazebo-1] [1;32m[Msg] [0m[1;32mServing full state on [[0m[1;32m/world/scan_demo[0m[1;32m/[0m[1;32mstate[0m[1;32m][0m[1;32m[0m
[gazebo-1] [1;32m[Msg] [0m[1;32mServing full state (async) on [[0m[1;32m/world/scan_demo[0m[1;32m/[0m[1;32mstate_async[0m[1;32m][0m[1;32m[0m
[gazebo-1] [1;32m[Msg] [0m[1;32mPublishing scene information on [[0m[1;32m/world/scan_demo/scene/info[0m[1;32m][0m[1;32m[0m
[gazebo-1] [1;32m[Msg] [0m[1;32mPublishing entity deletions on [[0m[1;32m/world/scan_demo/scene/deletion[0m[1;32m][0m[1;32m[0m
[gazebo-1] [1;32m[Msg] [0m[1;32mPublishing state changes on [[0m[1;32m/world/scan_demo/state[0m[1;32m][0m[1;32m[0m
[gazebo-1] [1;32m[Msg] [0m[1;32mPublishing pose messages on [[0m[1;32m/world/scan_demo[0m[1;32m/[0m[1;32mpose/info[0m[1;32m][0m[1;32m[0m
[gazebo-1] [1;32m[Msg] [0m[1;32mPublishing dynamic pose messages on [[0m[1;32m/world/scan_demo[0m[1;32m/[0m[1;32mdynamic_pose/info[0m[1;32m][0m[1;32m[0m
[gazebo-1] [1;33m[Wrn] [Component.hh:127] [0m[1;33mTrying to serialize component with data type [[0m[1;33mTrying to serialize component with data type [[0m[1;33mSt10shared_ptrIN3sdf3v147ElementEE[0m[1;33mTrying to serialize component with data type [[0m[1;33mSt10shared_ptrIN3sdf3v147ElementEE[0m[1;33m], which doesn't have [0m[1;33m`operator<<`. Component will not be serialized.[0m[1;33mSt10shared_ptrIN3sdf3v147ElementEE[0m[1;33m`operator<<`. Component will not be serialized.[0m[1;33m[0m
[gazebo-1] [1;33m[GUI] [Wrn] [Component.hh:172] [0m[1;33mTrying to deserialize component with data type [[0m[1;33mSt10shared_ptrIN3sdf3v147ElementEE[0m[1;33m], which doesn't have [0m[1;33m`operator>>`. Component will not be deserialized.[0m[1;33m[0m
[gazebo-1] [1;33mWarning [Utils.cc:132][0m [/sdf/model[@name="go2"]/link[@name="base"]/sensor[@name="go2_3d_lidar"]/gz_frame_id:<data-string>:L194]: XML Element[gz_frame_id], child of element[sensor], not defined in SDF. Copying[gz_frame_id] as children of [sensor].
[scan_planner_node-4] [FSM]: state: INIT
[scan_planner_node-4] wait for goal.
[loop_path_publisher.py-9] [INFO] [1785997758.259865919] [loop_path_publisher]: Published initial approach route with 31 dense points, run 1
[terrain_path_visualizer-10] [INFO] [1785997758.264133333] [terrain_path_segmenter]: Segmented 31 path points into 2 sections
[scan_planner_node-4] [INFO] [1785997758.332112621] [scan_planner_node]: Reference path accepted
[scan_planner_node-4] [FSM]: from INIT to WAIT_TARGET
[scan_planner_node-4] [FSM]: from WAIT_TARGET to GEN_NEW_TRAJ
[scan_planner_node-4] 
[scan_planner_node-4] [rebo replan]: -------------------------------------0
[scan_planner_node-4] start:  -6   1 0.4, 0 0 0
[scan_planner_node-4] goal:  -6 4.53 1.28, 0 0 0
[scan_planner_node-4] [32miter(+1)=37,time(ms)=0.203,total_t(ms)=0.204,cost=0.014
[scan_planner_node-4] [0mfirst_optimize_step_success=1
[scan_planner_node-4] total time:[42m0.000407[0m,optimize:0.000366,refine:4.14e-05
[scan_planner_node-4] final_plan_success=1
[scan_planner_node-4] [FSM]: from GEN_NEW_TRAJ to EXEC_TRAJ
[closed_loop_controller-6] [INFO] [1785997758.343978911] [closed_loop_controller]: Received trajectory 1, duration 6.187s
[scan_planner_node-4] [FSM]: state: EXEC_TRAJ
[scan_planner_node-4] [FSM]: state: EXEC_TRAJ
[scan_planner_node-4] [INFO] [1785997760.074458490] [scan_planner_node]: [GridMapDiag] cloud=32768 accepted=26974 invalid=5794 below_sensor=0 outside_update=0 sensor_z=0.700 cutoff_z=1.700
[scan_planner_node-4] [FSM]: state: EXEC_TRAJ
[scan_planner_node-4] [FSM]: from EXEC_TRAJ to REPLAN_TRAJ
[scan_planner_node-4] 
[scan_planner_node-4] [rebo replan]: -------------------------------------1
[scan_planner_node-4] start:    -6  1.99 0.592, 2.73e-14     0.76    0.209
[scan_planner_node-4] goal: -6   5 1.4, 0 0 0
[scan_planner_node-4] [32miter(+1)=25,time(ms)=0.072,total_t(ms)=0.072,cost=0.073
[scan_planner_node-4] [0mfirst_optimize_step_success=1
[scan_planner_node-4] Need to reallocate time.
[scan_planner_node-4] total time:[42m0.000307[0m,optimize:0.000172,refine:0.000135
[scan_planner_node-4] final_plan_success=1
[scan_planner_node-4] [FSM]: from REPLAN_TRAJ to EXEC_TRAJ
[closed_loop_controller-6] [INFO] [1785997762.113656815] [closed_loop_controller]: Received trajectory 2, duration 6.251s
[scan_planner_node-4] [INFO] [1785997762.171567263] [scan_planner_node]: [GridMapDiag] cloud=32768 accepted=27180 invalid=5588 below_sensor=0 outside_update=0 sensor_z=0.955 cutoff_z=1.955
[scan_planner_node-4] [FSM]: state: EXEC_TRAJ
[scan_planner_node-4] [FSM]: state: EXEC_TRAJ
[scan_planner_node-4] [FSM]: from EXEC_TRAJ to REPLAN_TRAJ
[scan_planner_node-4] 
[scan_planner_node-4] [rebo replan]: -------------------------------------2
[scan_planner_node-4] start:    -6  2.95 0.837, 2.64e-10    0.357    0.125
[scan_planner_node-4] goal: -6   5 1.4, 0 0 0
[scan_planner_node-4] [32miter(+1)=25,time(ms)=0.092,total_t(ms)=0.093,cost=0.078
[scan_planner_node-4] [0mfirst_optimize_step_success=1
[scan_planner_node-4] Need to reallocate time.
[scan_planner_node-4] total time:[42m0.000328[0m,optimize:0.000191,refine:0.000137
[scan_planner_node-4] final_plan_success=1
[scan_planner_node-4] [FSM]: from REPLAN_TRAJ to EXEC_TRAJ
[closed_loop_controller-6] [INFO] [1785997763.913677832] [closed_loop_controller]: Received trajectory 3, duration 4.141s
[scan_planner_node-4] [INFO] [1785997764.270015515] [scan_planner_node]: [GridMapDiag] cloud=32768 accepted=23641 invalid=9127 below_sensor=0 outside_update=0 sensor_z=1.221 cutoff_z=2.221
[scan_planner_node-4] [FSM]: state: EXEC_TRAJ
[scan_planner_node-4] [FSM]: state: EXEC_TRAJ
[scan_planner_node-4] [FSM]: from EXEC_TRAJ to REPLAN_TRAJ
[scan_planner_node-4] 
[scan_planner_node-4] [rebo replan]: -------------------------------------3
[scan_planner_node-4] start:   -6 3.94 1.09, -1.2e-11    0.731    0.131
[scan_planner_node-4] goal: -6   5 1.4, 0 0 0
[scan_planner_node-4] [32miter(+1)=12,time(ms)=0.021,total_t(ms)=0.021,cost=0.093
[scan_planner_node-4] [0mfirst_optimize_step_success=1
[scan_planner_node-4] Need to reallocate time.
[scan_planner_node-4] total time:[42m0.000137[0m,optimize:7.6e-05,refine:6.14e-05
[scan_planner_node-4] final_plan_success=1
[scan_planner_node-4] [FSM]: from REPLAN_TRAJ to EXEC_TRAJ
[closed_loop_controller-6] [INFO] [1785997765.693456774] [closed_loop_controller]: Received trajectory 4, duration 2.188s
[scan_planner_node-4] [INFO] [1785997766.269568124] [scan_planner_node]: [GridMapDiag] cloud=32768 accepted=17593 invalid=15175 below_sensor=0 outside_update=0 sensor_z=1.540 cutoff_z=2.540
[scan_planner_node-4] [FSM]: state: EXEC_TRAJ
[rviz2-11] [INFO] [1785997766.598218213] [rviz]: Subscribing to: /grid_map/occupancy_inflate
[rviz2-11] 
[terrain_path_visualizer-10] [INFO] [1785997766.847798691] [terrain_path_segmenter]: Visualization advanced to segment 2/2
[scan_planner_node-4] [TRIG]: from EXEC_TRAJ to REPLAN_TRAJ
[scan_planner_node-4] [INFO] [1785997766.868744353] [scan_planner_node]: Reference path accepted
[scan_planner_node-4] 
[scan_planner_node-4] [rebo replan]: -------------------------------------4
[scan_planner_node-4] start:   -6 4.76 1.27, 1.29e-11    0.523    0.117
[scan_planner_node-4] goal: -6   7 1.4, 0 0 0
[scan_planner_node-4] [32miter(+1)=3,time(ms)=0.014,total_t(ms)=0.014,cost=0.033
[scan_planner_node-4] [0mfirst_optimize_step_success=1
[scan_planner_node-4] total time:[42m0.000175[0m,optimize:0.000143,refine:3.12e-05
[scan_planner_node-4] final_plan_success=1
[scan_planner_node-4] [FSM]: from REPLAN_TRAJ to EXEC_TRAJ
[closed_loop_controller-6] [INFO] [1785997766.873582201] [closed_loop_controller]: Received trajectory 5, duration 4.480s
[scan_planner_node-4] [INFO] [1785997768.274570613] [scan_planner_node]: [GridMapDiag] cloud=32768 accepted=15466 invalid=17302 below_sensor=0 outside_update=0 sensor_z=1.700 cutoff_z=2.700
[scan_planner_node-4] [FSM]: from EXEC_TRAJ to REPLAN_TRAJ
[scan_planner_node-4] 
[scan_planner_node-4] [rebo replan]: -------------------------------------5
[scan_planner_node-4] start:   -6  5.8 1.33, -4.98e-13     0.767    0.0424
[scan_planner_node-4] goal: -6   7 1.4, 0 0 0
[scan_planner_node-4] [32miter(+1)=12,time(ms)=0.027,total_t(ms)=0.027,cost=0.034
[scan_planner_node-4] [0mfirst_optimize_step_success=1
[scan_planner_node-4] Need to reallocate time.
[scan_planner_node-4] total time:[42m0.000148[0m,optimize:8.37e-05,refine:6.41e-05
[scan_planner_node-4] final_plan_success=1
[scan_planner_node-4] [FSM]: from REPLAN_TRAJ to EXEC_TRAJ
[closed_loop_controller-6] [INFO] [1785997768.780423911] [closed_loop_controller]: Received trajectory 6, duration 2.517s
[scan_planner_node-4] [FSM]: state: EXEC_TRAJ
[scan_planner_node-4] [FSM]: from EXEC_TRAJ to REPLAN_TRAJ
[scan_planner_node-4] 
[scan_planner_node-4] [rebo replan]: -------------------------------------6
[scan_planner_node-4] start:   -6  6.8 1.38, -2.76e-12     0.481    0.0273
[scan_planner_node-4] goal: -6   7 1.4, 0 0 0
[scan_planner_node-4] [32miter(+1)=10,time(ms)=0.029,total_t(ms)=0.030,cost=0.002
[scan_planner_node-4] [0mfirst_optimize_step_success=1
[scan_planner_node-4] total time:[42m0.000114[0m,optimize:9.37e-05,refine:2.03e-05
[scan_planner_node-4] final_plan_success=1
[scan_planner_node-4] [FSM]: from REPLAN_TRAJ to EXEC_TRAJ
[closed_loop_controller-6] [INFO] [1785997770.223534132] [closed_loop_controller]: Received trajectory 7, duration 1.920s
[scan_planner_node-4] [INFO] [1785997770.328350025] [scan_planner_node]: [GridMapDiag] cloud=32768 accepted=15257 invalid=17511 below_sensor=0 outside_update=0 sensor_z=1.700 cutoff_z=2.700
[loop_path_publisher.py-9] [INFO] [1785997770.871004310] [loop_path_publisher]: Published shuttle route with 193 dense points, run 2
[terrain_path_visualizer-10] [INFO] [1785997770.889187144] [terrain_path_segmenter]: Segmented 193 path points into 3 sections
[scan_planner_node-4] [TRIG]: from EXEC_TRAJ to REPLAN_TRAJ
[scan_planner_node-4] [INFO] [1785997771.391389912] [scan_planner_node]: Reference path accepted
[scan_planner_node-4] 
[scan_planner_node-4] [rebo replan]: -------------------------------------7
[scan_planner_node-4] start:   -6 7.01 1.39, 4.49e-13  0.00724    0.013
[scan_planner_node-4] goal:-2.35     7   1.4,      0.75 -1.31e-16         0
[scan_planner_node-4] [32miter(+1)=6,time(ms)=0.028,total_t(ms)=0.028,cost=0.033
[scan_planner_node-4] [0mfirst_optimize_step_success=1
[scan_planner_node-4] total time:[42m0.00023[0m,optimize:0.000178,refine:5.18e-05
[scan_planner_node-4] final_plan_success=1
[scan_planner_node-4] [FSM]: from REPLAN_TRAJ to EXEC_TRAJ
[closed_loop_controller-6] [INFO] [1785997771.392014813] [closed_loop_controller]: Received trajectory 8, duration 6.080s
[scan_planner_node-4] [INFO] [1785997772.451257902] [scan_planner_node]: [GridMapDiag] cloud=32768 accepted=15196 invalid=17572 below_sensor=0 outside_update=0 sensor_z=1.700 cutoff_z=2.700
[scan_planner_node-4] [INFO] [1785997774.451849316] [scan_planner_node]: [GridMapDiag] cloud=32768 accepted=15185 invalid=17583 below_sensor=0 outside_update=0 sensor_z=1.700 cutoff_z=2.700
[scan_planner_node-4] [FSM]: state: EXEC_TRAJ
[scan_planner_node-4] [INFO] [1785997776.544419176] [scan_planner_node]: [GridMapDiag] cloud=32768 accepted=15491 invalid=17277 below_sensor=0 outside_update=0 sensor_z=1.700 cutoff_z=2.700
[scan_planner_node-4] [FSM]: from EXEC_TRAJ to REPLAN_TRAJ
[scan_planner_node-4] 
[scan_planner_node-4] [rebo replan]: -------------------------------------8
[scan_planner_node-4] start: -4.94  6.92   1.4,   0.783  0.0217 0.00143
[scan_planner_node-4] goal:-1.47     7   1.4,     0.75 7.97e-16        0
[scan_planner_node-4] [32miter(+1)=7,time(ms)=0.040,total_t(ms)=0.040,cost=0.009
[scan_planner_node-4] [0mfirst_optimize_step_success=1
[scan_planner_node-4] total time:[42m0.000227[0m,optimize:0.000179,refine:4.81e-05
[scan_planner_node-4] final_plan_success=1
[scan_planner_node-4] [FSM]: from REPLAN_TRAJ to EXEC_TRAJ
[closed_loop_controller-6] [INFO] [1785997777.734721273] [closed_loop_controller]: Received trajectory 9, duration 5.440s
[scan_planner_node-4] [INFO] [1785997778.595440204] [scan_planner_node]: [GridMapDiag] cloud=32768 accepted=17056 invalid=15712 below_sensor=0 outside_update=0 sensor_z=0.700 cutoff_z=1.700
[scan_planner_node-4] [FSM]: from EXEC_TRAJ to REPLAN_TRAJ
[scan_planner_node-4] 
[scan_planner_node-4] [rebo replan]: -------------------------------------9
[scan_planner_node-4] start: -3.85  6.97   1.4,    0.643   0.0297 0.000839
[scan_planner_node-4] goal:-0.25     7   1.4,     0.75 5.24e-13        0
[scan_planner_node-4] [32miter(+1)=5,time(ms)=0.036,total_t(ms)=0.036,cost=0.005
[scan_planner_node-4] [0mfirst_optimize_step_success=1
[scan_planner_node-4] total time:[42m0.000342[0m,optimize:0.000262,refine:7.93e-05
[scan_planner_node-4] final_plan_success=1
[scan_planner_node-4] [FSM]: from REPLAN_TRAJ to EXEC_TRAJ
[closed_loop_controller-6] [INFO] [1785997779.480396291] [closed_loop_controller]: Received trajectory 10, duration 5.760s
[scan_planner_node-4] [FSM]: state: EXEC_TRAJ
[scan_planner_node-4] [INFO] [1785997780.710007370] [scan_planner_node]: [GridMapDiag] cloud=32768 accepted=19620 invalid=13148 below_sensor=0 outside_update=0 sensor_z=1.700 cutoff_z=2.700
[scan_planner_node-4] [FSM]: from EXEC_TRAJ to REPLAN_TRAJ
[scan_planner_node-4] 
[scan_planner_node-4] [rebo replan]: -------------------------------------10
[scan_planner_node-4] start: -2.79     7   1.4,    0.625  0.00421 0.000555
[scan_planner_node-4] goal:0.975     7   1.4,     0.75 1.46e-10        0
[scan_planner_node-4] [32miter(+1)=6,time(ms)=0.032,total_t(ms)=0.032,cost=0.006
[scan_planner_node-4] [0mfirst_optimize_step_success=1
[scan_planner_node-4] total time:[42m0.000283[0m,optimize:0.000224,refine:5.9e-05
[scan_planner_node-4] final_plan_success=1
[scan_planner_node-4] [FSM]: from REPLAN_TRAJ to EXEC_TRAJ
[closed_loop_controller-6] [INFO] [1785997781.185775406] [closed_loop_controller]: Received trajectory 11, duration 6.080s
[scan_planner_node-4] [INFO] [1785997782.741356010] [scan_planner_node]: [GridMapDiag] cloud=32768 accepted=20751 invalid=12017 below_sensor=0 outside_update=0 sensor_z=1.700 cutoff_z=2.700
[scan_planner_node-4] [FSM]: from EXEC_TRAJ to REPLAN_TRAJ
[scan_planner_node-4] 
[scan_planner_node-4] [rebo replan]: -------------------------------------11
[scan_planner_node-4] start: -1.74     7   1.4,    0.625  0.00127 0.000376
[scan_planner_node-4] goal:1.85    7  1.4,     0.75 6.37e-09        0
[scan_planner_node-4] [32miter(+1)=5,time(ms)=0.036,total_t(ms)=0.036,cost=0.006
[scan_planner_node-4] [0mfirst_optimize_step_success=1
[scan_planner_node-4] total time:[42m0.000341[0m,optimize:0.00026,refine:8.06e-05
[scan_planner_node-4] final_plan_success=1
[scan_planner_node-4] [FSM]: from REPLAN_TRAJ to EXEC_TRAJ
[closed_loop_controller-6] [INFO] [1785997782.859022317] [closed_loop_controller]: Received trajectory 12, duration 5.760s
[scan_planner_node-4] [FSM]: from EXEC_TRAJ to REPLAN_TRAJ
[scan_planner_node-4] 
[scan_planner_node-4] [rebo replan]: -------------------------------------12
[scan_planner_node-4] start: -0.678      7    1.4,    0.625 0.000541 0.000283
[scan_planner_node-4] goal:3.08    7  1.4,     0.75 7.74e-07        0
[scan_planner_node-4] [32miter(+1)=7,time(ms)=0.048,total_t(ms)=0.048,cost=0.005
[scan_planner_node-4] [0mfirst_optimize_step_success=1
[scan_planner_node-4] total time:[42m0.000335[0m,optimize:0.000263,refine:7.22e-05
[scan_planner_node-4] final_plan_success=1
[scan_planner_node-4] [FSM]: from REPLAN_TRAJ to EXEC_TRAJ
[closed_loop_controller-6] [INFO] [1785997784.559781827] [closed_loop_controller]: Received trajectory 13, duration 6.080s
[scan_planner_node-4] [INFO] [1785997784.761134115] [scan_planner_node]: [GridMapDiag] cloud=32768 accepted=20972 invalid=11796 below_sensor=0 outside_update=0 sensor_z=1.700 cutoff_z=2.700
[scan_planner_node-4] [FSM]: state: EXEC_TRAJ
[scan_planner_node-4] [FSM]: from EXEC_TRAJ to REPLAN_TRAJ
[scan_planner_node-4] 
[scan_planner_node-4] [rebo replan]: -------------------------------------13
[scan_planner_node-4] start: 0.382     7   1.4,    0.625 6.26e-05 0.000191
[scan_planner_node-4] goal:3.95    7  1.4,      0.75 -2.54e-05         0
[scan_planner_node-4] [32miter(+1)=6,time(ms)=0.025,total_t(ms)=0.025,cost=0.006
[scan_planner_node-4] [0mfirst_optimize_step_success=1
[scan_planner_node-4] total time:[42m0.00023[0m,optimize:0.000185,refine:4.5e-05
[scan_planner_node-4] final_plan_success=1
[scan_planner_node-4] [FSM]: from REPLAN_TRAJ to EXEC_TRAJ
[closed_loop_controller-6] [INFO] [1785997786.256842687] [closed_loop_controller]: Received trajectory 14, duration 5.760s
[scan_planner_node-4] [INFO] [1785997786.852944468] [scan_planner_node]: [GridMapDiag] cloud=32768 accepted=20964 invalid=11804 below_sensor=0 outside_update=0 sensor_z=1.700 cutoff_z=2.700
[scan_planner_node-4] [FSM]: from EXEC_TRAJ to REPLAN_TRAJ
[scan_planner_node-4] 
[scan_planner_node-4] [rebo replan]: -------------------------------------14
[scan_planner_node-4] start: 1.44    7  1.4,     0.625 -2.34e-06  0.000144
[scan_planner_node-4] goal:  5   7 1.4,    0.75 0.00411       0
[scan_planner_node-4] [32miter(+1)=6,time(ms)=0.037,total_t(ms)=0.037,cost=0.002
[scan_planner_node-4] [0mfirst_optimize_step_success=1
[scan_planner_node-4] total time:[42m0.000274[0m,optimize:0.000216,refine:5.76e-05
[scan_planner_node-4] final_plan_success=1
[scan_planner_node-4] [FSM]: from REPLAN_TRAJ to EXEC_TRAJ
[closed_loop_controller-6] [INFO] [1785997787.946706805] [closed_loop_controller]: Received trajectory 15, duration 5.440s
[scan_planner_node-4] [INFO] [1785997788.924603139] [scan_planner_node]: [GridMapDiag] cloud=32768 accepted=20688 invalid=12080 below_sensor=0 outside_update=0 sensor_z=1.700 cutoff_z=2.700
[scan_planner_node-4] [FSM]: from EXEC_TRAJ to REPLAN_TRAJ
[scan_planner_node-4] 
[scan_planner_node-4] [rebo replan]: -------------------------------------15
[scan_planner_node-4] start: 2.45    7  1.4,    0.625 8.38e-07 0.000102
[scan_planner_node-4] goal:5.89 7.01  1.4, 0.743 0.103     0
[scan_planner_node-4] [32miter(+1)=5,time(ms)=0.019,total_t(ms)=0.020,cost=0.004
[scan_planner_node-4] [0mfirst_optimize_step_success=1
[scan_planner_node-4] total time:[42m0.000184[0m,optimize:0.000143,refine:4.15e-05
[scan_planner_node-4] final_plan_success=1
[scan_planner_node-4] [FSM]: from REPLAN_TRAJ to EXEC_TRAJ
[closed_loop_controller-6] [INFO] [1785997789.573591954] [closed_loop_controller]: Received trajectory 16, duration 5.440s
[scan_planner_node-4] [FSM]: state: EXEC_TRAJ
[scan_planner_node-4] [INFO] [1785997791.021182337] [scan_planner_node]: [GridMapDiag] cloud=32768 accepted=19460 invalid=13308 below_sensor=0 outside_update=0 sensor_z=1.700 cutoff_z=2.700
[scan_planner_node-4] [FSM]: from EXEC_TRAJ to REPLAN_TRAJ
[scan_planner_node-4] 
[scan_planner_node-4] [rebo replan]: -------------------------------------16
[scan_planner_node-4] start: 3.49    7  1.4,    0.625 0.000197 7.54e-05
[scan_planner_node-4] goal:  6 5.9 1.4, 0.000709   -0.749        0
[scan_planner_node-4] [32miter(+1)=13,time(ms)=0.055,total_t(ms)=0.055,cost=0.018
[scan_planner_node-4] [0mfirst_optimize_step_success=1
[scan_planner_node-4] total time:[42m0.00023[0m,optimize:0.000187,refine:4.29e-05
[scan_planner_node-4] final_plan_success=1
[scan_planner_node-4] [FSM]: from REPLAN_TRAJ to EXEC_TRAJ
[closed_loop_controller-6] [INFO] [1785997791.225941857] [closed_loop_controller]: Received trajectory 17, duration 6.080s
[scan_planner_node-4] [FSM]: from EXEC_TRAJ to REPLAN_TRAJ
[scan_planner_node-4] 
[scan_planner_node-4] [rebo replan]: -------------------------------------17
[scan_planner_node-4] start: 4.54    7  1.4,    0.633   0.0103 4.71e-05
[scan_planner_node-4] goal:  6   5 1.4, 0 0 0
[scan_planner_node-4] [32miter(+1)=33,time(ms)=0.150,total_t(ms)=0.150,cost=0.013
[scan_planner_node-4] [0mfirst_optimize_step_success=1
[scan_planner_node-4] total time:[42m0.000316[0m,optimize:0.000274,refine:4.18e-05
[scan_planner_node-4] final_plan_success=1
[scan_planner_node-4] [FSM]: from REPLAN_TRAJ to EXEC_TRAJ
[closed_loop_controller-6] [INFO] [1785997792.904667961] [closed_loop_controller]: Received trajectory 18, duration 5.760s
[scan_planner_node-4] [INFO] [1785997793.024177686] [scan_planner_node]: [GridMapDiag] cloud=32768 accepted=17166 invalid=15602 below_sensor=0 outside_update=0 sensor_z=1.700 cutoff_z=2.700
[scan_planner_node-4] [FSM]: from EXEC_TRAJ to REPLAN_TRAJ
[scan_planner_node-4] 
[scan_planner_node-4] [rebo replan]: -------------------------------------18
[scan_planner_node-4] start: 5.57 7.07  1.4,    0.564  -0.0202 3.73e-05
[scan_planner_node-4] goal:  6   5 1.4, 0 0 0
[scan_planner_node-4] [32miter(+1)=19,time(ms)=0.077,total_t(ms)=0.078,cost=0.061
[scan_planner_node-4] [0mfirst_optimize_step_success=1
[scan_planner_node-4] Need to reallocate time.
[scan_planner_node-4] total time:[42m0.000398[0m,optimize:0.000189,refine:0.000209
[scan_planner_node-4] final_plan_success=1
[scan_planner_node-4] [FSM]: from REPLAN_TRAJ to EXEC_TRAJ
[closed_loop_controller-6] [INFO] [1785997794.469065531] [closed_loop_controller]: Received trajectory 19, duration 4.802s
[scan_planner_node-4] [INFO] [1785997795.074676590] [scan_planner_node]: [GridMapDiag] cloud=32768 accepted=15283 invalid=17485 below_sensor=0 outside_update=0 sensor_z=1.700 cutoff_z=2.700
[scan_planner_node-4] [FSM]: state: EXEC_TRAJ
[scan_planner_node-4] [FSM]: from EXEC_TRAJ to REPLAN_TRAJ
[scan_planner_node-4] 
[scan_planner_node-4] [rebo replan]: -------------------------------------19
[scan_planner_node-4] start: 6.11 6.17  1.4, -0.00704   -0.682 2.96e-05
[scan_planner_node-4] goal:  6   5 1.4, 0 0 0
[scan_planner_node-4] [32miter(+1)=11,time(ms)=0.036,total_t(ms)=0.036,cost=0.118
[scan_planner_node-4] [0mfirst_optimize_step_success=1
[scan_planner_node-4] Need to reallocate time.
[scan_planner_node-4] total time:[42m0.000185[0m,optimize:0.000109,refine:7.59e-05
[scan_planner_node-4] final_plan_success=1
[scan_planner_node-4] [FSM]: from REPLAN_TRAJ to EXEC_TRAJ
[closed_loop_controller-6] [INFO] [1785997796.730551837] [closed_loop_controller]: Received trajectory 20, duration 2.276s
[scan_planner_node-4] [INFO] [1785997797.095244706] [scan_planner_node]: [GridMapDiag] cloud=32768 accepted=15276 invalid=17492 below_sensor=0 outside_update=0 sensor_z=1.700 cutoff_z=2.700
[terrain_path_visualizer-10] [INFO] [1785997798.087490704] [terrain_path_segmenter]: Visualization advanced to segment 2/3
[scan_planner_node-4] [TRIG]: from EXEC_TRAJ to REPLAN_TRAJ
[scan_planner_node-4] [INFO] [1785997798.170674512] [scan_planner_node]: Reference path accepted
[scan_planner_node-4] 
[scan_planner_node-4] [rebo replan]: -------------------------------------20
[scan_planner_node-4] start: 6.03 5.19  1.4,  -0.0619   -0.437 3.49e-05
[scan_planner_node-4] goal:  6   3 0.4, 0 0 0
[scan_planner_node-4] [32miter(+1)=4,time(ms)=0.018,total_t(ms)=0.019,cost=0.097
[scan_planner_node-4] [0mfirst_optimize_step_success=1
[scan_planner_node-4] Need to reallocate time.
[scan_planner_node-4] total time:[42m0.0003[0m,optimize:0.000145,refine:0.000155
[scan_planner_node-4] final_plan_success=1
[scan_planner_node-4] [FSM]: from REPLAN_TRAJ to EXEC_TRAJ
[closed_loop_controller-6] [INFO] [1785997798.171548916] [closed_loop_controller]: Received trajectory 21, duration 5.695s
[scan_planner_node-4] [INFO] [1785997799.233449692] [scan_planner_node]: [GridMapDiag] cloud=32768 accepted=15959 invalid=16809 below_sensor=0 outside_update=0 sensor_z=1.664 cutoff_z=2.664
[scan_planner_node-4] [FSM]: from EXEC_TRAJ to REPLAN_TRAJ
[scan_planner_node-4] 
[scan_planner_node-4] [rebo replan]: -------------------------------------21
[scan_planner_node-4] start:  5.99  4.24 0.962, 0.00292  -0.534  -0.246
[scan_planner_node-4] goal:  6   3 0.4, 0 0 0
[scan_planner_node-4] [32miter(+1)=14,time(ms)=0.033,total_t(ms)=0.033,cost=0.275
[scan_planner_node-4] [0mfirst_optimize_step_success=1
[scan_planner_node-4] Need to reallocate time.
[scan_planner_node-4] total time:[42m0.00018[0m,optimize:9.9e-05,refine:8.09e-05
[scan_planner_node-4] final_plan_success=1
[scan_planner_node-4] [FSM]: from REPLAN_TRAJ to EXEC_TRAJ
[closed_loop_controller-6] [INFO] [1785997800.757767565] [closed_loop_controller]: Received trajectory 22, duration 2.924s
[scan_planner_node-4] [FSM]: state: EXEC_TRAJ
[scan_planner_node-4] [INFO] [1785997801.238795454] [scan_planner_node]: [GridMapDiag] cloud=32768 accepted=24668 invalid=8100 below_sensor=0 outside_update=0 sensor_z=1.209 cutoff_z=2.209
[scan_planner_node-4] [FSM]: from EXEC_TRAJ to REPLAN_TRAJ
[scan_planner_node-4] 
[scan_planner_node-4] [rebo replan]: -------------------------------------22
[scan_planner_node-4] start:     6  3.26 0.627, 0.00297  -0.435   -0.11
[scan_planner_node-4] goal:  6   3 0.4, 0 0 0
[scan_planner_node-4] [32miter(+1)=9,time(ms)=0.021,total_t(ms)=0.021,cost=0.029
[scan_planner_node-4] [0mfirst_optimize_step_success=1
[scan_planner_node-4] total time:[42m9.09e-05[0m,optimize:7.03e-05,refine:2.05e-05
[scan_planner_node-4] final_plan_success=1
[scan_planner_node-4] [FSM]: from REPLAN_TRAJ to EXEC_TRAJ
[closed_loop_controller-6] [INFO] [1785997802.507640075] [closed_loop_controller]: Received trajectory 23, duration 1.920s
[terrain_path_visualizer-10] [INFO] [1785997802.527684513] [terrain_path_segmenter]: Visualization advanced to segment 3/3
[scan_planner_node-4] [TRIG]: from EXEC_TRAJ to REPLAN_TRAJ
[scan_planner_node-4] [INFO] [1785997803.601170786] [scan_planner_node]: Reference path accepted
[scan_planner_node-4] 
[scan_planner_node-4] [rebo replan]: -------------------------------------23
[scan_planner_node-4] start:     6  3.03 0.488, 0.000922  -0.0666  -0.0666
[scan_planner_node-4] goal:    6 -0.65   0.4, -1.25e-05     -0.75         0
[scan_planner_node-4] [32miter(+1)=23,time(ms)=0.164,total_t(ms)=0.165,cost=0.020
[scan_planner_node-4] [0mfirst_optimize_step_success=1
[scan_planner_node-4] total time:[42m0.000446[0m,optimize:0.000369,refine:7.67e-05
[scan_planner_node-4] final_plan_success=1
[scan_planner_node-4] [FSM]: from REPLAN_TRAJ to EXEC_TRAJ
[closed_loop_controller-6] [INFO] [1785997803.602371720] [closed_loop_controller]: Received trajectory 24, duration 6.400s
[scan_planner_node-4] [INFO] [1785997803.876665715] [scan_planner_node]: [GridMapDiag] cloud=32768 accepted=27626 invalid=5142 below_sensor=0 outside_update=0 sensor_z=0.711 cutoff_z=1.711
[scan_planner_node-4] [INFO] [1785997805.998577673] [scan_planner_node]: [GridMapDiag] cloud=32768 accepted=27003 invalid=5765 below_sensor=0 outside_update=0 sensor_z=0.700 cutoff_z=1.700
[scan_planner_node-4] [FSM]: from EXEC_TRAJ to REPLAN_TRAJ
[scan_planner_node-4] 
[scan_planner_node-4] [rebo replan]: -------------------------------------24
[scan_planner_node-4] start:     6  1.94 0.467, -0.000542    -0.767   -0.0172
[scan_planner_node-4] goal:   6 -1.7  0.4, 0.000305    -0.75        0
[scan_planner_node-4] [32miter(+1)=13,time(ms)=0.054,total_t(ms)=0.055,cost=0.008
[scan_planner_node-4] [0mfirst_optimize_step_success=1
[scan_planner_node-4] total time:[42m0.000255[0m,optimize:0.000206,refine:4.91e-05
[scan_planner_node-4] final_plan_success=1
[scan_planner_node-4] [FSM]: from REPLAN_TRAJ to EXEC_TRAJ
[closed_loop_controller-6] [INFO] [1785997806.617986911] [closed_loop_controller]: Received trajectory 25, duration 6.080s
[scan_planner_node-4] [FSM]: state: EXEC_TRAJ
[scan_planner_node-4] [INFO] [1785997808.106272899] [scan_planner_node]: [GridMapDiag] cloud=32768 accepted=25654 invalid=7114 below_sensor=0 outside_update=0 sensor_z=0.700 cutoff_z=1.700
[scan_planner_node-4] [FSM]: from EXEC_TRAJ to REPLAN_TRAJ
[scan_planner_node-4] 
[scan_planner_node-4] [rebo replan]: -------------------------------------25
[scan_planner_node-4] start:     6 0.906 0.448, -0.000779    -0.609   -0.0115
[scan_planner_node-4] goal:    6 -2.58   0.4, -0.0381  -0.712       0
[scan_planner_node-4] [32miter(+1)=8,time(ms)=0.034,total_t(ms)=0.034,cost=0.006
[scan_planner_node-4] [0mfirst_optimize_step_success=1
[scan_planner_node-4] total time:[42m0.000254[0m,optimize:0.000198,refine:5.58e-05
[scan_planner_node-4] final_plan_success=1
[scan_planner_node-4] [FSM]: from REPLAN_TRAJ to EXEC_TRAJ
[closed_loop_controller-6] [INFO] [1785997808.278201612] [closed_loop_controller]: Received trajectory 26, duration 5.760s
[scan_planner_node-4] [FSM]: from EXEC_TRAJ to REPLAN_TRAJ
[scan_planner_node-4] 
[scan_planner_node-4] [rebo replan]: -------------------------------------26
[scan_planner_node-4] start:      6 -0.126  0.434,  1.4e-05   -0.625 -0.00861
[scan_planner_node-4] goal:5.2  -3 0.4,    -0.74 -0.00959        0
[scan_planner_node-4] [32miter(+1)=13,time(ms)=0.051,total_t(ms)=0.051,cost=0.006
[scan_planner_node-4] [0mfirst_optimize_step_success=1
[scan_planner_node-4] total time:[42m0.000229[0m,optimize:0.000184,refine:4.57e-05
[scan_planner_node-4] final_plan_success=1
[scan_planner_node-4] [FSM]: from REPLAN_TRAJ to EXEC_TRAJ
[closed_loop_controller-6] [INFO] [1785997809.929410312] [closed_loop_controller]: Received trajectory 27, duration 5.760s
[scan_planner_node-4] [INFO] [1785997810.201576214] [scan_planner_node]: [GridMapDiag] cloud=32768 accepted=25151 invalid=7617 below_sensor=0 outside_update=0 sensor_z=0.700 cutoff_z=1.700
[scan_planner_node-4] [FSM]: from EXEC_TRAJ to REPLAN_TRAJ
[scan_planner_node-4] 
[scan_planner_node-4] [rebo replan]: -------------------------------------27
[scan_planner_node-4] start:     6 -1.21 0.424,  0.00381    -0.63 -0.00584
[scan_planner_node-4] goal:4.15   -3  0.4,   -0.75 5.9e-05       0
[scan_planner_node-4] [32miter(+1)=11,time(ms)=0.044,total_t(ms)=0.045,cost=0.006
[scan_planner_node-4] [0mfirst_optimize_step_success=1
[scan_planner_node-4] total time:[42m0.000225[0m,optimize:0.000174,refine:5.16e-05
[scan_planner_node-4] final_plan_success=1
[scan_planner_node-4] [FSM]: from REPLAN_TRAJ to EXEC_TRAJ
[closed_loop_controller-6] [INFO] [1785997811.662458695] [closed_loop_controller]: Received trajectory 28, duration 5.440s
[scan_planner_node-4] [INFO] [1785997812.212981746] [scan_planner_node]: [GridMapDiag] cloud=32768 accepted=24580 invalid=8188 below_sensor=0 outside_update=0 sensor_z=0.700 cutoff_z=1.700
[scan_planner_node-4] [FSM]: from EXEC_TRAJ to REPLAN_TRAJ
[scan_planner_node-4] 
[scan_planner_node-4] [rebo replan]: -------------------------------------28
[scan_planner_node-4] start:  6.03 -2.26 0.416,   0.0437   -0.657 -0.00423
[scan_planner_node-4] goal:3.1  -3 0.4,    -0.75 3.61e-07        0
[scan_planner_node-4] [32miter(+1)=9,time(ms)=0.039,total_t(ms)=0.039,cost=0.006
[scan_planner_node-4] [0mfirst_optimize_step_success=1
[scan_planner_node-4] total time:[42m0.000222[0m,optimize:0.000177,refine:4.45e-05
[scan_planner_node-4] final_plan_success=1
[scan_planner_node-4] [FSM]: from REPLAN_TRAJ to EXEC_TRAJ
[closed_loop_controller-6] [INFO] [1785997813.333410569] [closed_loop_controller]: Received trajectory 29, duration 5.440s
[scan_planner_node-4] [INFO] [1785997814.230110089] [scan_planner_node]: [GridMapDiag] cloud=32768 accepted=24279 invalid=8489 below_sensor=0 outside_update=0 sensor_z=0.700 cutoff_z=1.700
[scan_planner_node-4] [FSM]: state: EXEC_TRAJ
[scan_planner_node-4] [FSM]: from EXEC_TRAJ to REPLAN_TRAJ
[scan_planner_node-4] 
[scan_planner_node-4] [rebo replan]: -------------------------------------29
[scan_planner_node-4] start:  5.27 -3.01  0.41,   -0.646   0.0154 -0.00298
[scan_planner_node-4] goal:1.7  -3 0.4,    -0.75 -9.9e-10        0
[scan_planner_node-4] [32miter(+1)=8,time(ms)=0.062,total_t(ms)=0.062,cost=0.002
[scan_planner_node-4] [0mfirst_optimize_step_success=1
[scan_planner_node-4] total time:[42m0.000411[0m,optimize:0.000326,refine:8.46e-05
[scan_planner_node-4] final_plan_success=1
[scan_planner_node-4] [FSM]: from REPLAN_TRAJ to EXEC_TRAJ
[closed_loop_controller-6] [INFO] [1785997815.824382281] [closed_loop_controller]: Received trajectory 30, duration 5.440s
[scan_planner_node-4] [INFO] [1785997816.416880933] [scan_planner_node]: [GridMapDiag] cloud=32768 accepted=23828 invalid=8940 below_sensor=0 outside_update=0 sensor_z=0.700 cutoff_z=1.700
[scan_planner_node-4] [FSM]: from EXEC_TRAJ to REPLAN_TRAJ
[scan_planner_node-4] 
[scan_planner_node-4] [rebo replan]: -------------------------------------30
[scan_planner_node-4] start:  4.22    -3 0.407,   -0.626 -0.00139 -0.00182
[scan_planner_node-4] goal:0.475    -3   0.4,     -0.75 -1.35e-11         0
[scan_planner_node-4] [32miter(+1)=9,time(ms)=0.054,total_t(ms)=0.055,cost=0.004
[scan_planner_node-4] [0mfirst_optimize_step_success=1
[scan_planner_node-4] total time:[42m0.000276[0m,optimize:0.000228,refine:4.74e-05
[scan_planner_node-4] final_plan_success=1
[scan_planner_node-4] [FSM]: from REPLAN_TRAJ to EXEC_TRAJ
[closed_loop_controller-6] [INFO] [1785997817.503427369] [closed_loop_controller]: Received trajectory 31, duration 6.080s
[scan_planner_node-4] [INFO] [1785997818.469385007] [scan_planner_node]: [GridMapDiag] cloud=32768 accepted=24152 invalid=8616 below_sensor=0 outside_update=0 sensor_z=0.700 cutoff_z=1.700
[scan_planner_node-4] [FSM]: from EXEC_TRAJ to REPLAN_TRAJ
[scan_planner_node-4] 
[scan_planner_node-4] [rebo replan]: -------------------------------------31
[scan_planner_node-4] start:  3.17    -3 0.405,    -0.625 -0.000165  -0.00122
[scan_planner_node-4] goal:-0.4   -3  0.4,    -0.75 1.53e-11        0
[scan_planner_node-4] [32miter(+1)=12,time(ms)=0.045,total_t(ms)=0.045,cost=0.002
[scan_planner_node-4] [0mfirst_optimize_step_success=1
[scan_planner_node-4] total time:[42m0.000228[0m,optimize:0.000183,refine:4.46e-05
[scan_planner_node-4] final_plan_success=1
[scan_planner_node-4] [FSM]: from REPLAN_TRAJ to EXEC_TRAJ
[closed_loop_controller-6] [INFO] [1785997819.192545870] [closed_loop_controller]: Received trajectory 32, duration 5.760s
[scan_planner_node-4] [INFO] [1785997820.528352551] [scan_planner_node]: [GridMapDiag] cloud=32768 accepted=25181 invalid=7587 below_sensor=0 outside_update=0 sensor_z=0.700 cutoff_z=1.700
[scan_planner_node-4] [FSM]: from EXEC_TRAJ to REPLAN_TRAJ
[scan_planner_node-4] 
[scan_planner_node-4] [rebo replan]: -------------------------------------32
[scan_planner_node-4] start:   2.1    -3 0.404,    -0.624  0.000112 -0.000919
[scan_planner_node-4] goal:-1.62    -3   0.4,    -0.75 2.84e-09        0
[scan_planner_node-4] [32miter(+1)=12,time(ms)=0.048,total_t(ms)=0.048,cost=0.003
[scan_planner_node-4] [0mfirst_optimize_step_success=1
[scan_planner_node-4] total time:[42m0.000238[0m,optimize:0.000193,refine:4.54e-05
[scan_planner_node-4] final_plan_success=1
[scan_planner_node-4] [FSM]: from REPLAN_TRAJ to EXEC_TRAJ
[closed_loop_controller-6] [INFO] [1785997820.903400478] [closed_loop_controller]: Received trajectory 33, duration 6.080s
[scan_planner_node-4] [FSM]: state: EXEC_TRAJ
[scan_planner_node-4] [FSM]: from EXEC_TRAJ to REPLAN_TRAJ
[scan_planner_node-4] 
[scan_planner_node-4] [rebo replan]: -------------------------------------33
[scan_planner_node-4] start:  1.07    -3 0.403,   -0.623 2.57e-05 -0.00062
[scan_planner_node-4] goal:-2.68    -3   0.4,     -0.75 -1.43e-07         0
[scan_planner_node-4] [32miter(+1)=13,time(ms)=0.079,total_t(ms)=0.080,cost=0.002
[scan_planner_node-4] [0mfirst_optimize_step_success=1
[scan_planner_node-4] total time:[42m0.000337[0m,optimize:0.000274,refine:6.32e-05
[scan_planner_node-4] final_plan_success=1
[scan_planner_node-4] [FSM]: from REPLAN_TRAJ to EXEC_TRAJ
[closed_loop_controller-6] [INFO] [1785997822.545978035] [closed_loop_controller]: Received trajectory 34, duration 6.080s
[scan_planner_node-4] [INFO] [1785997822.591988578] [scan_planner_node]: [GridMapDiag] cloud=32768 accepted=25244 invalid=7524 below_sensor=0 outside_update=0 sensor_z=0.700 cutoff_z=1.700
[scan_planner_node-4] [FSM]: from EXEC_TRAJ to REPLAN_TRAJ
[scan_planner_node-4] 
[scan_planner_node-4] [rebo replan]: -------------------------------------34
[scan_planner_node-4] start: -0.0147      -3   0.402,    -0.622  1.53e-06 -0.000443
[scan_planner_node-4] goal:-3.55    -3   0.4,    -0.75 4.71e-06        0
[scan_planner_node-4] [32miter(+1)=12,time(ms)=0.057,total_t(ms)=0.058,cost=0.003
[scan_planner_node-4] [0mfirst_optimize_step_success=1
[scan_planner_node-4] total time:[42m0.000312[0m,optimize:0.000249,refine:6.27e-05
[scan_planner_node-4] final_plan_success=1
[scan_planner_node-4] [FSM]: from REPLAN_TRAJ to EXEC_TRAJ
[closed_loop_controller-6] [INFO] [1785997824.284498922] [closed_loop_controller]: Received trajectory 35, duration 5.760s
[scan_planner_node-4] [INFO] [1785997824.678731816] [scan_planner_node]: [GridMapDiag] cloud=32768 accepted=25196 invalid=7572 below_sensor=0 outside_update=0 sensor_z=0.700 cutoff_z=1.700
[scan_planner_node-4] [FSM]: from EXEC_TRAJ to REPLAN_TRAJ
[scan_planner_node-4] 
[scan_planner_node-4] [rebo replan]: -------------------------------------35
[scan_planner_node-4] start: -1.05    -3 0.401,    -0.623  1.61e-06 -0.000335
[scan_planner_node-4] goal:-4.6   -3  0.4,     -0.75 -0.000765         0
[scan_planner_node-4] [32miter(+1)=9,time(ms)=0.034,total_t(ms)=0.034,cost=0.004
[scan_planner_node-4] [0mfirst_optimize_step_success=1
[scan_planner_node-4] total time:[42m0.00022[0m,optimize:0.00018,refine:3.98e-05
[scan_planner_node-4] final_plan_success=1
[scan_planner_node-4] [FSM]: from REPLAN_TRAJ to EXEC_TRAJ
[closed_loop_controller-6] [INFO] [1785997825.942466417] [closed_loop_controller]: Received trajectory 36, duration 5.760s
[scan_planner_node-4] [FSM]: state: EXEC_TRAJ
[scan_planner_node-4] [INFO] [1785997826.793045550] [scan_planner_node]: [GridMapDiag] cloud=32768 accepted=25035 invalid=7733 below_sensor=0 outside_update=0 sensor_z=0.700 cutoff_z=1.700
[scan_planner_node-4] [FSM]: from EXEC_TRAJ to REPLAN_TRAJ
[scan_planner_node-4] 
[scan_planner_node-4] [rebo replan]: -------------------------------------36
[scan_planner_node-4] start: -2.13    -3 0.401,    -0.625 -2.29e-05 -0.000235
[scan_planner_node-4] goal:-5.83    -3   0.4, -0.74 -0.12     0
[scan_planner_node-4] [32miter(+1)=10,time(ms)=0.059,total_t(ms)=0.060,cost=0.005
[scan_planner_node-4] [0mfirst_optimize_step_success=1
[scan_planner_node-4] total time:[42m0.000432[0m,optimize:0.000275,refine:0.000157
[scan_planner_node-4] final_plan_success=1
[scan_planner_node-4] [FSM]: from REPLAN_TRAJ to EXEC_TRAJ
[closed_loop_controller-6] [INFO] [1785997827.663451993] [closed_loop_controller]: Received trajectory 37, duration 6.080s
[scan_planner_node-4] [INFO] [1785997828.801284962] [scan_planner_node]: [GridMapDiag] cloud=32768 accepted=24392 invalid=8376 below_sensor=0 outside_update=0 sensor_z=0.700 cutoff_z=1.700
[scan_planner_node-4] [FSM]: from EXEC_TRAJ to REPLAN_TRAJ
[scan_planner_node-4] 
[scan_planner_node-4] [rebo replan]: -------------------------------------37
[scan_planner_node-4] start:  -3.2    -3 0.401,    -0.625  -0.00028 -0.000156
[scan_planner_node-4] goal:  -6 -2.3  0.4, -0.00383    0.746        0
[scan_planner_node-4] [32miter(+1)=17,time(ms)=0.080,total_t(ms)=0.081,cost=0.007
[scan_planner_node-4] [0mfirst_optimize_step_success=1
[scan_planner_node-4] total time:[42m0.000255[0m,optimize:0.000213,refine:4.23e-05
[scan_planner_node-4] final_plan_success=1
[scan_planner_node-4] [FSM]: from REPLAN_TRAJ to EXEC_TRAJ
[closed_loop_controller-6] [INFO] [1785997829.380194445] [closed_loop_controller]: Received trajectory 38, duration 5.760s
[scan_planner_node-4] [INFO] [1785997830.818638482] [scan_planner_node]: [GridMapDiag] cloud=32768 accepted=23948 invalid=8820 below_sensor=0 outside_update=0 sensor_z=0.700 cutoff_z=1.700
[scan_planner_node-4] [FSM]: from EXEC_TRAJ to REPLAN_TRAJ
[scan_planner_node-4] 
[scan_planner_node-4] [rebo replan]: -------------------------------------38
[scan_planner_node-4] start: -4.24 -3.01   0.4,    -0.637  -0.00695 -0.000117
[scan_planner_node-4] goal:   -6 -1.25   0.4, 0.000157     0.75        0
[scan_planner_node-4] [32miter(+1)=12,time(ms)=0.046,total_t(ms)=0.046,cost=0.010
[scan_planner_node-4] [0mfirst_optimize_step_success=1
[scan_planner_node-4] total time:[42m0.000198[0m,optimize:0.000161,refine:3.71e-05
[scan_planner_node-4] final_plan_success=1
[scan_planner_node-4] [FSM]: from REPLAN_TRAJ to EXEC_TRAJ
[closed_loop_controller-6] [INFO] [1785997831.038452162] [closed_loop_controller]: Received trajectory 39, duration 5.440s
[scan_planner_node-4] [FSM]: state: EXEC_TRAJ
[scan_planner_node-4] [FSM]: from EXEC_TRAJ to REPLAN_TRAJ
[scan_planner_node-4] 
[scan_planner_node-4] [rebo replan]: -------------------------------------39
[scan_planner_node-4] start:  -5.3 -2.99   0.4,    -0.665   -0.0531 -8.65e-05
[scan_planner_node-4] goal:  -6 -0.2  0.4, -2.1e-06     0.75        0
[scan_planner_node-4] [32miter(+1)=12,time(ms)=0.055,total_t(ms)=0.056,cost=0.011
[scan_planner_node-4] [0mfirst_optimize_step_success=1
[scan_planner_node-4] total time:[42m0.000227[0m,optimize:0.000187,refine:4.08e-05
[scan_planner_node-4] final_plan_success=1
[scan_planner_node-4] [FSM]: from REPLAN_TRAJ to EXEC_TRAJ
[closed_loop_controller-6] [INFO] [1785997832.725799027] [closed_loop_controller]: Received trajectory 40, duration 5.440s
[scan_planner_node-4] [INFO] [1785997832.819506592] [scan_planner_node]: [GridMapDiag] cloud=32768 accepted=24030 invalid=8738 below_sensor=0 outside_update=0 sensor_z=0.700 cutoff_z=1.700
[scan_planner_node-4] [INFO] [1785997834.926018743] [scan_planner_node]: [GridMapDiag] cloud=32768 accepted=24419 invalid=8349 below_sensor=0 outside_update=0 sensor_z=0.700 cutoff_z=1.700
[scan_planner_node-4] [FSM]: from EXEC_TRAJ to REPLAN_TRAJ
[scan_planner_node-4] 
[scan_planner_node-4] [rebo replan]: -------------------------------------40
[scan_planner_node-4] start: -6.02 -2.26   0.4,    0.0325     0.658 -6.07e-05
[scan_planner_node-4] goal: -6   1 0.4, 0 0 0
[scan_planner_node-4] [32miter(+1)=23,time(ms)=0.087,total_t(ms)=0.087,cost=0.023
[scan_planner_node-4] [0mfirst_optimize_step_success=1
[scan_planner_node-4] total time:[42m0.00025[0m,optimize:0.000209,refine:4.11e-05
[scan_planner_node-4] final_plan_success=1
[scan_planner_node-4] [FSM]: from REPLAN_TRAJ to EXEC_TRAJ
[closed_loop_controller-6] [INFO] [1785997835.214383131] [closed_loop_controller]: Received trajectory 41, duration 5.440s
[scan_planner_node-4] [FSM]: from EXEC_TRAJ to REPLAN_TRAJ
[scan_planner_node-4] 
[scan_planner_node-4] [rebo replan]: -------------------------------------41
[scan_planner_node-4] start:   -6 -1.2  0.4,    -0.017     0.588 -3.84e-05
[scan_planner_node-4] goal: -6   1 0.4, 0 0 0
[scan_planner_node-4] [32miter(+1)=23,time(ms)=0.096,total_t(ms)=0.097,cost=0.032
[scan_planner_node-4] [0mfirst_optimize_step_success=1
[scan_planner_node-4] Need to reallocate time.
[scan_planner_node-4] total time:[42m0.000346[0m,optimize:0.000204,refine:0.000142
[scan_planner_node-4] final_plan_success=1
[scan_planner_node-4] [FSM]: from REPLAN_TRAJ to EXEC_TRAJ
[closed_loop_controller-6] [INFO] [1785997836.908468227] [closed_loop_controller]: Received trajectory 42, duration 4.046s
[scan_planner_node-4] [INFO] [1785997836.990779019] [scan_planner_node]: [GridMapDiag] cloud=32768 accepted=25027 invalid=7741 below_sensor=0 outside_update=0 sensor_z=0.700 cutoff_z=1.700
[scan_planner_node-4] [FSM]: state: EXEC_TRAJ
[scan_planner_node-4] [FSM]: from EXEC_TRAJ to REPLAN_TRAJ
[scan_planner_node-4] 
[scan_planner_node-4] [rebo replan]: -------------------------------------42
[scan_planner_node-4] start:     -6 -0.113    0.4,  0.00409    0.749 -3.1e-05
[scan_planner_node-4] goal: -6   1 0.4, 0 0 0
[scan_planner_node-4] [32miter(+1)=12,time(ms)=0.027,total_t(ms)=0.027,cost=0.086
[scan_planner_node-4] [0mfirst_optimize_step_success=1
[scan_planner_node-4] Need to reallocate time.
[scan_planner_node-4] total time:[42m0.000143[0m,optimize:8.2e-05,refine:6.1e-05
[scan_planner_node-4] final_plan_success=1
[scan_planner_node-4] [FSM]: from REPLAN_TRAJ to EXEC_TRAJ
[closed_loop_controller-6] [INFO] [1785997838.558500268] [closed_loop_controller]: Received trajectory 43, duration 2.232s
[scan_planner_node-4] [INFO] [1785997839.024436326] [scan_planner_node]: [GridMapDiag] cloud=32768 accepted=25935 invalid=6833 below_sensor=0 outside_update=0 sensor_z=0.700 cutoff_z=1.700
[scan_planner_node-4] [FSM]: from EXEC_TRAJ to REPLAN_TRAJ
[scan_planner_node-4] 
[scan_planner_node-4] [rebo replan]: -------------------------------------43
[scan_planner_node-4] start:    -6 0.906   0.4,  -0.00104      0.29 -5.39e-05
[scan_planner_node-4] goal: -6   1 0.4, 0 0 0
[scan_planner_node-4] Close to goal
[scan_planner_node-4] final_plan_success=0
[scan_planner_node-4] 
[scan_planner_node-4] [rebo replan]: -------------------------------------44
[scan_planner_node-4] start:    -6 0.906   0.4,  -0.00104      0.29 -5.39e-05
[scan_planner_node-4] goal: -6   1 0.4, 0 0 0
[scan_planner_node-4] Close to goal
[scan_planner_node-4] final_plan_success=0
[scan_planner_node-4] 
[scan_planner_node-4] [rebo replan]: -------------------------------------45
[scan_planner_node-4] start:    -6 0.906   0.4,  -0.00104      0.29 -5.39e-05
[scan_planner_node-4] goal: -6   1 0.4, 0 0 0
[scan_planner_node-4] Close to goal
[scan_planner_node-4] final_plan_success=0
[scan_planner_node-4] [FSM]: from REPLAN_TRAJ to REPLAN_TRAJ
[scan_planner_node-4] 
[scan_planner_node-4] [rebo replan]: -------------------------------------46
[scan_planner_node-4] start:    -6 0.918   0.4, -0.000958     0.261 -5.42e-05
[scan_planner_node-4] goal: -6   1 0.4, 0 0 0
[scan_planner_node-4] Close to goal
[scan_planner_node-4] final_plan_success=0
[scan_planner_node-4] 
[scan_planner_node-4] [rebo replan]: -------------------------------------47
[scan_planner_node-4] start:    -6 0.918   0.4, -0.000958     0.261 -5.42e-05
[scan_planner_node-4] goal: -6   1 0.4, 0 0 0
[scan_planner_node-4] Close to goal
[scan_planner_node-4] final_plan_success=0
[scan_planner_node-4] 
[scan_planner_node-4] [rebo replan]: -------------------------------------48
[scan_planner_node-4] start:    -6 0.918   0.4, -0.000958     0.261 -5.42e-05
[scan_planner_node-4] goal: -6   1 0.4, 0 0 0
[scan_planner_node-4] Close to goal
[scan_planner_node-4] final_plan_success=0
[scan_planner_node-4] [FSM]: from REPLAN_TRAJ to REPLAN_TRAJ
[scan_planner_node-4] 
[scan_planner_node-4] [rebo replan]: -------------------------------------49
[scan_planner_node-4] start:    -6 0.934   0.4,  -0.00081     0.215 -5.15e-05
[scan_planner_node-4] goal: -6   1 0.4, 0 0 0
[scan_planner_node-4] Close to goal
[scan_planner_node-4] final_plan_success=0
[scan_planner_node-4] 
[scan_planner_node-4] [rebo replan]: -------------------------------------50
[scan_planner_node-4] start:    -6 0.934   0.4,  -0.00081     0.215 -5.15e-05
[scan_planner_node-4] goal: -6   1 0.4, 0 0 0
[scan_planner_node-4] Close to goal
[scan_planner_node-4] final_plan_success=0
[scan_planner_node-4] 
[scan_planner_node-4] [rebo replan]: -------------------------------------51
[scan_planner_node-4] start:    -6 0.934   0.4,  -0.00081     0.215 -5.15e-05
[scan_planner_node-4] goal: -6   1 0.4, 0 0 0
[scan_planner_node-4] Close to goal
[scan_planner_node-4] final_plan_success=0
[scan_planner_node-4] [FSM]: from REPLAN_TRAJ to REPLAN_TRAJ
[scan_planner_node-4] 
[scan_planner_node-4] [rebo replan]: -------------------------------------52
[scan_planner_node-4] start:    -6 0.942   0.4,  -0.00072     0.188 -4.81e-05
[scan_planner_node-4] goal: -6   1 0.4, 0 0 0
[scan_planner_node-4] Close to goal
[scan_planner_node-4] final_plan_success=0
[scan_planner_node-4] 
[scan_planner_node-4] [rebo replan]: -------------------------------------53
[scan_planner_node-4] start:    -6 0.942   0.4,  -0.00072     0.188 -4.81e-05
[scan_planner_node-4] goal: -6   1 0.4, 0 0 0
[scan_planner_node-4] Close to goal
[scan_planner_node-4] final_plan_success=0
[scan_planner_node-4] 
[scan_planner_node-4] [rebo replan]: -------------------------------------54
[scan_planner_node-4] start:    -6 0.942   0.4,  -0.00072     0.188 -4.81e-05
[scan_planner_node-4] goal: -6   1 0.4, 0 0 0
[scan_planner_node-4] Close to goal
[scan_planner_node-4] final_plan_success=0
[scan_planner_node-4] [FSM]: from REPLAN_TRAJ to REPLAN_TRAJ
[scan_planner_node-4] 
[scan_planner_node-4] [rebo replan]: -------------------------------------55
[scan_planner_node-4] start:    -6 0.955   0.4, -0.000538     0.138 -3.81e-05
[scan_planner_node-4] goal: -6   1 0.4, 0 0 0
[scan_planner_node-4] Close to goal
[scan_planner_node-4] final_plan_success=0
[scan_planner_node-4] 
[scan_planner_node-4] [rebo replan]: -------------------------------------56
[scan_planner_node-4] start:    -6 0.955   0.4, -0.000538     0.138 -3.81e-05
[scan_planner_node-4] goal: -6   1 0.4, 0 0 0
[scan_planner_node-4] Close to goal
[scan_planner_node-4] final_plan_success=0
[scan_planner_node-4] 
[scan_planner_node-4] [rebo replan]: -------------------------------------57
[scan_planner_node-4] start:    -6 0.955   0.4, -0.000538     0.138 -3.81e-05
[scan_planner_node-4] goal: -6   1 0.4, 0 0 0
[scan_planner_node-4] Close to goal
[scan_planner_node-4] final_plan_success=0
[scan_planner_node-4] [FSM]: from REPLAN_TRAJ to REPLAN_TRAJ
[scan_planner_node-4] 
[scan_planner_node-4] [rebo replan]: -------------------------------------58
[scan_planner_node-4] start:    -6 0.963   0.4, -0.000367    0.0944 -2.62e-05
[scan_planner_node-4] goal: -6   1 0.4, 0 0 0
[scan_planner_node-4] Close to goal
[scan_planner_node-4] final_plan_success=0
[scan_planner_node-4] 
[scan_planner_node-4] [rebo replan]: -------------------------------------59
[scan_planner_node-4] start:    -6 0.963   0.4, -0.000367    0.0944 -2.62e-05
[scan_planner_node-4] goal: -6   1 0.4, 0 0 0
[scan_planner_node-4] Close to goal
[scan_planner_node-4] final_plan_success=0
[scan_planner_node-4] 
[scan_planner_node-4] [rebo replan]: -------------------------------------60
[scan_planner_node-4] start:    -6 0.963   0.4, -0.000367    0.0944 -2.62e-05
[scan_planner_node-4] goal: -6   1 0.4, 0 0 0
[scan_planner_node-4] Close to goal
[scan_planner_node-4] final_plan_success=0
[scan_planner_node-4] [FSM]: from REPLAN_TRAJ to REPLAN_TRAJ
[scan_planner_node-4] 
[scan_planner_node-4] [rebo replan]: -------------------------------------61
[scan_planner_node-4] start:    -6 0.966   0.4, -0.000283    0.0728 -2.02e-05
[scan_planner_node-4] goal: -6   1 0.4, 0 0 0
[scan_planner_node-4] Close to goal
[scan_planner_node-4] final_plan_success=0
[scan_planner_node-4] 
[scan_planner_node-4] [rebo replan]: -------------------------------------62
[scan_planner_node-4] start:    -6 0.966   0.4, -0.000283    0.0728 -2.02e-05
[scan_planner_node-4] goal: -6   1 0.4, 0 0 0
[scan_planner_node-4] Close to goal
[scan_planner_node-4] final_plan_success=0
[scan_planner_node-4] 
[scan_planner_node-4] [rebo replan]: -------------------------------------63
[scan_planner_node-4] start:    -6 0.966   0.4, -0.000283    0.0728 -2.02e-05
[scan_planner_node-4] goal: -6   1 0.4, 0 0 0
[scan_planner_node-4] Close to goal
[scan_planner_node-4] final_plan_success=0
[scan_planner_node-4] [FSM]: from REPLAN_TRAJ to REPLAN_TRAJ
[loop_path_publisher.py-9] [INFO] [1785997840.510867174] [loop_path_publisher]: Published shuttle route with 31 dense points, run 3
[terrain_path_visualizer-10] [INFO] [1785997840.513988451] [terrain_path_segmenter]: Segmented 31 path points into 2 sections
[scan_planner_node-4] 
[scan_planner_node-4] [rebo replan]: -------------------------------------64
[scan_planner_node-4] start:    -6 0.969   0.4, -0.000207    0.0531 -1.47e-05
[scan_planner_node-4] goal: -6   1 0.4, 0 0 0
[scan_planner_node-4] Close to goal
[scan_planner_node-4] final_plan_success=0
[scan_planner_node-4] 
[scan_planner_node-4] [rebo replan]: -------------------------------------65
[scan_planner_node-4] start:    -6 0.969   0.4, -0.000207    0.0531 -1.47e-05
[scan_planner_node-4] goal: -6   1 0.4, 0 0 0
[scan_planner_node-4] Close to goal
[scan_planner_node-4] final_plan_success=0
[scan_planner_node-4] 
[scan_planner_node-4] [rebo replan]: -------------------------------------66
[scan_planner_node-4] start:    -6 0.969   0.4, -0.000207    0.0531 -1.47e-05
[scan_planner_node-4] goal: -6   1 0.4, 0 0 0
[scan_planner_node-4] Close to goal
[scan_planner_node-4] final_plan_success=0
[scan_planner_node-4] [FSM]: from REPLAN_TRAJ to REPLAN_TRAJ
[scan_planner_node-4] [INFO] [1785997840.649238512] [scan_planner_node]: Reference path accepted
[scan_planner_node-4] 
[scan_planner_node-4] [rebo replan]: -------------------------------------67
[scan_planner_node-4] start:    -6 0.972   0.4, -7.14e-05    0.0183 -5.08e-06
[scan_planner_node-4] goal:  -6 4.53 1.28, 0 0 0
[scan_planner_node-4] [32miter(+1)=40,time(ms)=0.333,total_t(ms)=0.334,cost=0.052
[scan_planner_node-4] [0mfirst_optimize_step_success=1
[scan_planner_node-4] Need to reallocate time.
[scan_planner_node-4] total time:[42m0.000921[0m,optimize:0.000561,refine:0.000359
[scan_planner_node-4] final_plan_success=1
[scan_planner_node-4] [FSM]: from REPLAN_TRAJ to EXEC_TRAJ
[closed_loop_controller-6] [INFO] [1785997840.652128379] [closed_loop_controller]: Received trajectory 44, duration 8.242s
[scan_planner_node-4] [INFO] [1785997841.028349811] [scan_planner_node]: [GridMapDiag] cloud=32768 accepted=26937 invalid=5831 below_sensor=0 outside_update=0 sensor_z=0.700 cutoff_z=1.700
[scan_planner_node-4] [FSM]: state: EXEC_TRAJ
[scan_planner_node-4] [INFO] [1785997843.034293332] [scan_planner_node]: [GridMapDiag] cloud=32768 accepted=27004 invalid=5764 below_sensor=0 outside_update=0 sensor_z=0.853 cutoff_z=1.853
[scan_planner_node-4] [FSM]: from EXEC_TRAJ to REPLAN_TRAJ
[scan_planner_node-4] 
[scan_planner_node-4] [rebo replan]: -------------------------------------68
[scan_planner_node-4] start:    -6  1.97 0.584, 6.34e-05    0.552    0.154
[scan_planner_node-4] goal: -6   5 1.4, 0 0 0
[scan_planner_node-4] [32miter(+1)=26,time(ms)=0.089,total_t(ms)=0.089,cost=0.076
[scan_planner_node-4] [0mfirst_optimize_step_success=1
[scan_planner_node-4] Need to reallocate time.
[scan_planner_node-4] total time:[42m0.000363[0m,optimize:0.000198,refine:0.000164
[scan_planner_node-4] final_plan_success=1
[scan_planner_node-4] [FSM]: from REPLAN_TRAJ to EXEC_TRAJ
[closed_loop_controller-6] [INFO] [1785997843.673704213] [closed_loop_controller]: Received trajectory 45, duration 6.446s
[scan_planner_node-4] [INFO] [1785997845.080442816] [scan_planner_node]: [GridMapDiag] cloud=32768 accepted=25835 invalid=6933 below_sensor=0 outside_update=0 sensor_z=1.116 cutoff_z=2.116
[scan_planner_node-4] [FSM]: from EXEC_TRAJ to REPLAN_TRAJ
[scan_planner_node-4] 
[scan_planner_node-4] [rebo replan]: -------------------------------------69
[scan_planner_node-4] start:    -6  2.96 0.853, -0.000147     0.439     0.118
[scan_planner_node-4] goal: -6   5 1.4, 0 0 0
[scan_planner_node-4] [32miter(+1)=16,time(ms)=0.044,total_t(ms)=0.044,cost=0.069
[scan_planner_node-4] [0mfirst_optimize_step_success=1
[scan_planner_node-4] Need to reallocate time.
[scan_planner_node-4] total time:[42m0.000248[0m,optimize:0.000116,refine:0.000132
[scan_planner_node-4] final_plan_success=1
[scan_planner_node-4] [FSM]: from REPLAN_TRAJ to EXEC_TRAJ
[closed_loop_controller-6] [INFO] [1785997845.720068698] [closed_loop_controller]: Received trajectory 46, duration 4.204s
[scan_planner_node-4] [FSM]: state: EXEC_TRAJ
[scan_planner_node-4] [INFO] [1785997847.129128846] [scan_planner_node]: [GridMapDiag] cloud=32768 accepted=20365 invalid=12403 below_sensor=0 outside_update=0 sensor_z=1.372 cutoff_z=2.372
[scan_planner_node-4] [FSM]: from EXEC_TRAJ to REPLAN_TRAJ
[scan_planner_node-4] 
[scan_planner_node-4] [rebo replan]: -------------------------------------70
[scan_planner_node-4] start:   -6 3.99 1.11, -5.09e-05     0.672     0.125
[scan_planner_node-4] goal: -6   5 1.4, 0 0 0
[scan_planner_node-4] [32miter(+1)=12,time(ms)=0.025,total_t(ms)=0.025,cost=0.070
[scan_planner_node-4] [0mfirst_optimize_step_success=1
[scan_planner_node-4] Need to reallocate time.
[scan_planner_node-4] total time:[42m0.000163[0m,optimize:9.35e-05,refine:6.98e-05
[scan_planner_node-4] final_plan_success=1
[scan_planner_node-4] [FSM]: from REPLAN_TRAJ to EXEC_TRAJ
[closed_loop_controller-6] [INFO] [1785997847.583162813] [closed_loop_controller]: Received trajectory 47, duration 2.170s
[terrain_path_visualizer-10] [INFO] [1785997848.697451023] [terrain_path_segmenter]: Visualization advanced to segment 2/2
[scan_planner_node-4] [TRIG]: from EXEC_TRAJ to REPLAN_TRAJ
[scan_planner_node-4] [INFO] [1785997848.774257267] [scan_planner_node]: Reference path accepted
[scan_planner_node-4] 
[scan_planner_node-4] [rebo replan]: -------------------------------------71
[scan_planner_node-4] start:   -6 4.79 1.29, -5.8e-05    0.504    0.129
[scan_planner_node-4] goal: -6   7 1.4, 0 0 0
[scan_planner_node-4] [32miter(+1)=7,time(ms)=0.035,total_t(ms)=0.035,cost=0.052
[scan_planner_node-4] [0mfirst_optimize_step_success=1
[scan_planner_node-4] Need to reallocate time.
[scan_planner_node-4] total time:[42m0.0003[0m,optimize:0.000159,refine:0.000142
[scan_planner_node-4] final_plan_success=1
[scan_planner_node-4] [FSM]: from REPLAN_TRAJ to EXEC_TRAJ
[closed_loop_controller-6] [INFO] [1785997848.775651709] [closed_loop_controller]: Received trajectory 48, duration 4.821s
[scan_planner_node-4] [INFO] [1785997849.177815346] [scan_planner_node]: [GridMapDiag] cloud=32768 accepted=15751 invalid=17017 below_sensor=0 outside_update=0 sensor_z=1.686 cutoff_z=2.686
[scan_planner_node-4] [FSM]: state: EXEC_TRAJ
[scan_planner_node-4] [FSM]: from EXEC_TRAJ to REPLAN_TRAJ
[scan_planner_node-4] 
[scan_planner_node-4] [rebo replan]: -------------------------------------72
[scan_planner_node-4] start:   -6 5.82 1.34, 1.8e-06   0.625  0.0289
[scan_planner_node-4] goal: -6   7 1.4, 0 0 0
[scan_planner_node-4] [32miter(+1)=12,time(ms)=0.023,total_t(ms)=0.023,cost=0.140
[scan_planner_node-4] [0mfirst_optimize_step_success=1
[scan_planner_node-4] Need to reallocate time.
[scan_planner_node-4] total time:[42m0.000138[0m,optimize:7.65e-05,refine:6.16e-05
[scan_planner_node-4] final_plan_success=1
[scan_planner_node-4] [FSM]: from REPLAN_TRAJ to EXEC_TRAJ
[closed_loop_controller-6] [INFO] [1785997850.995571333] [closed_loop_controller]: Received trajectory 49, duration 2.303s
[scan_planner_node-4] [INFO] [1785997851.180688637] [scan_planner_node]: [GridMapDiag] cloud=32768 accepted=15383 invalid=17385 below_sensor=0 outside_update=0 sensor_z=1.700 cutoff_z=2.700
[scan_planner_node-4] [FSM]: from EXEC_TRAJ to REPLAN_TRAJ
[scan_planner_node-4] 
[scan_planner_node-4] [rebo replan]: -------------------------------------73
[scan_planner_node-4] start:   -6 6.85 1.38, -1.02e-05     0.361    0.0357
[scan_planner_node-4] goal: -6   7 1.4, 0 0 0
[scan_planner_node-4] Close to goal
[scan_planner_node-4] final_plan_success=0
[scan_planner_node-4] 
[scan_planner_node-4] [rebo replan]: -------------------------------------74
[scan_planner_node-4] start:   -6 6.85 1.38, -1.02e-05     0.361    0.0357
[scan_planner_node-4] goal: -6   7 1.4, 0 0 0
[scan_planner_node-4] Close to goal
[scan_planner_node-4] final_plan_success=0
[scan_planner_node-4] 
[scan_planner_node-4] [rebo replan]: -------------------------------------75
[scan_planner_node-4] start:   -6 6.85 1.38, -1.02e-05     0.361    0.0357
[scan_planner_node-4] goal: -6   7 1.4, 0 0 0
[scan_planner_node-4] Close to goal
[scan_planner_node-4] final_plan_success=0
[scan_planner_node-4] [FSM]: from REPLAN_TRAJ to REPLAN_TRAJ
[scan_planner_node-4] 
[scan_planner_node-4] [rebo replan]: -------------------------------------76
[scan_planner_node-4] start:   -6 6.87 1.38, -9.08e-06     0.316    0.0397
[scan_planner_node-4] goal: -6   7 1.4, 0 0 0
[scan_planner_node-4] Close to goal
[scan_planner_node-4] final_plan_success=0
[scan_planner_node-4] 
[scan_planner_node-4] [rebo replan]: -------------------------------------77
[scan_planner_node-4] start:   -6 6.87 1.38, -9.08e-06     0.316    0.0397
[scan_planner_node-4] goal: -6   7 1.4, 0 0 0
[scan_planner_node-4] Close to goal
[scan_planner_node-4] final_plan_success=0
[scan_planner_node-4] 
[scan_planner_node-4] [rebo replan]: -------------------------------------78
[scan_planner_node-4] start:   -6 6.87 1.38, -9.08e-06     0.316    0.0397
[scan_planner_node-4] goal: -6   7 1.4, 0 0 0
[scan_planner_node-4] Close to goal
[scan_planner_node-4] final_plan_success=0
[scan_planner_node-4] [FSM]: from REPLAN_TRAJ to REPLAN_TRAJ
[scan_planner_node-4] 
[scan_planner_node-4] [rebo replan]: -------------------------------------79
[scan_planner_node-4] start:   -6 6.88 1.39, -8.37e-06     0.288    0.0408
[scan_planner_node-4] goal: -6   7 1.4, 0 0 0
[scan_planner_node-4] Close to goal
[scan_planner_node-4] final_plan_success=0
[scan_planner_node-4] 
[scan_planner_node-4] [rebo replan]: -------------------------------------80
[scan_planner_node-4] start:   -6 6.88 1.39, -8.37e-06     0.288    0.0408
[scan_planner_node-4] goal: -6   7 1.4, 0 0 0
[scan_planner_node-4] Close to goal
[scan_planner_node-4] final_plan_success=0
[scan_planner_node-4] 
[scan_planner_node-4] [rebo replan]: -------------------------------------81
[scan_planner_node-4] start:   -6 6.88 1.39, -8.37e-06     0.288    0.0408
[scan_planner_node-4] goal: -6   7 1.4, 0 0 0
[scan_planner_node-4] Close to goal
[scan_planner_node-4] final_plan_success=0
[scan_planner_node-4] [FSM]: from REPLAN_TRAJ to REPLAN_TRAJ
[scan_planner_node-4] 
[scan_planner_node-4] [rebo replan]: -------------------------------------82
[scan_planner_node-4] start:   -6  6.9 1.39, -7.6e-06     0.26   0.0407
[scan_planner_node-4] goal: -6   7 1.4, 0 0 0
[scan_planner_node-4] Close to goal
[scan_planner_node-4] final_plan_success=0
[scan_planner_node-4] 
[scan_planner_node-4] [rebo replan]: -------------------------------------83
[scan_planner_node-4] start:   -6  6.9 1.39, -7.6e-06     0.26   0.0407
[scan_planner_node-4] goal: -6   7 1.4, 0 0 0
[scan_planner_node-4] Close to goal
[scan_planner_node-4] final_plan_success=0
[scan_planner_node-4] 
[scan_planner_node-4] [rebo replan]: -------------------------------------84
[scan_planner_node-4] start:   -6  6.9 1.39, -7.6e-06     0.26   0.0407
[scan_planner_node-4] goal: -6   7 1.4, 0 0 0
[scan_planner_node-4] Close to goal
[scan_planner_node-4] final_plan_success=0
[scan_planner_node-4] [FSM]: from REPLAN_TRAJ to REPLAN_TRAJ
[scan_planner_node-4] 
[scan_planner_node-4] [rebo replan]: -------------------------------------85
[scan_planner_node-4] start:   -6 6.91 1.39, -6.39e-06     0.216    0.0383
[scan_planner_node-4] goal: -6   7 1.4, 0 0 0
[scan_planner_node-4] Close to goal
[scan_planner_node-4] final_plan_success=0
[scan_planner_node-4] 
[scan_planner_node-4] [rebo replan]: -------------------------------------86
[scan_planner_node-4] start:   -6 6.91 1.39, -6.39e-06     0.216    0.0383
[scan_planner_node-4] goal: -6   7 1.4, 0 0 0
[scan_planner_node-4] Close to goal
[scan_planner_node-4] final_plan_success=0
[scan_planner_node-4] 
[scan_planner_node-4] [rebo replan]: -------------------------------------87
[scan_planner_node-4] start:   -6 6.91 1.39, -6.39e-06     0.216    0.0383
[scan_planner_node-4] goal: -6   7 1.4, 0 0 0
[scan_planner_node-4] Close to goal
[scan_planner_node-4] final_plan_success=0
[scan_planner_node-4] [FSM]: from REPLAN_TRAJ to REPLAN_TRAJ
[scan_planner_node-4] 
[scan_planner_node-4] [rebo replan]: -------------------------------------88
[scan_planner_node-4] start:   -6 6.92 1.39, -5.09e-06      0.17     0.033
[scan_planner_node-4] goal: -6   7 1.4, 0 0 0
[scan_planner_node-4] Close to goal
[scan_planner_node-4] final_plan_success=0
[scan_planner_node-4] 
[scan_planner_node-4] [rebo replan]: -------------------------------------89
[scan_planner_node-4] start:   -6 6.92 1.39, -5.09e-06      0.17     0.033
[scan_planner_node-4] goal: -6   7 1.4, 0 0 0
[scan_planner_node-4] Close to goal
[scan_planner_node-4] final_plan_success=0
[scan_planner_node-4] 
[scan_planner_node-4] [rebo replan]: -------------------------------------90
[scan_planner_node-4] start:   -6 6.92 1.39, -5.09e-06      0.17     0.033
[scan_planner_node-4] goal: -6   7 1.4, 0 0 0
[scan_planner_node-4] Close to goal
[scan_planner_node-4] final_plan_success=0
[scan_planner_node-4] [FSM]: from REPLAN_TRAJ to REPLAN_TRAJ
[scan_planner_node-4] 
[scan_planner_node-4] [rebo replan]: -------------------------------------91
[scan_planner_node-4] start:   -6 6.93 1.39, -4.2e-06     0.14   0.0278
[scan_planner_node-4] goal: -6   7 1.4, 0 0 0
[scan_planner_node-4] Close to goal
[scan_planner_node-4] final_plan_success=0
[scan_planner_node-4] 
[scan_planner_node-4] [rebo replan]: -------------------------------------92
[scan_planner_node-4] start:   -6 6.93 1.39, -4.2e-06     0.14   0.0278
[scan_planner_node-4] goal: -6   7 1.4, 0 0 0
[scan_planner_node-4] Close to goal
[scan_planner_node-4] final_plan_success=0
[scan_planner_node-4] 
[scan_planner_node-4] [rebo replan]: -------------------------------------93
[scan_planner_node-4] start:   -6 6.93 1.39, -4.2e-06     0.14   0.0278
[scan_planner_node-4] goal: -6   7 1.4, 0 0 0
[scan_planner_node-4] Close to goal
[scan_planner_node-4] final_plan_success=0
[scan_planner_node-4] [FSM]: from REPLAN_TRAJ to REPLAN_TRAJ
[loop_path_publisher.py-9] [INFO] [1785997852.927463283] [loop_path_publisher]: Published shuttle route with 193 dense points, run 4
[terrain_path_visualizer-10] [INFO] [1785997852.945418537] [terrain_path_segmenter]: Segmented 193 path points into 3 sections
[scan_planner_node-4] 
[scan_planner_node-4] [rebo replan]: -------------------------------------94
[scan_planner_node-4] start:   -6 6.94 1.39, -3.28e-06     0.109    0.0218
[scan_planner_node-4] goal: -6   7 1.4, 0 0 0
[scan_planner_node-4] Close to goal
[scan_planner_node-4] final_plan_success=0
[scan_planner_node-4] 
[scan_planner_node-4] [rebo replan]: -------------------------------------95
[scan_planner_node-4] start:   -6 6.94 1.39, -3.28e-06     0.109    0.0218
[scan_planner_node-4] goal: -6   7 1.4, 0 0 0
[scan_planner_node-4] Close to goal
[scan_planner_node-4] final_plan_success=0
[scan_planner_node-4] 
[scan_planner_node-4] [rebo replan]: -------------------------------------96
[scan_planner_node-4] start:   -6 6.94 1.39, -3.28e-06     0.109    0.0218
[scan_planner_node-4] goal: -6   7 1.4, 0 0 0
[scan_planner_node-4] Close to goal
[scan_planner_node-4] final_plan_success=0
[scan_planner_node-4] [FSM]: from REPLAN_TRAJ to REPLAN_TRAJ
[scan_planner_node-4] [INFO] [1785997853.417119469] [scan_planner_node]: Reference path accepted
[scan_planner_node-4] [INFO] [1785997853.417993004] [scan_planner_node]: [GridMapDiag] cloud=32768 accepted=15255 invalid=17513 below_sensor=0 outside_update=0 sensor_z=1.700 cutoff_z=2.700
[scan_planner_node-4] 
[scan_planner_node-4] [rebo replan]: -------------------------------------97
[scan_planner_node-4] start:   -6 6.95  1.4, -3.18e-08  0.000873  0.000148
[scan_planner_node-4] goal:-2.35     7   1.4,      0.75 -1.31e-16         0
[scan_planner_node-4] [32miter(+1)=6,time(ms)=0.057,total_t(ms)=0.057,cost=0.033
[scan_planner_node-4] [0mfirst_optimize_step_success=1
[scan_planner_node-4] total time:[42m0.000346[0m,optimize:0.000265,refine:8.06e-05
[scan_planner_node-4] final_plan_success=1
[scan_planner_node-4] [FSM]: from REPLAN_TRAJ to EXEC_TRAJ
[closed_loop_controller-6] [INFO] [1785997853.419267426] [closed_loop_controller]: Received trajectory 50, duration 6.080s
[scan_planner_node-4] [INFO] [1785997855.485168574] [scan_planner_node]: [GridMapDiag] cloud=32768 accepted=15251 invalid=17517 below_sensor=0 outside_update=0 sensor_z=1.700 cutoff_z=2.700
[scan_planner_node-4] [FSM]: state: EXEC_TRAJ
[scan_planner_node-4] [INFO] [1785997857.496007223] [scan_planner_node]: [GridMapDiag] cloud=32768 accepted=15894 invalid=16874 below_sensor=0 outside_update=0 sensor_z=1.700 cutoff_z=2.700
[scan_planner_node-4] [FSM]: from EXEC_TRAJ to REPLAN_TRAJ
[scan_planner_node-4] 
[scan_planner_node-4] [rebo replan]: -------------------------------------98
[scan_planner_node-4] start: -4.92  6.97   1.4,    0.785   0.0148 0.000605
[scan_planner_node-4] goal:-1.47     7   1.4,     0.75 7.97e-16        0
[scan_planner_node-4] [32miter(+1)=8,time(ms)=0.029,total_t(ms)=0.030,cost=0.008
[scan_planner_node-4] [0mfirst_optimize_step_success=1
[scan_planner_node-4] total time:[42m0.000215[0m,optimize:0.000175,refine:4e-05
[scan_planner_node-4] final_plan_success=1
[scan_planner_node-4] [FSM]: from REPLAN_TRAJ to EXEC_TRAJ
[closed_loop_controller-6] [INFO] [1785997858.095226560] [closed_loop_controller]: Received trajectory 51, duration 5.440s
[scan_planner_node-4] [INFO] [1785997859.645817548] [scan_planner_node]: [GridMapDiag] cloud=32768 accepted=17931 invalid=14837 below_sensor=0 outside_update=0 sensor_z=1.700 cutoff_z=2.700
[scan_planner_node-4] [FSM]: from EXEC_TRAJ to REPLAN_TRAJ
[scan_planner_node-4] 
[scan_planner_node-4] [rebo replan]: -------------------------------------99
[scan_planner_node-4] start: -3.88  6.99   1.4,    0.641  0.00872 0.000354
[scan_planner_node-4] goal:-0.25     7   1.4,     0.75 5.24e-13        0
[scan_planner_node-4] [32miter(+1)=4,time(ms)=0.035,total_t(ms)=0.036,cost=0.004
[scan_planner_node-4] [0mfirst_optimize_step_success=1
[scan_planner_node-4] total time:[42m0.000383[0m,optimize:0.000286,refine:9.63e-05
[scan_planner_node-4] final_plan_success=1
[scan_planner_node-4] [FSM]: from REPLAN_TRAJ to EXEC_TRAJ
[closed_loop_controller-6] [INFO] [1785997859.779054416] [closed_loop_controller]: Received trajectory 52, duration 5.760s
[scan_planner_node-4] [FSM]: state: EXEC_TRAJ
[scan_planner_node-4] [FSM]: from EXEC_TRAJ to REPLAN_TRAJ
[scan_planner_node-4] 
[scan_planner_node-4] [rebo replan]: -------------------------------------100
[scan_planner_node-4] start: -2.83     7   1.4,    0.624  0.00108 0.000234
[scan_planner_node-4] goal:0.625     7   1.4,    0.75 4.2e-11       0
[scan_planner_node-4] [32miter(+1)=3,time(ms)=0.024,total_t(ms)=0.025,cost=0.002
[scan_planner_node-4] [0mfirst_optimize_step_success=1
[scan_planner_node-4] total time:[42m0.000249[0m,optimize:0.000197,refine:5.2e-05
[scan_planner_node-4] final_plan_success=1
[scan_planner_node-4] [FSM]: from REPLAN_TRAJ to EXEC_TRAJ
[closed_loop_controller-6] [INFO] [1785997861.461722207] [closed_loop_controller]: Received trajectory 53, duration 5.440s
[scan_planner_node-4] [INFO] [1785997861.684220758] [scan_planner_node]: [GridMapDiag] cloud=32768 accepted=20111 invalid=12657 below_sensor=0 outside_update=0 sensor_z=1.700 cutoff_z=2.700
[scan_planner_node-4] [FSM]: from EXEC_TRAJ to REPLAN_TRAJ
[scan_planner_node-4] 
[scan_planner_node-4] [rebo replan]: -------------------------------------101
[scan_planner_node-4] start: -1.77     7   1.4,    0.625 0.000253 0.000174
[scan_planner_node-4] goal:1.85    7  1.4,     0.75 6.37e-09        0
[scan_planner_node-4] [32miter(+1)=4,time(ms)=0.015,total_t(ms)=0.016,cost=0.004
[scan_planner_node-4] [0mfirst_optimize_step_success=1
[scan_planner_node-4] total time:[42m0.000194[0m,optimize:0.000151,refine:4.23e-05
[scan_planner_node-4] final_plan_success=1
[scan_planner_node-4] [FSM]: from REPLAN_TRAJ to EXEC_TRAJ
[closed_loop_controller-6] [INFO] [1785997863.152579550] [closed_loop_controller]: Received trajectory 54, duration 5.760s
[scan_planner_node-4] [INFO] [1785997863.801024909] [scan_planner_node]: [GridMapDiag] cloud=32768 accepted=20857 invalid=11911 below_sensor=0 outside_update=0 sensor_z=1.700 cutoff_z=2.700
[scan_planner_node-4] [FSM]: from EXEC_TRAJ to REPLAN_TRAJ
[scan_planner_node-4] 
[scan_planner_node-4] [rebo replan]: -------------------------------------102
[scan_planner_node-4] start: -0.735      7    1.4,    0.625 0.000152 0.000116
[scan_planner_node-4] goal:2.73    7  1.4,      0.75 -3.86e-08         0
[scan_planner_node-4] [32miter(+1)=4,time(ms)=0.017,total_t(ms)=0.017,cost=0.001
[scan_planner_node-4] [0mfirst_optimize_step_success=1
[scan_planner_node-4] total time:[42m0.000192[0m,optimize:0.000151,refine:4.04e-05
[scan_planner_node-4] final_plan_success=1
[scan_planner_node-4] [FSM]: from REPLAN_TRAJ to EXEC_TRAJ
[closed_loop_controller-6] [INFO] [1785997864.805950805] [closed_loop_controller]: Received trajectory 55, duration 5.440s
[scan_planner_node-4] [INFO] [1785997865.906135999] [scan_planner_node]: [GridMapDiag] cloud=32768 accepted=21000 invalid=11768 below_sensor=0 outside_update=0 sensor_z=1.700 cutoff_z=2.700
[scan_planner_node-4] [FSM]: state: EXEC_TRAJ
[scan_planner_node-4] [FSM]: from EXEC_TRAJ to REPLAN_TRAJ
[scan_planner_node-4] 
[scan_planner_node-4] [rebo replan]: -------------------------------------103
[scan_planner_node-4] start: 0.3   7 1.4,    0.625 1.62e-05 8.63e-05
[scan_planner_node-4] goal:3.95    7  1.4,      0.75 -2.54e-05         0
[scan_planner_node-4] [32miter(+1)=3,time(ms)=0.016,total_t(ms)=0.016,cost=0.002
[scan_planner_node-4] [0mfirst_optimize_step_success=1
[scan_planner_node-4] total time:[42m0.000209[0m,optimize:0.000165,refine:4.4e-05
[scan_planner_node-4] final_plan_success=1
[scan_planner_node-4] [FSM]: from REPLAN_TRAJ to EXEC_TRAJ
[closed_loop_controller-6] [INFO] [1785997866.462301891] [closed_loop_controller]: Received trajectory 56, duration 5.760s
[scan_planner_node-4] [INFO] [1785997867.988385944] [scan_planner_node]: [GridMapDiag] cloud=32768 accepted=20900 invalid=11868 below_sensor=0 outside_update=0 sensor_z=1.700 cutoff_z=2.700
[scan_planner_node-4] [FSM]: from EXEC_TRAJ to REPLAN_TRAJ
[scan_planner_node-4] 
[scan_planner_node-4] [rebo replan]: -------------------------------------104
[scan_planner_node-4] start: 1.34    7  1.4,    0.625 8.94e-06 5.74e-05
[scan_planner_node-4] goal:  5   7 1.4,    0.75 0.00411       0
[scan_planner_node-4] [32miter(+1)=4,time(ms)=0.028,total_t(ms)=0.028,cost=0.001
[scan_planner_node-4] [0mfirst_optimize_step_success=1
[scan_planner_node-4] total time:[42m0.000346[0m,optimize:0.000271,refine:7.43e-05
[scan_planner_node-4] final_plan_success=1
[scan_planner_node-4] [FSM]: from REPLAN_TRAJ to EXEC_TRAJ
[closed_loop_controller-6] [INFO] [1785997868.123827320] [closed_loop_controller]: Received trajectory 57, duration 5.760s
[scan_planner_node-4] [FSM]: from EXEC_TRAJ to REPLAN_TRAJ
[scan_planner_node-4] 
[scan_planner_node-4] [rebo replan]: -------------------------------------105
[scan_planner_node-4] start: 2.37    7  1.4,    0.625 1.99e-06 4.09e-05
[scan_planner_node-4] goal:5.89 7.01  1.4, 0.743 0.103     0
[scan_planner_node-4] [32miter(+1)=8,time(ms)=0.031,total_t(ms)=0.032,cost=0.006
[scan_planner_node-4] [0mfirst_optimize_step_success=1
[scan_planner_node-4] total time:[42m0.000249[0m,optimize:0.000194,refine:5.46e-05
[scan_planner_node-4] final_plan_success=1
[scan_planner_node-4] [FSM]: from REPLAN_TRAJ to EXEC_TRAJ
[closed_loop_controller-6] [INFO] [1785997869.772753027] [closed_loop_controller]: Received trajectory 58, duration 5.760s
[scan_planner_node-4] [INFO] [1785997870.071378444] [scan_planner_node]: [GridMapDiag] cloud=32768 accepted=20414 invalid=12354 below_sensor=0 outside_update=0 sensor_z=1.700 cutoff_z=2.700
[scan_planner_node-4] [FSM]: state: EXEC_TRAJ
[scan_planner_node-4] [FSM]: from EXEC_TRAJ to REPLAN_TRAJ
[scan_planner_node-4] 
[scan_planner_node-4] [rebo replan]: -------------------------------------106
[scan_planner_node-4] start: 3.41    7  1.4,     0.625 -0.000152  3.05e-05
[scan_planner_node-4] goal:  6 5.9 1.4, 0.000709   -0.749        0
[scan_planner_node-4] [32miter(+1)=14,time(ms)=0.062,total_t(ms)=0.062,cost=0.013
[scan_planner_node-4] [0mfirst_optimize_step_success=1
[scan_planner_node-4] total time:[42m0.000257[0m,optimize:0.000207,refine:4.99e-05
[scan_planner_node-4] final_plan_success=1
[scan_planner_node-4] [FSM]: from REPLAN_TRAJ to EXEC_TRAJ
[closed_loop_controller-6] [INFO] [1785997871.438817321] [closed_loop_controller]: Received trajectory 59, duration 6.400s
[scan_planner_node-4] [INFO] [1785997872.123203566] [scan_planner_node]: [GridMapDiag] cloud=32768 accepted=18686 invalid=14082 below_sensor=0 outside_update=0 sensor_z=1.700 cutoff_z=2.700
[scan_planner_node-4] [FSM]: from EXEC_TRAJ to REPLAN_TRAJ
[scan_planner_node-4] 
[scan_planner_node-4] [rebo replan]: -------------------------------------107
[scan_planner_node-4] start: 4.48    7  1.4,    0.638   0.0107 1.91e-05
[scan_planner_node-4] goal:  6   5 1.4, 0 0 0
[scan_planner_node-4] [32miter(+1)=25,time(ms)=0.115,total_t(ms)=0.115,cost=0.031
[scan_planner_node-4] [0mfirst_optimize_step_success=1
[scan_planner_node-4] Need to reallocate time.
[scan_planner_node-4] total time:[42m0.000464[0m,optimize:0.000243,refine:0.000221
[scan_planner_node-4] final_plan_success=1
[scan_planner_node-4] [FSM]: from REPLAN_TRAJ to EXEC_TRAJ
[closed_loop_controller-6] [INFO] [1785997873.146010749] [closed_loop_controller]: Received trajectory 60, duration 7.297s
[scan_planner_node-4] [INFO] [1785997874.196754569] [scan_planner_node]: [GridMapDiag] cloud=32768 accepted=16242 invalid=16526 below_sensor=0 outside_update=0 sensor_z=1.700 cutoff_z=2.700
[scan_planner_node-4] [FSM]: from EXEC_TRAJ to REPLAN_TRAJ
[scan_planner_node-4] 
[scan_planner_node-4] [rebo replan]: -------------------------------------108
[scan_planner_node-4] start: 5.53 7.02  1.4,    0.484  -0.0132 1.23e-05
[scan_planner_node-4] goal:  6   5 1.4, 0 0 0
[scan_planner_node-4] [32miter(+1)=24,time(ms)=0.102,total_t(ms)=0.103,cost=0.035
[scan_planner_node-4] [0mfirst_optimize_step_success=1
[scan_planner_node-4] Need to reallocate time.
[scan_planner_node-4] total time:[42m0.00037[0m,optimize:0.000212,refine:0.000158
[scan_planner_node-4] final_plan_success=1
[scan_planner_node-4] [FSM]: from REPLAN_TRAJ to EXEC_TRAJ
[closed_loop_controller-6] [INFO] [1785997874.971646168] [closed_loop_controller]: Received trajectory 61, duration 4.886s
[scan_planner_node-4] [FSM]: state: EXEC_TRAJ
[scan_planner_node-4] [INFO] [1785997876.313784272] [scan_planner_node]: [GridMapDiag] cloud=32768 accepted=15236 invalid=17532 below_sensor=0 outside_update=0 sensor_z=1.700 cutoff_z=2.700
[scan_planner_node-4] [FSM]: from EXEC_TRAJ to REPLAN_TRAJ
[scan_planner_node-4] 
[scan_planner_node-4] [rebo replan]: -------------------------------------109
[scan_planner_node-4] start: 6.11 6.15  1.4,  -0.0375   -0.712 1.31e-05
[scan_planner_node-4] goal:  6   5 1.4, 0 0 0
[scan_planner_node-4] [32miter(+1)=10,time(ms)=0.024,total_t(ms)=0.024,cost=0.104
[scan_planner_node-4] [0mfirst_optimize_step_success=1
[scan_planner_node-4] Need to reallocate time.
[scan_planner_node-4] total time:[42m0.000159[0m,optimize:8.52e-05,refine:7.42e-05
[scan_planner_node-4] final_plan_success=1
[scan_planner_node-4] [FSM]: from REPLAN_TRAJ to EXEC_TRAJ
[closed_loop_controller-6] [INFO] [1785997877.320276411] [closed_loop_controller]: Received trajectory 62, duration 2.259s
[scan_planner_node-4] [INFO] [1785997878.338885519] [scan_planner_node]: [GridMapDiag] cloud=32768 accepted=15151 invalid=17617 below_sensor=0 outside_update=0 sensor_z=1.700 cutoff_z=2.700
[terrain_path_visualizer-10] [INFO] [1785997878.677959281] [terrain_path_segmenter]: Visualization advanced to segment 2/3
[scan_planner_node-4] [TRIG]: from EXEC_TRAJ to REPLAN_TRAJ
[scan_planner_node-4] [INFO] [1785997878.742167227] [scan_planner_node]: Reference path accepted
[scan_planner_node-4] 
[scan_planner_node-4] [rebo replan]: -------------------------------------110
[scan_planner_node-4] start: 6.01 5.19  1.4,  -0.0437   -0.433 1.33e-05
[scan_planner_node-4] goal:  6   3 0.4, 0 0 0
[scan_planner_node-4] [32miter(+1)=4,time(ms)=0.020,total_t(ms)=0.021,cost=0.094
[scan_planner_node-4] [0mfirst_optimize_step_success=1
[scan_planner_node-4] Need to reallocate time.
[scan_planner_node-4] total time:[42m0.000294[0m,optimize:0.000147,refine:0.000147
[scan_planner_node-4] final_plan_success=1
[scan_planner_node-4] [FSM]: from REPLAN_TRAJ to EXEC_TRAJ
[closed_loop_controller-6] [INFO] [1785997878.742757054] [closed_loop_controller]: Received trajectory 63, duration 5.676s
[scan_planner_node-4] [INFO] [1785997880.396746459] [scan_planner_node]: [GridMapDiag] cloud=32768 accepted=17307 invalid=15461 below_sensor=0 outside_update=0 sensor_z=1.575 cutoff_z=2.575
[scan_planner_node-4] [FSM]: state: EXEC_TRAJ
[scan_planner_node-4] [FSM]: from EXEC_TRAJ to REPLAN_TRAJ
[scan_planner_node-4] 
[scan_planner_node-4] [rebo replan]: -------------------------------------111
[scan_planner_node-4] start:     6  4.24 0.965, 0.00312  -0.535  -0.248
[scan_planner_node-4] goal:  6   3 0.4, 0 0 0
[scan_planner_node-4] [32miter(+1)=15,time(ms)=0.033,total_t(ms)=0.033,cost=0.285
[scan_planner_node-4] [0mfirst_optimize_step_success=1
[scan_planner_node-4] Need to reallocate time.
[scan_planner_node-4] total time:[42m0.000172[0m,optimize:9.81e-05,refine:7.38e-05
[scan_planner_node-4] final_plan_success=1
[scan_planner_node-4] [FSM]: from REPLAN_TRAJ to EXEC_TRAJ
[closed_loop_controller-6] [INFO] [1785997881.306409158] [closed_loop_controller]: Received trajectory 64, duration 2.933s
[scan_planner_node-4] [INFO] [1785997882.495172882] [scan_planner_node]: [GridMapDiag] cloud=32768 accepted=26238 invalid=6530 below_sensor=0 outside_update=0 sensor_z=0.988 cutoff_z=1.988
[scan_planner_node-4] [FSM]: from EXEC_TRAJ to REPLAN_TRAJ
[scan_planner_node-4] 
[scan_planner_node-4] [rebo replan]: -------------------------------------112
[scan_planner_node-4] start:     6  3.26 0.629, -0.00031   -0.432   -0.108
[scan_planner_node-4] goal:  6   3 0.4, 0 0 0
[scan_planner_node-4] [32miter(+1)=9,time(ms)=0.024,total_t(ms)=0.025,cost=0.031
[scan_planner_node-4] [0mfirst_optimize_step_success=1
[scan_planner_node-4] total time:[42m9.54e-05[0m,optimize:7.57e-05,refine:1.98e-05
[scan_planner_node-4] final_plan_success=1
[scan_planner_node-4] [FSM]: from REPLAN_TRAJ to EXEC_TRAJ
[closed_loop_controller-6] [INFO] [1785997883.065598020] [closed_loop_controller]: Received trajectory 65, duration 1.920s
[terrain_path_visualizer-10] [INFO] [1785997883.077616150] [terrain_path_segmenter]: Visualization advanced to segment 3/3
[scan_planner_node-4] [TRIG]: from EXEC_TRAJ to REPLAN_TRAJ
[scan_planner_node-4] [INFO] [1785997884.018643579] [scan_planner_node]: Reference path accepted
[scan_planner_node-4] 
[scan_planner_node-4] [rebo replan]: -------------------------------------113
[scan_planner_node-4] start:     6  3.04 0.499, -4.66e-05   -0.0978   -0.0731
[scan_planner_node-4] goal:    6 -0.65   0.4, -1.25e-05     -0.75         0
[scan_planner_node-4] [32miter(+1)=25,time(ms)=0.119,total_t(ms)=0.119,cost=0.013
[scan_planner_node-4] [0mfirst_optimize_step_success=1
[scan_planner_node-4] total time:[42m0.000358[0m,optimize:0.000289,refine:6.92e-05
[scan_planner_node-4] final_plan_success=1
[scan_planner_node-4] [FSM]: from REPLAN_TRAJ to EXEC_TRAJ
[closed_loop_controller-6] [INFO] [1785997884.019377221] [closed_loop_controller]: Received trajectory 66, duration 6.400s
[scan_planner_node-4] [INFO] [1785997884.546608921] [scan_planner_node]: [GridMapDiag] cloud=32768 accepted=27633 invalid=5135 below_sensor=0 outside_update=0 sensor_z=0.708 cutoff_z=1.708
[scan_planner_node-4] [INFO] [1785997886.631247076] [scan_planner_node]: [GridMapDiag] cloud=32768 accepted=26693 invalid=6075 below_sensor=0 outside_update=0 sensor_z=0.700 cutoff_z=1.700
[scan_planner_node-4] [FSM]: state: EXEC_TRAJ
[scan_planner_node-4] [FSM]: from EXEC_TRAJ to REPLAN_TRAJ
[scan_planner_node-4] 
[scan_planner_node-4] [rebo replan]: -------------------------------------114
[scan_planner_node-4] start:     6  1.99 0.476, 0.000295   -0.768  -0.0188
[scan_planner_node-4] goal:   6 -1.7  0.4, 0.000305    -0.75        0
[scan_planner_node-4] [32miter(+1)=6,time(ms)=0.023,total_t(ms)=0.024,cost=0.007
[scan_planner_node-4] [0mfirst_optimize_step_success=1
[scan_planner_node-4] total time:[42m0.000203[0m,optimize:0.000151,refine:5.12e-05
[scan_planner_node-4] final_plan_success=1
[scan_planner_node-4] [FSM]: from REPLAN_TRAJ to EXEC_TRAJ
[closed_loop_controller-6] [INFO] [1785997886.980060246] [closed_loop_controller]: Received trajectory 67, duration 5.760s
[scan_planner_node-4] [FSM]: from EXEC_TRAJ to REPLAN_TRAJ
[scan_planner_node-4] 
[scan_planner_node-4] [rebo replan]: -------------------------------------115
[scan_planner_node-4] start:     6 0.995 0.456, 0.000632   -0.634   -0.013
[scan_planner_node-4] goal:    6 -2.58   0.4, -0.0381  -0.712       0
[scan_planner_node-4] [32miter(+1)=6,time(ms)=0.028,total_t(ms)=0.029,cost=0.004
[scan_planner_node-4] [0mfirst_optimize_step_success=1
[scan_planner_node-4] total time:[42m0.000282[0m,optimize:0.000224,refine:5.8e-05
[scan_planner_node-4] final_plan_success=1
[scan_planner_node-4] [FSM]: from REPLAN_TRAJ to EXEC_TRAJ
[closed_loop_controller-6] [INFO] [1785997888.574444044] [closed_loop_controller]: Received trajectory 68, duration 5.760s
[scan_planner_node-4] [INFO] [1785997888.782185470] [scan_planner_node]: [GridMapDiag] cloud=32768 accepted=25586 invalid=7182 below_sensor=0 outside_update=0 sensor_z=0.700 cutoff_z=1.700
[scan_planner_node-4] [FSM]: from EXEC_TRAJ to REPLAN_TRAJ
[scan_planner_node-4] 
[scan_planner_node-4] [rebo replan]: -------------------------------------116
[scan_planner_node-4] start:       6 -0.0407   0.439, 0.000225   -0.625 -0.00974
[scan_planner_node-4] goal:5.2  -3 0.4,    -0.74 -0.00959        0
[scan_planner_node-4] [32miter(+1)=15,time(ms)=0.064,total_t(ms)=0.065,cost=0.005
[scan_planner_node-4] [0mfirst_optimize_step_success=1
[scan_planner_node-4] total time:[42m0.000242[0m,optimize:0.000197,refine:4.46e-05
[scan_planner_node-4] final_plan_success=1
[scan_planner_node-4] [FSM]: from REPLAN_TRAJ to EXEC_TRAJ
[closed_loop_controller-6] [INFO] [1785997890.231653199] [closed_loop_controller]: Received trajectory 69, duration 6.080s
[scan_planner_node-4] [INFO] [1785997890.873717088] [scan_planner_node]: [GridMapDiag] cloud=32768 accepted=25047 invalid=7721 below_sensor=0 outside_update=0 sensor_z=0.700 cutoff_z=1.700
[scan_planner_node-4] [FSM]: from EXEC_TRAJ to REPLAN_TRAJ
[scan_planner_node-4] 
[scan_planner_node-4] [rebo replan]: -------------------------------------117
[scan_planner_node-4] start:     6 -1.12 0.428,  0.00534   -0.634 -0.00667
[scan_planner_node-4] goal:4.15   -3  0.4,   -0.75 5.9e-05       0
[scan_planner_node-4] [32miter(+1)=11,time(ms)=0.046,total_t(ms)=0.046,cost=0.009
[scan_planner_node-4] [0mfirst_optimize_step_success=1
[scan_planner_node-4] total time:[42m0.000267[0m,optimize:0.000221,refine:4.54e-05
[scan_planner_node-4] final_plan_success=1
[scan_planner_node-4] [FSM]: from REPLAN_TRAJ to EXEC_TRAJ
[closed_loop_controller-6] [INFO] [1785997891.967379667] [closed_loop_controller]: Received trajectory 70, duration 5.760s
[scan_planner_node-4] [FSM]: state: EXEC_TRAJ
[scan_planner_node-4] [INFO] [1785997892.880853648] [scan_planner_node]: [GridMapDiag] cloud=32768 accepted=24494 invalid=8274 below_sensor=0 outside_update=0 sensor_z=0.700 cutoff_z=1.700
[scan_planner_node-4] [FSM]: from EXEC_TRAJ to REPLAN_TRAJ
[scan_planner_node-4] 
[scan_planner_node-4] [rebo replan]: -------------------------------------118
[scan_planner_node-4] start:  6.02 -2.16  0.42,  0.0498  -0.645 -0.0049
[scan_planner_node-4] goal:3.1  -3 0.4,    -0.75 3.61e-07        0
[scan_planner_node-4] [32miter(+1)=12,time(ms)=0.046,total_t(ms)=0.046,cost=0.008
[scan_planner_node-4] [0mfirst_optimize_step_success=1
[scan_planner_node-4] total time:[42m0.000215[0m,optimize:0.000173,refine:4.16e-05
[scan_planner_node-4] final_plan_success=1
[scan_planner_node-4] [FSM]: from REPLAN_TRAJ to EXEC_TRAJ
[closed_loop_controller-6] [INFO] [1785997893.637807098] [closed_loop_controller]: Received trajectory 71, duration 5.760s
[scan_planner_node-4] [INFO] [1785997895.039469975] [scan_planner_node]: [GridMapDiag] cloud=32768 accepted=24209 invalid=8559 below_sensor=0 outside_update=0 sensor_z=0.700 cutoff_z=1.700
[scan_planner_node-4] [FSM]: from EXEC_TRAJ to REPLAN_TRAJ
[scan_planner_node-4] 
[scan_planner_node-4] [rebo replan]: -------------------------------------119
[scan_planner_node-4] start:  5.44 -3.02 0.413,   -0.645  -0.0542 -0.00346
[scan_planner_node-4] goal:1.7  -3 0.4,    -0.75 -9.9e-10        0
[scan_planner_node-4] [32miter(+1)=9,time(ms)=0.036,total_t(ms)=0.036,cost=0.005
[scan_planner_node-4] [0mfirst_optimize_step_success=1
[scan_planner_node-4] total time:[42m0.000261[0m,optimize:0.000206,refine:5.59e-05
[scan_planner_node-4] final_plan_success=1
[scan_planner_node-4] [FSM]: from REPLAN_TRAJ to EXEC_TRAJ
[closed_loop_controller-6] [INFO] [1785997895.926945820] [closed_loop_controller]: Received trajectory 72, duration 6.080s
[scan_planner_node-4] [INFO] [1785997897.102412307] [scan_planner_node]: [GridMapDiag] cloud=32768 accepted=23851 invalid=8917 below_sensor=0 outside_update=0 sensor_z=0.700 cutoff_z=1.700
[scan_planner_node-4] [FSM]: state: EXEC_TRAJ
[scan_planner_node-4] [FSM]: from EXEC_TRAJ to REPLAN_TRAJ
[scan_planner_node-4] 
[scan_planner_node-4] [rebo replan]: -------------------------------------120
[scan_planner_node-4] start:  4.39    -3 0.409,   -0.629  -0.0062 -0.00217
[scan_planner_node-4] goal:0.825    -3   0.4,     -0.75 -9.74e-11         0
[scan_planner_node-4] [32miter(+1)=9,time(ms)=0.038,total_t(ms)=0.038,cost=0.003
[scan_planner_node-4] [0mfirst_optimize_step_success=1
[scan_planner_node-4] total time:[42m0.00024[0m,optimize:0.000185,refine:5.45e-05
[scan_planner_node-4] final_plan_success=1
[scan_planner_node-4] [FSM]: from REPLAN_TRAJ to EXEC_TRAJ
[closed_loop_controller-6] [INFO] [1785997897.606356050] [closed_loop_controller]: Received trajectory 73, duration 5.760s
[scan_planner_node-4] [INFO] [1785997899.168819559] [scan_planner_node]: [GridMapDiag] cloud=32768 accepted=24252 invalid=8516 below_sensor=0 outside_update=0 sensor_z=0.700 cutoff_z=1.700
[scan_planner_node-4] [FSM]: from EXEC_TRAJ to REPLAN_TRAJ
[scan_planner_node-4] 
[scan_planner_node-4] [rebo replan]: -------------------------------------121
[scan_planner_node-4] start:  3.31    -3 0.407,   -0.626 0.000504 -0.00163
[scan_planner_node-4] goal:-0.4   -3  0.4,    -0.75 1.53e-11        0
[scan_planner_node-4] [32miter(+1)=12,time(ms)=0.047,total_t(ms)=0.047,cost=0.004
[scan_planner_node-4] [0mfirst_optimize_step_success=1
[scan_planner_node-4] total time:[42m0.000236[0m,optimize:0.000191,refine:4.46e-05
[scan_planner_node-4] final_plan_success=1
[scan_planner_node-4] [FSM]: from REPLAN_TRAJ to EXEC_TRAJ
[closed_loop_controller-6] [INFO] [1785997899.334003312] [closed_loop_controller]: Received trajectory 74, duration 6.080s
[scan_planner_node-4] [FSM]: from EXEC_TRAJ to REPLAN_TRAJ
[scan_planner_node-4] 
[scan_planner_node-4] [rebo replan]: -------------------------------------122
[scan_planner_node-4] start:  2.25    -3 0.405,   -0.623  0.00072 -0.00109
[scan_planner_node-4] goal:-1.27    -3   0.4,    -0.75 3.94e-10        0
[scan_planner_node-4] [32miter(+1)=12,time(ms)=0.043,total_t(ms)=0.044,cost=0.003
[scan_planner_node-4] [0mfirst_optimize_step_success=1
[scan_planner_node-4] total time:[42m0.000227[0m,optimize:0.000183,refine:4.36e-05
[scan_planner_node-4] final_plan_success=1
[scan_planner_node-4] [FSM]: from REPLAN_TRAJ to EXEC_TRAJ
[closed_loop_controller-6] [INFO] [1785997901.029805899] [closed_loop_controller]: Received trajectory 75, duration 5.760s
[scan_planner_node-4] [INFO] [1785997901.322009476] [scan_planner_node]: [GridMapDiag] cloud=32768 accepted=25198 invalid=7570 below_sensor=0 outside_update=0 sensor_z=0.700 cutoff_z=1.700
[scan_planner_node-4] [FSM]: from EXEC_TRAJ to REPLAN_TRAJ
[scan_planner_node-4] 
[scan_planner_node-4] [rebo replan]: -------------------------------------123
[scan_planner_node-4] start:  1.18    -3 0.403,    -0.624 -5.99e-05 -0.000822
[scan_planner_node-4] goal:-2.33    -3   0.4,    -0.75 7.16e-09        0
[scan_planner_node-4] [32miter(+1)=6,time(ms)=0.024,total_t(ms)=0.024,cost=0.001
[scan_planner_node-4] [0mfirst_optimize_step_success=1
[scan_planner_node-4] total time:[42m0.000194[0m,optimize:0.000154,refine:4e-05
[scan_planner_node-4] final_plan_success=1
[scan_planner_node-4] [FSM]: from REPLAN_TRAJ to EXEC_TRAJ
[closed_loop_controller-6] [INFO] [1785997902.745976199] [closed_loop_controller]: Received trajectory 76, duration 5.440s
[scan_planner_node-4] [FSM]: state: EXEC_TRAJ
[scan_planner_node-4] [INFO] [1785997903.358701063] [scan_planner_node]: [GridMapDiag] cloud=32768 accepted=25192 invalid=7576 below_sensor=0 outside_update=0 sensor_z=0.700 cutoff_z=1.700
[scan_planner_node-4] [FSM]: from EXEC_TRAJ to REPLAN_TRAJ
[scan_planner_node-4] 
[scan_planner_node-4] [rebo replan]: -------------------------------------124
[scan_planner_node-4] start: 0.126    -3 0.402,    -0.625  1.79e-05 -0.000577
[scan_planner_node-4] goal:-3.55    -3   0.4,    -0.75 4.71e-06        0
[scan_planner_node-4] [32miter(+1)=5,time(ms)=0.023,total_t(ms)=0.023,cost=0.001
[scan_planner_node-4] [0mfirst_optimize_step_success=1
[scan_planner_node-4] total time:[42m0.000237[0m,optimize:0.000182,refine:5.43e-05
[scan_planner_node-4] final_plan_success=1
[scan_planner_node-4] [FSM]: from REPLAN_TRAJ to EXEC_TRAJ
[closed_loop_controller-6] [INFO] [1785997904.436605399] [closed_loop_controller]: Received trajectory 77, duration 5.760s
[scan_planner_node-4] [INFO] [1785997905.436350881] [scan_planner_node]: [GridMapDiag] cloud=32768 accepted=25152 invalid=7616 below_sensor=0 outside_update=0 sensor_z=0.700 cutoff_z=1.700
[scan_planner_node-4] [FSM]: from EXEC_TRAJ to REPLAN_TRAJ
[scan_planner_node-4] 
[scan_planner_node-4] [rebo replan]: -------------------------------------125
[scan_planner_node-4] start: -0.954     -3  0.402,    -0.625  9.83e-07 -0.000384
[scan_planner_node-4] goal:-4.6   -3  0.4,     -0.75 -0.000765         0
[scan_planner_node-4] [32miter(+1)=13,time(ms)=0.053,total_t(ms)=0.053,cost=0.005
[scan_planner_node-4] [0mfirst_optimize_step_success=1
[scan_planner_node-4] total time:[42m0.000245[0m,optimize:0.000198,refine:4.75e-05
[scan_planner_node-4] final_plan_success=1
[scan_planner_node-4] [FSM]: from REPLAN_TRAJ to EXEC_TRAJ
[closed_loop_controller-6] [INFO] [1785997906.164046111] [closed_loop_controller]: Received trajectory 78, duration 6.080s
[scan_planner_node-4] [INFO] [1785997907.525604889] [scan_planner_node]: [GridMapDiag] cloud=32768 accepted=24960 invalid=7808 below_sensor=0 outside_update=0 sensor_z=0.700 cutoff_z=1.700
[scan_planner_node-4] [FSM]: from EXEC_TRAJ to REPLAN_TRAJ
[scan_planner_node-4] 
[scan_planner_node-4] [rebo replan]: -------------------------------------126
[scan_planner_node-4] start:    -2    -3 0.401,    -0.621 -6.11e-06 -0.000274
[scan_planner_node-4] goal:-5.48    -3   0.4,   -0.75 -0.0186       0
[scan_planner_node-4] [32miter(+1)=11,time(ms)=0.067,total_t(ms)=0.067,cost=0.006
[scan_planner_node-4] [0mfirst_optimize_step_success=1
[scan_planner_node-4] total time:[42m0.000368[0m,optimize:0.000294,refine:7.4e-05
[scan_planner_node-4] final_plan_success=1
[scan_planner_node-4] [FSM]: from REPLAN_TRAJ to EXEC_TRAJ
[closed_loop_controller-6] [INFO] [1785997907.843010817] [closed_loop_controller]: Received trajectory 79, duration 5.760s
[scan_planner_node-4] [FSM]: state: EXEC_TRAJ
[scan_planner_node-4] [FSM]: from EXEC_TRAJ to REPLAN_TRAJ
[scan_planner_node-4] 
[scan_planner_node-4] [rebo replan]: -------------------------------------127
[scan_planner_node-4] start: -3.06    -3 0.401,    -0.622  6.35e-05 -0.000205
[scan_planner_node-4] goal:  -6 -2.3  0.4, -0.00383    0.746        0
[scan_planner_node-4] [32miter(+1)=14,time(ms)=0.060,total_t(ms)=0.061,cost=0.009
[scan_planner_node-4] [0mfirst_optimize_step_success=1
[scan_planner_node-4] total time:[42m0.000271[0m,optimize:0.000222,refine:4.89e-05
[scan_planner_node-4] final_plan_success=1
[scan_planner_node-4] [FSM]: from REPLAN_TRAJ to EXEC_TRAJ
[closed_loop_controller-6] [INFO] [1785997909.539333659] [closed_loop_controller]: Received trajectory 80, duration 5.440s
[scan_planner_node-4] [INFO] [1785997909.636335506] [scan_planner_node]: [GridMapDiag] cloud=32768 accepted=24414 invalid=8354 below_sensor=0 outside_update=0 sensor_z=0.700 cutoff_z=1.700
[scan_planner_node-4] [FSM]: from EXEC_TRAJ to REPLAN_TRAJ
[scan_planner_node-4] 
[scan_planner_node-4] [rebo replan]: -------------------------------------128
[scan_planner_node-4] start: -4.11    -3 0.401,     -0.63   -0.0104 -0.000139
[scan_planner_node-4] goal:   -6 -1.42   0.4, -0.000377      0.75         0
[scan_planner_node-4] [32miter(+1)=12,time(ms)=0.046,total_t(ms)=0.046,cost=0.014
[scan_planner_node-4] [0mfirst_optimize_step_success=1
[scan_planner_node-4] total time:[42m0.000217[0m,optimize:0.000176,refine:4.02e-05
[scan_planner_node-4] final_plan_success=1
[scan_planner_node-4] [FSM]: from REPLAN_TRAJ to EXEC_TRAJ
[closed_loop_controller-6] [INFO] [1785997911.212135692] [closed_loop_controller]: Received trajectory 81, duration 5.440s
[scan_planner_node-4] [INFO] [1785997911.732173520] [scan_planner_node]: [GridMapDiag] cloud=32768 accepted=23936 invalid=8832 below_sensor=0 outside_update=0 sensor_z=0.700 cutoff_z=1.700
[scan_planner_node-4] [FSM]: from EXEC_TRAJ to REPLAN_TRAJ
[scan_planner_node-4] 
[scan_planner_node-4] [rebo replan]: -------------------------------------129
[scan_planner_node-4] start: -5.15 -3.02   0.4,    -0.639   -0.0734 -0.000107
[scan_planner_node-4] goal:    -6 -0.375    0.4, 3.58e-06     0.75        0
[scan_planner_node-4] [32miter(+1)=7,time(ms)=0.043,total_t(ms)=0.043,cost=0.007
[scan_planner_node-4] [0mfirst_optimize_step_success=1
[scan_planner_node-4] total time:[42m0.000298[0m,optimize:0.000234,refine:6.39e-05
[scan_planner_node-4] final_plan_success=1
[scan_planner_node-4] [FSM]: from REPLAN_TRAJ to EXEC_TRAJ
[closed_loop_controller-6] [INFO] [1785997912.877521342] [closed_loop_controller]: Received trajectory 82, duration 5.120s
[scan_planner_node-4] [INFO] [1785997913.752056158] [scan_planner_node]: [GridMapDiag] cloud=32768 accepted=24090 invalid=8678 below_sensor=0 outside_update=0 sensor_z=0.700 cutoff_z=1.700
[scan_planner_node-4] [FSM]: state: EXEC_TRAJ
[scan_planner_node-4] [FSM]: from EXEC_TRAJ to REPLAN_TRAJ
[scan_planner_node-4] 
[scan_planner_node-4] [rebo replan]: -------------------------------------130
[scan_planner_node-4] start:    -6 -2.48   0.4,    -0.058     0.639 -7.25e-05
[scan_planner_node-4] goal: -6   1 0.4, 0 0 0
[scan_planner_node-4] [32miter(+1)=27,time(ms)=0.134,total_t(ms)=0.134,cost=0.021
[scan_planner_node-4] [0mfirst_optimize_step_success=1
[scan_planner_node-4] total time:[42m0.000322[0m,optimize:0.000281,refine:4.12e-05
[scan_planner_node-4] final_plan_success=1
[scan_planner_node-4] [FSM]: from REPLAN_TRAJ to EXEC_TRAJ
[closed_loop_controller-6] [INFO] [1785997915.190601143] [closed_loop_controller]: Received trajectory 83, duration 5.760s
[scan_planner_node-4] [INFO] [1785997915.777886448] [scan_planner_node]: [GridMapDiag] cloud=32768 accepted=24534 invalid=8234 below_sensor=0 outside_update=0 sensor_z=0.700 cutoff_z=1.700
[scan_planner_node-4] [FSM]: from EXEC_TRAJ to REPLAN_TRAJ
[scan_planner_node-4] 
[scan_planner_node-4] [rebo replan]: -------------------------------------131
[scan_planner_node-4] start: -5.99 -1.45   0.4,   -0.0202     0.609 -4.44e-05
[scan_planner_node-4] goal: -6   1 0.4, 0 0 0
[scan_planner_node-4] [32miter(+1)=24,time(ms)=0.068,total_t(ms)=0.068,cost=0.021
[scan_planner_node-4] [0mfirst_optimize_step_success=1
[scan_planner_node-4] total time:[42m0.000175[0m,optimize:0.000146,refine:2.88e-05
[scan_planner_node-4] final_plan_success=1
[scan_planner_node-4] [FSM]: from REPLAN_TRAJ to EXEC_TRAJ
[closed_loop_controller-6] [INFO] [1785997916.818251887] [closed_loop_controller]: Received trajectory 84, duration 4.160s
[scan_planner_node-4] [INFO] [1785997917.827462492] [scan_planner_node]: [GridMapDiag] cloud=32768 accepted=25196 invalid=7572 below_sensor=0 outside_update=0 sensor_z=0.700 cutoff_z=1.700
[scan_planner_node-4] [FSM]: from EXEC_TRAJ to REPLAN_TRAJ
[scan_planner_node-4] 
[scan_planner_node-4] [rebo replan]: -------------------------------------132
[scan_planner_node-4] start:   -6 -0.4  0.4,   0.00397     0.768 -4.41e-05
[scan_planner_node-4] goal: -6   1 0.4, 0 0 0
[scan_planner_node-4] [32miter(+1)=11,time(ms)=0.025,total_t(ms)=0.025,cost=0.077
[scan_planner_node-4] [0mfirst_optimize_step_success=1
[scan_planner_node-4] Need to reallocate time.
[scan_planner_node-4] total time:[42m0.000156[0m,optimize:8.52e-05,refine:7.1e-05
[scan_planner_node-4] final_plan_success=1
[scan_planner_node-4] [FSM]: from REPLAN_TRAJ to EXEC_TRAJ
[closed_loop_controller-6] [INFO] [1785997918.445695421] [closed_loop_controller]: Received trajectory 85, duration 2.662s
[scan_planner_node-4] [FSM]: from EXEC_TRAJ to REPLAN_TRAJ
[scan_planner_node-4] 
[scan_planner_node-4] [rebo replan]: -------------------------------------133
[scan_planner_node-4] start:    -6 0.622   0.4,  -0.00151     0.584 -3.25e-05
[scan_planner_node-4] goal: -6   1 0.4, 0 0 0
[scan_planner_node-4] [32miter(+1)=10,time(ms)=0.020,total_t(ms)=0.020,cost=0.001
[scan_planner_node-4] [0mfirst_optimize_step_success=1
[scan_planner_node-4] total time:[42m8.68e-05[0m,optimize:6.8e-05,refine:1.88e-05
[scan_planner_node-4] final_plan_success=1
[scan_planner_node-4] [FSM]: from REPLAN_TRAJ to EXEC_TRAJ
[closed_loop_controller-6] [INFO] [1785997919.850880610] [closed_loop_controller]: Received trajectory 86, duration 1.920s
[scan_planner_node-4] [INFO] [1785997919.957964084] [scan_planner_node]: [GridMapDiag] cloud=32768 accepted=26569 invalid=6199 below_sensor=0 outside_update=0 sensor_z=0.700 cutoff_z=1.700
[scan_planner_node-4] [FSM]: state: EXEC_TRAJ
[loop_path_publisher.py-9] [INFO] [1785997920.752645304] [loop_path_publisher]: Published shuttle route with 31 dense points, run 5
[terrain_path_visualizer-10] [INFO] [1785997920.757169902] [terrain_path_segmenter]: Segmented 31 path points into 2 sections
[scan_planner_node-4] [TRIG]: from EXEC_TRAJ to REPLAN_TRAJ
[scan_planner_node-4] [INFO] [1785997920.877362355] [scan_planner_node]: Reference path accepted
[scan_planner_node-4] 
[scan_planner_node-4] [rebo replan]: -------------------------------------134
[scan_planner_node-4] start:    -6 0.936   0.4, -0.000486     0.126 -1.53e-05
[scan_planner_node-4] goal:  -6 4.53 1.28, 0 0 0
[scan_planner_node-4] [32miter(+1)=37,time(ms)=0.558,total_t(ms)=0.559,cost=0.008
[scan_planner_node-4] [0mfirst_optimize_step_success=1
[scan_planner_node-4] total time:[42m0.000967[0m,optimize:0.000881,refine:8.62e-05
[scan_planner_node-4] final_plan_success=1
[scan_planner_node-4] [FSM]: from REPLAN_TRAJ to EXEC_TRAJ
[closed_loop_controller-6] [INFO] [1785997920.880431508] [closed_loop_controller]: Received trajectory 87, duration 6.400s
[scan_planner_node-4] [INFO] [1785997921.980198512] [scan_planner_node]: [GridMapDiag] cloud=32768 accepted=26996 invalid=5772 below_sensor=0 outside_update=0 sensor_z=0.744 cutoff_z=1.744
[scan_planner_node-4] [FSM]: from EXEC_TRAJ to REPLAN_TRAJ
[scan_planner_node-4] 
[scan_planner_node-4] [rebo replan]: -------------------------------------135
[scan_planner_node-4] start:    -6  1.97 0.595, -3.87e-05     0.754     0.202
[scan_planner_node-4] goal: -6   5 1.4, 0 0 0
[scan_planner_node-4] [32miter(+1)=25,time(ms)=0.094,total_t(ms)=0.095,cost=0.082
[scan_planner_node-4] [0mfirst_optimize_step_success=1
[scan_planner_node-4] Need to reallocate time.
[scan_planner_node-4] total time:[42m0.000427[0m,optimize:0.000248,refine:0.000179
[scan_planner_node-4] final_plan_success=1
[scan_planner_node-4] [FSM]: from REPLAN_TRAJ to EXEC_TRAJ
[closed_loop_controller-6] [INFO] [1785997923.122892346] [closed_loop_controller]: Received trajectory 88, duration 6.360s
[scan_planner_node-4] [INFO] [1785997924.069109217] [scan_planner_node]: [GridMapDiag] cloud=32768 accepted=26218 invalid=6550 below_sensor=0 outside_update=0 sensor_z=1.093 cutoff_z=2.093
[scan_planner_node-4] [FSM]: state: EXEC_TRAJ
[scan_planner_node-4] [FSM]: from EXEC_TRAJ to REPLAN_TRAJ
[scan_planner_node-4] 
[scan_planner_node-4] [rebo replan]: -------------------------------------136
[scan_planner_node-4] start:    -6  2.93 0.841, 2.89e-05    0.349    0.121
[scan_planner_node-4] goal: -6   5 1.4, 0 0 0
[scan_planner_node-4] [32miter(+1)=23,time(ms)=0.076,total_t(ms)=0.076,cost=0.087
[scan_planner_node-4] [0mfirst_optimize_step_success=1
[scan_planner_node-4] Need to reallocate time.
[scan_planner_node-4] total time:[42m0.000276[0m,optimize:0.000168,refine:0.000109
[scan_planner_node-4] final_plan_success=1
[scan_planner_node-4] [FSM]: from REPLAN_TRAJ to EXEC_TRAJ
[closed_loop_controller-6] [INFO] [1785997924.973643447] [closed_loop_controller]: Received trajectory 89, duration 4.180s
[scan_planner_node-4] [INFO] [1785997926.173638495] [scan_planner_node]: [GridMapDiag] cloud=32768 accepted=21627 invalid=11141 below_sensor=0 outside_update=0 sensor_z=1.325 cutoff_z=2.325
[scan_planner_node-4] [FSM]: from EXEC_TRAJ to REPLAN_TRAJ
[scan_planner_node-4] 
[scan_planner_node-4] [rebo replan]: -------------------------------------137
[scan_planner_node-4] start:   -6 3.93 1.09, 6.56e-05    0.728    0.127
[scan_planner_node-4] goal: -6   5 1.4, 0 0 0
[scan_planner_node-4] [32miter(+1)=12,time(ms)=0.030,total_t(ms)=0.031,cost=0.100
[scan_planner_node-4] [0mfirst_optimize_step_success=1
[scan_planner_node-4] Need to reallocate time.
[scan_planner_node-4] total time:[42m0.000193[0m,optimize:0.00012,refine:7.23e-05
[scan_planner_node-4] final_plan_success=1
[scan_planner_node-4] [FSM]: from REPLAN_TRAJ to EXEC_TRAJ
[closed_loop_controller-6] [INFO] [1785997926.773635535] [closed_loop_controller]: Received trajectory 90, duration 2.199s
[scan_planner_node-4] [FSM]: state: EXEC_TRAJ
[terrain_path_visualizer-10] [INFO] [1785997927.948275704] [terrain_path_segmenter]: Visualization advanced to segment 2/2
[scan_planner_node-4] [TRIG]: from EXEC_TRAJ to REPLAN_TRAJ
[scan_planner_node-4] [INFO] [1785997928.028619864] [scan_planner_node]: Reference path accepted
[scan_planner_node-4] 
[scan_planner_node-4] [rebo replan]: -------------------------------------138
[scan_planner_node-4] start:   -6 4.79 1.28, 2.12e-05    0.485    0.118
[scan_planner_node-4] goal: -6   7 1.4, 0 0 0
[scan_planner_node-4] [32miter(+1)=7,time(ms)=0.023,total_t(ms)=0.023,cost=0.051
[scan_planner_node-4] [0mfirst_optimize_step_success=1
[scan_planner_node-4] total time:[42m0.000148[0m,optimize:0.000118,refine:3.01e-05
[scan_planner_node-4] final_plan_success=1
[scan_planner_node-4] [FSM]: from REPLAN_TRAJ to EXEC_TRAJ
[closed_loop_controller-6] [INFO] [1785997928.029800130] [closed_loop_controller]: Received trajectory 91, duration 4.160s
[scan_planner_node-4] [INFO] [1785997928.178559287] [scan_planner_node]: [GridMapDiag] cloud=32768 accepted=16165 invalid=16603 below_sensor=0 outside_update=0 sensor_z=1.662 cutoff_z=2.662
[scan_planner_node-4] [FSM]: from EXEC_TRAJ to REPLAN_TRAJ
[scan_planner_node-4] 
[scan_planner_node-4] [rebo replan]: -------------------------------------139
[scan_planner_node-4] start:   -6 5.83 1.34, -2.08e-06     0.769    0.0417
[scan_planner_node-4] goal: -6   7 1.4, 0 0 0
[scan_planner_node-4] [32miter(+1)=10,time(ms)=0.020,total_t(ms)=0.020,cost=0.109
[scan_planner_node-4] [0mfirst_optimize_step_success=1
[scan_planner_node-4] Need to reallocate time.
[scan_planner_node-4] total time:[42m0.000155[0m,optimize:7.8e-05,refine:7.66e-05
[scan_planner_node-4] final_plan_success=1
[scan_planner_node-4] [FSM]: from REPLAN_TRAJ to EXEC_TRAJ
[closed_loop_controller-6] [INFO] [1785997929.968986273] [closed_loop_controller]: Received trajectory 92, duration 2.262s
[scan_planner_node-4] [INFO] [1785997930.267746815] [scan_planner_node]: [GridMapDiag] cloud=32768 accepted=15411 invalid=17357 below_sensor=0 outside_update=0 sensor_z=1.700 cutoff_z=2.700
[scan_planner_node-4] [FSM]: from EXEC_TRAJ to REPLAN_TRAJ
[scan_planner_node-4] 
[scan_planner_node-4] [rebo replan]: -------------------------------------140
[scan_planner_node-4] start:   -6 6.84 1.38, -2.09e-06      0.38    0.0343
[scan_planner_node-4] goal: -6   7 1.4, 0 0 0
[scan_planner_node-4] Close to goal
[scan_planner_node-4] final_plan_success=0
[scan_planner_node-4] 
[scan_planner_node-4] [rebo replan]: -------------------------------------141
[scan_planner_node-4] start:   -6 6.84 1.38, -2.09e-06      0.38    0.0343
[scan_planner_node-4] goal: -6   7 1.4, 0 0 0
[scan_planner_node-4] Close to goal
[scan_planner_node-4] final_plan_success=0
[scan_planner_node-4] 
[scan_planner_node-4] [rebo replan]: -------------------------------------142
[scan_planner_node-4] start:   -6 6.84 1.38, -2.09e-06      0.38    0.0343
[scan_planner_node-4] goal: -6   7 1.4, 0 0 0
[scan_planner_node-4] Close to goal
[scan_planner_node-4] final_plan_success=0
[scan_planner_node-4] [FSM]: from REPLAN_TRAJ to REPLAN_TRAJ
[scan_planner_node-4] 
[scan_planner_node-4] [rebo replan]: -------------------------------------143
[scan_planner_node-4] start:   -6 6.86 1.38, -1.86e-06     0.335    0.0421
[scan_planner_node-4] goal: -6   7 1.4, 0 0 0
[scan_planner_node-4] Close to goal
[scan_planner_node-4] final_plan_success=0
[scan_planner_node-4] 
[scan_planner_node-4] [rebo replan]: -------------------------------------144
[scan_planner_node-4] start:   -6 6.86 1.38, -1.86e-06     0.335    0.0421
[scan_planner_node-4] goal: -6   7 1.4, 0 0 0
[scan_planner_node-4] Close to goal
[scan_planner_node-4] final_plan_success=0
[scan_planner_node-4] 
[scan_planner_node-4] [rebo replan]: -------------------------------------145
[scan_planner_node-4] start:   -6 6.86 1.38, -1.86e-06     0.335    0.0421
[scan_planner_node-4] goal: -6   7 1.4, 0 0 0
[scan_planner_node-4] Close to goal
[scan_planner_node-4] final_plan_success=0
[scan_planner_node-4] [FSM]: from REPLAN_TRAJ to REPLAN_TRAJ
[scan_planner_node-4] 
[scan_planner_node-4] [rebo replan]: -------------------------------------146
[scan_planner_node-4] start:   -6 6.87 1.38, -1.74e-06     0.309    0.0448
[scan_planner_node-4] goal: -6   7 1.4, 0 0 0
[scan_planner_node-4] Close to goal
[scan_planner_node-4] final_plan_success=0
[scan_planner_node-4] 
[scan_planner_node-4] [rebo replan]: -------------------------------------147
[scan_planner_node-4] start:   -6 6.87 1.38, -1.74e-06     0.309    0.0448
[scan_planner_node-4] goal: -6   7 1.4, 0 0 0
[scan_planner_node-4] Close to goal
[scan_planner_node-4] final_plan_success=0
[scan_planner_node-4] 
[scan_planner_node-4] [rebo replan]: -------------------------------------148
[scan_planner_node-4] start:   -6 6.87 1.38, -1.74e-06     0.309    0.0448
[scan_planner_node-4] goal: -6   7 1.4, 0 0 0
[scan_planner_node-4] Close to goal
[scan_planner_node-4] final_plan_success=0
[scan_planner_node-4] [FSM]: from REPLAN_TRAJ to REPLAN_TRAJ
[scan_planner_node-4] 
[scan_planner_node-4] [rebo replan]: -------------------------------------149
[scan_planner_node-4] start:   -6 6.89 1.38, -1.6e-06    0.283   0.0465
[scan_planner_node-4] goal: -6   7 1.4, 0 0 0
[scan_planner_node-4] Close to goal
[scan_planner_node-4] final_plan_success=0
[scan_planner_node-4] 
[scan_planner_node-4] [rebo replan]: -------------------------------------150
[scan_planner_node-4] start:   -6 6.89 1.38, -1.6e-06    0.283   0.0465
[scan_planner_node-4] goal: -6   7 1.4, 0 0 0
[scan_planner_node-4] Close to goal
[scan_planner_node-4] final_plan_success=0
[scan_planner_node-4] 
[scan_planner_node-4] [rebo replan]: -------------------------------------151
[scan_planner_node-4] start:   -6 6.89 1.38, -1.6e-06    0.283   0.0465
[scan_planner_node-4] goal: -6   7 1.4, 0 0 0
[scan_planner_node-4] Close to goal
[scan_planner_node-4] final_plan_success=0
[scan_planner_node-4] [FSM]: from REPLAN_TRAJ to REPLAN_TRAJ
[scan_planner_node-4] 
[scan_planner_node-4] [rebo replan]: -------------------------------------152
[scan_planner_node-4] start:   -6 6.89 1.38, -1.58e-06      0.28    0.0466
[scan_planner_node-4] goal: -6   7 1.4, 0 0 0
[scan_planner_node-4] Close to goal
[scan_planner_node-4] final_plan_success=0
[scan_planner_node-4] 
[scan_planner_node-4] [rebo replan]: -------------------------------------153
[scan_planner_node-4] start:   -6 6.89 1.38, -1.58e-06      0.28    0.0466
[scan_planner_node-4] goal: -6   7 1.4, 0 0 0
[scan_planner_node-4] Close to goal
[scan_planner_node-4] final_plan_success=0
[scan_planner_node-4] 
[scan_planner_node-4] [rebo replan]: -------------------------------------154
[scan_planner_node-4] start:   -6 6.89 1.38, -1.58e-06      0.28    0.0466
[scan_planner_node-4] goal: -6   7 1.4, 0 0 0
[scan_planner_node-4] Close to goal
[scan_planner_node-4] final_plan_success=0
[scan_planner_node-4] [FSM]: from REPLAN_TRAJ to REPLAN_TRAJ
[scan_planner_node-4] 
[scan_planner_node-4] [rebo replan]: -------------------------------------155
[scan_planner_node-4] start:   -6 6.91 1.39, -1.33e-06     0.232    0.0462
[scan_planner_node-4] goal: -6   7 1.4, 0 0 0
[scan_planner_node-4] Close to goal
[scan_planner_node-4] final_plan_success=0
[scan_planner_node-4] 
[scan_planner_node-4] [rebo replan]: -------------------------------------156
[scan_planner_node-4] start:   -6 6.91 1.39, -1.33e-06     0.232    0.0462
[scan_planner_node-4] goal: -6   7 1.4, 0 0 0
[scan_planner_node-4] Close to goal
[scan_planner_node-4] final_plan_success=0
[scan_planner_node-4] 
[scan_planner_node-4] [rebo replan]: -------------------------------------157
[scan_planner_node-4] start:   -6 6.91 1.39, -1.33e-06     0.232    0.0462
[scan_planner_node-4] goal: -6   7 1.4, 0 0 0
[scan_planner_node-4] Close to goal
[scan_planner_node-4] final_plan_success=0
[scan_planner_node-4] [FSM]: from REPLAN_TRAJ to REPLAN_TRAJ
[scan_planner_node-4] 
[scan_planner_node-4] [rebo replan]: -------------------------------------158
[scan_planner_node-4] start:   -6 6.91 1.39, -1.19e-06     0.207    0.0443
[scan_planner_node-4] goal: -6   7 1.4, 0 0 0
[scan_planner_node-4] Close to goal
[scan_planner_node-4] final_plan_success=0
[scan_planner_node-4] 
[scan_planner_node-4] [rebo replan]: -------------------------------------159
[scan_planner_node-4] start:   -6 6.91 1.39, -1.19e-06     0.207    0.0443
[scan_planner_node-4] goal: -6   7 1.4, 0 0 0
[scan_planner_node-4] Close to goal
[scan_planner_node-4] final_plan_success=0
[scan_planner_node-4] 
[scan_planner_node-4] [rebo replan]: -------------------------------------160
[scan_planner_node-4] start:   -6 6.91 1.39, -1.19e-06     0.207    0.0443
[scan_planner_node-4] goal: -6   7 1.4, 0 0 0
[scan_planner_node-4] Close to goal
[scan_planner_node-4] final_plan_success=0
[scan_planner_node-4] [FSM]: from REPLAN_TRAJ to REPLAN_TRAJ
[scan_planner_node-4] 
[scan_planner_node-4] [rebo replan]: -------------------------------------161
[scan_planner_node-4] start:   -6 6.92 1.39, -1.05e-06     0.182    0.0412
[scan_planner_node-4] goal: -6   7 1.4, 0 0 0
[scan_planner_node-4] Close to goal
[scan_planner_node-4] final_plan_success=0
[scan_planner_node-4] 
[scan_planner_node-4] [rebo replan]: -------------------------------------162
[scan_planner_node-4] start:   -6 6.92 1.39, -1.05e-06     0.182    0.0412
[scan_planner_node-4] goal: -6   7 1.4, 0 0 0
[scan_planner_node-4] Close to goal
[scan_planner_node-4] final_plan_success=0
[scan_planner_node-4] 
[scan_planner_node-4] [rebo replan]: -------------------------------------163
[scan_planner_node-4] start:   -6 6.92 1.39, -1.05e-06     0.182    0.0412
[scan_planner_node-4] goal: -6   7 1.4, 0 0 0
[scan_planner_node-4] Close to goal
[scan_planner_node-4] final_plan_success=0
[scan_planner_node-4] [FSM]: from REPLAN_TRAJ to REPLAN_TRAJ
[scan_planner_node-4] 
[scan_planner_node-4] [rebo replan]: -------------------------------------164
[scan_planner_node-4] start:   -6 6.92 1.39, -1.02e-06     0.176    0.0404
[scan_planner_node-4] goal: -6   7 1.4, 0 0 0
[scan_planner_node-4] Close to goal
[scan_planner_node-4] final_plan_success=0
[scan_planner_node-4] 
[scan_planner_node-4] [rebo replan]: -------------------------------------165
[scan_planner_node-4] start:   -6 6.92 1.39, -1.02e-06     0.176    0.0404
[scan_planner_node-4] goal: -6   7 1.4, 0 0 0
[scan_planner_node-4] Close to goal
[scan_planner_node-4] final_plan_success=0
[scan_planner_node-4] 
[scan_planner_node-4] [rebo replan]: -------------------------------------166
[scan_planner_node-4] start:   -6 6.92 1.39, -1.02e-06     0.176    0.0404
[scan_planner_node-4] goal: -6   7 1.4, 0 0 0
[scan_planner_node-4] Close to goal
[scan_planner_node-4] final_plan_success=0
[scan_planner_node-4] [FSM]: from REPLAN_TRAJ to REPLAN_TRAJ
[scan_planner_node-4] 
[scan_planner_node-4] [rebo replan]: -------------------------------------167
[scan_planner_node-4] start:   -6 6.93 1.39, -7.86e-07     0.135    0.0326
[scan_planner_node-4] goal: -6   7 1.4, 0 0 0
[scan_planner_node-4] Close to goal
[scan_planner_node-4] final_plan_success=0
[scan_planner_node-4] 
[scan_planner_node-4] [rebo replan]: -------------------------------------168
[scan_planner_node-4] start:   -6 6.93 1.39, -7.86e-07     0.135    0.0326
[scan_planner_node-4] goal: -6   7 1.4, 0 0 0
[scan_planner_node-4] Close to goal
[scan_planner_node-4] final_plan_success=0
[scan_planner_node-4] 
[scan_planner_node-4] [rebo replan]: -------------------------------------169
[scan_planner_node-4] start:   -6 6.93 1.39, -7.86e-07     0.135    0.0326
[scan_planner_node-4] goal: -6   7 1.4, 0 0 0
[scan_planner_node-4] Close to goal
[scan_planner_node-4] final_plan_success=0
[scan_planner_node-4] [FSM]: from REPLAN_TRAJ to REPLAN_TRAJ
[scan_planner_node-4] 
[scan_planner_node-4] [rebo replan]: -------------------------------------170
[scan_planner_node-4] start:   -6 6.94 1.39, -6.35e-07     0.109    0.0264
[scan_planner_node-4] goal: -6   7 1.4, 0 0 0
[scan_planner_node-4] Close to goal
[scan_planner_node-4] final_plan_success=0
[scan_planner_node-4] 
[scan_planner_node-4] [rebo replan]: -------------------------------------171
[scan_planner_node-4] start:   -6 6.94 1.39, -6.35e-07     0.109    0.0264
[scan_planner_node-4] goal: -6   7 1.4, 0 0 0
[scan_planner_node-4] Close to goal
[scan_planner_node-4] final_plan_success=0
[scan_planner_node-4] 
[scan_planner_node-4] [rebo replan]: -------------------------------------172
[scan_planner_node-4] start:   -6 6.94 1.39, -6.35e-07     0.109    0.0264
[scan_planner_node-4] goal: -6   7 1.4, 0 0 0
[scan_planner_node-4] Close to goal
[scan_planner_node-4] final_plan_success=0
[scan_planner_node-4] [FSM]: from REPLAN_TRAJ to REPLAN_TRAJ
[scan_planner_node-4] 
[scan_planner_node-4] [rebo replan]: -------------------------------------173
[scan_planner_node-4] start:   -6 6.94 1.39, -4.93e-07    0.0845    0.0205
[scan_planner_node-4] goal: -6   7 1.4, 0 0 0
[scan_planner_node-4] Close to goal
[scan_planner_node-4] final_plan_success=0
[scan_planner_node-4] 
[scan_planner_node-4] [rebo replan]: -------------------------------------174
[scan_planner_node-4] start:   -6 6.94 1.39, -4.93e-07    0.0845    0.0205
[scan_planner_node-4] goal: -6   7 1.4, 0 0 0
[scan_planner_node-4] Close to goal
[scan_planner_node-4] final_plan_success=0
[scan_planner_node-4] 
[scan_planner_node-4] [rebo replan]: -------------------------------------175
[scan_planner_node-4] start:   -6 6.94 1.39, -4.93e-07    0.0845    0.0205
[scan_planner_node-4] goal: -6   7 1.4, 0 0 0
[scan_planner_node-4] Close to goal
[scan_planner_node-4] final_plan_success=0
[scan_planner_node-4] [FSM]: from REPLAN_TRAJ to REPLAN_TRAJ
[scan_planner_node-4] 
[scan_planner_node-4] [rebo replan]: -------------------------------------176
[scan_planner_node-4] start:   -6 6.94 1.39, -4.93e-07    0.0845    0.0205
[scan_planner_node-4] goal: -6   7 1.4, 0 0 0
[scan_planner_node-4] Close to goal
[scan_planner_node-4] final_plan_success=0
[scan_planner_node-4] 
[scan_planner_node-4] [rebo replan]: -------------------------------------177
[scan_planner_node-4] start:   -6 6.94 1.39, -4.93e-07    0.0845    0.0205
[scan_planner_node-4] goal: -6   7 1.4, 0 0 0
[scan_planner_node-4] Close to goal
[scan_planner_node-4] final_plan_success=0
[scan_planner_node-4] 
[scan_planner_node-4] [rebo replan]: -------------------------------------178
[scan_planner_node-4] start:   -6 6.94 1.39, -4.93e-07    0.0845    0.0205
[scan_planner_node-4] goal: -6   7 1.4, 0 0 0
[scan_planner_node-4] Close to goal
[scan_planner_node-4] final_plan_success=0
[scan_planner_node-4] [FSM]: from REPLAN_TRAJ to REPLAN_TRAJ
[loop_path_publisher.py-9] [INFO] [1785997931.965241867] [loop_path_publisher]: Published shuttle route with 193 dense points, run 6
[terrain_path_visualizer-10] [INFO] [1785997931.986322495] [terrain_path_segmenter]: Segmented 193 path points into 3 sections
[scan_planner_node-4] 
[scan_planner_node-4] [rebo replan]: -------------------------------------179
[scan_planner_node-4] start:   -6 6.95  1.4, -2.96e-07    0.0508    0.0123
[scan_planner_node-4] goal: -6   7 1.4, 0 0 0
[scan_planner_node-4] Close to goal
[scan_planner_node-4] final_plan_success=0
[scan_planner_node-4] 
[scan_planner_node-4] [rebo replan]: -------------------------------------180
[scan_planner_node-4] start:   -6 6.95  1.4, -2.96e-07    0.0508    0.0123
[scan_planner_node-4] goal: -6   7 1.4, 0 0 0
[scan_planner_node-4] Close to goal
[scan_planner_node-4] final_plan_success=0
[scan_planner_node-4] 
[scan_planner_node-4] [rebo replan]: -------------------------------------181
[scan_planner_node-4] start:   -6 6.95  1.4, -2.96e-07    0.0508    0.0123
[scan_planner_node-4] goal: -6   7 1.4, 0 0 0
[scan_planner_node-4] Close to goal
[scan_planner_node-4] final_plan_success=0
[scan_planner_node-4] [FSM]: from REPLAN_TRAJ to REPLAN_TRAJ
[scan_planner_node-4] [INFO] [1785997932.409184314] [scan_planner_node]: Reference path accepted
[scan_planner_node-4] [INFO] [1785997932.410017785] [scan_planner_node]: [GridMapDiag] cloud=32768 accepted=15249 invalid=17519 below_sensor=0 outside_update=0 sensor_z=1.700 cutoff_z=2.700
[scan_planner_node-4] 
[scan_planner_node-4] [rebo replan]: -------------------------------------182
[scan_planner_node-4] start:   -6 6.95  1.4, -5.27e-09  0.000734  0.000148
[scan_planner_node-4] goal:-2.35     7   1.4,      0.75 -1.31e-16         0
[scan_planner_node-4] [32miter(+1)=6,time(ms)=0.028,total_t(ms)=0.028,cost=0.033
[scan_planner_node-4] [0mfirst_optimize_step_success=1
[scan_planner_node-4] total time:[42m0.000235[0m,optimize:0.000184,refine:5.17e-05
[scan_planner_node-4] final_plan_success=1
[scan_planner_node-4] [FSM]: from REPLAN_TRAJ to EXEC_TRAJ
[closed_loop_controller-6] [INFO] [1785997932.410698850] [closed_loop_controller]: Received trajectory 93, duration 6.080s
[scan_planner_node-4] [FSM]: state: EXEC_TRAJ
[scan_planner_node-4] [INFO] [1785997934.427391904] [scan_planner_node]: [GridMapDiag] cloud=32768 accepted=15225 invalid=17543 below_sensor=0 outside_update=0 sensor_z=1.700 cutoff_z=2.700
[scan_planner_node-4] [INFO] [1785997936.437323361] [scan_planner_node]: [GridMapDiag] cloud=32768 accepted=15848 invalid=16920 below_sensor=0 outside_update=0 sensor_z=1.700 cutoff_z=2.700
[scan_planner_node-4] [FSM]: from EXEC_TRAJ to REPLAN_TRAJ
[scan_planner_node-4] 
[scan_planner_node-4] [rebo replan]: -------------------------------------183
[scan_planner_node-4] start: -4.95  6.97   1.4,    0.782   0.0145 0.000659
[scan_planner_node-4] goal:-1.47     7   1.4,     0.75 7.97e-16        0
[scan_planner_node-4] [32miter(+1)=7,time(ms)=0.027,total_t(ms)=0.027,cost=0.009
[scan_planner_node-4] [0mfirst_optimize_step_success=1
[scan_planner_node-4] total time:[42m0.000195[0m,optimize:0.000154,refine:4.09e-05
[scan_planner_node-4] final_plan_success=1
[scan_planner_node-4] [FSM]: from REPLAN_TRAJ to EXEC_TRAJ
[closed_loop_controller-6] [INFO] [1785997937.035514983] [closed_loop_controller]: Received trajectory 94, duration 5.440s
[scan_planner_node-4] [FSM]: state: EXEC_TRAJ
[scan_planner_node-4] [INFO] [1785997938.714633493] [scan_planner_node]: [GridMapDiag] cloud=32768 accepted=17984 invalid=14784 below_sensor=0 outside_update=0 sensor_z=1.700 cutoff_z=2.700
[scan_planner_node-4] [FSM]: from EXEC_TRAJ to REPLAN_TRAJ
[scan_planner_node-4] 
[scan_planner_node-4] [rebo replan]: -------------------------------------184
[scan_planner_node-4] start: -3.86  6.99   1.4,    0.644  0.00789 0.000387
[scan_planner_node-4] goal:-0.25     7   1.4,     0.75 5.24e-13        0
[scan_planner_node-4] [32miter(+1)=4,time(ms)=0.017,total_t(ms)=0.017,cost=0.005
[scan_planner_node-4] [0mfirst_optimize_step_success=1
[scan_planner_node-4] total time:[42m0.000201[0m,optimize:0.000153,refine:4.88e-05
[scan_planner_node-4] final_plan_success=1
[scan_planner_node-4] [FSM]: from REPLAN_TRAJ to EXEC_TRAJ
[closed_loop_controller-6] [INFO] [1785997938.776930081] [closed_loop_controller]: Received trajectory 95, duration 5.760s
[scan_planner_node-4] [FSM]: from EXEC_TRAJ to REPLAN_TRAJ
[scan_planner_node-4] 
[scan_planner_node-4] [rebo replan]: -------------------------------------185
[scan_planner_node-4] start: -2.82     7   1.4,    0.625  0.00104 0.000258
[scan_planner_node-4] goal:0.625     7   1.4,    0.75 4.2e-11       0
[scan_planner_node-4] [32miter(+1)=1,time(ms)=0.015,total_t(ms)=0.016,cost=0.003
[scan_planner_node-4] [0mfirst_optimize_step_success=1
[scan_planner_node-4] total time:[42m0.000243[0m,optimize:0.000188,refine:5.43e-05
[scan_planner_node-4] final_plan_success=1
[scan_planner_node-4] [FSM]: from REPLAN_TRAJ to EXEC_TRAJ
[closed_loop_controller-6] [INFO] [1785997940.441555652] [closed_loop_controller]: Received trajectory 96, duration 5.440s
[scan_planner_node-4] [INFO] [1785997940.783948470] [scan_planner_node]: [GridMapDiag] cloud=32768 accepted=20296 invalid=12472 below_sensor=0 outside_update=0 sensor_z=1.700 cutoff_z=2.700
[scan_planner_node-4] [FSM]: from EXEC_TRAJ to REPLAN_TRAJ
[scan_planner_node-4] 
[scan_planner_node-4] [rebo replan]: -------------------------------------186
[scan_planner_node-4] start: -1.77     7   1.4,    0.625 0.000272 0.000192
[scan_planner_node-4] goal:1.85    7  1.4,     0.75 6.37e-09        0
[scan_planner_node-4] [32miter(+1)=4,time(ms)=0.017,total_t(ms)=0.017,cost=0.005
[scan_planner_node-4] [0mfirst_optimize_step_success=1
[scan_planner_node-4] total time:[42m0.000198[0m,optimize:0.000154,refine:4.33e-05
[scan_planner_node-4] final_plan_success=1
[scan_planner_node-4] [FSM]: from REPLAN_TRAJ to EXEC_TRAJ
[closed_loop_controller-6] [INFO] [1785997942.129684308] [closed_loop_controller]: Received trajectory 97, duration 5.760s
[scan_planner_node-4] [FSM]: state: EXEC_TRAJ
[scan_planner_node-4] [INFO] [1785997942.877023923] [scan_planner_node]: [GridMapDiag] cloud=32768 accepted=20896 invalid=11872 below_sensor=0 outside_update=0 sensor_z=1.700 cutoff_z=2.700
[scan_planner_node-4] [FSM]: from EXEC_TRAJ to REPLAN_TRAJ
[scan_planner_node-4] 
[scan_planner_node-4] [rebo replan]: -------------------------------------187
[scan_planner_node-4] start: -0.705      7    1.4,    0.625 0.000125 0.000127
[scan_planner_node-4] goal:2.73    7  1.4,      0.75 -3.86e-08         0
[scan_planner_node-4] [32miter(+1)=4,time(ms)=0.018,total_t(ms)=0.018,cost=0.003
[scan_planner_node-4] [0mfirst_optimize_step_success=1
[scan_planner_node-4] total time:[42m0.000226[0m,optimize:0.000175,refine:5.03e-05
[scan_planner_node-4] final_plan_success=1
[scan_planner_node-4] [FSM]: from REPLAN_TRAJ to EXEC_TRAJ
[closed_loop_controller-6] [INFO] [1785997943.826852912] [closed_loop_controller]: Received trajectory 98, duration 5.440s
[scan_planner_node-4] [INFO] [1785997944.978428573] [scan_planner_node]: [GridMapDiag] cloud=32768 accepted=21000 invalid=11768 below_sensor=0 outside_update=0 sensor_z=1.700 cutoff_z=2.700
[scan_planner_node-4] [FSM]: from EXEC_TRAJ to REPLAN_TRAJ
[scan_planner_node-4] 
[scan_planner_node-4] [rebo replan]: -------------------------------------188
[scan_planner_node-4] start: 0.33    7  1.4,    0.625 1.14e-05 9.45e-05
[scan_planner_node-4] goal:3.95    7  1.4,      0.75 -2.54e-05         0
[scan_planner_node-4] [32miter(+1)=4,time(ms)=0.026,total_t(ms)=0.026,cost=0.004
[scan_planner_node-4] [0mfirst_optimize_step_success=1
[scan_planner_node-4] total time:[42m0.000347[0m,optimize:0.000254,refine:9.3e-05
[scan_planner_node-4] final_plan_success=1
[scan_planner_node-4] [FSM]: from REPLAN_TRAJ to EXEC_TRAJ
[closed_loop_controller-6] [INFO] [1785997945.484711936] [closed_loop_controller]: Received trajectory 99, duration 5.760s
[scan_planner_node-4] [INFO] [1785997947.079048257] [scan_planner_node]: [GridMapDiag] cloud=32768 accepted=20873 invalid=11895 below_sensor=0 outside_update=0 sensor_z=1.700 cutoff_z=2.700
[scan_planner_node-4] [FSM]: from EXEC_TRAJ to REPLAN_TRAJ
[scan_planner_node-4] 
[scan_planner_node-4] [rebo replan]: -------------------------------------189
[scan_planner_node-4] start: 1.38    7  1.4,    0.625 5.62e-06 6.24e-05
[scan_planner_node-4] goal:  5   7 1.4,    0.75 0.00411       0
[scan_planner_node-4] [32miter(+1)=4,time(ms)=0.019,total_t(ms)=0.020,cost=0.005
[scan_planner_node-4] [0mfirst_optimize_step_success=1
[scan_planner_node-4] total time:[42m0.000207[0m,optimize:0.000161,refine:4.6e-05
[scan_planner_node-4] final_plan_success=1
[scan_planner_node-4] [FSM]: from REPLAN_TRAJ to EXEC_TRAJ
[closed_loop_controller-6] [INFO] [1785997947.173699660] [closed_loop_controller]: Received trajectory 100, duration 5.760s
[scan_planner_node-4] [FSM]: state: EXEC_TRAJ
[scan_planner_node-4] [FSM]: from EXEC_TRAJ to REPLAN_TRAJ
[scan_planner_node-4] 
[scan_planner_node-4] [rebo replan]: -------------------------------------190
[scan_planner_node-4] start: 2.44    7  1.4,     0.625 -4.45e-07  4.43e-05
[scan_planner_node-4] goal:5.89 7.01  1.4, 0.743 0.103     0
[scan_planner_node-4] [32miter(+1)=6,time(ms)=0.024,total_t(ms)=0.024,cost=0.003
[scan_planner_node-4] [0mfirst_optimize_step_success=1
[scan_planner_node-4] total time:[42m0.000191[0m,optimize:0.000151,refine:4.02e-05
[scan_planner_node-4] final_plan_success=1
[scan_planner_node-4] [FSM]: from REPLAN_TRAJ to EXEC_TRAJ
[closed_loop_controller-6] [INFO] [1785997948.863450911] [closed_loop_controller]: Received trajectory 101, duration 5.440s
[scan_planner_node-4] [INFO] [1785997949.164668328] [scan_planner_node]: [GridMapDiag] cloud=32768 accepted=20386 invalid=12382 below_sensor=0 outside_update=0 sensor_z=1.700 cutoff_z=2.700
[scan_planner_node-4] [FSM]: from EXEC_TRAJ to REPLAN_TRAJ
[scan_planner_node-4] 
[scan_planner_node-4] [rebo replan]: -------------------------------------191
[scan_planner_node-4] start: 3.49    7  1.4,    0.625 9.48e-05 3.28e-05
[scan_planner_node-4] goal:  6 5.9 1.4, 0.000709   -0.749        0
[scan_planner_node-4] [32miter(+1)=12,time(ms)=0.053,total_t(ms)=0.053,cost=0.020
[scan_planner_node-4] [0mfirst_optimize_step_success=1
[scan_planner_node-4] total time:[42m0.000243[0m,optimize:0.000196,refine:4.64e-05
[scan_planner_node-4] final_plan_success=1
[scan_planner_node-4] [FSM]: from REPLAN_TRAJ to EXEC_TRAJ
[closed_loop_controller-6] [INFO] [1785997950.536367738] [closed_loop_controller]: Received trajectory 102, duration 6.080s
[scan_planner_node-4] [INFO] [1785997951.347220866] [scan_planner_node]: [GridMapDiag] cloud=32768 accepted=18463 invalid=14305 below_sensor=0 outside_update=0 sensor_z=1.700 cutoff_z=2.700
[scan_planner_node-4] [FSM]: state: EXEC_TRAJ
[scan_planner_node-4] [FSM]: from EXEC_TRAJ to REPLAN_TRAJ
[scan_planner_node-4] 
[scan_planner_node-4] [rebo replan]: -------------------------------------192
[scan_planner_node-4] start: 4.52    7  1.4,    0.629   0.0109 2.06e-05
[scan_planner_node-4] goal:  6   5 1.4, 0 0 0
[scan_planner_node-4] [32miter(+1)=35,time(ms)=0.159,total_t(ms)=0.159,cost=0.012
[scan_planner_node-4] [0mfirst_optimize_step_success=1
[scan_planner_node-4] total time:[42m0.000331[0m,optimize:0.000288,refine:4.3e-05
[scan_planner_node-4] final_plan_success=1
[scan_planner_node-4] [FSM]: from REPLAN_TRAJ to EXEC_TRAJ
[closed_loop_controller-6] [INFO] [1785997952.197863640] [closed_loop_controller]: Received trajectory 103, duration 5.760s
[scan_planner_node-4] [INFO] [1785997953.375530199] [scan_planner_node]: [GridMapDiag] cloud=32768 accepted=15872 invalid=16896 below_sensor=0 outside_update=0 sensor_z=1.700 cutoff_z=2.700
[scan_planner_node-4] [FSM]: from EXEC_TRAJ to REPLAN_TRAJ
[scan_planner_node-4] 
[scan_planner_node-4] [rebo replan]: -------------------------------------193
[scan_planner_node-4] start: 5.58 7.07  1.4,    0.563   -0.029 1.62e-05
[scan_planner_node-4] goal:  6   5 1.4, 0 0 0
[scan_planner_node-4] [32miter(+1)=23,time(ms)=0.068,total_t(ms)=0.068,cost=0.058
[scan_planner_node-4] [0mfirst_optimize_step_success=1
[scan_planner_node-4] Need to reallocate time.
[scan_planner_node-4] total time:[42m0.000319[0m,optimize:0.00015,refine:0.000169
[scan_planner_node-4] final_plan_success=1
[scan_planner_node-4] [FSM]: from REPLAN_TRAJ to EXEC_TRAJ
[closed_loop_controller-6] [INFO] [1785997953.783923920] [closed_loop_controller]: Received trajectory 104, duration 4.770s
[scan_planner_node-4] [INFO] [1785997955.434059144] [scan_planner_node]: [GridMapDiag] cloud=32768 accepted=15273 invalid=17495 below_sensor=0 outside_update=0 sensor_z=1.700 cutoff_z=2.700
[scan_planner_node-4] [FSM]: from EXEC_TRAJ to REPLAN_TRAJ
[scan_planner_node-4] 
[scan_planner_node-4] [rebo replan]: -------------------------------------194
[scan_planner_node-4] start: 6.12 6.19  1.4, 0.00286  -0.679 1.3e-05
[scan_planner_node-4] goal:  6   5 1.4, 0 0 0
[scan_planner_node-4] [32miter(+1)=12,time(ms)=0.036,total_t(ms)=0.036,cost=0.129
[scan_planner_node-4] [0mfirst_optimize_step_success=1
[scan_planner_node-4] Need to reallocate time.
[scan_planner_node-4] total time:[42m0.000214[0m,optimize:0.000109,refine:0.000105
[scan_planner_node-4] final_plan_success=1
[scan_planner_node-4] [FSM]: from REPLAN_TRAJ to EXEC_TRAJ
[closed_loop_controller-6] [INFO] [1785997955.954878648] [closed_loop_controller]: Received trajectory 105, duration 2.286s
[scan_planner_node-4] [FSM]: state: EXEC_TRAJ
[terrain_path_visualizer-10] [INFO] [1785997957.368067854] [terrain_path_segmenter]: Visualization advanced to segment 2/3
[scan_planner_node-4] [TRIG]: from EXEC_TRAJ to REPLAN_TRAJ
[scan_planner_node-4] [INFO] [1785997957.453021229] [scan_planner_node]: Reference path accepted
[scan_planner_node-4] [INFO] [1785997957.453685430] [scan_planner_node]: [GridMapDiag] cloud=32768 accepted=15342 invalid=17426 below_sensor=0 outside_update=0 sensor_z=1.700 cutoff_z=2.700
[scan_planner_node-4] 
[scan_planner_node-4] [rebo replan]: -------------------------------------195
[scan_planner_node-4] start: 6.03 5.18  1.4,  -0.0615   -0.412 1.82e-05
[scan_planner_node-4] goal:  6   3 0.4, 0 0 0
[scan_planner_node-4] [WARN] [1785997957.462434504] [path_searching]: [AStarDiag] result=OPEN_SET_EMPTY start=[5.995 4.756 1.200] end=[5.996 4.358 1.020] adjusted_start=[5.996 4.757 1.210] adjusted_end=[5.996 4.407 1.060] iter=7684 occupied_rejects=1993 pool_rejects=1133 elapsed_ms=8.55
[scan_planner_node-4] [ERROR] [1785997957.462474143] [bspline_opt]: [ReplanDiag] init_control_points A-star failed ret=2 segment=1/1 ids=[5,7] start=[5.995 4.756 1.200] end=[5.996 4.358 1.020]
[scan_planner_node-4] [WARN] [1785997957.470347541] [path_searching]: [AStarDiag] result=OPEN_SET_EMPTY start=[5.995 4.756 1.200] end=[5.996 4.356 1.020] adjusted_start=[5.996 4.756 1.210] adjusted_end=[5.996 4.406 1.060] iter=7684 occupied_rejects=1993 pool_rejects=1133 elapsed_ms=7.81
[scan_planner_node-4] [ERROR] [1785997957.470375248] [bspline_opt]: [ReplanDiag] rebound A-star failed ret=2 segment=1/1 ids=[5,7] start=[5.995 4.756 1.200] end=[5.996 4.356 1.020]
[scan_planner_node-4] iter=5,time(ms)=7.9,rebound.
[scan_planner_node-4] [WARN] [1785997957.478653356] [path_searching]: [AStarDiag] result=OPEN_SET_EMPTY start=[5.995 4.756 1.200] end=[5.996 4.355 1.020] adjusted_start=[5.996 4.756 1.210] adjusted_end=[5.996 4.406 1.060] iter=7684 occupied_rejects=1993 pool_rejects=1133 elapsed_ms=8.19
[scan_planner_node-4] [ERROR] [1785997957.478694793] [bspline_opt]: [ReplanDiag] init_control_points A-star failed ret=2 segment=1/1 ids=[5,7] start=[5.995 4.756 1.200] end=[5.996 4.355 1.020]
[scan_planner_node-4] [32miter(+1)=3,time(ms)=0.013,keep optimizing
[scan_planner_node-4] [WARN] [1785997957.486610536] [path_searching]: [AStarDiag] result=OPEN_SET_EMPTY start=[5.995 4.756 1.200] end=[5.996 4.355 1.020] adjusted_start=[5.996 4.756 1.210] adjusted_end=[5.996 4.406 1.060] iter=7684 occupied_rejects=1993 pool_rejects=1133 elapsed_ms=7.84
[scan_planner_node-4] [ERROR] [1785997957.486639163] [bspline_opt]: [ReplanDiag] init_control_points A-star failed ret=2 segment=1/1 ids=[5,7] start=[5.995 4.756 1.200] end=[5.996 4.355 1.020]
[scan_planner_node-4] [0m[32miter(+1)=1,time(ms)=0.015,keep optimizing
[scan_planner_node-4] [WARN] [1785997957.494398525] [path_searching]: [AStarDiag] result=OPEN_SET_EMPTY start=[5.995 4.756 1.200] end=[5.996 4.355 1.020] adjusted_start=[5.996 4.756 1.210] adjusted_end=[5.996 4.406 1.060] iter=7684 occupied_rejects=1993 pool_rejects=1133 elapsed_ms=7.69
[scan_planner_node-4] [ERROR] [1785997957.494434367] [bspline_opt]: [ReplanDiag] init_control_points A-star failed ret=2 segment=1/1 ids=[5,7] start=[5.995 4.756 1.200] end=[5.996 4.355 1.020]
[scan_planner_node-4] [0m[32miter(+1)=1,time(ms)=0.014,keep optimizing
[scan_planner_node-4] [0mfirst_optimize_step_success=0
[scan_planner_node-4] final_plan_success=0
[scan_planner_node-4] 
[scan_planner_node-4] [rebo replan]: -------------------------------------196
[scan_planner_node-4] start: 6.03 5.18  1.4,  -0.0615   -0.412 1.82e-05
[scan_planner_node-4] goal:  6   3 0.4, 0 0 0
[scan_planner_node-4] [WARN] [1785997957.503107924] [path_searching]: [AStarDiag] result=OPEN_SET_EMPTY start=[5.995 4.756 1.200] end=[5.996 4.358 1.020] adjusted_start=[5.996 4.757 1.210] adjusted_end=[5.996 4.407 1.060] iter=7684 occupied_rejects=1993 pool_rejects=1133 elapsed_ms=8.50
[scan_planner_node-4] [ERROR] [1785997957.503155244] [bspline_opt]: [ReplanDiag] init_control_points A-star failed ret=2 segment=1/1 ids=[5,7] start=[5.995 4.756 1.200] end=[5.996 4.358 1.020]
[scan_planner_node-4] [WARN] [1785997957.513626248] [path_searching]: [AStarDiag] result=OPEN_SET_EMPTY start=[5.995 4.756 1.200] end=[5.996 4.356 1.020] adjusted_start=[5.996 4.756 1.210] adjusted_end=[5.996 4.406 1.060] iter=7684 occupied_rejects=1993 pool_rejects=1133 elapsed_ms=10.38
[scan_planner_node-4] [ERROR] [1785997957.513671106] [bspline_opt]: [ReplanDiag] rebound A-star failed ret=2 segment=1/1 ids=[5,7] start=[5.995 4.756 1.200] end=[5.996 4.356 1.020]
[scan_planner_node-4] iter=5,time(ms)=10.5,rebound.
[scan_planner_node-4] [WARN] [1785997957.524121862] [path_searching]: [AStarDiag] result=OPEN_SET_EMPTY start=[5.995 4.756 1.200] end=[5.996 4.355 1.020] adjusted_start=[5.996 4.756 1.210] adjusted_end=[5.996 4.406 1.060] iter=7684 occupied_rejects=1993 pool_rejects=1133 elapsed_ms=10.35
[scan_planner_node-4] [ERROR] [1785997957.524166620] [bspline_opt]: [ReplanDiag] init_control_points A-star failed ret=2 segment=1/1 ids=[5,7] start=[5.995 4.756 1.200] end=[5.996 4.355 1.020]
[scan_planner_node-4] [32miter(+1)=3,time(ms)=0.013,keep optimizing
[scan_planner_node-4] [WARN] [1785997957.532388187] [path_searching]: [AStarDiag] result=OPEN_SET_EMPTY start=[5.995 4.756 1.200] end=[5.996 4.355 1.020] adjusted_start=[5.996 4.756 1.210] adjusted_end=[5.996 4.406 1.060] iter=7684 occupied_rejects=1993 pool_rejects=1133 elapsed_ms=8.12
[scan_planner_node-4] [ERROR] [1785997957.532437022] [bspline_opt]: [ReplanDiag] init_control_points A-star failed ret=2 segment=1/1 ids=[5,7] start=[5.995 4.756 1.200] end=[5.996 4.355 1.020]
[scan_planner_node-4] [0m[32miter(+1)=1,time(ms)=0.017,keep optimizing
[scan_planner_node-4] [WARN] [1785997957.541025685] [path_searching]: [AStarDiag] result=OPEN_SET_EMPTY start=[5.995 4.756 1.200] end=[5.996 4.355 1.020] adjusted_start=[5.996 4.756 1.210] adjusted_end=[5.996 4.406 1.060] iter=7684 occupied_rejects=1993 pool_rejects=1133 elapsed_ms=8.49
[scan_planner_node-4] [ERROR] [1785997957.541060147] [bspline_opt]: [ReplanDiag] init_control_points A-star failed ret=2 segment=1/1 ids=[5,7] start=[5.995 4.756 1.200] end=[5.996 4.355 1.020]
[scan_planner_node-4] [0m[32miter(+1)=1,time(ms)=0.019,keep optimizing
[scan_planner_node-4] [0mfirst_optimize_step_success=0
[scan_planner_node-4] final_plan_success=0
[scan_planner_node-4] 
[scan_planner_node-4] [rebo replan]: -------------------------------------197
[scan_planner_node-4] start: 6.03 5.18  1.4,  -0.0615   -0.412 1.82e-05
[scan_planner_node-4] goal:  6   3 0.4, 0 0 0
[scan_planner_node-4] [32miter(+1)=25,time(ms)=0.122,total_t(ms)=0.122,cost=0.087
[scan_planner_node-4] [0mfirst_optimize_step_success=1
[scan_planner_node-4] Need to reallocate time.
[scan_planner_node-4] total time:[42m0.000481[0m,optimize:0.000309,refine:0.000173
[scan_planner_node-4] final_plan_success=1
[scan_planner_node-4] [FSM]: from REPLAN_TRAJ to EXEC_TRAJ
[closed_loop_controller-6] [INFO] [1785997957.541765366] [closed_loop_controller]: Received trajectory 106, duration 5.369s
[scan_planner_node-4] [INFO] [1785997959.487721497] [scan_planner_node]: [GridMapDiag] cloud=32768 accepted=19035 invalid=13733 below_sensor=0 outside_update=0 sensor_z=1.491 cutoff_z=2.491
[scan_planner_node-4] [FSM]: from EXEC_TRAJ to REPLAN_TRAJ
[scan_planner_node-4] 
[scan_planner_node-4] [rebo replan]: -------------------------------------198
[scan_planner_node-4] start: 5.77 4.24 1.02, 0.0722 -0.597 -0.257
[scan_planner_node-4] goal:  6   3 0.4, 0 0 0
[scan_planner_node-4] [32miter(+1)=13,time(ms)=0.048,total_t(ms)=0.048,cost=0.425
[scan_planner_node-4] [0mfirst_optimize_step_success=1
[scan_planner_node-4] Need to reallocate time.
[scan_planner_node-4] total time:[42m0.000319[0m,optimize:0.000156,refine:0.000163
[scan_planner_node-4] final_plan_success=1
[scan_planner_node-4] [FSM]: from REPLAN_TRAJ to EXEC_TRAJ
[closed_loop_controller-6] [INFO] [1785997960.088259748] [closed_loop_controller]: Received trajectory 107, duration 3.060s
[scan_planner_node-4] [FSM]: state: EXEC_TRAJ
[scan_planner_node-4] [INFO] [1785997961.524909407] [scan_planner_node]: [GridMapDiag] cloud=32768 accepted=26572 invalid=6196 below_sensor=0 outside_update=0 sensor_z=0.922 cutoff_z=1.922
[scan_planner_node-4] [FSM]: from EXEC_TRAJ to REPLAN_TRAJ
[scan_planner_node-4] 
[scan_planner_node-4] [rebo replan]: -------------------------------------199
[scan_planner_node-4] start:  5.95  3.28 0.669, 0.0781 -0.398 -0.118
[scan_planner_node-4] goal:  6   3 0.4, 0 0 0
[scan_planner_node-4] [32miter(+1)=10,time(ms)=0.030,total_t(ms)=0.030,cost=0.085
[scan_planner_node-4] [0mfirst_optimize_step_success=1
[scan_planner_node-4] Need to reallocate time.
[scan_planner_node-4] total time:[42m0.000154[0m,optimize:0.000101,refine:5.37e-05
[scan_planner_node-4] final_plan_success=1
[scan_planner_node-4] [FSM]: from REPLAN_TRAJ to EXEC_TRAJ
[closed_loop_controller-6] [INFO] [1785997961.824131291] [closed_loop_controller]: Received trajectory 108, duration 2.091s
[terrain_path_visualizer-10] [INFO] [1785997961.907481263] [terrain_path_segmenter]: Visualization advanced to segment 3/3
[scan_planner_node-4] [TRIG]: from EXEC_TRAJ to REPLAN_TRAJ
[scan_planner_node-4] [INFO] [1785997962.955023431] [scan_planner_node]: Reference path accepted
[scan_planner_node-4] 
[scan_planner_node-4] [rebo replan]: -------------------------------------200
[scan_planner_node-4] start:  5.99  3.05 0.521,  0.0136 -0.0774 -0.0381
[scan_planner_node-4] goal:    6 -0.65   0.4, -1.25e-05     -0.75         0
[scan_planner_node-4] [32miter(+1)=25,time(ms)=0.156,total_t(ms)=0.157,cost=0.009
[scan_planner_node-4] [0mfirst_optimize_step_success=1
[scan_planner_node-4] total time:[42m0.000381[0m,optimize:0.000323,refine:5.86e-05
[scan_planner_node-4] final_plan_success=1
[scan_planner_node-4] [FSM]: from REPLAN_TRAJ to EXEC_TRAJ
[closed_loop_controller-6] [INFO] [1785997962.955867409] [closed_loop_controller]: Received trajectory 109, duration 6.400s
[scan_planner_node-4] [INFO] [1785997963.599787744] [scan_planner_node]: [GridMapDiag] cloud=32768 accepted=27629 invalid=5139 below_sensor=0 outside_update=0 sensor_z=0.711 cutoff_z=1.711
[scan_planner_node-4] [INFO] [1785997965.720436285] [scan_planner_node]: [GridMapDiag] cloud=32768 accepted=26592 invalid=6176 below_sensor=0 outside_update=0 sensor_z=0.700 cutoff_z=1.700
[scan_planner_node-4] [FSM]: from EXEC_TRAJ to REPLAN_TRAJ
[scan_planner_node-4] 
[scan_planner_node-4] [rebo replan]: -------------------------------------201
[scan_planner_node-4] start:  5.99  2.01 0.493, 0.00106   -0.77 -0.0227
[scan_planner_node-4] goal:   6 -1.7  0.4, 0.000305    -0.75        0
[scan_planner_node-4] [32miter(+1)=7,time(ms)=0.028,total_t(ms)=0.029,cost=0.006
[scan_planner_node-4] [0mfirst_optimize_step_success=1
[scan_planner_node-4] total time:[42m0.00022[0m,optimize:0.000177,refine:4.39e-05
[scan_planner_node-4] final_plan_success=1
[scan_planner_node-4] [FSM]: from REPLAN_TRAJ to EXEC_TRAJ
[closed_loop_controller-6] [INFO] [1785997965.895635737] [closed_loop_controller]: Received trajectory 110, duration 5.760s
[scan_planner_node-4] [FSM]: state: EXEC_TRAJ
[scan_planner_node-4] [FSM]: from EXEC_TRAJ to REPLAN_TRAJ
[scan_planner_node-4] 
[scan_planner_node-4] [rebo replan]: -------------------------------------202
[scan_planner_node-4] start:  5.99 0.951 0.466, 0.00389  -0.638 -0.0156
[scan_planner_node-4] goal:    6 -2.58   0.4, -0.0381  -0.712       0
[scan_planner_node-4] [32miter(+1)=6,time(ms)=0.024,total_t(ms)=0.024,cost=0.003
[scan_planner_node-4] [0mfirst_optimize_step_success=1
[scan_planner_node-4] total time:[42m0.000198[0m,optimize:0.000156,refine:4.26e-05
[scan_planner_node-4] final_plan_success=1
[scan_planner_node-4] [FSM]: from REPLAN_TRAJ to EXEC_TRAJ
[closed_loop_controller-6] [INFO] [1785997967.588931218] [closed_loop_controller]: Received trajectory 111, duration 5.440s
[scan_planner_node-4] [INFO] [1785997967.755712732] [scan_planner_node]: [GridMapDiag] cloud=32768 accepted=25521 invalid=7247 below_sensor=0 outside_update=0 sensor_z=0.700 cutoff_z=1.700
[scan_planner_node-4] [FSM]: from EXEC_TRAJ to REPLAN_TRAJ
[scan_planner_node-4] 
[scan_planner_node-4] [rebo replan]: -------------------------------------203
[scan_planner_node-4] start:       6 -0.0937   0.447, 0.00127  -0.625 -0.0117
[scan_planner_node-4] goal:5.2  -3 0.4,    -0.74 -0.00959        0
[scan_planner_node-4] [32miter(+1)=12,time(ms)=0.074,total_t(ms)=0.075,cost=0.006
[scan_planner_node-4] [0mfirst_optimize_step_success=1
[scan_planner_node-4] total time:[42m0.000389[0m,optimize:0.000313,refine:7.6e-05
[scan_planner_node-4] final_plan_success=1
[scan_planner_node-4] [FSM]: from REPLAN_TRAJ to EXEC_TRAJ
[closed_loop_controller-6] [INFO] [1785997969.261486245] [closed_loop_controller]: Received trajectory 112, duration 5.760s
[scan_planner_node-4] [INFO] [1785997969.869862265] [scan_planner_node]: [GridMapDiag] cloud=32768 accepted=25048 invalid=7720 below_sensor=0 outside_update=0 sensor_z=0.700 cutoff_z=1.700
[scan_planner_node-4] [FSM]: from EXEC_TRAJ to REPLAN_TRAJ
[scan_planner_node-4] 
[scan_planner_node-4] [rebo replan]: -------------------------------------204
[scan_planner_node-4] start:     6 -1.15 0.433,  0.00212   -0.627 -0.00809
[scan_planner_node-4] goal:4.15   -3  0.4,   -0.75 5.9e-05       0
[scan_planner_node-4] [32miter(+1)=12,time(ms)=0.048,total_t(ms)=0.048,cost=0.009
[scan_planner_node-4] [0mfirst_optimize_step_success=1
[scan_planner_node-4] total time:[42m0.000217[0m,optimize:0.000175,refine:4.22e-05
[scan_planner_node-4] final_plan_success=1
[scan_planner_node-4] [FSM]: from REPLAN_TRAJ to EXEC_TRAJ
[closed_loop_controller-6] [INFO] [1785997970.953941527] [closed_loop_controller]: Received trajectory 113, duration 5.760s
[scan_planner_node-4] [INFO] [1785997971.905667071] [scan_planner_node]: [GridMapDiag] cloud=32768 accepted=24465 invalid=8303 below_sensor=0 outside_update=0 sensor_z=0.700 cutoff_z=1.700
[scan_planner_node-4] [FSM]: state: EXEC_TRAJ
[scan_planner_node-4] [FSM]: from EXEC_TRAJ to REPLAN_TRAJ
[scan_planner_node-4] 
[scan_planner_node-4] [rebo replan]: -------------------------------------205
[scan_planner_node-4] start:  6.03 -2.22 0.423,   0.0478   -0.654 -0.00584
[scan_planner_node-4] goal:3.1  -3 0.4,    -0.75 3.61e-07        0
[scan_planner_node-4] [32miter(+1)=7,time(ms)=0.029,total_t(ms)=0.029,cost=0.006
[scan_planner_node-4] [0mfirst_optimize_step_success=1
[scan_planner_node-4] total time:[42m0.0002[0m,optimize:0.00016,refine:4.01e-05
[scan_planner_node-4] final_plan_success=1
[scan_planner_node-4] [FSM]: from REPLAN_TRAJ to EXEC_TRAJ
[closed_loop_controller-6] [INFO] [1785997972.669641551] [closed_loop_controller]: Received trajectory 114, duration 5.440s
[scan_planner_node-4] [INFO] [1785997973.949312934] [scan_planner_node]: [GridMapDiag] cloud=32768 accepted=24226 invalid=8542 below_sensor=0 outside_update=0 sensor_z=0.700 cutoff_z=1.700
[scan_planner_node-4] [FSM]: from EXEC_TRAJ to REPLAN_TRAJ
[scan_planner_node-4] 
[scan_planner_node-4] [rebo replan]: -------------------------------------206
[scan_planner_node-4] start:  5.37 -3.01 0.415,   -0.639  -0.0137 -0.00411
[scan_planner_node-4] goal:1.7  -3 0.4,    -0.75 -9.9e-10        0
[scan_planner_node-4] [32miter(+1)=4,time(ms)=0.025,total_t(ms)=0.025,cost=0.002
[scan_planner_node-4] [0mfirst_optimize_step_success=1
[scan_planner_node-4] total time:[42m0.000256[0m,optimize:0.000204,refine:5.19e-05
[scan_planner_node-4] final_plan_success=1
[scan_planner_node-4] [FSM]: from REPLAN_TRAJ to EXEC_TRAJ
[closed_loop_controller-6] [INFO] [1785997974.858625334] [closed_loop_controller]: Received trajectory 115, duration 5.760s
[scan_planner_node-4] [INFO] [1785997975.985927269] [scan_planner_node]: [GridMapDiag] cloud=32768 accepted=23849 invalid=8919 below_sensor=0 outside_update=0 sensor_z=0.700 cutoff_z=1.700
[scan_planner_node-4] [FSM]: from EXEC_TRAJ to REPLAN_TRAJ
[scan_planner_node-4] 
[scan_planner_node-4] [rebo replan]: -------------------------------------207
[scan_planner_node-4] start:  4.33    -3 0.411,   -0.625 -0.00257 -0.00256
[scan_planner_node-4] goal:0.825    -3   0.4,     -0.75 -9.74e-11         0
[scan_planner_node-4] [32miter(+1)=6,time(ms)=0.023,total_t(ms)=0.024,cost=0.001
[scan_planner_node-4] [0mfirst_optimize_step_success=1
[scan_planner_node-4] total time:[42m0.00019[0m,optimize:0.000152,refine:3.8e-05
[scan_planner_node-4] final_plan_success=1
[scan_planner_node-4] [FSM]: from REPLAN_TRAJ to EXEC_TRAJ
[closed_loop_controller-6] [INFO] [1785997976.527498762] [closed_loop_controller]: Received trajectory 116, duration 5.440s
[scan_planner_node-4] [FSM]: state: EXEC_TRAJ
[scan_planner_node-4] [INFO] [1785997978.144559125] [scan_planner_node]: [GridMapDiag] cloud=32768 accepted=24305 invalid=8463 below_sensor=0 outside_update=0 sensor_z=0.700 cutoff_z=1.700
[scan_planner_node-4] [FSM]: from EXEC_TRAJ to REPLAN_TRAJ
[scan_planner_node-4] 
[scan_planner_node-4] [rebo replan]: -------------------------------------208
[scan_planner_node-4] start:  3.26    -3 0.407,    -0.625 -4.68e-05  -0.00191
[scan_planner_node-4] goal:-0.4   -3  0.4,    -0.75 1.53e-11        0
[scan_planner_node-4] [32miter(+1)=4,time(ms)=0.024,total_t(ms)=0.025,cost=0.001
[scan_planner_node-4] [0mfirst_optimize_step_success=1
[scan_planner_node-4] total time:[42m0.00022[0m,optimize:0.000174,refine:4.66e-05
[scan_planner_node-4] final_plan_success=1
[scan_planner_node-4] [FSM]: from REPLAN_TRAJ to EXEC_TRAJ
[closed_loop_controller-6] [INFO] [1785997978.234688522] [closed_loop_controller]: Received trajectory 117, duration 5.760s
[scan_planner_node-4] [FSM]: from EXEC_TRAJ to REPLAN_TRAJ
[scan_planner_node-4] 
[scan_planner_node-4] [rebo replan]: -------------------------------------209
[scan_planner_node-4] start:  2.22    -3 0.405,   -0.625 0.000111 -0.00128
[scan_planner_node-4] goal:-1.27    -3   0.4,    -0.75 3.94e-10        0
[scan_planner_node-4] [32miter(+1)=6,time(ms)=0.026,total_t(ms)=0.026,cost=0.001
[scan_planner_node-4] [0mfirst_optimize_step_success=1
[scan_planner_node-4] total time:[42m0.0002[0m,optimize:0.00016,refine:4e-05
[scan_planner_node-4] final_plan_success=1
[scan_planner_node-4] [FSM]: from REPLAN_TRAJ to EXEC_TRAJ
[closed_loop_controller-6] [INFO] [1785997979.901517070] [closed_loop_controller]: Received trajectory 118, duration 5.440s
[scan_planner_node-4] [INFO] [1785997980.150152728] [scan_planner_node]: [GridMapDiag] cloud=32768 accepted=25271 invalid=7497 below_sensor=0 outside_update=0 sensor_z=0.700 cutoff_z=1.700
[scan_planner_node-4] [FSM]: from EXEC_TRAJ to REPLAN_TRAJ
[scan_planner_node-4] 
[scan_planner_node-4] [rebo replan]: -------------------------------------210
[scan_planner_node-4] start:  1.18    -3 0.404,    -0.625  5.18e-06 -0.000955
[scan_planner_node-4] goal:-2.33    -3   0.4,    -0.75 7.16e-09        0
[scan_planner_node-4] [32miter(+1)=6,time(ms)=0.024,total_t(ms)=0.024,cost=0.001
[scan_planner_node-4] [0mfirst_optimize_step_success=1
[scan_planner_node-4] total time:[42m0.000195[0m,optimize:0.000154,refine:4.1e-05
[scan_planner_node-4] final_plan_success=1
[scan_planner_node-4] [FSM]: from REPLAN_TRAJ to EXEC_TRAJ
[closed_loop_controller-6] [INFO] [1785997981.561777397] [closed_loop_controller]: Received trajectory 119, duration 5.440s
[scan_planner_node-4] [INFO] [1785997982.213259602] [scan_planner_node]: [GridMapDiag] cloud=32768 accepted=25206 invalid=7562 below_sensor=0 outside_update=0 sensor_z=0.700 cutoff_z=1.700
[scan_planner_node-4] [FSM]: state: EXEC_TRAJ
[scan_planner_node-4] [FSM]: from EXEC_TRAJ to REPLAN_TRAJ
[scan_planner_node-4] 
[scan_planner_node-4] [rebo replan]: -------------------------------------211
[scan_planner_node-4] start: 0.118    -3 0.403,    -0.625  1.48e-06 -0.000667
[scan_planner_node-4] goal:-3.55    -3   0.4,    -0.75 4.71e-06        0
[scan_planner_node-4] [32miter(+1)=4,time(ms)=0.016,total_t(ms)=0.017,cost=0.001
[scan_planner_node-4] [0mfirst_optimize_step_success=1
[scan_planner_node-4] total time:[42m0.000208[0m,optimize:0.000164,refine:4.43e-05
[scan_planner_node-4] final_plan_success=1
[scan_planner_node-4] [FSM]: from REPLAN_TRAJ to EXEC_TRAJ
[closed_loop_controller-6] [INFO] [1785997983.263915742] [closed_loop_controller]: Received trajectory 120, duration 5.760s
[scan_planner_node-4] [INFO] [1785997984.256278171] [scan_planner_node]: [GridMapDiag] cloud=32768 accepted=25146 invalid=7622 below_sensor=0 outside_update=0 sensor_z=0.700 cutoff_z=1.700
[scan_planner_node-4] [FSM]: from EXEC_TRAJ to REPLAN_TRAJ
[scan_planner_node-4] 
[scan_planner_node-4] [rebo replan]: -------------------------------------212
[scan_planner_node-4] start: -0.948     -3  0.402,    -0.625  1.71e-07 -0.000444
[scan_planner_node-4] goal:-4.6   -3  0.4,     -0.75 -0.000765         0
[scan_planner_node-4] [32miter(+1)=13,time(ms)=0.052,total_t(ms)=0.052,cost=0.005
[scan_planner_node-4] [0mfirst_optimize_step_success=1
[scan_planner_node-4] total time:[42m0.000248[0m,optimize:0.0002,refine:4.81e-05
[scan_planner_node-4] final_plan_success=1
[scan_planner_node-4] [FSM]: from REPLAN_TRAJ to EXEC_TRAJ
[closed_loop_controller-6] [INFO] [1785997984.970089562] [closed_loop_controller]: Received trajectory 121, duration 6.080s
[scan_planner_node-4] [INFO] [1785997986.262363148] [scan_planner_node]: [GridMapDiag] cloud=32768 accepted=24946 invalid=7822 below_sensor=0 outside_update=0 sensor_z=0.700 cutoff_z=1.700
[scan_planner_node-4] [FSM]: from EXEC_TRAJ to REPLAN_TRAJ
[scan_planner_node-4] 
[scan_planner_node-4] [rebo replan]: -------------------------------------213
[scan_planner_node-4] start: -2.02    -3 0.401,    -0.621 -9.98e-06 -0.000316
[scan_planner_node-4] goal:-5.48    -3   0.4,   -0.75 -0.0186       0
[scan_planner_node-4] [32miter(+1)=14,time(ms)=0.067,total_t(ms)=0.067,cost=0.005
[scan_planner_node-4] [0mfirst_optimize_step_success=1
[scan_planner_node-4] total time:[42m0.000264[0m,optimize:0.000216,refine:4.8e-05
[scan_planner_node-4] final_plan_success=1
[scan_planner_node-4] [FSM]: from REPLAN_TRAJ to EXEC_TRAJ
[closed_loop_controller-6] [INFO] [1785997986.678456405] [closed_loop_controller]: Received trajectory 122, duration 5.760s
[scan_planner_node-4] [FSM]: state: EXEC_TRAJ
[scan_planner_node-4] [FSM]: from EXEC_TRAJ to REPLAN_TRAJ
[scan_planner_node-4] 
[scan_planner_node-4] [rebo replan]: -------------------------------------214
[scan_planner_node-4] start: -3.08    -3 0.401,    -0.626 -0.000272 -0.000236
[scan_planner_node-4] goal:  -6 -2.3  0.4, -0.00383    0.746        0
[scan_planner_node-4] [32miter(+1)=14,time(ms)=0.064,total_t(ms)=0.064,cost=0.009
[scan_planner_node-4] [0mfirst_optimize_step_success=1
[scan_planner_node-4] total time:[42m0.000258[0m,optimize:0.000213,refine:4.52e-05
[scan_planner_node-4] final_plan_success=1
[scan_planner_node-4] [FSM]: from REPLAN_TRAJ to EXEC_TRAJ
[closed_loop_controller-6] [INFO] [1785997988.378489321] [closed_loop_controller]: Received trajectory 123, duration 5.440s
[scan_planner_node-4] [INFO] [1785997988.429559996] [scan_planner_node]: [GridMapDiag] cloud=32768 accepted=24409 invalid=8359 below_sensor=0 outside_update=0 sensor_z=0.700 cutoff_z=1.700
[scan_planner_node-4] [FSM]: from EXEC_TRAJ to REPLAN_TRAJ
[scan_planner_node-4] 
[scan_planner_node-4] [rebo replan]: -------------------------------------215
[scan_planner_node-4] start: -4.13    -3 0.401,   -0.629 -0.00862 -0.00016
[scan_planner_node-4] goal:   -6 -1.42   0.4, -0.000377      0.75         0
[scan_planner_node-4] [32miter(+1)=15,time(ms)=0.091,total_t(ms)=0.092,cost=0.013
[scan_planner_node-4] [0mfirst_optimize_step_success=1
[scan_planner_node-4] total time:[42m0.000322[0m,optimize:0.000264,refine:5.83e-05
[scan_planner_node-4] final_plan_success=1
[scan_planner_node-4] [FSM]: from REPLAN_TRAJ to EXEC_TRAJ
[closed_loop_controller-6] [INFO] [1785997990.065786380] [closed_loop_controller]: Received trajectory 124, duration 5.440s
[scan_planner_node-4] [INFO] [1785997990.655859564] [scan_planner_node]: [GridMapDiag] cloud=32768 accepted=23948 invalid=8820 below_sensor=0 outside_update=0 sensor_z=0.700 cutoff_z=1.700
[scan_planner_node-4] [FSM]: from EXEC_TRAJ to REPLAN_TRAJ
[scan_planner_node-4] 
[scan_planner_node-4] [rebo replan]: -------------------------------------216
[scan_planner_node-4] start:  -5.2 -3.03   0.4,    -0.652   -0.0492 -0.000122
[scan_planner_node-4] goal:    -6 -0.375    0.4, 3.58e-06     0.75        0
[scan_planner_node-4] [32miter(+1)=8,time(ms)=0.043,total_t(ms)=0.044,cost=0.007
[scan_planner_node-4] [0mfirst_optimize_step_success=1
[scan_planner_node-4] total time:[42m0.00027[0m,optimize:0.000217,refine:5.35e-05
[scan_planner_node-4] final_plan_success=1
[scan_planner_node-4] [FSM]: from REPLAN_TRAJ to EXEC_TRAJ
[closed_loop_controller-6] [INFO] [1785997991.772536302] [closed_loop_controller]: Received trajectory 125, duration 5.120s
[scan_planner_node-4] [INFO] [1785997992.741308120] [scan_planner_node]: [GridMapDiag] cloud=32768 accepted=24104 invalid=8664 below_sensor=0 outside_update=0 sensor_z=0.700 cutoff_z=1.700
[scan_planner_node-4] [FSM]: state: EXEC_TRAJ
[scan_planner_node-4] [FSM]: from EXEC_TRAJ to REPLAN_TRAJ
[scan_planner_node-4] 
[scan_planner_node-4] [rebo replan]: -------------------------------------217
[scan_planner_node-4] start: -6.01  -2.4   0.4,   -0.0304     0.646 -8.31e-05
[scan_planner_node-4] goal: -6   1 0.4, 0 0 0
[scan_planner_node-4] [32miter(+1)=25,time(ms)=0.118,total_t(ms)=0.119,cost=0.018
[scan_planner_node-4] [0mfirst_optimize_step_success=1
[scan_planner_node-4] total time:[42m0.000341[0m,optimize:0.00029,refine:5.09e-05
[scan_planner_node-4] final_plan_success=1
[scan_planner_node-4] [FSM]: from REPLAN_TRAJ to EXEC_TRAJ
[closed_loop_controller-6] [INFO] [1785997993.989539088] [closed_loop_controller]: Received trajectory 126, duration 5.760s
[scan_planner_node-4] [INFO] [1785997994.865154127] [scan_planner_node]: [GridMapDiag] cloud=32768 accepted=24590 invalid=8178 below_sensor=0 outside_update=0 sensor_z=0.700 cutoff_z=1.700
[scan_planner_node-4] [FSM]: from EXEC_TRAJ to REPLAN_TRAJ
[scan_planner_node-4] 
[scan_planner_node-4] [rebo replan]: -------------------------------------218
[scan_planner_node-4] start: -5.99 -1.36   0.4,   -0.0198     0.631 -4.99e-05
[scan_planner_node-4] goal: -6   1 0.4, 0 0 0
[scan_planner_node-4] [32miter(+1)=27,time(ms)=0.098,total_t(ms)=0.098,cost=0.018
[scan_planner_node-4] [0mfirst_optimize_step_success=1
[scan_planner_node-4] total time:[42m0.000222[0m,optimize:0.000187,refine:3.52e-05
[scan_planner_node-4] final_plan_success=1
[scan_planner_node-4] [FSM]: from REPLAN_TRAJ to EXEC_TRAJ
[closed_loop_controller-6] [INFO] [1785997995.641827237] [closed_loop_controller]: Received trajectory 127, duration 3.840s
[scan_planner_node-4] [INFO] [1785997996.884427795] [scan_planner_node]: [GridMapDiag] cloud=32768 accepted=25512 invalid=7256 below_sensor=0 outside_update=0 sensor_z=0.700 cutoff_z=1.700
[scan_planner_node-4] [FSM]: from EXEC_TRAJ to REPLAN_TRAJ
[scan_planner_node-4] 
[scan_planner_node-4] [rebo replan]: -------------------------------------219
[scan_planner_node-4] start:     -6 -0.267    0.4,   0.00455     0.772 -4.98e-05
[scan_planner_node-4] goal: -6   1 0.4, 0 0 0
[scan_planner_node-4] [32miter(+1)=12,time(ms)=0.029,total_t(ms)=0.029,cost=0.046
[scan_planner_node-4] [0mfirst_optimize_step_success=1
[scan_planner_node-4] Need to reallocate time.
[scan_planner_node-4] total time:[42m0.000162[0m,optimize:9.22e-05,refine:7.01e-05
[scan_planner_node-4] final_plan_success=1
[scan_planner_node-4] [FSM]: from REPLAN_TRAJ to EXEC_TRAJ
[closed_loop_controller-6] [INFO] [1785997997.139598676] [closed_loop_controller]: Received trajectory 128, duration 2.564s
[scan_planner_node-4] [FSM]: from EXEC_TRAJ to REPLAN_TRAJ
[scan_planner_node-4] 
[scan_planner_node-4] [rebo replan]: -------------------------------------220
[scan_planner_node-4] start:    -6 0.746   0.4, -0.00142    0.515 -4.1e-05
[scan_planner_node-4] goal: -6   1 0.4, 0 0 0
[scan_planner_node-4] [32miter(+1)=14,time(ms)=0.032,total_t(ms)=0.033,cost=0.001
[scan_planner_node-4] [0mfirst_optimize_step_success=1
[scan_planner_node-4] total time:[42m0.000103[0m,optimize:8.37e-05,refine:1.96e-05
[scan_planner_node-4] final_plan_success=1
[scan_planner_node-4] [FSM]: from REPLAN_TRAJ to EXEC_TRAJ
[closed_loop_controller-6] [INFO] [1785997998.584389682] [closed_loop_controller]: Received trajectory 129, duration 2.240s
[scan_planner_node-4] [INFO] [1785997999.018779058] [scan_planner_node]: [GridMapDiag] cloud=32768 accepted=26844 invalid=5924 below_sensor=0 outside_update=0 sensor_z=0.700 cutoff_z=1.700
[scan_planner_node-4] [FSM]: state: EXEC_TRAJ
[loop_path_publisher.py-9] [INFO] [1785997999.382749218] [loop_path_publisher]: Published shuttle route with 31 dense points, run 7
[terrain_path_visualizer-10] [INFO] [1785997999.388000803] [terrain_path_segmenter]: Segmented 31 path points into 2 sections
[scan_planner_node-4] [TRIG]: from EXEC_TRAJ to REPLAN_TRAJ
[scan_planner_node-4] [INFO] [1785997999.476204701] [scan_planner_node]: Reference path accepted
[scan_planner_node-4] 
[scan_planner_node-4] [rebo replan]: -------------------------------------221
[scan_planner_node-4] start:    -6 0.976   0.4, -0.000155     0.104 -2.54e-05
[scan_planner_node-4] goal:  -6 4.53 1.28, 0 0 0
[scan_planner_node-4] [32miter(+1)=40,time(ms)=0.279,total_t(ms)=0.279,cost=0.034
[scan_planner_node-4] [0mfirst_optimize_step_success=1
[scan_planner_node-4] Need to reallocate time.
[scan_planner_node-4] total time:[42m0.000774[0m,optimize:0.000454,refine:0.00032
[scan_planner_node-4] final_plan_success=1
[scan_planner_node-4] [FSM]: from REPLAN_TRAJ to EXEC_TRAJ
[closed_loop_controller-6] [INFO] [1785997999.478513717] [closed_loop_controller]: Received trajectory 130, duration 7.842s
[scan_planner_node-4] [INFO] [1785998001.085524444] [scan_planner_node]: [GridMapDiag] cloud=32768 accepted=26996 invalid=5772 below_sensor=0 outside_update=0 sensor_z=0.771 cutoff_z=1.771
[scan_planner_node-4] [FSM]: from EXEC_TRAJ to REPLAN_TRAJ
[scan_planner_node-4] 
[scan_planner_node-4] [rebo replan]: -------------------------------------222
[scan_planner_node-4] start:    -6  2.01 0.598, 6.28e-05    0.586     0.16
[scan_planner_node-4] goal: -6   5 1.4, 0 0 0
[scan_planner_node-4] [32miter(+1)=26,time(ms)=0.093,total_t(ms)=0.094,cost=0.052
[scan_planner_node-4] [0mfirst_optimize_step_success=1
[scan_planner_node-4] Need to reallocate time.
[scan_planner_node-4] total time:[42m0.000381[0m,optimize:0.000216,refine:0.000165
[scan_planner_node-4] final_plan_success=1
[scan_planner_node-4] [FSM]: from REPLAN_TRAJ to EXEC_TRAJ
[closed_loop_controller-6] [INFO] [1785998002.353994889] [closed_loop_controller]: Received trajectory 131, duration 6.116s
[scan_planner_node-4] [FSM]: state: EXEC_TRAJ
[scan_planner_node-4] [INFO] [1785998003.178359226] [scan_planner_node]: [GridMapDiag] cloud=32768 accepted=26746 invalid=6022 below_sensor=0 outside_update=0 sensor_z=1.055 cutoff_z=2.055
[scan_planner_node-4] [FSM]: from EXEC_TRAJ to REPLAN_TRAJ
[scan_planner_node-4] 
[scan_planner_node-4] [rebo replan]: -------------------------------------223
[scan_planner_node-4] start:    -6  3.01 0.868, -0.000124     0.478     0.126
[scan_planner_node-4] goal: -6   5 1.4, 0 0 0
[scan_planner_node-4] [32miter(+1)=18,time(ms)=0.051,total_t(ms)=0.051,cost=0.044
[scan_planner_node-4] [0mfirst_optimize_step_success=1
[scan_planner_node-4] Need to reallocate time.
[scan_planner_node-4] total time:[42m0.000269[0m,optimize:0.000133,refine:0.000136
[scan_planner_node-4] final_plan_success=1
[scan_planner_node-4] [FSM]: from REPLAN_TRAJ to EXEC_TRAJ
[closed_loop_controller-6] [INFO] [1785998004.319842612] [closed_loop_controller]: Received trajectory 132, duration 4.091s
[scan_planner_node-4] [INFO] [1785998005.232916955] [scan_planner_node]: [GridMapDiag] cloud=32768 accepted=21751 invalid=11017 below_sensor=0 outside_update=0 sensor_z=1.315 cutoff_z=2.315
[scan_planner_node-4] [FSM]: from EXEC_TRAJ to REPLAN_TRAJ
[scan_planner_node-4] 
[scan_planner_node-4] [rebo replan]: -------------------------------------224
[scan_planner_node-4] start:   -6 4.06 1.12, -0.000142     0.676     0.129
[scan_planner_node-4] goal: -6   5 1.4, 0 0 0
[scan_planner_node-4] [32miter(+1)=15,time(ms)=0.035,total_t(ms)=0.036,cost=0.009
[scan_planner_node-4] [0mfirst_optimize_step_success=1
[scan_planner_node-4] total time:[42m0.000132[0m,optimize:0.000112,refine:2.06e-05
[scan_planner_node-4] final_plan_success=1
[scan_planner_node-4] [FSM]: from REPLAN_TRAJ to EXEC_TRAJ
[closed_loop_controller-6] [INFO] [1785998006.136725390] [closed_loop_controller]: Received trajectory 133, duration 2.560s
[scan_planner_node-4] [INFO] [1785998007.321915114] [scan_planner_node]: [GridMapDiag] cloud=32768 accepted=16586 invalid=16182 below_sensor=0 outside_update=0 sensor_z=1.623 cutoff_z=2.623
[terrain_path_visualizer-10] [INFO] [1785998007.327669678] [terrain_path_segmenter]: Visualization advanced to segment 2/2
[scan_planner_node-4] [TRIG]: from EXEC_TRAJ to REPLAN_TRAJ
[scan_planner_node-4] [INFO] [1785998007.441447778] [scan_planner_node]: Reference path accepted
[scan_planner_node-4] 
[scan_planner_node-4] [rebo replan]: -------------------------------------225
[scan_planner_node-4] start:   -6 4.79 1.28, -0.000153     0.395     0.121
[scan_planner_node-4] goal: -6   7 1.4, 0 0 0
[scan_planner_node-4] [32miter(+1)=7,time(ms)=0.023,total_t(ms)=0.024,cost=0.041
[scan_planner_node-4] [0mfirst_optimize_step_success=1
[scan_planner_node-4] total time:[42m0.000157[0m,optimize:0.000121,refine:3.6e-05
[scan_planner_node-4] final_plan_success=1
[scan_planner_node-4] [FSM]: from REPLAN_TRAJ to EXEC_TRAJ
[closed_loop_controller-6] [INFO] [1785998007.441889579] [closed_loop_controller]: Received trajectory 134, duration 4.160s
[scan_planner_node-4] [FSM]: state: EXEC_TRAJ
[scan_planner_node-4] [FSM]: from EXEC_TRAJ to REPLAN_TRAJ
[scan_planner_node-4] [INFO] [1785998009.400878370] [scan_planner_node]: [GridMapDiag] cloud=32768 accepted=15357 invalid=17411 below_sensor=0 outside_update=0 sensor_z=1.700 cutoff_z=2.700
[scan_planner_node-4] 
[scan_planner_node-4] [rebo replan]: -------------------------------------226
[scan_planner_node-4] start:   -6 5.84 1.34, 0.000118    0.774   0.0433
[scan_planner_node-4] goal: -6   7 1.4, 0 0 0
[scan_planner_node-4] [32miter(+1)=10,time(ms)=0.023,total_t(ms)=0.023,cost=0.103
[scan_planner_node-4] [0mfirst_optimize_step_success=1
[scan_planner_node-4] Need to reallocate time.
[scan_planner_node-4] total time:[42m0.000145[0m,optimize:7.8e-05,refine:6.66e-05
[scan_planner_node-4] final_plan_success=1
[scan_planner_node-4] [FSM]: from REPLAN_TRAJ to EXEC_TRAJ
[closed_loop_controller-6] [INFO] [1785998009.401310135] [closed_loop_controller]: Received trajectory 135, duration 2.256s
[scan_planner_node-4] [FSM]: from EXEC_TRAJ to REPLAN_TRAJ
[scan_planner_node-4] 
[scan_planner_node-4] [rebo replan]: -------------------------------------227
[scan_planner_node-4] start:   -6 6.85 1.38, 0.000316    0.357   0.0377
[scan_planner_node-4] goal: -6   7 1.4, 0 0 0
[scan_planner_node-4] Close to goal
[scan_planner_node-4] final_plan_success=0
[scan_planner_node-4] 
[scan_planner_node-4] [rebo replan]: -------------------------------------228
[scan_planner_node-4] start:   -6 6.85 1.38, 0.000316    0.357   0.0377
[scan_planner_node-4] goal: -6   7 1.4, 0 0 0
[scan_planner_node-4] Close to goal
[scan_planner_node-4] final_plan_success=0
[scan_planner_node-4] 
[scan_planner_node-4] [rebo replan]: -------------------------------------229
[scan_planner_node-4] start:   -6 6.85 1.38, 0.000316    0.357   0.0377
[scan_planner_node-4] goal: -6   7 1.4, 0 0 0
[scan_planner_node-4] Close to goal
[scan_planner_node-4] final_plan_success=0
[scan_planner_node-4] [FSM]: from REPLAN_TRAJ to REPLAN_TRAJ
[scan_planner_node-4] 
[scan_planner_node-4] [rebo replan]: -------------------------------------230
[scan_planner_node-4] start:   -6 6.87 1.38, 0.000294    0.329   0.0419
[scan_planner_node-4] goal: -6   7 1.4, 0 0 0
[scan_planner_node-4] Close to goal
[scan_planner_node-4] final_plan_success=0
[scan_planner_node-4] 
[scan_planner_node-4] [rebo replan]: -------------------------------------231
[scan_planner_node-4] start:   -6 6.87 1.38, 0.000294    0.329   0.0419
[scan_planner_node-4] goal: -6   7 1.4, 0 0 0
[scan_planner_node-4] Close to goal
[scan_planner_node-4] final_plan_success=0
[scan_planner_node-4] 
[scan_planner_node-4] [rebo replan]: -------------------------------------232
[scan_planner_node-4] start:   -6 6.87 1.38, 0.000294    0.329   0.0419
[scan_planner_node-4] goal: -6   7 1.4, 0 0 0
[scan_planner_node-4] Close to goal
[scan_planner_node-4] final_plan_success=0
[scan_planner_node-4] [FSM]: from REPLAN_TRAJ to REPLAN_TRAJ
[scan_planner_node-4] 
[scan_planner_node-4] [rebo replan]: -------------------------------------233
[scan_planner_node-4] start:   -6 6.87 1.38, 0.000293    0.328    0.042
[scan_planner_node-4] goal: -6   7 1.4, 0 0 0
[scan_planner_node-4] Close to goal
[scan_planner_node-4] final_plan_success=0
[scan_planner_node-4] 
[scan_planner_node-4] [rebo replan]: -------------------------------------234
[scan_planner_node-4] start:   -6 6.87 1.38, 0.000293    0.328    0.042
[scan_planner_node-4] goal: -6   7 1.4, 0 0 0
[scan_planner_node-4] Close to goal
[scan_planner_node-4] final_plan_success=0
[scan_planner_node-4] 
[scan_planner_node-4] [rebo replan]: -------------------------------------235
[scan_planner_node-4] start:   -6 6.87 1.38, 0.000293    0.328    0.042
[scan_planner_node-4] goal: -6   7 1.4, 0 0 0
[scan_planner_node-4] Close to goal
[scan_planner_node-4] final_plan_success=0
[scan_planner_node-4] [FSM]: from REPLAN_TRAJ to REPLAN_TRAJ
[scan_planner_node-4] 
[scan_planner_node-4] [rebo replan]: -------------------------------------236
[scan_planner_node-4] start:   -6 6.88 1.38, 0.000267    0.296    0.045
[scan_planner_node-4] goal: -6   7 1.4, 0 0 0
[scan_planner_node-4] Close to goal
[scan_planner_node-4] final_plan_success=0
[scan_planner_node-4] 
[scan_planner_node-4] [rebo replan]: -------------------------------------237
[scan_planner_node-4] start:   -6 6.88 1.38, 0.000267    0.296    0.045
[scan_planner_node-4] goal: -6   7 1.4, 0 0 0
[scan_planner_node-4] Close to goal
[scan_planner_node-4] final_plan_success=0
[scan_planner_node-4] 
[scan_planner_node-4] [rebo replan]: -------------------------------------238
[scan_planner_node-4] start:   -6 6.88 1.38, 0.000267    0.296    0.045
[scan_planner_node-4] goal: -6   7 1.4, 0 0 0
[scan_planner_node-4] Close to goal
[scan_planner_node-4] final_plan_success=0
[scan_planner_node-4] [FSM]: from REPLAN_TRAJ to REPLAN_TRAJ
[scan_planner_node-4] 
[scan_planner_node-4] [rebo replan]: -------------------------------------239
[scan_planner_node-4] start:   -6 6.89 1.38, 0.000262     0.29   0.0454
[scan_planner_node-4] goal: -6   7 1.4, 0 0 0
[scan_planner_node-4] Close to goal
[scan_planner_node-4] final_plan_success=0
[scan_planner_node-4] 
[scan_planner_node-4] [rebo replan]: -------------------------------------240
[scan_planner_node-4] start:   -6 6.89 1.38, 0.000262     0.29   0.0454
[scan_planner_node-4] goal: -6   7 1.4, 0 0 0
[scan_planner_node-4] Close to goal
[scan_planner_node-4] final_plan_success=0
[scan_planner_node-4] 
[scan_planner_node-4] [rebo replan]: -------------------------------------241
[scan_planner_node-4] start:   -6 6.89 1.38, 0.000262     0.29   0.0454
[scan_planner_node-4] goal: -6   7 1.4, 0 0 0
[scan_planner_node-4] Close to goal
[scan_planner_node-4] final_plan_success=0
[scan_planner_node-4] [FSM]: from REPLAN_TRAJ to REPLAN_TRAJ
[scan_planner_node-4] 
[scan_planner_node-4] [rebo replan]: -------------------------------------242
[scan_planner_node-4] start:   -6  6.9 1.39, 0.000224    0.245   0.0461
[scan_planner_node-4] goal: -6   7 1.4, 0 0 0
[scan_planner_node-4] Close to goal
[scan_planner_node-4] final_plan_success=0
[scan_planner_node-4] 
[scan_planner_node-4] [rebo replan]: -------------------------------------243
[scan_planner_node-4] start:   -6  6.9 1.39, 0.000224    0.245   0.0461
[scan_planner_node-4] goal: -6   7 1.4, 0 0 0
[scan_planner_node-4] Close to goal
[scan_planner_node-4] final_plan_success=0
[scan_planner_node-4] 
[scan_planner_node-4] [rebo replan]: -------------------------------------244
[scan_planner_node-4] start:   -6  6.9 1.39, 0.000224    0.245   0.0461
[scan_planner_node-4] goal: -6   7 1.4, 0 0 0
[scan_planner_node-4] Close to goal
[scan_planner_node-4] final_plan_success=0
[scan_planner_node-4] [FSM]: from REPLAN_TRAJ to REPLAN_TRAJ
[scan_planner_node-4] 
[scan_planner_node-4] [rebo replan]: -------------------------------------245
[scan_planner_node-4] start:   -6 6.91 1.39, 0.0002  0.217 0.0447
[scan_planner_node-4] goal: -6   7 1.4, 0 0 0
[scan_planner_node-4] Close to goal
[scan_planner_node-4] final_plan_success=0
[scan_planner_node-4] 
[scan_planner_node-4] [rebo replan]: -------------------------------------246
[scan_planner_node-4] start:   -6 6.91 1.39, 0.0002  0.217 0.0447
[scan_planner_node-4] goal: -6   7 1.4, 0 0 0
[scan_planner_node-4] Close to goal
[scan_planner_node-4] final_plan_success=0
[scan_planner_node-4] 
[scan_planner_node-4] [rebo replan]: -------------------------------------247
[scan_planner_node-4] start:   -6 6.91 1.39, 0.0002  0.217 0.0447
[scan_planner_node-4] goal: -6   7 1.4, 0 0 0
[scan_planner_node-4] Close to goal
[scan_planner_node-4] final_plan_success=0
[scan_planner_node-4] [FSM]: from REPLAN_TRAJ to REPLAN_TRAJ
[scan_planner_node-4] 
[scan_planner_node-4] [rebo replan]: -------------------------------------248
[scan_planner_node-4] start:   -6 6.92 1.39, 0.000174    0.188   0.0417
[scan_planner_node-4] goal: -6   7 1.4, 0 0 0
[scan_planner_node-4] Close to goal
[scan_planner_node-4] final_plan_success=0
[scan_planner_node-4] 
[scan_planner_node-4] [rebo replan]: -------------------------------------249
[scan_planner_node-4] start:   -6 6.92 1.39, 0.000174    0.188   0.0417
[scan_planner_node-4] goal: -6   7 1.4, 0 0 0
[scan_planner_node-4] Close to goal
[scan_planner_node-4] final_plan_success=0
[scan_planner_node-4] 
[scan_planner_node-4] [rebo replan]: -------------------------------------250
[scan_planner_node-4] start:   -6 6.92 1.39, 0.000174    0.188   0.0417
[scan_planner_node-4] goal: -6   7 1.4, 0 0 0
[scan_planner_node-4] Close to goal
[scan_planner_node-4] final_plan_success=0
[scan_planner_node-4] [FSM]: from REPLAN_TRAJ to REPLAN_TRAJ
[loop_path_publisher.py-9] [INFO] [1785998011.206535902] [loop_path_publisher]: Published shuttle route with 193 dense points, run 8
[terrain_path_visualizer-10] [INFO] [1785998011.224706373] [terrain_path_segmenter]: Segmented 193 path points into 3 sections
[scan_planner_node-4] 
[scan_planner_node-4] [rebo replan]: -------------------------------------251
[scan_planner_node-4] start:   -6 6.93 1.39, 0.000134    0.143   0.0342
[scan_planner_node-4] goal: -6   7 1.4, 0 0 0
[scan_planner_node-4] Close to goal
[scan_planner_node-4] final_plan_success=0
[scan_planner_node-4] 
[scan_planner_node-4] [rebo replan]: -------------------------------------252
[scan_planner_node-4] start:   -6 6.93 1.39, 0.000134    0.143   0.0342
[scan_planner_node-4] goal: -6   7 1.4, 0 0 0
[scan_planner_node-4] Close to goal
[scan_planner_node-4] final_plan_success=0
[scan_planner_node-4] 
[scan_planner_node-4] [rebo replan]: -------------------------------------253
[scan_planner_node-4] start:   -6 6.93 1.39, 0.000134    0.143   0.0342
[scan_planner_node-4] goal: -6   7 1.4, 0 0 0
[scan_planner_node-4] Close to goal
[scan_planner_node-4] final_plan_success=0
[scan_planner_node-4] [FSM]: from REPLAN_TRAJ to REPLAN_TRAJ
[scan_planner_node-4] [INFO] [1785998011.762131907] [scan_planner_node]: Reference path accepted
[scan_planner_node-4] [INFO] [1785998011.762975281] [scan_planner_node]: [GridMapDiag] cloud=32768 accepted=15253 invalid=17515 below_sensor=0 outside_update=0 sensor_z=1.700 cutoff_z=2.700
[scan_planner_node-4] 
[scan_planner_node-4] [rebo replan]: -------------------------------------254
[scan_planner_node-4] start:   -6 6.95  1.4, 8.94e-07 0.000684  0.00014
[scan_planner_node-4] goal:-2.35     7   1.4,      0.75 -1.31e-16         0
[scan_planner_node-4] [32miter(+1)=6,time(ms)=0.037,total_t(ms)=0.037,cost=0.033
[scan_planner_node-4] [0mfirst_optimize_step_success=1
[scan_planner_node-4] total time:[42m0.000262[0m,optimize:0.000195,refine:6.68e-05
[scan_planner_node-4] final_plan_success=1
[scan_planner_node-4] [FSM]: from REPLAN_TRAJ to EXEC_TRAJ
[closed_loop_controller-6] [INFO] [1785998011.763554494] [closed_loop_controller]: Received trajectory 136, duration 6.080s
[scan_planner_node-4] [FSM]: state: EXEC_TRAJ
[scan_planner_node-4] [INFO] [1785998013.783666082] [scan_planner_node]: [GridMapDiag] cloud=32768 accepted=15232 invalid=17536 below_sensor=0 outside_update=0 sensor_z=1.700 cutoff_z=2.700
[scan_planner_node-4] [INFO] [1785998015.882204612] [scan_planner_node]: [GridMapDiag] cloud=32768 accepted=15918 invalid=16850 below_sensor=0 outside_update=0 sensor_z=1.700 cutoff_z=2.700
[scan_planner_node-4] [FSM]: from EXEC_TRAJ to REPLAN_TRAJ
[scan_planner_node-4] 
[scan_planner_node-4] [rebo replan]: -------------------------------------255
[scan_planner_node-4] start: -4.95  6.98   1.4,    0.781   0.0132 0.000607
[scan_planner_node-4] goal:-1.47     7   1.4,     0.75 7.97e-16        0
[scan_planner_node-4] [32miter(+1)=7,time(ms)=0.027,total_t(ms)=0.027,cost=0.009
[scan_planner_node-4] [0mfirst_optimize_step_success=1
[scan_planner_node-4] total time:[42m0.000194[0m,optimize:0.000153,refine:4.06e-05
[scan_planner_node-4] final_plan_success=1
[scan_planner_node-4] [FSM]: from REPLAN_TRAJ to EXEC_TRAJ
[closed_loop_controller-6] [INFO] [1785998016.385427101] [closed_loop_controller]: Received trajectory 137, duration 5.440s
[scan_planner_node-4] [INFO] [1785998018.005327151] [scan_planner_node]: [GridMapDiag] cloud=32768 accepted=17964 invalid=14804 below_sensor=0 outside_update=0 sensor_z=1.700 cutoff_z=2.700
[scan_planner_node-4] [FSM]: from EXEC_TRAJ to REPLAN_TRAJ
[scan_planner_node-4] 
[scan_planner_node-4] [rebo replan]: -------------------------------------256
[scan_planner_node-4] start: -3.9 6.99  1.4,    0.643  0.00742 0.000359
[scan_planner_node-4] goal:-0.25     7   1.4,     0.75 5.24e-13        0
[scan_planner_node-4] [32miter(+1)=4,time(ms)=0.026,total_t(ms)=0.027,cost=0.002
[scan_planner_node-4] [0mfirst_optimize_step_success=1
[scan_planner_node-4] total time:[42m0.00033[0m,optimize:0.000253,refine:7.7e-05
[scan_planner_node-4] final_plan_success=1
[scan_planner_node-4] [FSM]: from REPLAN_TRAJ to EXEC_TRAJ
[closed_loop_controller-6] [INFO] [1785998018.071649084] [closed_loop_controller]: Received trajectory 138, duration 5.760s
[scan_planner_node-4] [FSM]: state: EXEC_TRAJ
[scan_planner_node-4] [FSM]: from EXEC_TRAJ to REPLAN_TRAJ
[scan_planner_node-4] 
[scan_planner_node-4] [rebo replan]: -------------------------------------257
[scan_planner_node-4] start: -2.86     7   1.4,    0.624  0.00114 0.000238
[scan_planner_node-4] goal:0.625     7   1.4,    0.75 4.2e-11       0
[scan_planner_node-4] [32miter(+1)=5,time(ms)=0.035,total_t(ms)=0.035,cost=0.001
[scan_planner_node-4] [0mfirst_optimize_step_success=1
[scan_planner_node-4] total time:[42m0.000231[0m,optimize:0.000178,refine:5.31e-05
[scan_planner_node-4] final_plan_success=1
[scan_planner_node-4] [FSM]: from REPLAN_TRAJ to EXEC_TRAJ
[closed_loop_controller-6] [INFO] [1785998019.742627475] [closed_loop_controller]: Received trajectory 139, duration 5.440s
[scan_planner_node-4] [INFO] [1785998020.035505361] [scan_planner_node]: [GridMapDiag] cloud=32768 accepted=20227 invalid=12541 below_sensor=0 outside_update=0 sensor_z=1.700 cutoff_z=2.700
[scan_planner_node-4] [FSM]: from EXEC_TRAJ to REPLAN_TRAJ
[scan_planner_node-4] 
[scan_planner_node-4] [rebo replan]: -------------------------------------258
[scan_planner_node-4] start: -1.79     7   1.4,    0.625 0.000267 0.000178
[scan_planner_node-4] goal:1.85    7  1.4,     0.75 6.37e-09        0
[scan_planner_node-4] [32miter(+1)=1,time(ms)=0.011,total_t(ms)=0.012,cost=0.003
[scan_planner_node-4] [0mfirst_optimize_step_success=1
[scan_planner_node-4] total time:[42m0.000236[0m,optimize:0.000188,refine:4.82e-05
[scan_planner_node-4] final_plan_success=1
[scan_planner_node-4] [FSM]: from REPLAN_TRAJ to EXEC_TRAJ
[closed_loop_controller-6] [INFO] [1785998021.441252590] [closed_loop_controller]: Received trajectory 140, duration 5.760s
[scan_planner_node-4] [INFO] [1785998022.089805439] [scan_planner_node]: [GridMapDiag] cloud=32768 accepted=20868 invalid=11900 below_sensor=0 outside_update=0 sensor_z=1.700 cutoff_z=2.700
[scan_planner_node-4] [FSM]: from EXEC_TRAJ to REPLAN_TRAJ
[scan_planner_node-4] 
[scan_planner_node-4] [rebo replan]: -------------------------------------259
[scan_planner_node-4] start: -0.765      7    1.4,    0.625 0.000139 0.000119
[scan_planner_node-4] goal:2.73    7  1.4,      0.75 -3.86e-08         0
[scan_planner_node-4] [32miter(+1)=9,time(ms)=0.037,total_t(ms)=0.037,cost=0.007
[scan_planner_node-4] [0mfirst_optimize_step_success=1
[scan_planner_node-4] total time:[42m0.000252[0m,optimize:0.000188,refine:6.33e-05
[scan_planner_node-4] final_plan_success=1
[scan_planner_node-4] [FSM]: from REPLAN_TRAJ to EXEC_TRAJ
[closed_loop_controller-6] [INFO] [1785998023.087630389] [closed_loop_controller]: Received trajectory 141, duration 5.760s
[scan_planner_node-4] [FSM]: state: EXEC_TRAJ
[scan_planner_node-4] [INFO] [1785998024.215361749] [scan_planner_node]: [GridMapDiag] cloud=32768 accepted=20992 invalid=11776 below_sensor=0 outside_update=0 sensor_z=1.700 cutoff_z=2.700
[scan_planner_node-4] [FSM]: from EXEC_TRAJ to REPLAN_TRAJ
[scan_planner_node-4] 
[scan_planner_node-4] [rebo replan]: -------------------------------------260
[scan_planner_node-4] start: 0.275     7   1.4,    0.626 1.09e-05 8.87e-05
[scan_planner_node-4] goal:3.95    7  1.4,      0.75 -2.54e-05         0
[scan_planner_node-4] [32miter(+1)=4,time(ms)=0.020,total_t(ms)=0.020,cost=0.001
[scan_planner_node-4] [0mfirst_optimize_step_success=1
[scan_planner_node-4] total time:[42m0.000235[0m,optimize:0.000176,refine:5.9e-05
[scan_planner_node-4] final_plan_success=1
[scan_planner_node-4] [FSM]: from REPLAN_TRAJ to EXEC_TRAJ
[closed_loop_controller-6] [INFO] [1785998024.751119165] [closed_loop_controller]: Received trajectory 142, duration 5.760s
[scan_planner_node-4] [INFO] [1785998026.277914474] [scan_planner_node]: [GridMapDiag] cloud=32768 accepted=20900 invalid=11868 below_sensor=0 outside_update=0 sensor_z=1.700 cutoff_z=2.700
[scan_planner_node-4] [FSM]: from EXEC_TRAJ to REPLAN_TRAJ
[scan_planner_node-4] 
[scan_planner_node-4] [rebo replan]: -------------------------------------261
[scan_planner_node-4] start: 1.32    7  1.4,    0.625 7.98e-06 5.91e-05
[scan_planner_node-4] goal:  5   7 1.4,    0.75 0.00411       0
[scan_planner_node-4] [32miter(+1)=5,time(ms)=0.034,total_t(ms)=0.034,cost=0.001
[scan_planner_node-4] [0mfirst_optimize_step_success=1
[scan_planner_node-4] total time:[42m0.000295[0m,optimize:0.000228,refine:6.66e-05
[scan_planner_node-4] final_plan_success=1
[scan_planner_node-4] [FSM]: from REPLAN_TRAJ to EXEC_TRAJ
[closed_loop_controller-6] [INFO] [1785998026.422448162] [closed_loop_controller]: Received trajectory 143, duration 5.760s
[scan_planner_node-4] [FSM]: from EXEC_TRAJ to REPLAN_TRAJ
[scan_planner_node-4] 
[scan_planner_node-4] [rebo replan]: -------------------------------------262
[scan_planner_node-4] start: 2.35    7  1.4,    0.625 2.36e-07 4.23e-05
[scan_planner_node-4] goal:5.89 7.01  1.4, 0.743 0.103     0
[scan_planner_node-4] [32miter(+1)=8,time(ms)=0.032,total_t(ms)=0.032,cost=0.005
[scan_planner_node-4] [0mfirst_optimize_step_success=1
[scan_planner_node-4] total time:[42m0.000229[0m,optimize:0.000184,refine:4.5e-05
[scan_planner_node-4] final_plan_success=1
[scan_planner_node-4] [FSM]: from REPLAN_TRAJ to EXEC_TRAJ
[closed_loop_controller-6] [INFO] [1785998028.075845750] [closed_loop_controller]: Received trajectory 144, duration 5.760s
[scan_planner_node-4] [INFO] [1785998028.331066853] [scan_planner_node]: [GridMapDiag] cloud=32768 accepted=20428 invalid=12340 below_sensor=0 outside_update=0 sensor_z=1.700 cutoff_z=2.700
[scan_planner_node-4] [FSM]: state: EXEC_TRAJ
[scan_planner_node-4] [FSM]: from EXEC_TRAJ to REPLAN_TRAJ
[scan_planner_node-4] 
[scan_planner_node-4] [rebo replan]: -------------------------------------263
[scan_planner_node-4] start: 3.39    7  1.4,     0.625 -0.000566  3.16e-05
[scan_planner_node-4] goal:  6 5.9 1.4, 0.000709   -0.749        0
[scan_planner_node-4] [32miter(+1)=13,time(ms)=0.060,total_t(ms)=0.060,cost=0.015
[scan_planner_node-4] [0mfirst_optimize_step_success=1
[scan_planner_node-4] total time:[42m0.000268[0m,optimize:0.00021,refine:5.83e-05
[scan_planner_node-4] final_plan_success=1
[scan_planner_node-4] [FSM]: from REPLAN_TRAJ to EXEC_TRAJ
[closed_loop_controller-6] [INFO] [1785998029.739784579] [closed_loop_controller]: Received trajectory 145, duration 6.400s
[scan_planner_node-4] [INFO] [1785998030.383070504] [scan_planner_node]: [GridMapDiag] cloud=32768 accepted=18759 invalid=14009 below_sensor=0 outside_update=0 sensor_z=1.700 cutoff_z=2.700
[scan_planner_node-4] [FSM]: from EXEC_TRAJ to REPLAN_TRAJ
[scan_planner_node-4] 
[scan_planner_node-4] [rebo replan]: -------------------------------------264
[scan_planner_node-4] start: 4.45    7  1.4,    0.631  0.00981 1.99e-05
[scan_planner_node-4] goal:  6   5 1.4, 0 0 0
[scan_planner_node-4] [32miter(+1)=23,time(ms)=0.113,total_t(ms)=0.114,cost=0.037
[scan_planner_node-4] [0mfirst_optimize_step_success=1
[scan_planner_node-4] Need to reallocate time.
[scan_planner_node-4] total time:[42m0.000547[0m,optimize:0.000242,refine:0.000305
[scan_planner_node-4] final_plan_success=1
[scan_planner_node-4] [FSM]: from REPLAN_TRAJ to EXEC_TRAJ
[closed_loop_controller-6] [INFO] [1785998031.436457996] [closed_loop_controller]: Received trajectory 146, duration 7.426s
[scan_planner_node-4] [INFO] [1785998032.449612798] [scan_planner_node]: [GridMapDiag] cloud=32768 accepted=16401 invalid=16367 below_sensor=0 outside_update=0 sensor_z=1.700 cutoff_z=2.700
[scan_planner_node-4] [FSM]: from EXEC_TRAJ to REPLAN_TRAJ
[scan_planner_node-4] 
[scan_planner_node-4] [rebo replan]: -------------------------------------265
[scan_planner_node-4] start: 5.51 7.02  1.4,    0.479  0.00643 1.25e-05
[scan_planner_node-4] goal:  6   5 1.4, 0 0 0
[scan_planner_node-4] [32miter(+1)=23,time(ms)=0.097,total_t(ms)=0.097,cost=0.039
[scan_planner_node-4] [0mfirst_optimize_step_success=1
[scan_planner_node-4] Need to reallocate time.
[scan_planner_node-4] total time:[42m0.000376[0m,optimize:0.000202,refine:0.000175
[scan_planner_node-4] final_plan_success=1
[scan_planner_node-4] [FSM]: from REPLAN_TRAJ to EXEC_TRAJ
[closed_loop_controller-6] [INFO] [1785998033.282090765] [closed_loop_controller]: Received trajectory 147, duration 4.960s
[scan_planner_node-4] [FSM]: state: EXEC_TRAJ
[scan_planner_node-4] [INFO] [1785998034.493743011] [scan_planner_node]: [GridMapDiag] cloud=32768 accepted=15242 invalid=17526 below_sensor=0 outside_update=0 sensor_z=1.700 cutoff_z=2.700
[scan_planner_node-4] [FSM]: from EXEC_TRAJ to REPLAN_TRAJ
[scan_planner_node-4] 
[scan_planner_node-4] [rebo replan]: -------------------------------------266
[scan_planner_node-4] start: 6.11 6.15  1.4,  -0.0373    -0.71 1.33e-05
[scan_planner_node-4] goal:  6   5 1.4, 0 0 0
[scan_planner_node-4] [32miter(+1)=10,time(ms)=0.026,total_t(ms)=0.026,cost=0.104
[scan_planner_node-4] [0mfirst_optimize_step_success=1
[scan_planner_node-4] Need to reallocate time.
[scan_planner_node-4] total time:[42m0.000188[0m,optimize:9.53e-05,refine:9.26e-05
[scan_planner_node-4] final_plan_success=1
[scan_planner_node-4] [FSM]: from REPLAN_TRAJ to EXEC_TRAJ
[closed_loop_controller-6] [INFO] [1785998035.712418227] [closed_loop_controller]: Received trajectory 148, duration 2.259s
[scan_planner_node-4] [INFO] [1785998036.514238306] [scan_planner_node]: [GridMapDiag] cloud=32768 accepted=15212 invalid=17556 below_sensor=0 outside_update=0 sensor_z=1.700 cutoff_z=2.700
[terrain_path_visualizer-10] [INFO] [1785998037.068087590] [terrain_path_segmenter]: Visualization advanced to segment 2/3
[scan_planner_node-4] [TRIG]: from EXEC_TRAJ to REPLAN_TRAJ
[scan_planner_node-4] [INFO] [1785998037.165582136] [scan_planner_node]: Reference path accepted
[scan_planner_node-4] 
[scan_planner_node-4] [rebo replan]: -------------------------------------267
[scan_planner_node-4] start: 6.01 5.17  1.4,  -0.0431   -0.411 1.57e-05
[scan_planner_node-4] goal:  6   3 0.4, 0 0 0
[scan_planner_node-4] [32miter(+1)=4,time(ms)=0.024,total_t(ms)=0.024,cost=0.081
[scan_planner_node-4] [0mfirst_optimize_step_success=1
[scan_planner_node-4] Need to reallocate time.
[scan_planner_node-4] total time:[42m0.000379[0m,optimize:0.000177,refine:0.000203
[scan_planner_node-4] final_plan_success=1
[scan_planner_node-4] [FSM]: from REPLAN_TRAJ to EXEC_TRAJ
[closed_loop_controller-6] [INFO] [1785998037.167187880] [closed_loop_controller]: Received trajectory 149, duration 5.534s
[scan_planner_node-4] [INFO] [1785998038.566327914] [scan_planner_node]: [GridMapDiag] cloud=32768 accepted=16726 invalid=16042 below_sensor=0 outside_update=0 sensor_z=1.615 cutoff_z=2.615
[scan_planner_node-4] [FSM]: from EXEC_TRAJ to REPLAN_TRAJ
[scan_planner_node-4] 
[scan_planner_node-4] [rebo replan]: -------------------------------------268
[scan_planner_node-4] start:     6   4.2 0.952, 0.00321  -0.565  -0.263
[scan_planner_node-4] goal:  6   3 0.4, 0 0 0
[scan_planner_node-4] [32miter(+1)=15,time(ms)=0.039,total_t(ms)=0.039,cost=0.194
[scan_planner_node-4] [0mfirst_optimize_step_success=1
[scan_planner_node-4] Need to reallocate time.
[scan_planner_node-4] total time:[42m0.000204[0m,optimize:0.000118,refine:8.59e-05
[scan_planner_node-4] final_plan_success=1
[scan_planner_node-4] [FSM]: from REPLAN_TRAJ to EXEC_TRAJ
[closed_loop_controller-6] [INFO] [1785998039.747372959] [closed_loop_controller]: Received trajectory 150, duration 2.850s
[scan_planner_node-4] [FSM]: state: EXEC_TRAJ
[scan_planner_node-4] [INFO] [1785998040.595254854] [scan_planner_node]: [GridMapDiag] cloud=32768 accepted=26047 invalid=6721 below_sensor=0 outside_update=0 sensor_z=1.074 cutoff_z=2.074
[terrain_path_visualizer-10] [INFO] [1785998041.408554866] [terrain_path_segmenter]: Visualization advanced to segment 3/3
[scan_planner_node-4] [FSM]: from EXEC_TRAJ to REPLAN_TRAJ
[scan_planner_node-4] [INFO] [1785998042.644842707] [scan_planner_node]: Reference path accepted
[scan_planner_node-4] 
[scan_planner_node-4] [rebo replan]: -------------------------------------269
[scan_planner_node-4] start:     6  3.03 0.417, -1.14e-06  -0.00137  -0.00313
[scan_planner_node-4] goal:    6 -0.65   0.4, -1.25e-05     -0.75         0
[scan_planner_node-4] [32miter(+1)=7,time(ms)=0.039,total_t(ms)=0.039,cost=0.037
[scan_planner_node-4] [0mfirst_optimize_step_success=1
[scan_planner_node-4] total time:[42m0.000308[0m,optimize:0.000236,refine:7.21e-05
[scan_planner_node-4] final_plan_success=1
[scan_planner_node-4] [FSM]: from REPLAN_TRAJ to EXEC_TRAJ
[closed_loop_controller-6] [INFO] [1785998042.645933582] [closed_loop_controller]: Received trajectory 151, duration 6.400s
[scan_planner_node-4] [INFO] [1785998043.063916472] [scan_planner_node]: [GridMapDiag] cloud=32768 accepted=27631 invalid=5137 below_sensor=0 outside_update=0 sensor_z=0.713 cutoff_z=1.713
[scan_planner_node-4] [INFO] [1785998045.120986220] [scan_planner_node]: [GridMapDiag] cloud=32768 accepted=26989 invalid=5779 below_sensor=0 outside_update=0 sensor_z=0.700 cutoff_z=1.700
[scan_planner_node-4] [FSM]: from EXEC_TRAJ to REPLAN_TRAJ
[scan_planner_node-4] 
[scan_planner_node-4] [rebo replan]: -------------------------------------270
[scan_planner_node-4] start:     6  1.96 0.412, -1.92e-05    -0.784  -0.00336
[scan_planner_node-4] goal:   6 -1.7  0.4, 0.000305    -0.75        0
[scan_planner_node-4] [32miter(+1)=12,time(ms)=0.066,total_t(ms)=0.066,cost=0.011
[scan_planner_node-4] [0mfirst_optimize_step_success=1
[scan_planner_node-4] total time:[42m0.0003[0m,optimize:0.000235,refine:6.48e-05
[scan_planner_node-4] final_plan_success=1
[scan_planner_node-4] [FSM]: from REPLAN_TRAJ to EXEC_TRAJ
[closed_loop_controller-6] [INFO] [1785998045.805996130] [closed_loop_controller]: Received trajectory 152, duration 6.080s
[scan_planner_node-4] [FSM]: state: EXEC_TRAJ
[scan_planner_node-4] [INFO] [1785998047.300384483] [scan_planner_node]: [GridMapDiag] cloud=32768 accepted=25646 invalid=7122 below_sensor=0 outside_update=0 sensor_z=0.700 cutoff_z=1.700
[scan_planner_node-4] [FSM]: from EXEC_TRAJ to REPLAN_TRAJ
[scan_planner_node-4] 
[scan_planner_node-4] [rebo replan]: -------------------------------------271
[scan_planner_node-4] start:     6 0.879 0.408, -1.93e-05    -0.618  -0.00202
[scan_planner_node-4] goal:    6 -2.58   0.4, -0.0381  -0.712       0
[scan_planner_node-4] [32miter(+1)=4,time(ms)=0.021,total_t(ms)=0.021,cost=0.001
[scan_planner_node-4] [0mfirst_optimize_step_success=1
[scan_planner_node-4] total time:[42m0.000231[0m,optimize:0.000181,refine:4.95e-05
[scan_planner_node-4] final_plan_success=1
[scan_planner_node-4] [FSM]: from REPLAN_TRAJ to EXEC_TRAJ
[closed_loop_controller-6] [INFO] [1785998047.551141358] [closed_loop_controller]: Received trajectory 153, duration 5.440s
[scan_planner_node-4] [FSM]: from EXEC_TRAJ to REPLAN_TRAJ
[scan_planner_node-4] 
[scan_planner_node-4] [rebo replan]: -------------------------------------272
[scan_planner_node-4] start:      6 -0.191  0.406, -7.53e-08    -0.625  -0.00151
[scan_planner_node-4] goal:5.2  -3 0.4,    -0.74 -0.00959        0
[scan_planner_node-4] [32miter(+1)=13,time(ms)=0.079,total_t(ms)=0.080,cost=0.005
[scan_planner_node-4] [0mfirst_optimize_step_success=1
[scan_planner_node-4] total time:[42m0.000303[0m,optimize:0.000246,refine:5.73e-05
[scan_planner_node-4] final_plan_success=1
[scan_planner_node-4] [FSM]: from REPLAN_TRAJ to EXEC_TRAJ
[closed_loop_controller-6] [INFO] [1785998049.263343203] [closed_loop_controller]: Received trajectory 154, duration 5.760s
[scan_planner_node-4] [INFO] [1785998049.491943888] [scan_planner_node]: [GridMapDiag] cloud=32768 accepted=25154 invalid=7614 below_sensor=0 outside_update=0 sensor_z=0.700 cutoff_z=1.700
[scan_planner_node-4] [FSM]: from EXEC_TRAJ to REPLAN_TRAJ
[scan_planner_node-4] 
[scan_planner_node-4] [rebo replan]: -------------------------------------273
[scan_planner_node-4] start:     6 -1.24 0.404,  0.00351   -0.632 -0.00102
[scan_planner_node-4] goal:4.15   -3  0.4,   -0.75 5.9e-05       0
[scan_planner_node-4] [32miter(+1)=11,time(ms)=0.045,total_t(ms)=0.045,cost=0.006
[scan_planner_node-4] [0mfirst_optimize_step_success=1
[scan_planner_node-4] total time:[42m0.000217[0m,optimize:0.000175,refine:4.18e-05
[scan_planner_node-4] final_plan_success=1
[scan_planner_node-4] [FSM]: from REPLAN_TRAJ to EXEC_TRAJ
[closed_loop_controller-6] [INFO] [1785998050.936446685] [closed_loop_controller]: Received trajectory 155, duration 5.440s
[scan_planner_node-4] [INFO] [1785998051.525188087] [scan_planner_node]: [GridMapDiag] cloud=32768 accepted=24541 invalid=8227 below_sensor=0 outside_update=0 sensor_z=0.700 cutoff_z=1.700
[scan_planner_node-4] [FSM]: from EXEC_TRAJ to REPLAN_TRAJ
[scan_planner_node-4] 
[scan_planner_node-4] [rebo replan]: -------------------------------------274
[scan_planner_node-4] start:  6.03 -2.28 0.403,    0.0321    -0.661 -0.000737
[scan_planner_node-4] goal:3.1  -3 0.4,    -0.75 3.61e-07        0
[scan_planner_node-4] [32miter(+1)=8,time(ms)=0.106,total_t(ms)=0.106,cost=0.007
[scan_planner_node-4] [0mfirst_optimize_step_success=1
[scan_planner_node-4] total time:[42m0.000386[0m,optimize:0.000317,refine:6.86e-05
[scan_planner_node-4] final_plan_success=1
[scan_planner_node-4] [FSM]: from REPLAN_TRAJ to EXEC_TRAJ
[closed_loop_controller-6] [INFO] [1785998052.596667156] [closed_loop_controller]: Received trajectory 156, duration 5.440s
[scan_planner_node-4] [FSM]: state: EXEC_TRAJ
[scan_planner_node-4] [INFO] [1785998053.787514365] [scan_planner_node]: [GridMapDiag] cloud=32768 accepted=24222 invalid=8546 below_sensor=0 outside_update=0 sensor_z=0.700 cutoff_z=1.700
[scan_planner_node-4] [FSM]: from EXEC_TRAJ to REPLAN_TRAJ
[scan_planner_node-4] 
[scan_planner_node-4] [rebo replan]: -------------------------------------275
[scan_planner_node-4] start:  5.32 -3.02 0.402,    -0.644   0.00413 -0.000515
[scan_planner_node-4] goal:1.7  -3 0.4,    -0.75 -9.9e-10        0
[scan_planner_node-4] [32miter(+1)=5,time(ms)=0.024,total_t(ms)=0.024,cost=0.004
[scan_planner_node-4] [0mfirst_optimize_step_success=1
[scan_planner_node-4] total time:[42m0.000229[0m,optimize:0.000181,refine:4.77e-05
[scan_planner_node-4] final_plan_success=1
[scan_planner_node-4] [FSM]: from REPLAN_TRAJ to EXEC_TRAJ
[closed_loop_controller-6] [INFO] [1785998054.830615669] [closed_loop_controller]: Received trajectory 157, duration 5.760s
[scan_planner_node-4] [INFO] [1785998055.871915459] [scan_planner_node]: [GridMapDiag] cloud=32768 accepted=23846 invalid=8922 below_sensor=0 outside_update=0 sensor_z=0.700 cutoff_z=1.700
[scan_planner_node-4] [FSM]: from EXEC_TRAJ to REPLAN_TRAJ
[scan_planner_node-4] 
[scan_planner_node-4] [rebo replan]: -------------------------------------276
[scan_planner_node-4] start:  4.22    -3 0.401,    -0.625 -0.000308 -0.000315
[scan_planner_node-4] goal:0.475    -3   0.4,     -0.75 -1.35e-11         0
[scan_planner_node-4] [32miter(+1)=9,time(ms)=0.068,total_t(ms)=0.069,cost=0.004
[scan_planner_node-4] [0mfirst_optimize_step_success=1
[scan_planner_node-4] total time:[42m0.000375[0m,optimize:0.000299,refine:7.64e-05
[scan_planner_node-4] final_plan_success=1
[scan_planner_node-4] [FSM]: from REPLAN_TRAJ to EXEC_TRAJ
[closed_loop_controller-6] [INFO] [1785998056.584238849] [closed_loop_controller]: Received trajectory 158, duration 6.080s
[scan_planner_node-4] [INFO] [1785998057.970345742] [scan_planner_node]: [GridMapDiag] cloud=32768 accepted=24322 invalid=8446 below_sensor=0 outside_update=0 sensor_z=0.700 cutoff_z=1.700
[scan_planner_node-4] [FSM]: from EXEC_TRAJ to REPLAN_TRAJ
[scan_planner_node-4] 
[scan_planner_node-4] [rebo replan]: -------------------------------------277
[scan_planner_node-4] start:  3.19    -3 0.401,    -0.625  -9.3e-05 -0.000214
[scan_planner_node-4] goal:-0.4   -3  0.4,    -0.75 1.53e-11        0
[scan_planner_node-4] [32miter(+1)=9,time(ms)=0.036,total_t(ms)=0.036,cost=0.003
[scan_planner_node-4] [0mfirst_optimize_step_success=1
[scan_planner_node-4] total time:[42m0.000228[0m,optimize:0.000184,refine:4.48e-05
[scan_planner_node-4] final_plan_success=1
[scan_planner_node-4] [FSM]: from REPLAN_TRAJ to EXEC_TRAJ
[closed_loop_controller-6] [INFO] [1785998058.234468954] [closed_loop_controller]: Received trajectory 159, duration 5.760s
[scan_planner_node-4] [FSM]: state: EXEC_TRAJ
[scan_planner_node-4] [FSM]: from EXEC_TRAJ to REPLAN_TRAJ
[scan_planner_node-4] 
[scan_planner_node-4] [rebo replan]: -------------------------------------278
[scan_planner_node-4] start:  2.09    -3 0.401,    -0.625  0.000183 -0.000161
[scan_planner_node-4] goal:-1.62    -3   0.4,    -0.75 2.84e-09        0
[scan_planner_node-4] [32miter(+1)=12,time(ms)=0.048,total_t(ms)=0.048,cost=0.003
[scan_planner_node-4] [0mfirst_optimize_step_success=1
[scan_planner_node-4] total time:[42m0.000304[0m,optimize:0.000238,refine:6.59e-05
[scan_planner_node-4] final_plan_success=1
[scan_planner_node-4] [FSM]: from REPLAN_TRAJ to EXEC_TRAJ
[closed_loop_controller-6] [INFO] [1785998059.992179690] [closed_loop_controller]: Received trajectory 160, duration 6.080s
[scan_planner_node-4] [INFO] [1785998060.034772414] [scan_planner_node]: [GridMapDiag] cloud=32768 accepted=25208 invalid=7560 below_sensor=0 outside_update=0 sensor_z=0.700 cutoff_z=1.700
[scan_planner_node-4] [FSM]: from EXEC_TRAJ to REPLAN_TRAJ
[scan_planner_node-4] 
[scan_planner_node-4] [rebo replan]: -------------------------------------279
[scan_planner_node-4] start: 1.03   -3  0.4,    -0.623 -1.07e-05 -0.000108
[scan_planner_node-4] goal:-2.68    -3   0.4,     -0.75 -1.43e-07         0
[scan_planner_node-4] [32miter(+1)=6,time(ms)=0.028,total_t(ms)=0.028,cost=0.001
[scan_planner_node-4] [0mfirst_optimize_step_success=1
[scan_planner_node-4] total time:[42m0.000232[0m,optimize:0.000188,refine:4.47e-05
[scan_planner_node-4] final_plan_success=1
[scan_planner_node-4] [FSM]: from REPLAN_TRAJ to EXEC_TRAJ
[closed_loop_controller-6] [INFO] [1785998061.699703007] [closed_loop_controller]: Received trajectory 161, duration 5.760s
[scan_planner_node-4] [INFO] [1785998062.078640872] [scan_planner_node]: [GridMapDiag] cloud=32768 accepted=25147 invalid=7621 below_sensor=0 outside_update=0 sensor_z=0.700 cutoff_z=1.700
[scan_planner_node-4] [FSM]: from EXEC_TRAJ to REPLAN_TRAJ
[scan_planner_node-4] 
[scan_planner_node-4] [rebo replan]: -------------------------------------280
[scan_planner_node-4] start: 0.00954      -3     0.4,    -0.625  -3.3e-06 -7.79e-05
[scan_planner_node-4] goal:-3.55    -3   0.4,    -0.75 4.71e-06        0
[scan_planner_node-4] [32miter(+1)=9,time(ms)=0.046,total_t(ms)=0.047,cost=0.004
[scan_planner_node-4] [0mfirst_optimize_step_success=1
[scan_planner_node-4] total time:[42m0.000248[0m,optimize:0.000202,refine:4.5e-05
[scan_planner_node-4] final_plan_success=1
[scan_planner_node-4] [FSM]: from REPLAN_TRAJ to EXEC_TRAJ
[closed_loop_controller-6] [INFO] [1785998063.326171066] [closed_loop_controller]: Received trajectory 162, duration 5.760s
[scan_planner_node-4] [INFO] [1785998064.087779319] [scan_planner_node]: [GridMapDiag] cloud=32768 accepted=25157 invalid=7611 below_sensor=0 outside_update=0 sensor_z=0.700 cutoff_z=1.700
[scan_planner_node-4] [FSM]: state: EXEC_TRAJ
[scan_planner_node-4] [FSM]: from EXEC_TRAJ to REPLAN_TRAJ
[scan_planner_node-4] 
[scan_planner_node-4] [rebo replan]: -------------------------------------281
[scan_planner_node-4] start: -1.04    -3   0.4,    -0.626  3.62e-07 -5.85e-05
[scan_planner_node-4] goal:-4.6   -3  0.4,     -0.75 -0.000765         0
[scan_planner_node-4] [32miter(+1)=9,time(ms)=0.058,total_t(ms)=0.058,cost=0.003
[scan_planner_node-4] [0mfirst_optimize_step_success=1
[scan_planner_node-4] total time:[42m0.000365[0m,optimize:0.00029,refine:7.54e-05
[scan_planner_node-4] final_plan_success=1
[scan_planner_node-4] [FSM]: from REPLAN_TRAJ to EXEC_TRAJ
[closed_loop_controller-6] [INFO] [1785998065.000579709] [closed_loop_controller]: Received trajectory 163, duration 5.760s
[scan_planner_node-4] [INFO] [1785998066.089990640] [scan_planner_node]: [GridMapDiag] cloud=32768 accepted=24987 invalid=7781 below_sensor=0 outside_update=0 sensor_z=0.700 cutoff_z=1.700
[scan_planner_node-4] [FSM]: from EXEC_TRAJ to REPLAN_TRAJ
[scan_planner_node-4] 
[scan_planner_node-4] [rebo replan]: -------------------------------------282
[scan_planner_node-4] start: -2.11    -3   0.4,    -0.626 -1.34e-05 -4.11e-05
[scan_planner_node-4] goal:-5.83    -3   0.4, -0.74 -0.12     0
[scan_planner_node-4] [32miter(+1)=9,time(ms)=0.039,total_t(ms)=0.039,cost=0.005
[scan_planner_node-4] [0mfirst_optimize_step_success=1
[scan_planner_node-4] total time:[42m0.000236[0m,optimize:0.000182,refine:5.46e-05
[scan_planner_node-4] final_plan_success=1
[scan_planner_node-4] [FSM]: from REPLAN_TRAJ to EXEC_TRAJ
[closed_loop_controller-6] [INFO] [1785998066.720693563] [closed_loop_controller]: Received trajectory 164, duration 6.080s
[scan_planner_node-4] [INFO] [1785998068.239015262] [scan_planner_node]: [GridMapDiag] cloud=32768 accepted=24433 invalid=8335 below_sensor=0 outside_update=0 sensor_z=0.700 cutoff_z=1.700
[scan_planner_node-4] [FSM]: from EXEC_TRAJ to REPLAN_TRAJ
[scan_planner_node-4] 
[scan_planner_node-4] [rebo replan]: -------------------------------------283
[scan_planner_node-4] start: -3.18    -3   0.4,    -0.625   0.00084 -2.75e-05
[scan_planner_node-4] goal:  -6 -2.3  0.4, -0.00383    0.746        0
[scan_planner_node-4] [32miter(+1)=15,time(ms)=0.081,total_t(ms)=0.082,cost=0.008
[scan_planner_node-4] [0mfirst_optimize_step_success=1
[scan_planner_node-4] total time:[42m0.000317[0m,optimize:0.00026,refine:5.78e-05
[scan_planner_node-4] final_plan_success=1
[scan_planner_node-4] [FSM]: from REPLAN_TRAJ to EXEC_TRAJ
[closed_loop_controller-6] [INFO] [1785998068.423398599] [closed_loop_controller]: Received trajectory 165, duration 5.760s
[scan_planner_node-4] [FSM]: from EXEC_TRAJ to REPLAN_TRAJ
[scan_planner_node-4] 
[scan_planner_node-4] [rebo replan]: -------------------------------------284
[scan_planner_node-4] start: -4.24 -3.01   0.4,    -0.637   -0.0144 -2.06e-05
[scan_planner_node-4] goal:   -6 -1.25   0.4, 0.000157     0.75        0
[scan_planner_node-4] [32miter(+1)=13,time(ms)=0.053,total_t(ms)=0.054,cost=0.007
[scan_planner_node-4] [0mfirst_optimize_step_success=1
[scan_planner_node-4] total time:[42m0.000223[0m,optimize:0.000183,refine:3.99e-05
[scan_planner_node-4] final_plan_success=1
[scan_planner_node-4] [FSM]: from REPLAN_TRAJ to EXEC_TRAJ
[closed_loop_controller-6] [INFO] [1785998070.129809518] [closed_loop_controller]: Received trajectory 166, duration 5.120s
[scan_planner_node-4] [INFO] [1785998070.328349767] [scan_planner_node]: [GridMapDiag] cloud=32768 accepted=23879 invalid=8889 below_sensor=0 outside_update=0 sensor_z=0.700 cutoff_z=1.700
[scan_planner_node-4] [FSM]: state: EXEC_TRAJ
[scan_planner_node-4] [FSM]: from EXEC_TRAJ to REPLAN_TRAJ
[scan_planner_node-4] 
[scan_planner_node-4] [rebo replan]: -------------------------------------285
[scan_planner_node-4] start: -5.29 -2.99   0.4,    -0.666   -0.0676 -1.52e-05
[scan_planner_node-4] goal:  -6 -0.2  0.4, -2.1e-06     0.75        0
[scan_planner_node-4] [32miter(+1)=12,time(ms)=0.077,total_t(ms)=0.077,cost=0.008
[scan_planner_node-4] [0mfirst_optimize_step_success=1
[scan_planner_node-4] total time:[42m0.000322[0m,optimize:0.000263,refine:5.91e-05
[scan_planner_node-4] final_plan_success=1
[scan_planner_node-4] [FSM]: from REPLAN_TRAJ to EXEC_TRAJ
[closed_loop_controller-6] [INFO] [1785998071.805821271] [closed_loop_controller]: Received trajectory 167, duration 5.120s
[scan_planner_node-4] [INFO] [1785998072.335994149] [scan_planner_node]: [GridMapDiag] cloud=32768 accepted=24089 invalid=8679 below_sensor=0 outside_update=0 sensor_z=0.700 cutoff_z=1.700
[scan_planner_node-4] [FSM]: from EXEC_TRAJ to REPLAN_TRAJ
[scan_planner_node-4] 
[scan_planner_node-4] [rebo replan]: -------------------------------------286
[scan_planner_node-4] start: -6.02 -2.25   0.4,    0.0316      0.66 -1.07e-05
[scan_planner_node-4] goal: -6   1 0.4, 0 0 0
[scan_planner_node-4] [32miter(+1)=27,time(ms)=0.101,total_t(ms)=0.101,cost=0.015
[scan_planner_node-4] [0mfirst_optimize_step_success=1
[scan_planner_node-4] total time:[42m0.000267[0m,optimize:0.00022,refine:4.72e-05
[scan_planner_node-4] final_plan_success=1
[scan_planner_node-4] [FSM]: from REPLAN_TRAJ to EXEC_TRAJ
[closed_loop_controller-6] [INFO] [1785998074.257030839] [closed_loop_controller]: Received trajectory 168, duration 5.440s
[scan_planner_node-4] [INFO] [1785998074.385868110] [scan_planner_node]: [GridMapDiag] cloud=32768 accepted=24491 invalid=8277 below_sensor=0 outside_update=0 sensor_z=0.700 cutoff_z=1.700
[scan_planner_node-4] [FSM]: from EXEC_TRAJ to REPLAN_TRAJ
[scan_planner_node-4] 
[scan_planner_node-4] [rebo replan]: -------------------------------------287
[scan_planner_node-4] start: -5.99 -1.22   0.4,   -0.0179     0.567 -6.72e-06
[scan_planner_node-4] goal: -6   1 0.4, 0 0 0
[scan_planner_node-4] [32miter(+1)=21,time(ms)=0.060,total_t(ms)=0.060,cost=0.024
[scan_planner_node-4] [0mfirst_optimize_step_success=1
[scan_planner_node-4] total time:[42m0.000171[0m,optimize:0.000142,refine:2.89e-05
[scan_planner_node-4] final_plan_success=1
[scan_planner_node-4] [FSM]: from REPLAN_TRAJ to EXEC_TRAJ
[closed_loop_controller-6] [INFO] [1785998075.921632110] [closed_loop_controller]: Received trajectory 169, duration 3.840s
[scan_planner_node-4] [INFO] [1785998076.431281498] [scan_planner_node]: [GridMapDiag] cloud=32768 accepted=25142 invalid=7626 below_sensor=0 outside_update=0 sensor_z=0.700 cutoff_z=1.700
[scan_planner_node-4] [FSM]: state: EXEC_TRAJ
[scan_planner_node-4] [FSM]: from EXEC_TRAJ to REPLAN_TRAJ
[scan_planner_node-4] 
[scan_planner_node-4] [rebo replan]: -------------------------------------288
[scan_planner_node-4] start:     -6 -0.141    0.4,    0.0041     0.776 -6.66e-06
[scan_planner_node-4] goal: -6   1 0.4, 0 0 0
[scan_planner_node-4] [32miter(+1)=10,time(ms)=0.022,total_t(ms)=0.022,cost=0.093
[scan_planner_node-4] [0mfirst_optimize_step_success=1
[scan_planner_node-4] Need to reallocate time.
[scan_planner_node-4] total time:[42m0.000148[0m,optimize:8.08e-05,refine:6.69e-05
[scan_planner_node-4] final_plan_success=1
[scan_planner_node-4] [FSM]: from REPLAN_TRAJ to EXEC_TRAJ
[closed_loop_controller-6] [INFO] [1785998077.562534269] [closed_loop_controller]: Received trajectory 170, duration 2.242s
[scan_planner_node-4] [INFO] [1785998078.526194411] [scan_planner_node]: [GridMapDiag] cloud=32768 accepted=26336 invalid=6432 below_sensor=0 outside_update=0 sensor_z=0.700 cutoff_z=1.700
[scan_planner_node-4] [FSM]: from EXEC_TRAJ to REPLAN_TRAJ
[scan_planner_node-4] 
[scan_planner_node-4] [rebo replan]: -------------------------------------289
[scan_planner_node-4] start:    -6 0.863   0.4,  -0.00097     0.356 -7.57e-06
[scan_planner_node-4] goal: -6   1 0.4, 0 0 0
[scan_planner_node-4] Close to goal
[scan_planner_node-4] final_plan_success=0
[scan_planner_node-4] 
[scan_planner_node-4] [rebo replan]: -------------------------------------290
[scan_planner_node-4] start:    -6 0.863   0.4,  -0.00097     0.356 -7.57e-06
[scan_planner_node-4] goal: -6   1 0.4, 0 0 0
[scan_planner_node-4] Close to goal
[scan_planner_node-4] final_plan_success=0
[scan_planner_node-4] 
[scan_planner_node-4] [rebo replan]: -------------------------------------291
[scan_planner_node-4] start:    -6 0.863   0.4,  -0.00097     0.356 -7.57e-06
[scan_planner_node-4] goal: -6   1 0.4, 0 0 0
[scan_planner_node-4] Close to goal
[scan_planner_node-4] final_plan_success=0
[scan_planner_node-4] [FSM]: from REPLAN_TRAJ to REPLAN_TRAJ
[scan_planner_node-4] 
[scan_planner_node-4] [rebo replan]: -------------------------------------292
[scan_planner_node-4] start:    -6 0.885   0.4, -0.000884     0.311 -8.63e-06
[scan_planner_node-4] goal: -6   1 0.4, 0 0 0
[scan_planner_node-4] Close to goal
[scan_planner_node-4] final_plan_success=0
[scan_planner_node-4] 
[scan_planner_node-4] [rebo replan]: -------------------------------------293
[scan_planner_node-4] start:    -6 0.885   0.4, -0.000884     0.311 -8.63e-06
[scan_planner_node-4] goal: -6   1 0.4, 0 0 0
[scan_planner_node-4] Close to goal
[scan_planner_node-4] final_plan_success=0
[scan_planner_node-4] 
[scan_planner_node-4] [rebo replan]: -------------------------------------294
[scan_planner_node-4] start:    -6 0.885   0.4, -0.000884     0.311 -8.63e-06
[scan_planner_node-4] goal: -6   1 0.4, 0 0 0
[scan_planner_node-4] Close to goal
[scan_planner_node-4] final_plan_success=0
[scan_planner_node-4] [FSM]: from REPLAN_TRAJ to REPLAN_TRAJ
[scan_planner_node-4] 
[scan_planner_node-4] [rebo replan]: -------------------------------------295
[scan_planner_node-4] start:    -6 0.899   0.4,  -0.00082     0.281 -8.97e-06
[scan_planner_node-4] goal: -6   1 0.4, 0 0 0
[scan_planner_node-4] Close to goal
[scan_planner_node-4] final_plan_success=0
[scan_planner_node-4] 
[scan_planner_node-4] [rebo replan]: -------------------------------------296
[scan_planner_node-4] start:    -6 0.899   0.4,  -0.00082     0.281 -8.97e-06
[scan_planner_node-4] goal: -6   1 0.4, 0 0 0
[scan_planner_node-4] Close to goal
[scan_planner_node-4] final_plan_success=0
[scan_planner_node-4] 
[scan_planner_node-4] [rebo replan]: -------------------------------------297
[scan_planner_node-4] start:    -6 0.899   0.4,  -0.00082     0.281 -8.97e-06
[scan_planner_node-4] goal: -6   1 0.4, 0 0 0
[scan_planner_node-4] Close to goal
[scan_planner_node-4] final_plan_success=0
[scan_planner_node-4] [FSM]: from REPLAN_TRAJ to REPLAN_TRAJ
[scan_planner_node-4] 
[scan_planner_node-4] [rebo replan]: -------------------------------------298
[scan_planner_node-4] start:   -6 0.91  0.4, -0.000759     0.254 -9.02e-06
[scan_planner_node-4] goal: -6   1 0.4, 0 0 0
[scan_planner_node-4] Close to goal
[scan_planner_node-4] final_plan_success=0
[scan_planner_node-4] 
[scan_planner_node-4] [rebo replan]: -------------------------------------299
[scan_planner_node-4] start:   -6 0.91  0.4, -0.000759     0.254 -9.02e-06
[scan_planner_node-4] goal: -6   1 0.4, 0 0 0
[scan_planner_node-4] Close to goal
[scan_planner_node-4] final_plan_success=0
[scan_planner_node-4] 
[scan_planner_node-4] [rebo replan]: -------------------------------------300
[scan_planner_node-4] start:   -6 0.91  0.4, -0.000759     0.254 -9.02e-06
[scan_planner_node-4] goal: -6   1 0.4, 0 0 0
[scan_planner_node-4] Close to goal
[scan_planner_node-4] final_plan_success=0
[scan_planner_node-4] [FSM]: from REPLAN_TRAJ to REPLAN_TRAJ
[scan_planner_node-4] 
[scan_planner_node-4] [rebo replan]: -------------------------------------301
[scan_planner_node-4] start:    -6 0.927   0.4, -0.000636     0.206 -8.49e-06
[scan_planner_node-4] goal: -6   1 0.4, 0 0 0
[scan_planner_node-4] Close to goal
[scan_planner_node-4] final_plan_success=0
[scan_planner_node-4] 
[scan_planner_node-4] [rebo replan]: -------------------------------------302
[scan_planner_node-4] start:    -6 0.927   0.4, -0.000636     0.206 -8.49e-06
[scan_planner_node-4] goal: -6   1 0.4, 0 0 0
[scan_planner_node-4] Close to goal
[scan_planner_node-4] final_plan_success=0
[scan_planner_node-4] 
[scan_planner_node-4] [rebo replan]: -------------------------------------303
[scan_planner_node-4] start:    -6 0.927   0.4, -0.000636     0.206 -8.49e-06
[scan_planner_node-4] goal: -6   1 0.4, 0 0 0
[scan_planner_node-4] Close to goal
[scan_planner_node-4] final_plan_success=0
[scan_planner_node-4] [FSM]: from REPLAN_TRAJ to REPLAN_TRAJ
[scan_planner_node-4] 
[scan_planner_node-4] [rebo replan]: -------------------------------------304
[scan_planner_node-4] start:    -6 0.939   0.4,  -0.00051     0.161 -7.31e-06
[scan_planner_node-4] goal: -6   1 0.4, 0 0 0
[scan_planner_node-4] Close to goal
[scan_planner_node-4] final_plan_success=0
[scan_planner_node-4] 
[scan_planner_node-4] [rebo replan]: -------------------------------------305
[scan_planner_node-4] start:    -6 0.939   0.4,  -0.00051     0.161 -7.31e-06
[scan_planner_node-4] goal: -6   1 0.4, 0 0 0
[scan_planner_node-4] Close to goal
[scan_planner_node-4] final_plan_success=0
[scan_planner_node-4] 
[scan_planner_node-4] [rebo replan]: -------------------------------------306
[scan_planner_node-4] start:    -6 0.939   0.4,  -0.00051     0.161 -7.31e-06
[scan_planner_node-4] goal: -6   1 0.4, 0 0 0
[scan_planner_node-4] Close to goal
[scan_planner_node-4] final_plan_success=0
[scan_planner_node-4] [FSM]: from REPLAN_TRAJ to REPLAN_TRAJ
[scan_planner_node-4] 
[scan_planner_node-4] [rebo replan]: -------------------------------------307
[scan_planner_node-4] start:    -6 0.945   0.4, -0.00043    0.135 -6.3e-06
[scan_planner_node-4] goal: -6   1 0.4, 0 0 0
[scan_planner_node-4] Close to goal
[scan_planner_node-4] final_plan_success=0
[scan_planner_node-4] 
[scan_planner_node-4] [rebo replan]: -------------------------------------308
[scan_planner_node-4] start:    -6 0.945   0.4, -0.00043    0.135 -6.3e-06
[scan_planner_node-4] goal: -6   1 0.4, 0 0 0
[scan_planner_node-4] Close to goal
[scan_planner_node-4] final_plan_success=0
[scan_planner_node-4] 
[scan_planner_node-4] [rebo replan]: -------------------------------------309
[scan_planner_node-4] start:    -6 0.945   0.4, -0.00043    0.135 -6.3e-06
[scan_planner_node-4] goal: -6   1 0.4, 0 0 0
[scan_planner_node-4] Close to goal
[scan_planner_node-4] final_plan_success=0
[scan_planner_node-4] [FSM]: from REPLAN_TRAJ to REPLAN_TRAJ
[scan_planner_node-4] 
[scan_planner_node-4] [rebo replan]: -------------------------------------310
[scan_planner_node-4] start:    -6 0.954   0.4, -0.000278     0.087 -4.08e-06
[scan_planner_node-4] goal: -6   1 0.4, 0 0 0
[scan_planner_node-4] Close to goal
[scan_planner_node-4] final_plan_success=0
[scan_planner_node-4] 
[scan_planner_node-4] [rebo replan]: -------------------------------------311
[scan_planner_node-4] start:    -6 0.954   0.4, -0.000278     0.087 -4.08e-06
[scan_planner_node-4] goal: -6   1 0.4, 0 0 0
[scan_planner_node-4] Close to goal
[scan_planner_node-4] final_plan_success=0
[scan_planner_node-4] 
[scan_planner_node-4] [rebo replan]: -------------------------------------312
[scan_planner_node-4] start:    -6 0.954   0.4, -0.000278     0.087 -4.08e-06
[scan_planner_node-4] goal: -6   1 0.4, 0 0 0
[scan_planner_node-4] Close to goal
[scan_planner_node-4] final_plan_success=0
[scan_planner_node-4] [FSM]: from REPLAN_TRAJ to REPLAN_TRAJ
[loop_path_publisher.py-9] [INFO] [1785998079.498515894] [loop_path_publisher]: Published shuttle route with 31 dense points, run 9
[terrain_path_visualizer-10] [INFO] [1785998079.507745213] [terrain_path_segmenter]: Segmented 31 path points into 2 sections
[scan_planner_node-4] 
[scan_planner_node-4] [rebo replan]: -------------------------------------313
[scan_planner_node-4] start:    -6 0.959   0.4, -0.000148    0.0461 -2.16e-06
[scan_planner_node-4] goal: -6   1 0.4, 0 0 0
[scan_planner_node-4] Close to goal
[scan_planner_node-4] final_plan_success=0
[scan_planner_node-4] 
[scan_planner_node-4] [rebo replan]: -------------------------------------314
[scan_planner_node-4] start:    -6 0.959   0.4, -0.000148    0.0461 -2.16e-06
[scan_planner_node-4] goal: -6   1 0.4, 0 0 0
[scan_planner_node-4] Close to goal
[scan_planner_node-4] final_plan_success=0
[scan_planner_node-4] 
[scan_planner_node-4] [rebo replan]: -------------------------------------315
[scan_planner_node-4] start:    -6 0.959   0.4, -0.000148    0.0461 -2.16e-06
[scan_planner_node-4] goal: -6   1 0.4, 0 0 0
[scan_planner_node-4] Close to goal
[scan_planner_node-4] final_plan_success=0
[scan_planner_node-4] [FSM]: from REPLAN_TRAJ to REPLAN_TRAJ
[scan_planner_node-4] [INFO] [1785998079.691160214] [scan_planner_node]: Reference path accepted
[scan_planner_node-4] 
[scan_planner_node-4] [rebo replan]: -------------------------------------316
[scan_planner_node-4] start:    -6 0.962   0.4, -3.86e-05    0.0119 -5.57e-07
[scan_planner_node-4] goal:  -6 4.53 1.28, 0 0 0
[scan_planner_node-4] [32miter(+1)=40,time(ms)=0.606,total_t(ms)=0.607,cost=0.011
[scan_planner_node-4] [0mfirst_optimize_step_success=1
[scan_planner_node-4] total time:[42m0.00112[0m,optimize:0.00104,refine:8.46e-05
[scan_planner_node-4] final_plan_success=1
[scan_planner_node-4] [FSM]: from REPLAN_TRAJ to EXEC_TRAJ
[closed_loop_controller-6] [INFO] [1785998079.694577867] [closed_loop_controller]: Received trajectory 171, duration 6.400s
[scan_planner_node-4] [INFO] [1785998080.617934582] [scan_planner_node]: [GridMapDiag] cloud=32768 accepted=26987 invalid=5781 below_sensor=0 outside_update=0 sensor_z=0.716 cutoff_z=1.716
[scan_planner_node-4] [FSM]: from EXEC_TRAJ to REPLAN_TRAJ
[scan_planner_node-4] 
[scan_planner_node-4] [rebo replan]: -------------------------------------317
[scan_planner_node-4] start:    -6  2.01 0.596, 2.1e-05   0.758   0.217
[scan_planner_node-4] goal: -6   5 1.4, 0 0 0
[scan_planner_node-4] [32miter(+1)=22,time(ms)=0.082,total_t(ms)=0.083,cost=0.075
[scan_planner_node-4] [0mfirst_optimize_step_success=1
[scan_planner_node-4] Need to reallocate time.
[scan_planner_node-4] total time:[42m0.000437[0m,optimize:0.000209,refine:0.000228
[scan_planner_node-4] final_plan_success=1
[scan_planner_node-4] [FSM]: from REPLAN_TRAJ to EXEC_TRAJ
[closed_loop_controller-6] [INFO] [1785998082.023524836] [closed_loop_controller]: Received trajectory 172, duration 6.150s
[scan_planner_node-4] [FSM]: state: EXEC_TRAJ
[scan_planner_node-4] [INFO] [1785998082.686338347] [scan_planner_node]: [GridMapDiag] cloud=32768 accepted=26750 invalid=6018 below_sensor=0 outside_update=0 sensor_z=1.052 cutoff_z=2.052
[scan_planner_node-4] [FSM]: from EXEC_TRAJ to REPLAN_TRAJ
[scan_planner_node-4] 
[scan_planner_node-4] [rebo replan]: -------------------------------------318
[scan_planner_node-4] start:    -6  2.99 0.851, -9.97e-05     0.358     0.128
[scan_planner_node-4] goal: -6   5 1.4, 0 0 0
[scan_planner_node-4] [32miter(+1)=24,time(ms)=0.105,total_t(ms)=0.106,cost=0.055
[scan_planner_node-4] [0mfirst_optimize_step_success=1
[scan_planner_node-4] total time:[42m0.000258[0m,optimize:0.000223,refine:3.45e-05
[scan_planner_node-4] final_plan_success=1
[scan_planner_node-4] [FSM]: from REPLAN_TRAJ to EXEC_TRAJ
[closed_loop_controller-6] [INFO] [1785998083.888757957] [closed_loop_controller]: Received trajectory 173, duration 3.520s
[scan_planner_node-4] [INFO] [1785998084.733147298] [scan_planner_node]: [GridMapDiag] cloud=32768 accepted=22034 invalid=10734 below_sensor=0 outside_update=0 sensor_z=1.306 cutoff_z=2.306
[scan_planner_node-4] [FSM]: from EXEC_TRAJ to REPLAN_TRAJ
[scan_planner_node-4] 
[scan_planner_node-4] [rebo replan]: -------------------------------------319
[scan_planner_node-4] start:   -6 4.04 1.11, -0.000142      0.79     0.167
[scan_planner_node-4] goal: -6   5 1.4, 0 0 0
[scan_planner_node-4] [32miter(+1)=14,time(ms)=0.033,total_t(ms)=0.033,cost=0.023
[scan_planner_node-4] [0mfirst_optimize_step_success=1
[scan_planner_node-4] total time:[42m0.000118[0m,optimize:9.73e-05,refine:2.1e-05
[scan_planner_node-4] final_plan_success=1
[scan_planner_node-4] [FSM]: from REPLAN_TRAJ to EXEC_TRAJ
[closed_loop_controller-6] [INFO] [1785998085.484261522] [closed_loop_controller]: Received trajectory 174, duration 2.560s
[terrain_path_visualizer-10] [INFO] [1785998086.707376633] [terrain_path_segmenter]: Visualization advanced to segment 2/2
[scan_planner_node-4] [TRIG]: from EXEC_TRAJ to REPLAN_TRAJ
[scan_planner_node-4] [INFO] [1785998086.729030254] [scan_planner_node]: Reference path accepted
[scan_planner_node-4] 
[scan_planner_node-4] [rebo replan]: -------------------------------------320
[scan_planner_node-4] start:   -6 4.78 1.27, 1.03e-06    0.323    0.123
[scan_planner_node-4] goal: -6   7 1.4, 0 0 0
[scan_planner_node-4] [32miter(+1)=7,time(ms)=0.023,total_t(ms)=0.024,cost=0.054
[scan_planner_node-4] [0mfirst_optimize_step_success=1
[scan_planner_node-4] total time:[42m0.000158[0m,optimize:0.000127,refine:3.16e-05
[scan_planner_node-4] final_plan_success=1
[scan_planner_node-4] [FSM]: from REPLAN_TRAJ to EXEC_TRAJ
[closed_loop_controller-6] [INFO] [1785998086.797330333] [closed_loop_controller]: Received trajectory 175, duration 4.160s
[scan_planner_node-4] [INFO] [1785998086.879469174] [scan_planner_node]: [GridMapDiag] cloud=32768 accepted=16502 invalid=16266 below_sensor=0 outside_update=0 sensor_z=1.645 cutoff_z=2.645
[scan_planner_node-4] [FSM]: state: EXEC_TRAJ
[scan_planner_node-4] [FSM]: from EXEC_TRAJ to REPLAN_TRAJ
[scan_planner_node-4] 
[scan_planner_node-4] [rebo replan]: -------------------------------------321
[scan_planner_node-4] start:   -6 5.85 1.33, -1.01e-05     0.789    0.0471
[scan_planner_node-4] goal: -6   7 1.4, 0 0 0
[scan_planner_node-4] [32miter(+1)=11,time(ms)=0.025,total_t(ms)=0.026,cost=0.096
[scan_planner_node-4] [0mfirst_optimize_step_success=1
[scan_planner_node-4] Need to reallocate time.
[scan_planner_node-4] total time:[42m0.000164[0m,optimize:9.6e-05,refine:6.82e-05
[scan_planner_node-4] final_plan_success=1
[scan_planner_node-4] [FSM]: from REPLAN_TRAJ to EXEC_TRAJ
[closed_loop_controller-6] [INFO] [1785998088.825270886] [closed_loop_controller]: Received trajectory 176, duration 2.240s
[scan_planner_node-4] [INFO] [1785998088.899126531] [scan_planner_node]: [GridMapDiag] cloud=32768 accepted=15384 invalid=17384 below_sensor=0 outside_update=0 sensor_z=1.700 cutoff_z=2.700
[scan_planner_node-4] [FSM]: from EXEC_TRAJ to REPLAN_TRAJ
[scan_planner_node-4] 
[scan_planner_node-4] [rebo replan]: -------------------------------------322
[scan_planner_node-4] start:   -6 6.87 1.38, 1.6e-06   0.345  0.0399
[scan_planner_node-4] goal: -6   7 1.4, 0 0 0
[scan_planner_node-4] Close to goal
[scan_planner_node-4] final_plan_success=0
[scan_planner_node-4] 
[scan_planner_node-4] [rebo replan]: -------------------------------------323
[scan_planner_node-4] start:   -6 6.87 1.38, 1.6e-06   0.345  0.0399
[scan_planner_node-4] goal: -6   7 1.4, 0 0 0
[scan_planner_node-4] Close to goal
[scan_planner_node-4] final_plan_success=0
[scan_planner_node-4] 
[scan_planner_node-4] [rebo replan]: -------------------------------------324
[scan_planner_node-4] start:   -6 6.87 1.38, 1.6e-06   0.345  0.0399
[scan_planner_node-4] goal: -6   7 1.4, 0 0 0
[scan_planner_node-4] Close to goal
[scan_planner_node-4] final_plan_success=0
[scan_planner_node-4] [FSM]: from REPLAN_TRAJ to REPLAN_TRAJ
[scan_planner_node-4] 
[scan_planner_node-4] [rebo replan]: -------------------------------------325
[scan_planner_node-4] start:   -6 6.88 1.38, 1.51e-06    0.319   0.0435
[scan_planner_node-4] goal: -6   7 1.4, 0 0 0
[scan_planner_node-4] Close to goal
[scan_planner_node-4] final_plan_success=0
[scan_planner_node-4] 
[scan_planner_node-4] [rebo replan]: -------------------------------------326
[scan_planner_node-4] start:   -6 6.88 1.38, 1.51e-06    0.319   0.0435
[scan_planner_node-4] goal: -6   7 1.4, 0 0 0
[scan_planner_node-4] Close to goal
[scan_planner_node-4] final_plan_success=0
[scan_planner_node-4] 
[scan_planner_node-4] [rebo replan]: -------------------------------------327
[scan_planner_node-4] start:   -6 6.88 1.38, 1.51e-06    0.319   0.0435
[scan_planner_node-4] goal: -6   7 1.4, 0 0 0
[scan_planner_node-4] Close to goal
[scan_planner_node-4] final_plan_success=0
[scan_planner_node-4] [FSM]: from REPLAN_TRAJ to REPLAN_TRAJ
[scan_planner_node-4] 
[scan_planner_node-4] [rebo replan]: -------------------------------------328
[scan_planner_node-4] start:   -6 6.89 1.38, 1.4e-06    0.29  0.0459
[scan_planner_node-4] goal: -6   7 1.4, 0 0 0
[scan_planner_node-4] Close to goal
[scan_planner_node-4] final_plan_success=0
[scan_planner_node-4] 
[scan_planner_node-4] [rebo replan]: -------------------------------------329
[scan_planner_node-4] start:   -6 6.89 1.38, 1.4e-06    0.29  0.0459
[scan_planner_node-4] goal: -6   7 1.4, 0 0 0
[scan_planner_node-4] Close to goal
[scan_planner_node-4] final_plan_success=0
[scan_planner_node-4] 
[scan_planner_node-4] [rebo replan]: -------------------------------------330
[scan_planner_node-4] start:   -6 6.89 1.38, 1.4e-06    0.29  0.0459
[scan_planner_node-4] goal: -6   7 1.4, 0 0 0
[scan_planner_node-4] Close to goal
[scan_planner_node-4] final_plan_success=0
[scan_planner_node-4] [FSM]: from REPLAN_TRAJ to REPLAN_TRAJ
[scan_planner_node-4] 
[scan_planner_node-4] [rebo replan]: -------------------------------------331
[scan_planner_node-4] start:   -6 6.91 1.39, 1.27e-06    0.257   0.0469
[scan_planner_node-4] goal: -6   7 1.4, 0 0 0
[scan_planner_node-4] Close to goal
[scan_planner_node-4] final_plan_success=0
[scan_planner_node-4] 
[scan_planner_node-4] [rebo replan]: -------------------------------------332
[scan_planner_node-4] start:   -6 6.91 1.39, 1.27e-06    0.257   0.0469
[scan_planner_node-4] goal: -6   7 1.4, 0 0 0
[scan_planner_node-4] Close to goal
[scan_planner_node-4] final_plan_success=0
[scan_planner_node-4] 
[scan_planner_node-4] [rebo replan]: -------------------------------------333
[scan_planner_node-4] start:   -6 6.91 1.39, 1.27e-06    0.257   0.0469
[scan_planner_node-4] goal: -6   7 1.4, 0 0 0
[scan_planner_node-4] Close to goal
[scan_planner_node-4] final_plan_success=0
[scan_planner_node-4] [FSM]: from REPLAN_TRAJ to REPLAN_TRAJ
[scan_planner_node-4] 
[scan_planner_node-4] [rebo replan]: -------------------------------------334
[scan_planner_node-4] start:   -6 6.92 1.39, 1.16e-06     0.23   0.0462
[scan_planner_node-4] goal: -6   7 1.4, 0 0 0
[scan_planner_node-4] Close to goal
[scan_planner_node-4] final_plan_success=0
[scan_planner_node-4] 
[scan_planner_node-4] [rebo replan]: -------------------------------------335
[scan_planner_node-4] start:   -6 6.92 1.39, 1.16e-06     0.23   0.0462
[scan_planner_node-4] goal: -6   7 1.4, 0 0 0
[scan_planner_node-4] Close to goal
[scan_planner_node-4] final_plan_success=0
[scan_planner_node-4] 
[scan_planner_node-4] [rebo replan]: -------------------------------------336
[scan_planner_node-4] start:   -6 6.92 1.39, 1.16e-06     0.23   0.0462
[scan_planner_node-4] goal: -6   7 1.4, 0 0 0
[scan_planner_node-4] Close to goal
[scan_planner_node-4] final_plan_success=0
[scan_planner_node-4] [FSM]: from REPLAN_TRAJ to REPLAN_TRAJ
[scan_planner_node-4] 
[scan_planner_node-4] [rebo replan]: -------------------------------------337
[scan_planner_node-4] start:   -6 6.93 1.39, 9.5e-07   0.184  0.0419
[scan_planner_node-4] goal: -6   7 1.4, 0 0 0
[scan_planner_node-4] Close to goal
[scan_planner_node-4] final_plan_success=0
[scan_planner_node-4] 
[scan_planner_node-4] [rebo replan]: -------------------------------------338
[scan_planner_node-4] start:   -6 6.93 1.39, 9.5e-07   0.184  0.0419
[scan_planner_node-4] goal: -6   7 1.4, 0 0 0
[scan_planner_node-4] Close to goal
[scan_planner_node-4] final_plan_success=0
[scan_planner_node-4] 
[scan_planner_node-4] [rebo replan]: -------------------------------------339
[scan_planner_node-4] start:   -6 6.93 1.39, 9.5e-07   0.184  0.0419
[scan_planner_node-4] goal: -6   7 1.4, 0 0 0
[scan_planner_node-4] Close to goal
[scan_planner_node-4] final_plan_success=0
[scan_planner_node-4] [FSM]: from REPLAN_TRAJ to REPLAN_TRAJ
[scan_planner_node-4] 
[scan_planner_node-4] [rebo replan]: -------------------------------------340
[scan_planner_node-4] start:   -6 6.94 1.39, 7.24e-07    0.138   0.0338
[scan_planner_node-4] goal: -6   7 1.4, 0 0 0
[scan_planner_node-4] Close to goal
[scan_planner_node-4] final_plan_success=0
[scan_planner_node-4] 
[scan_planner_node-4] [rebo replan]: -------------------------------------341
[scan_planner_node-4] start:   -6 6.94 1.39, 7.24e-07    0.138   0.0338
[scan_planner_node-4] goal: -6   7 1.4, 0 0 0
[scan_planner_node-4] Close to goal
[scan_planner_node-4] final_plan_success=0
[scan_planner_node-4] 
[scan_planner_node-4] [rebo replan]: -------------------------------------342
[scan_planner_node-4] start:   -6 6.94 1.39, 7.24e-07    0.138   0.0338
[scan_planner_node-4] goal: -6   7 1.4, 0 0 0
[scan_planner_node-4] Close to goal
[scan_planner_node-4] final_plan_success=0
[scan_planner_node-4] [FSM]: from REPLAN_TRAJ to REPLAN_TRAJ
[loop_path_publisher.py-9] [INFO] [1785998090.710322177] [loop_path_publisher]: Published shuttle route with 193 dense points, run 10
[scan_planner_node-4] 
[scan_planner_node-4] [rebo replan]: -------------------------------------343
[scan_planner_node-4] start:   -6 6.95 1.39, 5.83e-07    0.111   0.0273
[scan_planner_node-4] goal: -6   7 1.4, 0 0 0
[scan_planner_node-4] Close to goal
[scan_planner_node-4] final_plan_success=0
[scan_planner_node-4] 
[scan_planner_node-4] [rebo replan]: -------------------------------------344
[scan_planner_node-4] start:   -6 6.95 1.39, 5.83e-07    0.111   0.0273
[scan_planner_node-4] goal: -6   7 1.4, 0 0 0
[scan_planner_node-4] Close to goal
[scan_planner_node-4] final_plan_success=0
[scan_planner_node-4] 
[scan_planner_node-4] [rebo replan]: -------------------------------------345
[scan_planner_node-4] start:   -6 6.95 1.39, 5.83e-07    0.111   0.0273
[scan_planner_node-4] goal: -6   7 1.4, 0 0 0
[scan_planner_node-4] Close to goal
[scan_planner_node-4] final_plan_success=0
[scan_planner_node-4] [FSM]: from REPLAN_TRAJ to REPLAN_TRAJ
[terrain_path_visualizer-10] [INFO] [1785998090.728272378] [terrain_path_segmenter]: Segmented 193 path points into 3 sections
[scan_planner_node-4] 
[scan_planner_node-4] [rebo replan]: -------------------------------------346
[scan_planner_node-4] start:   -6 6.95  1.4, 3.82e-07   0.0726   0.0179
[scan_planner_node-4] goal: -6   7 1.4, 0 0 0
[scan_planner_node-4] Close to goal
[scan_planner_node-4] final_plan_success=0
[scan_planner_node-4] 
[scan_planner_node-4] [rebo replan]: -------------------------------------347
[scan_planner_node-4] start:   -6 6.95  1.4, 3.82e-07   0.0726   0.0179
[scan_planner_node-4] goal: -6   7 1.4, 0 0 0
[scan_planner_node-4] Close to goal
[scan_planner_node-4] final_plan_success=0
[scan_planner_node-4] 
[scan_planner_node-4] [rebo replan]: -------------------------------------348
[scan_planner_node-4] start:   -6 6.95  1.4, 3.82e-07   0.0726   0.0179
[scan_planner_node-4] goal: -6   7 1.4, 0 0 0
[scan_planner_node-4] Close to goal
[scan_planner_node-4] final_plan_success=0
[scan_planner_node-4] [FSM]: from REPLAN_TRAJ to REPLAN_TRAJ
[scan_planner_node-4] [INFO] [1785998091.251585331] [scan_planner_node]: Reference path accepted
[scan_planner_node-4] 
[scan_planner_node-4] [rebo replan]: -------------------------------------349
[scan_planner_node-4] start:   -6 6.96  1.4, 4.35e-09 0.000597 0.000129
[scan_planner_node-4] goal:-2.35     7   1.4,      0.75 -1.31e-16         0
[scan_planner_node-4] [32miter(+1)=6,time(ms)=0.099,total_t(ms)=0.100,cost=0.033
[scan_planner_node-4] [0mfirst_optimize_step_success=1
[scan_planner_node-4] total time:[42m0.000436[0m,optimize:0.000349,refine:8.78e-05
[scan_planner_node-4] final_plan_success=1
[scan_planner_node-4] [FSM]: from REPLAN_TRAJ to EXEC_TRAJ
[closed_loop_controller-6] [INFO] [1785998091.252531957] [closed_loop_controller]: Received trajectory 177, duration 6.080s
[scan_planner_node-4] [INFO] [1785998091.466350307] [scan_planner_node]: [GridMapDiag] cloud=32768 accepted=15385 invalid=17383 below_sensor=0 outside_update=0 sensor_z=1.700 cutoff_z=2.700
[scan_planner_node-4] [FSM]: state: EXEC_TRAJ
[scan_planner_node-4] [INFO] [1785998093.600556486] [scan_planner_node]: [GridMapDiag] cloud=32768 accepted=15280 invalid=17488 below_sensor=0 outside_update=0 sensor_z=1.700 cutoff_z=2.700
[scan_planner_node-4] [INFO] [1785998095.625347647] [scan_planner_node]: [GridMapDiag] cloud=32768 accepted=16111 invalid=16657 below_sensor=0 outside_update=0 sensor_z=1.700 cutoff_z=2.700
[scan_planner_node-4] [FSM]: from EXEC_TRAJ to REPLAN_TRAJ
[scan_planner_node-4] 
[scan_planner_node-4] [rebo replan]: -------------------------------------350
[scan_planner_node-4] start: -4.88  6.98   1.4,    0.788   0.0115 0.000564
[scan_planner_node-4] goal:-1.12     7   1.4,     0.75 -1.6e-14        0
[scan_planner_node-4] [32miter(+1)=8,time(ms)=0.063,total_t(ms)=0.063,cost=0.012
[scan_planner_node-4] [0mfirst_optimize_step_success=1
[scan_planner_node-4] total time:[42m0.000397[0m,optimize:0.000316,refine:8.07e-05
[scan_planner_node-4] final_plan_success=1
[scan_planner_node-4] [FSM]: from REPLAN_TRAJ to EXEC_TRAJ
[closed_loop_controller-6] [INFO] [1785998096.015267763] [closed_loop_controller]: Received trajectory 178, duration 6.080s
[scan_planner_node-4] [FSM]: from EXEC_TRAJ to REPLAN_TRAJ
[scan_planner_node-4] 
[scan_planner_node-4] [rebo replan]: -------------------------------------351
[scan_planner_node-4] start: -3.86  6.99   1.4,    0.639  0.00638 0.000297
[scan_planner_node-4] goal:-0.25     7   1.4,     0.75 5.24e-13        0
[scan_planner_node-4] [32miter(+1)=5,time(ms)=0.030,total_t(ms)=0.030,cost=0.005
[scan_planner_node-4] [0mfirst_optimize_step_success=1
[scan_planner_node-4] total time:[42m0.000269[0m,optimize:0.000209,refine:6e-05
[scan_planner_node-4] final_plan_success=1
[scan_planner_node-4] [FSM]: from REPLAN_TRAJ to EXEC_TRAJ
[closed_loop_controller-6] [INFO] [1785998097.661975480] [closed_loop_controller]: Received trajectory 179, duration 5.760s
[scan_planner_node-4] [INFO] [1785998097.740327683] [scan_planner_node]: [GridMapDiag] cloud=32768 accepted=18398 invalid=14370 below_sensor=0 outside_update=0 sensor_z=1.700 cutoff_z=2.700
[scan_planner_node-4] [FSM]: from EXEC_TRAJ to REPLAN_TRAJ
[scan_planner_node-4] [FSM]: state: REPLAN_TRAJ
[scan_planner_node-4] 
[scan_planner_node-4] [rebo replan]: -------------------------------------352
[scan_planner_node-4] start: -2.8    7  1.4,    0.625 0.000821 0.000222
[scan_planner_node-4] goal:0.625     7   1.4,    0.75 4.2e-11       0
[scan_planner_node-4] [32miter(+1)=4,time(ms)=0.042,total_t(ms)=0.042,cost=0.004
[scan_planner_node-4] [0mfirst_optimize_step_success=1
[scan_planner_node-4] total time:[42m0.000332[0m,optimize:0.000263,refine:6.86e-05
[scan_planner_node-4] final_plan_success=1
[scan_planner_node-4] [FSM]: from REPLAN_TRAJ to EXEC_TRAJ
[closed_loop_controller-6] [INFO] [1785998099.382636845] [closed_loop_controller]: Received trajectory 180, duration 5.440s
[scan_planner_node-4] [INFO] [1785998099.852015496] [scan_planner_node]: [GridMapDiag] cloud=32768 accepted=20398 invalid=12370 below_sensor=0 outside_update=0 sensor_z=1.700 cutoff_z=2.700
[scan_planner_node-4] [FSM]: from EXEC_TRAJ to REPLAN_TRAJ
[scan_planner_node-4] 
[scan_planner_node-4] [rebo replan]: -------------------------------------353
[scan_planner_node-4] start: -1.71     7   1.4,    0.625 0.000438 0.000165
[scan_planner_node-4] goal:1.85    7  1.4,     0.75 6.37e-09        0
[scan_planner_node-4] [32miter(+1)=6,time(ms)=0.028,total_t(ms)=0.028,cost=0.006
[scan_planner_node-4] [0mfirst_optimize_step_success=1
[scan_planner_node-4] total time:[42m0.000256[0m,optimize:0.000205,refine:5.09e-05
[scan_planner_node-4] final_plan_success=1
[scan_planner_node-4] [FSM]: from REPLAN_TRAJ to EXEC_TRAJ
[closed_loop_controller-6] [INFO] [1785998101.113339595] [closed_loop_controller]: Received trajectory 181, duration 5.760s
[scan_planner_node-4] [INFO] [1785998101.980075873] [scan_planner_node]: [GridMapDiag] cloud=32768 accepted=20908 invalid=11860 below_sensor=0 outside_update=0 sensor_z=1.700 cutoff_z=2.700
[scan_planner_node-4] [FSM]: from EXEC_TRAJ to REPLAN_TRAJ
[scan_planner_node-4] 
[scan_planner_node-4] [rebo replan]: -------------------------------------354
[scan_planner_node-4] start: -0.668      7    1.4,    0.625 2.02e-05 0.000109
[scan_planner_node-4] goal:3.08    7  1.4,     0.75 7.74e-07        0
[scan_planner_node-4] [32miter(+1)=7,time(ms)=0.033,total_t(ms)=0.033,cost=0.006
[scan_planner_node-4] [0mfirst_optimize_step_success=1
[scan_planner_node-4] total time:[42m0.000254[0m,optimize:0.000205,refine:4.87e-05
[scan_planner_node-4] final_plan_success=1
[scan_planner_node-4] [FSM]: from REPLAN_TRAJ to EXEC_TRAJ
[closed_loop_controller-6] [INFO] [1785998102.786519494] [closed_loop_controller]: Received trajectory 182, duration 6.080s
[scan_planner_node-4] [INFO] [1785998104.124731187] [scan_planner_node]: [GridMapDiag] cloud=32768 accepted=20992 invalid=11776 below_sensor=0 outside_update=0 sensor_z=1.700 cutoff_z=2.700
[scan_planner_node-4] [FSM]: from EXEC_TRAJ to REPLAN_TRAJ
[scan_planner_node-4] 
[scan_planner_node-4] [rebo replan]: -------------------------------------355
[scan_planner_node-4] start: 0.366     7   1.4,    0.625 4.62e-06 7.32e-05
[scan_planner_node-4] goal:3.95    7  1.4,      0.75 -2.54e-05         0
[scan_planner_node-4] [32miter(+1)=6,time(ms)=0.026,total_t(ms)=0.027,cost=0.005
[scan_planner_node-4] [0mfirst_optimize_step_success=1
[scan_planner_node-4] total time:[42m0.000222[0m,optimize:0.000175,refine:4.72e-05
[scan_planner_node-4] final_plan_success=1
[scan_planner_node-4] [FSM]: from REPLAN_TRAJ to EXEC_TRAJ
[closed_loop_controller-6] [INFO] [1785998104.440007668] [closed_loop_controller]: Received trajectory 183, duration 5.760s
[scan_planner_node-4] [FSM]: state: EXEC_TRAJ
[scan_planner_node-4] [FSM]: from EXEC_TRAJ to REPLAN_TRAJ
[scan_planner_node-4] 
[scan_planner_node-4] [rebo replan]: -------------------------------------356
[scan_planner_node-4] start: 1.43    7  1.4,    0.625 5.09e-06 5.51e-05
[scan_planner_node-4] goal:  5   7 1.4,    0.75 0.00411       0
[scan_planner_node-4] [32miter(+1)=7,time(ms)=0.027,total_t(ms)=0.028,cost=0.002
[scan_planner_node-4] [0mfirst_optimize_step_success=1
[scan_planner_node-4] total time:[42m0.000209[0m,optimize:0.000165,refine:4.44e-05
[scan_planner_node-4] final_plan_success=1
[scan_planner_node-4] [FSM]: from REPLAN_TRAJ to EXEC_TRAJ
[closed_loop_controller-6] [INFO] [1785998106.136501404] [closed_loop_controller]: Received trajectory 184, duration 5.440s
[scan_planner_node-4] [INFO] [1785998106.221805203] [scan_planner_node]: [GridMapDiag] cloud=32768 accepted=20868 invalid=11900 below_sensor=0 outside_update=0 sensor_z=1.700 cutoff_z=2.700
[scan_planner_node-4] [FSM]: from EXEC_TRAJ to REPLAN_TRAJ
[scan_planner_node-4] 
[scan_planner_node-4] [rebo replan]: -------------------------------------357
[scan_planner_node-4] start: 2.49    7  1.4,    0.625 4.31e-06 3.89e-05
[scan_planner_node-4] goal:   6 6.77  1.4, -0.0797  -0.746       0
[scan_planner_node-4] [32miter(+1)=11,time(ms)=0.049,total_t(ms)=0.050,cost=0.023
[scan_planner_node-4] [0mfirst_optimize_step_success=1
[scan_planner_node-4] total time:[42m0.000262[0m,optimize:0.000212,refine:5e-05
[scan_planner_node-4] final_plan_success=1
[scan_planner_node-4] [FSM]: from REPLAN_TRAJ to EXEC_TRAJ
[closed_loop_controller-6] [INFO] [1785998107.832678052] [closed_loop_controller]: Received trajectory 185, duration 6.720s
[scan_planner_node-4] [INFO] [1785998108.330187665] [scan_planner_node]: [GridMapDiag] cloud=32768 accepted=20251 invalid=12517 below_sensor=0 outside_update=0 sensor_z=1.700 cutoff_z=2.700
[scan_planner_node-4] [FSM]: from EXEC_TRAJ to REPLAN_TRAJ
[scan_planner_node-4] 
[scan_planner_node-4] [rebo replan]: -------------------------------------358
[scan_planner_node-4] start: 3.51    7  1.4,    0.625 8.69e-05 2.43e-05
[scan_planner_node-4] goal:  6 5.9 1.4, 0.000709   -0.749        0
[scan_planner_node-4] [32miter(+1)=15,time(ms)=0.102,total_t(ms)=0.102,cost=0.007
[scan_planner_node-4] [0mfirst_optimize_step_success=1
[scan_planner_node-4] total time:[42m0.000336[0m,optimize:0.000285,refine:5.14e-05
[scan_planner_node-4] final_plan_success=1
[scan_planner_node-4] [FSM]: from REPLAN_TRAJ to EXEC_TRAJ
[closed_loop_controller-6] [INFO] [1785998109.473939563] [closed_loop_controller]: Received trajectory 186, duration 6.080s
[scan_planner_node-4] [FSM]: state: EXEC_TRAJ
[scan_planner_node-4] [INFO] [1785998110.427628705] [scan_planner_node]: [GridMapDiag] cloud=32768 accepted=18066 invalid=14702 below_sensor=0 outside_update=0 sensor_z=1.700 cutoff_z=2.700
[scan_planner_node-4] [FSM]: from EXEC_TRAJ to REPLAN_TRAJ
[scan_planner_node-4] 
[scan_planner_node-4] [rebo replan]: -------------------------------------359
[scan_planner_node-4] start:  4.6 6.98  1.4,    0.609  -0.0337 1.93e-05
[scan_planner_node-4] goal:  6   5 1.4, 0 0 0
[scan_planner_node-4] [32miter(+1)=24,time(ms)=0.155,total_t(ms)=0.156,cost=0.035
[scan_planner_node-4] [0mfirst_optimize_step_success=1
[scan_planner_node-4] Need to reallocate time.
[scan_planner_node-4] total time:[42m0.000721[0m,optimize:0.000342,refine:0.00038
[scan_planner_node-4] final_plan_success=1
[scan_planner_node-4] [FSM]: from REPLAN_TRAJ to EXEC_TRAJ
[closed_loop_controller-6] [INFO] [1785998111.217290617] [closed_loop_controller]: Received trajectory 187, duration 6.876s
[scan_planner_node-4] [INFO] [1785998112.629834038] [scan_planner_node]: [GridMapDiag] cloud=32768 accepted=15926 invalid=16842 below_sensor=0 outside_update=0 sensor_z=1.700 cutoff_z=2.700
[scan_planner_node-4] [FSM]: from EXEC_TRAJ to REPLAN_TRAJ
[scan_planner_node-4] 
[scan_planner_node-4] [rebo replan]: -------------------------------------360
[scan_planner_node-4] start: 5.62 7.13  1.4,    0.434  -0.0276 1.22e-05
[scan_planner_node-4] goal:  6   5 1.4, 0 0 0
[scan_planner_node-4] [32miter(+1)=20,time(ms)=0.067,total_t(ms)=0.067,cost=0.075
[scan_planner_node-4] [0mfirst_optimize_step_success=1
[scan_planner_node-4] Need to reallocate time.
[scan_planner_node-4] total time:[42m0.000345[0m,optimize:0.00017,refine:0.000174
[scan_planner_node-4] final_plan_success=1
[scan_planner_node-4] [FSM]: from REPLAN_TRAJ to EXEC_TRAJ
[closed_loop_controller-6] [INFO] [1785998113.120562369] [closed_loop_controller]: Received trajectory 188, duration 4.868s
[scan_planner_node-4] [INFO] [1785998114.850527099] [scan_planner_node]: [GridMapDiag] cloud=32768 accepted=15257 invalid=17511 below_sensor=0 outside_update=0 sensor_z=1.700 cutoff_z=2.700
[scan_planner_node-4] [FSM]: state: EXEC_TRAJ
[scan_planner_node-4] [FSM]: from EXEC_TRAJ to REPLAN_TRAJ
[scan_planner_node-4] 
[scan_planner_node-4] [rebo replan]: -------------------------------------361
[scan_planner_node-4] start: 6.03 6.13  1.4,  -0.0259   -0.715 1.13e-05
[scan_planner_node-4] goal:  6   5 1.4, 0 0 0
[scan_planner_node-4] [32miter(+1)=10,time(ms)=0.028,total_t(ms)=0.029,cost=0.099
[scan_planner_node-4] [0mfirst_optimize_step_success=1
[scan_planner_node-4] Need to reallocate time.
[scan_planner_node-4] total time:[42m0.000168[0m,optimize:9.67e-05,refine:7.11e-05
[scan_planner_node-4] final_plan_success=1
[scan_planner_node-4] [FSM]: from REPLAN_TRAJ to EXEC_TRAJ
[closed_loop_controller-6] [INFO] [1785998115.804971289] [closed_loop_controller]: Received trajectory 189, duration 2.255s
[scan_planner_node-4] [INFO] [1785998116.962675538] [scan_planner_node]: [GridMapDiag] cloud=32768 accepted=15321 invalid=17447 below_sensor=0 outside_update=0 sensor_z=1.700 cutoff_z=2.700
[terrain_path_visualizer-10] [INFO] [1785998117.057967438] [terrain_path_segmenter]: Visualization advanced to segment 2/3
[scan_planner_node-4] [TRIG]: from EXEC_TRAJ to REPLAN_TRAJ
[scan_planner_node-4] [INFO] [1785998117.155115763] [scan_planner_node]: Reference path accepted
[scan_planner_node-4] 
[scan_planner_node-4] [rebo replan]: -------------------------------------362
[scan_planner_node-4] start:    6 5.21  1.4, -0.00769   -0.473 1.07e-05
[scan_planner_node-4] goal:  6   3 0.4, 0 0 0
[scan_planner_node-4] [32miter(+1)=4,time(ms)=0.026,total_t(ms)=0.026,cost=0.122
[scan_planner_node-4] [0mfirst_optimize_step_success=1
[scan_planner_node-4] Need to reallocate time.
[scan_planner_node-4] total time:[42m0.000355[0m,optimize:0.000157,refine:0.000198
[scan_planner_node-4] final_plan_success=1
[scan_planner_node-4] [FSM]: from REPLAN_TRAJ to EXEC_TRAJ
[closed_loop_controller-6] [INFO] [1785998117.156320768] [closed_loop_controller]: Received trajectory 190, duration 5.927s
[scan_planner_node-4] [INFO] [1785998119.089485563] [scan_planner_node]: [GridMapDiag] cloud=32768 accepted=18462 invalid=14306 below_sensor=0 outside_update=0 sensor_z=1.509 cutoff_z=2.509
[scan_planner_node-4] [FSM]: from EXEC_TRAJ to REPLAN_TRAJ
[scan_planner_node-4] 
[scan_planner_node-4] [rebo replan]: -------------------------------------363
[scan_planner_node-4] start:     6  4.25 0.962, 0.0007 -0.499 -0.227
[scan_planner_node-4] goal:  6   3 0.4, 0 0 0
[scan_planner_node-4] [32miter(+1)=12,time(ms)=0.048,total_t(ms)=0.048,cost=0.314
[scan_planner_node-4] [0mfirst_optimize_step_success=1
[scan_planner_node-4] Need to reallocate time.
[scan_planner_node-4] total time:[42m0.000265[0m,optimize:0.000143,refine:0.000122
[scan_planner_node-4] final_plan_success=1
[scan_planner_node-4] [FSM]: from REPLAN_TRAJ to EXEC_TRAJ
[closed_loop_controller-6] [INFO] [1785998119.770388958] [closed_loop_controller]: Received trajectory 191, duration 2.942s
[scan_planner_node-4] [FSM]: state: EXEC_TRAJ
[scan_planner_node-4] [INFO] [1785998121.136483935] [scan_planner_node]: [GridMapDiag] cloud=32768 accepted=26275 invalid=6493 below_sensor=0 outside_update=0 sensor_z=0.991 cutoff_z=1.991
[scan_planner_node-4] [FSM]: from EXEC_TRAJ to REPLAN_TRAJ
[scan_planner_node-4] 
[scan_planner_node-4] [rebo replan]: -------------------------------------364
[scan_planner_node-4] start:     6  3.27 0.631, -0.00155   -0.452   -0.105
[scan_planner_node-4] goal:  6   3 0.4, 0 0 0
[scan_planner_node-4] [32miter(+1)=10,time(ms)=0.024,total_t(ms)=0.024,cost=0.038
[scan_planner_node-4] [0mfirst_optimize_step_success=1
[scan_planner_node-4] total time:[42m9.44e-05[0m,optimize:7.02e-05,refine:2.42e-05
[scan_planner_node-4] final_plan_success=1
[scan_planner_node-4] [FSM]: from REPLAN_TRAJ to EXEC_TRAJ
[closed_loop_controller-6] [INFO] [1785998121.527501945] [closed_loop_controller]: Received trajectory 192, duration 1.920s
[terrain_path_visualizer-10] [INFO] [1785998121.578218882] [terrain_path_segmenter]: Visualization advanced to segment 3/3
[scan_planner_node-4] [TRIG]: from EXEC_TRAJ to REPLAN_TRAJ
[scan_planner_node-4] [INFO] [1785998122.526269168] [scan_planner_node]: Reference path accepted
[scan_planner_node-4] 
[scan_planner_node-4] [rebo replan]: -------------------------------------365
[scan_planner_node-4] start:    6 3.05  0.5, -0.000304   -0.0935   -0.0651
[scan_planner_node-4] goal:    6 -0.65   0.4, -1.25e-05     -0.75         0
[scan_planner_node-4] [32miter(+1)=23,time(ms)=0.133,total_t(ms)=0.133,cost=0.009
[scan_planner_node-4] [0mfirst_optimize_step_success=1
[scan_planner_node-4] total time:[42m0.000402[0m,optimize:0.000327,refine:7.54e-05
[scan_planner_node-4] final_plan_success=1
[closed_loop_controller-6] [INFO] [1785998122.527302791] [closed_loop_controller]: Received trajectory 193, duration 6.400s
[scan_planner_node-4] [FSM]: from REPLAN_TRAJ to EXEC_TRAJ
[scan_planner_node-4] [INFO] [1785998123.251875567] [scan_planner_node]: [GridMapDiag] cloud=32768 accepted=27618 invalid=5150 below_sensor=0 outside_update=0 sensor_z=0.707 cutoff_z=1.707
[scan_planner_node-4] [INFO] [1785998125.321519904] [scan_planner_node]: [GridMapDiag] cloud=32768 accepted=26553 invalid=6215 below_sensor=0 outside_update=0 sensor_z=0.700 cutoff_z=1.700
[scan_planner_node-4] [FSM]: from EXEC_TRAJ to REPLAN_TRAJ
[scan_planner_node-4] 
[scan_planner_node-4] [rebo replan]: -------------------------------------366
[scan_planner_node-4] start:     6  2.01 0.477, -0.000623     -0.77   -0.0187
[scan_planner_node-4] goal:   6 -1.7  0.4, 0.000305    -0.75        0
[scan_planner_node-4] [32miter(+1)=7,time(ms)=0.043,total_t(ms)=0.043,cost=0.006
[scan_planner_node-4] [0mfirst_optimize_step_success=1
[scan_planner_node-4] total time:[42m0.000318[0m,optimize:0.000248,refine:7.02e-05
[scan_planner_node-4] final_plan_success=1
[scan_planner_node-4] [FSM]: from REPLAN_TRAJ to EXEC_TRAJ
[closed_loop_controller-6] [INFO] [1785998125.449933117] [closed_loop_controller]: Received trajectory 194, duration 5.760s
[scan_planner_node-4] [FSM]: from EXEC_TRAJ to REPLAN_TRAJ
[scan_planner_node-4] [FSM]: state: REPLAN_TRAJ
[scan_planner_node-4] 
[scan_planner_node-4] [rebo replan]: -------------------------------------367
[scan_planner_node-4] start:     6 0.971 0.456, -0.00142   -0.638   -0.013
[scan_planner_node-4] goal:    6 -2.58   0.4, -0.0381  -0.712       0
[scan_planner_node-4] [32miter(+1)=6,time(ms)=0.024,total_t(ms)=0.024,cost=0.006
[scan_planner_node-4] [0mfirst_optimize_step_success=1
[scan_planner_node-4] total time:[42m0.000205[0m,optimize:0.000163,refine:4.23e-05
[scan_planner_node-4] final_plan_success=1
[scan_planner_node-4] [FSM]: from REPLAN_TRAJ to EXEC_TRAJ
[closed_loop_controller-6] [INFO] [1785998127.119476044] [closed_loop_controller]: Received trajectory 195, duration 5.760s
[scan_planner_node-4] [INFO] [1785998127.375541143] [scan_planner_node]: [GridMapDiag] cloud=32768 accepted=25579 invalid=7189 below_sensor=0 outside_update=0 sensor_z=0.700 cutoff_z=1.700
[scan_planner_node-4] [FSM]: from EXEC_TRAJ to REPLAN_TRAJ
[scan_planner_node-4] 
[scan_planner_node-4] [rebo replan]: -------------------------------------368
[scan_planner_node-4] start:      6 -0.133  0.438, -0.000375    -0.625  -0.00976
[scan_planner_node-4] goal:5.2  -3 0.4,    -0.74 -0.00959        0
[scan_planner_node-4] [32miter(+1)=13,time(ms)=0.067,total_t(ms)=0.067,cost=0.006
[scan_planner_node-4] [0mfirst_optimize_step_success=1
[scan_planner_node-4] total time:[42m0.00029[0m,optimize:0.000244,refine:4.56e-05
[scan_planner_node-4] final_plan_success=1
[scan_planner_node-4] [FSM]: from REPLAN_TRAJ to EXEC_TRAJ
[closed_loop_controller-6] [INFO] [1785998128.887624572] [closed_loop_controller]: Received trajectory 196, duration 5.760s
[scan_planner_node-4] [INFO] [1785998129.536611588] [scan_planner_node]: [GridMapDiag] cloud=32768 accepted=25036 invalid=7732 below_sensor=0 outside_update=0 sensor_z=0.700 cutoff_z=1.700
[scan_planner_node-4] [FSM]: from EXEC_TRAJ to REPLAN_TRAJ
[scan_planner_node-4] 
[scan_planner_node-4] [rebo replan]: -------------------------------------369
[scan_planner_node-4] start:     6 -1.22 0.427,  0.00403   -0.629 -0.00663
[scan_planner_node-4] goal:4.15   -3  0.4,   -0.75 5.9e-05       0
[scan_planner_node-4] [32miter(+1)=10,time(ms)=0.049,total_t(ms)=0.050,cost=0.007
[scan_planner_node-4] [0mfirst_optimize_step_success=1
[scan_planner_node-4] total time:[42m0.000244[0m,optimize:0.0002,refine:4.42e-05
[scan_planner_node-4] final_plan_success=1
[scan_planner_node-4] [FSM]: from REPLAN_TRAJ to EXEC_TRAJ
[closed_loop_controller-6] [INFO] [1785998130.622253997] [closed_loop_controller]: Received trajectory 197, duration 5.440s
[scan_planner_node-4] [INFO] [1785998131.663210343] [scan_planner_node]: [GridMapDiag] cloud=32768 accepted=24562 invalid=8206 below_sensor=0 outside_update=0 sensor_z=0.700 cutoff_z=1.700
[scan_planner_node-4] [FSM]: from EXEC_TRAJ to REPLAN_TRAJ
[scan_planner_node-4] 
[scan_planner_node-4] [rebo replan]: -------------------------------------370
[scan_planner_node-4] start:  6.03 -2.26 0.419,    0.047   -0.658 -0.00482
[scan_planner_node-4] goal:3.1  -3 0.4,    -0.75 3.61e-07        0
[scan_planner_node-4] [32miter(+1)=9,time(ms)=0.051,total_t(ms)=0.051,cost=0.006
[scan_planner_node-4] [0mfirst_optimize_step_success=1
[scan_planner_node-4] total time:[42m0.000265[0m,optimize:0.000215,refine:4.95e-05
[scan_planner_node-4] final_plan_success=1
[scan_planner_node-4] [FSM]: from REPLAN_TRAJ to EXEC_TRAJ
[closed_loop_controller-6] [INFO] [1785998132.295418020] [closed_loop_controller]: Received trajectory 198, duration 5.440s
[scan_planner_node-4] [INFO] [1785998133.826210565] [scan_planner_node]: [GridMapDiag] cloud=32768 accepted=24179 invalid=8589 below_sensor=0 outside_update=0 sensor_z=0.700 cutoff_z=1.700
[scan_planner_node-4] [FSM]: state: EXEC_TRAJ
[scan_planner_node-4] [FSM]: from EXEC_TRAJ to REPLAN_TRAJ
[scan_planner_node-4] 
[scan_planner_node-4] [rebo replan]: -------------------------------------371
[scan_planner_node-4] start:  5.28 -3.02 0.412,   -0.647   0.0145 -0.00339
[scan_planner_node-4] goal:1.7  -3 0.4,    -0.75 -9.9e-10        0
[scan_planner_node-4] [32miter(+1)=9,time(ms)=0.036,total_t(ms)=0.037,cost=0.003
[scan_planner_node-4] [0mfirst_optimize_step_success=1
[scan_planner_node-4] total time:[42m0.000249[0m,optimize:0.000188,refine:6.11e-05
[scan_planner_node-4] final_plan_success=1
[scan_planner_node-4] [FSM]: from REPLAN_TRAJ to EXEC_TRAJ
[closed_loop_controller-6] [INFO] [1785998134.590574566] [closed_loop_controller]: Received trajectory 199, duration 5.760s
[scan_planner_node-4] [INFO] [1785998135.896309020] [scan_planner_node]: [GridMapDiag] cloud=32768 accepted=23882 invalid=8886 below_sensor=0 outside_update=0 sensor_z=0.700 cutoff_z=1.700
[scan_planner_node-4] [FSM]: from EXEC_TRAJ to REPLAN_TRAJ
[scan_planner_node-4] 
[scan_planner_node-4] [rebo replan]: -------------------------------------372
[scan_planner_node-4] start:  4.23    -3 0.408,   -0.628 -0.00293 -0.00207
[scan_planner_node-4] goal:0.475    -3   0.4,     -0.75 -1.35e-11         0
[scan_planner_node-4] [32miter(+1)=9,time(ms)=0.045,total_t(ms)=0.046,cost=0.004
[scan_planner_node-4] [0mfirst_optimize_step_success=1
[scan_planner_node-4] total time:[42m0.000282[0m,optimize:0.000228,refine:5.33e-05
[scan_planner_node-4] final_plan_success=1
[scan_planner_node-4] [FSM]: from REPLAN_TRAJ to EXEC_TRAJ
[closed_loop_controller-6] [INFO] [1785998136.275350663] [closed_loop_controller]: Received trajectory 200, duration 6.080s
[scan_planner_node-4] [FSM]: from EXEC_TRAJ to REPLAN_TRAJ
[scan_planner_node-4] 
[scan_planner_node-4] [rebo replan]: -------------------------------------373
[scan_planner_node-4] start:  3.17    -3 0.406,    -0.626 -0.000336  -0.00139
[scan_planner_node-4] goal:-0.4   -3  0.4,    -0.75 1.53e-11        0
[scan_planner_node-4] [32miter(+1)=9,time(ms)=0.054,total_t(ms)=0.054,cost=0.003
[scan_planner_node-4] [0mfirst_optimize_step_success=1
[scan_planner_node-4] total time:[42m0.000313[0m,optimize:0.000253,refine:5.96e-05
[scan_planner_node-4] final_plan_success=1
[scan_planner_node-4] [FSM]: from REPLAN_TRAJ to EXEC_TRAJ
[closed_loop_controller-6] [INFO] [1785998137.969662801] [closed_loop_controller]: Received trajectory 201, duration 5.760s
[scan_planner_node-4] [INFO] [1785998138.015986429] [scan_planner_node]: [GridMapDiag] cloud=32768 accepted=24414 invalid=8354 below_sensor=0 outside_update=0 sensor_z=0.700 cutoff_z=1.700
[scan_planner_node-4] [FSM]: from EXEC_TRAJ to REPLAN_TRAJ
[scan_planner_node-4] 
[scan_planner_node-4] [rebo replan]: -------------------------------------374
[scan_planner_node-4] start:  2.11    -3 0.404,   -0.626 0.000335 -0.00105
[scan_planner_node-4] goal:-1.62    -3   0.4,    -0.75 2.84e-09        0
[scan_planner_node-4] [32miter(+1)=12,time(ms)=0.052,total_t(ms)=0.052,cost=0.003
[scan_planner_node-4] [0mfirst_optimize_step_success=1
[scan_planner_node-4] total time:[42m0.000243[0m,optimize:0.000198,refine:4.41e-05
[scan_planner_node-4] final_plan_success=1
[scan_planner_node-4] [FSM]: from REPLAN_TRAJ to EXEC_TRAJ
[closed_loop_controller-6] [INFO] [1785998139.680009889] [closed_loop_controller]: Received trajectory 202, duration 6.080s
[scan_planner_node-4] [FSM]: state: EXEC_TRAJ
[scan_planner_node-4] [INFO] [1785998140.060374502] [scan_planner_node]: [GridMapDiag] cloud=32768 accepted=25310 invalid=7458 below_sensor=0 outside_update=0 sensor_z=0.700 cutoff_z=1.700
[scan_planner_node-4] [FSM]: from EXEC_TRAJ to REPLAN_TRAJ
[scan_planner_node-4] 
[scan_planner_node-4] [rebo replan]: -------------------------------------375
[scan_planner_node-4] start:  1.05    -3 0.403,    -0.623 -3.67e-06 -0.000706
[scan_planner_node-4] goal:-2.68    -3   0.4,     -0.75 -1.43e-07         0
[scan_planner_node-4] [32miter(+1)=6,time(ms)=0.029,total_t(ms)=0.029,cost=0.001
[scan_planner_node-4] [0mfirst_optimize_step_success=1
[scan_planner_node-4] total time:[42m0.000227[0m,optimize:0.000182,refine:4.51e-05
[scan_planner_node-4] final_plan_success=1
[scan_planner_node-4] [FSM]: from REPLAN_TRAJ to EXEC_TRAJ
[closed_loop_controller-6] [INFO] [1785998141.365493901] [closed_loop_controller]: Received trajectory 203, duration 5.760s
[scan_planner_node-4] [INFO] [1785998142.076462352] [scan_planner_node]: [GridMapDiag] cloud=32768 accepted=25167 invalid=7601 below_sensor=0 outside_update=0 sensor_z=0.700 cutoff_z=1.700
[scan_planner_node-4] [FSM]: from EXEC_TRAJ to REPLAN_TRAJ
[scan_planner_node-4] 
[scan_planner_node-4] [rebo replan]: -------------------------------------376
[scan_planner_node-4] start: 0.0206     -3  0.402,    -0.625 -3.87e-06 -0.000508
[scan_planner_node-4] goal:-3.55    -3   0.4,    -0.75 4.71e-06        0
[scan_planner_node-4] [32miter(+1)=9,time(ms)=0.035,total_t(ms)=0.036,cost=0.003
[scan_planner_node-4] [0mfirst_optimize_step_success=1
[scan_planner_node-4] total time:[42m0.000227[0m,optimize:0.000185,refine:4.18e-05
[scan_planner_node-4] final_plan_success=1
[scan_planner_node-4] [FSM]: from REPLAN_TRAJ to EXEC_TRAJ
[closed_loop_controller-6] [INFO] [1785998143.017612369] [closed_loop_controller]: Received trajectory 204, duration 5.760s
[scan_planner_node-4] [INFO] [1785998144.105673394] [scan_planner_node]: [GridMapDiag] cloud=32768 accepted=25136 invalid=7632 below_sensor=0 outside_update=0 sensor_z=0.700 cutoff_z=1.700
[scan_planner_node-4] [FSM]: from EXEC_TRAJ to REPLAN_TRAJ
[scan_planner_node-4] 
[scan_planner_node-4] [rebo replan]: -------------------------------------377
[scan_planner_node-4] start: -1.06    -3 0.402,    -0.626  2.17e-06 -0.000382
[scan_planner_node-4] goal:-4.6   -3  0.4,     -0.75 -0.000765         0
[scan_planner_node-4] [32miter(+1)=6,time(ms)=0.025,total_t(ms)=0.025,cost=0.001
[scan_planner_node-4] [0mfirst_optimize_step_success=1
[scan_planner_node-4] total time:[42m0.00022[0m,optimize:0.000179,refine:4.16e-05
[scan_planner_node-4] final_plan_success=1
[scan_planner_node-4] [FSM]: from REPLAN_TRAJ to EXEC_TRAJ
[closed_loop_controller-6] [INFO] [1785998144.754170563] [closed_loop_controller]: Received trajectory 205, duration 5.440s
[scan_planner_node-4] [FSM]: state: EXEC_TRAJ
[scan_planner_node-4] [INFO] [1785998146.128862241] [scan_planner_node]: [GridMapDiag] cloud=32768 accepted=24978 invalid=7790 below_sensor=0 outside_update=0 sensor_z=0.700 cutoff_z=1.700
[scan_planner_node-4] [FSM]: from EXEC_TRAJ to REPLAN_TRAJ
[scan_planner_node-4] 
[scan_planner_node-4] [rebo replan]: -------------------------------------378
[scan_planner_node-4] start: -2.09    -3 0.401,   -0.625 4.16e-07 -0.00027
[scan_planner_node-4] goal:-5.83    -3   0.4, -0.74 -0.12     0
[scan_planner_node-4] [32miter(+1)=10,time(ms)=0.046,total_t(ms)=0.046,cost=0.004
[scan_planner_node-4] [0mfirst_optimize_step_success=1
[scan_planner_node-4] total time:[42m0.000247[0m,optimize:0.000199,refine:4.89e-05
[scan_planner_node-4] final_plan_success=1
[scan_planner_node-4] [FSM]: from REPLAN_TRAJ to EXEC_TRAJ
[closed_loop_controller-6] [INFO] [1785998146.400918474] [closed_loop_controller]: Received trajectory 206, duration 6.080s
[scan_planner_node-4] [FSM]: from EXEC_TRAJ to REPLAN_TRAJ
[scan_planner_node-4] 
[scan_planner_node-4] [rebo replan]: -------------------------------------379
[scan_planner_node-4] start: -3.12    -3 0.401,    -0.625  -0.00057 -0.000181
[scan_planner_node-4] goal:  -6 -2.3  0.4, -0.00383    0.746        0
[scan_planner_node-4] [32miter(+1)=16,time(ms)=0.064,total_t(ms)=0.064,cost=0.008
[scan_planner_node-4] [0mfirst_optimize_step_success=1
[scan_planner_node-4] total time:[42m0.000238[0m,optimize:0.000196,refine:4.19e-05
[scan_planner_node-4] final_plan_success=1
[scan_planner_node-4] [FSM]: from REPLAN_TRAJ to EXEC_TRAJ
[closed_loop_controller-6] [INFO] [1785998148.045878360] [closed_loop_controller]: Received trajectory 207, duration 5.760s
[scan_planner_node-4] [INFO] [1785998148.223321989] [scan_planner_node]: [GridMapDiag] cloud=32768 accepted=24349 invalid=8419 below_sensor=0 outside_update=0 sensor_z=0.700 cutoff_z=1.700
[scan_planner_node-4] [FSM]: from EXEC_TRAJ to REPLAN_TRAJ
[scan_planner_node-4] 
[scan_planner_node-4] [rebo replan]: -------------------------------------380
[scan_planner_node-4] start:  -4.2 -3.01 0.401,    -0.634   -0.0138 -0.000136
[scan_planner_node-4] goal:   -6 -1.25   0.4, 0.000157     0.75        0
[scan_planner_node-4] [32miter(+1)=11,time(ms)=0.044,total_t(ms)=0.044,cost=0.011
[scan_planner_node-4] [0mfirst_optimize_step_success=1
[scan_planner_node-4] total time:[42m0.000225[0m,optimize:0.000185,refine:3.98e-05
[scan_planner_node-4] final_plan_success=1
[scan_planner_node-4] [FSM]: from REPLAN_TRAJ to EXEC_TRAJ
[closed_loop_controller-6] [INFO] [1785998149.778318724] [closed_loop_controller]: Received trajectory 208, duration 5.440s
[scan_planner_node-4] [INFO] [1785998150.288458278] [scan_planner_node]: [GridMapDiag] cloud=32768 accepted=23931 invalid=8837 below_sensor=0 outside_update=0 sensor_z=0.700 cutoff_z=1.700
[scan_planner_node-4] [FSM]: from EXEC_TRAJ to REPLAN_TRAJ
[scan_planner_node-4] 
[scan_planner_node-4] [rebo replan]: -------------------------------------381
[scan_planner_node-4] start: -5.28 -2.98   0.4,  -0.662 -0.0718 -0.0001
[scan_planner_node-4] goal:  -6 -0.2  0.4, -2.1e-06     0.75        0
[scan_planner_node-4] [32miter(+1)=12,time(ms)=0.044,total_t(ms)=0.044,cost=0.008
[scan_planner_node-4] [0mfirst_optimize_step_success=1
[scan_planner_node-4] total time:[42m0.000205[0m,optimize:0.000167,refine:3.74e-05
[scan_planner_node-4] final_plan_success=1
[scan_planner_node-4] [FSM]: from REPLAN_TRAJ to EXEC_TRAJ
[closed_loop_controller-6] [INFO] [1785998151.504603911] [closed_loop_controller]: Received trajectory 209, duration 5.120s
[scan_planner_node-4] [FSM]: state: EXEC_TRAJ
[scan_planner_node-4] [INFO] [1785998152.417538606] [scan_planner_node]: [GridMapDiag] cloud=32768 accepted=24116 invalid=8652 below_sensor=0 outside_update=0 sensor_z=0.700 cutoff_z=1.700
[scan_planner_node-4] [FSM]: from EXEC_TRAJ to REPLAN_TRAJ
[scan_planner_node-4] 
[scan_planner_node-4] [rebo replan]: -------------------------------------382
[scan_planner_node-4] start: -6.02 -2.27   0.4,    0.0261     0.654 -7.01e-05
[scan_planner_node-4] goal: -6   1 0.4, 0 0 0
[scan_planner_node-4] [32miter(+1)=21,time(ms)=0.086,total_t(ms)=0.086,cost=0.025
[scan_planner_node-4] [0mfirst_optimize_step_success=1
[scan_planner_node-4] total time:[42m0.000244[0m,optimize:0.000206,refine:3.77e-05
[scan_planner_node-4] final_plan_success=1
[scan_planner_node-4] [FSM]: from REPLAN_TRAJ to EXEC_TRAJ
[closed_loop_controller-6] [INFO] [1785998154.267177175] [closed_loop_controller]: Received trajectory 210, duration 5.440s
[scan_planner_node-4] [INFO] [1785998154.522282956] [scan_planner_node]: [GridMapDiag] cloud=32768 accepted=24545 invalid=8223 below_sensor=0 outside_update=0 sensor_z=0.700 cutoff_z=1.700
[scan_planner_node-4] [FSM]: from EXEC_TRAJ to REPLAN_TRAJ
[scan_planner_node-4] 
[scan_planner_node-4] [rebo replan]: -------------------------------------383
[scan_planner_node-4] start:    -6 -1.21   0.4,   -0.0153     0.593 -4.44e-05
[scan_planner_node-4] goal: -6   1 0.4, 0 0 0
[scan_planner_node-4] [32miter(+1)=21,time(ms)=0.062,total_t(ms)=0.063,cost=0.034
[scan_planner_node-4] [0mfirst_optimize_step_success=1
[scan_planner_node-4] Need to reallocate time.
[scan_planner_node-4] total time:[42m0.000276[0m,optimize:0.000144,refine:0.000132
[scan_planner_node-4] final_plan_success=1
[scan_planner_node-4] [FSM]: from REPLAN_TRAJ to EXEC_TRAJ
[closed_loop_controller-6] [INFO] [1785998155.956374918] [closed_loop_controller]: Received trajectory 211, duration 4.058s
[scan_planner_node-4] [INFO] [1785998156.560587781] [scan_planner_node]: [GridMapDiag] cloud=32768 accepted=25252 invalid=7516 below_sensor=0 outside_update=0 sensor_z=0.700 cutoff_z=1.700
[scan_planner_node-4] [FSM]: state: EXEC_TRAJ
[scan_planner_node-4] [FSM]: from EXEC_TRAJ to REPLAN_TRAJ
[scan_planner_node-4] 
[scan_planner_node-4] [rebo replan]: -------------------------------------384
[scan_planner_node-4] start:     -6 -0.164    0.4,   0.00441     0.746 -3.57e-05
[scan_planner_node-4] goal: -6   1 0.4, 0 0 0
[scan_planner_node-4] [32miter(+1)=11,time(ms)=0.023,total_t(ms)=0.023,cost=0.106
[scan_planner_node-4] [0mfirst_optimize_step_success=1
[scan_planner_node-4] Need to reallocate time.
[scan_planner_node-4] total time:[42m0.000162[0m,optimize:8.95e-05,refine:7.27e-05
[scan_planner_node-4] final_plan_success=1
[scan_planner_node-4] [FSM]: from REPLAN_TRAJ to EXEC_TRAJ
[closed_loop_controller-6] [INFO] [1785998157.560511815] [closed_loop_controller]: Received trajectory 212, duration 2.259s
[scan_planner_node-4] [INFO] [1785998158.639198395] [scan_planner_node]: [GridMapDiag] cloud=32768 accepted=26502 invalid=6266 below_sensor=0 outside_update=0 sensor_z=0.700 cutoff_z=1.700
[scan_planner_node-4] [FSM]: from EXEC_TRAJ to REPLAN_TRAJ
[scan_planner_node-4] 
[scan_planner_node-4] [rebo replan]: -------------------------------------385
[scan_planner_node-4] start:    -6 0.853   0.4, -0.000955      0.36  -5.8e-05
[scan_planner_node-4] goal: -6   1 0.4, 0 0 0
[scan_planner_node-4] Close to goal
[scan_planner_node-4] final_plan_success=0
[scan_planner_node-4] 
[scan_planner_node-4] [rebo replan]: -------------------------------------386
[scan_planner_node-4] start:    -6 0.853   0.4, -0.000955      0.36  -5.8e-05
[scan_planner_node-4] goal: -6   1 0.4, 0 0 0
[scan_planner_node-4] Close to goal
[scan_planner_node-4] final_plan_success=0
[scan_planner_node-4] 
[scan_planner_node-4] [rebo replan]: -------------------------------------387
[scan_planner_node-4] start:    -6 0.853   0.4, -0.000955      0.36  -5.8e-05
[scan_planner_node-4] goal: -6   1 0.4, 0 0 0
[scan_planner_node-4] Close to goal
[scan_planner_node-4] final_plan_success=0
[scan_planner_node-4] [FSM]: from REPLAN_TRAJ to REPLAN_TRAJ
[scan_planner_node-4] 
[scan_planner_node-4] [rebo replan]: -------------------------------------388
[scan_planner_node-4] start:    -6 0.868   0.4,   -0.0009     0.332 -6.34e-05
[scan_planner_node-4] goal: -6   1 0.4, 0 0 0
[scan_planner_node-4] Close to goal
[scan_planner_node-4] final_plan_success=0
[scan_planner_node-4] 
[scan_planner_node-4] [rebo replan]: -------------------------------------389
[scan_planner_node-4] start:    -6 0.868   0.4,   -0.0009     0.332 -6.34e-05
[scan_planner_node-4] goal: -6   1 0.4, 0 0 0
[scan_planner_node-4] Close to goal
[scan_planner_node-4] final_plan_success=0
[scan_planner_node-4] 
[scan_planner_node-4] [rebo replan]: -------------------------------------390
[scan_planner_node-4] start:    -6 0.868   0.4,   -0.0009     0.332 -6.34e-05
[scan_planner_node-4] goal: -6   1 0.4, 0 0 0
[scan_planner_node-4] Close to goal
[scan_planner_node-4] final_plan_success=0
[scan_planner_node-4] [FSM]: from REPLAN_TRAJ to REPLAN_TRAJ
[scan_planner_node-4] 
[scan_planner_node-4] [rebo replan]: -------------------------------------391
[scan_planner_node-4] start:    -6 0.888   0.4, -0.000806     0.288  -6.8e-05
[scan_planner_node-4] goal: -6   1 0.4, 0 0 0
[scan_planner_node-4] Close to goal
[scan_planner_node-4] final_plan_success=0
[scan_planner_node-4] 
[scan_planner_node-4] [rebo replan]: -------------------------------------392
[scan_planner_node-4] start:    -6 0.888   0.4, -0.000806     0.288  -6.8e-05
[scan_planner_node-4] goal: -6   1 0.4, 0 0 0
[scan_planner_node-4] Close to goal
[scan_planner_node-4] final_plan_success=0
[scan_planner_node-4] 
[scan_planner_node-4] [rebo replan]: -------------------------------------393
[scan_planner_node-4] start:    -6 0.888   0.4, -0.000806     0.288  -6.8e-05
[scan_planner_node-4] goal: -6   1 0.4, 0 0 0
[scan_planner_node-4] Close to goal
[scan_planner_node-4] final_plan_success=0
[scan_planner_node-4] [FSM]: from REPLAN_TRAJ to REPLAN_TRAJ
[scan_planner_node-4] 
[scan_planner_node-4] [rebo replan]: -------------------------------------394
[scan_planner_node-4] start:  -6 0.9 0.4, -0.000741      0.26 -6.84e-05
[scan_planner_node-4] goal: -6   1 0.4, 0 0 0
[scan_planner_node-4] Close to goal
[scan_planner_node-4] final_plan_success=0
[scan_planner_node-4] 
[scan_planner_node-4] [rebo replan]: -------------------------------------395
[scan_planner_node-4] start:  -6 0.9 0.4, -0.000741      0.26 -6.84e-05
[scan_planner_node-4] goal: -6   1 0.4, 0 0 0
[scan_planner_node-4] Close to goal
[scan_planner_node-4] final_plan_success=0
[scan_planner_node-4] 
[scan_planner_node-4] [rebo replan]: -------------------------------------396
[scan_planner_node-4] start:  -6 0.9 0.4, -0.000741      0.26 -6.84e-05
[scan_planner_node-4] goal: -6   1 0.4, 0 0 0
[scan_planner_node-4] Close to goal
[scan_planner_node-4] final_plan_success=0
[scan_planner_node-4] [FSM]: from REPLAN_TRAJ to REPLAN_TRAJ
[scan_planner_node-4] 
[scan_planner_node-4] [rebo replan]: -------------------------------------397
[scan_planner_node-4] start:   -6 0.91  0.4, -0.000676     0.233  -6.7e-05
[scan_planner_node-4] goal: -6   1 0.4, 0 0 0
[scan_planner_node-4] Close to goal
[scan_planner_node-4] final_plan_success=0
[scan_planner_node-4] 
[scan_planner_node-4] [rebo replan]: -------------------------------------398
[scan_planner_node-4] start:   -6 0.91  0.4, -0.000676     0.233  -6.7e-05
[scan_planner_node-4] goal: -6   1 0.4, 0 0 0
[scan_planner_node-4] Close to goal
[scan_planner_node-4] final_plan_success=0
[scan_planner_node-4] 
[scan_planner_node-4] [rebo replan]: -------------------------------------399
[scan_planner_node-4] start:   -6 0.91  0.4, -0.000676     0.233  -6.7e-05
[scan_planner_node-4] goal: -6   1 0.4, 0 0 0
[scan_planner_node-4] Close to goal
[scan_planner_node-4] final_plan_success=0
[scan_planner_node-4] [FSM]: from REPLAN_TRAJ to REPLAN_TRAJ
[scan_planner_node-4] 
[scan_planner_node-4] [rebo replan]: -------------------------------------400
[scan_planner_node-4] start:    -6 0.925   0.4, -0.000549     0.185    -6e-05
[scan_planner_node-4] goal: -6   1 0.4, 0 0 0
[scan_planner_node-4] Close to goal
[scan_planner_node-4] final_plan_success=0
[scan_planner_node-4] 
[scan_planner_node-4] [rebo replan]: -------------------------------------401
[scan_planner_node-4] start:    -6 0.925   0.4, -0.000549     0.185    -6e-05
[scan_planner_node-4] goal: -6   1 0.4, 0 0 0
[scan_planner_node-4] Close to goal
[scan_planner_node-4] final_plan_success=0
[scan_planner_node-4] 
[scan_planner_node-4] [rebo replan]: -------------------------------------402
[scan_planner_node-4] start:    -6 0.925   0.4, -0.000549     0.185    -6e-05
[scan_planner_node-4] goal: -6   1 0.4, 0 0 0
[scan_planner_node-4] Close to goal
[scan_planner_node-4] final_plan_success=0
[scan_planner_node-4] [FSM]: from REPLAN_TRAJ to REPLAN_TRAJ
[loop_path_publisher.py-9] [INFO] [1785998159.374229055] [loop_path_publisher]: Published shuttle route with 31 dense points, run 11
[terrain_path_visualizer-10] [INFO] [1785998159.380973726] [terrain_path_segmenter]: Segmented 31 path points into 2 sections
[scan_planner_node-4] 
[scan_planner_node-4] [rebo replan]: -------------------------------------403
[scan_planner_node-4] start:    -6 0.936   0.4, -0.000408     0.135 -4.68e-05
[scan_planner_node-4] goal: -6   1 0.4, 0 0 0
[scan_planner_node-4] Close to goal
[scan_planner_node-4] final_plan_success=0
[scan_planner_node-4] 
[scan_planner_node-4] [rebo replan]: -------------------------------------404
[scan_planner_node-4] start:    -6 0.936   0.4, -0.000408     0.135 -4.68e-05
[scan_planner_node-4] goal: -6   1 0.4, 0 0 0
[scan_planner_node-4] Close to goal
[scan_planner_node-4] final_plan_success=0
[scan_planner_node-4] 
[scan_planner_node-4] [rebo replan]: -------------------------------------405
[scan_planner_node-4] start:    -6 0.936   0.4, -0.000408     0.135 -4.68e-05
[scan_planner_node-4] goal: -6   1 0.4, 0 0 0
[scan_planner_node-4] Close to goal
[scan_planner_node-4] final_plan_success=0
[scan_planner_node-4] [FSM]: from REPLAN_TRAJ to REPLAN_TRAJ
[scan_planner_node-4] [INFO] [1785998159.537358456] [scan_planner_node]: Reference path accepted
[scan_planner_node-4] 
[scan_planner_node-4] [rebo replan]: -------------------------------------406
[scan_planner_node-4] start:    -6 0.947   0.4,  -0.00022    0.0731 -2.53e-05
[scan_planner_node-4] goal:  -6 4.53 1.28, 0 0 0
[scan_planner_node-4] [32miter(+1)=46,time(ms)=0.656,total_t(ms)=0.656,cost=0.033
[scan_planner_node-4] [0mfirst_optimize_step_success=1
[scan_planner_node-4] Need to reallocate time.
[scan_planner_node-4] total time:[42m0.00161[0m,optimize:0.00104,refine:0.000579
[scan_planner_node-4] final_plan_success=1
[closed_loop_controller-6] [INFO] [1785998159.539867324] [closed_loop_controller]: Received trajectory 213, duration 8.137s
[scan_planner_node-4] [FSM]: from REPLAN_TRAJ to EXEC_TRAJ
[scan_planner_node-4] [INFO] [1785998160.653796785] [scan_planner_node]: [GridMapDiag] cloud=32768 accepted=26960 invalid=5808 below_sensor=0 outside_update=0 sensor_z=0.702 cutoff_z=1.702
[scan_planner_node-4] [FSM]: state: EXEC_TRAJ
[scan_planner_node-4] [FSM]: from EXEC_TRAJ to REPLAN_TRAJ
[scan_planner_node-4] 
[scan_planner_node-4] [rebo replan]: -------------------------------------407
[scan_planner_node-4] start:    -6  1.96 0.582, 6.31e-05    0.588    0.165
[scan_planner_node-4] goal: -6   5 1.4, 0 0 0
[scan_planner_node-4] [32miter(+1)=28,time(ms)=0.120,total_t(ms)=0.120,cost=0.084
[scan_planner_node-4] [0mfirst_optimize_step_success=1
[scan_planner_node-4] Need to reallocate time.
[scan_planner_node-4] total time:[42m0.000525[0m,optimize:0.000269,refine:0.000256
[scan_planner_node-4] final_plan_success=1
[scan_planner_node-4] [FSM]: from REPLAN_TRAJ to EXEC_TRAJ
[closed_loop_controller-6] [INFO] [1785998162.582383513] [closed_loop_controller]: Received trajectory 214, duration 6.509s
[scan_planner_node-4] [INFO] [1785998162.759900388] [scan_planner_node]: [GridMapDiag] cloud=32768 accepted=27168 invalid=5600 below_sensor=0 outside_update=0 sensor_z=0.959 cutoff_z=1.959
[scan_planner_node-4] [FSM]: from EXEC_TRAJ to REPLAN_TRAJ
[scan_planner_node-4] 
[scan_planner_node-4] [rebo replan]: -------------------------------------408
[scan_planner_node-4] start:    -6  2.95 0.847, -0.000213      0.41     0.117
[scan_planner_node-4] goal: -6   5 1.4, 0 0 0
[scan_planner_node-4] [32miter(+1)=17,time(ms)=0.046,total_t(ms)=0.047,cost=0.079
[scan_planner_node-4] [0mfirst_optimize_step_success=1
[scan_planner_node-4] Need to reallocate time.
[scan_planner_node-4] total time:[42m0.000257[0m,optimize:0.000124,refine:0.000134
[scan_planner_node-4] final_plan_success=1
[scan_planner_node-4] [FSM]: from REPLAN_TRAJ to EXEC_TRAJ
[closed_loop_controller-6] [INFO] [1785998164.618958563] [closed_loop_controller]: Received trajectory 215, duration 4.232s
[scan_planner_node-4] [INFO] [1785998164.927868768] [scan_planner_node]: [GridMapDiag] cloud=32768 accepted=23684 invalid=9084 below_sensor=0 outside_update=0 sensor_z=1.216 cutoff_z=2.216
[scan_planner_node-4] [FSM]: state: EXEC_TRAJ
[scan_planner_node-4] [FSM]: from EXEC_TRAJ to REPLAN_TRAJ
[scan_planner_node-4] 
[scan_planner_node-4] [rebo replan]: -------------------------------------409
[scan_planner_node-4] start:   -6 3.99 1.11, -0.000244     0.681     0.125
[scan_planner_node-4] goal: -6   5 1.4, 0 0 0
[scan_planner_node-4] [32miter(+1)=12,time(ms)=0.025,total_t(ms)=0.026,cost=0.068
[scan_planner_node-4] [0mfirst_optimize_step_success=1
[scan_planner_node-4] Need to reallocate time.
[scan_planner_node-4] total time:[42m0.000137[0m,optimize:7.81e-05,refine:5.85e-05
[scan_planner_node-4] final_plan_success=1
[scan_planner_node-4] [FSM]: from REPLAN_TRAJ to EXEC_TRAJ
[closed_loop_controller-6] [INFO] [1785998166.521600560] [closed_loop_controller]: Received trajectory 216, duration 2.166s
[scan_planner_node-4] [INFO] [1785998166.926820474] [scan_planner_node]: [GridMapDiag] cloud=32768 accepted=17718 invalid=15050 below_sensor=0 outside_update=0 sensor_z=1.510 cutoff_z=2.510
[terrain_path_visualizer-10] [INFO] [1785998167.637257946] [terrain_path_segmenter]: Visualization advanced to segment 2/2
[scan_planner_node-4] [TRIG]: from EXEC_TRAJ to REPLAN_TRAJ
[scan_planner_node-4] [INFO] [1785998167.711056998] [scan_planner_node]: Reference path accepted
[scan_planner_node-4] 
[scan_planner_node-4] [rebo replan]: -------------------------------------410
[scan_planner_node-4] start:   -6 4.79 1.29, -0.00012    0.502    0.131
[scan_planner_node-4] goal: -6   7 1.4, 0 0 0
[scan_planner_node-4] [32miter(+1)=7,time(ms)=0.021,total_t(ms)=0.022,cost=0.053
[scan_planner_node-4] [0mfirst_optimize_step_success=1
[scan_planner_node-4] Need to reallocate time.
[scan_planner_node-4] total time:[42m0.000244[0m,optimize:0.000116,refine:0.000128
[scan_planner_node-4] final_plan_success=1
[scan_planner_node-4] [FSM]: from REPLAN_TRAJ to EXEC_TRAJ
[closed_loop_controller-6] [INFO] [1785998167.711639956] [closed_loop_controller]: Received trajectory 217, duration 4.839s
[scan_planner_node-4] [INFO] [1785998168.987286593] [scan_planner_node]: [GridMapDiag] cloud=32768 accepted=15508 invalid=17260 below_sensor=0 outside_update=0 sensor_z=1.700 cutoff_z=2.700
[scan_planner_node-4] [FSM]: from EXEC_TRAJ to REPLAN_TRAJ
[scan_planner_node-4] 
[scan_planner_node-4] [rebo replan]: -------------------------------------411
[scan_planner_node-4] start:   -6 5.82 1.34, 1.01e-05    0.622   0.0289
[scan_planner_node-4] goal: -6   7 1.4, 0 0 0
[scan_planner_node-4] [32miter(+1)=11,time(ms)=0.024,total_t(ms)=0.025,cost=0.143
[scan_planner_node-4] [0mfirst_optimize_step_success=1
[scan_planner_node-4] Need to reallocate time.
[scan_planner_node-4] total time:[42m0.000143[0m,optimize:8.01e-05,refine:6.3e-05
[scan_planner_node-4] final_plan_success=1
[scan_planner_node-4] [FSM]: from REPLAN_TRAJ to EXEC_TRAJ
[closed_loop_controller-6] [INFO] [1785998169.936566862] [closed_loop_controller]: Received trajectory 218, duration 2.311s
[scan_planner_node-4] [INFO] [1785998171.000399423] [scan_planner_node]: [GridMapDiag] cloud=32768 accepted=15390 invalid=17378 below_sensor=0 outside_update=0 sensor_z=1.700 cutoff_z=2.700
[scan_planner_node-4] [FSM]: state: EXEC_TRAJ
[scan_planner_node-4] [FSM]: from EXEC_TRAJ to REPLAN_TRAJ
[scan_planner_node-4] 
[scan_planner_node-4] [rebo replan]: -------------------------------------412
[scan_planner_node-4] start:   -6 6.85 1.38, 1.62e-05    0.357   0.0363
[scan_planner_node-4] goal: -6   7 1.4, 0 0 0
[scan_planner_node-4] Close to goal
[scan_planner_node-4] final_plan_success=0
[scan_planner_node-4] 
[scan_planner_node-4] [rebo replan]: -------------------------------------413
[scan_planner_node-4] start:   -6 6.85 1.38, 1.62e-05    0.357   0.0363
[scan_planner_node-4] goal: -6   7 1.4, 0 0 0
[scan_planner_node-4] Close to goal
[scan_planner_node-4] final_plan_success=0
[scan_planner_node-4] 
[scan_planner_node-4] [rebo replan]: -------------------------------------414
[scan_planner_node-4] start:   -6 6.85 1.38, 1.62e-05    0.357   0.0363
[scan_planner_node-4] goal: -6   7 1.4, 0 0 0
[scan_planner_node-4] Close to goal
[scan_planner_node-4] final_plan_success=0
[scan_planner_node-4] [FSM]: from REPLAN_TRAJ to REPLAN_TRAJ
[scan_planner_node-4] 
[scan_planner_node-4] [rebo replan]: -------------------------------------415
[scan_planner_node-4] start:   -6 6.87 1.38, 1.43e-05    0.312   0.0402
[scan_planner_node-4] goal: -6   7 1.4, 0 0 0
[scan_planner_node-4] Close to goal
[scan_planner_node-4] final_plan_success=0
[scan_planner_node-4] 
[scan_planner_node-4] [rebo replan]: -------------------------------------416
[scan_planner_node-4] start:   -6 6.87 1.38, 1.43e-05    0.312   0.0402
[scan_planner_node-4] goal: -6   7 1.4, 0 0 0
[scan_planner_node-4] Close to goal
[scan_planner_node-4] final_plan_success=0
[scan_planner_node-4] 
[scan_planner_node-4] [rebo replan]: -------------------------------------417
[scan_planner_node-4] start:   -6 6.87 1.38, 1.43e-05    0.312   0.0402
[scan_planner_node-4] goal: -6   7 1.4, 0 0 0
[scan_planner_node-4] Close to goal
[scan_planner_node-4] final_plan_success=0
[scan_planner_node-4] [FSM]: from REPLAN_TRAJ to REPLAN_TRAJ
[scan_planner_node-4] 
[scan_planner_node-4] [rebo replan]: -------------------------------------418
[scan_planner_node-4] start:   -6 6.88 1.39, 1.31e-05    0.285   0.0411
[scan_planner_node-4] goal: -6   7 1.4, 0 0 0
[scan_planner_node-4] Close to goal
[scan_planner_node-4] final_plan_success=0
[scan_planner_node-4] 
[scan_planner_node-4] [rebo replan]: -------------------------------------419
[scan_planner_node-4] start:   -6 6.88 1.39, 1.31e-05    0.285   0.0411
[scan_planner_node-4] goal: -6   7 1.4, 0 0 0
[scan_planner_node-4] Close to goal
[scan_planner_node-4] final_plan_success=0
[scan_planner_node-4] 
[scan_planner_node-4] [rebo replan]: -------------------------------------420
[scan_planner_node-4] start:   -6 6.88 1.39, 1.31e-05    0.285   0.0411
[scan_planner_node-4] goal: -6   7 1.4, 0 0 0
[scan_planner_node-4] Close to goal
[scan_planner_node-4] final_plan_success=0
[scan_planner_node-4] [FSM]: from REPLAN_TRAJ to REPLAN_TRAJ
[scan_planner_node-4] 
[scan_planner_node-4] [rebo replan]: -------------------------------------421
[scan_planner_node-4] start:   -6  6.9 1.39, 1.19e-05    0.256   0.0409
[scan_planner_node-4] goal: -6   7 1.4, 0 0 0
[scan_planner_node-4] Close to goal
[scan_planner_node-4] final_plan_success=0
[scan_planner_node-4] 
[scan_planner_node-4] [rebo replan]: -------------------------------------422
[scan_planner_node-4] start:   -6  6.9 1.39, 1.19e-05    0.256   0.0409
[scan_planner_node-4] goal: -6   7 1.4, 0 0 0
[scan_planner_node-4] Close to goal
[scan_planner_node-4] final_plan_success=0
[scan_planner_node-4] 
[scan_planner_node-4] [rebo replan]: -------------------------------------423
[scan_planner_node-4] start:   -6  6.9 1.39, 1.19e-05    0.256   0.0409
[scan_planner_node-4] goal: -6   7 1.4, 0 0 0
[scan_planner_node-4] Close to goal
[scan_planner_node-4] final_plan_success=0
[scan_planner_node-4] [FSM]: from REPLAN_TRAJ to REPLAN_TRAJ
[scan_planner_node-4] 
[scan_planner_node-4] [rebo replan]: -------------------------------------424
[scan_planner_node-4] start:   -6 6.91 1.39, 9.84e-06    0.211   0.0383
[scan_planner_node-4] goal: -6   7 1.4, 0 0 0
[scan_planner_node-4] Close to goal
[scan_planner_node-4] final_plan_success=0
[scan_planner_node-4] 
[scan_planner_node-4] [rebo replan]: -------------------------------------425
[scan_planner_node-4] start:   -6 6.91 1.39, 9.84e-06    0.211   0.0383
[scan_planner_node-4] goal: -6   7 1.4, 0 0 0
[scan_planner_node-4] Close to goal
[scan_planner_node-4] final_plan_success=0
[scan_planner_node-4] 
[scan_planner_node-4] [rebo replan]: -------------------------------------426
[scan_planner_node-4] start:   -6 6.91 1.39, 9.84e-06    0.211   0.0383
[scan_planner_node-4] goal: -6   7 1.4, 0 0 0
[scan_planner_node-4] Close to goal
[scan_planner_node-4] final_plan_success=0
[scan_planner_node-4] [FSM]: from REPLAN_TRAJ to REPLAN_TRAJ
[scan_planner_node-4] 
[scan_planner_node-4] [rebo replan]: -------------------------------------427
[scan_planner_node-4] start:   -6 6.92 1.39, 8.6e-06   0.184  0.0352
[scan_planner_node-4] goal: -6   7 1.4, 0 0 0
[scan_planner_node-4] Close to goal
[scan_planner_node-4] final_plan_success=0
[scan_planner_node-4] 
[scan_planner_node-4] [rebo replan]: -------------------------------------428
[scan_planner_node-4] start:   -6 6.92 1.39, 8.6e-06   0.184  0.0352
[scan_planner_node-4] goal: -6   7 1.4, 0 0 0
[scan_planner_node-4] Close to goal
[scan_planner_node-4] final_plan_success=0
[scan_planner_node-4] 
[scan_planner_node-4] [rebo replan]: -------------------------------------429
[scan_planner_node-4] start:   -6 6.92 1.39, 8.6e-06   0.184  0.0352
[scan_planner_node-4] goal: -6   7 1.4, 0 0 0
[scan_planner_node-4] Close to goal
[scan_planner_node-4] final_plan_success=0
[scan_planner_node-4] [FSM]: from REPLAN_TRAJ to REPLAN_TRAJ
[scan_planner_node-4] 
[scan_planner_node-4] [rebo replan]: -------------------------------------430
[scan_planner_node-4] start:   -6 6.93 1.39, 7.14e-06    0.152   0.0304
[scan_planner_node-4] goal: -6   7 1.4, 0 0 0
[scan_planner_node-4] Close to goal
[scan_planner_node-4] final_plan_success=0
[scan_planner_node-4] 
[scan_planner_node-4] [rebo replan]: -------------------------------------431
[scan_planner_node-4] start:   -6 6.93 1.39, 7.14e-06    0.152   0.0304
[scan_planner_node-4] goal: -6   7 1.4, 0 0 0
[scan_planner_node-4] Close to goal
[scan_planner_node-4] final_plan_success=0
[scan_planner_node-4] 
[scan_planner_node-4] [rebo replan]: -------------------------------------432
[scan_planner_node-4] start:   -6 6.93 1.39, 7.14e-06    0.152   0.0304
[scan_planner_node-4] goal: -6   7 1.4, 0 0 0
[scan_planner_node-4] Close to goal
[scan_planner_node-4] final_plan_success=0
[scan_planner_node-4] [FSM]: from REPLAN_TRAJ to REPLAN_TRAJ
[scan_planner_node-4] 
[scan_planner_node-4] [rebo replan]: -------------------------------------433
[scan_planner_node-4] start:   -6 6.93 1.39, 5.08e-06    0.108   0.0218
[scan_planner_node-4] goal: -6   7 1.4, 0 0 0
[scan_planner_node-4] Close to goal
[scan_planner_node-4] final_plan_success=0
[scan_planner_node-4] 
[scan_planner_node-4] [rebo replan]: -------------------------------------434
[scan_planner_node-4] start:   -6 6.93 1.39, 5.08e-06    0.108   0.0218
[scan_planner_node-4] goal: -6   7 1.4, 0 0 0
[scan_planner_node-4] Close to goal
[scan_planner_node-4] final_plan_success=0
[scan_planner_node-4] 
[scan_planner_node-4] [rebo replan]: -------------------------------------435
[scan_planner_node-4] start:   -6 6.93 1.39, 5.08e-06    0.108   0.0218
[scan_planner_node-4] goal: -6   7 1.4, 0 0 0
[scan_planner_node-4] Close to goal
[scan_planner_node-4] final_plan_success=0
[scan_planner_node-4] [FSM]: from REPLAN_TRAJ to REPLAN_TRAJ
[scan_planner_node-4] 
[scan_planner_node-4] [rebo replan]: -------------------------------------436
[scan_planner_node-4] start:   -6 6.94  1.4, 3.99e-06   0.0848   0.0171
[scan_planner_node-4] goal: -6   7 1.4, 0 0 0
[scan_planner_node-4] Close to goal
[scan_planner_node-4] final_plan_success=0
[scan_planner_node-4] 
[scan_planner_node-4] [rebo replan]: -------------------------------------437
[scan_planner_node-4] start:   -6 6.94  1.4, 3.99e-06   0.0848   0.0171
[scan_planner_node-4] goal: -6   7 1.4, 0 0 0
[scan_planner_node-4] Close to goal
[scan_planner_node-4] final_plan_success=0
[scan_planner_node-4] 
[scan_planner_node-4] [rebo replan]: -------------------------------------438
[scan_planner_node-4] start:   -6 6.94  1.4, 3.99e-06   0.0848   0.0171
[scan_planner_node-4] goal: -6   7 1.4, 0 0 0
[scan_planner_node-4] Close to goal
[scan_planner_node-4] final_plan_success=0
[scan_planner_node-4] [FSM]: from REPLAN_TRAJ to REPLAN_TRAJ
[scan_planner_node-4] 
[scan_planner_node-4] [rebo replan]: -------------------------------------439
[scan_planner_node-4] start:   -6 6.94  1.4, 3.03e-06   0.0644    0.013
[scan_planner_node-4] goal: -6   7 1.4, 0 0 0
[scan_planner_node-4] Close to goal
[scan_planner_node-4] final_plan_success=0
[scan_planner_node-4] 
[scan_planner_node-4] [rebo replan]: -------------------------------------440
[scan_planner_node-4] start:   -6 6.94  1.4, 3.03e-06   0.0644    0.013
[scan_planner_node-4] goal: -6   7 1.4, 0 0 0
[scan_planner_node-4] Close to goal
[scan_planner_node-4] final_plan_success=0
[scan_planner_node-4] 
[scan_planner_node-4] [rebo replan]: -------------------------------------441
[scan_planner_node-4] start:   -6 6.94  1.4, 3.03e-06   0.0644    0.013
[scan_planner_node-4] goal: -6   7 1.4, 0 0 0
[scan_planner_node-4] Close to goal
[scan_planner_node-4] final_plan_success=0
[scan_planner_node-4] [FSM]: from REPLAN_TRAJ to REPLAN_TRAJ
[loop_path_publisher.py-9] [INFO] [1785998171.987124179] [loop_path_publisher]: Published shuttle route with 193 dense points, run 12
[terrain_path_visualizer-10] [INFO] [1785998172.006626301] [terrain_path_segmenter]: Segmented 193 path points into 3 sections
[scan_planner_node-4] 
[scan_planner_node-4] [rebo replan]: -------------------------------------442
[scan_planner_node-4] start:   -6 6.94  1.4, 1.67e-06   0.0354  0.00712
[scan_planner_node-4] goal: -6   7 1.4, 0 0 0
[scan_planner_node-4] Close to goal
[scan_planner_node-4] final_plan_success=0
[scan_planner_node-4] 
[scan_planner_node-4] [rebo replan]: -------------------------------------443
[scan_planner_node-4] start:   -6 6.94  1.4, 1.67e-06   0.0354  0.00712
[scan_planner_node-4] goal: -6   7 1.4, 0 0 0
[scan_planner_node-4] Close to goal
[scan_planner_node-4] final_plan_success=0
[scan_planner_node-4] 
[scan_planner_node-4] [rebo replan]: -------------------------------------444
[scan_planner_node-4] start:   -6 6.94  1.4, 1.67e-06   0.0354  0.00712
[scan_planner_node-4] goal: -6   7 1.4, 0 0 0
[scan_planner_node-4] Close to goal
[scan_planner_node-4] final_plan_success=0
[scan_planner_node-4] [FSM]: from REPLAN_TRAJ to REPLAN_TRAJ
[scan_planner_node-4] [INFO] [1785998172.489618851] [scan_planner_node]: Reference path accepted
[scan_planner_node-4] 
[scan_planner_node-4] [rebo replan]: -------------------------------------445
[scan_planner_node-4] start:   -6 6.95  1.4, 4.74e-08 0.000914 0.000154
[scan_planner_node-4] goal:-2.35     7   1.4,      0.75 -1.31e-16         0
[scan_planner_node-4] [32miter(+1)=6,time(ms)=0.027,total_t(ms)=0.028,cost=0.033
[scan_planner_node-4] [0mfirst_optimize_step_success=1
[scan_planner_node-4] total time:[42m0.000232[0m,optimize:0.000172,refine:5.97e-05
[scan_planner_node-4] final_plan_success=1
[scan_planner_node-4] [FSM]: from REPLAN_TRAJ to EXEC_TRAJ
[closed_loop_controller-6] [INFO] [1785998172.491110745] [closed_loop_controller]: Received trajectory 219, duration 6.080s
[scan_planner_node-4] [INFO] [1785998173.077234834] [scan_planner_node]: [GridMapDiag] cloud=32768 accepted=15218 invalid=17550 below_sensor=0 outside_update=0 sensor_z=1.700 cutoff_z=2.700
[scan_planner_node-4] [INFO] [1785998175.098620527] [scan_planner_node]: [GridMapDiag] cloud=32768 accepted=15288 invalid=17480 below_sensor=0 outside_update=0 sensor_z=1.700 cutoff_z=2.700
[scan_planner_node-4] [FSM]: state: EXEC_TRAJ
[scan_planner_node-4] [FSM]: from EXEC_TRAJ to REPLAN_TRAJ
[scan_planner_node-4] 
[scan_planner_node-4] [rebo replan]: -------------------------------------446
[scan_planner_node-4] start: -4.92  6.97   1.4,    0.785   0.0151 0.000621
[scan_planner_node-4] goal:-1.47     7   1.4,     0.75 7.97e-16        0
[scan_planner_node-4] [32miter(+1)=8,time(ms)=0.030,total_t(ms)=0.030,cost=0.008
[scan_planner_node-4] [0mfirst_optimize_step_success=1
[scan_planner_node-4] total time:[42m0.000192[0m,optimize:0.000154,refine:3.78e-05
[scan_planner_node-4] final_plan_success=1
[scan_planner_node-4] [FSM]: from REPLAN_TRAJ to EXEC_TRAJ
[closed_loop_controller-6] [INFO] [1785998177.130314246] [closed_loop_controller]: Received trajectory 220, duration 5.440s
[scan_planner_node-4] [INFO] [1785998177.222978929] [scan_planner_node]: [GridMapDiag] cloud=32768 accepted=16430 invalid=16338 below_sensor=0 outside_update=0 sensor_z=1.700 cutoff_z=2.700
[scan_planner_node-4] [FSM]: from EXEC_TRAJ to REPLAN_TRAJ
[scan_planner_node-4] 
[scan_planner_node-4] [rebo replan]: -------------------------------------447
[scan_planner_node-4] start: -3.9 6.99  1.4,    0.636  0.00891 0.000366
[scan_planner_node-4] goal:-0.25     7   1.4,     0.75 5.24e-13        0
[scan_planner_node-4] [32miter(+1)=4,time(ms)=0.017,total_t(ms)=0.018,cost=0.002
[scan_planner_node-4] [0mfirst_optimize_step_success=1
[scan_planner_node-4] total time:[42m0.000187[0m,optimize:0.000146,refine:4.05e-05
[scan_planner_node-4] final_plan_success=1
[scan_planner_node-4] [FSM]: from REPLAN_TRAJ to EXEC_TRAJ
[closed_loop_controller-6] [INFO] [1785998178.771921887] [closed_loop_controller]: Received trajectory 221, duration 5.760s
[scan_planner_node-4] [INFO] [1785998179.223750241] [scan_planner_node]: [GridMapDiag] cloud=32768 accepted=18763 invalid=14005 below_sensor=0 outside_update=0 sensor_z=1.700 cutoff_z=2.700
[scan_planner_node-4] [FSM]: state: EXEC_TRAJ
[scan_planner_node-4] [FSM]: from EXEC_TRAJ to REPLAN_TRAJ
[scan_planner_node-4] 
[scan_planner_node-4] [rebo replan]: -------------------------------------448
[scan_planner_node-4] start: -2.9    7  1.4,    0.625  0.00165 0.000243
[scan_planner_node-4] goal:0.625     7   1.4,    0.75 4.2e-11       0
[scan_planner_node-4] [32miter(+1)=8,time(ms)=0.049,total_t(ms)=0.050,cost=0.006
[scan_planner_node-4] [0mfirst_optimize_step_success=1
[scan_planner_node-4] total time:[42m0.000277[0m,optimize:0.000225,refine:5.16e-05
[scan_planner_node-4] final_plan_success=1
[closed_loop_controller-6] [INFO] [1785998180.373732229] [closed_loop_controller]: Received trajectory 222, duration 5.760s
[scan_planner_node-4] [FSM]: from REPLAN_TRAJ to EXEC_TRAJ
[scan_planner_node-4] [INFO] [1785998181.225832120] [scan_planner_node]: [GridMapDiag] cloud=32768 accepted=20506 invalid=12262 below_sensor=0 outside_update=0 sensor_z=1.700 cutoff_z=2.700
[scan_planner_node-4] [FSM]: from EXEC_TRAJ to REPLAN_TRAJ
[scan_planner_node-4] 
[scan_planner_node-4] [rebo replan]: -------------------------------------449
[scan_planner_node-4] start: -1.87     7   1.4,    0.625 0.000279 0.000181
[scan_planner_node-4] goal:1.85    7  1.4,     0.75 6.37e-09        0
[scan_planner_node-4] [32miter(+1)=6,time(ms)=0.024,total_t(ms)=0.024,cost=0.001
[scan_planner_node-4] [0mfirst_optimize_step_success=1
[scan_planner_node-4] total time:[42m0.000211[0m,optimize:0.000169,refine:4.24e-05
[scan_planner_node-4] final_plan_success=1
[scan_planner_node-4] [FSM]: from REPLAN_TRAJ to EXEC_TRAJ
[closed_loop_controller-6] [INFO] [1785998182.026767988] [closed_loop_controller]: Received trajectory 223, duration 5.760s
[scan_planner_node-4] [INFO] [1785998183.224769377] [scan_planner_node]: [GridMapDiag] cloud=32768 accepted=20929 invalid=11839 below_sensor=0 outside_update=0 sensor_z=1.700 cutoff_z=2.700
[scan_planner_node-4] [FSM]: from EXEC_TRAJ to REPLAN_TRAJ
[scan_planner_node-4] 
[scan_planner_node-4] [rebo replan]: -------------------------------------450
[scan_planner_node-4] start: -0.807      7    1.4,    0.625 0.000109 0.000121
[scan_planner_node-4] goal:2.73    7  1.4,      0.75 -3.86e-08         0
[scan_planner_node-4] [32miter(+1)=6,time(ms)=0.030,total_t(ms)=0.031,cost=0.001
[scan_planner_node-4] [0mfirst_optimize_step_success=1
[scan_planner_node-4] total time:[42m0.000231[0m,optimize:0.000181,refine:4.99e-05
[scan_planner_node-4] final_plan_success=1
[scan_planner_node-4] [FSM]: from REPLAN_TRAJ to EXEC_TRAJ
[closed_loop_controller-6] [INFO] [1785998183.725908371] [closed_loop_controller]: Received trajectory 224, duration 5.440s
[scan_planner_node-4] [FSM]: state: EXEC_TRAJ
[scan_planner_node-4] [INFO] [1785998185.227832548] [scan_planner_node]: [GridMapDiag] cloud=32768 accepted=21000 invalid=11768 below_sensor=0 outside_update=0 sensor_z=1.700 cutoff_z=2.700
[scan_planner_node-4] [FSM]: from EXEC_TRAJ to REPLAN_TRAJ
[scan_planner_node-4] 
[scan_planner_node-4] [rebo replan]: -------------------------------------451
[scan_planner_node-4] start: 0.223     7   1.4,    0.625 8.68e-06 9.15e-05
[scan_planner_node-4] goal:3.95    7  1.4,      0.75 -2.54e-05         0
[scan_planner_node-4] [32miter(+1)=8,time(ms)=0.041,total_t(ms)=0.041,cost=0.006
[scan_planner_node-4] [0mfirst_optimize_step_success=1
[scan_planner_node-4] total time:[42m0.000248[0m,optimize:0.000188,refine:5.98e-05
[scan_planner_node-4] final_plan_success=1
[scan_planner_node-4] [FSM]: from REPLAN_TRAJ to EXEC_TRAJ
[closed_loop_controller-6] [INFO] [1785998185.373657705] [closed_loop_controller]: Received trajectory 225, duration 6.080s
[scan_planner_node-4] [FSM]: from EXEC_TRAJ to REPLAN_TRAJ
[scan_planner_node-4] 
[scan_planner_node-4] [rebo replan]: -------------------------------------452
[scan_planner_node-4] start: 1.25    7  1.4,    0.625 4.24e-06 6.15e-05
[scan_planner_node-4] goal:  5   7 1.4,    0.75 0.00411       0
[scan_planner_node-4] [32miter(+1)=7,time(ms)=0.026,total_t(ms)=0.027,cost=0.006
[scan_planner_node-4] [0mfirst_optimize_step_success=1
[scan_planner_node-4] total time:[42m0.000206[0m,optimize:0.000164,refine:4.24e-05
[scan_planner_node-4] final_plan_success=1
[scan_planner_node-4] [FSM]: from REPLAN_TRAJ to EXEC_TRAJ
[closed_loop_controller-6] [INFO] [1785998187.021613308] [closed_loop_controller]: Received trajectory 226, duration 6.080s
[scan_planner_node-4] [INFO] [1785998187.319255998] [scan_planner_node]: [GridMapDiag] cloud=32768 accepted=20862 invalid=11906 below_sensor=0 outside_update=0 sensor_z=1.700 cutoff_z=2.700
[scan_planner_node-4] [FSM]: state: EXEC_TRAJ
[scan_planner_node-4] [FSM]: from EXEC_TRAJ to REPLAN_TRAJ
[scan_planner_node-4] 
[scan_planner_node-4] [rebo replan]: -------------------------------------453
[scan_planner_node-4] start: 2.29    7  1.4,    0.625  4.5e-06 4.42e-05
[scan_planner_node-4] goal:5.89 7.01  1.4, 0.743 0.103     0
[scan_planner_node-4] [32miter(+1)=5,time(ms)=0.029,total_t(ms)=0.030,cost=0.006
[scan_planner_node-4] [0mfirst_optimize_step_success=1
[scan_planner_node-4] total time:[42m0.00026[0m,optimize:0.000209,refine:5.04e-05
[scan_planner_node-4] final_plan_success=1
[scan_planner_node-4] [FSM]: from REPLAN_TRAJ to EXEC_TRAJ
[closed_loop_controller-6] [INFO] [1785998188.680955595] [closed_loop_controller]: Received trajectory 227, duration 5.760s
[scan_planner_node-4] [INFO] [1785998189.418752995] [scan_planner_node]: [GridMapDiag] cloud=32768 accepted=20251 invalid=12517 below_sensor=0 outside_update=0 sensor_z=1.700 cutoff_z=2.700
[scan_planner_node-4] [FSM]: from EXEC_TRAJ to REPLAN_TRAJ
[scan_planner_node-4] 
[scan_planner_node-4] [rebo replan]: -------------------------------------454
[scan_planner_node-4] start: 3.31    7  1.4,    0.625 1.17e-05 3.32e-05
[scan_planner_node-4] goal:   6 6.08  1.4, -0.00352    -0.75        0
[scan_planner_node-4] [32miter(+1)=13,time(ms)=0.052,total_t(ms)=0.052,cost=0.013
[scan_planner_node-4] [0mfirst_optimize_step_success=1
[scan_planner_node-4] total time:[42m0.000238[0m,optimize:0.000196,refine:4.28e-05
[scan_planner_node-4] final_plan_success=1
[scan_planner_node-4] [FSM]: from REPLAN_TRAJ to EXEC_TRAJ
[closed_loop_controller-6] [INFO] [1785998190.318804045] [closed_loop_controller]: Received trajectory 228, duration 6.080s
[scan_planner_node-4] [FSM]: state: EXEC_TRAJ
[scan_planner_node-4] [INFO] [1785998191.422913105] [scan_planner_node]: [GridMapDiag] cloud=32768 accepted=18267 invalid=14501 below_sensor=0 outside_update=0 sensor_z=1.700 cutoff_z=2.700
[scan_planner_node-4] [FSM]: from EXEC_TRAJ to REPLAN_TRAJ
[scan_planner_node-4] 
[scan_planner_node-4] [rebo replan]: -------------------------------------455
[scan_planner_node-4] start: 4.35    7  1.4,    0.634   0.0151 2.28e-05
[scan_planner_node-4] goal:   6 5.06  1.4, 0 0 0
[scan_planner_node-4] [32miter(+1)=23,time(ms)=0.110,total_t(ms)=0.110,cost=0.029
[scan_planner_node-4] [0mfirst_optimize_step_success=1
[scan_planner_node-4] total time:[42m0.000287[0m,optimize:0.000245,refine:4.21e-05
[scan_planner_node-4] final_plan_success=1
[scan_planner_node-4] [FSM]: from REPLAN_TRAJ to EXEC_TRAJ
[closed_loop_controller-6] [INFO] [1785998191.984982302] [closed_loop_controller]: Received trajectory 229, duration 6.080s
[scan_planner_node-4] [FSM]: from EXEC_TRAJ to REPLAN_TRAJ
[scan_planner_node-4] 
[scan_planner_node-4] [rebo replan]: -------------------------------------456
[scan_planner_node-4] start: 5.37 7.03  1.4,    0.669  0.00803 1.74e-05
[scan_planner_node-4] goal:  6   5 1.4, 0 0 0
[scan_planner_node-4] [32miter(+1)=23,time(ms)=0.078,total_t(ms)=0.078,cost=0.036
[scan_planner_node-4] [0mfirst_optimize_step_success=1
[scan_planner_node-4] Need to reallocate time.
[scan_planner_node-4] total time:[42m0.000341[0m,optimize:0.000162,refine:0.000178
[scan_planner_node-4] final_plan_success=1
[scan_planner_node-4] [FSM]: from REPLAN_TRAJ to EXEC_TRAJ
[closed_loop_controller-6] [INFO] [1785998193.573920775] [closed_loop_controller]: Received trajectory 230, duration 4.922s
[scan_planner_node-4] [INFO] [1785998193.621569453] [scan_planner_node]: [GridMapDiag] cloud=32768 accepted=15960 invalid=16808 below_sensor=0 outside_update=0 sensor_z=1.700 cutoff_z=2.700
[scan_planner_node-4] [FSM]: state: EXEC_TRAJ
[scan_planner_node-4] [INFO] [1785998195.693620098] [scan_planner_node]: [GridMapDiag] cloud=32768 accepted=15303 invalid=17465 below_sensor=0 outside_update=0 sensor_z=1.700 cutoff_z=2.700
[scan_planner_node-4] [FSM]: from EXEC_TRAJ to REPLAN_TRAJ
[scan_planner_node-4] 
[scan_planner_node-4] [rebo replan]: -------------------------------------457
[scan_planner_node-4] start: 6.07 6.25  1.4, -0.000165    -0.685  1.41e-05
[scan_planner_node-4] goal:  6   5 1.4, 0 0 0
[scan_planner_node-4] [32miter(+1)=11,time(ms)=0.026,total_t(ms)=0.026,cost=0.048
[scan_planner_node-4] [0mfirst_optimize_step_success=1
[scan_planner_node-4] Need to reallocate time.
[scan_planner_node-4] total time:[42m0.000153[0m,optimize:8.39e-05,refine:6.93e-05
[scan_planner_node-4] final_plan_success=1
[scan_planner_node-4] [FSM]: from REPLAN_TRAJ to EXEC_TRAJ
[closed_loop_controller-6] [INFO] [1785998196.035757282] [closed_loop_controller]: Received trajectory 231, duration 2.580s
[scan_planner_node-4] [FSM]: from EXEC_TRAJ to REPLAN_TRAJ
[terrain_path_visualizer-10] [INFO] [1785998197.487443750] [terrain_path_segmenter]: Visualization advanced to segment 2/3
[scan_planner_node-4] 
[scan_planner_node-4] [rebo replan]: -------------------------------------458
[scan_planner_node-4] start: 6.01 5.23  1.4,  -0.0344   -0.499 1.35e-05
[scan_planner_node-4] goal:  6   5 1.4, 0 0 0
[scan_planner_node-4] [32miter(+1)=10,time(ms)=0.024,total_t(ms)=0.024,cost=0.001
[scan_planner_node-4] [0mfirst_optimize_step_success=1
[scan_planner_node-4] total time:[42m9.31e-05[0m,optimize:7.24e-05,refine:2.08e-05
[scan_planner_node-4] final_plan_success=1
[scan_planner_node-4] [FSM]: from REPLAN_TRAJ to EXEC_TRAJ
[closed_loop_controller-6] [INFO] [1785998197.523915305] [closed_loop_controller]: Received trajectory 232, duration 1.920s
[scan_planner_node-4] [TRIG]: from EXEC_TRAJ to REPLAN_TRAJ
[scan_planner_node-4] [INFO] [1785998197.529153755] [scan_planner_node]: Reference path accepted
[scan_planner_node-4] 
[scan_planner_node-4] [rebo replan]: -------------------------------------459
[scan_planner_node-4] start: 6.01 5.24  1.4,  -0.0319   -0.465 1.28e-05
[scan_planner_node-4] goal:  6   3 0.4, 0 0 0
[scan_planner_node-4] [32miter(+1)=8,time(ms)=0.030,keep optimizing
[scan_planner_node-4] [0m[32miter(+1)=11,time(ms)=0.035,keep optimizing
[scan_planner_node-4] [0m[32miter(+1)=11,time(ms)=0.033,keep optimizing
[scan_planner_node-4] [0mfirst_optimize_step_success=0
[scan_planner_node-4] final_plan_success=0
[scan_planner_node-4] 
[scan_planner_node-4] [rebo replan]: -------------------------------------460
[scan_planner_node-4] start: 6.01 5.24  1.4,  -0.0319   -0.465 1.28e-05
[scan_planner_node-4] goal:  6   3 0.4, 0 0 0
[scan_planner_node-4] [32miter(+1)=8,time(ms)=0.022,keep optimizing
[scan_planner_node-4] [0m[32miter(+1)=11,time(ms)=0.030,keep optimizing
[scan_planner_node-4] [0m[32miter(+1)=11,time(ms)=0.030,keep optimizing
[scan_planner_node-4] [0mfirst_optimize_step_success=0
[scan_planner_node-4] final_plan_success=0
[scan_planner_node-4] 
[scan_planner_node-4] [rebo replan]: -------------------------------------461
[scan_planner_node-4] start: 6.01 5.24  1.4,  -0.0319   -0.465 1.28e-05
[scan_planner_node-4] goal:  6   3 0.4, 0 0 0
[scan_planner_node-4] [WARN] [1785998197.589165502] [path_searching]: [AStarDiag] result=OPEN_SET_EMPTY start=[7.101 4.294 1.135] end=[7.051 3.827 0.846] adjusted_start=[7.126 4.311 1.141] adjusted_end=[7.076 3.861 0.891] iter=7752 occupied_rejects=1466 pool_rejects=971 elapsed_ms=8.39
[scan_planner_node-4] [ERROR] [1785998197.589212968] [bspline_opt]: [ReplanDiag] rebound A-star failed ret=2 segment=1/1 ids=[6,9] start=[7.101 4.294 1.135] end=[7.051 3.827 0.846]
[scan_planner_node-4] iter=27,time(ms)=8.6,rebound.
[scan_planner_node-4] [WARN] [1785998197.598360011] [path_searching]: [AStarDiag] result=OPEN_SET_EMPTY start=[7.099 4.294 1.135] end=[7.045 3.825 0.846] adjusted_start=[7.122 4.310 1.141] adjusted_end=[7.072 3.860 0.891] iter=7841 occupied_rejects=1238 pool_rejects=983 elapsed_ms=9.05
[scan_planner_node-4] [ERROR] [1785998197.598405792] [bspline_opt]: [ReplanDiag] rebound A-star failed ret=2 segment=1/1 ids=[6,9] start=[7.099 4.294 1.135] end=[7.045 3.825 0.846]
[scan_planner_node-4] iter=5,time(ms)=9.2,rebound.
[scan_planner_node-4] [WARN] [1785998197.607428395] [path_searching]: [AStarDiag] result=OPEN_SET_EMPTY start=[7.095 4.289 1.135] end=[7.050 3.830 0.846] adjusted_start=[7.073 4.309 1.141] adjusted_end=[7.073 3.859 0.891] iter=7835 occupied_rejects=1222 pool_rejects=977 elapsed_ms=8.93
[scan_planner_node-4] [ERROR] [1785998197.607474807] [bspline_opt]: [ReplanDiag] rebound A-star failed ret=2 segment=1/1 ids=[6,9] start=[7.095 4.289 1.135] end=[7.050 3.830 0.846]
[scan_planner_node-4] iter=5,time(ms)=9.1,rebound.
[scan_planner_node-4] [WARN] [1785998197.615934197] [path_searching]: [AStarDiag] result=OPEN_SET_EMPTY start=[7.093 4.285 1.135] end=[7.048 3.829 0.846] adjusted_start=[7.071 4.307 1.141] adjusted_end=[7.071 3.857 0.891] iter=7835 occupied_rejects=1222 pool_rejects=977 elapsed_ms=8.38
[scan_planner_node-4] [ERROR] [1785998197.615972400] [bspline_opt]: [ReplanDiag] rebound A-star failed ret=2 segment=1/1 ids=[6,9] start=[7.093 4.285 1.135] end=[7.048 3.829 0.846]
[scan_planner_node-4] iter=5,time(ms)=8.5,rebound.
[scan_planner_node-4] [WARN] [1785998197.625247830] [path_searching]: [AStarDiag] result=OPEN_SET_EMPTY start=[7.093 4.285 1.135] end=[7.187 3.991 0.955] adjusted_start=[7.140 4.288 1.145] adjusted_end=[7.190 4.038 0.995] iter=7875 occupied_rejects=927 pool_rejects=815 elapsed_ms=9.16
[scan_planner_node-4] [ERROR] [1785998197.625301616] [bspline_opt]: [ReplanDiag] init_control_points A-star failed ret=2 segment=1/2 ids=[6,8] start=[7.093 4.285 1.135] end=[7.187 3.991 0.955]
[scan_planner_node-4] [32miter(+1)=3,time(ms)=0.015,keep optimizing
[scan_planner_node-4] [WARN] [1785998197.637479153] [path_searching]: [AStarDiag] result=OPEN_SET_EMPTY start=[6.913 4.461 1.197] end=[7.046 3.831 0.846] adjusted_start=[6.980 4.446 1.222] adjusted_end=[7.030 3.896 0.872] iter=8354 occupied_rejects=1312 pool_rejects=989 elapsed_ms=12.08
[scan_planner_node-4] [ERROR] [1785998197.637549756] [bspline_opt]: [ReplanDiag] rebound A-star failed ret=2 segment=1/1 ids=[5,9] start=[6.913 4.461 1.197] end=[7.046 3.831 0.846]
[scan_planner_node-4] [0miter=5,time(ms)=12,rebound.
[scan_planner_node-4] [WARN] [1785998197.649060284] [path_searching]: [AStarDiag] result=OPEN_SET_EMPTY start=[6.914 4.461 1.197] end=[7.059 3.830 0.846] adjusted_start=[6.987 4.445 1.222] adjusted_end=[7.037 3.895 0.872] iter=8365 occupied_rejects=1199 pool_rejects=989 elapsed_ms=11.40
[scan_planner_node-4] [ERROR] [1785998197.649109078] [bspline_opt]: [ReplanDiag] rebound A-star failed ret=2 segment=1/1 ids=[5,9] start=[6.914 4.461 1.197] end=[7.059 3.830 0.846]
[scan_planner_node-4] iter=5,time(ms)=12,rebound.
[scan_planner_node-4] [WARN] [1785998197.660598889] [path_searching]: [AStarDiag] result=OPEN_SET_EMPTY start=[6.947 4.452 1.197] end=[7.073 3.830 0.846] adjusted_start=[7.010 4.441 1.222] adjusted_end=[7.060 3.891 0.872] iter=8373 occupied_rejects=1196 pool_rejects=989 elapsed_ms=11.40
[scan_planner_node-4] [ERROR] [1785998197.660648833] [bspline_opt]: [ReplanDiag] rebound A-star failed ret=2 segment=1/1 ids=[5,9] start=[6.947 4.452 1.197] end=[7.073 3.830 0.846]
[scan_planner_node-4] iter=5,time(ms)=12,rebound.
[scan_planner_node-4] [WARN] [1785998197.672681179] [path_searching]: [AStarDiag] result=OPEN_SET_EMPTY start=[6.945 4.451 1.197] end=[7.074 3.827 0.846] adjusted_start=[7.010 4.439 1.222] adjusted_end=[7.060 3.889 0.872] iter=8373 occupied_rejects=1196 pool_rejects=989 elapsed_ms=11.93
[scan_planner_node-4] [ERROR] [1785998197.672729778] [bspline_opt]: [ReplanDiag] rebound A-star failed ret=2 segment=1/1 ids=[5,9] start=[6.945 4.451 1.197] end=[7.074 3.827 0.846]
[scan_planner_node-4] iter=5,time(ms)=12,rebound.
[scan_planner_node-4] [WARN] [1785998197.683855765] [path_searching]: [AStarDiag] result=OPEN_SET_EMPTY start=[6.967 4.443 1.197] end=[7.083 3.825 0.846] adjusted_start=[7.025 4.434 1.222] adjusted_end=[7.075 3.884 0.872] iter=8329 occupied_rejects=953 pool_rejects=986 elapsed_ms=11.04
[scan_planner_node-4] [ERROR] [1785998197.683913417] [bspline_opt]: [ReplanDiag] rebound A-star failed ret=2 segment=1/1 ids=[5,9] start=[6.967 4.443 1.197] end=[7.083 3.825 0.846]
[scan_planner_node-4] iter=5,time(ms)=11,rebound.
[scan_planner_node-4] [WARN] [1785998197.696603691] [path_searching]: [AStarDiag] result=OPEN_SET_EMPTY start=[6.965 4.442 1.197] end=[7.084 3.822 0.846] adjusted_start=[7.025 4.432 1.222] adjusted_end=[7.075 3.882 0.872] iter=8329 occupied_rejects=953 pool_rejects=986 elapsed_ms=12.59
[scan_planner_node-4] [ERROR] [1785998197.696652673] [bspline_opt]: [ReplanDiag] rebound A-star failed ret=2 segment=1/1 ids=[5,9] start=[6.965 4.442 1.197] end=[7.084 3.822 0.846]
[scan_planner_node-4] iter=5,time(ms)=13,rebound.
[scan_planner_node-4] [WARN] [1785998197.708147997] [path_searching]: [AStarDiag] result=OPEN_SET_EMPTY start=[6.973 4.439 1.197] end=[7.091 3.820 0.846] adjusted_start=[7.032 4.430 1.222] adjusted_end=[7.082 3.880 0.872] iter=8426 occupied_rejects=859 pool_rejects=989 elapsed_ms=11.39
[scan_planner_node-4] [ERROR] [1785998197.708199126] [bspline_opt]: [ReplanDiag] rebound A-star failed ret=2 segment=1/1 ids=[5,9] start=[6.973 4.439 1.197] end=[7.091 3.820 0.846]
[scan_planner_node-4] iter=5,time(ms)=12,rebound.
[scan_planner_node-4] [WARN] [1785998197.719410767] [path_searching]: [AStarDiag] result=OPEN_SET_EMPTY start=[6.975 4.437 1.197] end=[7.093 3.817 0.846] adjusted_start=[7.034 4.427 1.222] adjusted_end=[7.084 3.877 0.872] iter=8421 occupied_rejects=836 pool_rejects=989 elapsed_ms=11.12
[scan_planner_node-4] [ERROR] [1785998197.719462682] [bspline_opt]: [ReplanDiag] rebound A-star failed ret=2 segment=1/1 ids=[5,9] start=[6.975 4.437 1.197] end=[7.093 3.817 0.846]
[scan_planner_node-4] iter=5,time(ms)=11,rebound.
[scan_planner_node-4] [WARN] [1785998197.730890733] [path_searching]: [AStarDiag] result=OPEN_SET_EMPTY start=[6.980 4.434 1.197] end=[7.098 3.816 0.846] adjusted_start=[7.039 4.425 1.222] adjusted_end=[7.089 3.875 0.872] iter=8421 occupied_rejects=836 pool_rejects=989 elapsed_ms=11.34
[scan_planner_node-4] [ERROR] [1785998197.731039740] [bspline_opt]: [ReplanDiag] rebound A-star failed ret=2 segment=1/1 ids=[5,9] start=[6.980 4.434 1.197] end=[7.098 3.816 0.846]
[scan_planner_node-4] iter=5,time(ms)=12,rebound.
[scan_planner_node-4] [WARN] [1785998197.741838447] [path_searching]: [AStarDiag] result=OPEN_SET_EMPTY start=[6.980 4.432 1.197] end=[7.101 3.812 0.846] adjusted_start=[7.040 4.422 1.222] adjusted_end=[7.090 3.872 0.872] iter=8417 occupied_rejects=807 pool_rejects=989 elapsed_ms=10.69
[scan_planner_node-4] [ERROR] [1785998197.741879759] [bspline_opt]: [ReplanDiag] rebound A-star failed ret=2 segment=1/1 ids=[5,9] start=[6.980 4.432 1.197] end=[7.101 3.812 0.846]
[scan_planner_node-4] iter=5,time(ms)=11,rebound.
[scan_planner_node-4] [WARN] [1785998197.752106377] [path_searching]: [AStarDiag] result=OPEN_SET_EMPTY start=[6.983 4.431 1.197] end=[6.848 3.634 0.732] adjusted_start=[6.966 4.432 1.215] adjusted_end=[6.916 3.682 0.765] iter=8246 occupied_rejects=1202 pool_rejects=980 elapsed_ms=10.13
[scan_planner_node-4] [ERROR] [1785998197.752152195] [bspline_opt]: [ReplanDiag] rebound A-star failed ret=2 segment=1/1 ids=[5,10] start=[6.983 4.431 1.197] end=[6.848 3.634 0.732]
[scan_planner_node-4] iter=5,time(ms)=10,rebound.
[scan_planner_node-4] [WARN] [1785998197.762244221] [path_searching]: [AStarDiag] result=OPEN_SET_EMPTY start=[6.984 4.428 1.197] end=[6.851 3.633 0.732] adjusted_start=[6.968 4.431 1.215] adjusted_end=[6.918 3.681 0.765] iter=8246 occupied_rejects=1202 pool_rejects=980 elapsed_ms=10.01
[scan_planner_node-4] [ERROR] [1785998197.762293568] [bspline_opt]: [ReplanDiag] rebound A-star failed ret=2 segment=1/1 ids=[5,10] start=[6.984 4.428 1.197] end=[6.851 3.633 0.732]
[scan_planner_node-4] iter=5,time(ms)=10,rebound.
[scan_planner_node-4] [WARN] [1785998197.772139212] [path_searching]: [AStarDiag] result=OPEN_SET_EMPTY start=[6.987 4.427 1.197] end=[6.856 3.631 0.732] adjusted_start=[6.971 4.429 1.215] adjusted_end=[6.921 3.679 0.765] iter=8235 occupied_rejects=1266 pool_rejects=980 elapsed_ms=9.77
[scan_planner_node-4] [ERROR] [1785998197.772173226] [bspline_opt]: [ReplanDiag] rebound A-star failed ret=2 segment=1/1 ids=[5,10] start=[6.987 4.427 1.197] end=[6.856 3.631 0.732]
[scan_planner_node-4] iter=5,time(ms)=9.9,rebound.
[scan_planner_node-4] [WARN] [1785998197.782775110] [path_searching]: [AStarDiag] result=OPEN_SET_EMPTY start=[6.987 4.426 1.197] end=[6.858 3.630 0.732] adjusted_start=[6.972 4.428 1.215] adjusted_end=[6.922 3.678 0.765] iter=8235 occupied_rejects=1266 pool_rejects=980 elapsed_ms=10.51
[scan_planner_node-4] [ERROR] [1785998197.782824376] [bspline_opt]: [ReplanDiag] rebound A-star failed ret=2 segment=1/1 ids=[5,10] start=[6.987 4.426 1.197] end=[6.858 3.630 0.732]
[scan_planner_node-4] iter=5,time(ms)=11,rebound.
[scan_planner_node-4] [WARN] [1785998197.793242548] [path_searching]: [AStarDiag] result=OPEN_SET_EMPTY start=[6.989 4.424 1.197] end=[6.861 3.628 0.732] adjusted_start=[6.975 4.426 1.215] adjusted_end=[6.925 3.676 0.765] iter=8187 occupied_rejects=1146 pool_rejects=980 elapsed_ms=10.32
[scan_planner_node-4] [ERROR] [1785998197.793291822] [bspline_opt]: [ReplanDiag] rebound A-star failed ret=2 segment=1/1 ids=[5,10] start=[6.989 4.424 1.197] end=[6.861 3.628 0.732]
[scan_planner_node-4] iter=5,time(ms)=10,rebound.
[scan_planner_node-4] [WARN] [1785998197.803294110] [path_searching]: [AStarDiag] result=OPEN_SET_EMPTY start=[6.989 4.423 1.197] end=[6.863 3.628 0.732] adjusted_start=[6.976 4.426 1.215] adjusted_end=[6.926 3.676 0.765] iter=8187 occupied_rejects=1146 pool_rejects=980 elapsed_ms=9.90
[scan_planner_node-4] [ERROR] [1785998197.803328549] [bspline_opt]: [ReplanDiag] rebound A-star failed ret=2 segment=1/1 ids=[5,10] start=[6.989 4.423 1.197] end=[6.863 3.628 0.732]
[scan_planner_node-4] iter=5,time(ms)=10,rebound.
[scan_planner_node-4] [WARN] [1785998197.813971551] [path_searching]: [AStarDiag] result=OPEN_SET_EMPTY start=[6.990 4.423 1.197] end=[6.864 3.627 0.732] adjusted_start=[6.977 4.425 1.215] adjusted_end=[6.927 3.675 0.765] iter=8187 occupied_rejects=1146 pool_rejects=980 elapsed_ms=10.53
[scan_planner_node-4] [ERROR] [1785998197.814094324] [bspline_opt]: [ReplanDiag] init_control_points A-star failed ret=2 segment=1/1 ids=[5,10] start=[6.990 4.423 1.197] end=[6.864 3.627 0.732]
[scan_planner_node-4] [32miter(+1)=3,time(ms)=0.015,keep optimizing
[scan_planner_node-4] [WARN] [1785998197.825814471] [path_searching]: [AStarDiag] result=OPEN_SET_EMPTY start=[7.093 4.406 1.197] end=[6.866 3.624 0.732] adjusted_start=[7.079 4.415 1.215] adjusted_end=[6.929 3.665 0.765] iter=8356 occupied_rejects=1177 pool_rejects=989 elapsed_ms=11.53
[scan_planner_node-4] [ERROR] [1785998197.825865561] [bspline_opt]: [ReplanDiag] rebound A-star failed ret=2 segment=1/1 ids=[5,10] start=[7.093 4.406 1.197] end=[6.866 3.624 0.732]
[scan_planner_node-4] [0miter=5,time(ms)=12,rebound.
[scan_planner_node-4] first_optimize_step_success=0
[scan_planner_node-4] final_plan_success=0
[scan_planner_node-4] [FSM]: from REPLAN_TRAJ to REPLAN_TRAJ
[scan_planner_node-4] 
[scan_planner_node-4] [rebo replan]: -------------------------------------462
[scan_planner_node-4] start: 6.01 5.14  1.4,  -0.0182   -0.336 7.35e-06
[scan_planner_node-4] goal:  6   3 0.4, 0 0 0
[scan_planner_node-4] [32miter(+1)=22,time(ms)=0.093,keep optimizing
[scan_planner_node-4] [0m[32miter(+1)=12,time(ms)=0.035,keep optimizing
[scan_planner_node-4] [0m[32miter(+1)=19,time(ms)=0.060,keep optimizing
[scan_planner_node-4] [0mfirst_optimize_step_success=0
[scan_planner_node-4] final_plan_success=0
[scan_planner_node-4] 
[scan_planner_node-4] [rebo replan]: -------------------------------------463
[scan_planner_node-4] start: 6.01 5.14  1.4,  -0.0182   -0.336 7.35e-06
[scan_planner_node-4] goal:  6   3 0.4, 0 0 0
[scan_planner_node-4] [32miter(+1)=6,time(ms)=0.020,keep optimizing
[scan_planner_node-4] [0m[32miter(+1)=1,time(ms)=0.006,keep optimizing
[scan_planner_node-4] [0m[32miter(+1)=1,time(ms)=0.005,keep optimizing
[scan_planner_node-4] [0mfirst_optimize_step_success=0
[scan_planner_node-4] final_plan_success=0
[scan_planner_node-4] 
[scan_planner_node-4] [rebo replan]: -------------------------------------464
[scan_planner_node-4] start: 6.01 5.14  1.4,  -0.0182   -0.336 7.35e-06
[scan_planner_node-4] goal:  6   3 0.4, 0 0 0
[scan_planner_node-4] [32miter(+1)=13,time(ms)=0.054,keep optimizing
[scan_planner_node-4] [0m[32miter(+1)=10,time(ms)=0.037,keep optimizing
[scan_planner_node-4] [0m[32miter(+1)=7,time(ms)=0.033,keep optimizing
[scan_planner_node-4] [0mfirst_optimize_step_success=0
[scan_planner_node-4] final_plan_success=0
[scan_planner_node-4] [FSM]: from REPLAN_TRAJ to REPLAN_TRAJ
[scan_planner_node-4] [INFO] [1785998197.879530185] [scan_planner_node]: [GridMapDiag] cloud=32768 accepted=15322 invalid=17446 below_sensor=0 outside_update=0 sensor_z=1.700 cutoff_z=2.700
[scan_planner_node-4] 
[scan_planner_node-4] [rebo replan]: -------------------------------------465
[scan_planner_node-4] start: 6.01 5.12  1.4,  -0.0146   -0.308 5.73e-06
[scan_planner_node-4] goal:  6   3 0.4, 0 0 0
[scan_planner_node-4] [32miter(+1)=23,time(ms)=0.080,keep optimizing
[scan_planner_node-4] [0m[32miter(+1)=12,time(ms)=0.039,keep optimizing
[scan_planner_node-4] [0m[32miter(+1)=17,time(ms)=0.052,keep optimizing
[scan_planner_node-4] [0mfirst_optimize_step_success=0
[scan_planner_node-4] final_plan_success=0
[scan_planner_node-4] 
[scan_planner_node-4] [rebo replan]: -------------------------------------466
[scan_planner_node-4] start: 6.01 5.12  1.4,  -0.0146   -0.308 5.73e-06
[scan_planner_node-4] goal:  6   3 0.4, 0 0 0
[scan_planner_node-4] [32miter(+1)=8,time(ms)=0.030,keep optimizing
[scan_planner_node-4] [0m[32miter(+1)=1,time(ms)=0.006,keep optimizing
[scan_planner_node-4] [0m[32miter(+1)=1,time(ms)=0.005,keep optimizing
[scan_planner_node-4] [0mfirst_optimize_step_success=0
[scan_planner_node-4] final_plan_success=0
[scan_planner_node-4] 
[scan_planner_node-4] [rebo replan]: -------------------------------------467
[scan_planner_node-4] start: 6.01 5.12  1.4,  -0.0146   -0.308 5.73e-06
[scan_planner_node-4] goal:  6   3 0.4, 0 0 0
[scan_planner_node-4] [32miter(+1)=13,time(ms)=0.047,total_t(ms)=0.048,cost=0.046
[scan_planner_node-4] [0mfirst_optimize_step_success=1
[scan_planner_node-4] total time:[42m0.000263[0m,optimize:0.000223,refine:3.98e-05
[scan_planner_node-4] final_plan_success=1
[scan_planner_node-4] [FSM]: from REPLAN_TRAJ to EXEC_TRAJ
[closed_loop_controller-6] [INFO] [1785998197.880883568] [closed_loop_controller]: Received trajectory 233, duration 4.480s
[scan_planner_node-4] [FSM]: from EXEC_TRAJ to REPLAN_TRAJ
[scan_planner_node-4] 
[scan_planner_node-4] [rebo replan]: -------------------------------------468
[scan_planner_node-4] start: 5.48 4.31 1.02, -0.276  -0.74 -0.329
[scan_planner_node-4] goal:  6   3 0.4, 0 0 0
[scan_planner_node-4] [32miter(+1)=26,time(ms)=0.079,total_t(ms)=0.080,cost=0.086
[scan_planner_node-4] [0mfirst_optimize_step_success=1
[scan_planner_node-4] Need to reallocate time.
[scan_planner_node-4] total time:[42m0.000291[0m,optimize:0.000172,refine:0.00012
[scan_planner_node-4] final_plan_success=1
[scan_planner_node-4] [FSM]: from REPLAN_TRAJ to EXEC_TRAJ
[closed_loop_controller-6] [INFO] [1785998199.692295158] [closed_loop_controller]: Received trajectory 234, duration 3.517s
[scan_planner_node-4] [INFO] [1785998199.895205082] [scan_planner_node]: [GridMapDiag] cloud=32768 accepted=23373 invalid=9395 below_sensor=0 outside_update=0 sensor_z=1.328 cutoff_z=2.328
[scan_planner_node-4] [FSM]: state: EXEC_TRAJ
[scan_planner_node-4] [FSM]: from EXEC_TRAJ to REPLAN_TRAJ
[scan_planner_node-4] 
[scan_planner_node-4] [rebo replan]: -------------------------------------469
[scan_planner_node-4] start:  5.65  3.38 0.706,  0.325 -0.394 -0.162
[scan_planner_node-4] goal:  6   3 0.4, 0 0 0
[scan_planner_node-4] [32miter(+1)=11,time(ms)=0.029,total_t(ms)=0.029,cost=0.015
[scan_planner_node-4] [0mfirst_optimize_step_success=1
[scan_planner_node-4] total time:[42m0.000112[0m,optimize:9.21e-05,refine:1.96e-05
[scan_planner_node-4] final_plan_success=1
[scan_planner_node-4] [FSM]: from REPLAN_TRAJ to EXEC_TRAJ
[closed_loop_controller-6] [INFO] [1785998201.323535140] [closed_loop_controller]: Received trajectory 235, duration 2.240s
[terrain_path_visualizer-10] [INFO] [1785998201.917352332] [terrain_path_segmenter]: Visualization advanced to segment 3/3
[scan_planner_node-4] [INFO] [1785998201.924059997] [scan_planner_node]: [GridMapDiag] cloud=32768 accepted=27295 invalid=5473 below_sensor=0 outside_update=0 sensor_z=0.794 cutoff_z=1.794
[scan_planner_node-4] [TRIG]: from EXEC_TRAJ to REPLAN_TRAJ
[scan_planner_node-4] [INFO] [1785998202.853679395] [scan_planner_node]: Reference path accepted
[scan_planner_node-4] 
[scan_planner_node-4] [rebo replan]: -------------------------------------470
[scan_planner_node-4] start:  5.97  3.03 0.478,   0.081 -0.0804  -0.138
[scan_planner_node-4] goal:    6 -0.65   0.4, -1.25e-05     -0.75         0
[scan_planner_node-4] [32miter(+1)=23,time(ms)=0.120,total_t(ms)=0.120,cost=0.086
[scan_planner_node-4] [0mfirst_optimize_step_success=1
[scan_planner_node-4] Need to reallocate time.
[scan_planner_node-4] total time:[42m0.000603[0m,optimize:0.000324,refine:0.000279
[scan_planner_node-4] final_plan_success=1
[scan_planner_node-4] [FSM]: from REPLAN_TRAJ to EXEC_TRAJ
[closed_loop_controller-6] [INFO] [1785998202.854732218] [closed_loop_controller]: Received trajectory 236, duration 8.385s
[scan_planner_node-4] [INFO] [1785998204.005205630] [scan_planner_node]: [GridMapDiag] cloud=32768 accepted=27636 invalid=5132 below_sensor=0 outside_update=0 sensor_z=0.700 cutoff_z=1.700
[scan_planner_node-4] [INFO] [1785998206.104814863] [scan_planner_node]: [GridMapDiag] cloud=32768 accepted=26730 invalid=6038 below_sensor=0 outside_update=0 sensor_z=0.700 cutoff_z=1.700
[scan_planner_node-4] [FSM]: state: EXEC_TRAJ
[scan_planner_node-4] [FSM]: from EXEC_TRAJ to REPLAN_TRAJ
[scan_planner_node-4] 
[scan_planner_node-4] [rebo replan]: -------------------------------------471
[scan_planner_node-4] start:  5.99  1.96 0.459, -0.00258   -0.576  -0.0108
[scan_planner_node-4] goal:   6 -1.7  0.4, 0.000305    -0.75        0
[scan_planner_node-4] [32miter(+1)=4,time(ms)=0.020,total_t(ms)=0.020,cost=0.002
[scan_planner_node-4] [0mfirst_optimize_step_success=1
[scan_planner_node-4] total time:[42m0.000211[0m,optimize:0.000165,refine:4.61e-05
[scan_planner_node-4] final_plan_success=1
[scan_planner_node-4] [FSM]: from REPLAN_TRAJ to EXEC_TRAJ
[closed_loop_controller-6] [INFO] [1785998206.739302953] [closed_loop_controller]: Received trajectory 237, duration 5.760s
[scan_planner_node-4] [INFO] [1785998208.229267946] [scan_planner_node]: [GridMapDiag] cloud=32768 accepted=25641 invalid=7127 below_sensor=0 outside_update=0 sensor_z=0.700 cutoff_z=1.700
[scan_planner_node-4] [FSM]: from EXEC_TRAJ to REPLAN_TRAJ
[scan_planner_node-4] 
[scan_planner_node-4] [rebo replan]: -------------------------------------472
[scan_planner_node-4] start:  5.99 0.904 0.442, 0.00594  -0.626 -0.0101
[scan_planner_node-4] goal:    6 -2.58   0.4, -0.0381  -0.712       0
[scan_planner_node-4] [32miter(+1)=6,time(ms)=0.024,total_t(ms)=0.025,cost=0.001
[scan_planner_node-4] [0mfirst_optimize_step_success=1
[scan_planner_node-4] total time:[42m0.000208[0m,optimize:0.000167,refine:4.09e-05
[scan_planner_node-4] final_plan_success=1
[scan_planner_node-4] [FSM]: from REPLAN_TRAJ to EXEC_TRAJ
[closed_loop_controller-6] [INFO] [1785998208.434067794] [closed_loop_controller]: Received trajectory 238, duration 5.440s
[scan_planner_node-4] [FSM]: from EXEC_TRAJ to REPLAN_TRAJ
[scan_planner_node-4] 
[scan_planner_node-4] [rebo replan]: -------------------------------------473
[scan_planner_node-4] start:      6 -0.169  0.429,   0.0016   -0.625 -0.00756
[scan_planner_node-4] goal:5.2  -3 0.4,    -0.74 -0.00959        0
[scan_planner_node-4] [32miter(+1)=12,time(ms)=0.045,total_t(ms)=0.045,cost=0.006
[scan_planner_node-4] [0mfirst_optimize_step_success=1
[scan_planner_node-4] total time:[42m0.000215[0m,optimize:0.000173,refine:4.27e-05
[scan_planner_node-4] final_plan_success=1
[scan_planner_node-4] [FSM]: from REPLAN_TRAJ to EXEC_TRAJ
[closed_loop_controller-6] [INFO] [1785998210.153027651] [closed_loop_controller]: Received trajectory 239, duration 5.760s
[scan_planner_node-4] [INFO] [1785998210.335960055] [scan_planner_node]: [GridMapDiag] cloud=32768 accepted=25124 invalid=7644 below_sensor=0 outside_update=0 sensor_z=0.700 cutoff_z=1.700
[scan_planner_node-4] [FSM]: state: EXEC_TRAJ
[scan_planner_node-4] [FSM]: from EXEC_TRAJ to REPLAN_TRAJ
[scan_planner_node-4] 
[scan_planner_node-4] [rebo replan]: -------------------------------------474
[scan_planner_node-4] start:     6 -1.24  0.42,  0.00482    -0.63 -0.00515
[scan_planner_node-4] goal:4.15   -3  0.4,   -0.75 5.9e-05       0
[scan_planner_node-4] [32miter(+1)=11,time(ms)=0.043,total_t(ms)=0.043,cost=0.006
[scan_planner_node-4] [0mfirst_optimize_step_success=1
[scan_planner_node-4] total time:[42m0.000222[0m,optimize:0.000169,refine:5.32e-05
[scan_planner_node-4] final_plan_success=1
[scan_planner_node-4] [FSM]: from REPLAN_TRAJ to EXEC_TRAJ
[closed_loop_controller-6] [INFO] [1785998211.860874387] [closed_loop_controller]: Received trajectory 240, duration 5.440s
[scan_planner_node-4] [INFO] [1785998212.634034365] [scan_planner_node]: [GridMapDiag] cloud=32768 accepted=24527 invalid=8241 below_sensor=0 outside_update=0 sensor_z=0.700 cutoff_z=1.700
[scan_planner_node-4] [FSM]: from EXEC_TRAJ to REPLAN_TRAJ
[scan_planner_node-4] 
[scan_planner_node-4] [rebo replan]: -------------------------------------475
[scan_planner_node-4] start:  6.03 -2.29 0.414,  0.0265  -0.662 -0.0037
[scan_planner_node-4] goal:3.1  -3 0.4,    -0.75 3.61e-07        0
[scan_planner_node-4] [32miter(+1)=9,time(ms)=0.033,total_t(ms)=0.034,cost=0.007
[scan_planner_node-4] [0mfirst_optimize_step_success=1
[scan_planner_node-4] total time:[42m0.000192[0m,optimize:0.000154,refine:3.82e-05
[scan_planner_node-4] final_plan_success=1
[scan_planner_node-4] [FSM]: from REPLAN_TRAJ to EXEC_TRAJ
[closed_loop_controller-6] [INFO] [1785998213.546279227] [closed_loop_controller]: Received trajectory 241, duration 5.440s
[scan_planner_node-4] [INFO] [1785998214.721914949] [scan_planner_node]: [GridMapDiag] cloud=32768 accepted=24206 invalid=8562 below_sensor=0 outside_update=0 sensor_z=0.700 cutoff_z=1.700
[scan_planner_node-4] [FSM]: from EXEC_TRAJ to REPLAN_TRAJ
[scan_planner_node-4] 
[scan_planner_node-4] [rebo replan]: -------------------------------------476
[scan_planner_node-4] start:  5.23 -3.02 0.409,   -0.639   0.0236 -0.00259
[scan_planner_node-4] goal:1.7  -3 0.4,    -0.75 -9.9e-10        0
[scan_planner_node-4] [32miter(+1)=6,time(ms)=0.027,total_t(ms)=0.027,cost=0.001
[scan_planner_node-4] [0mfirst_optimize_step_success=1
[scan_planner_node-4] total time:[42m0.000211[0m,optimize:0.000167,refine:4.35e-05
[scan_planner_node-4] final_plan_success=1
[scan_planner_node-4] [FSM]: from REPLAN_TRAJ to EXEC_TRAJ
[closed_loop_controller-6] [INFO] [1785998215.846331600] [closed_loop_controller]: Received trajectory 242, duration 5.440s
[scan_planner_node-4] [INFO] [1785998216.812197295] [scan_planner_node]: [GridMapDiag] cloud=32768 accepted=23862 invalid=8906 below_sensor=0 outside_update=0 sensor_z=0.700 cutoff_z=1.700
[scan_planner_node-4] [FSM]: state: EXEC_TRAJ
[scan_planner_node-4] [FSM]: from EXEC_TRAJ to REPLAN_TRAJ
[scan_planner_node-4] 
[scan_planner_node-4] [rebo replan]: -------------------------------------477
[scan_planner_node-4] start:  4.18    -3 0.406,   -0.625 -0.00039 -0.00157
[scan_planner_node-4] goal:0.475    -3   0.4,     -0.75 -1.35e-11         0
[scan_planner_node-4] [32miter(+1)=12,time(ms)=0.072,total_t(ms)=0.072,cost=0.004
[scan_planner_node-4] [0mfirst_optimize_step_success=1
[scan_planner_node-4] total time:[42m0.000326[0m,optimize:0.000262,refine:6.41e-05
[scan_planner_node-4] final_plan_success=1
[scan_planner_node-4] [FSM]: from REPLAN_TRAJ to EXEC_TRAJ
[closed_loop_controller-6] [INFO] [1785998217.519440337] [closed_loop_controller]: Received trajectory 243, duration 6.080s
[scan_planner_node-4] [INFO] [1785998218.845057064] [scan_planner_node]: [GridMapDiag] cloud=32768 accepted=24301 invalid=8467 below_sensor=0 outside_update=0 sensor_z=0.700 cutoff_z=1.700
[scan_planner_node-4] [FSM]: from EXEC_TRAJ to REPLAN_TRAJ
[scan_planner_node-4] 
[scan_planner_node-4] [rebo replan]: -------------------------------------478
[scan_planner_node-4] start:  3.13    -3 0.404,    -0.622 -0.000151  -0.00105
[scan_planner_node-4] goal:-0.4   -3  0.4,    -0.75 1.53e-11        0
[scan_planner_node-4] [32miter(+1)=12,time(ms)=0.045,total_t(ms)=0.045,cost=0.003
[scan_planner_node-4] [0mfirst_optimize_step_success=1
[scan_planner_node-4] total time:[42m0.000225[0m,optimize:0.000183,refine:4.2e-05
[scan_planner_node-4] final_plan_success=1
[scan_planner_node-4] [FSM]: from REPLAN_TRAJ to EXEC_TRAJ
[closed_loop_controller-6] [INFO] [1785998219.213952305] [closed_loop_controller]: Received trajectory 244, duration 5.760s
[scan_planner_node-4] [FSM]: from EXEC_TRAJ to REPLAN_TRAJ
[scan_planner_node-4] [INFO] [1785998220.898938454] [scan_planner_node]: [GridMapDiag] cloud=32768 accepted=25194 invalid=7574 below_sensor=0 outside_update=0 sensor_z=0.700 cutoff_z=1.700
[scan_planner_node-4] 
[scan_planner_node-4] [rebo replan]: -------------------------------------479
[scan_planner_node-4] start:  2.07    -3 0.403,    -0.624  5.45e-05 -0.000788
[scan_planner_node-4] goal:-1.62    -3   0.4,    -0.75 2.84e-09        0
[scan_planner_node-4] [32miter(+1)=13,time(ms)=0.056,total_t(ms)=0.056,cost=0.004
[scan_planner_node-4] [0mfirst_optimize_step_success=1
[scan_planner_node-4] total time:[42m0.00026[0m,optimize:0.000214,refine:4.58e-05
[scan_planner_node-4] final_plan_success=1
[scan_planner_node-4] [FSM]: from REPLAN_TRAJ to EXEC_TRAJ
[closed_loop_controller-6] [INFO] [1785998220.900246025] [closed_loop_controller]: Received trajectory 245, duration 6.080s
[scan_planner_node-4] [FSM]: from EXEC_TRAJ to REPLAN_TRAJ
[scan_planner_node-4] 
[scan_planner_node-4] [rebo replan]: -------------------------------------480
[scan_planner_node-4] start:  1.04    -3 0.402,    -0.621  1.19e-05 -0.000528
[scan_planner_node-4] goal:-2.68    -3   0.4,     -0.75 -1.43e-07         0
[scan_planner_node-4] [32miter(+1)=6,time(ms)=0.035,total_t(ms)=0.036,cost=0.001
[scan_planner_node-4] [0mfirst_optimize_step_success=1
[scan_planner_node-4] total time:[42m0.000282[0m,optimize:0.000225,refine:5.73e-05
[scan_planner_node-4] final_plan_success=1
[scan_planner_node-4] [FSM]: from REPLAN_TRAJ to EXEC_TRAJ
[closed_loop_controller-6] [INFO] [1785998222.558909137] [closed_loop_controller]: Received trajectory 246, duration 5.760s
[scan_planner_node-4] [FSM]: state: EXEC_TRAJ
[scan_planner_node-4] [INFO] [1785998222.941993638] [scan_planner_node]: [GridMapDiag] cloud=32768 accepted=25132 invalid=7636 below_sensor=0 outside_update=0 sensor_z=0.700 cutoff_z=1.700
[scan_planner_node-4] [FSM]: from EXEC_TRAJ to REPLAN_TRAJ
[scan_planner_node-4] 
[scan_planner_node-4] [rebo replan]: -------------------------------------481
[scan_planner_node-4] start: -0.0314      -3   0.402,    -0.625  5.51e-07 -0.000377
[scan_planner_node-4] goal:-3.55    -3   0.4,    -0.75 4.71e-06        0
[scan_planner_node-4] [32miter(+1)=6,time(ms)=0.023,total_t(ms)=0.024,cost=0.001
[scan_planner_node-4] [0mfirst_optimize_step_success=1
[scan_planner_node-4] total time:[42m0.000195[0m,optimize:0.000156,refine:3.93e-05
[scan_planner_node-4] final_plan_success=1
[scan_planner_node-4] [FSM]: from REPLAN_TRAJ to EXEC_TRAJ
[closed_loop_controller-6] [INFO] [1785998224.265786992] [closed_loop_controller]: Received trajectory 247, duration 5.440s
[scan_planner_node-4] [INFO] [1785998225.043634746] [scan_planner_node]: [GridMapDiag] cloud=32768 accepted=25144 invalid=7624 below_sensor=0 outside_update=0 sensor_z=0.700 cutoff_z=1.700
[scan_planner_node-4] [FSM]: from EXEC_TRAJ to REPLAN_TRAJ
[scan_planner_node-4] 
[scan_planner_node-4] [rebo replan]: -------------------------------------482
[scan_planner_node-4] start:  -1.1    -3 0.401,    -0.625  3.78e-08 -0.000283
[scan_planner_node-4] goal:-4.6   -3  0.4,     -0.75 -0.000765         0
[scan_planner_node-4] [32miter(+1)=13,time(ms)=0.055,total_t(ms)=0.055,cost=0.004
[scan_planner_node-4] [0mfirst_optimize_step_success=1
[scan_planner_node-4] total time:[42m0.000261[0m,optimize:0.000214,refine:4.71e-05
[scan_planner_node-4] final_plan_success=1
[scan_planner_node-4] [FSM]: from REPLAN_TRAJ to EXEC_TRAJ
[closed_loop_controller-6] [INFO] [1785998225.975678534] [closed_loop_controller]: Received trajectory 248, duration 5.760s
[scan_planner_node-4] [INFO] [1785998227.174149556] [scan_planner_node]: [GridMapDiag] cloud=32768 accepted=25026 invalid=7742 below_sensor=0 outside_update=0 sensor_z=0.700 cutoff_z=1.700
[scan_planner_node-4] [FSM]: from EXEC_TRAJ to REPLAN_TRAJ
[scan_planner_node-4] 
[scan_planner_node-4] [rebo replan]: -------------------------------------483
[scan_planner_node-4] start: -2.19    -3 0.401,    -0.627 -6.08e-06 -0.000198
[scan_planner_node-4] goal:-5.83    -3   0.4, -0.74 -0.12     0
[scan_planner_node-4] [32miter(+1)=7,time(ms)=0.044,total_t(ms)=0.044,cost=0.002
[scan_planner_node-4] [0mfirst_optimize_step_success=1
[scan_planner_node-4] total time:[42m0.000257[0m,optimize:0.000213,refine:4.39e-05
[scan_planner_node-4] final_plan_success=1
[scan_planner_node-4] [FSM]: from REPLAN_TRAJ to EXEC_TRAJ
[closed_loop_controller-6] [INFO] [1785998227.726909061] [closed_loop_controller]: Received trajectory 249, duration 5.760s
[scan_planner_node-4] [INFO] [1785998229.204917577] [scan_planner_node]: [GridMapDiag] cloud=32768 accepted=24412 invalid=8356 below_sensor=0 outside_update=0 sensor_z=0.700 cutoff_z=1.700
[scan_planner_node-4] [FSM]: from EXEC_TRAJ to REPLAN_TRAJ
[scan_planner_node-4] 
[scan_planner_node-4] [rebo replan]: -------------------------------------484
[scan_planner_node-4] start: -3.27    -3 0.401,    -0.626   0.00155 -0.000131
[scan_planner_node-4] goal:  -6 -2.3  0.4, -0.00383    0.746        0
[scan_planner_node-4] [32miter(+1)=17,time(ms)=0.102,total_t(ms)=0.103,cost=0.007
[scan_planner_node-4] [0mfirst_optimize_step_success=1
[scan_planner_node-4] total time:[42m0.000354[0m,optimize:0.000284,refine:6.99e-05
[scan_planner_node-4] final_plan_success=1
[scan_planner_node-4] [FSM]: from REPLAN_TRAJ to EXEC_TRAJ
[closed_loop_controller-6] [INFO] [1785998229.453594798] [closed_loop_controller]: Received trajectory 250, duration 5.760s
[scan_planner_node-4] [FSM]: state: EXEC_TRAJ
[scan_planner_node-4] [FSM]: from EXEC_TRAJ to REPLAN_TRAJ
[scan_planner_node-4] 
[scan_planner_node-4] [rebo replan]: -------------------------------------485
[scan_planner_node-4] start: -4.34 -3.01   0.4,     -0.63   0.00465 -9.68e-05
[scan_planner_node-4] goal:   -6 -1.07   0.4, -5.23e-05      0.75         0
[scan_planner_node-4] [32miter(+1)=14,time(ms)=0.061,total_t(ms)=0.061,cost=0.012
[scan_planner_node-4] [0mfirst_optimize_step_success=1
[scan_planner_node-4] total time:[42m0.000242[0m,optimize:0.000198,refine:4.42e-05
[scan_planner_node-4] final_plan_success=1
[scan_planner_node-4] [FSM]: from REPLAN_TRAJ to EXEC_TRAJ
[closed_loop_controller-6] [INFO] [1785998231.163418718] [closed_loop_controller]: Received trajectory 251, duration 5.760s
[scan_planner_node-4] [INFO] [1785998231.261038824] [scan_planner_node]: [GridMapDiag] cloud=32768 accepted=23866 invalid=8902 below_sensor=0 outside_update=0 sensor_z=0.700 cutoff_z=1.700
[scan_planner_node-4] [FSM]: from EXEC_TRAJ to REPLAN_TRAJ
[scan_planner_node-4] 
[scan_planner_node-4] [rebo replan]: -------------------------------------486
[scan_planner_node-4] start: -5.43    -3   0.4,   -0.666   -0.036 -6.7e-05
[scan_planner_node-4] goal:  -6 0.15  0.4, -4.3e-07     0.75        0
[scan_planner_node-4] [32miter(+1)=14,time(ms)=0.057,total_t(ms)=0.058,cost=0.011
[scan_planner_node-4] [0mfirst_optimize_step_success=1
[scan_planner_node-4] total time:[42m0.000234[0m,optimize:0.000189,refine:4.42e-05
[scan_planner_node-4] final_plan_success=1
[scan_planner_node-4] [FSM]: from REPLAN_TRAJ to EXEC_TRAJ
[closed_loop_controller-6] [INFO] [1785998232.871533474] [closed_loop_controller]: Received trajectory 252, duration 5.760s
[scan_planner_node-4] [INFO] [1785998233.346166855] [scan_planner_node]: [GridMapDiag] cloud=32768 accepted=24120 invalid=8648 below_sensor=0 outside_update=0 sensor_z=0.700 cutoff_z=1.700
[scan_planner_node-4] [FSM]: from EXEC_TRAJ to REPLAN_TRAJ
[scan_planner_node-4] 
[scan_planner_node-4] [rebo replan]: -------------------------------------487
[scan_planner_node-4] start: -6.02 -2.14   0.4,    0.0492     0.653 -4.53e-05
[scan_planner_node-4] goal: -6   1 0.4, 0 0 0
[scan_planner_node-4] [32miter(+1)=26,time(ms)=0.093,total_t(ms)=0.094,cost=0.022
[scan_planner_node-4] [0mfirst_optimize_step_success=1
[scan_planner_node-4] total time:[42m0.000256[0m,optimize:0.000209,refine:4.7e-05
[scan_planner_node-4] final_plan_success=1
[scan_planner_node-4] [FSM]: from REPLAN_TRAJ to EXEC_TRAJ
[closed_loop_controller-6] [INFO] [1785998235.422820670] [closed_loop_controller]: Received trajectory 253, duration 5.120s
[scan_planner_node-4] [INFO] [1785998235.472684904] [scan_planner_node]: [GridMapDiag] cloud=32768 accepted=24552 invalid=8216 below_sensor=0 outside_update=0 sensor_z=0.700 cutoff_z=1.700
[scan_planner_node-4] [FSM]: state: EXEC_TRAJ
[scan_planner_node-4] [FSM]: from EXEC_TRAJ to REPLAN_TRAJ
[scan_planner_node-4] 
[scan_planner_node-4] [rebo replan]: -------------------------------------488
[scan_planner_node-4] start:    -6 -1.06   0.4,  -0.0194    0.649 -3.3e-05
[scan_planner_node-4] goal: -6   1 0.4, 0 0 0
[scan_planner_node-4] [32miter(+1)=23,time(ms)=0.108,total_t(ms)=0.108,cost=0.011
[scan_planner_node-4] [0mfirst_optimize_step_success=1
[scan_planner_node-4] total time:[42m0.00027[0m,optimize:0.000228,refine:4.26e-05
[scan_planner_node-4] final_plan_success=1
[scan_planner_node-4] [FSM]: from REPLAN_TRAJ to EXEC_TRAJ
[closed_loop_controller-6] [INFO] [1785998237.165401296] [closed_loop_controller]: Received trajectory 254, duration 3.520s
[scan_planner_node-4] [INFO] [1785998237.593316081] [scan_planner_node]: [GridMapDiag] cloud=32768 accepted=25352 invalid=7416 below_sensor=0 outside_update=0 sensor_z=0.700 cutoff_z=1.700
[scan_planner_node-4] [FSM]: from EXEC_TRAJ to REPLAN_TRAJ
[scan_planner_node-4] 
[scan_planner_node-4] [rebo replan]: -------------------------------------489
[scan_planner_node-4] start:        -6 -0.000164       0.4,   0.00758     0.774 -3.28e-05
[scan_planner_node-4] goal: -6   1 0.4, 0 0 0
[scan_planner_node-4] [32miter(+1)=15,time(ms)=0.045,total_t(ms)=0.045,cost=0.002
[scan_planner_node-4] [0mfirst_optimize_step_success=1
[scan_planner_node-4] total time:[42m0.000148[0m,optimize:0.000125,refine:2.28e-05
[scan_planner_node-4] final_plan_success=1
[scan_planner_node-4] [FSM]: from REPLAN_TRAJ to EXEC_TRAJ
[closed_loop_controller-6] [INFO] [1785998238.592195710] [closed_loop_controller]: Received trajectory 255, duration 2.560s
[scan_planner_node-4] [INFO] [1785998239.686701510] [scan_planner_node]: [GridMapDiag] cloud=32768 accepted=26569 invalid=6199 below_sensor=0 outside_update=0 sensor_z=0.700 cutoff_z=1.700
[loop_path_publisher.py-9] [INFO] [1785998240.418847110] [loop_path_publisher]: Published shuttle route with 31 dense points, run 13
[terrain_path_visualizer-10] [INFO] [1785998240.423057435] [terrain_path_segmenter]: Segmented 31 path points into 2 sections
[scan_planner_node-4] [TRIG]: from EXEC_TRAJ to REPLAN_TRAJ
[scan_planner_node-4] [INFO] [1785998240.475228309] [scan_planner_node]: Reference path accepted
[scan_planner_node-4] 
[scan_planner_node-4] [rebo replan]: -------------------------------------490
[scan_planner_node-4] start:    -6 0.944   0.4, -9.06e-05     0.161 -2.71e-05
[scan_planner_node-4] goal:  -6 4.53 1.28, 0 0 0
[scan_planner_node-4] [32miter(+1)=33,time(ms)=0.335,total_t(ms)=0.336,cost=0.010
[scan_planner_node-4] [0mfirst_optimize_step_success=1
[scan_planner_node-4] total time:[42m0.000746[0m,optimize:0.000616,refine:0.00013
[scan_planner_node-4] final_plan_success=1
[closed_loop_controller-6] [INFO] [1785998240.476493194] [closed_loop_controller]: Received trajectory 256, duration 6.400s
[scan_planner_node-4] [FSM]: from REPLAN_TRAJ to EXEC_TRAJ
[scan_planner_node-4] [FSM]: state: EXEC_TRAJ
[scan_planner_node-4] [INFO] [1785998241.790424339] [scan_planner_node]: [GridMapDiag] cloud=32768 accepted=26977 invalid=5791 below_sensor=0 outside_update=0 sensor_z=0.768 cutoff_z=1.768
[scan_planner_node-4] [FSM]: from EXEC_TRAJ to REPLAN_TRAJ
[scan_planner_node-4] 
[scan_planner_node-4] [rebo replan]: -------------------------------------491
[scan_planner_node-4] start:   -6 1.99  0.6, 0.000496    0.754    0.202
[scan_planner_node-4] goal: -6   5 1.4, 0 0 0
[scan_planner_node-4] [32miter(+1)=24,time(ms)=0.143,total_t(ms)=0.144,cost=0.069
[scan_planner_node-4] [0mfirst_optimize_step_success=1
[scan_planner_node-4] Need to reallocate time.
[scan_planner_node-4] total time:[42m0.000567[0m,optimize:0.000334,refine:0.000233
[scan_planner_node-4] final_plan_success=1
[scan_planner_node-4] [FSM]: from REPLAN_TRAJ to EXEC_TRAJ
[closed_loop_controller-6] [INFO] [1785998242.745631260] [closed_loop_controller]: Received trajectory 257, duration 6.198s
[scan_planner_node-4] [INFO] [1785998243.877718799] [scan_planner_node]: [GridMapDiag] cloud=32768 accepted=25843 invalid=6925 below_sensor=0 outside_update=0 sensor_z=1.118 cutoff_z=2.118
[scan_planner_node-4] [FSM]: from EXEC_TRAJ to REPLAN_TRAJ
[scan_planner_node-4] 
[scan_planner_node-4] [rebo replan]: -------------------------------------492
[scan_planner_node-4] start:    -6  2.96 0.849, -0.000705      0.37     0.126
[scan_planner_node-4] goal: -6   5 1.4, 0 0 0
[scan_planner_node-4] [32miter(+1)=16,time(ms)=0.045,total_t(ms)=0.045,cost=0.077
[scan_planner_node-4] [0mfirst_optimize_step_success=1
[scan_planner_node-4] Need to reallocate time.
[scan_planner_node-4] total time:[42m0.000238[0m,optimize:0.000123,refine:0.000116
[scan_planner_node-4] final_plan_success=1
[scan_planner_node-4] [FSM]: from REPLAN_TRAJ to EXEC_TRAJ
[closed_loop_controller-6] [INFO] [1785998244.585933672] [closed_loop_controller]: Received trajectory 258, duration 4.281s
[scan_planner_node-4] [INFO] [1785998245.886536025] [scan_planner_node]: [GridMapDiag] cloud=32768 accepted=21162 invalid=11606 below_sensor=0 outside_update=0 sensor_z=1.332 cutoff_z=2.332
[scan_planner_node-4] [FSM]: state: EXEC_TRAJ
[scan_planner_node-4] [FSM]: from EXEC_TRAJ to REPLAN_TRAJ
[scan_planner_node-4] 
[scan_planner_node-4] [rebo replan]: -------------------------------------493
[scan_planner_node-4] start:   -6 3.99 1.12, -0.000702     0.688     0.124
[scan_planner_node-4] goal: -6   5 1.4, 0 0 0
[scan_planner_node-4] [32miter(+1)=13,time(ms)=0.035,total_t(ms)=0.035,cost=0.066
[scan_planner_node-4] [0mfirst_optimize_step_success=1
[scan_planner_node-4] Need to reallocate time.
[scan_planner_node-4] total time:[42m0.000162[0m,optimize:9.6e-05,refine:6.6e-05
[scan_planner_node-4] final_plan_success=1
[scan_planner_node-4] [FSM]: from REPLAN_TRAJ to EXEC_TRAJ
[closed_loop_controller-6] [INFO] [1785998246.564703127] [closed_loop_controller]: Received trajectory 259, duration 2.164s
[terrain_path_visualizer-10] [INFO] [1785998247.668107471] [terrain_path_segmenter]: Visualization advanced to segment 2/2
[scan_planner_node-4] [TRIG]: from EXEC_TRAJ to REPLAN_TRAJ
[scan_planner_node-4] [INFO] [1785998247.769915634] [scan_planner_node]: Reference path accepted
[scan_planner_node-4] 
[scan_planner_node-4] [rebo replan]: -------------------------------------494
[scan_planner_node-4] start:  -6 4.8 1.3, -0.000421     0.491     0.129
[scan_planner_node-4] goal: -6   7 1.4, 0 0 0
[scan_planner_node-4] [32miter(+1)=7,time(ms)=0.024,total_t(ms)=0.025,cost=0.054
[scan_planner_node-4] [0mfirst_optimize_step_success=1
[scan_planner_node-4] Need to reallocate time.
[scan_planner_node-4] total time:[42m0.000274[0m,optimize:0.000135,refine:0.000138
[scan_planner_node-4] final_plan_success=1
[scan_planner_node-4] [FSM]: from REPLAN_TRAJ to EXEC_TRAJ
[closed_loop_controller-6] [INFO] [1785998247.770515266] [closed_loop_controller]: Received trajectory 260, duration 4.839s
[scan_planner_node-4] [INFO] [1785998247.905732172] [scan_planner_node]: [GridMapDiag] cloud=32768 accepted=16451 invalid=16317 below_sensor=0 outside_update=0 sensor_z=1.646 cutoff_z=2.646
[scan_planner_node-4] [INFO] [1785998249.927485203] [scan_planner_node]: [GridMapDiag] cloud=32768 accepted=15356 invalid=17412 below_sensor=0 outside_update=0 sensor_z=1.700 cutoff_z=2.700
[scan_planner_node-4] [FSM]: from EXEC_TRAJ to REPLAN_TRAJ
[scan_planner_node-4] 
[scan_planner_node-4] [rebo replan]: -------------------------------------495
[scan_planner_node-4] start:   -6 5.87 1.35, 3.56e-05    0.638   0.0287
[scan_planner_node-4] goal: -6   7 1.4, 0 0 0
[scan_planner_node-4] [32miter(+1)=12,time(ms)=0.029,total_t(ms)=0.030,cost=0.117
[scan_planner_node-4] [0mfirst_optimize_step_success=1
[scan_planner_node-4] Need to reallocate time.
[scan_planner_node-4] total time:[42m0.000167[0m,optimize:9.19e-05,refine:7.54e-05
[scan_planner_node-4] final_plan_success=1
[scan_planner_node-4] [FSM]: from REPLAN_TRAJ to EXEC_TRAJ
[closed_loop_controller-6] [INFO] [1785998250.067748895] [closed_loop_controller]: Received trajectory 261, duration 2.275s
[scan_planner_node-4] [FSM]: state: EXEC_TRAJ
[scan_planner_node-4] [FSM]: from EXEC_TRAJ to REPLAN_TRAJ
[scan_planner_node-4] 
[scan_planner_node-4] [rebo replan]: -------------------------------------496
[scan_planner_node-4] start:   -6 6.89 1.39, 3.57e-05     0.31   0.0354
[scan_planner_node-4] goal: -6   7 1.4, 0 0 0
[scan_planner_node-4] Close to goal
[scan_planner_node-4] final_plan_success=0
[scan_planner_node-4] 
[scan_planner_node-4] [rebo replan]: -------------------------------------497
[scan_planner_node-4] start:   -6 6.89 1.39, 3.57e-05     0.31   0.0354
[scan_planner_node-4] goal: -6   7 1.4, 0 0 0
[scan_planner_node-4] Close to goal
[scan_planner_node-4] final_plan_success=0
[scan_planner_node-4] 
[scan_planner_node-4] [rebo replan]: -------------------------------------498
[scan_planner_node-4] start:   -6 6.89 1.39, 3.57e-05     0.31   0.0354
[scan_planner_node-4] goal: -6   7 1.4, 0 0 0
[scan_planner_node-4] Close to goal
[scan_planner_node-4] final_plan_success=0
[scan_planner_node-4] [FSM]: from REPLAN_TRAJ to REPLAN_TRAJ
[scan_planner_node-4] 
[scan_planner_node-4] [rebo replan]: -------------------------------------499
[scan_planner_node-4] start:   -6 6.91 1.39, 3.02e-05    0.259    0.036
[scan_planner_node-4] goal: -6   7 1.4, 0 0 0
[scan_planner_node-4] Close to goal
[scan_planner_node-4] final_plan_success=0
[scan_planner_node-4] 
[scan_planner_node-4] [rebo replan]: -------------------------------------500
[scan_planner_node-4] start:   -6 6.91 1.39, 3.02e-05    0.259    0.036
[scan_planner_node-4] goal: -6   7 1.4, 0 0 0
[scan_planner_node-4] Close to goal
[scan_planner_node-4] final_plan_success=0
[scan_planner_node-4] 
[scan_planner_node-4] [rebo replan]: -------------------------------------501
[scan_planner_node-4] start:   -6 6.91 1.39, 3.02e-05    0.259    0.036
[scan_planner_node-4] goal: -6   7 1.4, 0 0 0
[scan_planner_node-4] Close to goal
[scan_planner_node-4] final_plan_success=0
[scan_planner_node-4] [FSM]: from REPLAN_TRAJ to REPLAN_TRAJ
[scan_planner_node-4] 
[scan_planner_node-4] [rebo replan]: -------------------------------------502
[scan_planner_node-4] start:   -6 6.92 1.39, 2.65e-05    0.227   0.0348
[scan_planner_node-4] goal: -6   7 1.4, 0 0 0
[scan_planner_node-4] Close to goal
[scan_planner_node-4] final_plan_success=0
[scan_planner_node-4] 
[scan_planner_node-4] [rebo replan]: -------------------------------------503
[scan_planner_node-4] start:   -6 6.92 1.39, 2.65e-05    0.227   0.0348
[scan_planner_node-4] goal: -6   7 1.4, 0 0 0
[scan_planner_node-4] Close to goal
[scan_planner_node-4] final_plan_success=0
[scan_planner_node-4] 
[scan_planner_node-4] [rebo replan]: -------------------------------------504
[scan_planner_node-4] start:   -6 6.92 1.39, 2.65e-05    0.227   0.0348
[scan_planner_node-4] goal: -6   7 1.4, 0 0 0
[scan_planner_node-4] Close to goal
[scan_planner_node-4] final_plan_success=0
[scan_planner_node-4] [FSM]: from REPLAN_TRAJ to REPLAN_TRAJ
[scan_planner_node-4] 
[scan_planner_node-4] [rebo replan]: -------------------------------------505
[scan_planner_node-4] start:   -6 6.93 1.39, 2.28e-05    0.194   0.0322
[scan_planner_node-4] goal: -6   7 1.4, 0 0 0
[scan_planner_node-4] Close to goal
[scan_planner_node-4] final_plan_success=0
[scan_planner_node-4] 
[scan_planner_node-4] [rebo replan]: -------------------------------------506
[scan_planner_node-4] start:   -6 6.93 1.39, 2.28e-05    0.194   0.0322
[scan_planner_node-4] goal: -6   7 1.4, 0 0 0
[scan_planner_node-4] Close to goal
[scan_planner_node-4] final_plan_success=0
[scan_planner_node-4] 
[scan_planner_node-4] [rebo replan]: -------------------------------------507
[scan_planner_node-4] start:   -6 6.93 1.39, 2.28e-05    0.194   0.0322
[scan_planner_node-4] goal: -6   7 1.4, 0 0 0
[scan_planner_node-4] Close to goal
[scan_planner_node-4] final_plan_success=0
[scan_planner_node-4] [FSM]: from REPLAN_TRAJ to REPLAN_TRAJ
[scan_planner_node-4] 
[scan_planner_node-4] [rebo replan]: -------------------------------------508
[scan_planner_node-4] start:   -6 6.94 1.39, 1.92e-05    0.163   0.0285
[scan_planner_node-4] goal: -6   7 1.4, 0 0 0
[scan_planner_node-4] Close to goal
[scan_planner_node-4] final_plan_success=0
[scan_planner_node-4] 
[scan_planner_node-4] [rebo replan]: -------------------------------------509
[scan_planner_node-4] start:   -6 6.94 1.39, 1.92e-05    0.163   0.0285
[scan_planner_node-4] goal: -6   7 1.4, 0 0 0
[scan_planner_node-4] Close to goal
[scan_planner_node-4] final_plan_success=0
[scan_planner_node-4] 
[scan_planner_node-4] [rebo replan]: -------------------------------------510
[scan_planner_node-4] start:   -6 6.94 1.39, 1.92e-05    0.163   0.0285
[scan_planner_node-4] goal: -6   7 1.4, 0 0 0
[scan_planner_node-4] Close to goal
[scan_planner_node-4] final_plan_success=0
[scan_planner_node-4] [FSM]: from REPLAN_TRAJ to REPLAN_TRAJ
[scan_planner_node-4] 
[scan_planner_node-4] [rebo replan]: -------------------------------------511
[scan_planner_node-4] start:   -6 6.95  1.4, 1.34e-05    0.114   0.0203
[scan_planner_node-4] goal: -6   7 1.4, 0 0 0
[scan_planner_node-4] Close to goal
[scan_planner_node-4] final_plan_success=0
[scan_planner_node-4] 
[scan_planner_node-4] [rebo replan]: -------------------------------------512
[scan_planner_node-4] start:   -6 6.95  1.4, 1.34e-05    0.114   0.0203
[scan_planner_node-4] goal: -6   7 1.4, 0 0 0
[scan_planner_node-4] Close to goal
[scan_planner_node-4] final_plan_success=0
[scan_planner_node-4] 
[scan_planner_node-4] [rebo replan]: -------------------------------------513
[scan_planner_node-4] start:   -6 6.95  1.4, 1.34e-05    0.114   0.0203
[scan_planner_node-4] goal: -6   7 1.4, 0 0 0
[scan_planner_node-4] Close to goal
[scan_planner_node-4] final_plan_success=0
[scan_planner_node-4] [FSM]: from REPLAN_TRAJ to REPLAN_TRAJ
[scan_planner_node-4] 
[scan_planner_node-4] [rebo replan]: -------------------------------------514
[scan_planner_node-4] start:   -6 6.96  1.4, 1.02e-05   0.0862   0.0154
[scan_planner_node-4] goal: -6   7 1.4, 0 0 0
[scan_planner_node-4] Close to goal
[scan_planner_node-4] final_plan_success=0
[scan_planner_node-4] 
[scan_planner_node-4] [rebo replan]: -------------------------------------515
[scan_planner_node-4] start:   -6 6.96  1.4, 1.02e-05   0.0862   0.0154
[scan_planner_node-4] goal: -6   7 1.4, 0 0 0
[scan_planner_node-4] Close to goal
[scan_planner_node-4] final_plan_success=0
[scan_planner_node-4] 
[scan_planner_node-4] [rebo replan]: -------------------------------------516
[scan_planner_node-4] start:   -6 6.96  1.4, 1.02e-05   0.0862   0.0154
[scan_planner_node-4] goal: -6   7 1.4, 0 0 0
[scan_planner_node-4] Close to goal
[scan_planner_node-4] final_plan_success=0
[scan_planner_node-4] [FSM]: from REPLAN_TRAJ to REPLAN_TRAJ
[loop_path_publisher.py-9] [INFO] [1785998252.039917977] [loop_path_publisher]: Published shuttle route with 193 dense points, run 14
[terrain_path_visualizer-10] [INFO] [1785998252.060268727] [terrain_path_segmenter]: Segmented 193 path points into 3 sections
[scan_planner_node-4] 
[scan_planner_node-4] [rebo replan]: -------------------------------------517
[scan_planner_node-4] start:   -6 6.96  1.4, 7.52e-06   0.0636   0.0114
[scan_planner_node-4] goal: -6   7 1.4, 0 0 0
[scan_planner_node-4] Close to goal
[scan_planner_node-4] final_plan_success=0
[scan_planner_node-4] 
[scan_planner_node-4] [rebo replan]: -------------------------------------518
[scan_planner_node-4] start:   -6 6.96  1.4, 7.52e-06   0.0636   0.0114
[scan_planner_node-4] goal: -6   7 1.4, 0 0 0
[scan_planner_node-4] Close to goal
[scan_planner_node-4] final_plan_success=0
[scan_planner_node-4] 
[scan_planner_node-4] [rebo replan]: -------------------------------------519
[scan_planner_node-4] start:   -6 6.96  1.4, 7.52e-06   0.0636   0.0114
[scan_planner_node-4] goal: -6   7 1.4, 0 0 0
[scan_planner_node-4] Close to goal
[scan_planner_node-4] final_plan_success=0
[scan_planner_node-4] [FSM]: from REPLAN_TRAJ to REPLAN_TRAJ
[scan_planner_node-4] [INFO] [1785998252.545877944] [scan_planner_node]: Reference path accepted
[scan_planner_node-4] [INFO] [1785998252.547011247] [scan_planner_node]: [GridMapDiag] cloud=32768 accepted=15250 invalid=17518 below_sensor=0 outside_update=0 sensor_z=1.700 cutoff_z=2.700
[scan_planner_node-4] 
[scan_planner_node-4] [rebo replan]: -------------------------------------520
[scan_planner_node-4] start:   -6 6.96  1.4, 9.42e-08 0.000662 0.000109
[scan_planner_node-4] goal:-2.35     7   1.4,      0.75 -1.31e-16         0
[scan_planner_node-4] [32miter(+1)=6,time(ms)=0.030,total_t(ms)=0.030,cost=0.033
[scan_planner_node-4] [0mfirst_optimize_step_success=1
[scan_planner_node-4] total time:[42m0.000239[0m,optimize:0.000185,refine:5.39e-05
[scan_planner_node-4] final_plan_success=1
[scan_planner_node-4] [FSM]: from REPLAN_TRAJ to EXEC_TRAJ
[closed_loop_controller-6] [INFO] [1785998252.555463905] [closed_loop_controller]: Received trajectory 262, duration 6.080s
[scan_planner_node-4] [INFO] [1785998254.570922771] [scan_planner_node]: [GridMapDiag] cloud=32768 accepted=15258 invalid=17510 below_sensor=0 outside_update=0 sensor_z=1.700 cutoff_z=2.700
[scan_planner_node-4] [INFO] [1785998256.638000376] [scan_planner_node]: [GridMapDiag] cloud=32768 accepted=15872 invalid=16896 below_sensor=0 outside_update=0 sensor_z=1.700 cutoff_z=2.700
[scan_planner_node-4] [FSM]: state: EXEC_TRAJ
[scan_planner_node-4] [FSM]: from EXEC_TRAJ to REPLAN_TRAJ
[scan_planner_node-4] 
[scan_planner_node-4] [rebo replan]: -------------------------------------521
[scan_planner_node-4] start: -4.93  6.98   1.4,    0.784   0.0102 0.000407
[scan_planner_node-4] goal:-1.47     7   1.4,     0.75 7.97e-16        0
[scan_planner_node-4] [32miter(+1)=8,time(ms)=0.032,total_t(ms)=0.032,cost=0.008
[scan_planner_node-4] [0mfirst_optimize_step_success=1
[scan_planner_node-4] total time:[42m0.000226[0m,optimize:0.000184,refine:4.21e-05
[scan_planner_node-4] final_plan_success=1
[scan_planner_node-4] [FSM]: from REPLAN_TRAJ to EXEC_TRAJ
[closed_loop_controller-6] [INFO] [1785998257.247071306] [closed_loop_controller]: Received trajectory 263, duration 5.440s
[scan_planner_node-4] [INFO] [1785998258.667621668] [scan_planner_node]: [GridMapDiag] cloud=32768 accepted=27805 invalid=4963 below_sensor=0 outside_update=0 sensor_z=0.700 cutoff_z=1.700
[scan_planner_node-4] [FSM]: from EXEC_TRAJ to REPLAN_TRAJ
[scan_planner_node-4] 
[scan_planner_node-4] [rebo replan]: -------------------------------------522
[scan_planner_node-4] start: -3.91  6.99   1.4,   0.636 0.00597 0.00024
[scan_planner_node-4] goal:-0.25     7   1.4,     0.75 5.24e-13        0
[scan_planner_node-4] [32miter(+1)=9,time(ms)=0.034,total_t(ms)=0.034,cost=0.010
[scan_planner_node-4] [0mfirst_optimize_step_success=1
[scan_planner_node-4] total time:[42m0.000209[0m,optimize:0.000167,refine:4.21e-05
[scan_planner_node-4] final_plan_success=1
[scan_planner_node-4] [FSM]: from REPLAN_TRAJ to EXEC_TRAJ
[closed_loop_controller-6] [INFO] [1785998258.885415695] [closed_loop_controller]: Received trajectory 264, duration 6.080s
[scan_planner_node-4] [FSM]: from EXEC_TRAJ to REPLAN_TRAJ
[scan_planner_node-4] 
[scan_planner_node-4] [rebo replan]: -------------------------------------523
[scan_planner_node-4] start: -2.88     7   1.4,    0.627  0.00102 0.000159
[scan_planner_node-4] goal:0.625     7   1.4,    0.75 4.2e-11       0
[scan_planner_node-4] [32miter(+1)=9,time(ms)=0.036,total_t(ms)=0.036,cost=0.006
[scan_planner_node-4] [0mfirst_optimize_step_success=1
[scan_planner_node-4] total time:[42m0.000258[0m,optimize:0.000195,refine:6.37e-05
[scan_planner_node-4] final_plan_success=1
[scan_planner_node-4] [FSM]: from REPLAN_TRAJ to EXEC_TRAJ
[closed_loop_controller-6] [INFO] [1785998260.538798750] [closed_loop_controller]: Received trajectory 265, duration 5.760s
[scan_planner_node-4] [INFO] [1785998260.852241875] [scan_planner_node]: [GridMapDiag] cloud=32768 accepted=20022 invalid=12746 below_sensor=0 outside_update=0 sensor_z=1.700 cutoff_z=2.700
[scan_planner_node-4] [FSM]: state: EXEC_TRAJ
[scan_planner_node-4] [FSM]: from EXEC_TRAJ to REPLAN_TRAJ
[scan_planner_node-4] 
[scan_planner_node-4] [rebo replan]: -------------------------------------524
[scan_planner_node-4] start: -1.84     7   1.4,    0.626 0.000142 0.000119
[scan_planner_node-4] goal:1.85    7  1.4,     0.75 6.37e-09        0
[scan_planner_node-4] [32miter(+1)=5,time(ms)=0.030,total_t(ms)=0.031,cost=0.001
[scan_planner_node-4] [0mfirst_optimize_step_success=1
[scan_planner_node-4] total time:[42m0.000216[0m,optimize:0.000172,refine:4.37e-05
[scan_planner_node-4] final_plan_success=1
[scan_planner_node-4] [FSM]: from REPLAN_TRAJ to EXEC_TRAJ
[closed_loop_controller-6] [INFO] [1785998262.193301654] [closed_loop_controller]: Received trajectory 266, duration 5.760s
[scan_planner_node-4] [INFO] [1785998262.933166028] [scan_planner_node]: [GridMapDiag] cloud=32768 accepted=20868 invalid=11900 below_sensor=0 outside_update=0 sensor_z=1.700 cutoff_z=2.700
[scan_planner_node-4] [FSM]: from EXEC_TRAJ to REPLAN_TRAJ
[scan_planner_node-4] 
[scan_planner_node-4] [rebo replan]: -------------------------------------525
[scan_planner_node-4] start: -0.793      7    1.4,    0.625 5.33e-05 7.93e-05
[scan_planner_node-4] goal:2.73    7  1.4,      0.75 -3.86e-08         0
[scan_planner_node-4] [32miter(+1)=6,time(ms)=0.031,total_t(ms)=0.031,cost=0.001
[scan_planner_node-4] [0mfirst_optimize_step_success=1
[scan_planner_node-4] total time:[42m0.000226[0m,optimize:0.000183,refine:4.21e-05
[scan_planner_node-4] final_plan_success=1
[scan_planner_node-4] [FSM]: from REPLAN_TRAJ to EXEC_TRAJ
[closed_loop_controller-6] [INFO] [1785998263.876111755] [closed_loop_controller]: Received trajectory 267, duration 5.440s
[scan_planner_node-4] [INFO] [1785998264.933219319] [scan_planner_node]: [GridMapDiag] cloud=32768 accepted=21000 invalid=11768 below_sensor=0 outside_update=0 sensor_z=1.700 cutoff_z=2.700
[scan_planner_node-4] [FSM]: from EXEC_TRAJ to REPLAN_TRAJ
[scan_planner_node-4] 
[scan_planner_node-4] [rebo replan]: -------------------------------------526
[scan_planner_node-4] start: 0.243     7   1.4,     0.625 -2.65e-06  5.96e-05
[scan_planner_node-4] goal:3.95    7  1.4,      0.75 -2.54e-05         0
[scan_planner_node-4] [32miter(+1)=8,time(ms)=0.033,total_t(ms)=0.034,cost=0.006
[scan_planner_node-4] [0mfirst_optimize_step_success=1
[scan_planner_node-4] total time:[42m0.000242[0m,optimize:0.000184,refine:5.84e-05
[scan_planner_node-4] final_plan_success=1
[scan_planner_node-4] [FSM]: from REPLAN_TRAJ to EXEC_TRAJ
[closed_loop_controller-6] [INFO] [1785998265.534489663] [closed_loop_controller]: Received trajectory 268, duration 6.080s
[scan_planner_node-4] [FSM]: state: EXEC_TRAJ
[scan_planner_node-4] [INFO] [1785998266.951965120] [scan_planner_node]: [GridMapDiag] cloud=32768 accepted=20934 invalid=11834 below_sensor=0 outside_update=0 sensor_z=1.700 cutoff_z=2.700
[scan_planner_node-4] [FSM]: from EXEC_TRAJ to REPLAN_TRAJ
[scan_planner_node-4] 
[scan_planner_node-4] [rebo replan]: -------------------------------------527
[scan_planner_node-4] start: 1.29    7  1.4,    0.625 1.54e-06 3.99e-05
[scan_planner_node-4] goal:  5   7 1.4,    0.75 0.00411       0
[scan_planner_node-4] [32miter(+1)=5,time(ms)=0.022,total_t(ms)=0.023,cost=0.002
[scan_planner_node-4] [0mfirst_optimize_step_success=1
[scan_planner_node-4] total time:[42m0.000223[0m,optimize:0.000179,refine:4.43e-05
[scan_planner_node-4] final_plan_success=1
[scan_planner_node-4] [FSM]: from REPLAN_TRAJ to EXEC_TRAJ
[closed_loop_controller-6] [INFO] [1785998267.216637387] [closed_loop_controller]: Received trajectory 269, duration 5.760s
[scan_planner_node-4] [FSM]: from EXEC_TRAJ to REPLAN_TRAJ
[scan_planner_node-4] 
[scan_planner_node-4] [rebo replan]: -------------------------------------528
[scan_planner_node-4] start: 2.34    7  1.4,     0.625 -3.11e-06  2.86e-05
[scan_planner_node-4] goal:5.89 7.01  1.4, 0.743 0.103     0
[scan_planner_node-4] [32miter(+1)=7,time(ms)=0.028,total_t(ms)=0.028,cost=0.006
[scan_planner_node-4] [0mfirst_optimize_step_success=1
[scan_planner_node-4] total time:[42m0.000255[0m,optimize:0.000211,refine:4.41e-05
[scan_planner_node-4] final_plan_success=1
[scan_planner_node-4] [FSM]: from REPLAN_TRAJ to EXEC_TRAJ
[closed_loop_controller-6] [INFO] [1785998268.893698877] [closed_loop_controller]: Received trajectory 270, duration 5.760s
[scan_planner_node-4] [INFO] [1785998268.957355473] [scan_planner_node]: [GridMapDiag] cloud=32768 accepted=20540 invalid=12228 below_sensor=0 outside_update=0 sensor_z=1.700 cutoff_z=2.700
[scan_planner_node-4] [FSM]: from EXEC_TRAJ to REPLAN_TRAJ
[scan_planner_node-4] 
[scan_planner_node-4] [rebo replan]: -------------------------------------529
[scan_planner_node-4] start: 3.4   7 1.4,    0.625 0.000147 2.14e-05
[scan_planner_node-4] goal:  6 5.9 1.4, 0.000709   -0.749        0
[scan_planner_node-4] [32miter(+1)=12,time(ms)=0.050,total_t(ms)=0.050,cost=0.018
[scan_planner_node-4] [0mfirst_optimize_step_success=1
[scan_planner_node-4] total time:[42m0.000251[0m,optimize:0.000202,refine:4.9e-05
[scan_planner_node-4] final_plan_success=1
[scan_planner_node-4] [FSM]: from REPLAN_TRAJ to EXEC_TRAJ
[closed_loop_controller-6] [INFO] [1785998270.587200683] [closed_loop_controller]: Received trajectory 271, duration 6.400s
[scan_planner_node-4] [INFO] [1785998271.074010352] [scan_planner_node]: [GridMapDiag] cloud=32768 accepted=18872 invalid=13896 below_sensor=0 outside_update=0 sensor_z=1.700 cutoff_z=2.700
[scan_planner_node-4] [FSM]: state: EXEC_TRAJ
[scan_planner_node-4] [FSM]: from EXEC_TRAJ to REPLAN_TRAJ
[scan_planner_node-4] 
[scan_planner_node-4] [rebo replan]: -------------------------------------530
[scan_planner_node-4] start: 4.49    7  1.4,    0.624  0.00714 1.33e-05
[scan_planner_node-4] goal:  6   5 1.4, 0 0 0
[scan_planner_node-4] [32miter(+1)=20,time(ms)=0.087,total_t(ms)=0.088,cost=0.045
[scan_planner_node-4] [0mfirst_optimize_step_success=1
[scan_planner_node-4] Need to reallocate time.
[scan_planner_node-4] total time:[42m0.00046[0m,optimize:0.000215,refine:0.000245
[scan_planner_node-4] final_plan_success=1
[closed_loop_controller-6] [INFO] [1785998272.327759902] [closed_loop_controller]: Received trajectory 272, duration 7.570s
[scan_planner_node-4] [FSM]: from REPLAN_TRAJ to EXEC_TRAJ
[scan_planner_node-4] [INFO] [1785998273.159210496] [scan_planner_node]: [GridMapDiag] cloud=32768 accepted=16564 invalid=16204 below_sensor=0 outside_update=0 sensor_z=1.700 cutoff_z=2.700
[scan_planner_node-4] [FSM]: from EXEC_TRAJ to REPLAN_TRAJ
[scan_planner_node-4] 
[scan_planner_node-4] [rebo replan]: -------------------------------------531
[scan_planner_node-4] start: 5.54 7.02  1.4,    0.469   0.0145 8.22e-06
[scan_planner_node-4] goal:  6   5 1.4, 0 0 0
[scan_planner_node-4] [32miter(+1)=23,time(ms)=0.136,total_t(ms)=0.137,cost=0.040
[scan_planner_node-4] [0mfirst_optimize_step_success=1
[scan_planner_node-4] Need to reallocate time.
[scan_planner_node-4] total time:[42m0.000573[0m,optimize:0.000303,refine:0.00027
[scan_planner_node-4] final_plan_success=1
[scan_planner_node-4] [FSM]: from REPLAN_TRAJ to EXEC_TRAJ
[closed_loop_controller-6] [INFO] [1785998274.197209893] [closed_loop_controller]: Received trajectory 273, duration 4.964s
[scan_planner_node-4] [INFO] [1785998275.184706917] [scan_planner_node]: [GridMapDiag] cloud=32768 accepted=15300 invalid=17468 below_sensor=0 outside_update=0 sensor_z=1.700 cutoff_z=2.700
[scan_planner_node-4] [FSM]: from EXEC_TRAJ to REPLAN_TRAJ
[scan_planner_node-4] 
[scan_planner_node-4] [rebo replan]: -------------------------------------532
[scan_planner_node-4] start: 6.11 6.13  1.4,  -0.0568   -0.716 8.96e-06
[scan_planner_node-4] goal:  6   5 1.4, 0 0 0
[scan_planner_node-4] [32miter(+1)=10,time(ms)=0.028,total_t(ms)=0.028,cost=0.094
[scan_planner_node-4] [0mfirst_optimize_step_success=1
[scan_planner_node-4] Need to reallocate time.
[scan_planner_node-4] total time:[42m0.000173[0m,optimize:9.77e-05,refine:7.5e-05
[scan_planner_node-4] final_plan_success=1
[scan_planner_node-4] [FSM]: from REPLAN_TRAJ to EXEC_TRAJ
[closed_loop_controller-6] [INFO] [1785998276.656447962] [closed_loop_controller]: Received trajectory 274, duration 2.248s
[scan_planner_node-4] [FSM]: state: EXEC_TRAJ
[scan_planner_node-4] [INFO] [1785998277.360473873] [scan_planner_node]: [GridMapDiag] cloud=32768 accepted=15265 invalid=17503 below_sensor=0 outside_update=0 sensor_z=1.700 cutoff_z=2.700
[terrain_path_visualizer-10] [INFO] [1785998278.027483724] [terrain_path_segmenter]: Visualization advanced to segment 2/3
[scan_planner_node-4] [TRIG]: from EXEC_TRAJ to REPLAN_TRAJ
[scan_planner_node-4] [INFO] [1785998278.113828588] [scan_planner_node]: Reference path accepted
[scan_planner_node-4] 
[scan_planner_node-4] [rebo replan]: -------------------------------------533
[scan_planner_node-4] start: 6.01 5.16  1.4,  -0.0313   -0.398 1.08e-05
[scan_planner_node-4] goal:  6   3 0.4, 0 0 0
[scan_planner_node-4] [32miter(+1)=4,time(ms)=0.026,keep optimizing
[scan_planner_node-4] [0m[32miter(+1)=1,time(ms)=0.006,keep optimizing
[scan_planner_node-4] [0m[32miter(+1)=1,time(ms)=0.005,keep optimizing
[scan_planner_node-4] [0mfirst_optimize_step_success=0
[scan_planner_node-4] final_plan_success=0
[scan_planner_node-4] 
[scan_planner_node-4] [rebo replan]: -------------------------------------534
[scan_planner_node-4] start: 6.01 5.16  1.4,  -0.0313   -0.398 1.08e-05
[scan_planner_node-4] goal:  6   3 0.4, 0 0 0
[scan_planner_node-4] [32miter(+1)=4,time(ms)=0.014,keep optimizing
[scan_planner_node-4] [0m[32miter(+1)=1,time(ms)=0.005,keep optimizing
[scan_planner_node-4] [0m[32miter(+1)=1,time(ms)=0.005,keep optimizing
[scan_planner_node-4] [0mfirst_optimize_step_success=0
[scan_planner_node-4] final_plan_success=0
[scan_planner_node-4] 
[scan_planner_node-4] [rebo replan]: -------------------------------------535
[scan_planner_node-4] start: 6.01 5.16  1.4,  -0.0313   -0.398 1.08e-05
[scan_planner_node-4] goal:  6   3 0.4, 0 0 0
[scan_planner_node-4] [WARN] [1785998278.123612355] [path_searching]: [AStarDiag] result=OPEN_SET_EMPTY start=[6.154 4.765 1.209] end=[6.302 4.394 1.036] adjusted_start=[6.228 4.780 1.222] adjusted_end=[6.278 4.430 1.072] iter=7709 occupied_rejects=1126 pool_rejects=1130 elapsed_ms=8.79
[scan_planner_node-4] [ERROR] [1785998278.123650540] [bspline_opt]: [ReplanDiag] init_control_points A-star failed ret=2 segment=1/1 ids=[5,7] start=[6.154 4.765 1.209] end=[6.302 4.394 1.036]
[scan_planner_node-4] [WARN] [1785998278.132592371] [path_searching]: [AStarDiag] result=OPEN_SET_EMPTY start=[6.154 4.765 1.209] end=[6.302 4.393 1.036] adjusted_start=[6.228 4.779 1.222] adjusted_end=[6.278 4.429 1.072] iter=7709 occupied_rejects=1126 pool_rejects=1130 elapsed_ms=8.87
[scan_planner_node-4] [ERROR] [1785998278.132631036] [bspline_opt]: [ReplanDiag] rebound A-star failed ret=2 segment=1/1 ids=[5,7] start=[6.154 4.765 1.209] end=[6.302 4.393 1.036]
[scan_planner_node-4] iter=5,time(ms)=8.98,rebound.
[scan_planner_node-4] [WARN] [1785998278.141349047] [path_searching]: [AStarDiag] result=OPEN_SET_EMPTY start=[6.154 4.765 1.209] end=[6.302 4.393 1.036] adjusted_start=[6.228 4.779 1.222] adjusted_end=[6.278 4.429 1.072] iter=7709 occupied_rejects=1126 pool_rejects=1130 elapsed_ms=8.62
[scan_planner_node-4] [ERROR] [1785998278.141382031] [bspline_opt]: [ReplanDiag] init_control_points A-star failed ret=2 segment=1/1 ids=[5,7] start=[6.154 4.765 1.209] end=[6.302 4.393 1.036]
[scan_planner_node-4] [32miter(+1)=3,time(ms)=0.015,keep optimizing
[scan_planner_node-4] [WARN] [1785998278.150576763] [path_searching]: [AStarDiag] result=OPEN_SET_EMPTY start=[6.154 4.765 1.209] end=[6.302 4.393 1.036] adjusted_start=[6.228 4.779 1.222] adjusted_end=[6.278 4.429 1.072] iter=7709 occupied_rejects=1126 pool_rejects=1130 elapsed_ms=9.10
[scan_planner_node-4] [ERROR] [1785998278.150609835] [bspline_opt]: [ReplanDiag] init_control_points A-star failed ret=2 segment=1/1 ids=[5,7] start=[6.154 4.765 1.209] end=[6.302 4.393 1.036]
[scan_planner_node-4] [0m[32miter(+1)=1,time(ms)=0.019,keep optimizing
[scan_planner_node-4] [WARN] [1785998278.160360934] [path_searching]: [AStarDiag] result=OPEN_SET_EMPTY start=[6.154 4.765 1.209] end=[6.302 4.393 1.036] adjusted_start=[6.228 4.779 1.222] adjusted_end=[6.278 4.429 1.072] iter=7709 occupied_rejects=1126 pool_rejects=1130 elapsed_ms=9.66
[scan_planner_node-4] [ERROR] [1785998278.160410277] [bspline_opt]: [ReplanDiag] init_control_points A-star failed ret=2 segment=1/1 ids=[5,7] start=[6.154 4.765 1.209] end=[6.302 4.393 1.036]
[scan_planner_node-4] [0m[32miter(+1)=1,time(ms)=0.020,keep optimizing
[scan_planner_node-4] [0mfirst_optimize_step_success=0
[scan_planner_node-4] final_plan_success=0
[scan_planner_node-4] [FSM]: from REPLAN_TRAJ to REPLAN_TRAJ
[scan_planner_node-4] 
[scan_planner_node-4] [rebo replan]: -------------------------------------536
[scan_planner_node-4] start:    6 5.12  1.4,  -0.0256   -0.336 1.39e-05
[scan_planner_node-4] goal:  6   3 0.4, 0 0 0
[scan_planner_node-4] [32miter(+1)=21,time(ms)=0.074,keep optimizing
[scan_planner_node-4] [0m[32miter(+1)=11,time(ms)=0.032,keep optimizing
[scan_planner_node-4] [0m[32miter(+1)=18,time(ms)=0.055,keep optimizing
[scan_planner_node-4] [0mfirst_optimize_step_success=0
[scan_planner_node-4] final_plan_success=0
[scan_planner_node-4] 
[scan_planner_node-4] [rebo replan]: -------------------------------------537
[scan_planner_node-4] start:    6 5.12  1.4,  -0.0256   -0.336 1.39e-05
[scan_planner_node-4] goal:  6   3 0.4, 0 0 0
[scan_planner_node-4] [WARN] [1785998278.219087161] [path_searching]: [AStarDiag] result=OPEN_SET_EMPTY start=[5.999 4.757 1.225] end=[6.002 4.355 1.037] adjusted_start=[6.001 4.756 1.231] adjusted_end=[6.001 4.406 1.081] iter=7653 occupied_rejects=949 pool_rejects=1130 elapsed_ms=10.26
[scan_planner_node-4] [ERROR] [1785998278.219130475] [bspline_opt]: [ReplanDiag] init_control_points A-star failed ret=2 segment=1/1 ids=[5,7] start=[5.999 4.757 1.225] end=[6.002 4.355 1.037]
[scan_planner_node-4] [WARN] [1785998278.229934323] [path_searching]: [AStarDiag] result=OPEN_SET_EMPTY start=[5.999 4.757 1.225] end=[6.002 4.349 1.037] adjusted_start=[6.001 4.753 1.231] adjusted_end=[6.001 4.403 1.081] iter=7653 occupied_rejects=949 pool_rejects=1130 elapsed_ms=10.72
[scan_planner_node-4] [ERROR] [1785998278.229993866] [bspline_opt]: [ReplanDiag] rebound A-star failed ret=2 segment=1/1 ids=[5,7] start=[5.999 4.757 1.225] end=[6.002 4.349 1.037]
[scan_planner_node-4] iter=5,time(ms)=10.9,rebound.
[scan_planner_node-4] [32miter(+1)=3,time(ms)=0.015,total_t(ms)=10.904,cost=0.051
[scan_planner_node-4] [0mfirst_optimize_step_success=1
[scan_planner_node-4] total time:[42m0.0214[0m,optimize:0.0214,refine:3.99e-05
[scan_planner_node-4] final_plan_success=1
[scan_planner_node-4] [FSM]: from REPLAN_TRAJ to EXEC_TRAJ
[scan_planner_node-4] 
[scan_planner_node-4] [rebo replan]: -------------------------------------538
[scan_planner_node-4] start:    6 5.12 1.39,  -0.0255   -0.334 -0.00296
[scan_planner_node-4] goal:  6   3 0.4, 0 0 0
[closed_loop_controller-6] [INFO] [1785998278.230453677] [closed_loop_controller]: Received trajectory 275, duration 4.480s
[scan_planner_node-4] iter=5,time(ms)=0.0635,rebound.
[scan_planner_node-4] [32miter(+1)=18,time(ms)=0.202,keep optimizing
[scan_planner_node-4] [0m[32miter(+1)=3,time(ms)=0.023,keep optimizing
[scan_planner_node-4] [0m[32miter(+1)=10,time(ms)=0.055,keep optimizing
[scan_planner_node-4] [0mfirst_optimize_step_success=0
[scan_planner_node-4] final_plan_success=0
[scan_planner_node-4] 
[scan_planner_node-4] [rebo replan]: -------------------------------------539
[scan_planner_node-4] start:    6 5.12 1.39,  -0.0255   -0.334 -0.00296
[scan_planner_node-4] goal:  6   3 0.4, 0 0 0
[scan_planner_node-4] [WARN] [1785998278.246757207] [path_searching]: [AStarDiag] result=OPEN_SET_EMPTY start=[5.999 4.755 1.215] end=[6.002 4.352 1.029] adjusted_start=[6.001 4.753 1.222] adjusted_end=[6.001 4.403 1.072] iter=7653 occupied_rejects=949 pool_rejects=1130 elapsed_ms=9.45
[scan_planner_node-4] [ERROR] [1785998278.246796961] [bspline_opt]: [ReplanDiag] init_control_points A-star failed ret=2 segment=1/1 ids=[5,7] start=[5.999 4.755 1.215] end=[6.002 4.352 1.029]
[scan_planner_node-4] [WARN] [1785998278.257132031] [path_searching]: [AStarDiag] result=OPEN_SET_EMPTY start=[5.999 4.755 1.215] end=[6.002 4.345 1.029] adjusted_start=[6.001 4.750 1.222] adjusted_end=[6.001 4.400 1.072] iter=7653 occupied_rejects=949 pool_rejects=1130 elapsed_ms=10.25
[scan_planner_node-4] [ERROR] [1785998278.257189394] [bspline_opt]: [ReplanDiag] rebound A-star failed ret=2 segment=1/1 ids=[5,7] start=[5.999 4.755 1.215] end=[6.002 4.345 1.029]
[scan_planner_node-4] iter=5,time(ms)=10.4,rebound.
[scan_planner_node-4] [WARN] [1785998278.268395618] [path_searching]: [AStarDiag] result=OPEN_SET_EMPTY start=[5.999 4.756 1.215] end=[6.002 4.344 1.029] adjusted_start=[6.001 4.750 1.222] adjusted_end=[6.001 4.400 1.072] iter=7678 occupied_rejects=929 pool_rejects=1130 elapsed_ms=11.00
[scan_planner_node-4] [ERROR] [1785998278.268466327] [bspline_opt]: [ReplanDiag] init_control_points A-star failed ret=2 segment=1/1 ids=[5,7] start=[5.999 4.756 1.215] end=[6.002 4.344 1.029]
[scan_planner_node-4] [32miter(+1)=3,time(ms)=0.023,keep optimizing
[scan_planner_node-4] [WARN] [1785998278.280027243] [path_searching]: [AStarDiag] result=OPEN_SET_EMPTY start=[5.999 4.756 1.215] end=[6.002 4.344 1.029] adjusted_start=[6.001 4.750 1.222] adjusted_end=[6.001 4.400 1.072] iter=7678 occupied_rejects=929 pool_rejects=1130 elapsed_ms=11.43
[scan_planner_node-4] [ERROR] [1785998278.280072113] [bspline_opt]: [ReplanDiag] init_control_points A-star failed ret=2 segment=1/1 ids=[5,7] start=[5.999 4.756 1.215] end=[6.002 4.344 1.029]
[scan_planner_node-4] [0m[32miter(+1)=1,time(ms)=0.028,keep optimizing
[scan_planner_node-4] [WARN] [1785998278.293131430] [path_searching]: [AStarDiag] result=OPEN_SET_EMPTY start=[5.999 4.756 1.215] end=[6.002 4.344 1.029] adjusted_start=[6.001 4.750 1.222] adjusted_end=[6.001 4.400 1.072] iter=7678 occupied_rejects=929 pool_rejects=1130 elapsed_ms=12.95
[scan_planner_node-4] [ERROR] [1785998278.293193069] [bspline_opt]: [ReplanDiag] init_control_points A-star failed ret=2 segment=1/1 ids=[5,7] start=[5.999 4.756 1.215] end=[6.002 4.344 1.029]
[scan_planner_node-4] [0m[32miter(+1)=1,time(ms)=0.022,keep optimizing
[scan_planner_node-4] [0mfirst_optimize_step_success=0
[scan_planner_node-4] final_plan_success=0
[scan_planner_node-4] 
[scan_planner_node-4] [rebo replan]: -------------------------------------540
[scan_planner_node-4] start:    6 5.12 1.39,  -0.0255   -0.334 -0.00296
[scan_planner_node-4] goal:  6   3 0.4, 0 0 0
[scan_planner_node-4] [32miter(+1)=24,time(ms)=0.205,total_t(ms)=0.205,cost=0.041
[scan_planner_node-4] [0mfirst_optimize_step_success=1
[scan_planner_node-4] total time:[42m0.00067[0m,optimize:0.0006,refine:7.7e-05
[scan_planner_node-4] final_plan_success=1
[scan_planner_node-4] [SAFETY]: from EXEC_TRAJ to EXEC_TRAJ
[closed_loop_controller-6] [INFO] [1785998278.294934310] [closed_loop_controller]: Received trajectory 276, duration 4.480s
[scan_planner_node-4] [INFO] [1785998279.376226136] [scan_planner_node]: [GridMapDiag] cloud=32768 accepted=16547 invalid=16221 below_sensor=0 outside_update=0 sensor_z=1.619 cutoff_z=2.619
[scan_planner_node-4] [FSM]: from EXEC_TRAJ to REPLAN_TRAJ
[scan_planner_node-4] 
[scan_planner_node-4] [rebo replan]: -------------------------------------541
[scan_planner_node-4] start: 6.38  4.2 1.01,   0.15 -0.694 -0.301
[scan_planner_node-4] goal:  6   3 0.4, 0 0 0
[scan_planner_node-4] [32miter(+1)=22,time(ms)=0.077,total_t(ms)=0.078,cost=0.085
[scan_planner_node-4] [0mfirst_optimize_step_success=1
[scan_planner_node-4] Need to reallocate time.
[scan_planner_node-4] total time:[42m0.000313[0m,optimize:0.000193,refine:0.000121
[scan_planner_node-4] final_plan_success=1
[scan_planner_node-4] [FSM]: from REPLAN_TRAJ to EXEC_TRAJ
[closed_loop_controller-6] [INFO] [1785998280.362962020] [closed_loop_controller]: Received trajectory 277, duration 3.168s
[scan_planner_node-4] [INFO] [1785998281.375136801] [scan_planner_node]: [GridMapDiag] cloud=32768 accepted=26445 invalid=6323 below_sensor=0 outside_update=0 sensor_z=0.977 cutoff_z=1.977
[scan_planner_node-4] [FSM]: from EXEC_TRAJ to REPLAN_TRAJ
[scan_planner_node-4] 
[scan_planner_node-4] [rebo replan]: -------------------------------------542
[scan_planner_node-4] start:  6.2 3.25 0.66, -0.256 -0.372 -0.184
[scan_planner_node-4] goal:  6   3 0.4, 0 0 0
[scan_planner_node-4] [32miter(+1)=11,time(ms)=0.042,total_t(ms)=0.042,cost=0.011
[scan_planner_node-4] [0mfirst_optimize_step_success=1
[scan_planner_node-4] total time:[42m0.000157[0m,optimize:0.000128,refine:2.9e-05
[scan_planner_node-4] final_plan_success=1
[scan_planner_node-4] [FSM]: from REPLAN_TRAJ to EXEC_TRAJ
[closed_loop_controller-6] [INFO] [1785998282.025987507] [closed_loop_controller]: Received trajectory 278, duration 2.560s
[terrain_path_visualizer-10] [INFO] [1785998282.187670166] [terrain_path_segmenter]: Visualization advanced to segment 3/3
[scan_planner_node-4] [TRIG]: from EXEC_TRAJ to REPLAN_TRAJ
[scan_planner_node-4] [INFO] [1785998283.175110060] [scan_planner_node]: Reference path accepted
[scan_planner_node-4] 
[scan_planner_node-4] [rebo replan]: -------------------------------------543
[scan_planner_node-4] start:  6.07  3.07 0.505, -0.0332 -0.0392   -0.13
[scan_planner_node-4] goal:    6 -0.65   0.4, -1.25e-05     -0.75         0
[scan_planner_node-4] [32miter(+1)=7,time(ms)=0.051,total_t(ms)=0.052,cost=0.064
[scan_planner_node-4] [0mfirst_optimize_step_success=1
[scan_planner_node-4] total time:[42m0.000365[0m,optimize:0.000281,refine:8.39e-05
[scan_planner_node-4] final_plan_success=1
[closed_loop_controller-6] [INFO] [1785998283.175931305] [closed_loop_controller]: Received trajectory 279, duration 6.400s
[scan_planner_node-4] [FSM]: from REPLAN_TRAJ to EXEC_TRAJ
[scan_planner_node-4] [INFO] [1785998283.454714790] [scan_planner_node]: [GridMapDiag] cloud=32768 accepted=27497 invalid=5271 below_sensor=0 outside_update=0 sensor_z=0.731 cutoff_z=1.731
[scan_planner_node-4] [FSM]: state: EXEC_TRAJ
[scan_planner_node-4] [INFO] [1785998285.495091944] [scan_planner_node]: [GridMapDiag] cloud=32768 accepted=27100 invalid=5668 below_sensor=0 outside_update=0 sensor_z=0.700 cutoff_z=1.700
[scan_planner_node-4] [FSM]: from EXEC_TRAJ to REPLAN_TRAJ
[scan_planner_node-4] 
[scan_planner_node-4] [rebo replan]: -------------------------------------544
[scan_planner_node-4] start:     6  2.03 0.476, -0.00589   -0.762  -0.0203
[scan_planner_node-4] goal:   6 -1.7  0.4, 0.000305    -0.75        0
[scan_planner_node-4] [32miter(+1)=8,time(ms)=0.030,total_t(ms)=0.030,cost=0.007
[scan_planner_node-4] [0mfirst_optimize_step_success=1
[scan_planner_node-4] total time:[42m0.000199[0m,optimize:0.000159,refine:4.02e-05
[scan_planner_node-4] final_plan_success=1
[scan_planner_node-4] [FSM]: from REPLAN_TRAJ to EXEC_TRAJ
[closed_loop_controller-6] [INFO] [1785998286.263462711] [closed_loop_controller]: Received trajectory 280, duration 5.760s
[scan_planner_node-4] [INFO] [1785998287.521132545] [scan_planner_node]: [GridMapDiag] cloud=32768 accepted=25833 invalid=6935 below_sensor=0 outside_update=0 sensor_z=0.700 cutoff_z=1.700
[scan_planner_node-4] [FSM]: from EXEC_TRAJ to REPLAN_TRAJ
[scan_planner_node-4] 
[scan_planner_node-4] [rebo replan]: -------------------------------------545
[scan_planner_node-4] start:     6 0.964 0.454, 0.000556   -0.641  -0.0127
[scan_planner_node-4] goal:    6 -2.58   0.4, -0.0381  -0.712       0
[scan_planner_node-4] [32miter(+1)=7,time(ms)=0.047,total_t(ms)=0.048,cost=0.002
[scan_planner_node-4] [0mfirst_optimize_step_success=1
[scan_planner_node-4] total time:[42m0.000259[0m,optimize:0.000205,refine:5.39e-05
[scan_planner_node-4] final_plan_success=1
[scan_planner_node-4] [FSM]: from REPLAN_TRAJ to EXEC_TRAJ
[closed_loop_controller-6] [INFO] [1785998287.977441367] [closed_loop_controller]: Received trajectory 281, duration 5.440s
[scan_planner_node-4] [INFO] [1785998289.593070897] [scan_planner_node]: [GridMapDiag] cloud=32768 accepted=25179 invalid=7589 below_sensor=0 outside_update=0 sensor_z=0.700 cutoff_z=1.700
[scan_planner_node-4] [FSM]: state: EXEC_TRAJ
[scan_planner_node-4] [FSM]: from EXEC_TRAJ to REPLAN_TRAJ
[scan_planner_node-4] 
[scan_planner_node-4] [rebo replan]: -------------------------------------546
[scan_planner_node-4] start:       6 -0.0993   0.438, 0.000457   -0.627 -0.00952
[scan_planner_node-4] goal:5.2  -3 0.4,    -0.74 -0.00959        0
[scan_planner_node-4] [32miter(+1)=12,time(ms)=0.045,total_t(ms)=0.045,cost=0.005
[scan_planner_node-4] [0mfirst_optimize_step_success=1
[scan_planner_node-4] total time:[42m0.000219[0m,optimize:0.000176,refine:4.34e-05
[scan_planner_node-4] final_plan_success=1
[scan_planner_node-4] [FSM]: from REPLAN_TRAJ to EXEC_TRAJ
[closed_loop_controller-6] [INFO] [1785998289.680391325] [closed_loop_controller]: Received trajectory 282, duration 5.760s
[scan_planner_node-4] [FSM]: from EXEC_TRAJ to REPLAN_TRAJ
[scan_planner_node-4] 
[scan_planner_node-4] [rebo replan]: -------------------------------------547
[scan_planner_node-4] start:     6 -1.15 0.427,  0.00185   -0.627 -0.00657
[scan_planner_node-4] goal:4.15   -3  0.4,   -0.75 5.9e-05       0
[scan_planner_node-4] [32miter(+1)=12,time(ms)=0.063,total_t(ms)=0.064,cost=0.009
[scan_planner_node-4] [0mfirst_optimize_step_success=1
[scan_planner_node-4] total time:[42m0.000295[0m,optimize:0.000238,refine:5.7e-05
[scan_planner_node-4] final_plan_success=1
[scan_planner_node-4] [FSM]: from REPLAN_TRAJ to EXEC_TRAJ
[closed_loop_controller-6] [INFO] [1785998291.354997371] [closed_loop_controller]: Received trajectory 283, duration 5.760s
[scan_planner_node-4] [INFO] [1785998291.605005277] [scan_planner_node]: [GridMapDiag] cloud=32768 accepted=24638 invalid=8130 below_sensor=0 outside_update=0 sensor_z=0.700 cutoff_z=1.700
[scan_planner_node-4] [FSM]: from EXEC_TRAJ to REPLAN_TRAJ
[scan_planner_node-4] 
[scan_planner_node-4] [rebo replan]: -------------------------------------548
[scan_planner_node-4] start:  6.03 -2.21 0.419,   0.0507   -0.653 -0.00474
[scan_planner_node-4] goal:3.1  -3 0.4,    -0.75 3.61e-07        0
[scan_planner_node-4] [32miter(+1)=8,time(ms)=0.051,total_t(ms)=0.051,cost=0.006
[scan_planner_node-4] [0mfirst_optimize_step_success=1
[scan_planner_node-4] total time:[42m0.000283[0m,optimize:0.000226,refine:5.67e-05
[scan_planner_node-4] final_plan_success=1
[scan_planner_node-4] [FSM]: from REPLAN_TRAJ to EXEC_TRAJ
[closed_loop_controller-6] [INFO] [1785998293.060736902] [closed_loop_controller]: Received trajectory 284, duration 5.440s
[scan_planner_node-4] [INFO] [1785998293.749111965] [scan_planner_node]: [GridMapDiag] cloud=32768 accepted=24307 invalid=8461 below_sensor=0 outside_update=0 sensor_z=0.700 cutoff_z=1.700
[scan_planner_node-4] [FSM]: from EXEC_TRAJ to REPLAN_TRAJ
[scan_planner_node-4] 
[scan_planner_node-4] [rebo replan]: -------------------------------------549
[scan_planner_node-4] start:  5.36 -3.01 0.412,   -0.638  -0.0105 -0.00334
[scan_planner_node-4] goal:1.7  -3 0.4,    -0.75 -9.9e-10        0
[scan_planner_node-4] [32miter(+1)=4,time(ms)=0.016,total_t(ms)=0.016,cost=0.002
[scan_planner_node-4] [0mfirst_optimize_step_success=1
[scan_planner_node-4] total time:[42m0.000207[0m,optimize:0.000162,refine:4.5e-05
[scan_planner_node-4] final_plan_success=1
[scan_planner_node-4] [FSM]: from REPLAN_TRAJ to EXEC_TRAJ
[closed_loop_controller-6] [INFO] [1785998295.321696518] [closed_loop_controller]: Received trajectory 285, duration 5.760s
[scan_planner_node-4] [FSM]: state: EXEC_TRAJ
[scan_planner_node-4] [INFO] [1785998295.810744484] [scan_planner_node]: [GridMapDiag] cloud=32768 accepted=23908 invalid=8860 below_sensor=0 outside_update=0 sensor_z=0.700 cutoff_z=1.700
[scan_planner_node-4] [FSM]: from EXEC_TRAJ to REPLAN_TRAJ
[scan_planner_node-4] 
[scan_planner_node-4] [rebo replan]: -------------------------------------550
[scan_planner_node-4] start:  4.29    -3 0.409,   -0.625  -0.0013 -0.00207
[scan_planner_node-4] goal:0.825    -3   0.4,     -0.75 -9.74e-11         0
[scan_planner_node-4] [32miter(+1)=4,time(ms)=0.026,total_t(ms)=0.026,cost=0.001
[scan_planner_node-4] [0mfirst_optimize_step_success=1
[scan_planner_node-4] total time:[42m0.000234[0m,optimize:0.000186,refine:4.71e-05
[scan_planner_node-4] final_plan_success=1
[scan_planner_node-4] [FSM]: from REPLAN_TRAJ to EXEC_TRAJ
[closed_loop_controller-6] [INFO] [1785998297.041059650] [closed_loop_controller]: Received trajectory 286, duration 5.440s
[scan_planner_node-4] [INFO] [1785998297.899948521] [scan_planner_node]: [GridMapDiag] cloud=32768 accepted=23984 invalid=8784 below_sensor=0 outside_update=0 sensor_z=0.700 cutoff_z=1.700
[scan_planner_node-4] [FSM]: from EXEC_TRAJ to REPLAN_TRAJ
[scan_planner_node-4] 
[scan_planner_node-4] [rebo replan]: -------------------------------------551
[scan_planner_node-4] start:  3.21    -3 0.406,   -0.625    5e-05 -0.00154
[scan_planner_node-4] goal:-0.4   -3  0.4,    -0.75 1.53e-11        0
[scan_planner_node-4] [32miter(+1)=8,time(ms)=0.036,total_t(ms)=0.037,cost=0.002
[scan_planner_node-4] [0mfirst_optimize_step_success=1
[scan_planner_node-4] total time:[42m0.000267[0m,optimize:0.000215,refine:5.19e-05
[scan_planner_node-4] final_plan_success=1
[scan_planner_node-4] [FSM]: from REPLAN_TRAJ to EXEC_TRAJ
[closed_loop_controller-6] [INFO] [1785998298.772301057] [closed_loop_controller]: Received trajectory 287, duration 5.760s
[scan_planner_node-4] [INFO] [1785998300.031966538] [scan_planner_node]: [GridMapDiag] cloud=32768 accepted=25136 invalid=7632 below_sensor=0 outside_update=0 sensor_z=0.700 cutoff_z=1.700
[scan_planner_node-4] [FSM]: from EXEC_TRAJ to REPLAN_TRAJ
[scan_planner_node-4] 
[scan_planner_node-4] [rebo replan]: -------------------------------------552
[scan_planner_node-4] start:  2.17    -3 0.404,   -0.625 0.000202 -0.00102
[scan_planner_node-4] goal:-1.27    -3   0.4,    -0.75 3.94e-10        0
[scan_planner_node-4] [32miter(+1)=6,time(ms)=0.035,total_t(ms)=0.036,cost=0.001
[scan_planner_node-4] [0mfirst_optimize_step_success=1
[scan_planner_node-4] total time:[42m0.00027[0m,optimize:0.000215,refine:5.53e-05
[scan_planner_node-4] final_plan_success=1
[scan_planner_node-4] [FSM]: from REPLAN_TRAJ to EXEC_TRAJ
[closed_loop_controller-6] [INFO] [1785998300.441140896] [closed_loop_controller]: Received trajectory 288, duration 5.440s
[scan_planner_node-4] [FSM]: state: EXEC_TRAJ
[scan_planner_node-4] [FSM]: from EXEC_TRAJ to REPLAN_TRAJ
[scan_planner_node-4] [INFO] [1785998302.114133127] [scan_planner_node]: [GridMapDiag] cloud=32768 accepted=25235 invalid=7533 below_sensor=0 outside_update=0 sensor_z=0.700 cutoff_z=1.700
[scan_planner_node-4] 
[scan_planner_node-4] [rebo replan]: -------------------------------------553
[scan_planner_node-4] start:  1.12    -3 0.403,    -0.625  3.21e-06 -0.000763
[scan_planner_node-4] goal:-2.33    -3   0.4,    -0.75 7.16e-09        0
[scan_planner_node-4] [32miter(+1)=5,time(ms)=0.028,total_t(ms)=0.028,cost=0.002
[scan_planner_node-4] [0mfirst_optimize_step_success=1
[scan_planner_node-4] total time:[42m0.000234[0m,optimize:0.00019,refine:4.47e-05
[scan_planner_node-4] final_plan_success=1
[scan_planner_node-4] [FSM]: from REPLAN_TRAJ to EXEC_TRAJ
[closed_loop_controller-6] [INFO] [1785998302.114804401] [closed_loop_controller]: Received trajectory 289, duration 5.440s
[scan_planner_node-4] [FSM]: from EXEC_TRAJ to REPLAN_TRAJ
[scan_planner_node-4] 
[scan_planner_node-4] [rebo replan]: -------------------------------------554
[scan_planner_node-4] start: 0.0444     -3  0.402,    -0.625  1.02e-06 -0.000529
[scan_planner_node-4] goal:-3.55    -3   0.4,    -0.75 4.71e-06        0
[scan_planner_node-4] [32miter(+1)=9,time(ms)=0.044,total_t(ms)=0.045,cost=0.002
[scan_planner_node-4] [0mfirst_optimize_step_success=1
[scan_planner_node-4] total time:[42m0.000295[0m,optimize:0.000234,refine:6.14e-05
[scan_planner_node-4] final_plan_success=1
[scan_planner_node-4] [FSM]: from REPLAN_TRAJ to EXEC_TRAJ
[closed_loop_controller-6] [INFO] [1785998303.845372565] [closed_loop_controller]: Received trajectory 290, duration 5.760s
[scan_planner_node-4] [INFO] [1785998304.213187052] [scan_planner_node]: [GridMapDiag] cloud=32768 accepted=25150 invalid=7618 below_sensor=0 outside_update=0 sensor_z=0.700 cutoff_z=1.700
[scan_planner_node-4] [FSM]: from EXEC_TRAJ to REPLAN_TRAJ
[scan_planner_node-4] 
[scan_planner_node-4] [rebo replan]: -------------------------------------555
[scan_planner_node-4] start: -1.06    -3 0.401,    -0.625     1e-07 -0.000348
[scan_planner_node-4] goal:-4.6   -3  0.4,     -0.75 -0.000765         0
[scan_planner_node-4] [32miter(+1)=9,time(ms)=0.056,total_t(ms)=0.056,cost=0.004
[scan_planner_node-4] [0mfirst_optimize_step_success=1
[scan_planner_node-4] total time:[42m0.000285[0m,optimize:0.000235,refine:5.07e-05
[scan_planner_node-4] final_plan_success=1
[scan_planner_node-4] [FSM]: from REPLAN_TRAJ to EXEC_TRAJ
[closed_loop_controller-6] [INFO] [1785998305.618192000] [closed_loop_controller]: Received trajectory 291, duration 5.760s
[scan_planner_node-4] [INFO] [1785998306.285833901] [scan_planner_node]: [GridMapDiag] cloud=32768 accepted=25060 invalid=7708 below_sensor=0 outside_update=0 sensor_z=0.700 cutoff_z=1.700
[scan_planner_node-4] [FSM]: from EXEC_TRAJ to REPLAN_TRAJ
[scan_planner_node-4] 
[scan_planner_node-4] [rebo replan]: -------------------------------------556
[scan_planner_node-4] start: -2.11    -3 0.401,    -0.626 -1.45e-05 -0.000246
[scan_planner_node-4] goal:-5.83    -3   0.4, -0.74 -0.12     0
[scan_planner_node-4] [32miter(+1)=9,time(ms)=0.062,total_t(ms)=0.062,cost=0.005
[scan_planner_node-4] [0mfirst_optimize_step_success=1
[scan_planner_node-4] total time:[42m0.000366[0m,optimize:0.000285,refine:8.17e-05
[scan_planner_node-4] final_plan_success=1
[scan_planner_node-4] [FSM]: from REPLAN_TRAJ to EXEC_TRAJ
[closed_loop_controller-6] [INFO] [1785998307.290151405] [closed_loop_controller]: Received trajectory 292, duration 6.080s
[scan_planner_node-4] [INFO] [1785998308.398891698] [scan_planner_node]: [GridMapDiag] cloud=32768 accepted=24476 invalid=8292 below_sensor=0 outside_update=0 sensor_z=0.700 cutoff_z=1.700
[scan_planner_node-4] [FSM]: from EXEC_TRAJ to REPLAN_TRAJ
[scan_planner_node-4] 
[scan_planner_node-4] [rebo replan]: -------------------------------------557
[scan_planner_node-4] start: -3.18    -3 0.401,    -0.625  0.000761 -0.000164
[scan_planner_node-4] goal:  -6 -2.3  0.4, -0.00383    0.746        0
[scan_planner_node-4] [32miter(+1)=17,time(ms)=0.131,total_t(ms)=0.131,cost=0.006
[scan_planner_node-4] [0mfirst_optimize_step_success=1
[scan_planner_node-4] total time:[42m0.000402[0m,optimize:0.000329,refine:7.26e-05
[scan_planner_node-4] final_plan_success=1
[scan_planner_node-4] [FSM]: from REPLAN_TRAJ to EXEC_TRAJ
[closed_loop_controller-6] [INFO] [1785998308.998045880] [closed_loop_controller]: Received trajectory 293, duration 5.760s
[scan_planner_node-4] [FSM]: state: EXEC_TRAJ
[scan_planner_node-4] [INFO] [1785998310.463182305] [scan_planner_node]: [GridMapDiag] cloud=32768 accepted=23966 invalid=8802 below_sensor=0 outside_update=0 sensor_z=0.700 cutoff_z=1.700
[scan_planner_node-4] [FSM]: from EXEC_TRAJ to REPLAN_TRAJ
[scan_planner_node-4] 
[scan_planner_node-4] [rebo replan]: -------------------------------------558
[scan_planner_node-4] start: -4.22 -3.01   0.4,    -0.637  -0.00852 -0.000123
[scan_planner_node-4] goal:   -6 -1.25   0.4, 0.000157     0.75        0
[scan_planner_node-4] [32miter(+1)=13,time(ms)=0.063,total_t(ms)=0.063,cost=0.009
[scan_planner_node-4] [0mfirst_optimize_step_success=1
[scan_planner_node-4] total time:[42m0.000279[0m,optimize:0.000223,refine:5.51e-05
[scan_planner_node-4] final_plan_success=1
[scan_planner_node-4] [FSM]: from REPLAN_TRAJ to EXEC_TRAJ
[closed_loop_controller-6] [INFO] [1785998310.664319168] [closed_loop_controller]: Received trajectory 294, duration 5.440s
[scan_planner_node-4] [FSM]: from EXEC_TRAJ to REPLAN_TRAJ
[scan_planner_node-4] 
[scan_planner_node-4] [rebo replan]: -------------------------------------559
[scan_planner_node-4] start: -5.31 -2.99   0.4,    -0.664   -0.0477 -9.08e-05
[scan_planner_node-4] goal:  -6 -0.2  0.4, -2.1e-06     0.75        0
[scan_planner_node-4] [32miter(+1)=10,time(ms)=0.042,total_t(ms)=0.042,cost=0.007
[scan_planner_node-4] [0mfirst_optimize_step_success=1
[scan_planner_node-4] total time:[42m0.000266[0m,optimize:0.00021,refine:5.57e-05
[scan_planner_node-4] final_plan_success=1
[scan_planner_node-4] [FSM]: from REPLAN_TRAJ to EXEC_TRAJ
[closed_loop_controller-6] [INFO] [1785998312.392088174] [closed_loop_controller]: Received trajectory 295, duration 5.120s
[scan_planner_node-4] [INFO] [1785998312.482213717] [scan_planner_node]: [GridMapDiag] cloud=32768 accepted=24036 invalid=8732 below_sensor=0 outside_update=0 sensor_z=0.700 cutoff_z=1.700
[scan_planner_node-4] [INFO] [1785998314.605545200] [scan_planner_node]: [GridMapDiag] cloud=32768 accepted=24418 invalid=8350 below_sensor=0 outside_update=0 sensor_z=0.700 cutoff_z=1.700
[scan_planner_node-4] [FSM]: from EXEC_TRAJ to REPLAN_TRAJ
[scan_planner_node-4] 
[scan_planner_node-4] [rebo replan]: -------------------------------------560
[scan_planner_node-4] start: -6.02 -2.23   0.4,    0.0412     0.645 -6.39e-05
[scan_planner_node-4] goal: -6   1 0.4, 0 0 0
[scan_planner_node-4] [32miter(+1)=24,time(ms)=0.092,total_t(ms)=0.092,cost=0.020
[scan_planner_node-4] [0mfirst_optimize_step_success=1
[scan_planner_node-4] total time:[42m0.000254[0m,optimize:0.000214,refine:4.02e-05
[scan_planner_node-4] final_plan_success=1
[scan_planner_node-4] [FSM]: from REPLAN_TRAJ to EXEC_TRAJ
[closed_loop_controller-6] [INFO] [1785998314.832563577] [closed_loop_controller]: Received trajectory 296, duration 5.440s
[scan_planner_node-4] [FSM]: state: EXEC_TRAJ
[scan_planner_node-4] [FSM]: from EXEC_TRAJ to REPLAN_TRAJ
[scan_planner_node-4] 
[scan_planner_node-4] [rebo replan]: -------------------------------------561
[scan_planner_node-4] start:    -6 -1.17   0.4,   -0.0199     0.593 -4.02e-05
[scan_planner_node-4] goal: -6   1 0.4, 0 0 0
[scan_planner_node-4] [32miter(+1)=23,time(ms)=0.073,total_t(ms)=0.073,cost=0.030
[scan_planner_node-4] [0mfirst_optimize_step_success=1
[scan_planner_node-4] total time:[42m0.00019[0m,optimize:0.00016,refine:3.03e-05
[scan_planner_node-4] final_plan_success=1
[scan_planner_node-4] [FSM]: from REPLAN_TRAJ to EXEC_TRAJ
[closed_loop_controller-6] [INFO] [1785998316.516374120] [closed_loop_controller]: Received trajectory 297, duration 3.520s
[scan_planner_node-4] [INFO] [1785998316.614389793] [scan_planner_node]: [GridMapDiag] cloud=32768 accepted=25045 invalid=7723 below_sensor=0 outside_update=0 sensor_z=0.700 cutoff_z=1.700
[scan_planner_node-4] [FSM]: from EXEC_TRAJ to REPLAN_TRAJ
[scan_planner_node-4] 
[scan_planner_node-4] [rebo replan]: -------------------------------------562
[scan_planner_node-4] start:      -6 -0.0776     0.4,   0.00636     0.787 -4.02e-05
[scan_planner_node-4] goal: -6   1 0.4, 0 0 0
[scan_planner_node-4] [32miter(+1)=11,time(ms)=0.024,total_t(ms)=0.025,cost=0.071
[scan_planner_node-4] [0mfirst_optimize_step_success=1
[scan_planner_node-4] Need to reallocate time.
[scan_planner_node-4] total time:[42m0.000152[0m,optimize:8.75e-05,refine:6.41e-05
[scan_planner_node-4] final_plan_success=1
[scan_planner_node-4] [FSM]: from REPLAN_TRAJ to EXEC_TRAJ
[closed_loop_controller-6] [INFO] [1785998318.014259140] [closed_loop_controller]: Received trajectory 298, duration 2.204s
[scan_planner_node-4] [INFO] [1785998318.613361502] [scan_planner_node]: [GridMapDiag] cloud=32768 accepted=26045 invalid=6723 below_sensor=0 outside_update=0 sensor_z=0.700 cutoff_z=1.700
[loop_path_publisher.py-9] [INFO] [1785998319.888375308] [loop_path_publisher]: Published shuttle route with 31 dense points, run 15
[terrain_path_visualizer-10] [INFO] [1785998319.894431612] [terrain_path_segmenter]: Segmented 31 path points into 2 sections
[scan_planner_node-4] [TRIG]: from EXEC_TRAJ to REPLAN_TRAJ
[scan_planner_node-4] [INFO] [1785998320.027422889] [scan_planner_node]: Reference path accepted
[scan_planner_node-4] 
[scan_planner_node-4] [rebo replan]: -------------------------------------563
[scan_planner_node-4] start:    -6 0.984   0.4, -0.000217     0.031 -8.48e-06
[scan_planner_node-4] goal:  -6 4.53 1.28, 0 0 0
[scan_planner_node-4] [32miter(+1)=41,time(ms)=0.503,total_t(ms)=0.504,cost=0.058
[scan_planner_node-4] [0mfirst_optimize_step_success=1
[scan_planner_node-4] Need to reallocate time.
[scan_planner_node-4] total time:[42m0.00146[0m,optimize:0.000801,refine:0.000658
[scan_planner_node-4] final_plan_success=1
[scan_planner_node-4] [FSM]: from REPLAN_TRAJ to EXEC_TRAJ
[closed_loop_controller-6] [INFO] [1785998320.031764877] [closed_loop_controller]: Received trajectory 299, duration 8.317s
[scan_planner_node-4] [INFO] [1785998320.662077731] [scan_planner_node]: [GridMapDiag] cloud=32768 accepted=26941 invalid=5827 below_sensor=0 outside_update=0 sensor_z=0.700 cutoff_z=1.700
[scan_planner_node-4] [FSM]: state: EXEC_TRAJ
[scan_planner_node-4] [INFO] [1785998322.724535861] [scan_planner_node]: [GridMapDiag] cloud=32768 accepted=27102 invalid=5666 below_sensor=0 outside_update=0 sensor_z=0.874 cutoff_z=1.874
[scan_planner_node-4] [FSM]: from EXEC_TRAJ to REPLAN_TRAJ
[scan_planner_node-4] 
[scan_planner_node-4] [rebo replan]: -------------------------------------564
[scan_planner_node-4] start:    -6  2.01 0.592, 0.000135    0.542    0.157
[scan_planner_node-4] goal: -6   5 1.4, 0 0 0
[scan_planner_node-4] [32miter(+1)=25,time(ms)=0.099,total_t(ms)=0.099,cost=0.055
[scan_planner_node-4] [0mfirst_optimize_step_success=1
[scan_planner_node-4] Need to reallocate time.
[scan_planner_node-4] total time:[42m0.000407[0m,optimize:0.000217,refine:0.00019
[scan_planner_node-4] final_plan_success=1
[scan_planner_node-4] [FSM]: from REPLAN_TRAJ to EXEC_TRAJ
[closed_loop_controller-6] [INFO] [1785998323.175254255] [closed_loop_controller]: Received trajectory 300, duration 6.177s
[scan_planner_node-4] [INFO] [1785998324.723498565] [scan_planner_node]: [GridMapDiag] cloud=32768 accepted=25250 invalid=7518 below_sensor=0 outside_update=0 sensor_z=1.146 cutoff_z=2.146
[scan_planner_node-4] [FSM]: from EXEC_TRAJ to REPLAN_TRAJ
[scan_planner_node-4] 
[scan_planner_node-4] [rebo replan]: -------------------------------------565
[scan_planner_node-4] start:    -6  2.98 0.858, -0.00033    0.465    0.125
[scan_planner_node-4] goal: -6   5 1.4, 0 0 0
[scan_planner_node-4] [32miter(+1)=22,time(ms)=0.095,total_t(ms)=0.095,cost=0.042
[scan_planner_node-4] [0mfirst_optimize_step_success=1
[scan_planner_node-4] total time:[42m0.000253[0m,optimize:0.000216,refine:3.71e-05
[scan_planner_node-4] final_plan_success=1
[closed_loop_controller-6] [INFO] [1785998325.123657819] [closed_loop_controller]: Received trajectory 301, duration 3.520s
[scan_planner_node-4] [FSM]: from REPLAN_TRAJ to EXEC_TRAJ
[scan_planner_node-4] [FSM]: state: EXEC_TRAJ
[scan_planner_node-4] [FSM]: from EXEC_TRAJ to REPLAN_TRAJ
[scan_planner_node-4] 
[scan_planner_node-4] [rebo replan]: -------------------------------------566
[scan_planner_node-4] start:   -6 3.98  1.1, -0.000415     0.778     0.164
[scan_planner_node-4] goal: -6   5 1.4, 0 0 0
[scan_planner_node-4] [32miter(+1)=12,time(ms)=0.037,total_t(ms)=0.037,cost=0.070
[scan_planner_node-4] [0mfirst_optimize_step_success=1
[scan_planner_node-4] Need to reallocate time.
[scan_planner_node-4] total time:[42m0.000214[0m,optimize:0.000115,refine:9.92e-05
[scan_planner_node-4] final_plan_success=1
[scan_planner_node-4] [FSM]: from REPLAN_TRAJ to EXEC_TRAJ
[closed_loop_controller-6] [INFO] [1785998326.573588891] [closed_loop_controller]: Received trajectory 302, duration 2.155s
[scan_planner_node-4] [INFO] [1785998326.785320651] [scan_planner_node]: [GridMapDiag] cloud=32768 accepted=18325 invalid=14443 below_sensor=0 outside_update=0 sensor_z=1.461 cutoff_z=2.461
[terrain_path_visualizer-10] [INFO] [1785998327.697691451] [terrain_path_segmenter]: Visualization advanced to segment 2/2
[scan_planner_node-4] [TRIG]: from EXEC_TRAJ to REPLAN_TRAJ
[scan_planner_node-4] [INFO] [1785998327.786684777] [scan_planner_node]: Reference path accepted
[scan_planner_node-4] 
[scan_planner_node-4] [rebo replan]: -------------------------------------567
[scan_planner_node-4] start:   -6 4.81 1.29, -0.000221     0.474     0.133
[scan_planner_node-4] goal: -6   7 1.4, 0 0 0
[scan_planner_node-4] [32miter(+1)=7,time(ms)=0.025,total_t(ms)=0.025,cost=0.057
[scan_planner_node-4] [0mfirst_optimize_step_success=1
[scan_planner_node-4] Need to reallocate time.
[scan_planner_node-4] total time:[42m0.000345[0m,optimize:0.000133,refine:0.000212
[scan_planner_node-4] final_plan_success=1
[closed_loop_controller-6] [INFO] [1785998327.788199741] [closed_loop_controller]: Received trajectory 303, duration 4.868s
[scan_planner_node-4] [FSM]: from REPLAN_TRAJ to EXEC_TRAJ
[scan_planner_node-4] [INFO] [1785998328.926725516] [scan_planner_node]: [GridMapDiag] cloud=32768 accepted=15511 invalid=17257 below_sensor=0 outside_update=0 sensor_z=1.700 cutoff_z=2.700
[scan_planner_node-4] [FSM]: from EXEC_TRAJ to REPLAN_TRAJ
[scan_planner_node-4] 
[scan_planner_node-4] [rebo replan]: -------------------------------------568
[scan_planner_node-4] start:   -6 5.87 1.34, 2.3e-05   0.639  0.0321
[scan_planner_node-4] goal: -6   7 1.4, 0 0 0
[scan_planner_node-4] [32miter(+1)=12,time(ms)=0.038,total_t(ms)=0.038,cost=0.113
[scan_planner_node-4] [0mfirst_optimize_step_success=1
[scan_planner_node-4] Need to reallocate time.
[scan_planner_node-4] total time:[42m0.000181[0m,optimize:0.000111,refine:7.01e-05
[scan_planner_node-4] final_plan_success=1
[scan_planner_node-4] [FSM]: from REPLAN_TRAJ to EXEC_TRAJ
[closed_loop_controller-6] [INFO] [1785998330.123292991] [closed_loop_controller]: Received trajectory 304, duration 2.270s
[scan_planner_node-4] [FSM]: state: EXEC_TRAJ
[scan_planner_node-4] [INFO] [1785998331.009120194] [scan_planner_node]: [GridMapDiag] cloud=32768 accepted=15386 invalid=17382 below_sensor=0 outside_update=0 sensor_z=1.700 cutoff_z=2.700
[scan_planner_node-4] [FSM]: from EXEC_TRAJ to REPLAN_TRAJ
[scan_planner_node-4] 
[scan_planner_node-4] [rebo replan]: -------------------------------------569
[scan_planner_node-4] start:   -6 6.89 1.38, 2.65e-05    0.323   0.0379
[scan_planner_node-4] goal: -6   7 1.4, 0 0 0
[scan_planner_node-4] Close to goal
[scan_planner_node-4] final_plan_success=0
[scan_planner_node-4] 
[scan_planner_node-4] [rebo replan]: -------------------------------------570
[scan_planner_node-4] start:   -6 6.89 1.38, 2.65e-05    0.323   0.0379
[scan_planner_node-4] goal: -6   7 1.4, 0 0 0
[scan_planner_node-4] Close to goal
[scan_planner_node-4] final_plan_success=0
[scan_planner_node-4] 
[scan_planner_node-4] [rebo replan]: -------------------------------------571
[scan_planner_node-4] start:   -6 6.89 1.38, 2.65e-05    0.323   0.0379
[scan_planner_node-4] goal: -6   7 1.4, 0 0 0
[scan_planner_node-4] Close to goal
[scan_planner_node-4] final_plan_success=0
[scan_planner_node-4] [FSM]: from REPLAN_TRAJ to REPLAN_TRAJ
[scan_planner_node-4] 
[scan_planner_node-4] [rebo replan]: -------------------------------------572
[scan_planner_node-4] start:   -6  6.9 1.39, 2.44e-05    0.296   0.0392
[scan_planner_node-4] goal: -6   7 1.4, 0 0 0
[scan_planner_node-4] Close to goal
[scan_planner_node-4] final_plan_success=0
[scan_planner_node-4] 
[scan_planner_node-4] [rebo replan]: -------------------------------------573
[scan_planner_node-4] start:   -6  6.9 1.39, 2.44e-05    0.296   0.0392
[scan_planner_node-4] goal: -6   7 1.4, 0 0 0
[scan_planner_node-4] Close to goal
[scan_planner_node-4] final_plan_success=0
[scan_planner_node-4] 
[scan_planner_node-4] [rebo replan]: -------------------------------------574
[scan_planner_node-4] start:   -6  6.9 1.39, 2.44e-05    0.296   0.0392
[scan_planner_node-4] goal: -6   7 1.4, 0 0 0
[scan_planner_node-4] Close to goal
[scan_planner_node-4] final_plan_success=0
[scan_planner_node-4] [FSM]: from REPLAN_TRAJ to REPLAN_TRAJ
[scan_planner_node-4] 
[scan_planner_node-4] [rebo replan]: -------------------------------------575
[scan_planner_node-4] start:   -6  6.9 1.39, 2.41e-05    0.292   0.0393
[scan_planner_node-4] goal: -6   7 1.4, 0 0 0
[scan_planner_node-4] Close to goal
[scan_planner_node-4] final_plan_success=0
[scan_planner_node-4] 
[scan_planner_node-4] [rebo replan]: -------------------------------------576
[scan_planner_node-4] start:   -6  6.9 1.39, 2.41e-05    0.292   0.0393
[scan_planner_node-4] goal: -6   7 1.4, 0 0 0
[scan_planner_node-4] Close to goal
[scan_planner_node-4] final_plan_success=0
[scan_planner_node-4] 
[scan_planner_node-4] [rebo replan]: -------------------------------------577
[scan_planner_node-4] start:   -6  6.9 1.39, 2.41e-05    0.292   0.0393
[scan_planner_node-4] goal: -6   7 1.4, 0 0 0
[scan_planner_node-4] Close to goal
[scan_planner_node-4] final_plan_success=0
[scan_planner_node-4] [FSM]: from REPLAN_TRAJ to REPLAN_TRAJ
[scan_planner_node-4] 
[scan_planner_node-4] [rebo replan]: -------------------------------------578
[scan_planner_node-4] start:   -6 6.91 1.39, 2.18e-05    0.262   0.0394
[scan_planner_node-4] goal: -6   7 1.4, 0 0 0
[scan_planner_node-4] Close to goal
[scan_planner_node-4] final_plan_success=0
[scan_planner_node-4] 
[scan_planner_node-4] [rebo replan]: -------------------------------------579
[scan_planner_node-4] start:   -6 6.91 1.39, 2.18e-05    0.262   0.0394
[scan_planner_node-4] goal: -6   7 1.4, 0 0 0
[scan_planner_node-4] Close to goal
[scan_planner_node-4] final_plan_success=0
[scan_planner_node-4] 
[scan_planner_node-4] [rebo replan]: -------------------------------------580
[scan_planner_node-4] start:   -6 6.91 1.39, 2.18e-05    0.262   0.0394
[scan_planner_node-4] goal: -6   7 1.4, 0 0 0
[scan_planner_node-4] Close to goal
[scan_planner_node-4] final_plan_success=0
[scan_planner_node-4] [FSM]: from REPLAN_TRAJ to REPLAN_TRAJ
[scan_planner_node-4] 
[scan_planner_node-4] [rebo replan]: -------------------------------------581
[scan_planner_node-4] start:   -6 6.91 1.39, 2.15e-05    0.258   0.0393
[scan_planner_node-4] goal: -6   7 1.4, 0 0 0
[scan_planner_node-4] Close to goal
[scan_planner_node-4] final_plan_success=0
[scan_planner_node-4] 
[scan_planner_node-4] [rebo replan]: -------------------------------------582
[scan_planner_node-4] start:   -6 6.91 1.39, 2.15e-05    0.258   0.0393
[scan_planner_node-4] goal: -6   7 1.4, 0 0 0
[scan_planner_node-4] Close to goal
[scan_planner_node-4] final_plan_success=0
[scan_planner_node-4] 
[scan_planner_node-4] [rebo replan]: -------------------------------------583
[scan_planner_node-4] start:   -6 6.91 1.39, 2.15e-05    0.258   0.0393
[scan_planner_node-4] goal: -6   7 1.4, 0 0 0
[scan_planner_node-4] Close to goal
[scan_planner_node-4] final_plan_success=0
[scan_planner_node-4] [FSM]: from REPLAN_TRAJ to REPLAN_TRAJ
[scan_planner_node-4] 
[scan_planner_node-4] [rebo replan]: -------------------------------------584
[scan_planner_node-4] start:   -6 6.93 1.39, 1.77e-05    0.211   0.0367
[scan_planner_node-4] goal: -6   7 1.4, 0 0 0
[scan_planner_node-4] Close to goal
[scan_planner_node-4] final_plan_success=0
[scan_planner_node-4] 
[scan_planner_node-4] [rebo replan]: -------------------------------------585
[scan_planner_node-4] start:   -6 6.93 1.39, 1.77e-05    0.211   0.0367
[scan_planner_node-4] goal: -6   7 1.4, 0 0 0
[scan_planner_node-4] Close to goal
[scan_planner_node-4] final_plan_success=0
[scan_planner_node-4] 
[scan_planner_node-4] [rebo replan]: -------------------------------------586
[scan_planner_node-4] start:   -6 6.93 1.39, 1.77e-05    0.211   0.0367
[scan_planner_node-4] goal: -6   7 1.4, 0 0 0
[scan_planner_node-4] Close to goal
[scan_planner_node-4] final_plan_success=0
[scan_planner_node-4] [FSM]: from REPLAN_TRAJ to REPLAN_TRAJ
[scan_planner_node-4] 
[scan_planner_node-4] [rebo replan]: -------------------------------------587
[scan_planner_node-4] start:   -6 6.94 1.39, 1.56e-05    0.185   0.0341
[scan_planner_node-4] goal: -6   7 1.4, 0 0 0
[scan_planner_node-4] Close to goal
[scan_planner_node-4] final_plan_success=0
[scan_planner_node-4] 
[scan_planner_node-4] [rebo replan]: -------------------------------------588
[scan_planner_node-4] start:   -6 6.94 1.39, 1.56e-05    0.185   0.0341
[scan_planner_node-4] goal: -6   7 1.4, 0 0 0
[scan_planner_node-4] Close to goal
[scan_planner_node-4] final_plan_success=0
[scan_planner_node-4] 
[scan_planner_node-4] [rebo replan]: -------------------------------------589
[scan_planner_node-4] start:   -6 6.94 1.39, 1.56e-05    0.185   0.0341
[scan_planner_node-4] goal: -6   7 1.4, 0 0 0
[scan_planner_node-4] Close to goal
[scan_planner_node-4] final_plan_success=0
[scan_planner_node-4] [FSM]: from REPLAN_TRAJ to REPLAN_TRAJ
[scan_planner_node-4] 
[scan_planner_node-4] [rebo replan]: -------------------------------------590
[scan_planner_node-4] start:   -6 6.95 1.39, 1.33e-05    0.157   0.0302
[scan_planner_node-4] goal: -6   7 1.4, 0 0 0
[scan_planner_node-4] Close to goal
[scan_planner_node-4] final_plan_success=0
[scan_planner_node-4] 
[scan_planner_node-4] [rebo replan]: -------------------------------------591
[scan_planner_node-4] start:   -6 6.95 1.39, 1.33e-05    0.157   0.0302
[scan_planner_node-4] goal: -6   7 1.4, 0 0 0
[scan_planner_node-4] Close to goal
[scan_planner_node-4] final_plan_success=0
[scan_planner_node-4] 
[scan_planner_node-4] [rebo replan]: -------------------------------------592
[scan_planner_node-4] start:   -6 6.95 1.39, 1.33e-05    0.157   0.0302
[scan_planner_node-4] goal: -6   7 1.4, 0 0 0
[scan_planner_node-4] Close to goal
[scan_planner_node-4] final_plan_success=0
[scan_planner_node-4] [FSM]: from REPLAN_TRAJ to REPLAN_TRAJ
[scan_planner_node-4] 
[scan_planner_node-4] [rebo replan]: -------------------------------------593
[scan_planner_node-4] start:   -6 6.95  1.4, 9.55e-06    0.113   0.0221
[scan_planner_node-4] goal: -6   7 1.4, 0 0 0
[scan_planner_node-4] Close to goal
[scan_planner_node-4] final_plan_success=0
[scan_planner_node-4] 
[scan_planner_node-4] [rebo replan]: -------------------------------------594
[scan_planner_node-4] start:   -6 6.95  1.4, 9.55e-06    0.113   0.0221
[scan_planner_node-4] goal: -6   7 1.4, 0 0 0
[scan_planner_node-4] Close to goal
[scan_planner_node-4] final_plan_success=0
[scan_planner_node-4] 
[scan_planner_node-4] [rebo replan]: -------------------------------------595
[scan_planner_node-4] start:   -6 6.95  1.4, 9.55e-06    0.113   0.0221
[scan_planner_node-4] goal: -6   7 1.4, 0 0 0
[scan_planner_node-4] Close to goal
[scan_planner_node-4] final_plan_success=0
[scan_planner_node-4] [FSM]: from REPLAN_TRAJ to REPLAN_TRAJ
[scan_planner_node-4] 
[scan_planner_node-4] [rebo replan]: -------------------------------------596
[scan_planner_node-4] start:   -6 6.96  1.4, 7.43e-06   0.0876   0.0172
[scan_planner_node-4] goal: -6   7 1.4, 0 0 0
[scan_planner_node-4] Close to goal
[scan_planner_node-4] final_plan_success=0
[scan_planner_node-4] 
[scan_planner_node-4] [rebo replan]: -------------------------------------597
[scan_planner_node-4] start:   -6 6.96  1.4, 7.43e-06   0.0876   0.0172
[scan_planner_node-4] goal: -6   7 1.4, 0 0 0
[scan_planner_node-4] Close to goal
[scan_planner_node-4] final_plan_success=0
[scan_planner_node-4] 
[scan_planner_node-4] [rebo replan]: -------------------------------------598
[scan_planner_node-4] start:   -6 6.96  1.4, 7.43e-06   0.0876   0.0172
[scan_planner_node-4] goal: -6   7 1.4, 0 0 0
[scan_planner_node-4] Close to goal
[scan_planner_node-4] final_plan_success=0
[scan_planner_node-4] [FSM]: from REPLAN_TRAJ to REPLAN_TRAJ
[loop_path_publisher.py-9] [INFO] [1785998332.103545985] [loop_path_publisher]: Published shuttle route with 193 dense points, run 16
[terrain_path_visualizer-10] [INFO] [1785998332.121459492] [terrain_path_segmenter]: Segmented 193 path points into 3 sections
[scan_planner_node-4] 
[scan_planner_node-4] [rebo replan]: -------------------------------------599
[scan_planner_node-4] start:   -6 6.96  1.4, 5.58e-06   0.0658   0.0129
[scan_planner_node-4] goal: -6   7 1.4, 0 0 0
[scan_planner_node-4] Close to goal
[scan_planner_node-4] final_plan_success=0
[scan_planner_node-4] 
[scan_planner_node-4] [rebo replan]: -------------------------------------600
[scan_planner_node-4] start:   -6 6.96  1.4, 5.58e-06   0.0658   0.0129
[scan_planner_node-4] goal: -6   7 1.4, 0 0 0
[scan_planner_node-4] Close to goal
[scan_planner_node-4] final_plan_success=0
[scan_planner_node-4] 
[scan_planner_node-4] [rebo replan]: -------------------------------------601
[scan_planner_node-4] start:   -6 6.96  1.4, 5.58e-06   0.0658   0.0129
[scan_planner_node-4] goal: -6   7 1.4, 0 0 0
[scan_planner_node-4] Close to goal
[scan_planner_node-4] final_plan_success=0
[scan_planner_node-4] [FSM]: from REPLAN_TRAJ to REPLAN_TRAJ
[scan_planner_node-4] [INFO] [1785998332.566988532] [scan_planner_node]: Reference path accepted
[scan_planner_node-4] 
[scan_planner_node-4] [rebo replan]: -------------------------------------602
[scan_planner_node-4] start:   -6 6.97  1.4,    6e-08 0.000622 0.000115
[scan_planner_node-4] goal:-2.35     7   1.4,      0.75 -1.31e-16         0
[scan_planner_node-4] [32miter(+1)=6,time(ms)=0.046,total_t(ms)=0.046,cost=0.033
[scan_planner_node-4] [0mfirst_optimize_step_success=1
[scan_planner_node-4] total time:[42m0.000393[0m,optimize:0.000305,refine:8.78e-05
[scan_planner_node-4] final_plan_success=1
[closed_loop_controller-6] [INFO] [1785998332.569315928] [closed_loop_controller]: Received trajectory 305, duration 6.080s
[scan_planner_node-4] [FSM]: from REPLAN_TRAJ to EXEC_TRAJ
[scan_planner_node-4] [INFO] [1785998333.203866466] [scan_planner_node]: [GridMapDiag] cloud=32768 accepted=15204 invalid=17564 below_sensor=0 outside_update=0 sensor_z=1.700 cutoff_z=2.700
[scan_planner_node-4] [INFO] [1785998335.288990935] [scan_planner_node]: [GridMapDiag] cloud=32768 accepted=15271 invalid=17497 below_sensor=0 outside_update=0 sensor_z=1.700 cutoff_z=2.700
[scan_planner_node-4] [FSM]: state: EXEC_TRAJ
[scan_planner_node-4] [FSM]: from EXEC_TRAJ to REPLAN_TRAJ
[scan_planner_node-4] 
[scan_planner_node-4] [rebo replan]: -------------------------------------603
[scan_planner_node-4] start: -4.95  6.98   1.4,    0.781  0.00934 0.000412
[scan_planner_node-4] goal:-1.47     7   1.4,     0.75 7.97e-16        0
[scan_planner_node-4] [32miter(+1)=7,time(ms)=0.028,total_t(ms)=0.029,cost=0.009
[scan_planner_node-4] [0mfirst_optimize_step_success=1
[scan_planner_node-4] total time:[42m0.000213[0m,optimize:0.000171,refine:4.21e-05
[scan_planner_node-4] final_plan_success=1
[scan_planner_node-4] [FSM]: from REPLAN_TRAJ to EXEC_TRAJ
[closed_loop_controller-6] [INFO] [1785998337.209790453] [closed_loop_controller]: Received trajectory 306, duration 5.440s
[scan_planner_node-4] [INFO] [1785998337.291318204] [scan_planner_node]: [GridMapDiag] cloud=32768 accepted=16341 invalid=16427 below_sensor=0 outside_update=0 sensor_z=1.700 cutoff_z=2.700
[scan_planner_node-4] [FSM]: from EXEC_TRAJ to REPLAN_TRAJ
[scan_planner_node-4] 
[scan_planner_node-4] [rebo replan]: -------------------------------------604
[scan_planner_node-4] start: -3.92  6.99   1.4,    0.642  0.00534 0.000245
[scan_planner_node-4] goal:-0.25     7   1.4,     0.75 5.24e-13        0
[scan_planner_node-4] [32miter(+1)=4,time(ms)=0.018,total_t(ms)=0.019,cost=0.001
[scan_planner_node-4] [0mfirst_optimize_step_success=1
[scan_planner_node-4] total time:[42m0.000231[0m,optimize:0.00019,refine:4.15e-05
[scan_planner_node-4] final_plan_success=1
[scan_planner_node-4] [FSM]: from REPLAN_TRAJ to EXEC_TRAJ
[closed_loop_controller-6] [INFO] [1785998338.867877551] [closed_loop_controller]: Received trajectory 307, duration 5.760s
[scan_planner_node-4] [INFO] [1785998339.300012764] [scan_planner_node]: [GridMapDiag] cloud=32768 accepted=18637 invalid=14131 below_sensor=0 outside_update=0 sensor_z=1.700 cutoff_z=2.700
[scan_planner_node-4] [FSM]: from EXEC_TRAJ to REPLAN_TRAJ
[scan_planner_node-4] 
[scan_planner_node-4] [rebo replan]: -------------------------------------605
[scan_planner_node-4] start: -2.87     7   1.4,    0.625 0.000862 0.000162
[scan_planner_node-4] goal:0.625     7   1.4,    0.75 4.2e-11       0
[scan_planner_node-4] [32miter(+1)=5,time(ms)=0.027,total_t(ms)=0.027,cost=0.001
[scan_planner_node-4] [0mfirst_optimize_step_success=1
[scan_planner_node-4] total time:[42m0.000216[0m,optimize:0.000173,refine:4.28e-05
[scan_planner_node-4] final_plan_success=1
[scan_planner_node-4] [FSM]: from REPLAN_TRAJ to EXEC_TRAJ
[closed_loop_controller-6] [INFO] [1785998340.551816295] [closed_loop_controller]: Received trajectory 308, duration 5.440s
[scan_planner_node-4] [FSM]: state: EXEC_TRAJ
[scan_planner_node-4] [INFO] [1785998341.399867698] [scan_planner_node]: [GridMapDiag] cloud=32768 accepted=20467 invalid=12301 below_sensor=0 outside_update=0 sensor_z=1.700 cutoff_z=2.700
[scan_planner_node-4] [FSM]: from EXEC_TRAJ to REPLAN_TRAJ
[scan_planner_node-4] 
[scan_planner_node-4] [rebo replan]: -------------------------------------606
[scan_planner_node-4] start: -1.84     7   1.4,    0.625 0.000207 0.000122
[scan_planner_node-4] goal:1.85    7  1.4,     0.75 6.37e-09        0
[scan_planner_node-4] [32miter(+1)=9,time(ms)=0.040,total_t(ms)=0.040,cost=0.007
[scan_planner_node-4] [0mfirst_optimize_step_success=1
[scan_planner_node-4] total time:[42m0.000233[0m,optimize:0.000186,refine:4.69e-05
[scan_planner_node-4] final_plan_success=1
[scan_planner_node-4] [FSM]: from REPLAN_TRAJ to EXEC_TRAJ
[closed_loop_controller-6] [INFO] [1785998342.200826173] [closed_loop_controller]: Received trajectory 309, duration 6.080s
[scan_planner_node-4] [INFO] [1785998343.581918785] [scan_planner_node]: [GridMapDiag] cloud=32768 accepted=20951 invalid=11817 below_sensor=0 outside_update=0 sensor_z=1.700 cutoff_z=2.700
[scan_planner_node-4] [FSM]: from EXEC_TRAJ to REPLAN_TRAJ
[scan_planner_node-4] 
[scan_planner_node-4] [rebo replan]: -------------------------------------607
[scan_planner_node-4] start: -0.791      7    1.4,    0.625 7.68e-05 8.14e-05
[scan_planner_node-4] goal:2.73    7  1.4,      0.75 -3.86e-08         0
[scan_planner_node-4] [32miter(+1)=8,time(ms)=0.034,total_t(ms)=0.034,cost=0.006
[scan_planner_node-4] [0mfirst_optimize_step_success=1
[scan_planner_node-4] total time:[42m0.000227[0m,optimize:0.000181,refine:4.68e-05
[scan_planner_node-4] final_plan_success=1
[scan_planner_node-4] [FSM]: from REPLAN_TRAJ to EXEC_TRAJ
[closed_loop_controller-6] [INFO] [1785998343.876205274] [closed_loop_controller]: Received trajectory 310, duration 5.760s
[scan_planner_node-4] [FSM]: from EXEC_TRAJ to REPLAN_TRAJ
[scan_planner_node-4] 
[scan_planner_node-4] [rebo replan]: -------------------------------------608
[scan_planner_node-4] start: 0.257     7   1.4,     0.625 -1.36e-07  6.11e-05
[scan_planner_node-4] goal:3.95    7  1.4,      0.75 -2.54e-05         0
[scan_planner_node-4] [32miter(+1)=9,time(ms)=0.040,total_t(ms)=0.040,cost=0.007
[scan_planner_node-4] [0mfirst_optimize_step_success=1
[scan_planner_node-4] total time:[42m0.000241[0m,optimize:0.000189,refine:5.18e-05
[scan_planner_node-4] final_plan_success=1
[scan_planner_node-4] [FSM]: from REPLAN_TRAJ to EXEC_TRAJ
[closed_loop_controller-6] [INFO] [1785998345.552588168] [closed_loop_controller]: Received trajectory 311, duration 6.080s
[scan_planner_node-4] [INFO] [1785998345.612235153] [scan_planner_node]: [GridMapDiag] cloud=32768 accepted=20992 invalid=11776 below_sensor=0 outside_update=0 sensor_z=1.700 cutoff_z=2.700
[scan_planner_node-4] [FSM]: state: EXEC_TRAJ
[scan_planner_node-4] [FSM]: from EXEC_TRAJ to REPLAN_TRAJ
[scan_planner_node-4] 
[scan_planner_node-4] [rebo replan]: -------------------------------------609
[scan_planner_node-4] start: 1.3   7 1.4,    0.625 4.69e-06 4.09e-05
[scan_planner_node-4] goal:  5   7 1.4,    0.75 0.00411       0
[scan_planner_node-4] [32miter(+1)=5,time(ms)=0.026,total_t(ms)=0.027,cost=0.001
[scan_planner_node-4] [0mfirst_optimize_step_success=1
[scan_planner_node-4] total time:[42m0.000215[0m,optimize:0.000172,refine:4.36e-05
[scan_planner_node-4] final_plan_success=1
[scan_planner_node-4] [FSM]: from REPLAN_TRAJ to EXEC_TRAJ
[closed_loop_controller-6] [INFO] [1785998347.222825296] [closed_loop_controller]: Received trajectory 312, duration 5.760s
[scan_planner_node-4] [INFO] [1785998347.632136920] [scan_planner_node]: [GridMapDiag] cloud=32768 accepted=20824 invalid=11944 below_sensor=0 outside_update=0 sensor_z=1.700 cutoff_z=2.700
[scan_planner_node-4] [FSM]: from EXEC_TRAJ to REPLAN_TRAJ
[scan_planner_node-4] 
[scan_planner_node-4] [rebo replan]: -------------------------------------610
[scan_planner_node-4] start: 2.33    7  1.4,     0.625 -2.03e-06  2.93e-05
[scan_planner_node-4] goal:5.89 7.01  1.4, 0.743 0.103     0
[scan_planner_node-4] [32miter(+1)=6,time(ms)=0.024,total_t(ms)=0.025,cost=0.007
[scan_planner_node-4] [0mfirst_optimize_step_success=1
[scan_planner_node-4] total time:[42m0.000202[0m,optimize:0.000159,refine:4.36e-05
[scan_planner_node-4] final_plan_success=1
[scan_planner_node-4] [FSM]: from REPLAN_TRAJ to EXEC_TRAJ
[closed_loop_controller-6] [INFO] [1785998348.874000575] [closed_loop_controller]: Received trajectory 313, duration 5.760s
[scan_planner_node-4] [INFO] [1785998349.680089477] [scan_planner_node]: [GridMapDiag] cloud=32768 accepted=20187 invalid=12581 below_sensor=0 outside_update=0 sensor_z=1.700 cutoff_z=2.700
[scan_planner_node-4] [FSM]: state: EXEC_TRAJ
[scan_planner_node-4] [FSM]: from EXEC_TRAJ to REPLAN_TRAJ
[scan_planner_node-4] 
[scan_planner_node-4] [rebo replan]: -------------------------------------611
[scan_planner_node-4] start: 3.37    7  1.4,     0.625 -1.63e-05  2.19e-05
[scan_planner_node-4] goal:  6 5.9 1.4, 0.000709   -0.749        0
[scan_planner_node-4] [32miter(+1)=12,time(ms)=0.059,total_t(ms)=0.060,cost=0.018
[scan_planner_node-4] [0mfirst_optimize_step_success=1
[scan_planner_node-4] total time:[42m0.000277[0m,optimize:0.000222,refine:5.57e-05
[scan_planner_node-4] final_plan_success=1
[scan_planner_node-4] [FSM]: from REPLAN_TRAJ to EXEC_TRAJ
[closed_loop_controller-6] [INFO] [1785998350.535123495] [closed_loop_controller]: Received trajectory 314, duration 6.400s
[scan_planner_node-4] [INFO] [1785998351.852321860] [scan_planner_node]: [GridMapDiag] cloud=32768 accepted=28620 invalid=4148 below_sensor=0 outside_update=0 sensor_z=0.700 cutoff_z=1.700
[scan_planner_node-4] [FSM]: from EXEC_TRAJ to REPLAN_TRAJ
[scan_planner_node-4] 
[scan_planner_node-4] [rebo replan]: -------------------------------------612
[scan_planner_node-4] start: 4.43    7  1.4,    0.624  0.00806 1.38e-05
[scan_planner_node-4] goal:  6   5 1.4, 0 0 0
[scan_planner_node-4] [32miter(+1)=26,time(ms)=0.121,total_t(ms)=0.121,cost=0.032
[scan_planner_node-4] [0mfirst_optimize_step_success=1
[scan_planner_node-4] Need to reallocate time.
[scan_planner_node-4] total time:[42m0.000476[0m,optimize:0.00025,refine:0.000225
[scan_planner_node-4] final_plan_success=1
[scan_planner_node-4] [FSM]: from REPLAN_TRAJ to EXEC_TRAJ
[closed_loop_controller-6] [INFO] [1785998352.232831007] [closed_loop_controller]: Received trajectory 315, duration 7.197s
[scan_planner_node-4] [INFO] [1785998353.984855753] [scan_planner_node]: [GridMapDiag] cloud=32768 accepted=15908 invalid=16860 below_sensor=0 outside_update=0 sensor_z=1.700 cutoff_z=2.700
[scan_planner_node-4] [FSM]: from EXEC_TRAJ to REPLAN_TRAJ
[scan_planner_node-4] 
[scan_planner_node-4] [rebo replan]: -------------------------------------613
[scan_planner_node-4] start: 5.49 7.02  1.4,    0.507  -0.0071 9.03e-06
[scan_planner_node-4] goal:  6   5 1.4, 0 0 0
[scan_planner_node-4] [32miter(+1)=24,time(ms)=0.090,total_t(ms)=0.090,cost=0.037
[scan_planner_node-4] [0mfirst_optimize_step_success=1
[scan_planner_node-4] Need to reallocate time.
[scan_planner_node-4] total time:[42m0.000386[0m,optimize:0.000197,refine:0.000189
[scan_planner_node-4] final_plan_success=1
[scan_planner_node-4] [FSM]: from REPLAN_TRAJ to EXEC_TRAJ
[closed_loop_controller-6] [INFO] [1785998354.059546751] [closed_loop_controller]: Received trajectory 316, duration 4.896s
[scan_planner_node-4] [FSM]: state: EXEC_TRAJ
[scan_planner_node-4] [INFO] [1785998356.184219560] [scan_planner_node]: [GridMapDiag] cloud=32768 accepted=15268 invalid=17500 below_sensor=0 outside_update=0 sensor_z=1.700 cutoff_z=2.700
[scan_planner_node-4] [FSM]: from EXEC_TRAJ to REPLAN_TRAJ
[scan_planner_node-4] 
[scan_planner_node-4] [rebo replan]: -------------------------------------614
[scan_planner_node-4] start: 6.12 6.18  1.4,  -0.0249   -0.711 9.44e-06
[scan_planner_node-4] goal:  6   5 1.4, 0 0 0
[scan_planner_node-4] [32miter(+1)=10,time(ms)=0.026,total_t(ms)=0.026,cost=0.113
[scan_planner_node-4] [0mfirst_optimize_step_success=1
[scan_planner_node-4] Need to reallocate time.
[scan_planner_node-4] total time:[42m0.000165[0m,optimize:9.07e-05,refine:7.4e-05
[scan_planner_node-4] final_plan_success=1
[scan_planner_node-4] [FSM]: from REPLAN_TRAJ to EXEC_TRAJ
[closed_loop_controller-6] [INFO] [1785998356.417999503] [closed_loop_controller]: Received trajectory 317, duration 2.268s
[terrain_path_visualizer-10] [INFO] [1785998357.797327016] [terrain_path_segmenter]: Visualization advanced to segment 2/3
[scan_planner_node-4] [TRIG]: from EXEC_TRAJ to REPLAN_TRAJ
[scan_planner_node-4] [INFO] [1785998357.903124696] [scan_planner_node]: Reference path accepted
[scan_planner_node-4] 
[scan_planner_node-4] [rebo replan]: -------------------------------------615
[scan_planner_node-4] start: 6.02 5.18  1.4, -0.0488  -0.401 1.2e-05
[scan_planner_node-4] goal:  6   3 0.4, 0 0 0
[scan_planner_node-4] [32miter(+1)=6,time(ms)=0.025,total_t(ms)=0.025,cost=0.075
[scan_planner_node-4] [0mfirst_optimize_step_success=1
[scan_planner_node-4] Need to reallocate time.
[scan_planner_node-4] total time:[42m0.00028[0m,optimize:0.000147,refine:0.000134
[scan_planner_node-4] final_plan_success=1
[scan_planner_node-4] [FSM]: from REPLAN_TRAJ to EXEC_TRAJ
[closed_loop_controller-6] [INFO] [1785998357.904370075] [closed_loop_controller]: Received trajectory 318, duration 5.451s
[scan_planner_node-4] [INFO] [1785998358.296056908] [scan_planner_node]: [GridMapDiag] cloud=32768 accepted=15391 invalid=17377 below_sensor=0 outside_update=0 sensor_z=1.700 cutoff_z=2.700
[scan_planner_node-4] [INFO] [1785998360.311428740] [scan_planner_node]: [GridMapDiag] cloud=32768 accepted=21199 invalid=11569 below_sensor=0 outside_update=0 sensor_z=1.376 cutoff_z=2.376
[scan_planner_node-4] [FSM]: from EXEC_TRAJ to REPLAN_TRAJ
[scan_planner_node-4] [FSM]: state: REPLAN_TRAJ
[scan_planner_node-4] 
[scan_planner_node-4] [rebo replan]: -------------------------------------616
[scan_planner_node-4] start:     6  4.23 0.965, 0.00283  -0.572  -0.268
[scan_planner_node-4] goal:  6   3 0.4, 0 0 0
[scan_planner_node-4] [32miter(+1)=15,time(ms)=0.037,total_t(ms)=0.037,cost=0.254
[scan_planner_node-4] [0mfirst_optimize_step_success=1
[scan_planner_node-4] Need to reallocate time.
[scan_planner_node-4] total time:[42m0.000222[0m,optimize:0.000113,refine:0.000109
[scan_planner_node-4] final_plan_success=1
[scan_planner_node-4] [FSM]: from REPLAN_TRAJ to EXEC_TRAJ
[closed_loop_controller-6] [INFO] [1785998360.426126128] [closed_loop_controller]: Received trajectory 319, duration 2.916s
[scan_planner_node-4] [FSM]: from EXEC_TRAJ to REPLAN_TRAJ
[terrain_path_visualizer-10] [INFO] [1785998362.147400436] [terrain_path_segmenter]: Visualization advanced to segment 3/3
[scan_planner_node-4] 
[scan_planner_node-4] [rebo replan]: -------------------------------------617
[scan_planner_node-4] start:     6  3.25 0.629, -0.00135   -0.424   -0.116
[scan_planner_node-4] goal:  6   3 0.4, 0 0 0
[scan_planner_node-4] [32miter(+1)=10,time(ms)=0.037,total_t(ms)=0.038,cost=0.029
[scan_planner_node-4] [0mfirst_optimize_step_success=1
[scan_planner_node-4] total time:[42m0.000136[0m,optimize:0.000107,refine:2.89e-05
[scan_planner_node-4] final_plan_success=1
[scan_planner_node-4] [FSM]: from REPLAN_TRAJ to EXEC_TRAJ
[closed_loop_controller-6] [INFO] [1785998362.150471467] [closed_loop_controller]: Received trajectory 320, duration 1.920s
[scan_planner_node-4] [TRIG]: from EXEC_TRAJ to REPLAN_TRAJ
[scan_planner_node-4] [INFO] [1785998363.109795810] [scan_planner_node]: Reference path accepted
[scan_planner_node-4] 
[scan_planner_node-4] [rebo replan]: -------------------------------------618
[scan_planner_node-4] start:     6  3.04 0.495, -0.000488   -0.0906   -0.0729
[scan_planner_node-4] goal:    6 -0.65   0.4, -1.25e-05     -0.75         0
[scan_planner_node-4] [32miter(+1)=24,time(ms)=0.118,total_t(ms)=0.119,cost=0.014
[scan_planner_node-4] [0mfirst_optimize_step_success=1
[scan_planner_node-4] total time:[42m0.0004[0m,optimize:0.000338,refine:6.22e-05
[scan_planner_node-4] final_plan_success=1
[scan_planner_node-4] [FSM]: from REPLAN_TRAJ to EXEC_TRAJ
[closed_loop_controller-6] [INFO] [1785998363.110665192] [closed_loop_controller]: Received trajectory 321, duration 6.400s
[scan_planner_node-4] [INFO] [1785998363.245563414] [scan_planner_node]: [GridMapDiag] cloud=32768 accepted=27633 invalid=5135 below_sensor=0 outside_update=0 sensor_z=0.717 cutoff_z=1.717
[scan_planner_node-4] [FSM]: state: EXEC_TRAJ
[scan_planner_node-4] [INFO] [1785998365.373496416] [scan_planner_node]: [GridMapDiag] cloud=32768 accepted=27090 invalid=5678 below_sensor=0 outside_update=0 sensor_z=0.700 cutoff_z=1.700
[scan_planner_node-4] [FSM]: from EXEC_TRAJ to REPLAN_TRAJ
[scan_planner_node-4] 
[scan_planner_node-4] [rebo replan]: -------------------------------------619
[scan_planner_node-4] start:     6  1.97 0.473, -9.17e-05    -0.769   -0.0181
[scan_planner_node-4] goal:   6 -1.7  0.4, 0.000305    -0.75        0
[scan_planner_node-4] [32miter(+1)=6,time(ms)=0.034,total_t(ms)=0.034,cost=0.007
[scan_planner_node-4] [0mfirst_optimize_step_success=1
[scan_planner_node-4] total time:[42m0.000199[0m,optimize:0.000159,refine:4e-05
[scan_planner_node-4] final_plan_success=1
[scan_planner_node-4] [FSM]: from REPLAN_TRAJ to EXEC_TRAJ
[closed_loop_controller-6] [INFO] [1785998366.086086387] [closed_loop_controller]: Received trajectory 322, duration 5.760s
[scan_planner_node-4] [INFO] [1785998367.440554134] [scan_planner_node]: [GridMapDiag] cloud=32768 accepted=25675 invalid=7093 below_sensor=0 outside_update=0 sensor_z=0.700 cutoff_z=1.700
[scan_planner_node-4] [FSM]: from EXEC_TRAJ to REPLAN_TRAJ
[scan_planner_node-4] 
[scan_planner_node-4] [rebo replan]: -------------------------------------620
[scan_planner_node-4] start:     6 0.888 0.451, -0.00023    -0.63  -0.0123
[scan_planner_node-4] goal:    6 -2.58   0.4, -0.0381  -0.712       0
[scan_planner_node-4] [32miter(+1)=5,time(ms)=0.020,total_t(ms)=0.020,cost=0.001
[scan_planner_node-4] [0mfirst_optimize_step_success=1
[scan_planner_node-4] total time:[42m0.000192[0m,optimize:0.000149,refine:4.23e-05
[scan_planner_node-4] final_plan_success=1
[scan_planner_node-4] [FSM]: from REPLAN_TRAJ to EXEC_TRAJ
[closed_loop_controller-6] [INFO] [1785998367.814771579] [closed_loop_controller]: Received trajectory 323, duration 5.440s
[scan_planner_node-4] [FSM]: from EXEC_TRAJ to REPLAN_TRAJ
[scan_planner_node-4] [INFO] [1785998369.454835821] [scan_planner_node]: [GridMapDiag] cloud=32768 accepted=25125 invalid=7643 below_sensor=0 outside_update=0 sensor_z=0.700 cutoff_z=1.700
[scan_planner_node-4] 
[scan_planner_node-4] [rebo replan]: -------------------------------------621
[scan_planner_node-4] start:      6 -0.136  0.436, -5.65e-05    -0.625  -0.00927
[scan_planner_node-4] goal:5.2  -3 0.4,    -0.74 -0.00959        0
[scan_planner_node-4] [32miter(+1)=13,time(ms)=0.072,total_t(ms)=0.072,cost=0.005
[scan_planner_node-4] [0mfirst_optimize_step_success=1
[scan_planner_node-4] total time:[42m0.000312[0m,optimize:0.000249,refine:6.36e-05
[scan_planner_node-4] final_plan_success=1
[scan_planner_node-4] [FSM]: from REPLAN_TRAJ to EXEC_TRAJ
[closed_loop_controller-6] [INFO] [1785998369.455527371] [closed_loop_controller]: Received trajectory 324, duration 5.760s
[scan_planner_node-4] [FSM]: state: EXEC_TRAJ
[scan_planner_node-4] [FSM]: from EXEC_TRAJ to REPLAN_TRAJ
[scan_planner_node-4] 
[scan_planner_node-4] [rebo replan]: -------------------------------------622
[scan_planner_node-4] start:     6 -1.17 0.426,  0.00256   -0.629 -0.00635
[scan_planner_node-4] goal:4.15   -3  0.4,   -0.75 5.9e-05       0
[scan_planner_node-4] [32miter(+1)=12,time(ms)=0.045,total_t(ms)=0.046,cost=0.010
[scan_planner_node-4] [0mfirst_optimize_step_success=1
[scan_planner_node-4] total time:[42m0.000221[0m,optimize:0.000167,refine:5.39e-05
[scan_planner_node-4] final_plan_success=1
[scan_planner_node-4] [FSM]: from REPLAN_TRAJ to EXEC_TRAJ
[closed_loop_controller-6] [INFO] [1785998371.107200171] [closed_loop_controller]: Received trajectory 325, duration 5.760s
[scan_planner_node-4] [INFO] [1785998371.478637035] [scan_planner_node]: [GridMapDiag] cloud=32768 accepted=24611 invalid=8157 below_sensor=0 outside_update=0 sensor_z=0.700 cutoff_z=1.700
[scan_planner_node-4] [FSM]: from EXEC_TRAJ to REPLAN_TRAJ
[scan_planner_node-4] 
[scan_planner_node-4] [rebo replan]: -------------------------------------623
[scan_planner_node-4] start:  6.02  -2.2 0.418,   0.0503    -0.65 -0.00458
[scan_planner_node-4] goal:3.1  -3 0.4,    -0.75 3.61e-07        0
[scan_planner_node-4] [32miter(+1)=13,time(ms)=0.055,total_t(ms)=0.055,cost=0.009
[scan_planner_node-4] [0mfirst_optimize_step_success=1
[scan_planner_node-4] total time:[42m0.000244[0m,optimize:0.000204,refine:4.01e-05
[scan_planner_node-4] final_plan_success=1
[scan_planner_node-4] [FSM]: from REPLAN_TRAJ to EXEC_TRAJ
[closed_loop_controller-6] [INFO] [1785998372.759694893] [closed_loop_controller]: Received trajectory 326, duration 5.760s
[scan_planner_node-4] [INFO] [1785998373.479944477] [scan_planner_node]: [GridMapDiag] cloud=32768 accepted=24294 invalid=8474 below_sensor=0 outside_update=0 sensor_z=0.700 cutoff_z=1.700
[scan_planner_node-4] [FSM]: from EXEC_TRAJ to REPLAN_TRAJ
[scan_planner_node-4] 
[scan_planner_node-4] [rebo replan]: -------------------------------------624
[scan_planner_node-4] start:   5.4 -3.01 0.412,   -0.647  -0.0391 -0.00322
[scan_planner_node-4] goal:1.7  -3 0.4,    -0.75 -9.9e-10        0
[scan_planner_node-4] [32miter(+1)=9,time(ms)=0.039,total_t(ms)=0.039,cost=0.007
[scan_planner_node-4] [0mfirst_optimize_step_success=1
[scan_planner_node-4] total time:[42m0.000222[0m,optimize:0.000178,refine:4.45e-05
[scan_planner_node-4] final_plan_success=1
[scan_planner_node-4] [FSM]: from REPLAN_TRAJ to EXEC_TRAJ
[closed_loop_controller-6] [INFO] [1785998375.008731949] [closed_loop_controller]: Received trajectory 327, duration 6.080s
[scan_planner_node-4] [INFO] [1785998375.520352936] [scan_planner_node]: [GridMapDiag] cloud=32768 accepted=23911 invalid=8857 below_sensor=0 outside_update=0 sensor_z=0.700 cutoff_z=1.700
[scan_planner_node-4] [FSM]: state: EXEC_TRAJ
[scan_planner_node-4] [FSM]: from EXEC_TRAJ to REPLAN_TRAJ
[scan_planner_node-4] 
[scan_planner_node-4] [rebo replan]: -------------------------------------625
[scan_planner_node-4] start:  4.33    -3 0.408,   -0.628 -0.00691   -0.002
[scan_planner_node-4] goal:0.825    -3   0.4,     -0.75 -9.74e-11         0
[scan_planner_node-4] [32miter(+1)=13,time(ms)=0.049,total_t(ms)=0.049,cost=0.004
[scan_planner_node-4] [0mfirst_optimize_step_success=1
[scan_planner_node-4] total time:[42m0.000233[0m,optimize:0.000183,refine:5.01e-05
[scan_planner_node-4] final_plan_success=1
[scan_planner_node-4] [FSM]: from REPLAN_TRAJ to EXEC_TRAJ
[closed_loop_controller-6] [INFO] [1785998376.715502500] [closed_loop_controller]: Received trajectory 328, duration 5.760s
[scan_planner_node-4] [INFO] [1785998377.572747000] [scan_planner_node]: [GridMapDiag] cloud=32768 accepted=24009 invalid=8759 below_sensor=0 outside_update=0 sensor_z=0.700 cutoff_z=1.700
[scan_planner_node-4] [FSM]: from EXEC_TRAJ to REPLAN_TRAJ
[scan_planner_node-4] 
[scan_planner_node-4] [rebo replan]: -------------------------------------626
[scan_planner_node-4] start:  3.27    -3 0.406,  -0.624  0.0005 -0.0015
[scan_planner_node-4] goal:-0.4   -3  0.4,    -0.75 1.53e-11        0
[scan_planner_node-4] [32miter(+1)=14,time(ms)=0.087,total_t(ms)=0.087,cost=0.004
[scan_planner_node-4] [0mfirst_optimize_step_success=1
[scan_planner_node-4] total time:[42m0.000362[0m,optimize:0.000291,refine:7.06e-05
[scan_planner_node-4] final_plan_success=1
[scan_planner_node-4] [FSM]: from REPLAN_TRAJ to EXEC_TRAJ
[closed_loop_controller-6] [INFO] [1785998378.420710146] [closed_loop_controller]: Received trajectory 329, duration 6.080s
[scan_planner_node-4] [INFO] [1785998379.647049788] [scan_planner_node]: [GridMapDiag] cloud=32768 accepted=25093 invalid=7675 below_sensor=0 outside_update=0 sensor_z=0.700 cutoff_z=1.700
[scan_planner_node-4] [FSM]: from EXEC_TRAJ to REPLAN_TRAJ
[scan_planner_node-4] 
[scan_planner_node-4] [rebo replan]: -------------------------------------627
[scan_planner_node-4] start:  2.22    -3 0.404,     -0.62  0.000302 -0.000999
[scan_planner_node-4] goal:-1.27    -3   0.4,    -0.75 3.94e-10        0
[scan_planner_node-4] [32miter(+1)=13,time(ms)=0.050,total_t(ms)=0.050,cost=0.003
[scan_planner_node-4] [0mfirst_optimize_step_success=1
[scan_planner_node-4] total time:[42m0.000239[0m,optimize:0.000195,refine:4.43e-05
[scan_planner_node-4] final_plan_success=1
[scan_planner_node-4] [FSM]: from REPLAN_TRAJ to EXEC_TRAJ
[closed_loop_controller-6] [INFO] [1785998380.089100552] [closed_loop_controller]: Received trajectory 330, duration 5.760s
[scan_planner_node-4] [FSM]: state: EXEC_TRAJ
[scan_planner_node-4] [FSM]: from EXEC_TRAJ to REPLAN_TRAJ
[scan_planner_node-4] 
[scan_planner_node-4] [rebo replan]: -------------------------------------628
[scan_planner_node-4] start:   1.2    -3 0.403,    -0.626 -3.52e-05  -0.00075
[scan_planner_node-4] goal:-2.33    -3   0.4,    -0.75 7.16e-09        0
[scan_planner_node-4] [32miter(+1)=12,time(ms)=0.054,total_t(ms)=0.054,cost=0.003
[scan_planner_node-4] [0mfirst_optimize_step_success=1
[scan_planner_node-4] total time:[42m0.000263[0m,optimize:0.000207,refine:5.61e-05
[scan_planner_node-4] final_plan_success=1
[scan_planner_node-4] [FSM]: from REPLAN_TRAJ to EXEC_TRAJ
[closed_loop_controller-6] [INFO] [1785998381.730780045] [closed_loop_controller]: Received trajectory 331, duration 5.760s
[scan_planner_node-4] [INFO] [1785998381.773416509] [scan_planner_node]: [GridMapDiag] cloud=32768 accepted=25234 invalid=7534 below_sensor=0 outside_update=0 sensor_z=0.700 cutoff_z=1.700
[scan_planner_node-4] [FSM]: from EXEC_TRAJ to REPLAN_TRAJ
[scan_planner_node-4] 
[scan_planner_node-4] [rebo replan]: -------------------------------------629
[scan_planner_node-4] start: 0.156    -3 0.402,    -0.623  3.51e-06 -0.000525
[scan_planner_node-4] goal:-3.55    -3   0.4,    -0.75 4.71e-06        0
[scan_planner_node-4] [32miter(+1)=13,time(ms)=0.060,total_t(ms)=0.060,cost=0.004
[scan_planner_node-4] [0mfirst_optimize_step_success=1
[scan_planner_node-4] total time:[42m0.000281[0m,optimize:0.000227,refine:5.45e-05
[scan_planner_node-4] final_plan_success=1
[scan_planner_node-4] [FSM]: from REPLAN_TRAJ to EXEC_TRAJ
[closed_loop_controller-6] [INFO] [1785998383.401866331] [closed_loop_controller]: Received trajectory 332, duration 6.080s
[scan_planner_node-4] [INFO] [1785998383.834692441] [scan_planner_node]: [GridMapDiag] cloud=32768 accepted=25162 invalid=7606 below_sensor=0 outside_update=0 sensor_z=0.700 cutoff_z=1.700
[scan_planner_node-4] [FSM]: from EXEC_TRAJ to REPLAN_TRAJ
[scan_planner_node-4] 
[scan_planner_node-4] [rebo replan]: -------------------------------------630
[scan_planner_node-4] start: -0.919     -3  0.401,   -0.622 2.41e-07 -0.00035
[scan_planner_node-4] goal:-4.6   -3  0.4,     -0.75 -0.000765         0
[scan_planner_node-4] [32miter(+1)=5,time(ms)=0.023,total_t(ms)=0.023,cost=0.001
[scan_planner_node-4] [0mfirst_optimize_step_success=1
[scan_planner_node-4] total time:[42m0.000223[0m,optimize:0.000176,refine:4.7e-05
[scan_planner_node-4] final_plan_success=1
[scan_planner_node-4] [FSM]: from REPLAN_TRAJ to EXEC_TRAJ
[closed_loop_controller-6] [INFO] [1785998385.121460212] [closed_loop_controller]: Received trajectory 333, duration 5.760s
[scan_planner_node-4] [INFO] [1785998385.862276917] [scan_planner_node]: [GridMapDiag] cloud=32768 accepted=25067 invalid=7701 below_sensor=0 outside_update=0 sensor_z=0.700 cutoff_z=1.700
[scan_planner_node-4] [FSM]: state: EXEC_TRAJ
[scan_planner_node-4] [FSM]: from EXEC_TRAJ to REPLAN_TRAJ
[scan_planner_node-4] 
[scan_planner_node-4] [rebo replan]: -------------------------------------631
[scan_planner_node-4] start: -1.98    -3 0.401,    -0.625  3.45e-07 -0.000251
[scan_planner_node-4] goal:-5.48    -3   0.4,   -0.75 -0.0186       0
[scan_planner_node-4] [32miter(+1)=6,time(ms)=0.028,total_t(ms)=0.029,cost=0.001
[scan_planner_node-4] [0mfirst_optimize_step_success=1
[scan_planner_node-4] total time:[42m0.000226[0m,optimize:0.000182,refine:4.4e-05
[scan_planner_node-4] final_plan_success=1
[scan_planner_node-4] [FSM]: from REPLAN_TRAJ to EXEC_TRAJ
[closed_loop_controller-6] [INFO] [1785998386.815662340] [closed_loop_controller]: Received trajectory 334, duration 5.440s
[scan_planner_node-4] [INFO] [1785998387.910444413] [scan_planner_node]: [GridMapDiag] cloud=32768 accepted=24556 invalid=8212 below_sensor=0 outside_update=0 sensor_z=0.700 cutoff_z=1.700
[scan_planner_node-4] [FSM]: from EXEC_TRAJ to REPLAN_TRAJ
[scan_planner_node-4] 
[scan_planner_node-4] [rebo replan]: -------------------------------------632
[scan_planner_node-4] start: -3.03    -3 0.401,    -0.625 -1.13e-05 -0.000188
[scan_planner_node-4] goal:  -6 -2.3  0.4, -0.00383    0.746        0
[scan_planner_node-4] [32miter(+1)=12,time(ms)=0.048,total_t(ms)=0.048,cost=0.007
[scan_planner_node-4] [0mfirst_optimize_step_success=1
[scan_planner_node-4] total time:[42m0.000219[0m,optimize:0.000177,refine:4.18e-05
[scan_planner_node-4] final_plan_success=1
[scan_planner_node-4] [FSM]: from REPLAN_TRAJ to EXEC_TRAJ
[closed_loop_controller-6] [INFO] [1785998388.500302796] [closed_loop_controller]: Received trajectory 335, duration 5.760s
[scan_planner_node-4] [INFO] [1785998389.976948662] [scan_planner_node]: [GridMapDiag] cloud=32768 accepted=24016 invalid=8752 below_sensor=0 outside_update=0 sensor_z=0.700 cutoff_z=1.700
[scan_planner_node-4] [FSM]: from EXEC_TRAJ to REPLAN_TRAJ
[scan_planner_node-4] 
[scan_planner_node-4] [rebo replan]: -------------------------------------633
[scan_planner_node-4] start: -4.08    -3 0.401,    -0.623  -0.00143 -0.000128
[scan_planner_node-4] goal:   -6 -1.42   0.4, -0.000377      0.75         0
[scan_planner_node-4] [32miter(+1)=12,time(ms)=0.080,total_t(ms)=0.080,cost=0.006
[scan_planner_node-4] [0mfirst_optimize_step_success=1
[scan_planner_node-4] total time:[42m0.000361[0m,optimize:0.000285,refine:7.54e-05
[scan_planner_node-4] final_plan_success=1
[scan_planner_node-4] [FSM]: from REPLAN_TRAJ to EXEC_TRAJ
[closed_loop_controller-6] [INFO] [1785998390.174082603] [closed_loop_controller]: Received trajectory 336, duration 5.120s
[scan_planner_node-4] [FSM]: from EXEC_TRAJ to REPLAN_TRAJ
[scan_planner_node-4] 
[scan_planner_node-4] [rebo replan]: -------------------------------------634
[scan_planner_node-4] start: -5.13 -3.01   0.4,    -0.643   -0.0712 -9.75e-05
[scan_planner_node-4] goal:    -6 -0.375    0.4, 3.58e-06     0.75        0
[scan_planner_node-4] [32miter(+1)=10,time(ms)=0.042,total_t(ms)=0.043,cost=0.006
[scan_planner_node-4] [0mfirst_optimize_step_success=1
[scan_planner_node-4] total time:[42m0.000225[0m,optimize:0.000184,refine:4.12e-05
[scan_planner_node-4] final_plan_success=1
[scan_planner_node-4] [FSM]: from REPLAN_TRAJ to EXEC_TRAJ
[closed_loop_controller-6] [INFO] [1785998391.871588158] [closed_loop_controller]: Received trajectory 337, duration 5.120s
[scan_planner_node-4] [INFO] [1785998392.074885859] [scan_planner_node]: [GridMapDiag] cloud=32768 accepted=23970 invalid=8798 below_sensor=0 outside_update=0 sensor_z=0.700 cutoff_z=1.700
[scan_planner_node-4] [FSM]: state: EXEC_TRAJ
[scan_planner_node-4] [INFO] [1785998394.077229792] [scan_planner_node]: [GridMapDiag] cloud=32768 accepted=24373 invalid=8395 below_sensor=0 outside_update=0 sensor_z=0.700 cutoff_z=1.700
[scan_planner_node-4] [FSM]: from EXEC_TRAJ to REPLAN_TRAJ
[scan_planner_node-4] 
[scan_planner_node-4] [rebo replan]: -------------------------------------635
[scan_planner_node-4] start: -6.01 -2.46   0.4,   -0.0541     0.647 -6.72e-05
[scan_planner_node-4] goal: -6   1 0.4, 0 0 0
[scan_planner_node-4] [32miter(+1)=25,time(ms)=0.103,total_t(ms)=0.103,cost=0.020
[scan_planner_node-4] [0mfirst_optimize_step_success=1
[scan_planner_node-4] total time:[42m0.000283[0m,optimize:0.00024,refine:4.26e-05
[scan_planner_node-4] final_plan_success=1
[scan_planner_node-4] [FSM]: from REPLAN_TRAJ to EXEC_TRAJ
[closed_loop_controller-6] [INFO] [1785998394.219237810] [closed_loop_controller]: Received trajectory 338, duration 5.760s
[scan_planner_node-4] [FSM]: from EXEC_TRAJ to REPLAN_TRAJ
[scan_planner_node-4] 
[scan_planner_node-4] [rebo replan]: -------------------------------------636
[scan_planner_node-4] start: -5.99 -1.37   0.4,   -0.0092     0.592 -4.03e-05
[scan_planner_node-4] goal: -6   1 0.4, 0 0 0
[scan_planner_node-4] [32miter(+1)=26,time(ms)=0.127,total_t(ms)=0.128,cost=0.021
[scan_planner_node-4] [0mfirst_optimize_step_success=1
[scan_planner_node-4] total time:[42m0.000299[0m,optimize:0.000254,refine:4.51e-05
[scan_planner_node-4] final_plan_success=1
[scan_planner_node-4] [FSM]: from REPLAN_TRAJ to EXEC_TRAJ
[closed_loop_controller-6] [INFO] [1785998395.947941696] [closed_loop_controller]: Received trajectory 339, duration 3.840s
[scan_planner_node-4] [INFO] [1785998396.172682883] [scan_planner_node]: [GridMapDiag] cloud=32768 accepted=24969 invalid=7799 below_sensor=0 outside_update=0 sensor_z=0.700 cutoff_z=1.700
[scan_planner_node-4] [FSM]: from EXEC_TRAJ to REPLAN_TRAJ
[scan_planner_node-4] 
[scan_planner_node-4] [rebo replan]: -------------------------------------637
[scan_planner_node-4] start:     -6 -0.346    0.4,   0.00216     0.779 -4.06e-05
[scan_planner_node-4] goal: -6   1 0.4, 0 0 0
[scan_planner_node-4] [32miter(+1)=11,time(ms)=0.027,total_t(ms)=0.027,cost=0.063
[scan_planner_node-4] [0mfirst_optimize_step_success=1
[scan_planner_node-4] Need to reallocate time.
[scan_planner_node-4] total time:[42m0.000182[0m,optimize:9.12e-05,refine:9.13e-05
[scan_planner_node-4] final_plan_success=1
[scan_planner_node-4] [FSM]: from REPLAN_TRAJ to EXEC_TRAJ
[closed_loop_controller-6] [INFO] [1785998397.373571735] [closed_loop_controller]: Received trajectory 340, duration 2.622s
[scan_planner_node-4] [INFO] [1785998398.266775591] [scan_planner_node]: [GridMapDiag] cloud=32768 accepted=25927 invalid=6841 below_sensor=0 outside_update=0 sensor_z=0.700 cutoff_z=1.700
[scan_planner_node-4] [FSM]: from EXEC_TRAJ to REPLAN_TRAJ
[scan_planner_node-4] 
[scan_planner_node-4] [rebo replan]: -------------------------------------638
[scan_planner_node-4] start:    -6 0.715   0.4, -0.000871     0.518 -2.79e-05
[scan_planner_node-4] goal: -6   1 0.4, 0 0 0
[scan_planner_node-4] [32miter(+1)=13,time(ms)=0.051,total_t(ms)=0.051,cost=0.001
[scan_planner_node-4] [0mfirst_optimize_step_success=1
[scan_planner_node-4] total time:[42m0.000149[0m,optimize:0.000125,refine:2.36e-05
[scan_planner_node-4] final_plan_success=1
[scan_planner_node-4] [FSM]: from REPLAN_TRAJ to EXEC_TRAJ
[closed_loop_controller-6] [INFO] [1785998398.872840670] [closed_loop_controller]: Received trajectory 341, duration 2.240s
[loop_path_publisher.py-9] [INFO] [1785998399.531614393] [loop_path_publisher]: Published shuttle route with 31 dense points, run 17
[terrain_path_visualizer-10] [INFO] [1785998399.538420261] [terrain_path_segmenter]: Segmented 31 path points into 2 sections
[scan_planner_node-4] [FSM]: state: EXEC_TRAJ
[scan_planner_node-4] [TRIG]: from EXEC_TRAJ to REPLAN_TRAJ
[scan_planner_node-4] [INFO] [1785998399.676716728] [scan_planner_node]: Reference path accepted
[scan_planner_node-4] 
[scan_planner_node-4] [rebo replan]: -------------------------------------639
[scan_planner_node-4] start:    -6 0.939   0.4,  -0.00128      0.15 -1.77e-05
[scan_planner_node-4] goal:  -6 4.53 1.28, 0 0 0
[scan_planner_node-4] [32miter(+1)=38,time(ms)=0.512,total_t(ms)=0.513,cost=0.008
[scan_planner_node-4] [0mfirst_optimize_step_success=1
[scan_planner_node-4] total time:[42m0.000986[0m,optimize:0.000861,refine:0.000125
[scan_planner_node-4] final_plan_success=1
[scan_planner_node-4] [FSM]: from REPLAN_TRAJ to EXEC_TRAJ
[closed_loop_controller-6] [INFO] [1785998399.678310495] [closed_loop_controller]: Received trajectory 342, duration 6.400s
[scan_planner_node-4] [INFO] [1785998400.426597802] [scan_planner_node]: [GridMapDiag] cloud=32768 accepted=26969 invalid=5799 below_sensor=0 outside_update=0 sensor_z=0.705 cutoff_z=1.705
[scan_planner_node-4] [FSM]: from EXEC_TRAJ to REPLAN_TRAJ
[scan_planner_node-4] 
[scan_planner_node-4] [rebo replan]: -------------------------------------640
[scan_planner_node-4] start:    -6     2 0.602, 0.000407    0.759    0.204
[scan_planner_node-4] goal: -6   5 1.4, 0 0 0
[scan_planner_node-4] [32miter(+1)=24,time(ms)=0.777,total_t(ms)=0.778,cost=0.068
[scan_planner_node-4] [0mfirst_optimize_step_success=1
[scan_planner_node-4] Need to reallocate time.
[scan_planner_node-4] total time:[42m0.00121[0m,optimize:0.000964,refine:0.000245
[scan_planner_node-4] final_plan_success=1
[scan_planner_node-4] [FSM]: from REPLAN_TRAJ to EXEC_TRAJ
[closed_loop_controller-6] [INFO] [1785998401.960155246] [closed_loop_controller]: Received trajectory 343, duration 6.172s
[scan_planner_node-4] [INFO] [1785998402.611930883] [scan_planner_node]: [GridMapDiag] cloud=32768 accepted=26794 invalid=5974 below_sensor=0 outside_update=0 sensor_z=1.053 cutoff_z=2.053
[scan_planner_node-4] [FSM]: from EXEC_TRAJ to REPLAN_TRAJ
[scan_planner_node-4] 
[scan_planner_node-4] [rebo replan]: -------------------------------------641
[scan_planner_node-4] start:    -6  2.99 0.857, -0.000209     0.367     0.126
[scan_planner_node-4] goal: -6   5 1.4, 0 0 0
[scan_planner_node-4] [32miter(+1)=17,time(ms)=0.050,total_t(ms)=0.050,cost=0.062
[scan_planner_node-4] [0mfirst_optimize_step_success=1
[scan_planner_node-4] Need to reallocate time.
[scan_planner_node-4] total time:[42m0.000281[0m,optimize:0.000133,refine:0.000147
[scan_planner_node-4] final_plan_success=1
[scan_planner_node-4] [FSM]: from REPLAN_TRAJ to EXEC_TRAJ
[closed_loop_controller-6] [INFO] [1785998403.844851570] [closed_loop_controller]: Received trajectory 344, duration 4.218s
[scan_planner_node-4] [FSM]: state: EXEC_TRAJ
[scan_planner_node-4] [INFO] [1785998404.621369219] [scan_planner_node]: [GridMapDiag] cloud=32768 accepted=22691 invalid=10077 below_sensor=0 outside_update=0 sensor_z=1.270 cutoff_z=2.270
[scan_planner_node-4] [FSM]: from EXEC_TRAJ to REPLAN_TRAJ
[scan_planner_node-4] 
[scan_planner_node-4] [rebo replan]: -------------------------------------642
[scan_planner_node-4] start:   -6 4.02 1.13, -0.000281     0.696     0.126
[scan_planner_node-4] goal: -6   5 1.4, 0 0 0
[scan_planner_node-4] [32miter(+1)=11,time(ms)=0.025,total_t(ms)=0.025,cost=0.054
[scan_planner_node-4] [0mfirst_optimize_step_success=1
[scan_planner_node-4] Need to reallocate time.
[scan_planner_node-4] total time:[42m0.000155[0m,optimize:8.42e-05,refine:7.06e-05
[scan_planner_node-4] final_plan_success=1
[scan_planner_node-4] [FSM]: from REPLAN_TRAJ to EXEC_TRAJ
[closed_loop_controller-6] [INFO] [1785998405.800972825] [closed_loop_controller]: Received trajectory 345, duration 2.141s
[scan_planner_node-4] [INFO] [1785998406.689991639] [scan_planner_node]: [GridMapDiag] cloud=32768 accepted=16939 invalid=15829 below_sensor=0 outside_update=0 sensor_z=1.593 cutoff_z=2.593
[terrain_path_visualizer-10] [INFO] [1785998406.867565476] [terrain_path_segmenter]: Visualization advanced to segment 2/2
[scan_planner_node-4] [TRIG]: from EXEC_TRAJ to REPLAN_TRAJ
[scan_planner_node-4] [INFO] [1785998406.963061703] [scan_planner_node]: Reference path accepted
[scan_planner_node-4] 
[scan_planner_node-4] [rebo replan]: -------------------------------------643
[scan_planner_node-4] start:  -6 4.8 1.3, -0.000126     0.499     0.135
[scan_planner_node-4] goal: -6   7 1.4, 0 0 0
[scan_planner_node-4] [32miter(+1)=7,time(ms)=0.040,total_t(ms)=0.040,cost=0.058
[scan_planner_node-4] [0mfirst_optimize_step_success=1
[scan_planner_node-4] Need to reallocate time.
[scan_planner_node-4] total time:[42m0.000358[0m,optimize:0.00017,refine:0.000188
[scan_planner_node-4] final_plan_success=1
[scan_planner_node-4] [FSM]: from REPLAN_TRAJ to EXEC_TRAJ
[closed_loop_controller-6] [INFO] [1785998406.964245821] [closed_loop_controller]: Received trajectory 346, duration 4.923s
[scan_planner_node-4] [INFO] [1785998408.746522513] [scan_planner_node]: [GridMapDiag] cloud=32768 accepted=15464 invalid=17304 below_sensor=0 outside_update=0 sensor_z=1.700 cutoff_z=2.700
[scan_planner_node-4] [FSM]: from EXEC_TRAJ to REPLAN_TRAJ
[scan_planner_node-4] 
[scan_planner_node-4] [rebo replan]: -------------------------------------644
[scan_planner_node-4] start:   -6 5.86 1.35, 4.54e-06    0.624   0.0263
[scan_planner_node-4] goal: -6   7 1.4, 0 0 0
[scan_planner_node-4] [32miter(+1)=10,time(ms)=0.031,total_t(ms)=0.031,cost=0.122
[scan_planner_node-4] [0mfirst_optimize_step_success=1
[scan_planner_node-4] Need to reallocate time.
[scan_planner_node-4] total time:[42m0.000194[0m,optimize:0.000108,refine:8.56e-05
[scan_planner_node-4] final_plan_success=1
[scan_planner_node-4] [FSM]: from REPLAN_TRAJ to EXEC_TRAJ
[closed_loop_controller-6] [INFO] [1785998409.283329001] [closed_loop_controller]: Received trajectory 347, duration 2.286s
[scan_planner_node-4] [FSM]: state: EXEC_TRAJ
[scan_planner_node-4] [INFO] [1785998410.750211550] [scan_planner_node]: [GridMapDiag] cloud=32768 accepted=15260 invalid=17508 below_sensor=0 outside_update=0 sensor_z=1.700 cutoff_z=2.700
[scan_planner_node-4] [FSM]: from EXEC_TRAJ to REPLAN_TRAJ
[scan_planner_node-4] 
[scan_planner_node-4] [rebo replan]: -------------------------------------645
[scan_planner_node-4] start:   -6 6.89 1.39, 5.17e-06    0.314   0.0337
[scan_planner_node-4] goal: -6   7 1.4, 0 0 0
[scan_planner_node-4] Close to goal
[scan_planner_node-4] final_plan_success=0
[scan_planner_node-4] 
[scan_planner_node-4] [rebo replan]: -------------------------------------646
[scan_planner_node-4] start:   -6 6.89 1.39, 5.17e-06    0.314   0.0337
[scan_planner_node-4] goal: -6   7 1.4, 0 0 0
[scan_planner_node-4] Close to goal
[scan_planner_node-4] final_plan_success=0
[scan_planner_node-4] 
[scan_planner_node-4] [rebo replan]: -------------------------------------647
[scan_planner_node-4] start:   -6 6.89 1.39, 5.17e-06    0.314   0.0337
[scan_planner_node-4] goal: -6   7 1.4, 0 0 0
[scan_planner_node-4] Close to goal
[scan_planner_node-4] final_plan_success=0
[scan_planner_node-4] [FSM]: from REPLAN_TRAJ to REPLAN_TRAJ
[scan_planner_node-4] 
[scan_planner_node-4] [rebo replan]: -------------------------------------648
[scan_planner_node-4] start:   -6 6.91 1.39, 4.39e-06    0.263   0.0345
[scan_planner_node-4] goal: -6   7 1.4, 0 0 0
[scan_planner_node-4] Close to goal
[scan_planner_node-4] final_plan_success=0
[scan_planner_node-4] 
[scan_planner_node-4] [rebo replan]: -------------------------------------649
[scan_planner_node-4] start:   -6 6.91 1.39, 4.39e-06    0.263   0.0345
[scan_planner_node-4] goal: -6   7 1.4, 0 0 0
[scan_planner_node-4] Close to goal
[scan_planner_node-4] final_plan_success=0
[scan_planner_node-4] 
[scan_planner_node-4] [rebo replan]: -------------------------------------650
[scan_planner_node-4] start:   -6 6.91 1.39, 4.39e-06    0.263   0.0345
[scan_planner_node-4] goal: -6   7 1.4, 0 0 0
[scan_planner_node-4] Close to goal
[scan_planner_node-4] final_plan_success=0
[scan_planner_node-4] [FSM]: from REPLAN_TRAJ to REPLAN_TRAJ
[scan_planner_node-4] 
[scan_planner_node-4] [rebo replan]: -------------------------------------651
[scan_planner_node-4] start:   -6 6.92 1.39, 3.89e-06    0.232   0.0335
[scan_planner_node-4] goal: -6   7 1.4, 0 0 0
[scan_planner_node-4] Close to goal
[scan_planner_node-4] final_plan_success=0
[scan_planner_node-4] 
[scan_planner_node-4] [rebo replan]: -------------------------------------652
[scan_planner_node-4] start:   -6 6.92 1.39, 3.89e-06    0.232   0.0335
[scan_planner_node-4] goal: -6   7 1.4, 0 0 0
[scan_planner_node-4] Close to goal
[scan_planner_node-4] final_plan_success=0
[scan_planner_node-4] 
[scan_planner_node-4] [rebo replan]: -------------------------------------653
[scan_planner_node-4] start:   -6 6.92 1.39, 3.89e-06    0.232   0.0335
[scan_planner_node-4] goal: -6   7 1.4, 0 0 0
[scan_planner_node-4] Close to goal
[scan_planner_node-4] final_plan_success=0
[scan_planner_node-4] [FSM]: from REPLAN_TRAJ to REPLAN_TRAJ
[scan_planner_node-4] 
[scan_planner_node-4] [rebo replan]: -------------------------------------654
[scan_planner_node-4] start:   -6 6.93 1.39, 3.4e-06   0.202  0.0314
[scan_planner_node-4] goal: -6   7 1.4, 0 0 0
[scan_planner_node-4] Close to goal
[scan_planner_node-4] final_plan_success=0
[scan_planner_node-4] 
[scan_planner_node-4] [rebo replan]: -------------------------------------655
[scan_planner_node-4] start:   -6 6.93 1.39, 3.4e-06   0.202  0.0314
[scan_planner_node-4] goal: -6   7 1.4, 0 0 0
[scan_planner_node-4] Close to goal
[scan_planner_node-4] final_plan_success=0
[scan_planner_node-4] 
[scan_planner_node-4] [rebo replan]: -------------------------------------656
[scan_planner_node-4] start:   -6 6.93 1.39, 3.4e-06   0.202  0.0314
[scan_planner_node-4] goal: -6   7 1.4, 0 0 0
[scan_planner_node-4] Close to goal
[scan_planner_node-4] final_plan_success=0
[scan_planner_node-4] [FSM]: from REPLAN_TRAJ to REPLAN_TRAJ
[scan_planner_node-4] 
[scan_planner_node-4] [rebo replan]: -------------------------------------657
[scan_planner_node-4] start:   -6 6.94 1.39, 2.82e-06    0.167   0.0277
[scan_planner_node-4] goal: -6   7 1.4, 0 0 0
[scan_planner_node-4] Close to goal
[scan_planner_node-4] final_plan_success=0
[scan_planner_node-4] 
[scan_planner_node-4] [rebo replan]: -------------------------------------658
[scan_planner_node-4] start:   -6 6.94 1.39, 2.82e-06    0.167   0.0277
[scan_planner_node-4] goal: -6   7 1.4, 0 0 0
[scan_planner_node-4] Close to goal
[scan_planner_node-4] final_plan_success=0
[scan_planner_node-4] 
[scan_planner_node-4] [rebo replan]: -------------------------------------659
[scan_planner_node-4] start:   -6 6.94 1.39, 2.82e-06    0.167   0.0277
[scan_planner_node-4] goal: -6   7 1.4, 0 0 0
[scan_planner_node-4] Close to goal
[scan_planner_node-4] final_plan_success=0
[scan_planner_node-4] [FSM]: from REPLAN_TRAJ to REPLAN_TRAJ
[loop_path_publisher.py-9] [INFO] [1785998411.155928290] [loop_path_publisher]: Published shuttle route with 193 dense points, run 18
[terrain_path_visualizer-10] [INFO] [1785998411.184044068] [terrain_path_segmenter]: Segmented 193 path points into 3 sections
[scan_planner_node-4] 
[scan_planner_node-4] [rebo replan]: -------------------------------------660
[scan_planner_node-4] start:   -6 6.95  1.4, 1.85e-06     0.11   0.0187
[scan_planner_node-4] goal: -6   7 1.4, 0 0 0
[scan_planner_node-4] Close to goal
[scan_planner_node-4] final_plan_success=0
[scan_planner_node-4] 
[scan_planner_node-4] [rebo replan]: -------------------------------------661
[scan_planner_node-4] start:   -6 6.95  1.4, 1.85e-06     0.11   0.0187
[scan_planner_node-4] goal: -6   7 1.4, 0 0 0
[scan_planner_node-4] Close to goal
[scan_planner_node-4] final_plan_success=0
[scan_planner_node-4] 
[scan_planner_node-4] [rebo replan]: -------------------------------------662
[scan_planner_node-4] start:   -6 6.95  1.4, 1.85e-06     0.11   0.0187
[scan_planner_node-4] goal: -6   7 1.4, 0 0 0
[scan_planner_node-4] Close to goal
[scan_planner_node-4] final_plan_success=0
[scan_planner_node-4] [FSM]: from REPLAN_TRAJ to REPLAN_TRAJ
[scan_planner_node-4] [INFO] [1785998411.707529033] [scan_planner_node]: Reference path accepted
[scan_planner_node-4] 
[scan_planner_node-4] [rebo replan]: -------------------------------------663
[scan_planner_node-4] start:   -6 6.96  1.4, 3.89e-09 0.000702 0.000109
[scan_planner_node-4] goal:-2.35     7   1.4,      0.75 -1.31e-16         0
[scan_planner_node-4] [32miter(+1)=6,time(ms)=0.045,total_t(ms)=0.046,cost=0.033
[scan_planner_node-4] [0mfirst_optimize_step_success=1
[scan_planner_node-4] total time:[42m0.000351[0m,optimize:0.000273,refine:7.86e-05
[scan_planner_node-4] final_plan_success=1
[scan_planner_node-4] [FSM]: from REPLAN_TRAJ to EXEC_TRAJ
[closed_loop_controller-6] [INFO] [1785998411.708648716] [closed_loop_controller]: Received trajectory 348, duration 6.080s
[scan_planner_node-4] [INFO] [1785998412.777280980] [scan_planner_node]: [GridMapDiag] cloud=32768 accepted=15212 invalid=17556 below_sensor=0 outside_update=0 sensor_z=1.700 cutoff_z=2.700
[scan_planner_node-4] [INFO] [1785998414.930618215] [scan_planner_node]: [GridMapDiag] cloud=32768 accepted=15365 invalid=17403 below_sensor=0 outside_update=0 sensor_z=1.700 cutoff_z=2.700
[scan_planner_node-4] [FSM]: state: EXEC_TRAJ
[scan_planner_node-4] [FSM]: from EXEC_TRAJ to REPLAN_TRAJ
[scan_planner_node-4] 
[scan_planner_node-4] [rebo replan]: -------------------------------------664
[scan_planner_node-4] start: -4.95  6.98   1.4,    0.782   0.0105 0.000397
[scan_planner_node-4] goal:-1.47     7   1.4,     0.75 7.97e-16        0
[scan_planner_node-4] [32miter(+1)=7,time(ms)=0.040,total_t(ms)=0.040,cost=0.009
[scan_planner_node-4] [0mfirst_optimize_step_success=1
[scan_planner_node-4] total time:[42m0.000234[0m,optimize:0.000192,refine:4.13e-05
[scan_planner_node-4] final_plan_success=1
[scan_planner_node-4] [FSM]: from REPLAN_TRAJ to EXEC_TRAJ
[closed_loop_controller-6] [INFO] [1785998416.395825496] [closed_loop_controller]: Received trajectory 349, duration 5.440s
[scan_planner_node-4] [INFO] [1785998417.033312374] [scan_planner_node]: [GridMapDiag] cloud=32768 accepted=16929 invalid=15839 below_sensor=0 outside_update=0 sensor_z=1.700 cutoff_z=2.700
[scan_planner_node-4] [FSM]: from EXEC_TRAJ to REPLAN_TRAJ
[scan_planner_node-4] 
[scan_planner_node-4] [rebo replan]: -------------------------------------665
[scan_planner_node-4] start: -3.91  6.99   1.4,    0.642  0.00597 0.000236
[scan_planner_node-4] goal:-0.25     7   1.4,     0.75 5.24e-13        0
[scan_planner_node-4] [32miter(+1)=4,time(ms)=0.022,total_t(ms)=0.023,cost=0.001
[scan_planner_node-4] [0mfirst_optimize_step_success=1
[scan_planner_node-4] total time:[42m0.000245[0m,optimize:0.000198,refine:4.73e-05
[scan_planner_node-4] final_plan_success=1
[scan_planner_node-4] [FSM]: from REPLAN_TRAJ to EXEC_TRAJ
[closed_loop_controller-6] [INFO] [1785998418.054562862] [closed_loop_controller]: Received trajectory 350, duration 5.760s
[scan_planner_node-4] [INFO] [1785998419.038997584] [scan_planner_node]: [GridMapDiag] cloud=32768 accepted=19373 invalid=13395 below_sensor=0 outside_update=0 sensor_z=1.700 cutoff_z=2.700
[scan_planner_node-4] [FSM]: from EXEC_TRAJ to REPLAN_TRAJ
[scan_planner_node-4] 
[scan_planner_node-4] [rebo replan]: -------------------------------------666
[scan_planner_node-4] start: -2.85     7   1.4,    0.625 0.000882 0.000156
[scan_planner_node-4] goal:0.625     7   1.4,    0.75 4.2e-11       0
[scan_planner_node-4] [32miter(+1)=4,time(ms)=0.027,total_t(ms)=0.027,cost=0.001
[scan_planner_node-4] [0mfirst_optimize_step_success=1
[scan_planner_node-4] total time:[42m0.000236[0m,optimize:0.000179,refine:5.73e-05
[scan_planner_node-4] final_plan_success=1
[scan_planner_node-4] [FSM]: from REPLAN_TRAJ to EXEC_TRAJ
[closed_loop_controller-6] [INFO] [1785998419.755021667] [closed_loop_controller]: Received trajectory 351, duration 5.440s
[scan_planner_node-4] [INFO] [1785998421.139237584] [scan_planner_node]: [GridMapDiag] cloud=32768 accepted=20644 invalid=12124 below_sensor=0 outside_update=0 sensor_z=1.700 cutoff_z=2.700
[scan_planner_node-4] [FSM]: from EXEC_TRAJ to REPLAN_TRAJ
[scan_planner_node-4] 
[scan_planner_node-4] [rebo replan]: -------------------------------------667
[scan_planner_node-4] start: -1.78     7   1.4,    0.625 0.000207 0.000116
[scan_planner_node-4] goal:1.85    7  1.4,     0.75 6.37e-09        0
[scan_planner_node-4] [32miter(+1)=4,time(ms)=0.021,total_t(ms)=0.022,cost=0.004
[scan_planner_node-4] [0mfirst_optimize_step_success=1
[scan_planner_node-4] total time:[42m0.000244[0m,optimize:0.000193,refine:5.19e-05
[scan_planner_node-4] final_plan_success=1
[scan_planner_node-4] [FSM]: from REPLAN_TRAJ to EXEC_TRAJ
[closed_loop_controller-6] [INFO] [1785998421.473604975] [closed_loop_controller]: Received trajectory 352, duration 5.760s
[scan_planner_node-4] [FSM]: state: EXEC_TRAJ
[scan_planner_node-4] [FSM]: from EXEC_TRAJ to REPLAN_TRAJ
[scan_planner_node-4] 
[scan_planner_node-4] [rebo replan]: -------------------------------------668
[scan_planner_node-4] start: -0.737      7    1.4,    0.625 0.000122 7.74e-05
[scan_planner_node-4] goal:2.73    7  1.4,      0.75 -3.86e-08         0
[scan_planner_node-4] [32miter(+1)=4,time(ms)=0.021,total_t(ms)=0.022,cost=0.001
[scan_planner_node-4] [0mfirst_optimize_step_success=1
[scan_planner_node-4] total time:[42m0.000236[0m,optimize:0.000182,refine:5.42e-05
[scan_planner_node-4] final_plan_success=1
[scan_planner_node-4] [FSM]: from REPLAN_TRAJ to EXEC_TRAJ
[closed_loop_controller-6] [INFO] [1785998423.138464235] [closed_loop_controller]: Received trajectory 353, duration 5.440s
[scan_planner_node-4] [INFO] [1785998423.224159210] [scan_planner_node]: [GridMapDiag] cloud=32768 accepted=20969 invalid=11799 below_sensor=0 outside_update=0 sensor_z=1.700 cutoff_z=2.700
[scan_planner_node-4] [FSM]: from EXEC_TRAJ to REPLAN_TRAJ
[scan_planner_node-4] 
[scan_planner_node-4] [rebo replan]: -------------------------------------669
[scan_planner_node-4] start: 0.326     7   1.4,    0.625 1.64e-05 5.76e-05
[scan_planner_node-4] goal:3.95    7  1.4,      0.75 -2.54e-05         0
[scan_planner_node-4] [32miter(+1)=4,time(ms)=0.027,total_t(ms)=0.028,cost=0.004
[scan_planner_node-4] [0mfirst_optimize_step_success=1
[scan_planner_node-4] total time:[42m0.000296[0m,optimize:0.00023,refine:6.52e-05
[scan_planner_node-4] final_plan_success=1
[scan_planner_node-4] [FSM]: from REPLAN_TRAJ to EXEC_TRAJ
[closed_loop_controller-6] [INFO] [1785998424.838655084] [closed_loop_controller]: Received trajectory 354, duration 5.760s
[scan_planner_node-4] [INFO] [1785998425.332207847] [scan_planner_node]: [GridMapDiag] cloud=32768 accepted=20976 invalid=11792 below_sensor=0 outside_update=0 sensor_z=1.700 cutoff_z=2.700
[scan_planner_node-4] [FSM]: from EXEC_TRAJ to REPLAN_TRAJ
[scan_planner_node-4] 
[scan_planner_node-4] [rebo replan]: -------------------------------------670
[scan_planner_node-4] start: 1.39    7  1.4,    0.625 9.43e-06 3.81e-05
[scan_planner_node-4] goal:  5   7 1.4,    0.75 0.00411       0
[scan_planner_node-4] [32miter(+1)=4,time(ms)=0.016,total_t(ms)=0.017,cost=0.005
[scan_planner_node-4] [0mfirst_optimize_step_success=1
[scan_planner_node-4] total time:[42m0.000201[0m,optimize:0.000156,refine:4.48e-05
[scan_planner_node-4] final_plan_success=1
[scan_planner_node-4] [FSM]: from REPLAN_TRAJ to EXEC_TRAJ
[closed_loop_controller-6] [INFO] [1785998426.535457612] [closed_loop_controller]: Received trajectory 355, duration 5.760s
[scan_planner_node-4] [FSM]: state: EXEC_TRAJ
[scan_planner_node-4] [INFO] [1785998427.378092119] [scan_planner_node]: [GridMapDiag] cloud=32768 accepted=20732 invalid=12036 below_sensor=0 outside_update=0 sensor_z=1.700 cutoff_z=2.700
[scan_planner_node-4] [FSM]: from EXEC_TRAJ to REPLAN_TRAJ
[scan_planner_node-4] 
[scan_planner_node-4] [rebo replan]: -------------------------------------671
[scan_planner_node-4] start: 2.44    7  1.4,     0.625 -3.48e-08  2.71e-05
[scan_planner_node-4] goal:5.89 7.01  1.4, 0.743 0.103     0
[scan_planner_node-4] [32miter(+1)=6,time(ms)=0.025,total_t(ms)=0.025,cost=0.003
[scan_planner_node-4] [0mfirst_optimize_step_success=1
[scan_planner_node-4] total time:[42m0.000186[0m,optimize:0.000148,refine:3.8e-05
[scan_planner_node-4] final_plan_success=1
[scan_planner_node-4] [FSM]: from REPLAN_TRAJ to EXEC_TRAJ
[closed_loop_controller-6] [INFO] [1785998428.223283364] [closed_loop_controller]: Received trajectory 356, duration 5.440s
[scan_planner_node-4] [INFO] [1785998429.470507628] [scan_planner_node]: [GridMapDiag] cloud=32768 accepted=19623 invalid=13145 below_sensor=0 outside_update=0 sensor_z=1.700 cutoff_z=2.700
[scan_planner_node-4] [FSM]: from EXEC_TRAJ to REPLAN_TRAJ
[scan_planner_node-4] 
[scan_planner_node-4] [rebo replan]: -------------------------------------672
[scan_planner_node-4] start: 3.47    7  1.4,    0.625 7.19e-05 2.01e-05
[scan_planner_node-4] goal:  6 5.9 1.4, 0.000709   -0.749        0
[scan_planner_node-4] [32miter(+1)=14,time(ms)=0.056,total_t(ms)=0.056,cost=0.017
[scan_planner_node-4] [0mfirst_optimize_step_success=1
[scan_planner_node-4] total time:[42m0.000245[0m,optimize:0.000203,refine:4.29e-05
[scan_planner_node-4] final_plan_success=1
[scan_planner_node-4] [FSM]: from REPLAN_TRAJ to EXEC_TRAJ
[closed_loop_controller-6] [INFO] [1785998429.872401216] [closed_loop_controller]: Received trajectory 357, duration 6.080s
[scan_planner_node-4] [FSM]: state: EXEC_TRAJ
[scan_planner_node-4] [FSM]: from EXEC_TRAJ to REPLAN_TRAJ
[scan_planner_node-4] [INFO] [1785998431.552711799] [scan_planner_node]: [GridMapDiag] cloud=32768 accepted=29990 invalid=2778 below_sensor=0 outside_update=0 sensor_z=0.700 cutoff_z=1.700
[scan_planner_node-4] 
[scan_planner_node-4] [rebo replan]: -------------------------------------673
[scan_planner_node-4] start: 4.52    7  1.4,    0.632   0.0111 1.26e-05
[scan_planner_node-4] goal:  6   5 1.4, 0 0 0
[scan_planner_node-4] [32miter(+1)=34,time(ms)=0.162,total_t(ms)=0.162,cost=0.012
[scan_planner_node-4] [0mfirst_optimize_step_success=1
[scan_planner_node-4] total time:[42m0.000336[0m,optimize:0.000294,refine:4.2e-05
[scan_planner_node-4] final_plan_success=1
[scan_planner_node-4] [FSM]: from REPLAN_TRAJ to EXEC_TRAJ
[closed_loop_controller-6] [INFO] [1785998431.553394437] [closed_loop_controller]: Received trajectory 358, duration 5.760s
[scan_planner_node-4] [FSM]: from EXEC_TRAJ to REPLAN_TRAJ
[scan_planner_node-4] 
[scan_planner_node-4] [rebo replan]: -------------------------------------674
[scan_planner_node-4] start: 5.55 7.07  1.4,    0.573  -0.0149 9.99e-06
[scan_planner_node-4] goal:  6   5 1.4, 0 0 0
[scan_planner_node-4] [32miter(+1)=22,time(ms)=0.072,total_t(ms)=0.072,cost=0.064
[scan_planner_node-4] [0mfirst_optimize_step_success=1
[scan_planner_node-4] Need to reallocate time.
[scan_planner_node-4] total time:[42m0.000339[0m,optimize:0.000158,refine:0.000181
[scan_planner_node-4] final_plan_success=1
[scan_planner_node-4] [FSM]: from REPLAN_TRAJ to EXEC_TRAJ
[closed_loop_controller-6] [INFO] [1785998433.105000384] [closed_loop_controller]: Received trajectory 359, duration 4.821s
[scan_planner_node-4] [INFO] [1785998433.779555567] [scan_planner_node]: [GridMapDiag] cloud=32768 accepted=15341 invalid=17427 below_sensor=0 outside_update=0 sensor_z=1.700 cutoff_z=2.700
[scan_planner_node-4] [FSM]: from EXEC_TRAJ to REPLAN_TRAJ
[scan_planner_node-4] 
[scan_planner_node-4] [rebo replan]: -------------------------------------675
[scan_planner_node-4] start: 6.11 6.17  1.4,   0.0011   -0.681 7.88e-06
[scan_planner_node-4] goal:  6   5 1.4, 0 0 0
[scan_planner_node-4] [32miter(+1)=12,time(ms)=0.028,total_t(ms)=0.029,cost=0.121
[scan_planner_node-4] [0mfirst_optimize_step_success=1
[scan_planner_node-4] Need to reallocate time.
[scan_planner_node-4] total time:[42m0.000168[0m,optimize:9.07e-05,refine:7.71e-05
[scan_planner_node-4] final_plan_success=1
[scan_planner_node-4] [FSM]: from REPLAN_TRAJ to EXEC_TRAJ
[closed_loop_controller-6] [INFO] [1785998435.358792900] [closed_loop_controller]: Received trajectory 360, duration 2.276s
[scan_planner_node-4] [FSM]: state: EXEC_TRAJ
[scan_planner_node-4] [INFO] [1785998435.953829071] [scan_planner_node]: [GridMapDiag] cloud=32768 accepted=15255 invalid=17513 below_sensor=0 outside_update=0 sensor_z=1.700 cutoff_z=2.700
[terrain_path_visualizer-10] [INFO] [1785998436.737926554] [terrain_path_segmenter]: Visualization advanced to segment 2/3
[scan_planner_node-4] [TRIG]: from EXEC_TRAJ to REPLAN_TRAJ
[scan_planner_node-4] [INFO] [1785998436.863392645] [scan_planner_node]: Reference path accepted
[scan_planner_node-4] 
[scan_planner_node-4] [rebo replan]: -------------------------------------676
[scan_planner_node-4] start: 6.02 5.17  1.4,  -0.0599   -0.401 1.17e-05
[scan_planner_node-4] goal:  6   3 0.4, 0 0 0
[scan_planner_node-4] [32miter(+1)=6,time(ms)=0.028,keep optimizing
[scan_planner_node-4] [0m[32miter(+1)=1,time(ms)=0.006,keep optimizing
[scan_planner_node-4] [0m[32miter(+1)=1,time(ms)=0.005,keep optimizing
[scan_planner_node-4] [0mfirst_optimize_step_success=0
[scan_planner_node-4] final_plan_success=0
[scan_planner_node-4] 
[scan_planner_node-4] [rebo replan]: -------------------------------------677
[scan_planner_node-4] start: 6.02 5.17  1.4,  -0.0599   -0.401 1.17e-05
[scan_planner_node-4] goal:  6   3 0.4, 0 0 0
[scan_planner_node-4] [32miter(+1)=6,time(ms)=0.029,keep optimizing
[scan_planner_node-4] [0m[32miter(+1)=1,time(ms)=0.008,keep optimizing
[scan_planner_node-4] [0m[32miter(+1)=1,time(ms)=0.014,keep optimizing
[scan_planner_node-4] [0mfirst_optimize_step_success=0
[scan_planner_node-4] final_plan_success=0
[scan_planner_node-4] 
[scan_planner_node-4] [rebo replan]: -------------------------------------678
[scan_planner_node-4] start: 6.02 5.17  1.4,  -0.0599   -0.401 1.17e-05
[scan_planner_node-4] goal:  6   3 0.4, 0 0 0
[scan_planner_node-4] [32miter(+1)=7,time(ms)=0.030,keep optimizing
[scan_planner_node-4] [0m[32miter(+1)=1,time(ms)=0.012,keep optimizing
[scan_planner_node-4] [0m[32miter(+1)=1,time(ms)=0.014,keep optimizing
[scan_planner_node-4] [0mfirst_optimize_step_success=0
[scan_planner_node-4] final_plan_success=0
[scan_planner_node-4] [FSM]: from REPLAN_TRAJ to REPLAN_TRAJ
[scan_planner_node-4] 
[scan_planner_node-4] [rebo replan]: -------------------------------------679
[scan_planner_node-4] start: 6.02 5.15  1.4,  -0.0552   -0.366 1.38e-05
[scan_planner_node-4] goal:  6   3 0.4, 0 0 0
[scan_planner_node-4] [32miter(+1)=21,time(ms)=0.159,keep optimizing
[scan_planner_node-4] [0m[32miter(+1)=1,time(ms)=0.010,keep optimizing
[scan_planner_node-4] [0m[32miter(+1)=1,time(ms)=0.008,keep optimizing
[scan_planner_node-4] [0mfirst_optimize_step_success=0
[scan_planner_node-4] final_plan_success=0
[scan_planner_node-4] 
[scan_planner_node-4] [rebo replan]: -------------------------------------680
[scan_planner_node-4] start: 6.02 5.15  1.4,  -0.0552   -0.366 1.38e-05
[scan_planner_node-4] goal:  6   3 0.4, 0 0 0
[scan_planner_node-4] [32miter(+1)=6,time(ms)=0.039,total_t(ms)=0.039,cost=0.060
[scan_planner_node-4] [0mfirst_optimize_step_success=1
[scan_planner_node-4] Need to reallocate time.
[scan_planner_node-4] total time:[42m0.000528[0m,optimize:0.000244,refine:0.000284
[scan_planner_node-4] final_plan_success=1
[closed_loop_controller-6] [INFO] [1785998436.918273612] [closed_loop_controller]: Received trajectory 361, duration 5.212s
[scan_planner_node-4] [FSM]: from REPLAN_TRAJ to EXEC_TRAJ
[scan_planner_node-4] [INFO] [1785998438.145260887] [scan_planner_node]: [GridMapDiag] cloud=32768 accepted=15974 invalid=16794 below_sensor=0 outside_update=0 sensor_z=1.665 cutoff_z=2.665
[scan_planner_node-4] [FSM]: from EXEC_TRAJ to REPLAN_TRAJ
[scan_planner_node-4] 
[scan_planner_node-4] [rebo replan]: -------------------------------------681
[scan_planner_node-4] start:     6  4.17 0.944, 0.00204  -0.626  -0.297
[scan_planner_node-4] goal:  6   3 0.4, 0 0 0
[scan_planner_node-4] [32miter(+1)=12,time(ms)=0.051,total_t(ms)=0.052,cost=0.140
[scan_planner_node-4] [0mfirst_optimize_step_success=1
[scan_planner_node-4] Need to reallocate time.
[scan_planner_node-4] total time:[42m0.000295[0m,optimize:0.000156,refine:0.000139
[scan_planner_node-4] final_plan_success=1
[scan_planner_node-4] [FSM]: from REPLAN_TRAJ to EXEC_TRAJ
[closed_loop_controller-6] [INFO] [1785998439.436790851] [closed_loop_controller]: Received trajectory 362, duration 2.784s
[scan_planner_node-4] [INFO] [1785998440.330564193] [scan_planner_node]: [GridMapDiag] cloud=32768 accepted=26027 invalid=6741 below_sensor=0 outside_update=0 sensor_z=1.081 cutoff_z=2.081
[terrain_path_visualizer-10] [INFO] [1785998440.987340007] [terrain_path_segmenter]: Visualization advanced to segment 3/3
[scan_planner_node-4] [TRIG]: from EXEC_TRAJ to REPLAN_TRAJ
[scan_planner_node-4] [INFO] [1785998441.996000758] [scan_planner_node]: Reference path accepted
[scan_planner_node-4] 
[scan_planner_node-4] [rebo replan]: -------------------------------------682
[scan_planner_node-4] start:     6  3.02 0.418, -0.000183   -0.0357   -0.0819
[scan_planner_node-4] goal:    6 -0.65   0.4, -1.25e-05     -0.75         0
[scan_planner_node-4] [32miter(+1)=24,time(ms)=0.154,total_t(ms)=0.155,cost=0.019
[scan_planner_node-4] [0mfirst_optimize_step_success=1
[scan_planner_node-4] total time:[42m0.000427[0m,optimize:0.00036,refine:6.67e-05
[scan_planner_node-4] final_plan_success=1
[scan_planner_node-4] [FSM]: from REPLAN_TRAJ to EXEC_TRAJ
[closed_loop_controller-6] [INFO] [1785998441.996866998] [closed_loop_controller]: Received trajectory 363, duration 6.080s
[scan_planner_node-4] [FSM]: state: EXEC_TRAJ
[scan_planner_node-4] [INFO] [1785998442.375974373] [scan_planner_node]: [GridMapDiag] cloud=32768 accepted=27635 invalid=5133 below_sensor=0 outside_update=0 sensor_z=0.709 cutoff_z=1.709
[scan_planner_node-4] [INFO] [1785998444.475808133] [scan_planner_node]: [GridMapDiag] cloud=32768 accepted=27610 invalid=5158 below_sensor=0 outside_update=0 sensor_z=0.709 cutoff_z=1.709
[scan_planner_node-4] [INFO] [1785998446.580339944] [scan_planner_node]: [GridMapDiag] cloud=32768 accepted=27615 invalid=5153 below_sensor=0 outside_update=0 sensor_z=0.709 cutoff_z=1.709
[scan_planner_node-4] [FSM]: state: EXEC_TRAJ
[scan_planner_node-4] [INFO] [1785998448.672871482] [scan_planner_node]: [GridMapDiag] cloud=32768 accepted=27516 invalid=5252 below_sensor=0 outside_update=0 sensor_z=0.725 cutoff_z=1.725
[scan_planner_node-4] [INFO] [1785998450.821140489] [scan_planner_node]: [GridMapDiag] cloud=32768 accepted=27526 invalid=5242 below_sensor=0 outside_update=0 sensor_z=0.725 cutoff_z=1.725
[scan_planner_node-4] [FSM]: state: EXEC_TRAJ
[scan_planner_node-4] [INFO] [1785998452.825552881] [scan_planner_node]: [GridMapDiag] cloud=32768 accepted=26645 invalid=6123 below_sensor=0 outside_update=0 sensor_z=0.700 cutoff_z=1.700
[scan_planner_node-4] [FSM]: from EXEC_TRAJ to REPLAN_TRAJ
[scan_planner_node-4] 
[scan_planner_node-4] [rebo replan]: -------------------------------------683
[scan_planner_node-4] start:     6  1.93 0.414, -0.000166    -0.779  -0.00394
[scan_planner_node-4] goal:   6 -1.7  0.4, 0.000305    -0.75        0
[scan_planner_node-4] [32miter(+1)=8,time(ms)=0.029,total_t(ms)=0.029,cost=0.006
[scan_planner_node-4] [0mfirst_optimize_step_success=1
[scan_planner_node-4] total time:[42m0.000215[0m,optimize:0.000165,refine:4.97e-05
[scan_planner_node-4] final_plan_success=1
[scan_planner_node-4] [FSM]: from REPLAN_TRAJ to EXEC_TRAJ
[closed_loop_controller-6] [INFO] [1785998453.140538018] [closed_loop_controller]: Received trajectory 364, duration 5.760s
[scan_planner_node-4] [FSM]: from EXEC_TRAJ to REPLAN_TRAJ
[scan_planner_node-4] 
[scan_planner_node-4] [rebo replan]: -------------------------------------684
[scan_planner_node-4] start:     6 0.908  0.41, -0.000323    -0.638  -0.00239
[scan_planner_node-4] goal:    6 -2.58   0.4, -0.0381  -0.712       0
[scan_planner_node-4] [32miter(+1)=6,time(ms)=0.025,total_t(ms)=0.025,cost=0.001
[scan_planner_node-4] [0mfirst_optimize_step_success=1
[scan_planner_node-4] total time:[42m0.000213[0m,optimize:0.000173,refine:3.99e-05
[scan_planner_node-4] final_plan_success=1
[scan_planner_node-4] [FSM]: from REPLAN_TRAJ to EXEC_TRAJ
[closed_loop_controller-6] [INFO] [1785998454.792608955] [closed_loop_controller]: Received trajectory 365, duration 5.440s
[scan_planner_node-4] [INFO] [1785998454.873882938] [scan_planner_node]: [GridMapDiag] cloud=32768 accepted=25589 invalid=7179 below_sensor=0 outside_update=0 sensor_z=0.700 cutoff_z=1.700
[scan_planner_node-4] [FSM]: state: EXEC_TRAJ
[scan_planner_node-4] [FSM]: from EXEC_TRAJ to REPLAN_TRAJ
[scan_planner_node-4] 
[scan_planner_node-4] [rebo replan]: -------------------------------------685
[scan_planner_node-4] start:      6 -0.161  0.407, -5.84e-05    -0.626  -0.00177
[scan_planner_node-4] goal:5.2  -3 0.4,    -0.74 -0.00959        0
[scan_planner_node-4] [32miter(+1)=13,time(ms)=0.051,total_t(ms)=0.051,cost=0.005
[scan_planner_node-4] [0mfirst_optimize_step_success=1
[scan_planner_node-4] total time:[42m0.000227[0m,optimize:0.000176,refine:5.1e-05
[scan_planner_node-4] final_plan_success=1
[scan_planner_node-4] [FSM]: from REPLAN_TRAJ to EXEC_TRAJ
[closed_loop_controller-6] [INFO] [1785998456.504455621] [closed_loop_controller]: Received trajectory 366, duration 5.760s
[scan_planner_node-4] [INFO] [1785998456.988420553] [scan_planner_node]: [GridMapDiag] cloud=32768 accepted=25049 invalid=7719 below_sensor=0 outside_update=0 sensor_z=0.700 cutoff_z=1.700
[scan_planner_node-4] [FSM]: from EXEC_TRAJ to REPLAN_TRAJ
[scan_planner_node-4] 
[scan_planner_node-4] [rebo replan]: -------------------------------------686
[scan_planner_node-4] start:     6 -1.24 0.405,   0.0044    -0.63 -0.00121
[scan_planner_node-4] goal:4.15   -3  0.4,   -0.75 5.9e-05       0
[scan_planner_node-4] [32miter(+1)=11,time(ms)=0.045,total_t(ms)=0.045,cost=0.006
[scan_planner_node-4] [0mfirst_optimize_step_success=1
[scan_planner_node-4] total time:[42m0.00023[0m,optimize:0.000187,refine:4.27e-05
[scan_planner_node-4] final_plan_success=1
[scan_planner_node-4] [FSM]: from REPLAN_TRAJ to EXEC_TRAJ
[closed_loop_controller-6] [INFO] [1785998458.223020875] [closed_loop_controller]: Received trajectory 367, duration 5.440s
[scan_planner_node-4] [INFO] [1785998459.028981876] [scan_planner_node]: [GridMapDiag] cloud=32768 accepted=24470 invalid=8298 below_sensor=0 outside_update=0 sensor_z=0.700 cutoff_z=1.700
[scan_planner_node-4] [FSM]: from EXEC_TRAJ to REPLAN_TRAJ
[scan_planner_node-4] 
[scan_planner_node-4] [rebo replan]: -------------------------------------687
[scan_planner_node-4] start:  6.03 -2.28 0.403,    0.0311    -0.661 -0.000868
[scan_planner_node-4] goal:3.1  -3 0.4,    -0.75 3.61e-07        0
[scan_planner_node-4] [32miter(+1)=8,time(ms)=0.661,total_t(ms)=0.661,cost=0.007
[scan_planner_node-4] [0mfirst_optimize_step_success=1
[scan_planner_node-4] total time:[42m0.000861[0m,optimize:0.000822,refine:3.93e-05
[scan_planner_node-4] final_plan_success=1
[scan_planner_node-4] [FSM]: from REPLAN_TRAJ to EXEC_TRAJ
[closed_loop_controller-6] [INFO] [1785998459.882789285] [closed_loop_controller]: Received trajectory 368, duration 5.440s
[scan_planner_node-4] [INFO] [1785998461.065053193] [scan_planner_node]: [GridMapDiag] cloud=32768 accepted=24197 invalid=8571 below_sensor=0 outside_update=0 sensor_z=0.700 cutoff_z=1.700
[scan_planner_node-4] [FSM]: state: EXEC_TRAJ
[scan_planner_node-4] [FSM]: from EXEC_TRAJ to REPLAN_TRAJ
[scan_planner_node-4] 
[scan_planner_node-4] [rebo replan]: -------------------------------------688
[scan_planner_node-4] start:  5.29 -3.02 0.402,    -0.641    0.0132 -0.000608
[scan_planner_node-4] goal:1.7  -3 0.4,    -0.75 -9.9e-10        0
[scan_planner_node-4] [32miter(+1)=9,time(ms)=0.041,total_t(ms)=0.041,cost=0.003
[scan_planner_node-4] [0mfirst_optimize_step_success=1
[scan_planner_node-4] total time:[42m0.000228[0m,optimize:0.000183,refine:4.45e-05
[scan_planner_node-4] final_plan_success=1
[scan_planner_node-4] [FSM]: from REPLAN_TRAJ to EXEC_TRAJ
[closed_loop_controller-6] [INFO] [1785998462.218054079] [closed_loop_controller]: Received trajectory 369, duration 5.760s
[scan_planner_node-4] [INFO] [1785998463.099221366] [scan_planner_node]: [GridMapDiag] cloud=32768 accepted=23853 invalid=8915 below_sensor=0 outside_update=0 sensor_z=0.700 cutoff_z=1.700
[scan_planner_node-4] [FSM]: from EXEC_TRAJ to REPLAN_TRAJ
[scan_planner_node-4] 
[scan_planner_node-4] [rebo replan]: -------------------------------------689
[scan_planner_node-4] start:  4.29    -3 0.402,    -0.626  -0.00361 -0.000376
[scan_planner_node-4] goal:0.825    -3   0.4,     -0.75 -9.74e-11         0
[scan_planner_node-4] [32miter(+1)=13,time(ms)=0.059,total_t(ms)=0.059,cost=0.005
[scan_planner_node-4] [0mfirst_optimize_step_success=1
[scan_planner_node-4] total time:[42m0.000235[0m,optimize:0.000193,refine:4.23e-05
[scan_planner_node-4] final_plan_success=1
[scan_planner_node-4] [FSM]: from REPLAN_TRAJ to EXEC_TRAJ
[closed_loop_controller-6] [INFO] [1785998463.824124148] [closed_loop_controller]: Received trajectory 370, duration 5.760s
[scan_planner_node-4] [INFO] [1785998465.128752695] [scan_planner_node]: [GridMapDiag] cloud=32768 accepted=24200 invalid=8568 below_sensor=0 outside_update=0 sensor_z=0.700 cutoff_z=1.700
[scan_planner_node-4] [FSM]: from EXEC_TRAJ to REPLAN_TRAJ
[scan_planner_node-4] 
[scan_planner_node-4] [rebo replan]: -------------------------------------690
[scan_planner_node-4] start:  3.22    -3 0.401,    -0.627 -0.000263 -0.000277
[scan_planner_node-4] goal:-0.4   -3  0.4,    -0.75 1.53e-11        0
[scan_planner_node-4] [32miter(+1)=10,time(ms)=0.036,total_t(ms)=0.036,cost=0.001
[scan_planner_node-4] [0mfirst_optimize_step_success=1
[scan_planner_node-4] total time:[42m0.000211[0m,optimize:0.000171,refine:3.98e-05
[scan_planner_node-4] final_plan_success=1
[scan_planner_node-4] [FSM]: from REPLAN_TRAJ to EXEC_TRAJ
[closed_loop_controller-6] [INFO] [1785998465.540000834] [closed_loop_controller]: Received trajectory 371, duration 5.440s
[scan_planner_node-4] [INFO] [1785998467.165680072] [scan_planner_node]: [GridMapDiag] cloud=32768 accepted=25187 invalid=7581 below_sensor=0 outside_update=0 sensor_z=0.700 cutoff_z=1.700
[scan_planner_node-4] [FSM]: from EXEC_TRAJ to REPLAN_TRAJ
[scan_planner_node-4] 
[scan_planner_node-4] [rebo replan]: -------------------------------------691
[scan_planner_node-4] start:  2.15    -3 0.401,    -0.626  0.000138 -0.000183
[scan_planner_node-4] goal:-1.27    -3   0.4,    -0.75 3.94e-10        0
[scan_planner_node-4] [32miter(+1)=8,time(ms)=0.051,total_t(ms)=0.051,cost=0.002
[scan_planner_node-4] [0mfirst_optimize_step_success=1
[scan_planner_node-4] total time:[42m0.000276[0m,optimize:0.000227,refine:4.99e-05
[scan_planner_node-4] final_plan_success=1
[scan_planner_node-4] [FSM]: from REPLAN_TRAJ to EXEC_TRAJ
[closed_loop_controller-6] [INFO] [1785998467.248150656] [closed_loop_controller]: Received trajectory 372, duration 5.440s
[scan_planner_node-4] [FSM]: state: EXEC_TRAJ
[scan_planner_node-4] [FSM]: from EXEC_TRAJ to REPLAN_TRAJ
[scan_planner_node-4] 
[scan_planner_node-4] [rebo replan]: -------------------------------------692
[scan_planner_node-4] start:  1.12    -3 0.401,    -0.625 -2.01e-07 -0.000137
[scan_planner_node-4] goal:-2.33    -3   0.4,    -0.75 7.16e-09        0
[scan_planner_node-4] [32miter(+1)=6,time(ms)=0.065,total_t(ms)=0.066,cost=0.001
[scan_planner_node-4] [0mfirst_optimize_step_success=1
[scan_planner_node-4] total time:[42m0.000425[0m,optimize:0.000352,refine:7.22e-05
[scan_planner_node-4] final_plan_success=1
[scan_planner_node-4] [FSM]: from REPLAN_TRAJ to EXEC_TRAJ
[closed_loop_controller-6] [INFO] [1785998468.900992601] [closed_loop_controller]: Received trajectory 373, duration 5.440s
[scan_planner_node-4] [INFO] [1785998469.229230235] [scan_planner_node]: [GridMapDiag] cloud=32768 accepted=25216 invalid=7552 below_sensor=0 outside_update=0 sensor_z=0.700 cutoff_z=1.700
[scan_planner_node-4] [FSM]: from EXEC_TRAJ to REPLAN_TRAJ
[scan_planner_node-4] 
[scan_planner_node-4] [rebo replan]: -------------------------------------693
[scan_planner_node-4] start: 0.0918     -3    0.4,    -0.625  1.46e-06 -9.53e-05
[scan_planner_node-4] goal:-3.55    -3   0.4,    -0.75 4.71e-06        0
[scan_planner_node-4] [32miter(+1)=4,time(ms)=0.017,total_t(ms)=0.018,cost=0.002
[scan_planner_node-4] [0mfirst_optimize_step_success=1
[scan_planner_node-4] total time:[42m0.000195[0m,optimize:0.000153,refine:4.19e-05
[scan_planner_node-4] final_plan_success=1
[scan_planner_node-4] [FSM]: from REPLAN_TRAJ to EXEC_TRAJ
[closed_loop_controller-6] [INFO] [1785998470.539928440] [closed_loop_controller]: Received trajectory 374, duration 5.760s
[scan_planner_node-4] [INFO] [1785998471.306391858] [scan_planner_node]: [GridMapDiag] cloud=32768 accepted=25167 invalid=7601 below_sensor=0 outside_update=0 sensor_z=0.700 cutoff_z=1.700
[scan_planner_node-4] [FSM]: from EXEC_TRAJ to REPLAN_TRAJ
[scan_planner_node-4] 
[scan_planner_node-4] [rebo replan]: -------------------------------------694
[scan_planner_node-4] start: -0.948     -3    0.4,    -0.625   5.1e-08 -6.31e-05
[scan_planner_node-4] goal:-4.6   -3  0.4,     -0.75 -0.000765         0
[scan_planner_node-4] [32miter(+1)=4,time(ms)=0.019,total_t(ms)=0.019,cost=0.002
[scan_planner_node-4] [0mfirst_optimize_step_success=1
[scan_planner_node-4] total time:[42m0.000223[0m,optimize:0.00018,refine:4.3e-05
[scan_planner_node-4] final_plan_success=1
[scan_planner_node-4] [FSM]: from REPLAN_TRAJ to EXEC_TRAJ
[closed_loop_controller-6] [INFO] [1785998472.203258460] [closed_loop_controller]: Received trajectory 375, duration 5.760s
[scan_planner_node-4] [FSM]: state: EXEC_TRAJ
[scan_planner_node-4] [INFO] [1785998473.432481554] [scan_planner_node]: [GridMapDiag] cloud=32768 accepted=24983 invalid=7785 below_sensor=0 outside_update=0 sensor_z=0.700 cutoff_z=1.700
[scan_planner_node-4] [FSM]: from EXEC_TRAJ to REPLAN_TRAJ
[scan_planner_node-4] 
[scan_planner_node-4] [rebo replan]: -------------------------------------695
[scan_planner_node-4] start: -1.99    -3   0.4,    -0.625  5.61e-07 -4.49e-05
[scan_planner_node-4] goal:-5.48    -3   0.4,   -0.75 -0.0186       0
[scan_planner_node-4] [32miter(+1)=5,time(ms)=0.023,total_t(ms)=0.023,cost=0.001
[scan_planner_node-4] [0mfirst_optimize_step_success=1
[scan_planner_node-4] total time:[42m0.000214[0m,optimize:0.00017,refine:4.34e-05
[scan_planner_node-4] final_plan_success=1
[scan_planner_node-4] [FSM]: from REPLAN_TRAJ to EXEC_TRAJ
[closed_loop_controller-6] [INFO] [1785998473.875199650] [closed_loop_controller]: Received trajectory 376, duration 5.440s
[scan_planner_node-4] [INFO] [1785998475.514606705] [scan_planner_node]: [GridMapDiag] cloud=32768 accepted=24424 invalid=8344 below_sensor=0 outside_update=0 sensor_z=0.700 cutoff_z=1.700
[scan_planner_node-4] [FSM]: from EXEC_TRAJ to REPLAN_TRAJ
[scan_planner_node-4] 
[scan_planner_node-4] [rebo replan]: -------------------------------------696
[scan_planner_node-4] start: -3.05    -3   0.4,    -0.625  7.74e-06 -3.35e-05
[scan_planner_node-4] goal:  -6 -2.3  0.4, -0.00383    0.746        0
[scan_planner_node-4] [32miter(+1)=13,time(ms)=0.055,total_t(ms)=0.055,cost=0.006
[scan_planner_node-4] [0mfirst_optimize_step_success=1
[scan_planner_node-4] total time:[42m0.000242[0m,optimize:0.000195,refine:4.67e-05
[scan_planner_node-4] final_plan_success=1
[scan_planner_node-4] [FSM]: from REPLAN_TRAJ to EXEC_TRAJ
[closed_loop_controller-6] [INFO] [1785998475.561594151] [closed_loop_controller]: Received trajectory 377, duration 5.760s
[scan_planner_node-4] [FSM]: from EXEC_TRAJ to REPLAN_TRAJ
[scan_planner_node-4] 
[scan_planner_node-4] [rebo replan]: -------------------------------------697
[scan_planner_node-4] start: -4.11    -3   0.4,    -0.625  -0.00462 -2.27e-05
[scan_planner_node-4] goal:   -6 -1.42   0.4, -0.000377      0.75         0
[scan_planner_node-4] [32miter(+1)=11,time(ms)=0.041,total_t(ms)=0.041,cost=0.007
[scan_planner_node-4] [0mfirst_optimize_step_success=1
[scan_planner_node-4] total time:[42m0.000199[0m,optimize:0.000162,refine:3.76e-05
[scan_planner_node-4] final_plan_success=1
[scan_planner_node-4] [FSM]: from REPLAN_TRAJ to EXEC_TRAJ
[closed_loop_controller-6] [INFO] [1785998477.262864280] [closed_loop_controller]: Received trajectory 378, duration 5.120s
[scan_planner_node-4] [INFO] [1785998477.565587735] [scan_planner_node]: [GridMapDiag] cloud=32768 accepted=23920 invalid=8848 below_sensor=0 outside_update=0 sensor_z=0.700 cutoff_z=1.700
[scan_planner_node-4] [FSM]: from EXEC_TRAJ to REPLAN_TRAJ
[scan_planner_node-4] 
[scan_planner_node-4] [rebo replan]: -------------------------------------698
[scan_planner_node-4] start: -5.16 -3.01   0.4,    -0.649   -0.0724 -1.73e-05
[scan_planner_node-4] goal:    -6 -0.375    0.4, 3.58e-06     0.75        0
[scan_planner_node-4] [32miter(+1)=9,time(ms)=0.051,total_t(ms)=0.052,cost=0.007
[scan_planner_node-4] [0mfirst_optimize_step_success=1
[scan_planner_node-4] total time:[42m0.000273[0m,optimize:0.000223,refine:5e-05
[scan_planner_node-4] final_plan_success=1
[scan_planner_node-4] [FSM]: from REPLAN_TRAJ to EXEC_TRAJ
[closed_loop_controller-6] [INFO] [1785998478.950708897] [closed_loop_controller]: Received trajectory 379, duration 5.120s
[scan_planner_node-4] [FSM]: state: EXEC_TRAJ
[scan_planner_node-4] [INFO] [1785998479.664731186] [scan_planner_node]: [GridMapDiag] cloud=32768 accepted=24084 invalid=8684 below_sensor=0 outside_update=0 sensor_z=0.700 cutoff_z=1.700
[scan_planner_node-4] [FSM]: from EXEC_TRAJ to REPLAN_TRAJ
[scan_planner_node-4] 
[scan_planner_node-4] [rebo replan]: -------------------------------------699
[scan_planner_node-4] start: -6.01 -2.45   0.4,   -0.0407     0.646 -1.19e-05
[scan_planner_node-4] goal: -6   1 0.4, 0 0 0
[scan_planner_node-4] [32miter(+1)=25,time(ms)=0.098,total_t(ms)=0.098,cost=0.019
[scan_planner_node-4] [0mfirst_optimize_step_success=1
[scan_planner_node-4] total time:[42m0.000265[0m,optimize:0.000224,refine:4.04e-05
[scan_planner_node-4] final_plan_success=1
[scan_planner_node-4] [FSM]: from REPLAN_TRAJ to EXEC_TRAJ
[closed_loop_controller-6] [INFO] [1785998481.183392055] [closed_loop_controller]: Received trajectory 380, duration 5.760s
[scan_planner_node-4] [INFO] [1785998481.683574107] [scan_planner_node]: [GridMapDiag] cloud=32768 accepted=24486 invalid=8282 below_sensor=0 outside_update=0 sensor_z=0.700 cutoff_z=1.700
[scan_planner_node-4] [FSM]: from EXEC_TRAJ to REPLAN_TRAJ
[scan_planner_node-4] 
[scan_planner_node-4] [rebo replan]: -------------------------------------700
[scan_planner_node-4] start: -5.99 -1.35   0.4,   -0.0162     0.595 -7.13e-06
[scan_planner_node-4] goal: -6   1 0.4, 0 0 0
[scan_planner_node-4] [32miter(+1)=26,time(ms)=0.125,total_t(ms)=0.125,cost=0.019
[scan_planner_node-4] [0mfirst_optimize_step_success=1
[scan_planner_node-4] total time:[42m0.000315[0m,optimize:0.000267,refine:4.82e-05
[scan_planner_node-4] final_plan_success=1
[scan_planner_node-4] [FSM]: from REPLAN_TRAJ to EXEC_TRAJ
[closed_loop_controller-6] [INFO] [1785998482.937066323] [closed_loop_controller]: Received trajectory 381, duration 3.840s
[scan_planner_node-4] [INFO] [1785998483.874922002] [scan_planner_node]: [GridMapDiag] cloud=32768 accepted=25292 invalid=7476 below_sensor=0 outside_update=0 sensor_z=0.700 cutoff_z=1.700
[scan_planner_node-4] [FSM]: from EXEC_TRAJ to REPLAN_TRAJ
[scan_planner_node-4] 
[scan_planner_node-4] [rebo replan]: -------------------------------------701
[scan_planner_node-4] start:     -6 -0.279    0.4,   0.00553     0.775 -7.17e-06
[scan_planner_node-4] goal: -6   1 0.4, 0 0 0
[scan_planner_node-4] [32miter(+1)=13,time(ms)=0.033,total_t(ms)=0.033,cost=0.048
[scan_planner_node-4] [0mfirst_optimize_step_success=1
[scan_planner_node-4] Need to reallocate time.
[scan_planner_node-4] total time:[42m0.000173[0m,optimize:9.64e-05,refine:7.64e-05
[scan_planner_node-4] final_plan_success=1
[scan_planner_node-4] [FSM]: from REPLAN_TRAJ to EXEC_TRAJ
[closed_loop_controller-6] [INFO] [1785998484.422418090] [closed_loop_controller]: Received trajectory 382, duration 2.578s
[scan_planner_node-4] [FSM]: state: EXEC_TRAJ
[scan_planner_node-4] [FSM]: from EXEC_TRAJ to REPLAN_TRAJ
[scan_planner_node-4] 
[scan_planner_node-4] [rebo replan]: -------------------------------------702
[scan_planner_node-4] start:    -6 0.751   0.4,  -0.00248     0.504 -5.58e-06
[scan_planner_node-4] goal: -6   1 0.4, 0 0 0
[scan_planner_node-4] [32miter(+1)=11,time(ms)=0.032,total_t(ms)=0.032,cost=0.001
[scan_planner_node-4] [0mfirst_optimize_step_success=1
[scan_planner_node-4] total time:[42m0.000101[0m,optimize:8.18e-05,refine:1.93e-05
[scan_planner_node-4] final_plan_success=1
[scan_planner_node-4] [FSM]: from REPLAN_TRAJ to EXEC_TRAJ
[closed_loop_controller-6] [INFO] [1785998485.896442350] [closed_loop_controller]: Received trajectory 383, duration 1.920s
[scan_planner_node-4] [INFO] [1785998485.975879896] [scan_planner_node]: [GridMapDiag] cloud=32768 accepted=26727 invalid=6041 below_sensor=0 outside_update=0 sensor_z=0.700 cutoff_z=1.700
[loop_path_publisher.py-9] [INFO] [1785998486.595170217] [loop_path_publisher]: Published shuttle route with 31 dense points, run 19
[terrain_path_visualizer-10] [INFO] [1785998486.599770792] [terrain_path_segmenter]: Segmented 31 path points into 2 sections
[scan_planner_node-4] [TRIG]: from EXEC_TRAJ to REPLAN_TRAJ
[scan_planner_node-4] [INFO] [1785998486.728138780] [scan_planner_node]: Reference path accepted
[scan_planner_node-4] 
[scan_planner_node-4] [rebo replan]: -------------------------------------703
[scan_planner_node-4] start:    -6 0.962   0.4, -0.000754     0.106 -3.75e-06
[scan_planner_node-4] goal:  -6 4.53 1.28, 0 0 0
[scan_planner_node-4] [32miter(+1)=39,time(ms)=0.408,total_t(ms)=0.408,cost=0.010
[scan_planner_node-4] [0mfirst_optimize_step_success=1
[scan_planner_node-4] total time:[42m0.000785[0m,optimize:0.000706,refine:7.84e-05
[scan_planner_node-4] final_plan_success=1
[scan_planner_node-4] [FSM]: from REPLAN_TRAJ to EXEC_TRAJ
[closed_loop_controller-6] [INFO] [1785998486.730331483] [closed_loop_controller]: Received trajectory 384, duration 6.400s
[scan_planner_node-4] [FSM]: state: EXEC_TRAJ
[scan_planner_node-4] [INFO] [1785998488.020725722] [scan_planner_node]: [GridMapDiag] cloud=32768 accepted=26987 invalid=5781 below_sensor=0 outside_update=0 sensor_z=0.767 cutoff_z=1.767
[scan_planner_node-4] [FSM]: from EXEC_TRAJ to REPLAN_TRAJ
[scan_planner_node-4] 
[scan_planner_node-4] [rebo replan]: -------------------------------------704
[scan_planner_node-4] start:    -6  1.96 0.584, 0.000184    0.759    0.204
[scan_planner_node-4] goal: -6   5 1.4, 0 0 0
[scan_planner_node-4] [32miter(+1)=24,time(ms)=0.074,total_t(ms)=0.075,cost=0.094
[scan_planner_node-4] [0mfirst_optimize_step_success=1
[scan_planner_node-4] Need to reallocate time.
[scan_planner_node-4] total time:[42m0.000333[0m,optimize:0.000189,refine:0.000144
[scan_planner_node-4] final_plan_success=1
[scan_planner_node-4] [FSM]: from REPLAN_TRAJ to EXEC_TRAJ
[closed_loop_controller-6] [INFO] [1785998488.983688722] [closed_loop_controller]: Received trajectory 385, duration 6.490s
[scan_planner_node-4] [FSM]: state: EXEC_TRAJ
[scan_planner_node-4] [INFO] [1785998490.110982432] [scan_planner_node]: [GridMapDiag] cloud=32768 accepted=25835 invalid=6933 below_sensor=0 outside_update=0 sensor_z=1.114 cutoff_z=2.114
[scan_planner_node-4] [FSM]: state: EXEC_TRAJ
[scan_planner_node-4] [FSM]: from EXEC_TRAJ to REPLAN_TRAJ
[scan_planner_node-4] 
[scan_planner_node-4] [rebo replan]: -------------------------------------705
[scan_planner_node-4] start:    -6  2.91 0.827, -0.000223     0.334     0.119
[scan_planner_node-4] goal: -6   5 1.4, 0 0 0
[scan_planner_node-4] [32miter(+1)=23,time(ms)=0.086,total_t(ms)=0.087,cost=0.108
[scan_planner_node-4] [0mfirst_optimize_step_success=1
[scan_planner_node-4] Need to reallocate time.
[scan_planner_node-4] total time:[42m0.000333[0m,optimize:0.000183,refine:0.00015
[scan_planner_node-4] final_plan_success=1
[scan_planner_node-4] [FSM]: from REPLAN_TRAJ to EXEC_TRAJ
[closed_loop_controller-6] [INFO] [1785998490.823696297] [closed_loop_controller]: Received trajectory 386, duration 4.296s
[scan_planner_node-4] [FSM]: state: EXEC_TRAJ
[scan_planner_node-4] [INFO] [1785998492.118135823] [scan_planner_node]: [GridMapDiag] cloud=32768 accepted=21451 invalid=11317 below_sensor=0 outside_update=0 sensor_z=1.328 cutoff_z=2.328
[scan_planner_node-4] [FSM]: state: EXEC_TRAJ
[scan_planner_node-4] [FSM]: from EXEC_TRAJ to REPLAN_TRAJ
[scan_planner_node-4] 
[scan_planner_node-4] [rebo replan]: -------------------------------------706
[scan_planner_node-4] start:   -6 3.92 1.09, -0.000165     0.712     0.124
[scan_planner_node-4] goal: -6   5 1.4, 0 0 0
[scan_planner_node-4] [32miter(+1)=12,time(ms)=0.024,total_t(ms)=0.024,cost=0.115
[scan_planner_node-4] [0mfirst_optimize_step_success=1
[scan_planner_node-4] Need to reallocate time.
[scan_planner_node-4] total time:[42m0.000121[0m,optimize:7.41e-05,refine:4.73e-05
[scan_planner_node-4] final_plan_success=1
[scan_planner_node-4] [FSM]: from REPLAN_TRAJ to EXEC_TRAJ
[closed_loop_controller-6] [INFO] [1785998492.693417051] [closed_loop_controller]: Received trajectory 387, duration 2.209s
[scan_planner_node-4] [FSM]: state: EXEC_TRAJ
[terrain_path_visualizer-10] [INFO] [1785998493.897707162] [terrain_path_segmenter]: Visualization advanced to segment 2/2
[scan_planner_node-4] [TRIG]: from EXEC_TRAJ to REPLAN_TRAJ
[scan_planner_node-4] [INFO] [1785998493.901049373] [scan_planner_node]: Reference path accepted
[scan_planner_node-4] 
[scan_planner_node-4] [rebo replan]: -------------------------------------707
[scan_planner_node-4] start:   -6 4.75 1.27, -0.000136     0.524      0.11
[scan_planner_node-4] goal: -6   7 1.4, 0 0 0
[scan_planner_node-4] [32miter(+1)=3,time(ms)=0.013,total_t(ms)=0.013,cost=0.030
[scan_planner_node-4] [0mfirst_optimize_step_success=1
[scan_planner_node-4] total time:[42m0.000142[0m,optimize:0.000114,refine:2.73e-05
[scan_planner_node-4] final_plan_success=1
[scan_planner_node-4] [FSM]: from REPLAN_TRAJ to EXEC_TRAJ
[closed_loop_controller-6] [INFO] [1785998493.903463837] [closed_loop_controller]: Received trajectory 388, duration 4.480s
[scan_planner_node-4] [INFO] [1785998494.208807427] [scan_planner_node]: [GridMapDiag] cloud=32768 accepted=16107 invalid=16661 below_sensor=0 outside_update=0 sensor_z=1.673 cutoff_z=2.673
[scan_planner_node-4] [FSM]: state: EXEC_TRAJ
[scan_planner_node-4] [FSM]: state: EXEC_TRAJ
[scan_planner_node-4] [FSM]: from EXEC_TRAJ to REPLAN_TRAJ
[scan_planner_node-4] 
[scan_planner_node-4] [rebo replan]: -------------------------------------708
[scan_planner_node-4] start:   -6 5.77 1.33, 5.07e-06    0.762   0.0436
[scan_planner_node-4] goal: -6   7 1.4, 0 0 0
[scan_planner_node-4] [32miter(+1)=12,time(ms)=0.040,total_t(ms)=0.041,cost=0.040
[scan_planner_node-4] [0mfirst_optimize_step_success=1
[scan_planner_node-4] Need to reallocate time.
[scan_planner_node-4] total time:[42m0.000202[0m,optimize:0.000112,refine:8.98e-05
[scan_planner_node-4] final_plan_success=1
[scan_planner_node-4] [FSM]: from REPLAN_TRAJ to EXEC_TRAJ
[closed_loop_controller-6] [INFO] [1785998495.773597893] [closed_loop_controller]: Received trajectory 389, duration 2.541s
[scan_planner_node-4] [INFO] [1785998496.207721569] [scan_planner_node]: [GridMapDiag] cloud=32768 accepted=15426 invalid=17342 below_sensor=0 outside_update=0 sensor_z=1.700 cutoff_z=2.700
[scan_planner_node-4] [FSM]: state: EXEC_TRAJ
[scan_planner_node-4] [FSM]: from EXEC_TRAJ to REPLAN_TRAJ
[scan_planner_node-4] 
[scan_planner_node-4] [rebo replan]: -------------------------------------709
[scan_planner_node-4] start:   -6 6.76 1.37, 1.16e-05    0.508   0.0269
[scan_planner_node-4] goal: -6   7 1.4, 0 0 0
[scan_planner_node-4] [32miter(+1)=12,time(ms)=0.023,total_t(ms)=0.023,cost=0.001
[scan_planner_node-4] [0mfirst_optimize_step_success=1
[scan_planner_node-4] total time:[42m8.13e-05[0m,optimize:6.58e-05,refine:1.55e-05
[scan_planner_node-4] final_plan_success=1
[scan_planner_node-4] [FSM]: from REPLAN_TRAJ to EXEC_TRAJ
[closed_loop_controller-6] [INFO] [1785998497.193362434] [closed_loop_controller]: Received trajectory 390, duration 2.240s
[scan_planner_node-4] [FSM]: state: EXEC_TRAJ
[loop_path_publisher.py-9] [INFO] [1785998497.806954530] [loop_path_publisher]: Published shuttle route with 193 dense points, run 20
[terrain_path_visualizer-10] [INFO] [1785998497.819069875] [terrain_path_segmenter]: Segmented 193 path points into 3 sections
[scan_planner_node-4] [TRIG]: from EXEC_TRAJ to REPLAN_TRAJ
[scan_planner_node-4] [INFO] [1785998498.192852290] [scan_planner_node]: Reference path accepted
[scan_planner_node-4] 
[scan_planner_node-4] [rebo replan]: -------------------------------------710
[scan_planner_node-4] start:   -6 6.99 1.39, -0.000105    0.0629    0.0148
[scan_planner_node-4] goal:-2.35     7   1.4,      0.75 -1.31e-16         0
[scan_planner_node-4] [32miter(+1)=6,time(ms)=0.066,total_t(ms)=0.066,cost=0.034
[scan_planner_node-4] [0mfirst_optimize_step_success=1
[scan_planner_node-4] total time:[42m0.000378[0m,optimize:0.000297,refine:8.16e-05
[scan_planner_node-4] final_plan_success=1
[closed_loop_controller-6] [INFO] [1785998498.193638624] [closed_loop_controller]: Received trajectory 391, duration 6.080s
[scan_planner_node-4] [FSM]: from REPLAN_TRAJ to EXEC_TRAJ
[scan_planner_node-4] [INFO] [1785998498.222570272] [scan_planner_node]: [GridMapDiag] cloud=32768 accepted=15361 invalid=17407 below_sensor=0 outside_update=0 sensor_z=1.700 cutoff_z=2.700
[scan_planner_node-4] [FSM]: state: EXEC_TRAJ
[scan_planner_node-4] [FSM]: state: EXEC_TRAJ
[scan_planner_node-4] [INFO] [1785998500.311830257] [scan_planner_node]: [GridMapDiag] cloud=32768 accepted=15250 invalid=17518 below_sensor=0 outside_update=0 sensor_z=1.700 cutoff_z=2.700
[scan_planner_node-4] [FSM]: state: EXEC_TRAJ
[scan_planner_node-4] [INFO] [1785998502.318416595] [scan_planner_node]: [GridMapDiag] cloud=32768 accepted=15480 invalid=17288 below_sensor=0 outside_update=0 sensor_z=1.700 cutoff_z=2.700
[scan_planner_node-4] [FSM]: state: EXEC_TRAJ
[scan_planner_node-4] [FSM]: state: EXEC_TRAJ
[scan_planner_node-4] [FSM]: from EXEC_TRAJ to REPLAN_TRAJ
[scan_planner_node-4] 
[scan_planner_node-4] [rebo replan]: -------------------------------------711
[scan_planner_node-4] start: -4.99   6.9  1.39,   0.776  0.0174 0.00271
[scan_planner_node-4] goal:-1.47     7   1.4,     0.75 7.97e-16        0
[scan_planner_node-4] [32miter(+1)=7,time(ms)=0.032,total_t(ms)=0.033,cost=0.009
[scan_planner_node-4] [0mfirst_optimize_step_success=1
[scan_planner_node-4] total time:[42m0.000187[0m,optimize:0.000156,refine:3.14e-05
[scan_planner_node-4] final_plan_success=1
[scan_planner_node-4] [FSM]: from REPLAN_TRAJ to EXEC_TRAJ
[closed_loop_controller-6] [INFO] [1785998503.483529432] [closed_loop_controller]: Received trajectory 392, duration 5.440s
[scan_planner_node-4] [INFO] [1785998504.407684281] [scan_planner_node]: [GridMapDiag] cloud=32768 accepted=29778 invalid=2990 below_sensor=0 outside_update=0 sensor_z=0.700 cutoff_z=1.700
[scan_planner_node-4] [FSM]: state: EXEC_TRAJ
[scan_planner_node-4] [FSM]: from EXEC_TRAJ to REPLAN_TRAJ
[scan_planner_node-4] 
[scan_planner_node-4] [rebo replan]: -------------------------------------712
[scan_planner_node-4] start: -3.99  6.95  1.39,   0.637  0.0367 0.00165
[scan_planner_node-4] goal:-0.25     7   1.4,     0.75 5.24e-13        0
[scan_planner_node-4] [32miter(+1)=8,time(ms)=0.026,total_t(ms)=0.027,cost=0.005
[scan_planner_node-4] [0mfirst_optimize_step_success=1
[scan_planner_node-4] total time:[42m0.000197[0m,optimize:0.00016,refine:3.77e-05
[scan_planner_node-4] final_plan_success=1
[scan_planner_node-4] [FSM]: from REPLAN_TRAJ to EXEC_TRAJ
[closed_loop_controller-6] [INFO] [1785998505.094935180] [closed_loop_controller]: Received trajectory 393, duration 6.080s
[scan_planner_node-4] [FSM]: state: EXEC_TRAJ
[scan_planner_node-4] [INFO] [1785998506.409777633] [scan_planner_node]: [GridMapDiag] cloud=32768 accepted=19618 invalid=13150 below_sensor=0 outside_update=0 sensor_z=1.700 cutoff_z=2.700
[scan_planner_node-4] [FSM]: from EXEC_TRAJ to REPLAN_TRAJ
[scan_planner_node-4] 
[scan_planner_node-4] [rebo replan]: -------------------------------------713
[scan_planner_node-4] start: -2.98     7   1.4,  0.627 0.0125 0.0011
[scan_planner_node-4] goal:0.625     7   1.4,    0.75 4.2e-11       0
[scan_planner_node-4] [32miter(+1)=5,time(ms)=0.026,total_t(ms)=0.027,cost=0.004
[scan_planner_node-4] [0mfirst_optimize_step_success=1
[scan_planner_node-4] total time:[42m0.000269[0m,optimize:0.000215,refine:5.49e-05
[scan_planner_node-4] final_plan_success=1
[scan_planner_node-4] [FSM]: from REPLAN_TRAJ to EXEC_TRAJ
[closed_loop_controller-6] [INFO] [1785998506.703825031] [closed_loop_controller]: Received trajectory 394, duration 5.760s
[scan_planner_node-4] [FSM]: state: EXEC_TRAJ
[scan_planner_node-4] [FSM]: state: EXEC_TRAJ
[scan_planner_node-4] [FSM]: from EXEC_TRAJ to REPLAN_TRAJ
[scan_planner_node-4] 
[scan_planner_node-4] [rebo replan]: -------------------------------------714
[scan_planner_node-4] start: -1.97     7   1.4,    0.625  0.00142 0.000833
[scan_planner_node-4] goal:1.5   7 1.4,     0.75 4.26e-10        0
[scan_planner_node-4] [32miter(+1)=9,time(ms)=0.040,total_t(ms)=0.040,cost=0.009
[scan_planner_node-4] [0mfirst_optimize_step_success=1
[scan_planner_node-4] total time:[42m0.000262[0m,optimize:0.000207,refine:5.49e-05
[scan_planner_node-4] final_plan_success=1
[scan_planner_node-4] [FSM]: from REPLAN_TRAJ to EXEC_TRAJ
[closed_loop_controller-6] [INFO] [1785998508.323713571] [closed_loop_controller]: Received trajectory 395, duration 5.760s
[scan_planner_node-4] [INFO] [1785998508.509968519] [scan_planner_node]: [GridMapDiag] cloud=32768 accepted=20748 invalid=12020 below_sensor=0 outside_update=0 sensor_z=1.700 cutoff_z=2.700
[scan_planner_node-4] [FSM]: state: EXEC_TRAJ
[scan_planner_node-4] [FSM]: state: EXEC_TRAJ
[scan_planner_node-4] [FSM]: from EXEC_TRAJ to REPLAN_TRAJ
[scan_planner_node-4] 
[scan_planner_node-4] [rebo replan]: -------------------------------------715
[scan_planner_node-4] start: -0.96     7   1.4,    0.625 0.000263 0.000624
[scan_planner_node-4] goal:2.73    7  1.4,      0.75 -3.86e-08         0
[scan_planner_node-4] [32miter(+1)=5,time(ms)=0.020,total_t(ms)=0.020,cost=0.001
[scan_planner_node-4] [0mfirst_optimize_step_success=1
[scan_planner_node-4] total time:[42m0.000194[0m,optimize:0.000159,refine:3.51e-05
[scan_planner_node-4] final_plan_success=1
[scan_planner_node-4] [FSM]: from REPLAN_TRAJ to EXEC_TRAJ
[closed_loop_controller-6] [INFO] [1785998509.943513474] [closed_loop_controller]: Received trajectory 396, duration 5.760s
[scan_planner_node-4] [INFO] [1785998510.510909771] [scan_planner_node]: [GridMapDiag] cloud=32768 accepted=20990 invalid=11778 below_sensor=0 outside_update=0 sensor_z=1.700 cutoff_z=2.700
[scan_planner_node-4] [FSM]: state: EXEC_TRAJ
[scan_planner_node-4] [FSM]: from EXEC_TRAJ to REPLAN_TRAJ
[scan_planner_node-4] 
[scan_planner_node-4] [rebo replan]: -------------------------------------716
[scan_planner_node-4] start: 0.0453      7    1.4,     0.625 -8.19e-05  0.000418
[scan_planner_node-4] goal:3.6   7 1.4,      0.75 -1.13e-05         0
[scan_planner_node-4] [32miter(+1)=7,time(ms)=0.035,total_t(ms)=0.036,cost=0.005
[scan_planner_node-4] [0mfirst_optimize_step_success=1
[scan_planner_node-4] total time:[42m0.000267[0m,optimize:0.00021,refine:5.72e-05
[scan_planner_node-4] final_plan_success=1
[scan_planner_node-4] [FSM]: from REPLAN_TRAJ to EXEC_TRAJ
[closed_loop_controller-6] [INFO] [1785998511.553663172] [closed_loop_controller]: Received trajectory 397, duration 5.760s
[scan_planner_node-4] [FSM]: state: EXEC_TRAJ
[scan_planner_node-4] [INFO] [1785998512.610164283] [scan_planner_node]: [GridMapDiag] cloud=32768 accepted=20964 invalid=11804 below_sensor=0 outside_update=0 sensor_z=1.700 cutoff_z=2.700
[scan_planner_node-4] [FSM]: state: EXEC_TRAJ
[scan_planner_node-4] [FSM]: from EXEC_TRAJ to REPLAN_TRAJ
[scan_planner_node-4] 
[scan_planner_node-4] [rebo replan]: -------------------------------------717
[scan_planner_node-4] start: 1.06    7  1.4,    0.625 6.82e-06 0.000314
[scan_planner_node-4] goal:4.65    7  1.4,     0.75 0.000845        0
[scan_planner_node-4] [32miter(+1)=5,time(ms)=0.016,total_t(ms)=0.017,cost=0.006
[scan_planner_node-4] [0mfirst_optimize_step_success=1
[scan_planner_node-4] total time:[42m0.000173[0m,optimize:0.00014,refine:3.36e-05
[scan_planner_node-4] final_plan_success=1
[scan_planner_node-4] [FSM]: from REPLAN_TRAJ to EXEC_TRAJ
[closed_loop_controller-6] [INFO] [1785998513.173554467] [closed_loop_controller]: Received trajectory 398, duration 5.760s
[scan_planner_node-4] [FSM]: state: EXEC_TRAJ
[scan_planner_node-4] [INFO] [1785998514.705759013] [scan_planner_node]: [GridMapDiag] cloud=32768 accepted=20675 invalid=12093 below_sensor=0 outside_update=0 sensor_z=1.700 cutoff_z=2.700
[scan_planner_node-4] [FSM]: from EXEC_TRAJ to REPLAN_TRAJ
[scan_planner_node-4] 
[scan_planner_node-4] [rebo replan]: -------------------------------------718
[scan_planner_node-4] start: 2.07    7  1.4,    0.625  2.2e-06 0.000222
[scan_planner_node-4] goal:5.53    7  1.4,   0.745 -0.0051       0
[scan_planner_node-4] [32miter(+1)=9,time(ms)=0.026,total_t(ms)=0.027,cost=0.009
[scan_planner_node-4] [0mfirst_optimize_step_success=1
[scan_planner_node-4] total time:[42m0.000181[0m,optimize:0.000149,refine:3.23e-05
[scan_planner_node-4] final_plan_success=1
[scan_planner_node-4] [FSM]: from REPLAN_TRAJ to EXEC_TRAJ
[closed_loop_controller-6] [INFO] [1785998514.793533045] [closed_loop_controller]: Received trajectory 399, duration 5.760s
[scan_planner_node-4] [FSM]: state: EXEC_TRAJ
[scan_planner_node-4] [FSM]: state: EXEC_TRAJ
[scan_planner_node-4] [FSM]: from EXEC_TRAJ to REPLAN_TRAJ
[scan_planner_node-4] 
[scan_planner_node-4] [rebo replan]: -------------------------------------719
[scan_planner_node-4] start: 3.08    7  1.4,    0.626 0.000124 0.000166
[scan_planner_node-4] goal:   6 6.25  1.4, 0.0106 -0.739      0
[scan_planner_node-4] [32miter(+1)=13,time(ms)=0.054,total_t(ms)=0.055,cost=0.006
[scan_planner_node-4] [0mfirst_optimize_step_success=1
[scan_planner_node-4] total time:[42m0.000244[0m,optimize:0.000199,refine:4.57e-05
[scan_planner_node-4] final_plan_success=1
[scan_planner_node-4] [FSM]: from REPLAN_TRAJ to EXEC_TRAJ
[closed_loop_controller-6] [INFO] [1785998516.413624600] [closed_loop_controller]: Received trajectory 400, duration 5.760s
[scan_planner_node-4] [INFO] [1785998516.705550628] [scan_planner_node]: [GridMapDiag] cloud=32768 accepted=19533 invalid=13235 below_sensor=0 outside_update=0 sensor_z=1.700 cutoff_z=2.700
[scan_planner_node-4] [FSM]: state: EXEC_TRAJ
[scan_planner_node-4] [FSM]: state: EXEC_TRAJ
[scan_planner_node-4] [FSM]: from EXEC_TRAJ to REPLAN_TRAJ
[scan_planner_node-4] 
[scan_planner_node-4] [rebo replan]: -------------------------------------720
[scan_planner_node-4] start: 4.1   7 1.4,    0.623 0.000855 0.000113
[scan_planner_node-4] goal:  6 5.2 1.4, 0 0 0
[scan_planner_node-4] [32miter(+1)=36,time(ms)=0.126,total_t(ms)=0.126,cost=0.011
[scan_planner_node-4] [0mfirst_optimize_step_success=1
[scan_planner_node-4] total time:[42m0.00028[0m,optimize:0.000245,refine:3.45e-05
[scan_planner_node-4] final_plan_success=1
[closed_loop_controller-6] [INFO] [1785998518.045520067] [closed_loop_controller]: Received trajectory 401, duration 5.760s
[scan_planner_node-4] [FSM]: from REPLAN_TRAJ to EXEC_TRAJ
[scan_planner_node-4] [INFO] [1785998518.777597745] [scan_planner_node]: [GridMapDiag] cloud=32768 accepted=17164 invalid=15604 below_sensor=0 outside_update=0 sensor_z=1.700 cutoff_z=2.700
[scan_planner_node-4] [FSM]: state: EXEC_TRAJ
[scan_planner_node-4] [FSM]: from EXEC_TRAJ to REPLAN_TRAJ
[scan_planner_node-4] 
[scan_planner_node-4] [rebo replan]: -------------------------------------721
[scan_planner_node-4] start: 5.11 7.08  1.4,    0.662   0.0741 8.25e-05
[scan_planner_node-4] goal:  6   5 1.4, 0 0 0
[scan_planner_node-4] [32miter(+1)=22,time(ms)=0.097,total_t(ms)=0.097,cost=0.046
[scan_planner_node-4] [0mfirst_optimize_step_success=1
[scan_planner_node-4] Need to reallocate time.
[scan_planner_node-4] total time:[42m0.000453[0m,optimize:0.000226,refine:0.000227
[scan_planner_node-4] final_plan_success=1
[scan_planner_node-4] [FSM]: from REPLAN_TRAJ to EXEC_TRAJ
[closed_loop_controller-6] [INFO] [1785998519.623846002] [closed_loop_controller]: Received trajectory 402, duration 5.070s
[scan_planner_node-4] [FSM]: state: EXEC_TRAJ
[scan_planner_node-4] [INFO] [1785998520.813915828] [scan_planner_node]: [GridMapDiag] cloud=32768 accepted=15430 invalid=17338 below_sensor=0 outside_update=0 sensor_z=1.700 cutoff_z=2.700
[scan_planner_node-4] [FSM]: state: EXEC_TRAJ
[scan_planner_node-4] [FSM]: from EXEC_TRAJ to REPLAN_TRAJ
[scan_planner_node-4] 
[scan_planner_node-4] [rebo replan]: -------------------------------------722
[scan_planner_node-4] start: 5.92 6.49  1.4,    0.164   -0.605 6.06e-05
[scan_planner_node-4] goal:  6   5 1.4, 0 0 0
[scan_planner_node-4] [32miter(+1)=18,time(ms)=0.054,total_t(ms)=0.055,cost=0.044
[scan_planner_node-4] [0mfirst_optimize_step_success=1
[scan_planner_node-4] Need to reallocate time.
[scan_planner_node-4] total time:[42m0.000272[0m,optimize:0.000145,refine:0.000127
[scan_planner_node-4] final_plan_success=1
[scan_planner_node-4] [FSM]: from REPLAN_TRAJ to EXEC_TRAJ
[closed_loop_controller-6] [INFO] [1785998521.703904977] [closed_loop_controller]: Received trajectory 403, duration 2.967s
[scan_planner_node-4] [FSM]: state: EXEC_TRAJ
[scan_planner_node-4] [INFO] [1785998522.910106411] [scan_planner_node]: [GridMapDiag] cloud=32768 accepted=15286 invalid=17482 below_sensor=0 outside_update=0 sensor_z=1.700 cutoff_z=2.700
[scan_planner_node-4] [FSM]: from EXEC_TRAJ to REPLAN_TRAJ
[scan_planner_node-4] 
[scan_planner_node-4] [rebo replan]: -------------------------------------723
[scan_planner_node-4] start: 6.02 5.48  1.4, -0.00996   -0.652 6.58e-05
[scan_planner_node-4] goal:  6   5 1.4, 0 0 0
[scan_planner_node-4] [32miter(+1)=10,time(ms)=0.024,total_t(ms)=0.024,cost=0.001
[scan_planner_node-4] [0mfirst_optimize_step_success=1
[scan_planner_node-4] total time:[42m8.6e-05[0m,optimize:6.96e-05,refine:1.64e-05
[scan_planner_node-4] final_plan_success=1
[scan_planner_node-4] [FSM]: from REPLAN_TRAJ to EXEC_TRAJ
[closed_loop_controller-6] [INFO] [1785998523.147477471] [closed_loop_controller]: Received trajectory 404, duration 1.920s
[terrain_path_visualizer-10] [INFO] [1785998523.567669138] [terrain_path_segmenter]: Visualization advanced to segment 2/3
[scan_planner_node-4] [TRIG]: from EXEC_TRAJ to REPLAN_TRAJ
[scan_planner_node-4] [INFO] [1785998523.572334029] [scan_planner_node]: Reference path accepted
[scan_planner_node-4] 
[scan_planner_node-4] [rebo replan]: -------------------------------------724
[scan_planner_node-4] start: 6.01 5.27  1.4,  -0.0124   -0.466 4.79e-05
[scan_planner_node-4] goal:  6   3 0.4, 0 0 0
[scan_planner_node-4] [32miter(+1)=1,time(ms)=0.009,total_t(ms)=0.009,cost=0.122
[scan_planner_node-4] [0mfirst_optimize_step_success=1
[scan_planner_node-4] Need to reallocate time.
[scan_planner_node-4] [34mThis refined trajectory is unsafe or dynamically infeasible. Skip publishing it.
[scan_planner_node-4] [0mfinal_plan_success=0
[scan_planner_node-4] 
[scan_planner_node-4] [rebo replan]: -------------------------------------725
[scan_planner_node-4] start: 6.01 5.27  1.4,  -0.0124   -0.466 4.79e-05
[scan_planner_node-4] goal:  6   3 0.4, 0 0 0
[scan_planner_node-4] [32miter(+1)=1,time(ms)=0.004,total_t(ms)=0.004,cost=0.122
[scan_planner_node-4] [0mfirst_optimize_step_success=1
[scan_planner_node-4] Need to reallocate time.
[scan_planner_node-4] [34mThis refined trajectory is unsafe or dynamically infeasible. Skip publishing it.
[scan_planner_node-4] [0mfinal_plan_success=0
[scan_planner_node-4] 
[scan_planner_node-4] [rebo replan]: -------------------------------------726
[scan_planner_node-4] start: 6.01 5.27  1.4,  -0.0124   -0.466 4.79e-05
[scan_planner_node-4] goal:  6   3 0.4, 0 0 0
[scan_planner_node-4] [32miter(+1)=9,time(ms)=0.025,total_t(ms)=0.025,cost=0.118
[scan_planner_node-4] [0mfirst_optimize_step_success=1
[scan_planner_node-4] Need to reallocate time.
[scan_planner_node-4] total time:[42m0.000263[0m,optimize:0.00014,refine:0.000123
[scan_planner_node-4] final_plan_success=1
[scan_planner_node-4] [FSM]: from REPLAN_TRAJ to EXEC_TRAJ
[closed_loop_controller-6] [INFO] [1785998523.573958318] [closed_loop_controller]: Received trajectory 405, duration 6.249s
[scan_planner_node-4] 
[scan_planner_node-4] [rebo replan]: -------------------------------------727
[scan_planner_node-4] start: 6.01 5.26 1.38,  -0.0123   -0.456 -0.00212
[scan_planner_node-4] goal:  6   3 0.4, 0 0 0
[scan_planner_node-4] [WARN] [1785998523.599847164] [path_searching]: [AStarDiag] result=OPEN_SET_EMPTY start=[5.932 4.764 1.155] end=[5.840 4.397 0.989] adjusted_start=[5.936 4.781 1.172] adjusted_end=[5.886 4.431 1.022] iter=7573 occupied_rejects=986 pool_rejects=1130 elapsed_ms=6.45
[scan_planner_node-4] [ERROR] [1785998523.599883162] [bspline_opt]: [ReplanDiag] rebound A-star failed ret=2 segment=1/1 ids=[4,6] start=[5.932 4.764 1.155] end=[5.840 4.397 0.989]
[scan_planner_node-4] iter=18,time(ms)=6.62,rebound.
[scan_planner_node-4] [WARN] [1785998523.607429296] [path_searching]: [AStarDiag] result=OPEN_SET_EMPTY start=[5.935 4.769 1.155] end=[5.840 4.394 0.989] adjusted_start=[5.937 4.782 1.172] adjusted_end=[5.887 4.432 1.022] iter=7573 occupied_rejects=986 pool_rejects=1130 elapsed_ms=7.43
[scan_planner_node-4] [ERROR] [1785998523.607464631] [bspline_opt]: [ReplanDiag] rebound A-star failed ret=2 segment=1/1 ids=[4,6] start=[5.935 4.769 1.155] end=[5.840 4.394 0.989]
[scan_planner_node-4] iter=5,time(ms)=7.52,rebound.
[scan_planner_node-4] [WARN] [1785998523.613925974] [path_searching]: [AStarDiag] result=OPEN_SET_EMPTY start=[5.934 4.770 1.155] end=[5.840 4.394 0.989] adjusted_start=[5.937 4.782 1.172] adjusted_end=[5.887 4.432 1.022] iter=7573 occupied_rejects=986 pool_rejects=1130 elapsed_ms=6.38
[scan_planner_node-4] [ERROR] [1785998523.613965327] [bspline_opt]: [ReplanDiag] init_control_points A-star failed ret=2 segment=1/1 ids=[4,6] start=[5.934 4.770 1.155] end=[5.840 4.394 0.989]
[scan_planner_node-4] [32miter(+1)=3,time(ms)=0.009,keep optimizing
[scan_planner_node-4] [WARN] [1785998523.621456748] [path_searching]: [AStarDiag] result=OPEN_SET_EMPTY start=[5.934 4.770 1.155] end=[5.840 4.394 0.989] adjusted_start=[5.937 4.782 1.172] adjusted_end=[5.887 4.432 1.022] iter=7573 occupied_rejects=986 pool_rejects=1130 elapsed_ms=7.41
[scan_planner_node-4] [ERROR] [1785998523.621491377] [bspline_opt]: [ReplanDiag] init_control_points A-star failed ret=2 segment=1/1 ids=[4,6] start=[5.934 4.770 1.155] end=[5.840 4.394 0.989]
[scan_planner_node-4] [0m[32miter(+1)=1,time(ms)=0.012,keep optimizing
[scan_planner_node-4] [WARN] [1785998523.627676377] [path_searching]: [AStarDiag] result=OPEN_SET_EMPTY start=[5.934 4.770 1.155] end=[5.840 4.394 0.989] adjusted_start=[5.937 4.782 1.172] adjusted_end=[5.887 4.432 1.022] iter=7573 occupied_rejects=986 pool_rejects=1130 elapsed_ms=6.12
[scan_planner_node-4] [ERROR] [1785998523.627706375] [bspline_opt]: [ReplanDiag] init_control_points A-star failed ret=2 segment=1/1 ids=[4,6] start=[5.934 4.770 1.155] end=[5.840 4.394 0.989]
[scan_planner_node-4] [0m[32miter(+1)=1,time(ms)=0.011,keep optimizing
[scan_planner_node-4] [0mfirst_optimize_step_success=0
[scan_planner_node-4] final_plan_success=0
[scan_planner_node-4] 
[scan_planner_node-4] [rebo replan]: -------------------------------------728
[scan_planner_node-4] start: 6.01 5.26 1.38,  -0.0123   -0.456 -0.00212
[scan_planner_node-4] goal:  6   3 0.4, 0 0 0
[scan_planner_node-4] [32miter(+1)=6,time(ms)=0.019,keep optimizing
[scan_planner_node-4] [0m[32miter(+1)=1,time(ms)=0.009,keep optimizing
[scan_planner_node-4] [0m[32miter(+1)=1,time(ms)=0.004,keep optimizing
[scan_planner_node-4] [0mfirst_optimize_step_success=0
[scan_planner_node-4] final_plan_success=0
[scan_planner_node-4] 
[scan_planner_node-4] [rebo replan]: -------------------------------------729
[scan_planner_node-4] start: 6.01 5.26 1.38,  -0.0123   -0.456 -0.00212
[scan_planner_node-4] goal:  6   3 0.4, 0 0 0
[scan_planner_node-4] [WARN] [1785998523.634778450] [path_searching]: [AStarDiag] result=OPEN_SET_EMPTY start=[5.846 4.780 1.164] end=[5.694 4.420 1.006] adjusted_start=[5.870 4.800 1.185] adjusted_end=[5.720 4.450 1.035] iter=7497 occupied_rejects=1124 pool_rejects=1133 elapsed_ms=6.72
[scan_planner_node-4] [ERROR] [1785998523.634807133] [bspline_opt]: [ReplanDiag] init_control_points A-star failed ret=2 segment=1/1 ids=[5,7] start=[5.846 4.780 1.164] end=[5.694 4.420 1.006]
[scan_planner_node-4] [WARN] [1785998523.641049221] [path_searching]: [AStarDiag] result=OPEN_SET_EMPTY start=[5.846 4.780 1.164] end=[5.694 4.420 1.006] adjusted_start=[5.870 4.800 1.185] adjusted_end=[5.720 4.450 1.035] iter=7497 occupied_rejects=1124 pool_rejects=1133 elapsed_ms=6.19
[scan_planner_node-4] [ERROR] [1785998523.641075040] [bspline_opt]: [ReplanDiag] rebound A-star failed ret=2 segment=1/1 ids=[5,7] start=[5.846 4.780 1.164] end=[5.694 4.420 1.006]
[scan_planner_node-4] iter=5,time(ms)=6.27,rebound.
[scan_planner_node-4] [WARN] [1785998523.647463160] [path_searching]: [AStarDiag] result=OPEN_SET_EMPTY start=[5.846 4.780 1.164] end=[5.694 4.419 1.006] adjusted_start=[5.870 4.799 1.185] adjusted_end=[5.720 4.449 1.035] iter=7497 occupied_rejects=1124 pool_rejects=1133 elapsed_ms=6.32
[scan_planner_node-4] [ERROR] [1785998523.647497249] [bspline_opt]: [ReplanDiag] rebound A-star failed ret=2 segment=1/1 ids=[5,7] start=[5.846 4.780 1.164] end=[5.694 4.419 1.006]
[scan_planner_node-4] [WARN] [1785998523.654003656] [path_searching]: [AStarDiag] result=OPEN_SET_EMPTY start=[5.846 4.780 1.164] end=[5.694 4.419 1.006] adjusted_start=[5.870 4.799 1.185] adjusted_end=[5.720 4.449 1.035] iter=7497 occupied_rejects=1124 pool_rejects=1133 elapsed_ms=6.44
[scan_planner_node-4] [ERROR] [1785998523.654037044] [bspline_opt]: [ReplanDiag] init_control_points A-star failed ret=2 segment=1/1 ids=[5,7] start=[5.846 4.780 1.164] end=[5.694 4.419 1.006]
[scan_planner_node-4] [32miter(+1)=5,time(ms)=6.417,keep optimizing
[scan_planner_node-4] [WARN] [1785998523.660282995] [path_searching]: [AStarDiag] result=OPEN_SET_EMPTY start=[5.846 4.780 1.164] end=[5.694 4.419 1.006] adjusted_start=[5.870 4.799 1.185] adjusted_end=[5.720 4.449 1.035] iter=7497 occupied_rejects=1124 pool_rejects=1133 elapsed_ms=6.18
[scan_planner_node-4] [ERROR] [1785998523.660308311] [bspline_opt]: [ReplanDiag] init_control_points A-star failed ret=2 segment=1/1 ids=[5,7] start=[5.846 4.780 1.164] end=[5.694 4.419 1.006]
[scan_planner_node-4] [0m[32miter(+1)=1,time(ms)=0.014,keep optimizing
[scan_planner_node-4] [WARN] [1785998523.666597853] [path_searching]: [AStarDiag] result=OPEN_SET_EMPTY start=[5.846 4.780 1.164] end=[5.694 4.419 1.006] adjusted_start=[5.870 4.799 1.185] adjusted_end=[5.720 4.449 1.035] iter=7497 occupied_rejects=1124 pool_rejects=1133 elapsed_ms=6.23
[scan_planner_node-4] [ERROR] [1785998523.666633076] [bspline_opt]: [ReplanDiag] init_control_points A-star failed ret=2 segment=1/1 ids=[5,7] start=[5.846 4.780 1.164] end=[5.694 4.419 1.006]
[scan_planner_node-4] [0m[32miter(+1)=1,time(ms)=0.012,keep optimizing
[scan_planner_node-4] [0mfirst_optimize_step_success=0
[scan_planner_node-4] final_plan_success=0
[scan_planner_node-4] [SAFETY]: from EXEC_TRAJ to REPLAN_TRAJ
[scan_planner_node-4] 
[scan_planner_node-4] [rebo replan]: -------------------------------------730
[scan_planner_node-4] start: 6.01 5.23 1.38,  -0.0123   -0.424 -0.00888
[scan_planner_node-4] goal:  6   3 0.4, 0 0 0
[scan_planner_node-4] [WARN] [1785998523.673338546] [path_searching]: [AStarDiag] result=OPEN_SET_EMPTY start=[5.942 4.770 1.151] end=[5.836 4.370 0.984] adjusted_start=[5.939 4.770 1.168] adjusted_end=[5.889 4.420 1.018] iter=7616 occupied_rejects=1037 pool_rejects=1133 elapsed_ms=6.47
[scan_planner_node-4] [ERROR] [1785998523.673369502] [bspline_opt]: [ReplanDiag] rebound A-star failed ret=2 segment=1/1 ids=[4,6] start=[5.942 4.770 1.151] end=[5.836 4.370 0.984]
[scan_planner_node-4] iter=19,time(ms)=6.59,rebound.
[scan_planner_node-4] [WARN] [1785998523.679730568] [path_searching]: [AStarDiag] result=OPEN_SET_EMPTY start=[5.941 4.773 1.151] end=[5.838 4.368 0.984] adjusted_start=[5.939 4.770 1.168] adjusted_end=[5.889 4.420 1.018] iter=7616 occupied_rejects=1037 pool_rejects=1133 elapsed_ms=6.30
[scan_planner_node-4] [ERROR] [1785998523.679757246] [bspline_opt]: [ReplanDiag] rebound A-star failed ret=2 segment=1/1 ids=[4,6] start=[5.941 4.773 1.151] end=[5.838 4.368 0.984]
[scan_planner_node-4] iter=5,time(ms)=6.38,rebound.
[scan_planner_node-4] [WARN] [1785998523.686498308] [path_searching]: [AStarDiag] result=OPEN_SET_EMPTY start=[5.941 4.773 1.151] end=[5.838 4.367 0.984] adjusted_start=[5.939 4.770 1.168] adjusted_end=[5.889 4.420 1.018] iter=7616 occupied_rejects=1037 pool_rejects=1133 elapsed_ms=6.66
[scan_planner_node-4] [ERROR] [1785998523.686543327] [bspline_opt]: [ReplanDiag] init_control_points A-star failed ret=2 segment=1/1 ids=[4,6] start=[5.941 4.773 1.151] end=[5.838 4.367 0.984]
[scan_planner_node-4] [32miter(+1)=3,time(ms)=0.012,keep optimizing
[scan_planner_node-4] [WARN] [1785998523.693326872] [path_searching]: [AStarDiag] result=OPEN_SET_EMPTY start=[5.941 4.773 1.151] end=[5.838 4.367 0.984] adjusted_start=[5.939 4.770 1.168] adjusted_end=[5.889 4.420 1.018] iter=7616 occupied_rejects=1037 pool_rejects=1133 elapsed_ms=6.69
[scan_planner_node-4] [ERROR] [1785998523.693360556] [bspline_opt]: [ReplanDiag] init_control_points A-star failed ret=2 segment=1/1 ids=[4,6] start=[5.941 4.773 1.151] end=[5.838 4.367 0.984]
[scan_planner_node-4] [0m[32miter(+1)=1,time(ms)=0.015,keep optimizing
[scan_planner_node-4] [WARN] [1785998523.701114232] [path_searching]: [AStarDiag] result=OPEN_SET_EMPTY start=[5.941 4.773 1.151] end=[5.838 4.367 0.984] adjusted_start=[5.939 4.770 1.168] adjusted_end=[5.889 4.420 1.018] iter=7616 occupied_rejects=1037 pool_rejects=1133 elapsed_ms=7.69
[scan_planner_node-4] [ERROR] [1785998523.701145707] [bspline_opt]: [ReplanDiag] init_control_points A-star failed ret=2 segment=1/1 ids=[4,6] start=[5.941 4.773 1.151] end=[5.838 4.367 0.984]
[scan_planner_node-4] [0m[32miter(+1)=1,time(ms)=0.011,keep optimizing
[scan_planner_node-4] [0mfirst_optimize_step_success=0
[scan_planner_node-4] final_plan_success=0
[scan_planner_node-4] 
[scan_planner_node-4] [rebo replan]: -------------------------------------731
[scan_planner_node-4] start: 6.01 5.23 1.38,  -0.0123   -0.424 -0.00888
[scan_planner_node-4] goal:  6   3 0.4, 0 0 0
[scan_planner_node-4] [32miter(+1)=4,time(ms)=0.015,keep optimizing
[scan_planner_node-4] [0m[32miter(+1)=1,time(ms)=0.004,keep optimizing
[scan_planner_node-4] [0m[32miter(+1)=1,time(ms)=0.003,keep optimizing
[scan_planner_node-4] [0mfirst_optimize_step_success=0
[scan_planner_node-4] final_plan_success=0
[scan_planner_node-4] 
[scan_planner_node-4] [rebo replan]: -------------------------------------732
[scan_planner_node-4] start: 6.01 5.23 1.38,  -0.0123   -0.424 -0.00888
[scan_planner_node-4] goal:  6   3 0.4, 0 0 0
[scan_planner_node-4] [WARN] [1785998523.708017411] [path_searching]: [AStarDiag] result=OPEN_SET_EMPTY start=[5.812 4.798 1.178] end=[5.634 4.467 1.027] adjusted_start=[5.823 4.782 1.202] adjusted_end=[5.673 4.532 1.052] iter=7420 occupied_rejects=1136 pool_rejects=1130 elapsed_ms=6.51
[scan_planner_node-4] [ERROR] [1785998523.708047947] [bspline_opt]: [ReplanDiag] init_control_points A-star failed ret=2 segment=1/1 ids=[5,7] start=[5.812 4.798 1.178] end=[5.634 4.467 1.027]
[scan_planner_node-4] [WARN] [1785998523.714495644] [path_searching]: [AStarDiag] result=OPEN_SET_EMPTY start=[5.812 4.798 1.178] end=[5.634 4.466 1.027] adjusted_start=[5.823 4.782 1.202] adjusted_end=[5.673 4.532 1.052] iter=7420 occupied_rejects=1136 pool_rejects=1130 elapsed_ms=6.39
[scan_planner_node-4] [ERROR] [1785998523.714515767] [bspline_opt]: [ReplanDiag] rebound A-star failed ret=2 segment=1/1 ids=[5,7] start=[5.812 4.798 1.178] end=[5.634 4.466 1.027]
[scan_planner_node-4] iter=5,time(ms)=6.47,rebound.
[scan_planner_node-4] [WARN] [1785998523.721203443] [path_searching]: [AStarDiag] result=OPEN_SET_EMPTY start=[5.812 4.798 1.178] end=[5.634 4.465 1.027] adjusted_start=[5.823 4.782 1.202] adjusted_end=[5.673 4.532 1.052] iter=7420 occupied_rejects=1136 pool_rejects=1130 elapsed_ms=6.63
[scan_planner_node-4] [ERROR] [1785998523.721251049] [bspline_opt]: [ReplanDiag] rebound A-star failed ret=2 segment=1/1 ids=[5,7] start=[5.812 4.798 1.178] end=[5.634 4.465 1.027]
[scan_planner_node-4] [WARN] [1785998523.728147027] [path_searching]: [AStarDiag] result=OPEN_SET_EMPTY start=[5.812 4.798 1.178] end=[5.634 4.465 1.027] adjusted_start=[5.823 4.782 1.202] adjusted_end=[5.673 4.532 1.052] iter=7420 occupied_rejects=1136 pool_rejects=1130 elapsed_ms=6.72
[scan_planner_node-4] [ERROR] [1785998523.728182290] [bspline_opt]: [ReplanDiag] init_control_points A-star failed ret=2 segment=1/1 ids=[5,7] start=[5.812 4.798 1.178] end=[5.634 4.465 1.027]
[scan_planner_node-4] [32miter(+1)=5,time(ms)=6.796,keep optimizing
[scan_planner_node-4] [WARN] [1785998523.735027932] [path_searching]: [AStarDiag] result=OPEN_SET_EMPTY start=[5.812 4.798 1.178] end=[5.634 4.465 1.027] adjusted_start=[5.823 4.782 1.202] adjusted_end=[5.673 4.532 1.052] iter=7420 occupied_rejects=1136 pool_rejects=1130 elapsed_ms=6.77
[scan_planner_node-4] [ERROR] [1785998523.735067159] [bspline_opt]: [ReplanDiag] init_control_points A-star failed ret=2 segment=1/1 ids=[5,7] start=[5.812 4.798 1.178] end=[5.634 4.465 1.027]
[scan_planner_node-4] [0m[32miter(+1)=1,time(ms)=0.017,keep optimizing
[scan_planner_node-4] [WARN] [1785998523.741964038] [path_searching]: [AStarDiag] result=OPEN_SET_EMPTY start=[5.812 4.798 1.178] end=[5.634 4.465 1.027] adjusted_start=[5.823 4.782 1.202] adjusted_end=[5.673 4.532 1.052] iter=7420 occupied_rejects=1136 pool_rejects=1130 elapsed_ms=6.82
[scan_planner_node-4] [ERROR] [1785998523.741994807] [bspline_opt]: [ReplanDiag] init_control_points A-star failed ret=2 segment=1/1 ids=[5,7] start=[5.812 4.798 1.178] end=[5.634 4.465 1.027]
[scan_planner_node-4] [0m[32miter(+1)=1,time(ms)=0.017,keep optimizing
[scan_planner_node-4] [0mfirst_optimize_step_success=0
[scan_planner_node-4] final_plan_success=0
[scan_planner_node-4] [FSM]: from REPLAN_TRAJ to REPLAN_TRAJ
[scan_planner_node-4] 
[scan_planner_node-4] [rebo replan]: -------------------------------------733
[scan_planner_node-4] start: 6.01  5.2 1.38, -0.0137  -0.393 -0.0254
[scan_planner_node-4] goal:  6   3 0.4, 0 0 0
[scan_planner_node-4] [WARN] [1785998523.748986336] [path_searching]: [AStarDiag] result=OPEN_SET_EMPTY start=[5.945 4.780 1.147] end=[5.838 4.347 0.979] adjusted_start=[5.941 4.763 1.163] adjusted_end=[5.891 4.413 1.013] iter=7608 occupied_rejects=975 pool_rejects=1133 elapsed_ms=6.67
[scan_planner_node-4] [ERROR] [1785998523.749015122] [bspline_opt]: [ReplanDiag] rebound A-star failed ret=2 segment=1/1 ids=[4,6] start=[5.945 4.780 1.147] end=[5.838 4.347 0.979]
[scan_planner_node-4] iter=21,time(ms)=6.81,rebound.
[scan_planner_node-4] [WARN] [1785998523.755902005] [path_searching]: [AStarDiag] result=OPEN_SET_EMPTY start=[5.942 4.781 1.147] end=[5.837 4.342 0.979] adjusted_start=[5.940 4.762 1.163] adjusted_end=[5.890 4.412 1.013] iter=7608 occupied_rejects=975 pool_rejects=1133 elapsed_ms=6.79
[scan_planner_node-4] [ERROR] [1785998523.755936675] [bspline_opt]: [ReplanDiag] init_control_points A-star failed ret=2 segment=1/1 ids=[4,6] start=[5.942 4.781 1.147] end=[5.837 4.342 0.979]
[scan_planner_node-4] [32miter(+1)=4,time(ms)=0.014,keep optimizing
[scan_planner_node-4] [WARN] [1785998523.762438853] [path_searching]: [AStarDiag] result=OPEN_SET_EMPTY start=[5.942 4.781 1.147] end=[5.837 4.342 0.979] adjusted_start=[5.940 4.762 1.163] adjusted_end=[5.890 4.412 1.013] iter=7608 occupied_rejects=975 pool_rejects=1133 elapsed_ms=6.44
[scan_planner_node-4] [ERROR] [1785998523.762461929] [bspline_opt]: [ReplanDiag] init_control_points A-star failed ret=2 segment=1/1 ids=[4,6] start=[5.942 4.781 1.147] end=[5.837 4.342 0.979]
[scan_planner_node-4] [0m[32miter(+1)=1,time(ms)=0.012,keep optimizing
[scan_planner_node-4] [WARN] [1785998523.769208848] [path_searching]: [AStarDiag] result=OPEN_SET_EMPTY start=[5.942 4.781 1.147] end=[5.837 4.342 0.979] adjusted_start=[5.940 4.762 1.163] adjusted_end=[5.890 4.412 1.013] iter=7608 occupied_rejects=975 pool_rejects=1133 elapsed_ms=6.69
[scan_planner_node-4] [ERROR] [1785998523.769241700] [bspline_opt]: [ReplanDiag] init_control_points A-star failed ret=2 segment=1/1 ids=[4,6] start=[5.942 4.781 1.147] end=[5.837 4.342 0.979]
[scan_planner_node-4] [0m[32miter(+1)=1,time(ms)=0.011,keep optimizing
[scan_planner_node-4] [0mfirst_optimize_step_success=0
[scan_planner_node-4] final_plan_success=0
[scan_planner_node-4] 
[scan_planner_node-4] [rebo replan]: -------------------------------------734
[scan_planner_node-4] start: 6.01  5.2 1.38, -0.0137  -0.393 -0.0254
[scan_planner_node-4] goal:  6   3 0.4, 0 0 0
[scan_planner_node-4] [32miter(+1)=4,time(ms)=0.019,total_t(ms)=0.019,cost=0.023
[scan_planner_node-4] [0mfirst_optimize_step_success=1
[scan_planner_node-4] total time:[42m0.000189[0m,optimize:0.00016,refine:2.98e-05
[scan_planner_node-4] final_plan_success=1
[scan_planner_node-4] [SAFETY]: from REPLAN_TRAJ to EXEC_TRAJ
[closed_loop_controller-6] [INFO] [1785998523.769682242] [closed_loop_controller]: Received trajectory 406, duration 4.480s
[scan_planner_node-4] 
[scan_planner_node-4] [rebo replan]: -------------------------------------735
[scan_planner_node-4] start: 6.01  5.2 1.37, -0.0137  -0.393 -0.0279
[scan_planner_node-4] goal:  6   3 0.4, 0 0 0
[scan_planner_node-4] [32miter(+1)=21,time(ms)=0.061,keep optimizing
[scan_planner_node-4] [0m[32miter(+1)=16,time(ms)=0.036,keep optimizing
[scan_planner_node-4] [0m[32miter(+1)=1,time(ms)=0.004,keep optimizing
[scan_planner_node-4] [0mfirst_optimize_step_success=0
[scan_planner_node-4] final_plan_success=0
[scan_planner_node-4] 
[scan_planner_node-4] [rebo replan]: -------------------------------------736
[scan_planner_node-4] start: 6.01  5.2 1.37, -0.0137  -0.393 -0.0279
[scan_planner_node-4] goal:  6   3 0.4, 0 0 0
[scan_planner_node-4] [32miter(+1)=4,time(ms)=0.017,total_t(ms)=0.017,cost=0.021
[scan_planner_node-4] [0mfirst_optimize_step_success=1
[scan_planner_node-4] total time:[42m0.000149[0m,optimize:0.00012,refine:2.91e-05
[scan_planner_node-4] final_plan_success=1
[scan_planner_node-4] [SAFETY]: from EXEC_TRAJ to EXEC_TRAJ
[closed_loop_controller-6] [INFO] [1785998523.771201264] [closed_loop_controller]: Received trajectory 407, duration 4.480s
[scan_planner_node-4] 
[scan_planner_node-4] [rebo replan]: -------------------------------------737
[scan_planner_node-4] start: 6.01 5.19 1.36, -0.0144  -0.382  -0.039
[scan_planner_node-4] goal:  6   3 0.4, 0 0 0
[scan_planner_node-4] [32miter(+1)=21,time(ms)=0.063,keep optimizing
[scan_planner_node-4] [0m[32miter(+1)=16,time(ms)=0.038,keep optimizing
[scan_planner_node-4] [0m[32miter(+1)=1,time(ms)=0.004,keep optimizing
[scan_planner_node-4] [0mfirst_optimize_step_success=0
[scan_planner_node-4] final_plan_success=0
[scan_planner_node-4] 
[scan_planner_node-4] [rebo replan]: -------------------------------------738
[scan_planner_node-4] start: 6.01 5.19 1.36, -0.0144  -0.382  -0.039
[scan_planner_node-4] goal:  6   3 0.4, 0 0 0
[scan_planner_node-4] [32miter(+1)=4,time(ms)=0.013,keep optimizing
[scan_planner_node-4] [WARN] [1785998523.807951807] [path_searching]: [AStarDiag] result=OPEN_SET_EMPTY start=[5.914 4.844 1.209] end=[5.865 4.478 1.048] adjusted_start=[5.889 4.861 1.229] adjusted_end=[5.889 4.511 1.079] iter=7637 occupied_rejects=1017 pool_rejects=1130 elapsed_ms=7.14
[scan_planner_node-4] [ERROR] [1785998523.807988648] [bspline_opt]: [ReplanDiag] rebound A-star failed ret=2 segment=1/1 ids=[4,6] start=[5.914 4.844 1.209] end=[5.865 4.478 1.048]
[scan_planner_node-4] [0miter=10,time(ms)=7.3,rebound.
[scan_planner_node-4] [WARN] [1785998523.815077000] [path_searching]: [AStarDiag] result=OPEN_SET_EMPTY start=[5.912 4.844 1.209] end=[5.864 4.478 1.048] adjusted_start=[5.888 4.861 1.229] adjusted_end=[5.888 4.511 1.079] iter=7637 occupied_rejects=1017 pool_rejects=1130 elapsed_ms=7.02
[scan_planner_node-4] [ERROR] [1785998523.815113126] [bspline_opt]: [ReplanDiag] rebound A-star failed ret=2 segment=1/1 ids=[4,6] start=[5.912 4.844 1.209] end=[5.864 4.478 1.048]
[scan_planner_node-4] [32miter(+1)=5,time(ms)=7.115,keep optimizing
[scan_planner_node-4] [WARN] [1785998523.823055645] [path_searching]: [AStarDiag] result=OPEN_SET_EMPTY start=[5.888 4.843 1.209] end=[5.819 4.480 1.048] adjusted_start=[5.903 4.861 1.229] adjusted_end=[5.853 4.511 1.079] iter=7615 occupied_rejects=1043 pool_rejects=1130 elapsed_ms=7.81
[scan_planner_node-4] [ERROR] [1785998523.823094297] [bspline_opt]: [ReplanDiag] rebound A-star failed ret=2 segment=1/1 ids=[4,6] start=[5.888 4.843 1.209] end=[5.819 4.480 1.048]
[scan_planner_node-4] [0miter=5,time(ms)=7.9,rebound.
[scan_planner_node-4] [WARN] [1785998523.830003378] [path_searching]: [AStarDiag] result=OPEN_SET_EMPTY start=[5.870 4.843 1.209] end=[5.813 4.480 1.048] adjusted_start=[5.891 4.861 1.229] adjusted_end=[5.841 4.511 1.079] iter=7605 occupied_rejects=988 pool_rejects=1130 elapsed_ms=6.83
[scan_planner_node-4] [ERROR] [1785998523.830034293] [bspline_opt]: [ReplanDiag] rebound A-star failed ret=2 segment=1/1 ids=[4,6] start=[5.870 4.843 1.209] end=[5.813 4.480 1.048]
[scan_planner_node-4] iter=7,time(ms)=6.9,rebound.
[scan_planner_node-4] [WARN] [1785998523.837024697] [path_searching]: [AStarDiag] result=OPEN_SET_EMPTY start=[5.864 4.843 1.209] end=[5.800 4.479 1.048] adjusted_start=[5.882 4.861 1.229] adjusted_end=[5.832 4.511 1.079] iter=7605 occupied_rejects=988 pool_rejects=1130 elapsed_ms=6.92
[scan_planner_node-4] [ERROR] [1785998523.837050348] [bspline_opt]: [ReplanDiag] rebound A-star failed ret=2 segment=1/1 ids=[4,6] start=[5.864 4.843 1.209] end=[5.800 4.479 1.048]
[scan_planner_node-4] iter=5,time(ms)=7,rebound.
[scan_planner_node-4] [WARN] [1785998523.843765544] [path_searching]: [AStarDiag] result=OPEN_SET_EMPTY start=[5.862 4.843 1.209] end=[5.801 4.479 1.048] adjusted_start=[5.881 4.861 1.229] adjusted_end=[5.831 4.511 1.079] iter=7605 occupied_rejects=988 pool_rejects=1130 elapsed_ms=6.66
[scan_planner_node-4] [ERROR] [1785998523.843786716] [bspline_opt]: [ReplanDiag] rebound A-star failed ret=2 segment=1/1 ids=[4,6] start=[5.862 4.843 1.209] end=[5.801 4.479 1.048]
[scan_planner_node-4] iter=5,time(ms)=6.7,rebound.
[scan_planner_node-4] [WARN] [1785998523.850923376] [path_searching]: [AStarDiag] result=OPEN_SET_EMPTY start=[5.861 4.843 1.209] end=[5.800 4.479 1.048] adjusted_start=[5.881 4.861 1.229] adjusted_end=[5.831 4.511 1.079] iter=7605 occupied_rejects=988 pool_rejects=1130 elapsed_ms=7.07
[scan_planner_node-4] [ERROR] [1785998523.850955383] [bspline_opt]: [ReplanDiag] init_control_points A-star failed ret=2 segment=1/1 ids=[4,6] start=[5.861 4.843 1.209] end=[5.800 4.479 1.048]
[scan_planner_node-4] [32miter(+1)=3,time(ms)=0.012,keep optimizing
[scan_planner_node-4] [0mfirst_optimize_step_success=0
[scan_planner_node-4] final_plan_success=0
[scan_planner_node-4] 
[scan_planner_node-4] [rebo replan]: -------------------------------------739
[scan_planner_node-4] start: 6.01 5.19 1.36, -0.0144  -0.382  -0.039
[scan_planner_node-4] goal:  6   3 0.4, 0 0 0
[scan_planner_node-4] [32miter(+1)=4,time(ms)=0.017,keep optimizing
[scan_planner_node-4] [WARN] [1785998523.858648303] [path_searching]: [AStarDiag] result=OPEN_SET_EMPTY start=[6.148 4.884 1.219] end=[6.323 4.557 1.067] adjusted_start=[6.185 4.870 1.243] adjusted_end=[6.335 4.570 1.093] iter=7668 occupied_rejects=1168 pool_rejects=1133 elapsed_ms=7.38
[scan_planner_node-4] [ERROR] [1785998523.858682359] [bspline_opt]: [ReplanDiag] rebound A-star failed ret=2 segment=1/1 ids=[4,6] start=[6.148 4.884 1.219] end=[6.323 4.557 1.067]
[scan_planner_node-4] [0miter=10,time(ms)=7.5,rebound.
[scan_planner_node-4] [WARN] [1785998523.866146425] [path_searching]: [AStarDiag] result=OPEN_SET_EMPTY start=[6.148 4.883 1.219] end=[6.323 4.556 1.067] adjusted_start=[6.185 4.869 1.243] adjusted_end=[6.335 4.569 1.093] iter=7674 occupied_rejects=1130 pool_rejects=1133 elapsed_ms=7.40
[scan_planner_node-4] [ERROR] [1785998523.866182207] [bspline_opt]: [ReplanDiag] rebound A-star failed ret=2 segment=1/1 ids=[4,6] start=[6.148 4.883 1.219] end=[6.323 4.556 1.067]
[scan_planner_node-4] iter=5,time(ms)=7.5,rebound.
[scan_planner_node-4] [32miter(+1)=3,time(ms)=0.012,keep optimizing
[scan_planner_node-4] [WARN] [1785998523.874831223] [path_searching]: [AStarDiag] result=OPEN_SET_EMPTY start=[6.185 4.890 1.219] end=[6.378 4.570 1.067] adjusted_start=[6.231 4.880 1.243] adjusted_end=[6.381 4.580 1.093] iter=7691 occupied_rejects=1075 pool_rejects=1130 elapsed_ms=8.52
[scan_planner_node-4] [ERROR] [1785998523.874876422] [bspline_opt]: [ReplanDiag] rebound A-star failed ret=2 segment=1/1 ids=[4,6] start=[6.185 4.890 1.219] end=[6.378 4.570 1.067]
[scan_planner_node-4] [0miter=8,time(ms)=8.7,rebound.
[scan_planner_node-4] [WARN] [1785998523.882356915] [path_searching]: [AStarDiag] result=OPEN_SET_EMPTY start=[6.187 4.892 1.219] end=[6.375 4.568 1.067] adjusted_start=[6.231 4.880 1.243] adjusted_end=[6.381 4.580 1.093] iter=7691 occupied_rejects=1075 pool_rejects=1130 elapsed_ms=7.37
[scan_planner_node-4] [ERROR] [1785998523.882394547] [bspline_opt]: [ReplanDiag] rebound A-star failed ret=2 segment=1/1 ids=[4,6] start=[6.187 4.892 1.219] end=[6.375 4.568 1.067]
[scan_planner_node-4] iter=5,time(ms)=30,rebound.
[scan_planner_node-4] [WARN] [1785998523.912459166] [path_searching]: [AStarDiag] result=OPEN_SET_EMPTY start=[6.187 4.892 1.219] end=[6.376 4.568 1.067] adjusted_start=[6.232 4.880 1.243] adjusted_end=[6.382 4.580 1.093] iter=7691 occupied_rejects=1075 pool_rejects=1130 elapsed_ms=7.09
[scan_planner_node-4] [ERROR] [1785998523.912491077] [bspline_opt]: [ReplanDiag] init_control_points A-star failed ret=2 segment=1/1 ids=[4,6] start=[6.187 4.892 1.219] end=[6.376 4.568 1.067]
[scan_planner_node-4] [32miter(+1)=3,time(ms)=0.018,keep optimizing
[scan_planner_node-4] [0mfirst_optimize_step_success=0
[scan_planner_node-4] final_plan_success=0
[scan_planner_node-4] [SAFETY]: from EXEC_TRAJ to REPLAN_TRAJ
[scan_planner_node-4] 
[scan_planner_node-4] [rebo replan]: -------------------------------------740
[scan_planner_node-4] start: 6.01 5.15 1.35, -0.0167  -0.349  -0.078
[scan_planner_node-4] goal:  6   3 0.4, 0 0 0
[scan_planner_node-4] [32miter(+1)=23,time(ms)=0.077,keep optimizing
[scan_planner_node-4] [0m[32miter(+1)=19,time(ms)=0.050,keep optimizing
[scan_planner_node-4] [0m[32miter(+1)=1,time(ms)=0.004,keep optimizing
[scan_planner_node-4] [0mfirst_optimize_step_success=0
[scan_planner_node-4] final_plan_success=0
[scan_planner_node-4] 
[scan_planner_node-4] [rebo replan]: -------------------------------------741
[scan_planner_node-4] start: 6.01 5.15 1.35, -0.0167  -0.349  -0.078
[scan_planner_node-4] goal:  6   3 0.4, 0 0 0
[scan_planner_node-4] [32miter(+1)=1,time(ms)=0.013,total_t(ms)=0.013,cost=0.006
[scan_planner_node-4] [0mfirst_optimize_step_success=1
[scan_planner_node-4] total time:[42m0.000168[0m,optimize:0.000122,refine:4.66e-05
[scan_planner_node-4] final_plan_success=1
[scan_planner_node-4] [FSM]: from REPLAN_TRAJ to EXEC_TRAJ
[closed_loop_controller-6] [INFO] [1785998523.913409968] [closed_loop_controller]: Received trajectory 408, duration 4.480s
[scan_planner_node-4] 
[scan_planner_node-4] [rebo replan]: -------------------------------------742
[scan_planner_node-4] start: 6.01 5.14 1.35, -0.0168  -0.349 -0.0795
[scan_planner_node-4] goal:  6   3 0.4, 0 0 0
[scan_planner_node-4] [32miter(+1)=23,time(ms)=0.058,keep optimizing
[scan_planner_node-4] [0m[32miter(+1)=12,time(ms)=0.029,keep optimizing
[scan_planner_node-4] [0m[32miter(+1)=1,time(ms)=0.005,keep optimizing
[scan_planner_node-4] [0mfirst_optimize_step_success=0
[scan_planner_node-4] final_plan_success=0
[scan_planner_node-4] 
[scan_planner_node-4] [rebo replan]: -------------------------------------743
[scan_planner_node-4] start: 6.01 5.14 1.35, -0.0168  -0.349 -0.0795
[scan_planner_node-4] goal:  6   3 0.4, 0 0 0
[scan_planner_node-4] [32miter(+1)=1,time(ms)=0.008,keep optimizing
[scan_planner_node-4] [0m[32miter(+1)=1,time(ms)=0.006,keep optimizing
[scan_planner_node-4] [0m[32miter(+1)=1,time(ms)=0.005,keep optimizing
[scan_planner_node-4] [0mfirst_optimize_step_success=0
[scan_planner_node-4] final_plan_success=0
[scan_planner_node-4] 
[scan_planner_node-4] [rebo replan]: -------------------------------------744
[scan_planner_node-4] start: 6.01 5.14 1.35, -0.0168  -0.349 -0.0795
[scan_planner_node-4] goal:  6   3 0.4, 0 0 0
[scan_planner_node-4] [32miter(+1)=4,time(ms)=0.012,total_t(ms)=0.012,cost=0.010
[scan_planner_node-4] [0mfirst_optimize_step_success=1
[scan_planner_node-4] total time:[42m0.000224[0m,optimize:0.000182,refine:4.19e-05
[scan_planner_node-4] final_plan_success=1
[scan_planner_node-4] [SAFETY]: from EXEC_TRAJ to EXEC_TRAJ
[closed_loop_controller-6] [INFO] [1785998523.914321988] [closed_loop_controller]: Received trajectory 409, duration 4.480s
[scan_planner_node-4] 
[scan_planner_node-4] [rebo replan]: -------------------------------------745
[scan_planner_node-4] start: 6.01 5.13 1.34, -0.0167  -0.341 -0.0932
[scan_planner_node-4] goal:  6   3 0.4, 0 0 0
[scan_planner_node-4] [32miter(+1)=22,time(ms)=0.089,keep optimizing
[scan_planner_node-4] [0m[32miter(+1)=13,time(ms)=0.044,keep optimizing
[scan_planner_node-4] [0m[32miter(+1)=9,time(ms)=0.020,keep optimizing
[scan_planner_node-4] [0mfirst_optimize_step_success=0
[scan_planner_node-4] final_plan_success=0
[scan_planner_node-4] 
[scan_planner_node-4] [rebo replan]: -------------------------------------746
[scan_planner_node-4] start: 6.01 5.13 1.34, -0.0167  -0.341 -0.0932
[scan_planner_node-4] goal:  6   3 0.4, 0 0 0
[scan_planner_node-4] [32miter(+1)=1,time(ms)=0.007,total_t(ms)=0.008,cost=0.005
[scan_planner_node-4] [0mfirst_optimize_step_success=1
[scan_planner_node-4] total time:[42m0.000169[0m,optimize:0.000122,refine:4.73e-05
[scan_planner_node-4] final_plan_success=1
[scan_planner_node-4] [SAFETY]: from EXEC_TRAJ to EXEC_TRAJ
[closed_loop_controller-6] [INFO] [1785998523.950351148] [closed_loop_controller]: Received trajectory 410, duration 4.480s
[scan_planner_node-4] 
[scan_planner_node-4] [rebo replan]: -------------------------------------747
[scan_planner_node-4] start: 6.01 5.12 1.34, -0.016 -0.334 -0.107
[scan_planner_node-4] goal:  6   3 0.4, 0 0 0
[scan_planner_node-4] [WARN] [1785998524.000812843] [path_searching]: [AStarDiag] result=OPEN_SET_EMPTY start=[5.998 4.808 1.161] end=[5.997 4.376 1.011] adjusted_start=[5.998 4.792 1.186] adjusted_end=[5.998 4.442 1.036] iter=7623 occupied_rejects=989 pool_rejects=1130 elapsed_ms=7.45
[scan_planner_node-4] [ERROR] [1785998524.000851087] [bspline_opt]: [ReplanDiag] rebound A-star failed ret=2 segment=1/1 ids=[3,5] start=[5.998 4.808 1.161] end=[5.997 4.376 1.011]
[scan_planner_node-4] iter=6,time(ms)=7.55,rebound.
[scan_planner_node-4] [WARN] [1785998524.009050835] [path_searching]: [AStarDiag] result=OPEN_SET_EMPTY start=[5.998 4.826 1.161] end=[5.997 4.380 1.011] adjusted_start=[5.997 4.803 1.186] adjusted_end=[5.997 4.453 1.036] iter=7622 occupied_rejects=997 pool_rejects=1133 elapsed_ms=8.12
[scan_planner_node-4] [ERROR] [1785998524.009090371] [bspline_opt]: [ReplanDiag] rebound A-star failed ret=2 segment=1/1 ids=[3,5] start=[5.998 4.826 1.161] end=[5.997 4.380 1.011]
[scan_planner_node-4] iter=5,time(ms)=8.22,rebound.
[scan_planner_node-4] [WARN] [1785998524.016779904] [path_searching]: [AStarDiag] result=OPEN_SET_EMPTY start=[5.999 4.827 1.161] end=[5.997 4.380 1.011] adjusted_start=[5.998 4.804 1.186] adjusted_end=[5.998 4.454 1.036] iter=7622 occupied_rejects=997 pool_rejects=1133 elapsed_ms=7.63
[scan_planner_node-4] [ERROR] [1785998524.016814263] [bspline_opt]: [ReplanDiag] rebound A-star failed ret=2 segment=1/1 ids=[3,5] start=[5.999 4.827 1.161] end=[5.997 4.380 1.011]
[scan_planner_node-4] iter=5,time(ms)=7.71,rebound.
[scan_planner_node-4] [WARN] [1785998524.024418110] [path_searching]: [AStarDiag] result=OPEN_SET_EMPTY start=[5.998 4.830 1.161] end=[5.997 4.389 1.011] adjusted_start=[5.998 4.810 1.186] adjusted_end=[5.998 4.460 1.036] iter=7622 occupied_rejects=997 pool_rejects=1133 elapsed_ms=7.54
[scan_planner_node-4] [ERROR] [1785998524.024452909] [bspline_opt]: [ReplanDiag] rebound A-star failed ret=2 segment=1/1 ids=[3,5] start=[5.998 4.830 1.161] end=[5.997 4.389 1.011]
[scan_planner_node-4] iter=5,time(ms)=7.65,rebound.
[scan_planner_node-4] [WARN] [1785998524.031772098] [path_searching]: [AStarDiag] result=OPEN_SET_EMPTY start=[5.999 4.830 1.161] end=[5.997 4.391 1.011] adjusted_start=[5.998 4.810 1.186] adjusted_end=[5.998 4.460 1.036] iter=7622 occupied_rejects=997 pool_rejects=1133 elapsed_ms=7.24
[scan_planner_node-4] [ERROR] [1785998524.031806909] [bspline_opt]: [ReplanDiag] rebound A-star failed ret=2 segment=1/1 ids=[3,5] start=[5.999 4.830 1.161] end=[5.997 4.391 1.011]
[scan_planner_node-4] iter=5,time(ms)=7.32,rebound.
[scan_planner_node-4] [WARN] [1785998524.039787600] [path_searching]: [AStarDiag] result=OPEN_SET_EMPTY start=[5.998 4.833 1.161] end=[5.996 4.406 1.011] adjusted_start=[5.997 4.820 1.186] adjusted_end=[5.997 4.470 1.036] iter=7622 occupied_rejects=997 pool_rejects=1133 elapsed_ms=7.92
[scan_planner_node-4] [ERROR] [1785998524.039823397] [bspline_opt]: [ReplanDiag] rebound A-star failed ret=2 segment=1/1 ids=[3,5] start=[5.998 4.833 1.161] end=[5.996 4.406 1.011]
[scan_planner_node-4] iter=5,time(ms)=8.01,rebound.
[scan_planner_node-4] [WARN] [1785998524.047134053] [path_searching]: [AStarDiag] result=OPEN_SET_EMPTY start=[5.999 4.834 1.161] end=[5.997 4.408 1.011] adjusted_start=[5.998 4.821 1.186] adjusted_end=[5.998 4.471 1.036] iter=7616 occupied_rejects=1065 pool_rejects=1133 elapsed_ms=7.25
[scan_planner_node-4] [ERROR] [1785998524.047174186] [bspline_opt]: [ReplanDiag] rebound A-star failed ret=2 segment=1/1 ids=[3,5] start=[5.999 4.834 1.161] end=[5.997 4.408 1.011]
[scan_planner_node-4] iter=5,time(ms)=7.34,rebound.
[scan_planner_node-4] [WARN] [1785998524.055174040] [path_searching]: [AStarDiag] result=OPEN_SET_EMPTY start=[5.999 4.835 1.161] end=[5.997 4.413 1.011] adjusted_start=[5.998 4.824 1.186] adjusted_end=[5.998 4.474 1.036] iter=7506 occupied_rejects=985 pool_rejects=1130 elapsed_ms=7.93
[scan_planner_node-4] [ERROR] [1785998524.055212872] [bspline_opt]: [ReplanDiag] rebound A-star failed ret=2 segment=1/1 ids=[3,5] start=[5.999 4.835 1.161] end=[5.997 4.413 1.011]
[scan_planner_node-4] iter=5,time(ms)=8.02,rebound.
[scan_planner_node-4] [WARN] [1785998524.061681250] [path_searching]: [AStarDiag] result=OPEN_SET_EMPTY start=[5.999 4.836 1.161] end=[5.997 4.416 1.011] adjusted_start=[5.998 4.826 1.186] adjusted_end=[5.998 4.476 1.036] iter=7506 occupied_rejects=985 pool_rejects=1130 elapsed_ms=6.41
[scan_planner_node-4] [ERROR] [1785998524.061702946] [bspline_opt]: [ReplanDiag] rebound A-star failed ret=2 segment=1/1 ids=[3,5] start=[5.999 4.836 1.161] end=[5.997 4.416 1.011]
[scan_planner_node-4] iter=5,time(ms)=6.47,rebound.
[scan_planner_node-4] [WARN] [1785998524.068753955] [path_searching]: [AStarDiag] result=OPEN_SET_EMPTY start=[5.999 4.837 1.161] end=[5.997 4.421 1.011] adjusted_start=[5.998 4.829 1.186] adjusted_end=[5.998 4.479 1.036] iter=7534 occupied_rejects=977 pool_rejects=1130 elapsed_ms=7.00
[scan_planner_node-4] [ERROR] [1785998524.068793474] [bspline_opt]: [ReplanDiag] rebound A-star failed ret=2 segment=1/1 ids=[3,5] start=[5.999 4.837 1.161] end=[5.997 4.421 1.011]
[scan_planner_node-4] iter=5,time(ms)=7.09,rebound.
[scan_planner_node-4] [WARN] [1785998524.075577497] [path_searching]: [AStarDiag] result=OPEN_SET_EMPTY start=[5.999 4.837 1.161] end=[5.997 4.423 1.011] adjusted_start=[5.998 4.830 1.186] adjusted_end=[5.998 4.480 1.036] iter=7529 occupied_rejects=945 pool_rejects=1130 elapsed_ms=6.72
[scan_planner_node-4] [ERROR] [1785998524.075616117] [bspline_opt]: [ReplanDiag] rebound A-star failed ret=2 segment=1/1 ids=[3,5] start=[5.999 4.837 1.161] end=[5.997 4.423 1.011]
[scan_planner_node-4] iter=5,time(ms)=6.81,rebound.
[scan_planner_node-4] [WARN] [1785998524.082301049] [path_searching]: [AStarDiag] result=OPEN_SET_EMPTY start=[5.999 4.839 1.161] end=[5.997 4.428 1.011] adjusted_start=[5.998 4.833 1.186] adjusted_end=[5.998 4.483 1.036] iter=7529 occupied_rejects=945 pool_rejects=1130 elapsed_ms=6.62
[scan_planner_node-4] [ERROR] [1785998524.082338422] [bspline_opt]: [ReplanDiag] rebound A-star failed ret=2 segment=1/1 ids=[3,5] start=[5.999 4.839 1.161] end=[5.997 4.428 1.011]
[scan_planner_node-4] iter=5,time(ms)=6.72,rebound.
[scan_planner_node-4] [WARN] [1785998524.089151289] [path_searching]: [AStarDiag] result=OPEN_SET_EMPTY start=[5.999 4.839 1.161] end=[5.997 4.429 1.011] adjusted_start=[5.998 4.834 1.186] adjusted_end=[5.998 4.484 1.036] iter=7529 occupied_rejects=945 pool_rejects=1130 elapsed_ms=6.73
[scan_planner_node-4] [ERROR] [1785998524.089189114] [bspline_opt]: [ReplanDiag] rebound A-star failed ret=2 segment=1/1 ids=[3,5] start=[5.999 4.839 1.161] end=[5.997 4.429 1.011]
[scan_planner_node-4] iter=5,time(ms)=6.83,rebound.
[scan_planner_node-4] [WARN] [1785998524.095970660] [path_searching]: [AStarDiag] result=OPEN_SET_EMPTY start=[5.999 4.840 1.161] end=[5.997 4.433 1.011] adjusted_start=[5.998 4.837 1.186] adjusted_end=[5.998 4.487 1.036] iter=7529 occupied_rejects=945 pool_rejects=1130 elapsed_ms=6.71
[scan_planner_node-4] [ERROR] [1785998524.096005026] [bspline_opt]: [ReplanDiag] rebound A-star failed ret=2 segment=1/1 ids=[3,5] start=[5.999 4.840 1.161] end=[5.997 4.433 1.011]
[scan_planner_node-4] iter=5,time(ms)=6.81,rebound.
[scan_planner_node-4] [WARN] [1785998524.103862645] [path_searching]: [AStarDiag] result=OPEN_SET_EMPTY start=[5.999 4.841 1.161] end=[5.997 4.434 1.011] adjusted_start=[5.998 4.837 1.186] adjusted_end=[5.998 4.487 1.036] iter=7529 occupied_rejects=945 pool_rejects=1130 elapsed_ms=7.78
[scan_planner_node-4] [ERROR] [1785998524.103910060] [bspline_opt]: [ReplanDiag] rebound A-star failed ret=2 segment=1/1 ids=[3,5] start=[5.999 4.841 1.161] end=[5.997 4.434 1.011]
[scan_planner_node-4] iter=5,time(ms)=7.89,rebound.
[scan_planner_node-4] [WARN] [1785998524.112166279] [path_searching]: [AStarDiag] result=OPEN_SET_EMPTY start=[5.999 4.842 1.161] end=[5.997 4.437 1.011] adjusted_start=[5.998 4.840 1.186] adjusted_end=[5.998 4.490 1.036] iter=7529 occupied_rejects=945 pool_rejects=1130 elapsed_ms=8.18
[scan_planner_node-4] [ERROR] [1785998524.112215056] [bspline_opt]: [ReplanDiag] rebound A-star failed ret=2 segment=1/1 ids=[3,5] start=[5.999 4.842 1.161] end=[5.997 4.437 1.011]
[scan_planner_node-4] iter=5,time(ms)=8.31,rebound.
[scan_planner_node-4] [32miter(+1)=4,time(ms)=0.018,keep optimizing
[scan_planner_node-4] [0m[32miter(+1)=1,time(ms)=0.007,keep optimizing
[scan_planner_node-4] [0m[32miter(+1)=1,time(ms)=0.006,keep optimizing
[scan_planner_node-4] [0mfirst_optimize_step_success=0
[scan_planner_node-4] final_plan_success=0
[scan_planner_node-4] 
[scan_planner_node-4] [rebo replan]: -------------------------------------748
[scan_planner_node-4] start: 6.01 5.12 1.34, -0.016 -0.334 -0.107
[scan_planner_node-4] goal:  6   3 0.4, 0 0 0
[scan_planner_node-4] [32miter(+1)=1,time(ms)=0.013,total_t(ms)=0.013,cost=0.005
[scan_planner_node-4] [0mfirst_optimize_step_success=1
[scan_planner_node-4] total time:[42m0.00022[0m,optimize:0.000164,refine:5.57e-05
[scan_planner_node-4] final_plan_success=1
[closed_loop_controller-6] [INFO] [1785998524.112945486] [closed_loop_controller]: Received trajectory 411, duration 4.480s
[scan_planner_node-4] [SAFETY]: from EXEC_TRAJ to EXEC_TRAJ
[scan_planner_node-4] 
[scan_planner_node-4] [rebo replan]: -------------------------------------749
[scan_planner_node-4] start: 6.01 5.12 1.34, -0.016 -0.334 -0.108
[scan_planner_node-4] goal:  6   3 0.4, 0 0 0
[scan_planner_node-4] [WARN] [1785998524.121424935] [path_searching]: [AStarDiag] result=OPEN_SET_EMPTY start=[5.998 4.808 1.161] end=[5.997 4.376 1.010] adjusted_start=[5.998 4.792 1.185] adjusted_end=[5.998 4.442 1.035] iter=7623 occupied_rejects=986 pool_rejects=1130 elapsed_ms=8.06
[scan_planner_node-4] [ERROR] [1785998524.121463883] [bspline_opt]: [ReplanDiag] rebound A-star failed ret=2 segment=1/1 ids=[3,5] start=[5.998 4.808 1.161] end=[5.997 4.376 1.010]
[scan_planner_node-4] iter=6,time(ms)=8.16,rebound.
[scan_planner_node-4] [WARN] [1785998524.128711614] [path_searching]: [AStarDiag] result=OPEN_SET_EMPTY start=[5.998 4.826 1.161] end=[5.997 4.381 1.010] adjusted_start=[5.997 4.803 1.185] adjusted_end=[5.997 4.453 1.035] iter=7622 occupied_rejects=994 pool_rejects=1133 elapsed_ms=7.18
[scan_planner_node-4] [ERROR] [1785998524.128740114] [bspline_opt]: [ReplanDiag] rebound A-star failed ret=2 segment=1/1 ids=[3,5] start=[5.998 4.826 1.161] end=[5.997 4.381 1.010]
[scan_planner_node-4] iter=5,time(ms)=7.26,rebound.
[scan_planner_node-4] [WARN] [1785998524.136223650] [path_searching]: [AStarDiag] result=OPEN_SET_EMPTY start=[5.999 4.828 1.161] end=[5.997 4.380 1.010] adjusted_start=[5.998 4.804 1.185] adjusted_end=[5.998 4.454 1.035] iter=7622 occupied_rejects=994 pool_rejects=1133 elapsed_ms=7.42
[scan_planner_node-4] [ERROR] [1785998524.136258417] [bspline_opt]: [ReplanDiag] rebound A-star failed ret=2 segment=1/1 ids=[3,5] start=[5.999 4.828 1.161] end=[5.997 4.380 1.010]
[scan_planner_node-4] iter=5,time(ms)=7.51,rebound.
[scan_planner_node-4] [WARN] [1785998524.143550322] [path_searching]: [AStarDiag] result=OPEN_SET_EMPTY start=[5.998 4.831 1.161] end=[5.997 4.389 1.010] adjusted_start=[5.998 4.810 1.185] adjusted_end=[5.998 4.460 1.035] iter=7622 occupied_rejects=994 pool_rejects=1133 elapsed_ms=7.23
[scan_planner_node-4] [ERROR] [1785998524.143578497] [bspline_opt]: [ReplanDiag] rebound A-star failed ret=2 segment=1/1 ids=[3,5] start=[5.998 4.831 1.161] end=[5.997 4.389 1.010]
[scan_planner_node-4] iter=5,time(ms)=7.31,rebound.
[scan_planner_node-4] [WARN] [1785998524.151593869] [path_searching]: [AStarDiag] result=OPEN_SET_EMPTY start=[5.999 4.830 1.161] end=[5.997 4.391 1.010] adjusted_start=[5.998 4.811 1.185] adjusted_end=[5.998 4.461 1.035] iter=7622 occupied_rejects=994 pool_rejects=1133 elapsed_ms=7.96
[scan_planner_node-4] [ERROR] [1785998524.151633124] [bspline_opt]: [ReplanDiag] rebound A-star failed ret=2 segment=1/1 ids=[3,5] start=[5.999 4.830 1.161] end=[5.997 4.391 1.010]
[scan_planner_node-4] iter=5,time(ms)=8.06,rebound.
[scan_planner_node-4] [WARN] [1785998524.158922569] [path_searching]: [AStarDiag] result=OPEN_SET_EMPTY start=[5.998 4.834 1.161] end=[5.996 4.406 1.010] adjusted_start=[5.997 4.820 1.185] adjusted_end=[5.997 4.470 1.035] iter=7616 occupied_rejects=1065 pool_rejects=1133 elapsed_ms=7.21
[scan_planner_node-4] [ERROR] [1785998524.158953710] [bspline_opt]: [ReplanDiag] rebound A-star failed ret=2 segment=1/1 ids=[3,5] start=[5.998 4.834 1.161] end=[5.996 4.406 1.010]
[scan_planner_node-4] iter=5,time(ms)=7.29,rebound.
[scan_planner_node-4] [WARN] [1785998524.166314421] [path_searching]: [AStarDiag] result=OPEN_SET_EMPTY start=[5.999 4.834 1.161] end=[5.997 4.408 1.010] adjusted_start=[5.998 4.821 1.185] adjusted_end=[5.998 4.471 1.035] iter=7616 occupied_rejects=1065 pool_rejects=1133 elapsed_ms=7.31
[scan_planner_node-4] [ERROR] [1785998524.166343819] [bspline_opt]: [ReplanDiag] rebound A-star failed ret=2 segment=1/1 ids=[3,5] start=[5.999 4.834 1.161] end=[5.997 4.408 1.010]
[scan_planner_node-4] iter=5,time(ms)=7.39,rebound.
[scan_planner_node-4] [WARN] [1785998524.173681850] [path_searching]: [AStarDiag] result=OPEN_SET_EMPTY start=[5.999 4.836 1.161] end=[5.997 4.414 1.010] adjusted_start=[5.998 4.825 1.185] adjusted_end=[5.998 4.475 1.035] iter=7506 occupied_rejects=985 pool_rejects=1130 elapsed_ms=7.27
[scan_planner_node-4] [ERROR] [1785998524.173720773] [bspline_opt]: [ReplanDiag] rebound A-star failed ret=2 segment=1/1 ids=[3,5] start=[5.999 4.836 1.161] end=[5.997 4.414 1.010]
[scan_planner_node-4] iter=5,time(ms)=7.36,rebound.
[scan_planner_node-4] [WARN] [1785998524.180450156] [path_searching]: [AStarDiag] result=OPEN_SET_EMPTY start=[5.999 4.836 1.161] end=[5.997 4.416 1.010] adjusted_start=[5.998 4.826 1.185] adjusted_end=[5.998 4.476 1.035] iter=7506 occupied_rejects=985 pool_rejects=1130 elapsed_ms=6.67
[scan_planner_node-4] [ERROR] [1785998524.180479741] [bspline_opt]: [ReplanDiag] rebound A-star failed ret=2 segment=1/1 ids=[3,5] start=[5.999 4.836 1.161] end=[5.997 4.416 1.010]
[scan_planner_node-4] iter=5,time(ms)=6.74,rebound.
[scan_planner_node-4] [WARN] [1785998524.187603159] [path_searching]: [AStarDiag] result=OPEN_SET_EMPTY start=[5.999 4.838 1.161] end=[5.997 4.421 1.010] adjusted_start=[5.998 4.830 1.185] adjusted_end=[5.998 4.480 1.035] iter=7534 occupied_rejects=977 pool_rejects=1130 elapsed_ms=7.06
[scan_planner_node-4] [ERROR] [1785998524.187643089] [bspline_opt]: [ReplanDiag] rebound A-star failed ret=2 segment=1/1 ids=[3,5] start=[5.999 4.838 1.161] end=[5.997 4.421 1.010]
[scan_planner_node-4] iter=5,time(ms)=7.16,rebound.
[scan_planner_node-4] [WARN] [1785998524.196680854] [path_searching]: [AStarDiag] result=OPEN_SET_EMPTY start=[5.999 4.838 1.161] end=[5.997 4.424 1.010] adjusted_start=[5.998 4.831 1.185] adjusted_end=[5.998 4.481 1.035] iter=7529 occupied_rejects=945 pool_rejects=1130 elapsed_ms=8.96
[scan_planner_node-4] [ERROR] [1785998524.197327145] [bspline_opt]: [ReplanDiag] rebound A-star failed ret=2 segment=1/1 ids=[3,5] start=[5.999 4.838 1.161] end=[5.997 4.424 1.010]
[scan_planner_node-4] iter=5,time(ms)=9.68,rebound.
[scan_planner_node-4] [WARN] [1785998524.206368815] [path_searching]: [AStarDiag] result=OPEN_SET_EMPTY start=[5.999 4.839 1.161] end=[5.997 4.428 1.010] adjusted_start=[5.998 4.834 1.185] adjusted_end=[5.998 4.484 1.035] iter=7529 occupied_rejects=945 pool_rejects=1130 elapsed_ms=8.95
[scan_planner_node-4] [ERROR] [1785998524.206403766] [bspline_opt]: [ReplanDiag] rebound A-star failed ret=2 segment=1/1 ids=[3,5] start=[5.999 4.839 1.161] end=[5.997 4.428 1.010]
[scan_planner_node-4] iter=5,time(ms)=9.06,rebound.
[scan_planner_node-4] [WARN] [1785998524.215662097] [path_searching]: [AStarDiag] result=OPEN_SET_EMPTY start=[5.999 4.839 1.161] end=[5.997 4.430 1.010] adjusted_start=[5.998 4.834 1.185] adjusted_end=[5.998 4.484 1.035] iter=7529 occupied_rejects=945 pool_rejects=1130 elapsed_ms=9.18
[scan_planner_node-4] [ERROR] [1785998524.215717111] [bspline_opt]: [ReplanDiag] rebound A-star failed ret=2 segment=1/1 ids=[3,5] start=[5.999 4.839 1.161] end=[5.997 4.430 1.010]
[scan_planner_node-4] iter=5,time(ms)=9.31,rebound.
[scan_planner_node-4] [WARN] [1785998524.225434607] [path_searching]: [AStarDiag] result=OPEN_SET_EMPTY start=[5.999 4.841 1.161] end=[5.997 4.433 1.010] adjusted_start=[5.998 4.837 1.185] adjusted_end=[5.998 4.487 1.035] iter=7529 occupied_rejects=945 pool_rejects=1130 elapsed_ms=9.62
[scan_planner_node-4] [ERROR] [1785998524.225473223] [bspline_opt]: [ReplanDiag] rebound A-star failed ret=2 segment=1/1 ids=[3,5] start=[5.999 4.841 1.161] end=[5.997 4.433 1.010]
[scan_planner_node-4] iter=5,time(ms)=9.73,rebound.
[scan_planner_node-4] [WARN] [1785998524.234942287] [path_searching]: [AStarDiag] result=OPEN_SET_EMPTY start=[5.999 4.841 1.161] end=[5.997 4.435 1.010] adjusted_start=[5.998 4.838 1.185] adjusted_end=[5.998 4.488 1.035] iter=7529 occupied_rejects=945 pool_rejects=1130 elapsed_ms=9.39
[scan_planner_node-4] [ERROR] [1785998524.234981011] [bspline_opt]: [ReplanDiag] rebound A-star failed ret=2 segment=1/1 ids=[3,5] start=[5.999 4.841 1.161] end=[5.997 4.435 1.010]
[scan_planner_node-4] iter=5,time(ms)=9.5,rebound.
[scan_planner_node-4] [WARN] [1785998524.244292017] [path_searching]: [AStarDiag] result=OPEN_SET_EMPTY start=[5.999 4.843 1.161] end=[5.997 4.438 1.010] adjusted_start=[5.998 4.840 1.185] adjusted_end=[5.998 4.490 1.035] iter=7529 occupied_rejects=945 pool_rejects=1130 elapsed_ms=9.23
[scan_planner_node-4] [ERROR] [1785998524.244345521] [bspline_opt]: [ReplanDiag] rebound A-star failed ret=2 segment=1/1 ids=[3,5] start=[5.999 4.843 1.161] end=[5.997 4.438 1.010]
[scan_planner_node-4] iter=5,time(ms)=9.37,rebound.
[scan_planner_node-4] [32miter(+1)=4,time(ms)=0.023,keep optimizing
[scan_planner_node-4] [0m[32miter(+1)=1,time(ms)=0.008,keep optimizing
[scan_planner_node-4] [0m[32miter(+1)=1,time(ms)=0.007,keep optimizing
[scan_planner_node-4] [0mfirst_optimize_step_success=0
[scan_planner_node-4] final_plan_success=0
[scan_planner_node-4] 
[scan_planner_node-4] [rebo replan]: -------------------------------------750
[scan_planner_node-4] start: 6.01 5.12 1.34, -0.016 -0.334 -0.108
[scan_planner_node-4] goal:  6   3 0.4, 0 0 0
[scan_planner_node-4] [32miter(+1)=1,time(ms)=0.009,total_t(ms)=0.009,cost=0.005
[scan_planner_node-4] [0mfirst_optimize_step_success=1
[scan_planner_node-4] total time:[42m0.000173[0m,optimize:0.000122,refine:5.11e-05
[scan_planner_node-4] final_plan_success=1
[scan_planner_node-4] [SAFETY]: from EXEC_TRAJ to EXEC_TRAJ
[closed_loop_controller-6] [INFO] [1785998524.245121410] [closed_loop_controller]: Received trajectory 412, duration 4.480s
[scan_planner_node-4] 
[scan_planner_node-4] [rebo replan]: -------------------------------------751
[scan_planner_node-4] start: 6.01 5.12 1.33, -0.0159  -0.334  -0.108
[scan_planner_node-4] goal:  6   3 0.4, 0 0 0
[scan_planner_node-4] [WARN] [1785998524.255768964] [path_searching]: [AStarDiag] result=OPEN_SET_EMPTY start=[5.998 4.807 1.160] end=[5.997 4.376 1.010] adjusted_start=[5.998 4.791 1.185] adjusted_end=[5.998 4.441 1.035] iter=7623 occupied_rejects=986 pool_rejects=1130 elapsed_ms=9.50
[scan_planner_node-4] [ERROR] [1785998524.255830919] [bspline_opt]: [ReplanDiag] rebound A-star failed ret=2 segment=1/1 ids=[3,5] start=[5.998 4.807 1.160] end=[5.997 4.376 1.010]
[scan_planner_node-4] iter=6,time(ms)=9.68,rebound.
[scan_planner_node-4] [WARN] [1785998524.266459636] [path_searching]: [AStarDiag] result=OPEN_SET_EMPTY start=[5.998 4.825 1.160] end=[5.997 4.380 1.010] adjusted_start=[5.997 4.803 1.185] adjusted_end=[5.997 4.453 1.035] iter=7622 occupied_rejects=994 pool_rejects=1133 elapsed_ms=10.49
[scan_planner_node-4] [ERROR] [1785998524.266506864] [bspline_opt]: [ReplanDiag] rebound A-star failed ret=2 segment=1/1 ids=[3,5] start=[5.998 4.825 1.160] end=[5.997 4.380 1.010]
[scan_planner_node-4] iter=5,time(ms)=10.6,rebound.
[scan_planner_node-4] [WARN] [1785998524.274986578] [path_searching]: [AStarDiag] result=OPEN_SET_EMPTY start=[5.999 4.827 1.160] end=[5.997 4.379 1.010] adjusted_start=[5.998 4.803 1.185] adjusted_end=[5.998 4.453 1.035] iter=7622 occupied_rejects=994 pool_rejects=1133 elapsed_ms=8.40
[scan_planner_node-4] [ERROR] [1785998524.275025655] [bspline_opt]: [ReplanDiag] rebound A-star failed ret=2 segment=1/1 ids=[3,5] start=[5.999 4.827 1.160] end=[5.997 4.379 1.010]
[scan_planner_node-4] iter=5,time(ms)=8.51,rebound.
[scan_planner_node-4] [WARN] [1785998524.284461747] [path_searching]: [AStarDiag] result=OPEN_SET_EMPTY start=[5.998 4.830 1.160] end=[5.997 4.389 1.010] adjusted_start=[5.997 4.809 1.185] adjusted_end=[5.997 4.459 1.035] iter=7622 occupied_rejects=994 pool_rejects=1133 elapsed_ms=9.35
[scan_planner_node-4] [ERROR] [1785998524.284508345] [bspline_opt]: [ReplanDiag] rebound A-star failed ret=2 segment=1/1 ids=[3,5] start=[5.998 4.830 1.160] end=[5.997 4.389 1.010]
[scan_planner_node-4] iter=5,time(ms)=9.47,rebound.
[scan_planner_node-4] [WARN] [1785998524.294034202] [path_searching]: [AStarDiag] result=OPEN_SET_EMPTY start=[5.999 4.830 1.160] end=[5.997 4.390 1.010] adjusted_start=[5.998 4.810 1.185] adjusted_end=[5.998 4.460 1.035] iter=7622 occupied_rejects=994 pool_rejects=1133 elapsed_ms=9.45
[scan_planner_node-4] [ERROR] [1785998524.294087235] [bspline_opt]: [ReplanDiag] rebound A-star failed ret=2 segment=1/1 ids=[3,5] start=[5.999 4.830 1.160] end=[5.997 4.390 1.010]
[scan_planner_node-4] iter=5,time(ms)=9.61,rebound.
[scan_planner_node-4] [WARN] [1785998524.303173236] [path_searching]: [AStarDiag] result=OPEN_SET_EMPTY start=[5.998 4.833 1.160] end=[5.996 4.405 1.010] adjusted_start=[5.997 4.819 1.185] adjusted_end=[5.997 4.469 1.035] iter=7622 occupied_rejects=994 pool_rejects=1133 elapsed_ms=8.94
[scan_planner_node-4] [ERROR] [1785998524.303215146] [bspline_opt]: [ReplanDiag] rebound A-star failed ret=2 segment=1/1 ids=[3,5] start=[5.998 4.833 1.160] end=[5.996 4.405 1.010]
[scan_planner_node-4] iter=5,time(ms)=9.06,rebound.
[scan_planner_node-4] [WARN] [1785998524.311827091] [path_searching]: [AStarDiag] result=OPEN_SET_EMPTY start=[5.999 4.833 1.160] end=[5.997 4.407 1.010] adjusted_start=[5.998 4.820 1.185] adjusted_end=[5.998 4.470 1.035] iter=7616 occupied_rejects=1065 pool_rejects=1133 elapsed_ms=8.54
[scan_planner_node-4] [ERROR] [1785998524.311865937] [bspline_opt]: [ReplanDiag] rebound A-star failed ret=2 segment=1/1 ids=[3,5] start=[5.999 4.833 1.160] end=[5.997 4.407 1.010]
[scan_planner_node-4] iter=5,time(ms)=8.64,rebound.
[scan_planner_node-4] [WARN] [1785998524.320575400] [path_searching]: [AStarDiag] result=OPEN_SET_EMPTY start=[5.999 4.835 1.160] end=[5.997 4.413 1.010] adjusted_start=[5.998 4.824 1.185] adjusted_end=[5.998 4.474 1.035] iter=7506 occupied_rejects=985 pool_rejects=1130 elapsed_ms=8.62
[scan_planner_node-4] [ERROR] [1785998524.320618956] [bspline_opt]: [ReplanDiag] rebound A-star failed ret=2 segment=1/1 ids=[3,5] start=[5.999 4.835 1.160] end=[5.997 4.413 1.010]
[scan_planner_node-4] iter=5,time(ms)=8.73,rebound.
[scan_planner_node-4] [WARN] [1785998524.328331929] [path_searching]: [AStarDiag] result=OPEN_SET_EMPTY start=[5.999 4.835 1.160] end=[5.997 4.415 1.010] adjusted_start=[5.998 4.825 1.185] adjusted_end=[5.998 4.475 1.035] iter=7506 occupied_rejects=985 pool_rejects=1130 elapsed_ms=7.64
[scan_planner_node-4] [ERROR] [1785998524.328374500] [bspline_opt]: [ReplanDiag] rebound A-star failed ret=2 segment=1/1 ids=[3,5] start=[5.999 4.835 1.160] end=[5.997 4.415 1.010]
[scan_planner_node-4] iter=5,time(ms)=7.75,rebound.
[scan_planner_node-4] [WARN] [1785998524.336829664] [path_searching]: [AStarDiag] result=OPEN_SET_EMPTY start=[5.999 4.837 1.160] end=[5.997 4.421 1.010] adjusted_start=[5.998 4.829 1.185] adjusted_end=[5.998 4.479 1.035] iter=7534 occupied_rejects=977 pool_rejects=1130 elapsed_ms=8.37
[scan_planner_node-4] [ERROR] [1785998524.336874443] [bspline_opt]: [ReplanDiag] rebound A-star failed ret=2 segment=1/1 ids=[3,5] start=[5.999 4.837 1.160] end=[5.997 4.421 1.010]
[scan_planner_node-4] iter=5,time(ms)=8.5,rebound.
[scan_planner_node-4] [WARN] [1785998524.346829423] [path_searching]: [AStarDiag] result=OPEN_SET_EMPTY start=[5.999 4.837 1.160] end=[5.997 4.423 1.010] adjusted_start=[5.998 4.830 1.185] adjusted_end=[5.998 4.480 1.035] iter=7529 occupied_rejects=945 pool_rejects=1130 elapsed_ms=9.86
[scan_planner_node-4] [ERROR] [1785998524.346869402] [bspline_opt]: [ReplanDiag] rebound A-star failed ret=2 segment=1/1 ids=[3,5] start=[5.999 4.837 1.160] end=[5.997 4.423 1.010]
[scan_planner_node-4] iter=5,time(ms)=9.99,rebound.
[scan_planner_node-4] [WARN] [1785998524.354980941] [path_searching]: [AStarDiag] result=OPEN_SET_EMPTY start=[5.999 4.839 1.160] end=[5.997 4.428 1.010] adjusted_start=[5.998 4.833 1.185] adjusted_end=[5.998 4.483 1.035] iter=7529 occupied_rejects=945 pool_rejects=1130 elapsed_ms=8.01
[scan_planner_node-4] [ERROR] [1785998524.355037720] [bspline_opt]: [ReplanDiag] rebound A-star failed ret=2 segment=1/1 ids=[3,5] start=[5.999 4.839 1.160] end=[5.997 4.428 1.010]
[scan_planner_node-4] iter=5,time(ms)=8.15,rebound.
[scan_planner_node-4] [WARN] [1785998524.364494056] [path_searching]: [AStarDiag] result=OPEN_SET_EMPTY start=[5.999 4.839 1.160] end=[5.997 4.429 1.010] adjusted_start=[5.998 4.834 1.185] adjusted_end=[5.998 4.484 1.035] iter=7529 occupied_rejects=945 pool_rejects=1130 elapsed_ms=9.35
[scan_planner_node-4] [ERROR] [1785998524.364547310] [bspline_opt]: [ReplanDiag] rebound A-star failed ret=2 segment=1/1 ids=[3,5] start=[5.999 4.839 1.160] end=[5.997 4.429 1.010]
[scan_planner_node-4] iter=5,time(ms)=9.49,rebound.
[scan_planner_node-4] [WARN] [1785998524.374591121] [path_searching]: [AStarDiag] result=OPEN_SET_EMPTY start=[5.999 4.840 1.160] end=[5.997 4.433 1.010] adjusted_start=[5.998 4.837 1.185] adjusted_end=[5.998 4.487 1.035] iter=7529 occupied_rejects=945 pool_rejects=1130 elapsed_ms=9.95
[scan_planner_node-4] [ERROR] [1785998524.374644497] [bspline_opt]: [ReplanDiag] rebound A-star failed ret=2 segment=1/1 ids=[3,5] start=[5.999 4.840 1.160] end=[5.997 4.433 1.010]
[scan_planner_node-4] iter=5,time(ms)=10.1,rebound.
[scan_planner_node-4] [WARN] [1785998524.385626458] [path_searching]: [AStarDiag] result=OPEN_SET_EMPTY start=[5.999 4.841 1.160] end=[5.997 4.435 1.010] adjusted_start=[5.998 4.838 1.185] adjusted_end=[5.998 4.488 1.035] iter=7529 occupied_rejects=945 pool_rejects=1130 elapsed_ms=10.89
[scan_planner_node-4] [ERROR] [1785998524.385676948] [bspline_opt]: [ReplanDiag] rebound A-star failed ret=2 segment=1/1 ids=[3,5] start=[5.999 4.841 1.160] end=[5.997 4.435 1.010]
[scan_planner_node-4] iter=5,time(ms)=11,rebound.
[scan_planner_node-4] [32miter(+1)=3,time(ms)=0.020,keep optimizing
[scan_planner_node-4] [0m[32miter(+1)=1,time(ms)=0.009,keep optimizing
[scan_planner_node-4] [0m[32miter(+1)=1,time(ms)=0.007,keep optimizing
[scan_planner_node-4] [0mfirst_optimize_step_success=0
[scan_planner_node-4] final_plan_success=0
[scan_planner_node-4] 
[scan_planner_node-4] [rebo replan]: -------------------------------------752
[scan_planner_node-4] start: 6.01 5.12 1.33, -0.0159  -0.334  -0.108
[scan_planner_node-4] goal:  6   3 0.4, 0 0 0
[scan_planner_node-4] [32miter(+1)=1,time(ms)=0.014,total_t(ms)=0.014,cost=0.005
[scan_planner_node-4] [0mfirst_optimize_step_success=1
[scan_planner_node-4] total time:[42m0.00024[0m,optimize:0.00018,refine:6e-05
[scan_planner_node-4] final_plan_success=1
[scan_planner_node-4] [SAFETY]: from EXEC_TRAJ to EXEC_TRAJ
[closed_loop_controller-6] [INFO] [1785998524.386419196] [closed_loop_controller]: Received trajectory 413, duration 4.480s
[scan_planner_node-4] 
[scan_planner_node-4] [rebo replan]: -------------------------------------753
[scan_planner_node-4] start: 6.01 5.12 1.33, -0.0159  -0.334  -0.108
[scan_planner_node-4] goal:  6   3 0.4, 0 0 0
[scan_planner_node-4] [WARN] [1785998524.399105561] [path_searching]: [AStarDiag] result=OPEN_SET_EMPTY start=[5.998 4.807 1.160] end=[5.997 4.375 1.009] adjusted_start=[5.998 4.791 1.185] adjusted_end=[5.998 4.441 1.035] iter=7623 occupied_rejects=986 pool_rejects=1130 elapsed_ms=11.91
[scan_planner_node-4] [ERROR] [1785998524.399164954] [bspline_opt]: [ReplanDiag] rebound A-star failed ret=2 segment=1/1 ids=[3,5] start=[5.998 4.807 1.160] end=[5.997 4.375 1.009]
[scan_planner_node-4] iter=6,time(ms)=12.1,rebound.
[scan_planner_node-4] [WARN] [1785998524.409774522] [path_searching]: [AStarDiag] result=OPEN_SET_EMPTY start=[5.998 4.825 1.160] end=[5.997 4.380 1.009] adjusted_start=[5.997 4.802 1.185] adjusted_end=[5.997 4.452 1.035] iter=7622 occupied_rejects=994 pool_rejects=1133 elapsed_ms=10.50
[scan_planner_node-4] [ERROR] [1785998524.410558082] [bspline_opt]: [ReplanDiag] rebound A-star failed ret=2 segment=1/1 ids=[3,5] start=[5.998 4.825 1.160] end=[5.997 4.380 1.009]
[scan_planner_node-4] iter=5,time(ms)=11.4,rebound.
[scan_planner_node-4] [WARN] [1785998524.420886664] [path_searching]: [AStarDiag] result=OPEN_SET_EMPTY start=[5.999 4.827 1.160] end=[5.997 4.379 1.009] adjusted_start=[5.998 4.803 1.185] adjusted_end=[5.998 4.453 1.035] iter=7622 occupied_rejects=994 pool_rejects=1133 elapsed_ms=10.23
[scan_planner_node-4] [ERROR] [1785998524.420949158] [bspline_opt]: [ReplanDiag] rebound A-star failed ret=2 segment=1/1 ids=[3,5] start=[5.999 4.827 1.160] end=[5.997 4.379 1.009]
[scan_planner_node-4] iter=5,time(ms)=10.4,rebound.
[scan_planner_node-4] [WARN] [1785998524.431089404] [path_searching]: [AStarDiag] result=OPEN_SET_EMPTY start=[5.998 4.830 1.160] end=[5.997 4.388 1.009] adjusted_start=[5.997 4.809 1.185] adjusted_end=[5.997 4.459 1.035] iter=7622 occupied_rejects=994 pool_rejects=1133 elapsed_ms=10.06
[scan_planner_node-4] [ERROR] [1785998524.431146726] [bspline_opt]: [ReplanDiag] rebound A-star failed ret=2 segment=1/1 ids=[3,5] start=[5.998 4.830 1.160] end=[5.997 4.388 1.009]
[scan_planner_node-4] iter=5,time(ms)=10.2,rebound.
[scan_planner_node-4] [WARN] [1785998524.441601828] [path_searching]: [AStarDiag] result=OPEN_SET_EMPTY start=[5.999 4.830 1.160] end=[5.997 4.390 1.009] adjusted_start=[5.998 4.810 1.185] adjusted_end=[5.998 4.460 1.035] iter=7622 occupied_rejects=994 pool_rejects=1133 elapsed_ms=10.36
[scan_planner_node-4] [ERROR] [1785998524.441650560] [bspline_opt]: [ReplanDiag] rebound A-star failed ret=2 segment=1/1 ids=[3,5] start=[5.999 4.830 1.160] end=[5.997 4.390 1.009]
[scan_planner_node-4] iter=5,time(ms)=10.5,rebound.
[scan_planner_node-4] [WARN] [1785998524.452142239] [path_searching]: [AStarDiag] result=OPEN_SET_EMPTY start=[5.998 4.833 1.160] end=[5.996 4.405 1.009] adjusted_start=[5.997 4.819 1.185] adjusted_end=[5.997 4.469 1.035] iter=7622 occupied_rejects=994 pool_rejects=1133 elapsed_ms=10.39
[scan_planner_node-4] [ERROR] [1785998524.452191712] [bspline_opt]: [ReplanDiag] rebound A-star failed ret=2 segment=1/1 ids=[3,5] start=[5.998 4.833 1.160] end=[5.996 4.405 1.009]
[scan_planner_node-4] iter=5,time(ms)=10.5,rebound.
[scan_planner_node-4] [WARN] [1785998524.462771434] [path_searching]: [AStarDiag] result=OPEN_SET_EMPTY start=[5.999 4.833 1.160] end=[5.997 4.407 1.009] adjusted_start=[5.998 4.820 1.185] adjusted_end=[5.998 4.470 1.035] iter=7622 occupied_rejects=994 pool_rejects=1133 elapsed_ms=10.50
[scan_planner_node-4] [ERROR] [1785998524.462817463] [bspline_opt]: [ReplanDiag] rebound A-star failed ret=2 segment=1/1 ids=[3,5] start=[5.999 4.833 1.160] end=[5.997 4.407 1.009]
[scan_planner_node-4] iter=5,time(ms)=10.6,rebound.
[scan_planner_node-4] [WARN] [1785998524.472932072] [path_searching]: [AStarDiag] result=OPEN_SET_EMPTY start=[5.999 4.835 1.160] end=[5.997 4.413 1.009] adjusted_start=[5.998 4.824 1.185] adjusted_end=[5.998 4.474 1.035] iter=7506 occupied_rejects=985 pool_rejects=1130 elapsed_ms=10.01
[scan_planner_node-4] [ERROR] [1785998524.472984155] [bspline_opt]: [ReplanDiag] rebound A-star failed ret=2 segment=1/1 ids=[3,5] start=[5.999 4.835 1.160] end=[5.997 4.413 1.009]
[scan_planner_node-4] iter=5,time(ms)=10.1,rebound.
[scan_planner_node-4] [WARN] [1785998524.482119255] [path_searching]: [AStarDiag] result=OPEN_SET_EMPTY start=[5.999 4.835 1.160] end=[5.997 4.415 1.009] adjusted_start=[5.998 4.825 1.185] adjusted_end=[5.998 4.475 1.035] iter=7506 occupied_rejects=985 pool_rejects=1130 elapsed_ms=9.04
[scan_planner_node-4] [ERROR] [1785998524.482165055] [bspline_opt]: [ReplanDiag] rebound A-star failed ret=2 segment=1/1 ids=[3,5] start=[5.999 4.835 1.160] end=[5.997 4.415 1.009]
[scan_planner_node-4] iter=5,time(ms)=9.16,rebound.
[scan_planner_node-4] [WARN] [1785998524.491221440] [path_searching]: [AStarDiag] result=OPEN_SET_EMPTY start=[5.999 4.837 1.160] end=[5.997 4.421 1.009] adjusted_start=[5.998 4.829 1.185] adjusted_end=[5.998 4.479 1.035] iter=7534 occupied_rejects=977 pool_rejects=1130 elapsed_ms=8.98
[scan_planner_node-4] [ERROR] [1785998524.491270824] [bspline_opt]: [ReplanDiag] rebound A-star failed ret=2 segment=1/1 ids=[3,5] start=[5.999 4.837 1.160] end=[5.997 4.421 1.009]
[scan_planner_node-4] iter=5,time(ms)=9.1,rebound.
[scan_planner_node-4] [WARN] [1785998524.501540524] [path_searching]: [AStarDiag] result=OPEN_SET_EMPTY start=[5.999 4.837 1.160] end=[5.997 4.423 1.009] adjusted_start=[5.998 4.830 1.185] adjusted_end=[5.998 4.480 1.035] iter=7529 occupied_rejects=945 pool_rejects=1130 elapsed_ms=10.17
[scan_planner_node-4] [ERROR] [1785998524.501603697] [bspline_opt]: [ReplanDiag] rebound A-star failed ret=2 segment=1/1 ids=[3,5] start=[5.999 4.837 1.160] end=[5.997 4.423 1.009]
[scan_planner_node-4] iter=5,time(ms)=10.3,rebound.
[scan_planner_node-4] [WARN] [1785998524.512051137] [path_searching]: [AStarDiag] result=OPEN_SET_EMPTY start=[5.999 4.839 1.160] end=[5.997 4.428 1.009] adjusted_start=[5.998 4.833 1.185] adjusted_end=[5.998 4.483 1.035] iter=7529 occupied_rejects=945 pool_rejects=1130 elapsed_ms=10.35
[scan_planner_node-4] [ERROR] [1785998524.512107101] [bspline_opt]: [ReplanDiag] rebound A-star failed ret=2 segment=1/1 ids=[3,5] start=[5.999 4.839 1.160] end=[5.997 4.428 1.009]
[scan_planner_node-4] iter=5,time(ms)=10.5,rebound.
[scan_planner_node-4] [WARN] [1785998524.522677784] [path_searching]: [AStarDiag] result=OPEN_SET_EMPTY start=[5.999 4.839 1.160] end=[5.997 4.429 1.009] adjusted_start=[5.998 4.834 1.185] adjusted_end=[5.998 4.484 1.035] iter=7529 occupied_rejects=945 pool_rejects=1130 elapsed_ms=10.48
[scan_planner_node-4] [ERROR] [1785998524.522739135] [bspline_opt]: [ReplanDiag] rebound A-star failed ret=2 segment=1/1 ids=[3,5] start=[5.999 4.839 1.160] end=[5.997 4.429 1.009]
[scan_planner_node-4] iter=5,time(ms)=10.6,rebound.
[scan_planner_node-4] [WARN] [1785998524.535200771] [path_searching]: [AStarDiag] result=OPEN_SET_EMPTY start=[5.999 4.841 1.160] end=[5.997 4.434 1.009] adjusted_start=[5.998 4.837 1.185] adjusted_end=[5.998 4.487 1.035] iter=7529 occupied_rejects=945 pool_rejects=1130 elapsed_ms=12.36
[scan_planner_node-4] [ERROR] [1785998524.535244596] [bspline_opt]: [ReplanDiag] rebound A-star failed ret=2 segment=1/1 ids=[3,5] start=[5.999 4.841 1.160] end=[5.997 4.434 1.009]
[scan_planner_node-4] iter=5,time(ms)=12.5,rebound.
[scan_planner_node-4] [WARN] [1785998524.547174265] [path_searching]: [AStarDiag] result=OPEN_SET_EMPTY start=[5.999 4.841 1.160] end=[5.997 4.435 1.009] adjusted_start=[5.998 4.838 1.185] adjusted_end=[5.998 4.488 1.035] iter=7529 occupied_rejects=945 pool_rejects=1130 elapsed_ms=11.83
[scan_planner_node-4] [ERROR] [1785998524.547219450] [bspline_opt]: [ReplanDiag] rebound A-star failed ret=2 segment=1/1 ids=[3,5] start=[5.999 4.841 1.160] end=[5.997 4.435 1.009]
[scan_planner_node-4] iter=5,time(ms)=12,rebound.
[scan_planner_node-4] [32miter(+1)=3,time(ms)=0.021,keep optimizing
[scan_planner_node-4] [0m[32miter(+1)=1,time(ms)=0.009,keep optimizing
[scan_planner_node-4] [0m[32miter(+1)=1,time(ms)=0.008,keep optimizing
[scan_planner_node-4] [0mfirst_optimize_step_success=0
[scan_planner_node-4] final_plan_success=0
[scan_planner_node-4] 
[scan_planner_node-4] [rebo replan]: -------------------------------------754
[scan_planner_node-4] start: 6.01 5.12 1.33, -0.0159  -0.334  -0.108
[scan_planner_node-4] goal:  6   3 0.4, 0 0 0
[scan_planner_node-4] [WARN] [1785998524.559044768] [path_searching]: [AStarDiag] result=OPEN_SET_EMPTY start=[5.998 4.760 1.177] end=[5.997 4.378 1.008] adjusted_start=[5.997 4.769 1.192] adjusted_end=[5.997 4.419 1.042] iter=7650 occupied_rejects=967 pool_rejects=1133 elapsed_ms=11.23
[scan_planner_node-4] [ERROR] [1785998524.559098476] [bspline_opt]: [ReplanDiag] init_control_points A-star failed ret=2 segment=1/1 ids=[4,6] start=[5.998 4.760 1.177] end=[5.997 4.378 1.008]
[scan_planner_node-4] [32miter(+1)=1,time(ms)=0.020,total_t(ms)=0.021,cost=0.005
[scan_planner_node-4] [0mfirst_optimize_step_success=1
[scan_planner_node-4] total time:[42m0.0116[0m,optimize:0.0116,refine:4.42e-05
[scan_planner_node-4] final_plan_success=1
[scan_planner_node-4] [SAFETY]: from EXEC_TRAJ to EXEC_TRAJ
[closed_loop_controller-6] [INFO] [1785998524.559558271] [closed_loop_controller]: Received trajectory 414, duration 4.480s
[scan_planner_node-4] 
[scan_planner_node-4] [rebo replan]: -------------------------------------755
[scan_planner_node-4] start: 6.01 5.11 1.33, -0.0154   -0.33  -0.118
[scan_planner_node-4] goal:  6   3 0.4, 0 0 0
[scan_planner_node-4] [WARN] [1785998524.600469476] [path_searching]: [AStarDiag] result=OPEN_SET_EMPTY start=[5.997 4.712 1.156] end=[5.997 4.371 1.005] adjusted_start=[5.997 4.691 1.181] adjusted_end=[5.997 4.441 1.031] iter=7645 occupied_rejects=961 pool_rejects=1130 elapsed_ms=9.90
[scan_planner_node-4] [ERROR] [1785998524.600514626] [bspline_opt]: [ReplanDiag] init_control_points A-star failed ret=2 segment=1/1 ids=[3,5] start=[5.997 4.712 1.156] end=[5.997 4.371 1.005]
[scan_planner_node-4] [WARN] [1785998524.610660217] [path_searching]: [AStarDiag] result=OPEN_SET_EMPTY start=[5.998 4.804 1.156] end=[5.997 4.364 1.005] adjusted_start=[5.998 4.784 1.181] adjusted_end=[5.998 4.434 1.031] iter=7620 occupied_rejects=992 pool_rejects=1130 elapsed_ms=10.07
[scan_planner_node-4] [ERROR] [1785998524.610708121] [bspline_opt]: [ReplanDiag] rebound A-star failed ret=2 segment=1/1 ids=[3,5] start=[5.998 4.804 1.156] end=[5.997 4.364 1.005]
[scan_planner_node-4] iter=7,time(ms)=10.2,rebound.
[scan_planner_node-4] [WARN] [1785998524.621009695] [path_searching]: [AStarDiag] result=OPEN_SET_EMPTY start=[5.998 4.824 1.156] end=[5.997 4.373 1.005] adjusted_start=[5.998 4.849 1.181] adjusted_end=[5.998 4.399 1.031] iter=7586 occupied_rejects=1041 pool_rejects=1130 elapsed_ms=10.21
[scan_planner_node-4] [ERROR] [1785998524.621063560] [bspline_opt]: [ReplanDiag] rebound A-star failed ret=2 segment=1/1 ids=[3,5] start=[5.998 4.824 1.156] end=[5.997 4.373 1.005]
[scan_planner_node-4] iter=5,time(ms)=10.3,rebound.
[scan_planner_node-4] [WARN] [1785998524.630992018] [path_searching]: [AStarDiag] result=OPEN_SET_EMPTY start=[5.998 4.823 1.156] end=[5.997 4.373 1.005] adjusted_start=[5.998 4.848 1.181] adjusted_end=[5.998 4.398 1.031] iter=7586 occupied_rejects=1041 pool_rejects=1130 elapsed_ms=9.85
[scan_planner_node-4] [ERROR] [1785998524.631034496] [bspline_opt]: [ReplanDiag] rebound A-star failed ret=2 segment=1/1 ids=[3,5] start=[5.998 4.823 1.156] end=[5.997 4.373 1.005]
[scan_planner_node-4] iter=5,time(ms)=9.96,rebound.
[scan_planner_node-4] [WARN] [1785998524.641527915] [path_searching]: [AStarDiag] result=OPEN_SET_EMPTY start=[5.998 4.820 1.156] end=[5.997 4.386 1.005] adjusted_start=[5.998 4.803 1.181] adjusted_end=[5.998 4.453 1.031] iter=7619 occupied_rejects=1001 pool_rejects=1133 elapsed_ms=10.42
[scan_planner_node-4] [ERROR] [1785998524.641575859] [bspline_opt]: [ReplanDiag] rebound A-star failed ret=2 segment=1/1 ids=[3,5] start=[5.998 4.820 1.156] end=[5.997 4.386 1.005]
[scan_planner_node-4] iter=5,time(ms)=10.5,rebound.
[scan_planner_node-4] [WARN] [1785998524.651835667] [path_searching]: [AStarDiag] result=OPEN_SET_EMPTY start=[5.998 4.820 1.156] end=[5.997 4.390 1.005] adjusted_start=[5.998 4.805 1.181] adjusted_end=[5.998 4.455 1.031] iter=7619 occupied_rejects=1001 pool_rejects=1133 elapsed_ms=10.18
[scan_planner_node-4] [ERROR] [1785998524.651881154] [bspline_opt]: [ReplanDiag] rebound A-star failed ret=2 segment=1/1 ids=[3,5] start=[5.998 4.820 1.156] end=[5.997 4.390 1.005]
[scan_planner_node-4] iter=5,time(ms)=10.3,rebound.
[scan_planner_node-4] [WARN] [1785998524.662557215] [path_searching]: [AStarDiag] result=OPEN_SET_EMPTY start=[5.998 4.823 1.156] end=[5.997 4.395 1.005] adjusted_start=[5.998 4.809 1.181] adjusted_end=[5.998 4.459 1.031] iter=7619 occupied_rejects=1001 pool_rejects=1133 elapsed_ms=10.59
[scan_planner_node-4] [ERROR] [1785998524.662622305] [bspline_opt]: [ReplanDiag] rebound A-star failed ret=2 segment=1/1 ids=[3,5] start=[5.998 4.823 1.156] end=[5.997 4.395 1.005]
[scan_planner_node-4] iter=5,time(ms)=10.7,rebound.
[scan_planner_node-4] [WARN] [1785998524.674287125] [path_searching]: [AStarDiag] result=OPEN_SET_EMPTY start=[5.998 4.823 1.156] end=[5.997 4.398 1.005] adjusted_start=[5.998 4.811 1.181] adjusted_end=[5.998 4.461 1.031] iter=7619 occupied_rejects=1001 pool_rejects=1133 elapsed_ms=11.57
[scan_planner_node-4] [ERROR] [1785998524.674346343] [bspline_opt]: [ReplanDiag] rebound A-star failed ret=2 segment=1/1 ids=[3,5] start=[5.998 4.823 1.156] end=[5.997 4.398 1.005]
[scan_planner_node-4] iter=5,time(ms)=11.7,rebound.
[scan_planner_node-4] [WARN] [1785998524.685427646] [path_searching]: [AStarDiag] result=OPEN_SET_EMPTY start=[5.998 4.826 1.156] end=[5.997 4.404 1.005] adjusted_start=[5.998 4.815 1.181] adjusted_end=[5.998 4.465 1.031] iter=7619 occupied_rejects=1001 pool_rejects=1133 elapsed_ms=11.00
[scan_planner_node-4] [ERROR] [1785998524.685481431] [bspline_opt]: [ReplanDiag] rebound A-star failed ret=2 segment=1/1 ids=[3,5] start=[5.998 4.826 1.156] end=[5.997 4.404 1.005]
[scan_planner_node-4] iter=5,time(ms)=11.1,rebound.
[scan_planner_node-4] [WARN] [1785998524.696455587] [path_searching]: [AStarDiag] result=OPEN_SET_EMPTY start=[5.998 4.825 1.156] end=[5.997 4.407 1.005] adjusted_start=[5.998 4.816 1.181] adjusted_end=[5.998 4.466 1.031] iter=7619 occupied_rejects=1001 pool_rejects=1133 elapsed_ms=10.88
[scan_planner_node-4] [ERROR] [1785998524.696505317] [bspline_opt]: [ReplanDiag] rebound A-star failed ret=2 segment=1/1 ids=[3,5] start=[5.998 4.825 1.156] end=[5.997 4.407 1.005]
[scan_planner_node-4] iter=5,time(ms)=11,rebound.
[scan_planner_node-4] [WARN] [1785998524.707299179] [path_searching]: [AStarDiag] result=OPEN_SET_EMPTY start=[5.999 4.827 1.156] end=[5.997 4.411 1.005] adjusted_start=[5.998 4.819 1.181] adjusted_end=[5.998 4.469 1.031] iter=7619 occupied_rejects=1001 pool_rejects=1133 elapsed_ms=10.71
[scan_planner_node-4] [ERROR] [1785998524.707361521] [bspline_opt]: [ReplanDiag] rebound A-star failed ret=2 segment=1/1 ids=[3,5] start=[5.999 4.827 1.156] end=[5.997 4.411 1.005]
[scan_planner_node-4] iter=5,time(ms)=10.9,rebound.
[scan_planner_node-4] [WARN] [1785998524.717613289] [path_searching]: [AStarDiag] result=OPEN_SET_EMPTY start=[5.999 4.827 1.156] end=[5.997 4.414 1.005] adjusted_start=[5.998 4.820 1.181] adjusted_end=[5.998 4.470 1.031] iter=7613 occupied_rejects=1072 pool_rejects=1133 elapsed_ms=10.16
[scan_planner_node-4] [ERROR] [1785998524.717664184] [bspline_opt]: [ReplanDiag] rebound A-star failed ret=2 segment=1/1 ids=[3,5] start=[5.999 4.827 1.156] end=[5.997 4.414 1.005]
[scan_planner_node-4] iter=5,time(ms)=10.3,rebound.
[scan_planner_node-4] [WARN] [1785998524.727046616] [path_searching]: [AStarDiag] result=OPEN_SET_EMPTY start=[5.999 4.828 1.156] end=[5.997 4.418 1.005] adjusted_start=[5.998 4.823 1.181] adjusted_end=[5.998 4.473 1.031] iter=7503 occupied_rejects=993 pool_rejects=1130 elapsed_ms=9.29
[scan_planner_node-4] [ERROR] [1785998524.727099424] [bspline_opt]: [ReplanDiag] rebound A-star failed ret=2 segment=1/1 ids=[3,5] start=[5.999 4.828 1.156] end=[5.997 4.418 1.005]
[scan_planner_node-4] iter=5,time(ms)=9.42,rebound.
[scan_planner_node-4] [WARN] [1785998524.738435137] [path_searching]: [AStarDiag] result=OPEN_SET_EMPTY start=[5.999 4.828 1.156] end=[5.997 4.420 1.005] adjusted_start=[5.998 4.824 1.181] adjusted_end=[5.998 4.474 1.031] iter=7503 occupied_rejects=993 pool_rejects=1130 elapsed_ms=11.25
[scan_planner_node-4] [ERROR] [1785998524.738488865] [bspline_opt]: [ReplanDiag] rebound A-star failed ret=2 segment=1/1 ids=[3,5] start=[5.999 4.828 1.156] end=[5.997 4.420 1.005]
[scan_planner_node-4] iter=5,time(ms)=11.4,rebound.
[scan_planner_node-4] [WARN] [1785998524.747776743] [path_searching]: [AStarDiag] result=OPEN_SET_EMPTY start=[5.999 4.830 1.156] end=[5.997 4.423 1.005] adjusted_start=[5.998 4.826 1.181] adjusted_end=[5.998 4.476 1.031] iter=7503 occupied_rejects=993 pool_rejects=1130 elapsed_ms=9.19
[scan_planner_node-4] [ERROR] [1785998524.747832091] [bspline_opt]: [ReplanDiag] rebound A-star failed ret=2 segment=1/1 ids=[3,5] start=[5.999 4.830 1.156] end=[5.997 4.423 1.005]
[scan_planner_node-4] iter=5,time(ms)=9.33,rebound.
[scan_planner_node-4] [WARN] [1785998524.757124837] [path_searching]: [AStarDiag] result=OPEN_SET_EMPTY start=[5.999 4.830 1.156] end=[5.997 4.425 1.005] adjusted_start=[5.998 4.827 1.181] adjusted_end=[5.998 4.477 1.031] iter=7529 occupied_rejects=974 pool_rejects=1130 elapsed_ms=9.19
[scan_planner_node-4] [ERROR] [1785998524.757171912] [bspline_opt]: [ReplanDiag] rebound A-star failed ret=2 segment=1/1 ids=[3,5] start=[5.999 4.830 1.156] end=[5.997 4.425 1.005]
[scan_planner_node-4] iter=5,time(ms)=9.31,rebound.
[scan_planner_node-4] [WARN] [1785998524.766678907] [path_searching]: [AStarDiag] result=OPEN_SET_EMPTY start=[5.999 4.830 1.156] end=[5.997 4.425 1.005] adjusted_start=[5.998 4.828 1.181] adjusted_end=[5.998 4.478 1.031] iter=7529 occupied_rejects=974 pool_rejects=1130 elapsed_ms=9.40
[scan_planner_node-4] [ERROR] [1785998524.766724062] [bspline_opt]: [ReplanDiag] init_control_points A-star failed ret=2 segment=1/1 ids=[3,5] start=[5.999 4.830 1.156] end=[5.997 4.425 1.005]
[scan_planner_node-4] [32miter(+1)=3,time(ms)=0.017,keep optimizing
[scan_planner_node-4] [WARN] [1785998524.775548788] [path_searching]: [AStarDiag] result=OPEN_SET_EMPTY start=[5.999 4.830 1.156] end=[5.997 4.425 1.005] adjusted_start=[5.998 4.828 1.181] adjusted_end=[5.998 4.478 1.031] iter=7529 occupied_rejects=974 pool_rejects=1130 elapsed_ms=8.75
[scan_planner_node-4] [ERROR] [1785998524.775589902] [bspline_opt]: [ReplanDiag] init_control_points A-star failed ret=2 segment=1/1 ids=[3,5] start=[5.999 4.830 1.156] end=[5.997 4.425 1.005]
[scan_planner_node-4] [0m[32miter(+1)=1,time(ms)=0.014,keep optimizing
[scan_planner_node-4] [WARN] [1785998524.784533515] [path_searching]: [AStarDiag] result=OPEN_SET_EMPTY start=[5.999 4.830 1.156] end=[5.997 4.425 1.005] adjusted_start=[5.998 4.828 1.181] adjusted_end=[5.998 4.478 1.031] iter=7529 occupied_rejects=974 pool_rejects=1130 elapsed_ms=8.85
[scan_planner_node-4] [ERROR] [1785998524.784576608] [bspline_opt]: [ReplanDiag] init_control_points A-star failed ret=2 segment=1/1 ids=[3,5] start=[5.999 4.830 1.156] end=[5.997 4.425 1.005]
[scan_planner_node-4] [0m[32miter(+1)=1,time(ms)=0.015,keep optimizing
[scan_planner_node-4] [0mfirst_optimize_step_success=0
[scan_planner_node-4] final_plan_success=0
[scan_planner_node-4] 
[scan_planner_node-4] [rebo replan]: -------------------------------------756
[scan_planner_node-4] start: 6.01 5.11 1.33, -0.0154   -0.33  -0.118
[scan_planner_node-4] goal:  6   3 0.4, 0 0 0
[scan_planner_node-4] [32miter(+1)=1,time(ms)=0.017,keep optimizing
[scan_planner_node-4] [0m[32miter(+1)=1,time(ms)=0.007,keep optimizing
[scan_planner_node-4] [0m[32miter(+1)=1,time(ms)=0.008,keep optimizing
[scan_planner_node-4] [0mfirst_optimize_step_success=0
[scan_planner_node-4] final_plan_success=0
[scan_planner_node-4] 
[scan_planner_node-4] [rebo replan]: -------------------------------------757
[scan_planner_node-4] start: 6.01 5.11 1.33, -0.0154   -0.33  -0.118
[scan_planner_node-4] goal:  6   3 0.4, 0 0 0
[scan_planner_node-4] [32miter(+1)=3,time(ms)=0.011,total_t(ms)=0.011,cost=0.009
[scan_planner_node-4] [0mfirst_optimize_step_success=1
[scan_planner_node-4] total time:[42m0.000234[0m,optimize:0.000182,refine:5.23e-05
[scan_planner_node-4] final_plan_success=1
[scan_planner_node-4] [SAFETY]: from EXEC_TRAJ to EXEC_TRAJ
[closed_loop_controller-6] [INFO] [1785998524.785401758] [closed_loop_controller]: Received trajectory 415, duration 4.480s
[scan_planner_node-4] [FSM]: state: EXEC_TRAJ
[scan_planner_node-4] 
[scan_planner_node-4] [rebo replan]: -------------------------------------758
[scan_planner_node-4] start: 6.01  5.1 1.33, -0.0143  -0.326  -0.126
[scan_planner_node-4] goal:  6   3 0.4, 0 0 0
[scan_planner_node-4] [32miter(+1)=23,time(ms)=0.133,keep optimizing
[scan_planner_node-4] [0m[32miter(+1)=1,time(ms)=0.009,keep optimizing
[scan_planner_node-4] [0miter=6,time(ms)=0.063,rebound.
[scan_planner_node-4] [32miter(+1)=25,time(ms)=0.127,total_t(ms)=0.413,cost=0.389
[scan_planner_node-4] [0mfirst_optimize_step_success=1
[scan_planner_node-4] Need to reallocate time.
[scan_planner_node-4] [34mThis refined trajectory is unsafe or dynamically infeasible. Skip publishing it.
[scan_planner_node-4] [0mfinal_plan_success=0
[scan_planner_node-4] 
[scan_planner_node-4] [rebo replan]: -------------------------------------759
[scan_planner_node-4] start: 6.01  5.1 1.33, -0.0143  -0.326  -0.126
[scan_planner_node-4] goal:  6   3 0.4, 0 0 0
[scan_planner_node-4] [32miter(+1)=1,time(ms)=0.013,total_t(ms)=0.013,cost=0.005
[scan_planner_node-4] [0mfirst_optimize_step_success=1
[scan_planner_node-4] total time:[42m0.000219[0m,optimize:0.000166,refine:5.32e-05
[scan_planner_node-4] final_plan_success=1
[scan_planner_node-4] [SAFETY]: from EXEC_TRAJ to EXEC_TRAJ
[closed_loop_controller-6] [INFO] [1785998524.819381137] [closed_loop_controller]: Received trajectory 416, duration 4.480s
[scan_planner_node-4] 
[scan_planner_node-4] [rebo replan]: -------------------------------------760
[scan_planner_node-4] start: 6.01 5.08 1.32, -0.0124  -0.322  -0.135
[scan_planner_node-4] goal:  6   3 0.4, 0 0 0
[scan_planner_node-4] [WARN] [1785998524.872682878] [path_searching]: [AStarDiag] result=OPEN_SET_EMPTY start=[6.004 4.794 1.149] end=[6.007 4.343 0.996] adjusted_start=[6.005 4.818 1.172] adjusted_end=[6.005 4.368 1.022] iter=7629 occupied_rejects=1034 pool_rejects=1133 elapsed_ms=10.53
[scan_planner_node-4] [ERROR] [1785998524.872736418] [bspline_opt]: [ReplanDiag] rebound A-star failed ret=2 segment=1/1 ids=[3,5] start=[6.004 4.794 1.149] end=[6.007 4.343 0.996]
[scan_planner_node-4] iter=8,time(ms)=10.7,rebound.
[scan_planner_node-4] [WARN] [1785998524.883321065] [path_searching]: [AStarDiag] result=OPEN_SET_EMPTY start=[6.004 4.796 1.149] end=[6.007 4.348 0.996] adjusted_start=[6.005 4.772 1.172] adjusted_end=[6.005 4.422 1.022] iter=7640 occupied_rejects=1063 pool_rejects=1133 elapsed_ms=10.51
[scan_planner_node-4] [ERROR] [1785998524.883378468] [bspline_opt]: [ReplanDiag] rebound A-star failed ret=2 segment=1/1 ids=[3,5] start=[6.004 4.796 1.149] end=[6.007 4.348 0.996]
[scan_planner_node-4] iter=5,time(ms)=10.6,rebound.
[scan_planner_node-4] [WARN] [1785998524.893732863] [path_searching]: [AStarDiag] result=OPEN_SET_EMPTY start=[6.004 4.791 1.149] end=[6.007 4.358 0.996] adjusted_start=[6.005 4.775 1.172] adjusted_end=[6.005 4.425 1.022] iter=7632 occupied_rejects=1081 pool_rejects=1130 elapsed_ms=10.25
[scan_planner_node-4] [ERROR] [1785998524.893780500] [bspline_opt]: [ReplanDiag] rebound A-star failed ret=2 segment=1/1 ids=[3,5] start=[6.004 4.791 1.149] end=[6.007 4.358 0.996]
[scan_planner_node-4] iter=5,time(ms)=10.4,rebound.
[scan_planner_node-4] [WARN] [1785998524.904071244] [path_searching]: [AStarDiag] result=OPEN_SET_EMPTY start=[6.003 4.796 1.149] end=[6.007 4.362 0.996] adjusted_start=[6.005 4.779 1.172] adjusted_end=[6.005 4.429 1.022] iter=7610 occupied_rejects=1021 pool_rejects=1130 elapsed_ms=10.21
[scan_planner_node-4] [ERROR] [1785998524.904128602] [bspline_opt]: [ReplanDiag] rebound A-star failed ret=2 segment=1/1 ids=[3,5] start=[6.003 4.796 1.149] end=[6.007 4.362 0.996]
[scan_planner_node-4] iter=5,time(ms)=10.3,rebound.
[scan_planner_node-4] [WARN] [1785998524.913400763] [path_searching]: [AStarDiag] result=OPEN_SET_EMPTY start=[6.003 4.797 1.149] end=[6.007 4.369 0.996] adjusted_start=[6.005 4.783 1.172] adjusted_end=[6.005 4.433 1.022] iter=7610 occupied_rejects=991 pool_rejects=1130 elapsed_ms=9.19
[scan_planner_node-4] [ERROR] [1785998524.913451779] [bspline_opt]: [ReplanDiag] rebound A-star failed ret=2 segment=1/1 ids=[3,5] start=[6.003 4.797 1.149] end=[6.007 4.369 0.996]
[scan_planner_node-4] iter=5,time(ms)=9.3,rebound.
[scan_planner_node-4] [WARN] [1785998524.923844487] [path_searching]: [AStarDiag] result=OPEN_SET_EMPTY start=[6.003 4.798 1.149] end=[6.007 4.373 0.996] adjusted_start=[6.005 4.786 1.172] adjusted_end=[6.005 4.436 1.022] iter=7610 occupied_rejects=991 pool_rejects=1130 elapsed_ms=10.32
[scan_planner_node-4] [ERROR] [1785998524.923902967] [bspline_opt]: [ReplanDiag] rebound A-star failed ret=2 segment=1/1 ids=[3,5] start=[6.003 4.798 1.149] end=[6.007 4.373 0.996]
[scan_planner_node-4] iter=5,time(ms)=10.4,rebound.
[scan_planner_node-4] [WARN] [1785998524.933429550] [path_searching]: [AStarDiag] result=OPEN_SET_EMPTY start=[6.003 4.800 1.149] end=[6.007 4.377 0.996] adjusted_start=[6.005 4.788 1.172] adjusted_end=[6.005 4.438 1.022] iter=7610 occupied_rejects=991 pool_rejects=1130 elapsed_ms=9.45
[scan_planner_node-4] [ERROR] [1785998524.933482481] [bspline_opt]: [ReplanDiag] rebound A-star failed ret=2 segment=1/1 ids=[3,5] start=[6.003 4.800 1.149] end=[6.007 4.377 0.996]
[scan_planner_node-4] iter=5,time(ms)=9.57,rebound.
[scan_planner_node-4] [WARN] [1785998524.942730807] [path_searching]: [AStarDiag] result=OPEN_SET_EMPTY start=[6.003 4.800 1.149] end=[6.007 4.382 0.996] adjusted_start=[6.005 4.791 1.172] adjusted_end=[6.005 4.441 1.022] iter=7610 occupied_rejects=991 pool_rejects=1130 elapsed_ms=9.16
[scan_planner_node-4] [ERROR] [1785998524.942772586] [bspline_opt]: [ReplanDiag] rebound A-star failed ret=2 segment=1/1 ids=[3,5] start=[6.003 4.800 1.149] end=[6.007 4.382 0.996]
[scan_planner_node-4] iter=5,time(ms)=9.27,rebound.
[scan_planner_node-4] [WARN] [1785998524.952656029] [path_searching]: [AStarDiag] result=OPEN_SET_EMPTY start=[6.003 4.800 1.149] end=[6.007 4.385 0.996] adjusted_start=[6.005 4.792 1.172] adjusted_end=[6.005 4.442 1.022] iter=7610 occupied_rejects=991 pool_rejects=1130 elapsed_ms=9.81
[scan_planner_node-4] [ERROR] [1785998524.952707463] [bspline_opt]: [ReplanDiag] rebound A-star failed ret=2 segment=1/1 ids=[3,5] start=[6.003 4.800 1.149] end=[6.007 4.385 0.996]
[scan_planner_node-4] iter=5,time(ms)=9.93,rebound.
[scan_planner_node-4] [WARN] [1785998524.961943180] [path_searching]: [AStarDiag] result=OPEN_SET_EMPTY start=[6.003 4.801 1.149] end=[6.007 4.389 0.996] adjusted_start=[6.005 4.795 1.172] adjusted_end=[6.005 4.445 1.022] iter=7610 occupied_rejects=991 pool_rejects=1130 elapsed_ms=9.15
[scan_planner_node-4] [ERROR] [1785998524.961989663] [bspline_opt]: [ReplanDiag] rebound A-star failed ret=2 segment=1/1 ids=[3,5] start=[6.003 4.801 1.149] end=[6.007 4.389 0.996]
[scan_planner_node-4] iter=5,time(ms)=9.26,rebound.
[scan_planner_node-4] [WARN] [1785998524.971651604] [path_searching]: [AStarDiag] result=OPEN_SET_EMPTY start=[6.003 4.801 1.149] end=[6.007 4.392 0.996] adjusted_start=[6.005 4.796 1.172] adjusted_end=[6.005 4.446 1.022] iter=7610 occupied_rejects=991 pool_rejects=1130 elapsed_ms=9.59
[scan_planner_node-4] [ERROR] [1785998524.971710088] [bspline_opt]: [ReplanDiag] rebound A-star failed ret=2 segment=1/1 ids=[3,5] start=[6.003 4.801 1.149] end=[6.007 4.392 0.996]
[scan_planner_node-4] iter=5,time(ms)=9.72,rebound.
[scan_planner_node-4] [WARN] [1785998524.981285186] [path_searching]: [AStarDiag] result=OPEN_SET_EMPTY start=[6.003 4.803 1.149] end=[6.007 4.395 0.996] adjusted_start=[6.005 4.799 1.172] adjusted_end=[6.005 4.449 1.022] iter=7610 occupied_rejects=991 pool_rejects=1130 elapsed_ms=9.48
[scan_planner_node-4] [ERROR] [1785998524.981334973] [bspline_opt]: [ReplanDiag] rebound A-star failed ret=2 segment=1/1 ids=[3,5] start=[6.003 4.803 1.149] end=[6.007 4.395 0.996]
[scan_planner_node-4] iter=5,time(ms)=9.6,rebound.
[scan_planner_node-4] [WARN] [1785998524.990690810] [path_searching]: [AStarDiag] result=OPEN_SET_EMPTY start=[6.003 4.803 1.149] end=[6.007 4.395 0.996] adjusted_start=[6.005 4.799 1.172] adjusted_end=[6.005 4.449 1.022] iter=7610 occupied_rejects=991 pool_rejects=1130 elapsed_ms=9.25
[scan_planner_node-4] [ERROR] [1785998524.990726690] [bspline_opt]: [ReplanDiag] init_control_points A-star failed ret=2 segment=1/1 ids=[3,5] start=[6.003 4.803 1.149] end=[6.007 4.395 0.996]
[scan_planner_node-4] [32miter(+1)=3,time(ms)=0.020,keep optimizing
[scan_planner_node-4] [WARN] [1785998524.999917850] [path_searching]: [AStarDiag] result=OPEN_SET_EMPTY start=[6.003 4.803 1.149] end=[6.007 4.395 0.996] adjusted_start=[6.005 4.799 1.172] adjusted_end=[6.005 4.449 1.022] iter=7610 occupied_rejects=991 pool_rejects=1130 elapsed_ms=9.12
[scan_planner_node-4] [ERROR] [1785998524.999956255] [bspline_opt]: [ReplanDiag] init_control_points A-star failed ret=2 segment=1/1 ids=[3,5] start=[6.003 4.803 1.149] end=[6.007 4.395 0.996]
[scan_planner_node-4] [0m[32miter(+1)=1,time(ms)=0.014,keep optimizing
[scan_planner_node-4] [WARN] [1785998525.009315442] [path_searching]: [AStarDiag] result=OPEN_SET_EMPTY start=[6.003 4.803 1.149] end=[6.007 4.395 0.996] adjusted_start=[6.005 4.799 1.172] adjusted_end=[6.005 4.449 1.022] iter=7610 occupied_rejects=991 pool_rejects=1130 elapsed_ms=9.29
[scan_planner_node-4] [ERROR] [1785998525.009352864] [bspline_opt]: [ReplanDiag] init_control_points A-star failed ret=2 segment=1/1 ids=[3,5] start=[6.003 4.803 1.149] end=[6.007 4.395 0.996]
[scan_planner_node-4] [0m[32miter(+1)=1,time(ms)=0.015,keep optimizing
[scan_planner_node-4] [0mfirst_optimize_step_success=0
[scan_planner_node-4] final_plan_success=0
[scan_planner_node-4] 
[scan_planner_node-4] [rebo replan]: -------------------------------------761
[scan_planner_node-4] start: 6.01 5.08 1.32, -0.0124  -0.322  -0.135
[scan_planner_node-4] goal:  6   3 0.4, 0 0 0
[scan_planner_node-4] [32miter(+1)=1,time(ms)=0.013,total_t(ms)=0.013,cost=0.005
[scan_planner_node-4] [0mfirst_optimize_step_success=1
[scan_planner_node-4] total time:[42m0.000176[0m,optimize:0.000135,refine:4.09e-05
[scan_planner_node-4] final_plan_success=1
[scan_planner_node-4] [SAFETY]: from EXEC_TRAJ to EXEC_TRAJ
[closed_loop_controller-6] [INFO] [1785998525.009800776] [closed_loop_controller]: Received trajectory 417, duration 4.480s
[scan_planner_node-4] 
[scan_planner_node-4] [rebo replan]: -------------------------------------762
[scan_planner_node-4] start: 6.01 5.08 1.32, -0.0124  -0.322  -0.135
[scan_planner_node-4] goal:  6   3 0.4, 0 0 0
[scan_planner_node-4] [WARN] [1785998525.020867778] [path_searching]: [AStarDiag] result=OPEN_SET_EMPTY start=[6.004 4.794 1.150] end=[6.007 4.343 0.997] adjusted_start=[6.005 4.818 1.173] adjusted_end=[6.005 4.368 1.023] iter=7629 occupied_rejects=1032 pool_rejects=1133 elapsed_ms=10.40
[scan_planner_node-4] [ERROR] [1785998525.020933792] [bspline_opt]: [ReplanDiag] rebound A-star failed ret=2 segment=1/1 ids=[3,5] start=[6.004 4.794 1.150] end=[6.007 4.343 0.997]
[scan_planner_node-4] iter=8,time(ms)=10.5,rebound.
[scan_planner_node-4] [WARN] [1785998525.030290099] [path_searching]: [AStarDiag] result=OPEN_SET_EMPTY start=[6.004 4.796 1.150] end=[6.007 4.348 0.997] adjusted_start=[6.005 4.772 1.173] adjusted_end=[6.005 4.422 1.023] iter=7640 occupied_rejects=1060 pool_rejects=1133 elapsed_ms=9.28
[scan_planner_node-4] [ERROR] [1785998525.030323830] [bspline_opt]: [ReplanDiag] rebound A-star failed ret=2 segment=1/1 ids=[3,5] start=[6.004 4.796 1.150] end=[6.007 4.348 0.997]
[scan_planner_node-4] iter=5,time(ms)=9.37,rebound.
[scan_planner_node-4] [WARN] [1785998525.039966603] [path_searching]: [AStarDiag] result=OPEN_SET_EMPTY start=[6.004 4.792 1.150] end=[6.007 4.358 0.997] adjusted_start=[6.005 4.775 1.173] adjusted_end=[6.005 4.425 1.023] iter=7632 occupied_rejects=1081 pool_rejects=1130 elapsed_ms=9.58
[scan_planner_node-4] [ERROR] [1785998525.040010165] [bspline_opt]: [ReplanDiag] rebound A-star failed ret=2 segment=1/1 ids=[3,5] start=[6.004 4.792 1.150] end=[6.007 4.358 0.997]
[scan_planner_node-4] iter=5,time(ms)=9.7,rebound.
[scan_planner_node-4] [WARN] [1785998525.049232870] [path_searching]: [AStarDiag] result=OPEN_SET_EMPTY start=[6.004 4.796 1.150] end=[6.007 4.362 0.997] adjusted_start=[6.005 4.779 1.173] adjusted_end=[6.005 4.429 1.023] iter=7610 occupied_rejects=1021 pool_rejects=1130 elapsed_ms=9.13
[scan_planner_node-4] [ERROR] [1785998525.049276679] [bspline_opt]: [ReplanDiag] rebound A-star failed ret=2 segment=1/1 ids=[3,5] start=[6.004 4.796 1.150] end=[6.007 4.362 0.997]
[scan_planner_node-4] iter=5,time(ms)=9.25,rebound.
[scan_planner_node-4] [WARN] [1785998525.058506078] [path_searching]: [AStarDiag] result=OPEN_SET_EMPTY start=[6.003 4.797 1.150] end=[6.007 4.368 0.997] adjusted_start=[6.005 4.782 1.173] adjusted_end=[6.005 4.432 1.023] iter=7610 occupied_rejects=991 pool_rejects=1130 elapsed_ms=9.15
[scan_planner_node-4] [ERROR] [1785998525.058547286] [bspline_opt]: [ReplanDiag] rebound A-star failed ret=2 segment=1/1 ids=[3,5] start=[6.003 4.797 1.150] end=[6.007 4.368 0.997]
[scan_planner_node-4] iter=5,time(ms)=9.24,rebound.
[scan_planner_node-4] [WARN] [1785998525.067435434] [path_searching]: [AStarDiag] result=OPEN_SET_EMPTY start=[6.003 4.797 1.150] end=[6.007 4.373 0.997] adjusted_start=[6.005 4.785 1.173] adjusted_end=[6.005 4.435 1.023] iter=7610 occupied_rejects=991 pool_rejects=1130 elapsed_ms=8.82
[scan_planner_node-4] [ERROR] [1785998525.067469425] [bspline_opt]: [ReplanDiag] rebound A-star failed ret=2 segment=1/1 ids=[3,5] start=[6.003 4.797 1.150] end=[6.007 4.373 0.997]
[scan_planner_node-4] iter=5,time(ms)=8.92,rebound.
[scan_planner_node-4] [WARN] [1785998525.076460402] [path_searching]: [AStarDiag] result=OPEN_SET_EMPTY start=[6.003 4.800 1.150] end=[6.007 4.376 0.997] adjusted_start=[6.005 4.788 1.173] adjusted_end=[6.005 4.438 1.023] iter=7610 occupied_rejects=991 pool_rejects=1130 elapsed_ms=8.92
[scan_planner_node-4] [ERROR] [1785998525.076517018] [bspline_opt]: [ReplanDiag] rebound A-star failed ret=2 segment=1/1 ids=[3,5] start=[6.003 4.800 1.150] end=[6.007 4.376 0.997]
[scan_planner_node-4] iter=5,time(ms)=9.04,rebound.
[scan_planner_node-4] [WARN] [1785998525.085733393] [path_searching]: [AStarDiag] result=OPEN_SET_EMPTY start=[6.003 4.800 1.150] end=[6.007 4.381 0.997] adjusted_start=[6.005 4.791 1.173] adjusted_end=[6.005 4.441 1.023] iter=7610 occupied_rejects=991 pool_rejects=1130 elapsed_ms=9.13
[scan_planner_node-4] [ERROR] [1785998525.085780787] [bspline_opt]: [ReplanDiag] rebound A-star failed ret=2 segment=1/1 ids=[3,5] start=[6.003 4.800 1.150] end=[6.007 4.381 0.997]
[scan_planner_node-4] iter=5,time(ms)=9.25,rebound.
[scan_planner_node-4] [WARN] [1785998525.094439896] [path_searching]: [AStarDiag] result=OPEN_SET_EMPTY start=[6.003 4.800 1.150] end=[6.007 4.384 0.997] adjusted_start=[6.005 4.792 1.173] adjusted_end=[6.005 4.442 1.023] iter=7610 occupied_rejects=991 pool_rejects=1130 elapsed_ms=8.58
[scan_planner_node-4] [ERROR] [1785998525.094481818] [bspline_opt]: [ReplanDiag] rebound A-star failed ret=2 segment=1/1 ids=[3,5] start=[6.003 4.800 1.150] end=[6.007 4.384 0.997]
[scan_planner_node-4] iter=5,time(ms)=8.68,rebound.
[scan_planner_node-4] [WARN] [1785998525.103428017] [path_searching]: [AStarDiag] result=OPEN_SET_EMPTY start=[6.003 4.801 1.150] end=[6.007 4.389 0.997] adjusted_start=[6.005 4.795 1.173] adjusted_end=[6.005 4.445 1.023] iter=7610 occupied_rejects=991 pool_rejects=1130 elapsed_ms=8.88
[scan_planner_node-4] [ERROR] [1785998525.103482787] [bspline_opt]: [ReplanDiag] rebound A-star failed ret=2 segment=1/1 ids=[3,5] start=[6.003 4.801 1.150] end=[6.007 4.389 0.997]
[scan_planner_node-4] iter=5,time(ms)=9,rebound.
[scan_planner_node-4] [WARN] [1785998525.112299274] [path_searching]: [AStarDiag] result=OPEN_SET_EMPTY start=[6.003 4.801 1.150] end=[6.007 4.391 0.997] adjusted_start=[6.005 4.796 1.173] adjusted_end=[6.005 4.446 1.023] iter=7610 occupied_rejects=991 pool_rejects=1130 elapsed_ms=8.74
[scan_planner_node-4] [ERROR] [1785998525.112340256] [bspline_opt]: [ReplanDiag] rebound A-star failed ret=2 segment=1/1 ids=[3,5] start=[6.003 4.801 1.150] end=[6.007 4.391 0.997]
[scan_planner_node-4] iter=5,time(ms)=8.84,rebound.
[scan_planner_node-4] [WARN] [1785998525.121622409] [path_searching]: [AStarDiag] result=OPEN_SET_EMPTY start=[6.003 4.803 1.150] end=[6.007 4.395 0.997] adjusted_start=[6.005 4.799 1.173] adjusted_end=[6.005 4.449 1.023] iter=7610 occupied_rejects=991 pool_rejects=1130 elapsed_ms=9.20
[scan_planner_node-4] [ERROR] [1785998525.121665829] [bspline_opt]: [ReplanDiag] rebound A-star failed ret=2 segment=1/1 ids=[3,5] start=[6.003 4.803 1.150] end=[6.007 4.395 0.997]
[scan_planner_node-4] iter=5,time(ms)=9.31,rebound.
[scan_planner_node-4] [WARN] [1785998525.130260245] [path_searching]: [AStarDiag] result=OPEN_SET_EMPTY start=[6.003 4.803 1.150] end=[6.007 4.395 0.997] adjusted_start=[6.005 4.799 1.173] adjusted_end=[6.005 4.449 1.023] iter=7610 occupied_rejects=991 pool_rejects=1130 elapsed_ms=8.51
[scan_planner_node-4] [ERROR] [1785998525.130302622] [bspline_opt]: [ReplanDiag] init_control_points A-star failed ret=2 segment=1/1 ids=[3,5] start=[6.003 4.803 1.150] end=[6.007 4.395 0.997]
[scan_planner_node-4] [32miter(+1)=3,time(ms)=0.013,keep optimizing
[scan_planner_node-4] [WARN] [1785998525.139057617] [path_searching]: [AStarDiag] result=OPEN_SET_EMPTY start=[6.003 4.803 1.150] end=[6.007 4.395 0.997] adjusted_start=[6.005 4.799 1.173] adjusted_end=[6.005 4.449 1.023] iter=7610 occupied_rejects=991 pool_rejects=1130 elapsed_ms=8.66
[scan_planner_node-4] [ERROR] [1785998525.139097708] [bspline_opt]: [ReplanDiag] init_control_points A-star failed ret=2 segment=1/1 ids=[3,5] start=[6.003 4.803 1.150] end=[6.007 4.395 0.997]
[scan_planner_node-4] [0m[32miter(+1)=1,time(ms)=0.016,keep optimizing
[scan_planner_node-4] [WARN] [1785998525.147708186] [path_searching]: [AStarDiag] result=OPEN_SET_EMPTY start=[6.003 4.803 1.150] end=[6.007 4.395 0.997] adjusted_start=[6.005 4.799 1.173] adjusted_end=[6.005 4.449 1.023] iter=7610 occupied_rejects=991 pool_rejects=1130 elapsed_ms=8.54
[scan_planner_node-4] [ERROR] [1785998525.147746277] [bspline_opt]: [ReplanDiag] init_control_points A-star failed ret=2 segment=1/1 ids=[3,5] start=[6.003 4.803 1.150] end=[6.007 4.395 0.997]
[scan_planner_node-4] [0m[32miter(+1)=1,time(ms)=0.015,keep optimizing
[scan_planner_node-4] [0mfirst_optimize_step_success=0
[scan_planner_node-4] final_plan_success=0
[scan_planner_node-4] 
[scan_planner_node-4] [rebo replan]: -------------------------------------763
[scan_planner_node-4] start: 6.01 5.08 1.32, -0.0124  -0.322  -0.135
[scan_planner_node-4] goal:  6   3 0.4, 0 0 0
[scan_planner_node-4] [32miter(+1)=1,time(ms)=0.012,total_t(ms)=0.013,cost=0.005
[scan_planner_node-4] [0mfirst_optimize_step_success=1
[scan_planner_node-4] total time:[42m0.00018[0m,optimize:0.000141,refine:3.92e-05
[scan_planner_node-4] final_plan_success=1
[scan_planner_node-4] [SAFETY]: from EXEC_TRAJ to EXEC_TRAJ
[closed_loop_controller-6] [INFO] [1785998525.148223960] [closed_loop_controller]: Received trajectory 418, duration 4.480s
[scan_planner_node-4] [INFO] [1785998525.149063739] [scan_planner_node]: [GridMapDiag] cloud=32768 accepted=16087 invalid=16681 below_sensor=0 outside_update=0 sensor_z=1.646 cutoff_z=2.646
[scan_planner_node-4] 
[scan_planner_node-4] [rebo replan]: -------------------------------------764
[scan_planner_node-4] start: 6.01 5.08 1.32, -0.0124  -0.322  -0.135
[scan_planner_node-4] goal:  6   3 0.4, 0 0 0
[scan_planner_node-4] [WARN] [1785998525.158730216] [path_searching]: [AStarDiag] result=OPEN_SET_EMPTY start=[6.004 4.794 1.151] end=[6.007 4.343 0.998] adjusted_start=[6.005 4.818 1.174] adjusted_end=[6.005 4.368 1.024] iter=7629 occupied_rejects=1032 pool_rejects=1133 elapsed_ms=9.33
[scan_planner_node-4] [ERROR] [1785998525.158776268] [bspline_opt]: [ReplanDiag] rebound A-star failed ret=2 segment=1/1 ids=[3,5] start=[6.004 4.794 1.151] end=[6.007 4.343 0.998]
[scan_planner_node-4] iter=8,time(ms)=9.46,rebound.
[scan_planner_node-4] [WARN] [1785998525.167831492] [path_searching]: [AStarDiag] result=OPEN_SET_EMPTY start=[6.004 4.796 1.151] end=[6.007 4.348 0.998] adjusted_start=[6.005 4.772 1.174] adjusted_end=[6.005 4.422 1.024] iter=7640 occupied_rejects=1060 pool_rejects=1133 elapsed_ms=8.98
[scan_planner_node-4] [ERROR] [1785998525.167875458] [bspline_opt]: [ReplanDiag] rebound A-star failed ret=2 segment=1/1 ids=[3,5] start=[6.004 4.796 1.151] end=[6.007 4.348 0.998]
[scan_planner_node-4] iter=5,time(ms)=9.1,rebound.
[scan_planner_node-4] [WARN] [1785998525.176823341] [path_searching]: [AStarDiag] result=OPEN_SET_EMPTY start=[6.004 4.792 1.151] end=[6.007 4.358 0.998] adjusted_start=[6.005 4.775 1.174] adjusted_end=[6.005 4.425 1.024] iter=7632 occupied_rejects=1081 pool_rejects=1130 elapsed_ms=8.86
[scan_planner_node-4] [ERROR] [1785998525.176870108] [bspline_opt]: [ReplanDiag] rebound A-star failed ret=2 segment=1/1 ids=[3,5] start=[6.004 4.792 1.151] end=[6.007 4.358 0.998]
[scan_planner_node-4] iter=5,time(ms)=8.98,rebound.
[scan_planner_node-4] [WARN] [1785998525.186042682] [path_searching]: [AStarDiag] result=OPEN_SET_EMPTY start=[6.004 4.796 1.151] end=[6.007 4.362 0.998] adjusted_start=[6.005 4.779 1.174] adjusted_end=[6.005 4.429 1.024] iter=7610 occupied_rejects=1021 pool_rejects=1130 elapsed_ms=9.08
[scan_planner_node-4] [ERROR] [1785998525.186089242] [bspline_opt]: [ReplanDiag] rebound A-star failed ret=2 segment=1/1 ids=[3,5] start=[6.004 4.796 1.151] end=[6.007 4.362 0.998]
[scan_planner_node-4] iter=5,time(ms)=9.19,rebound.
[scan_planner_node-4] [WARN] [1785998525.194566902] [path_searching]: [AStarDiag] result=OPEN_SET_EMPTY start=[6.003 4.796 1.151] end=[6.007 4.368 0.998] adjusted_start=[6.005 4.782 1.174] adjusted_end=[6.005 4.432 1.024] iter=7610 occupied_rejects=991 pool_rejects=1130 elapsed_ms=8.40
[scan_planner_node-4] [ERROR] [1785998525.194598113] [bspline_opt]: [ReplanDiag] rebound A-star failed ret=2 segment=1/1 ids=[3,5] start=[6.003 4.796 1.151] end=[6.007 4.368 0.998]
[scan_planner_node-4] iter=5,time(ms)=8.49,rebound.
[scan_planner_node-4] [WARN] [1785998525.203939452] [path_searching]: [AStarDiag] result=OPEN_SET_EMPTY start=[6.003 4.797 1.151] end=[6.007 4.373 0.998] adjusted_start=[6.005 4.785 1.174] adjusted_end=[6.005 4.435 1.024] iter=7610 occupied_rejects=991 pool_rejects=1130 elapsed_ms=9.28
[scan_planner_node-4] [ERROR] [1785998525.203996606] [bspline_opt]: [ReplanDiag] rebound A-star failed ret=2 segment=1/1 ids=[3,5] start=[6.003 4.797 1.151] end=[6.007 4.373 0.998]
[scan_planner_node-4] iter=5,time(ms)=9.4,rebound.
[scan_planner_node-4] [WARN] [1785998525.213023499] [path_searching]: [AStarDiag] result=OPEN_SET_EMPTY start=[6.003 4.800 1.151] end=[6.007 4.376 0.998] adjusted_start=[6.005 4.788 1.174] adjusted_end=[6.005 4.438 1.024] iter=7610 occupied_rejects=991 pool_rejects=1130 elapsed_ms=8.94
[scan_planner_node-4] [ERROR] [1785998525.213064063] [bspline_opt]: [ReplanDiag] rebound A-star failed ret=2 segment=1/1 ids=[3,5] start=[6.003 4.800 1.151] end=[6.007 4.376 0.998]
[scan_planner_node-4] iter=5,time(ms)=9.07,rebound.
[scan_planner_node-4] [WARN] [1785998525.222493458] [path_searching]: [AStarDiag] result=OPEN_SET_EMPTY start=[6.003 4.800 1.151] end=[6.007 4.381 0.998] adjusted_start=[6.005 4.791 1.174] adjusted_end=[6.005 4.441 1.024] iter=7610 occupied_rejects=991 pool_rejects=1130 elapsed_ms=9.33
[scan_planner_node-4] [ERROR] [1785998525.222533039] [bspline_opt]: [ReplanDiag] rebound A-star failed ret=2 segment=1/1 ids=[3,5] start=[6.003 4.800 1.151] end=[6.007 4.381 0.998]
[scan_planner_node-4] iter=5,time(ms)=9.44,rebound.
[scan_planner_node-4] [WARN] [1785998525.231094950] [path_searching]: [AStarDiag] result=OPEN_SET_EMPTY start=[6.003 4.800 1.151] end=[6.007 4.384 0.998] adjusted_start=[6.005 4.792 1.174] adjusted_end=[6.005 4.442 1.024] iter=7610 occupied_rejects=991 pool_rejects=1130 elapsed_ms=8.49
[scan_planner_node-4] [ERROR] [1785998525.231133148] [bspline_opt]: [ReplanDiag] rebound A-star failed ret=2 segment=1/1 ids=[3,5] start=[6.003 4.800 1.151] end=[6.007 4.384 0.998]
[scan_planner_node-4] iter=5,time(ms)=8.59,rebound.
[scan_planner_node-4] [WARN] [1785998525.240052064] [path_searching]: [AStarDiag] result=OPEN_SET_EMPTY start=[6.003 4.801 1.151] end=[6.007 4.389 0.998] adjusted_start=[6.005 4.795 1.174] adjusted_end=[6.005 4.445 1.024] iter=7610 occupied_rejects=991 pool_rejects=1130 elapsed_ms=8.84
[scan_planner_node-4] [ERROR] [1785998525.240095599] [bspline_opt]: [ReplanDiag] rebound A-star failed ret=2 segment=1/1 ids=[3,5] start=[6.003 4.801 1.151] end=[6.007 4.389 0.998]
[scan_planner_node-4] iter=5,time(ms)=8.95,rebound.
[scan_planner_node-4] [WARN] [1785998525.249535917] [path_searching]: [AStarDiag] result=OPEN_SET_EMPTY start=[6.003 4.801 1.151] end=[6.007 4.391 0.998] adjusted_start=[6.005 4.796 1.174] adjusted_end=[6.005 4.446 1.024] iter=7610 occupied_rejects=991 pool_rejects=1130 elapsed_ms=9.37
[scan_planner_node-4] [ERROR] [1785998525.249577319] [bspline_opt]: [ReplanDiag] rebound A-star failed ret=2 segment=1/1 ids=[3,5] start=[6.003 4.801 1.151] end=[6.007 4.391 0.998]
[scan_planner_node-4] iter=5,time(ms)=9.47,rebound.
[scan_planner_node-4] [WARN] [1785998525.258719957] [path_searching]: [AStarDiag] result=OPEN_SET_EMPTY start=[6.003 4.803 1.151] end=[6.007 4.395 0.998] adjusted_start=[6.005 4.799 1.174] adjusted_end=[6.005 4.449 1.024] iter=7610 occupied_rejects=991 pool_rejects=1130 elapsed_ms=9.07
[scan_planner_node-4] [ERROR] [1785998525.258760996] [bspline_opt]: [ReplanDiag] rebound A-star failed ret=2 segment=1/1 ids=[3,5] start=[6.003 4.803 1.151] end=[6.007 4.395 0.998]
[scan_planner_node-4] iter=5,time(ms)=9.17,rebound.
[scan_planner_node-4] [WARN] [1785998525.268476722] [path_searching]: [AStarDiag] result=OPEN_SET_EMPTY start=[6.003 4.803 1.151] end=[6.007 4.397 0.998] adjusted_start=[6.005 4.800 1.174] adjusted_end=[6.005 4.450 1.024] iter=7610 occupied_rejects=991 pool_rejects=1130 elapsed_ms=9.65
[scan_planner_node-4] [ERROR] [1785998525.268523706] [bspline_opt]: [ReplanDiag] rebound A-star failed ret=2 segment=1/1 ids=[3,5] start=[6.003 4.803 1.151] end=[6.007 4.397 0.998]
[scan_planner_node-4] iter=5,time(ms)=9.76,rebound.
[scan_planner_node-4] [WARN] [1785998525.276890194] [path_searching]: [AStarDiag] result=OPEN_SET_EMPTY start=[6.003 4.804 1.151] end=[6.007 4.399 0.998] adjusted_start=[6.005 4.802 1.174] adjusted_end=[6.005 4.452 1.024] iter=7624 occupied_rejects=1022 pool_rejects=1133 elapsed_ms=8.28
[scan_planner_node-4] [ERROR] [1785998525.276928164] [bspline_opt]: [ReplanDiag] init_control_points A-star failed ret=2 segment=1/1 ids=[3,5] start=[6.003 4.804 1.151] end=[6.007 4.399 0.998]
[scan_planner_node-4] [32miter(+1)=4,time(ms)=0.014,keep optimizing
[scan_planner_node-4] [WARN] [1785998525.285781937] [path_searching]: [AStarDiag] result=OPEN_SET_EMPTY start=[6.003 4.804 1.151] end=[6.007 4.399 0.998] adjusted_start=[6.005 4.802 1.174] adjusted_end=[6.005 4.452 1.024] iter=7624 occupied_rejects=1022 pool_rejects=1133 elapsed_ms=8.78
[scan_planner_node-4] [ERROR] [1785998525.285825604] [bspline_opt]: [ReplanDiag] init_control_points A-star failed ret=2 segment=1/1 ids=[3,5] start=[6.003 4.804 1.151] end=[6.007 4.399 0.998]
[scan_planner_node-4] [0m[32miter(+1)=1,time(ms)=0.014,keep optimizing
[scan_planner_node-4] [WARN] [1785998525.294029982] [path_searching]: [AStarDiag] result=OPEN_SET_EMPTY start=[6.003 4.804 1.151] end=[6.007 4.399 0.998] adjusted_start=[6.005 4.802 1.174] adjusted_end=[6.005 4.452 1.024] iter=7624 occupied_rejects=1022 pool_rejects=1133 elapsed_ms=8.14
[scan_planner_node-4] [ERROR] [1785998525.294063026] [bspline_opt]: [ReplanDiag] init_control_points A-star failed ret=2 segment=1/1 ids=[3,5] start=[6.003 4.804 1.151] end=[6.007 4.399 0.998]
[scan_planner_node-4] [0m[32miter(+1)=1,time(ms)=0.014,keep optimizing
[scan_planner_node-4] [0mfirst_optimize_step_success=0
[scan_planner_node-4] final_plan_success=0
[scan_planner_node-4] 
[scan_planner_node-4] [rebo replan]: -------------------------------------765
[scan_planner_node-4] start: 6.01 5.08 1.32, -0.0124  -0.322  -0.135
[scan_planner_node-4] goal:  6   3 0.4, 0 0 0
[scan_planner_node-4] [32miter(+1)=1,time(ms)=0.012,total_t(ms)=0.012,cost=0.005
[scan_planner_node-4] [0mfirst_optimize_step_success=1
[scan_planner_node-4] total time:[42m0.00016[0m,optimize:0.000124,refine:3.63e-05
[scan_planner_node-4] final_plan_success=1
[scan_planner_node-4] [SAFETY]: from EXEC_TRAJ to EXEC_TRAJ
[closed_loop_controller-6] [INFO] [1785998525.294479546] [closed_loop_controller]: Received trajectory 419, duration 4.480s
[scan_planner_node-4] 
[scan_planner_node-4] [rebo replan]: -------------------------------------766
[scan_planner_node-4] start: 6.01 5.08 1.32, -0.0124  -0.322  -0.135
[scan_planner_node-4] goal:  6   3 0.4, 0 0 0
[scan_planner_node-4] [WARN] [1785998525.304118921] [path_searching]: [AStarDiag] result=OPEN_SET_EMPTY start=[6.004 4.794 1.151] end=[6.007 4.343 0.998] adjusted_start=[6.005 4.818 1.175] adjusted_end=[6.005 4.368 1.025] iter=7629 occupied_rejects=1032 pool_rejects=1133 elapsed_ms=9.10
[scan_planner_node-4] [ERROR] [1785998525.304164916] [bspline_opt]: [ReplanDiag] rebound A-star failed ret=2 segment=1/1 ids=[3,5] start=[6.004 4.794 1.151] end=[6.007 4.343 0.998]
[scan_planner_node-4] iter=8,time(ms)=9.25,rebound.
[scan_planner_node-4] [WARN] [1785998525.312453868] [path_searching]: [AStarDiag] result=OPEN_SET_EMPTY start=[6.004 4.795 1.151] end=[6.007 4.348 0.998] adjusted_start=[6.005 4.772 1.175] adjusted_end=[6.005 4.422 1.025] iter=7640 occupied_rejects=1060 pool_rejects=1133 elapsed_ms=8.19
[scan_planner_node-4] [ERROR] [1785998525.312486686] [bspline_opt]: [ReplanDiag] rebound A-star failed ret=2 segment=1/1 ids=[3,5] start=[6.004 4.795 1.151] end=[6.007 4.348 0.998]
[scan_planner_node-4] iter=5,time(ms)=8.27,rebound.
[scan_planner_node-4] [WARN] [1785998525.321149581] [path_searching]: [AStarDiag] result=OPEN_SET_EMPTY start=[6.004 4.792 1.151] end=[6.007 4.358 0.998] adjusted_start=[6.005 4.775 1.175] adjusted_end=[6.005 4.425 1.025] iter=7632 occupied_rejects=1081 pool_rejects=1130 elapsed_ms=8.60
[scan_planner_node-4] [ERROR] [1785998525.321192123] [bspline_opt]: [ReplanDiag] rebound A-star failed ret=2 segment=1/1 ids=[3,5] start=[6.004 4.792 1.151] end=[6.007 4.358 0.998]
[scan_planner_node-4] iter=5,time(ms)=8.71,rebound.
[scan_planner_node-4] [WARN] [1785998525.329314865] [path_searching]: [AStarDiag] result=OPEN_SET_EMPTY start=[6.004 4.796 1.151] end=[6.007 4.362 0.998] adjusted_start=[6.005 4.779 1.175] adjusted_end=[6.005 4.429 1.025] iter=7610 occupied_rejects=1021 pool_rejects=1130 elapsed_ms=8.04
[scan_planner_node-4] [ERROR] [1785998525.329353509] [bspline_opt]: [ReplanDiag] rebound A-star failed ret=2 segment=1/1 ids=[3,5] start=[6.004 4.796 1.151] end=[6.007 4.362 0.998]
[scan_planner_node-4] iter=5,time(ms)=8.14,rebound.
[scan_planner_node-4] [WARN] [1785998525.338121010] [path_searching]: [AStarDiag] result=OPEN_SET_EMPTY start=[6.003 4.796 1.151] end=[6.007 4.368 0.998] adjusted_start=[6.005 4.782 1.175] adjusted_end=[6.005 4.432 1.025] iter=7610 occupied_rejects=991 pool_rejects=1130 elapsed_ms=8.69
[scan_planner_node-4] [ERROR] [1785998525.338162717] [bspline_opt]: [ReplanDiag] rebound A-star failed ret=2 segment=1/1 ids=[3,5] start=[6.003 4.796 1.151] end=[6.007 4.368 0.998]
[scan_planner_node-4] iter=5,time(ms)=8.8,rebound.
[scan_planner_node-4] [WARN] [1785998525.346247903] [path_searching]: [AStarDiag] result=OPEN_SET_EMPTY start=[6.003 4.797 1.151] end=[6.007 4.373 0.998] adjusted_start=[6.005 4.785 1.175] adjusted_end=[6.005 4.435 1.025] iter=7610 occupied_rejects=991 pool_rejects=1130 elapsed_ms=8.02
[scan_planner_node-4] [ERROR] [1785998525.346276830] [bspline_opt]: [ReplanDiag] rebound A-star failed ret=2 segment=1/1 ids=[3,5] start=[6.003 4.797 1.151] end=[6.007 4.373 0.998]
[scan_planner_node-4] iter=5,time(ms)=8.1,rebound.
[scan_planner_node-4] [WARN] [1785998525.354626205] [path_searching]: [AStarDiag] result=OPEN_SET_EMPTY start=[6.003 4.799 1.151] end=[6.007 4.376 0.998] adjusted_start=[6.005 4.788 1.175] adjusted_end=[6.005 4.438 1.025] iter=7610 occupied_rejects=991 pool_rejects=1130 elapsed_ms=8.29
[scan_planner_node-4] [ERROR] [1785998525.354658421] [bspline_opt]: [ReplanDiag] rebound A-star failed ret=2 segment=1/1 ids=[3,5] start=[6.003 4.799 1.151] end=[6.007 4.376 0.998]
[scan_planner_node-4] iter=5,time(ms)=8.38,rebound.
[scan_planner_node-4] [WARN] [1785998525.362797621] [path_searching]: [AStarDiag] result=OPEN_SET_EMPTY start=[6.003 4.800 1.151] end=[6.007 4.381 0.998] adjusted_start=[6.005 4.790 1.175] adjusted_end=[6.005 4.440 1.025] iter=7610 occupied_rejects=991 pool_rejects=1130 elapsed_ms=8.08
[scan_planner_node-4] [ERROR] [1785998525.362827492] [bspline_opt]: [ReplanDiag] rebound A-star failed ret=2 segment=1/1 ids=[3,5] start=[6.003 4.800 1.151] end=[6.007 4.381 0.998]
[scan_planner_node-4] iter=5,time(ms)=8.16,rebound.
[scan_planner_node-4] [WARN] [1785998525.371877518] [path_searching]: [AStarDiag] result=OPEN_SET_EMPTY start=[6.003 4.800 1.151] end=[6.007 4.384 0.998] adjusted_start=[6.005 4.792 1.175] adjusted_end=[6.005 4.442 1.025] iter=7610 occupied_rejects=991 pool_rejects=1130 elapsed_ms=8.99
[scan_planner_node-4] [ERROR] [1785998525.371933175] [bspline_opt]: [ReplanDiag] rebound A-star failed ret=2 segment=1/1 ids=[3,5] start=[6.003 4.800 1.151] end=[6.007 4.384 0.998]
[scan_planner_node-4] iter=5,time(ms)=9.1,rebound.
[scan_planner_node-4] [WARN] [1785998525.380344479] [path_searching]: [AStarDiag] result=OPEN_SET_EMPTY start=[6.003 4.801 1.151] end=[6.007 4.389 0.998] adjusted_start=[6.005 4.795 1.175] adjusted_end=[6.005 4.445 1.025] iter=7610 occupied_rejects=991 pool_rejects=1130 elapsed_ms=8.34
[scan_planner_node-4] [ERROR] [1785998525.380383789] [bspline_opt]: [ReplanDiag] rebound A-star failed ret=2 segment=1/1 ids=[3,5] start=[6.003 4.801 1.151] end=[6.007 4.389 0.998]
[scan_planner_node-4] iter=5,time(ms)=8.45,rebound.
[scan_planner_node-4] [WARN] [1785998525.388714996] [path_searching]: [AStarDiag] result=OPEN_SET_EMPTY start=[6.003 4.801 1.151] end=[6.007 4.391 0.998] adjusted_start=[6.005 4.796 1.175] adjusted_end=[6.005 4.446 1.025] iter=7610 occupied_rejects=991 pool_rejects=1130 elapsed_ms=8.25
[scan_planner_node-4] [ERROR] [1785998525.388748090] [bspline_opt]: [ReplanDiag] rebound A-star failed ret=2 segment=1/1 ids=[3,5] start=[6.003 4.801 1.151] end=[6.007 4.391 0.998]
[scan_planner_node-4] iter=5,time(ms)=8.34,rebound.
[scan_planner_node-4] [WARN] [1785998525.396887663] [path_searching]: [AStarDiag] result=OPEN_SET_EMPTY start=[6.003 4.803 1.151] end=[6.007 4.395 0.998] adjusted_start=[6.005 4.799 1.175] adjusted_end=[6.005 4.449 1.025] iter=7610 occupied_rejects=991 pool_rejects=1130 elapsed_ms=8.08
[scan_planner_node-4] [ERROR] [1785998525.396930311] [bspline_opt]: [ReplanDiag] rebound A-star failed ret=2 segment=1/1 ids=[3,5] start=[6.003 4.803 1.151] end=[6.007 4.395 0.998]
[scan_planner_node-4] iter=5,time(ms)=8.17,rebound.
[scan_planner_node-4] [WARN] [1785998525.405637628] [path_searching]: [AStarDiag] result=OPEN_SET_EMPTY start=[6.003 4.802 1.151] end=[6.007 4.397 0.998] adjusted_start=[6.005 4.800 1.175] adjusted_end=[6.005 4.450 1.025] iter=7610 occupied_rejects=991 pool_rejects=1130 elapsed_ms=8.65
[scan_planner_node-4] [ERROR] [1785998525.405676656] [bspline_opt]: [ReplanDiag] rebound A-star failed ret=2 segment=1/1 ids=[3,5] start=[6.003 4.802 1.151] end=[6.007 4.397 0.998]
[scan_planner_node-4] iter=5,time(ms)=8.74,rebound.
[scan_planner_node-4] [WARN] [1785998525.414455522] [path_searching]: [AStarDiag] result=OPEN_SET_EMPTY start=[6.003 4.804 1.151] end=[6.007 4.399 0.998] adjusted_start=[6.005 4.801 1.175] adjusted_end=[6.005 4.451 1.025] iter=7624 occupied_rejects=1022 pool_rejects=1133 elapsed_ms=8.69
[scan_planner_node-4] [ERROR] [1785998525.414496842] [bspline_opt]: [ReplanDiag] init_control_points A-star failed ret=2 segment=1/1 ids=[3,5] start=[6.003 4.804 1.151] end=[6.007 4.399 0.998]
[scan_planner_node-4] [32miter(+1)=4,time(ms)=0.014,keep optimizing
[scan_planner_node-4] [WARN] [1785998525.423018720] [path_searching]: [AStarDiag] result=OPEN_SET_EMPTY start=[6.003 4.804 1.151] end=[6.007 4.399 0.998] adjusted_start=[6.005 4.801 1.175] adjusted_end=[6.005 4.451 1.025] iter=7624 occupied_rejects=1022 pool_rejects=1133 elapsed_ms=8.44
[scan_planner_node-4] [ERROR] [1785998525.423054040] [bspline_opt]: [ReplanDiag] init_control_points A-star failed ret=2 segment=1/1 ids=[3,5] start=[6.003 4.804 1.151] end=[6.007 4.399 0.998]
[scan_planner_node-4] [0m[32miter(+1)=1,time(ms)=0.017,keep optimizing
[scan_planner_node-4] [WARN] [1785998525.431505905] [path_searching]: [AStarDiag] result=OPEN_SET_EMPTY start=[6.003 4.804 1.151] end=[6.007 4.399 0.998] adjusted_start=[6.005 4.801 1.175] adjusted_end=[6.005 4.451 1.025] iter=7624 occupied_rejects=1022 pool_rejects=1133 elapsed_ms=8.39
[scan_planner_node-4] [ERROR] [1785998525.431542053] [bspline_opt]: [ReplanDiag] init_control_points A-star failed ret=2 segment=1/1 ids=[3,5] start=[6.003 4.804 1.151] end=[6.007 4.399 0.998]
[scan_planner_node-4] [0m[32miter(+1)=1,time(ms)=0.013,keep optimizing
[scan_planner_node-4] [0mfirst_optimize_step_success=0
[scan_planner_node-4] final_plan_success=0
[scan_planner_node-4] 
[scan_planner_node-4] [rebo replan]: -------------------------------------767
[scan_planner_node-4] start: 6.01 5.08 1.32, -0.0124  -0.322  -0.135
[scan_planner_node-4] goal:  6   3 0.4, 0 0 0
[scan_planner_node-4] [32miter(+1)=1,time(ms)=0.017,total_t(ms)=0.018,cost=0.004
[scan_planner_node-4] [0mfirst_optimize_step_success=1
[scan_planner_node-4] total time:[42m0.000341[0m,optimize:0.000258,refine:8.24e-05
[scan_planner_node-4] final_plan_success=1
[scan_planner_node-4] [SAFETY]: from EXEC_TRAJ to EXEC_TRAJ
[closed_loop_controller-6] [INFO] [1785998525.432233518] [closed_loop_controller]: Received trajectory 420, duration 4.480s
[scan_planner_node-4] 
[scan_planner_node-4] [rebo replan]: -------------------------------------768
[scan_planner_node-4] start:    6 5.07 1.32, -0.0114  -0.321  -0.139
[scan_planner_node-4] goal:  6   3 0.4, 0 0 0
[scan_planner_node-4] [WARN] [1785998525.466454643] [path_searching]: [AStarDiag] result=OPEN_SET_EMPTY start=[6.004 4.785 1.149] end=[6.007 4.338 0.996] adjusted_start=[6.005 4.761 1.172] adjusted_end=[6.005 4.411 1.022] iter=7651 occupied_rejects=1013 pool_rejects=1130 elapsed_ms=8.64
[scan_planner_node-4] [ERROR] [1785998525.466501886] [bspline_opt]: [ReplanDiag] rebound A-star failed ret=2 segment=1/1 ids=[3,5] start=[6.004 4.785 1.149] end=[6.007 4.338 0.996]
[scan_planner_node-4] iter=8,time(ms)=8.77,rebound.
[scan_planner_node-4] [WARN] [1785998525.474987101] [path_searching]: [AStarDiag] result=OPEN_SET_EMPTY start=[6.004 4.788 1.149] end=[6.007 4.339 0.996] adjusted_start=[6.005 4.764 1.172] adjusted_end=[6.005 4.414 1.022] iter=7651 occupied_rejects=1013 pool_rejects=1130 elapsed_ms=8.40
[scan_planner_node-4] [ERROR] [1785998525.475022312] [bspline_opt]: [ReplanDiag] rebound A-star failed ret=2 segment=1/1 ids=[3,5] start=[6.004 4.788 1.149] end=[6.007 4.339 0.996]
[scan_planner_node-4] iter=5,time(ms)=8.49,rebound.
[scan_planner_node-4] [WARN] [1785998525.483432901] [path_searching]: [AStarDiag] result=OPEN_SET_EMPTY start=[6.004 4.782 1.149] end=[6.007 4.359 0.996] adjusted_start=[6.005 4.771 1.172] adjusted_end=[6.005 4.421 1.022] iter=7643 occupied_rejects=1074 pool_rejects=1130 elapsed_ms=8.35
[scan_planner_node-4] [ERROR] [1785998525.483474607] [bspline_opt]: [ReplanDiag] rebound A-star failed ret=2 segment=1/1 ids=[3,5] start=[6.004 4.782 1.149] end=[6.007 4.359 0.996]
[scan_planner_node-4] iter=5,time(ms)=8.45,rebound.
[scan_planner_node-4] [WARN] [1785998525.491714736] [path_searching]: [AStarDiag] result=OPEN_SET_EMPTY start=[6.004 4.790 1.149] end=[6.007 4.355 0.996] adjusted_start=[6.005 4.772 1.172] adjusted_end=[6.005 4.422 1.022] iter=7643 occupied_rejects=1074 pool_rejects=1130 elapsed_ms=8.17
[scan_planner_node-4] [ERROR] [1785998525.491739608] [bspline_opt]: [ReplanDiag] rebound A-star failed ret=2 segment=1/1 ids=[3,5] start=[6.004 4.790 1.149] end=[6.007 4.355 0.996]
[scan_planner_node-4] iter=5,time(ms)=8.26,rebound.
[scan_planner_node-4] [WARN] [1785998525.500089091] [path_searching]: [AStarDiag] result=OPEN_SET_EMPTY start=[6.004 4.787 1.149] end=[6.007 4.367 0.996] adjusted_start=[6.005 4.777 1.172] adjusted_end=[6.005 4.427 1.022] iter=7639 occupied_rejects=1103 pool_rejects=1127 elapsed_ms=8.28
[scan_planner_node-4] [ERROR] [1785998525.500126007] [bspline_opt]: [ReplanDiag] rebound A-star failed ret=2 segment=1/1 ids=[3,5] start=[6.004 4.787 1.149] end=[6.007 4.367 0.996]
[scan_planner_node-4] iter=5,time(ms)=8.37,rebound.
[scan_planner_node-4] [WARN] [1785998525.508555461] [path_searching]: [AStarDiag] result=OPEN_SET_EMPTY start=[6.003 4.790 1.149] end=[6.007 4.366 0.996] adjusted_start=[6.005 4.778 1.172] adjusted_end=[6.005 4.428 1.022] iter=7607 occupied_rejects=1010 pool_rejects=1130 elapsed_ms=8.36
[scan_planner_node-4] [ERROR] [1785998525.508587151] [bspline_opt]: [ReplanDiag] rebound A-star failed ret=2 segment=1/1 ids=[3,5] start=[6.003 4.790 1.149] end=[6.007 4.366 0.996]
[scan_planner_node-4] iter=5,time(ms)=8.45,rebound.
[scan_planner_node-4] [WARN] [1785998525.516977885] [path_searching]: [AStarDiag] result=OPEN_SET_EMPTY start=[6.003 4.791 1.149] end=[6.007 4.374 0.996] adjusted_start=[6.005 4.782 1.172] adjusted_end=[6.005 4.432 1.022] iter=7607 occupied_rejects=977 pool_rejects=1130 elapsed_ms=8.33
[scan_planner_node-4] [ERROR] [1785998525.517013318] [bspline_opt]: [ReplanDiag] rebound A-star failed ret=2 segment=1/1 ids=[3,5] start=[6.003 4.791 1.149] end=[6.007 4.374 0.996]
[scan_planner_node-4] iter=5,time(ms)=8.42,rebound.
[scan_planner_node-4] [WARN] [1785998525.525499415] [path_searching]: [AStarDiag] result=OPEN_SET_EMPTY start=[6.003 4.790 1.149] end=[6.007 4.374 0.996] adjusted_start=[6.005 4.782 1.172] adjusted_end=[6.005 4.432 1.022] iter=7607 occupied_rejects=977 pool_rejects=1130 elapsed_ms=8.42
[scan_planner_node-4] [ERROR] [1785998525.525535464] [bspline_opt]: [ReplanDiag] rebound A-star failed ret=2 segment=1/1 ids=[3,5] start=[6.003 4.790 1.149] end=[6.007 4.374 0.996]
[scan_planner_node-4] iter=5,time(ms)=8.51,rebound.
[scan_planner_node-4] [WARN] [1785998525.533814433] [path_searching]: [AStarDiag] result=OPEN_SET_EMPTY start=[6.003 4.792 1.149] end=[6.007 4.380 0.996] adjusted_start=[6.005 4.786 1.172] adjusted_end=[6.005 4.436 1.022] iter=7607 occupied_rejects=977 pool_rejects=1130 elapsed_ms=8.22
[scan_planner_node-4] [ERROR] [1785998525.533849372] [bspline_opt]: [ReplanDiag] rebound A-star failed ret=2 segment=1/1 ids=[3,5] start=[6.003 4.792 1.149] end=[6.007 4.380 0.996]
[scan_planner_node-4] iter=5,time(ms)=8.31,rebound.
[scan_planner_node-4] [WARN] [1785998525.542255967] [path_searching]: [AStarDiag] result=OPEN_SET_EMPTY start=[6.003 4.791 1.149] end=[6.007 4.380 0.996] adjusted_start=[6.005 4.786 1.172] adjusted_end=[6.005 4.436 1.022] iter=7607 occupied_rejects=977 pool_rejects=1130 elapsed_ms=8.32
[scan_planner_node-4] [ERROR] [1785998525.542295651] [bspline_opt]: [ReplanDiag] rebound A-star failed ret=2 segment=1/1 ids=[3,5] start=[6.003 4.791 1.149] end=[6.007 4.380 0.996]
[scan_planner_node-4] iter=5,time(ms)=8.42,rebound.
[scan_planner_node-4] [WARN] [1785998525.550297626] [path_searching]: [AStarDiag] result=OPEN_SET_EMPTY start=[6.003 4.794 1.149] end=[6.007 4.386 0.996] adjusted_start=[6.005 4.790 1.172] adjusted_end=[6.005 4.440 1.022] iter=7607 occupied_rejects=977 pool_rejects=1130 elapsed_ms=7.93
[scan_planner_node-4] [ERROR] [1785998525.550338924] [bspline_opt]: [ReplanDiag] rebound A-star failed ret=2 segment=1/1 ids=[3,5] start=[6.003 4.794 1.149] end=[6.007 4.386 0.996]
[scan_planner_node-4] iter=5,time(ms)=8.03,rebound.
[scan_planner_node-4] [WARN] [1785998525.558227424] [path_searching]: [AStarDiag] result=OPEN_SET_EMPTY start=[6.003 4.793 1.149] end=[6.007 4.386 0.996] adjusted_start=[6.005 4.789 1.172] adjusted_end=[6.005 4.439 1.022] iter=7607 occupied_rejects=977 pool_rejects=1130 elapsed_ms=7.82
[scan_planner_node-4] [ERROR] [1785998525.558254691] [bspline_opt]: [ReplanDiag] rebound A-star failed ret=2 segment=1/1 ids=[3,5] start=[6.003 4.793 1.149] end=[6.007 4.386 0.996]
[scan_planner_node-4] iter=5,time(ms)=7.89,rebound.
[scan_planner_node-4] [WARN] [1785998525.566239993] [path_searching]: [AStarDiag] result=OPEN_SET_EMPTY start=[6.003 4.795 1.149] end=[6.007 4.391 0.996] adjusted_start=[6.005 4.793 1.172] adjusted_end=[6.005 4.443 1.022] iter=7607 occupied_rejects=977 pool_rejects=1130 elapsed_ms=7.93
[scan_planner_node-4] [ERROR] [1785998525.566279978] [bspline_opt]: [ReplanDiag] rebound A-star failed ret=2 segment=1/1 ids=[3,5] start=[6.003 4.795 1.149] end=[6.007 4.391 0.996]
[scan_planner_node-4] iter=5,time(ms)=8.03,rebound.
[scan_planner_node-4] [WARN] [1785998525.574132784] [path_searching]: [AStarDiag] result=OPEN_SET_EMPTY start=[6.003 4.794 1.149] end=[6.007 4.391 0.996] adjusted_start=[6.005 4.793 1.172] adjusted_end=[6.005 4.443 1.022] iter=7607 occupied_rejects=977 pool_rejects=1130 elapsed_ms=7.78
[scan_planner_node-4] [ERROR] [1785998525.574159928] [bspline_opt]: [ReplanDiag] rebound A-star failed ret=2 segment=1/1 ids=[3,5] start=[6.003 4.794 1.149] end=[6.007 4.391 0.996]
[scan_planner_node-4] iter=5,time(ms)=7.86,rebound.
[scan_planner_node-4] [WARN] [1785998525.582111375] [path_searching]: [AStarDiag] result=OPEN_SET_EMPTY start=[6.003 4.795 1.149] end=[6.007 4.391 0.996] adjusted_start=[6.005 4.793 1.172] adjusted_end=[6.005 4.443 1.022] iter=7607 occupied_rejects=977 pool_rejects=1130 elapsed_ms=7.87
[scan_planner_node-4] [ERROR] [1785998525.582144878] [bspline_opt]: [ReplanDiag] init_control_points A-star failed ret=2 segment=1/1 ids=[3,5] start=[6.003 4.795 1.149] end=[6.007 4.391 0.996]
[scan_planner_node-4] [32miter(+1)=3,time(ms)=0.013,keep optimizing
[scan_planner_node-4] [WARN] [1785998525.590170687] [path_searching]: [AStarDiag] result=OPEN_SET_EMPTY start=[6.003 4.795 1.149] end=[6.007 4.391 0.996] adjusted_start=[6.005 4.793 1.172] adjusted_end=[6.005 4.443 1.022] iter=7607 occupied_rejects=977 pool_rejects=1130 elapsed_ms=7.96
[scan_planner_node-4] [ERROR] [1785998525.590205265] [bspline_opt]: [ReplanDiag] init_control_points A-star failed ret=2 segment=1/1 ids=[3,5] start=[6.003 4.795 1.149] end=[6.007 4.391 0.996]
[scan_planner_node-4] [0m[32miter(+1)=1,time(ms)=0.013,keep optimizing
[scan_planner_node-4] [WARN] [1785998525.598179602] [path_searching]: [AStarDiag] result=OPEN_SET_EMPTY start=[6.003 4.795 1.149] end=[6.007 4.391 0.996] adjusted_start=[6.005 4.793 1.172] adjusted_end=[6.005 4.443 1.022] iter=7607 occupied_rejects=977 pool_rejects=1130 elapsed_ms=7.91
[scan_planner_node-4] [ERROR] [1785998525.598213239] [bspline_opt]: [ReplanDiag] init_control_points A-star failed ret=2 segment=1/1 ids=[3,5] start=[6.003 4.795 1.149] end=[6.007 4.391 0.996]
[scan_planner_node-4] [0m[32miter(+1)=1,time(ms)=0.012,keep optimizing
[scan_planner_node-4] [0mfirst_optimize_step_success=0
[scan_planner_node-4] final_plan_success=0
[scan_planner_node-4] 
[scan_planner_node-4] [rebo replan]: -------------------------------------769
[scan_planner_node-4] start:    6 5.07 1.32, -0.0114  -0.321  -0.139
[scan_planner_node-4] goal:  6   3 0.4, 0 0 0
[scan_planner_node-4] [32miter(+1)=1,time(ms)=0.010,keep optimizing
[scan_planner_node-4] [0m[32miter(+1)=1,time(ms)=0.005,keep optimizing
[scan_planner_node-4] [0m[32miter(+1)=1,time(ms)=0.005,keep optimizing
[scan_planner_node-4] [0mfirst_optimize_step_success=0
[scan_planner_node-4] final_plan_success=0
[scan_planner_node-4] 
[scan_planner_node-4] [rebo replan]: -------------------------------------770
[scan_planner_node-4] start:    6 5.07 1.32, -0.0114  -0.321  -0.139
[scan_planner_node-4] goal:  6   3 0.4, 0 0 0
[scan_planner_node-4] [32miter(+1)=7,time(ms)=0.024,total_t(ms)=0.024,cost=0.022
[scan_planner_node-4] [0mfirst_optimize_step_success=1
[scan_planner_node-4] total time:[42m0.000219[0m,optimize:0.000184,refine:3.58e-05
[scan_planner_node-4] final_plan_success=1
[scan_planner_node-4] [SAFETY]: from EXEC_TRAJ to EXEC_TRAJ
[closed_loop_controller-6] [INFO] [1785998525.598839240] [closed_loop_controller]: Received trajectory 421, duration 4.480s
[scan_planner_node-4] [FSM]: state: EXEC_TRAJ
[scan_planner_node-4] [INFO] [1785998527.314511792] [scan_planner_node]: [GridMapDiag] cloud=32768 accepted=23069 invalid=9699 below_sensor=0 outside_update=0 sensor_z=1.319 cutoff_z=2.319
[scan_planner_node-4] [FSM]: from EXEC_TRAJ to REPLAN_TRAJ
[scan_planner_node-4] 
[scan_planner_node-4] [rebo replan]: -------------------------------------771
[scan_planner_node-4] start:  6.47  4.26 0.956,  0.255 -0.663 -0.277
[scan_planner_node-4] goal:  6   3 0.4, 0 0 0
[scan_planner_node-4] [32miter(+1)=27,time(ms)=0.078,total_t(ms)=0.079,cost=0.161
[scan_planner_node-4] [0mfirst_optimize_step_success=1
[scan_planner_node-4] Need to reallocate time.
[scan_planner_node-4] total time:[42m0.00026[0m,optimize:0.000155,refine:0.000105
[scan_planner_node-4] final_plan_success=1
[scan_planner_node-4] [FSM]: from REPLAN_TRAJ to EXEC_TRAJ
[closed_loop_controller-6] [INFO] [1785998527.393556922] [closed_loop_controller]: Received trajectory 422, duration 3.297s
[scan_planner_node-4] [FSM]: state: EXEC_TRAJ
[scan_planner_node-4] [FSM]: state: EXEC_TRAJ
[scan_planner_node-4] [FSM]: from EXEC_TRAJ to REPLAN_TRAJ
[scan_planner_node-4] 
[scan_planner_node-4] [rebo replan]: -------------------------------------772
[scan_planner_node-4] start:  6.31  3.32 0.672, -0.306 -0.401 -0.148
[scan_planner_node-4] goal:  6   3 0.4, 0 0 0
[scan_planner_node-4] [32miter(+1)=11,time(ms)=0.022,total_t(ms)=0.022,cost=0.026
[scan_planner_node-4] [0mfirst_optimize_step_success=1
[scan_planner_node-4] total time:[42m8.63e-05[0m,optimize:7.09e-05,refine:1.54e-05
[scan_planner_node-4] final_plan_success=1
[scan_planner_node-4] [FSM]: from REPLAN_TRAJ to EXEC_TRAJ
[closed_loop_controller-6] [INFO] [1785998529.023377200] [closed_loop_controller]: Received trajectory 423, duration 1.920s
[scan_planner_node-4] [INFO] [1785998529.321118976] [scan_planner_node]: [GridMapDiag] cloud=32768 accepted=27229 invalid=5539 below_sensor=0 outside_update=0 sensor_z=0.798 cutoff_z=1.798
[terrain_path_visualizer-10] [INFO] [1785998529.437321550] [terrain_path_segmenter]: Visualization advanced to segment 3/3
[scan_planner_node-4] [TRIG]: from EXEC_TRAJ to REPLAN_TRAJ
[scan_planner_node-4] [INFO] [1785998530.286165958] [scan_planner_node]: Reference path accepted
[scan_planner_node-4] 
[scan_planner_node-4] [rebo replan]: -------------------------------------773
[scan_planner_node-4] start:  6.04  3.03 0.479,  -0.102 -0.0906   -0.14
[scan_planner_node-4] goal:    6 -0.65   0.4, -1.25e-05     -0.75         0
[scan_planner_node-4] [32miter(+1)=24,time(ms)=0.131,total_t(ms)=0.131,cost=0.135
[scan_planner_node-4] [0mfirst_optimize_step_success=1
[scan_planner_node-4] Need to reallocate time.
[scan_planner_node-4] total time:[42m0.000671[0m,optimize:0.000303,refine:0.000368
[scan_planner_node-4] final_plan_success=1
[scan_planner_node-4] [FSM]: from REPLAN_TRAJ to EXEC_TRAJ
[closed_loop_controller-6] [INFO] [1785998530.287214536] [closed_loop_controller]: Received trajectory 424, duration 8.975s
[scan_planner_node-4] [FSM]: state: EXEC_TRAJ
[scan_planner_node-4] [INFO] [1785998531.434129522] [scan_planner_node]: [GridMapDiag] cloud=32768 accepted=27687 invalid=5081 below_sensor=0 outside_update=0 sensor_z=0.701 cutoff_z=1.701
[scan_planner_node-4] [FSM]: state: EXEC_TRAJ
[scan_planner_node-4] [FSM]: state: EXEC_TRAJ
[scan_planner_node-4] [INFO] [1785998533.530125384] [scan_planner_node]: [GridMapDiag] cloud=32768 accepted=27272 invalid=5496 below_sensor=0 outside_update=0 sensor_z=0.700 cutoff_z=1.700
[scan_planner_node-4] [FSM]: state: EXEC_TRAJ
[scan_planner_node-4] [FSM]: from EXEC_TRAJ to REPLAN_TRAJ
[scan_planner_node-4] 
[scan_planner_node-4] [rebo replan]: -------------------------------------774
[scan_planner_node-4] start:  6.05  2.03 0.462, 0.00113  -0.532 -0.0099
[scan_planner_node-4] goal:   6 -1.7  0.4, 0.000305    -0.75        0
[scan_planner_node-4] [32miter(+1)=6,time(ms)=0.019,total_t(ms)=0.020,cost=0.004
[scan_planner_node-4] [0mfirst_optimize_step_success=1
[scan_planner_node-4] total time:[42m0.000174[0m,optimize:0.00013,refine:4.4e-05
[scan_planner_node-4] final_plan_success=1
[scan_planner_node-4] [FSM]: from REPLAN_TRAJ to EXEC_TRAJ
[closed_loop_controller-6] [INFO] [1785998535.013499720] [closed_loop_controller]: Received trajectory 425, duration 5.760s
[scan_planner_node-4] [FSM]: state: EXEC_TRAJ
[scan_planner_node-4] [INFO] [1785998535.531611868] [scan_planner_node]: [GridMapDiag] cloud=32768 accepted=26089 invalid=6679 below_sensor=0 outside_update=0 sensor_z=0.700 cutoff_z=1.700
[scan_planner_node-4] [FSM]: from EXEC_TRAJ to REPLAN_TRAJ
[scan_planner_node-4] 
[scan_planner_node-4] [rebo replan]: -------------------------------------775
[scan_planner_node-4] start:  6.03  1.01 0.445, -0.0183  -0.621 -0.0103
[scan_planner_node-4] goal:    6 -2.58   0.4, -0.0381  -0.712       0
[scan_planner_node-4] [32miter(+1)=6,time(ms)=0.019,total_t(ms)=0.019,cost=0.003
[scan_planner_node-4] [0mfirst_optimize_step_success=1
[scan_planner_node-4] total time:[42m0.000163[0m,optimize:0.000127,refine:3.64e-05
[scan_planner_node-4] final_plan_success=1
[scan_planner_node-4] [FSM]: from REPLAN_TRAJ to EXEC_TRAJ
[closed_loop_controller-6] [INFO] [1785998536.643465519] [closed_loop_controller]: Received trajectory 426, duration 5.760s
[scan_planner_node-4] [FSM]: state: EXEC_TRAJ
[scan_planner_node-4] [INFO] [1785998537.533149753] [scan_planner_node]: [GridMapDiag] cloud=32768 accepted=25415 invalid=7353 below_sensor=0 outside_update=0 sensor_z=0.700 cutoff_z=1.700
[scan_planner_node-4] [FSM]: state: EXEC_TRAJ
[scan_planner_node-4] [FSM]: from EXEC_TRAJ to REPLAN_TRAJ
[scan_planner_node-4] 
[scan_planner_node-4] [rebo replan]: -------------------------------------776
[scan_planner_node-4] start:        6 -0.00358    0.432, -0.00719   -0.625 -0.00784
[scan_planner_node-4] goal:5.37   -3  0.4, -0.75 0.016     0
[scan_planner_node-4] [32miter(+1)=11,time(ms)=0.055,total_t(ms)=0.055,cost=0.007
[scan_planner_node-4] [0mfirst_optimize_step_success=1
[scan_planner_node-4] total time:[42m0.000254[0m,optimize:0.000209,refine:4.43e-05
[scan_planner_node-4] final_plan_success=1
[scan_planner_node-4] [FSM]: from REPLAN_TRAJ to EXEC_TRAJ
[closed_loop_controller-6] [INFO] [1785998538.263840771] [closed_loop_controller]: Received trajectory 427, duration 5.760s
[scan_planner_node-4] [FSM]: state: EXEC_TRAJ
[scan_planner_node-4] [INFO] [1785998539.738837788] [scan_planner_node]: [GridMapDiag] cloud=32768 accepted=24737 invalid=8031 below_sensor=0 outside_update=0 sensor_z=0.700 cutoff_z=1.700
[scan_planner_node-4] [FSM]: from EXEC_TRAJ to REPLAN_TRAJ
[scan_planner_node-4] 
[scan_planner_node-4] [rebo replan]: -------------------------------------777
[scan_planner_node-4] start:     6 -1.04 0.423, -0.00299   -0.623 -0.00567
[scan_planner_node-4] goal:4.33   -3  0.4,     -0.75 -3.27e-05         0
[scan_planner_node-4] [32miter(+1)=13,time(ms)=0.050,total_t(ms)=0.051,cost=0.012
[scan_planner_node-4] [0mfirst_optimize_step_success=1
[scan_planner_node-4] total time:[42m0.000237[0m,optimize:0.000199,refine:3.77e-05
[scan_planner_node-4] final_plan_success=1
[scan_planner_node-4] [FSM]: from REPLAN_TRAJ to EXEC_TRAJ
[closed_loop_controller-6] [INFO] [1785998539.918105554] [closed_loop_controller]: Received trajectory 428, duration 5.760s
[scan_planner_node-4] [FSM]: state: EXEC_TRAJ
[scan_planner_node-4] [FSM]: from EXEC_TRAJ to REPLAN_TRAJ
[scan_planner_node-4] 
[scan_planner_node-4] [rebo replan]: -------------------------------------778
[scan_planner_node-4] start:  6.01 -2.05 0.416,  0.0494  -0.636 -0.0041
[scan_planner_node-4] goal:3.27   -3  0.4,    -0.75 -1.8e-06        0
[scan_planner_node-4] [32miter(+1)=12,time(ms)=0.068,total_t(ms)=0.068,cost=0.010
[scan_planner_node-4] [0mfirst_optimize_step_success=1
[scan_planner_node-4] total time:[42m0.000292[0m,optimize:0.000245,refine:4.7e-05
[scan_planner_node-4] final_plan_success=1
[scan_planner_node-4] [FSM]: from REPLAN_TRAJ to EXEC_TRAJ
[closed_loop_controller-6] [INFO] [1785998541.537831711] [closed_loop_controller]: Received trajectory 429, duration 5.760s
[scan_planner_node-4] [INFO] [1785998541.836271718] [scan_planner_node]: [GridMapDiag] cloud=32768 accepted=24422 invalid=8346 below_sensor=0 outside_update=0 sensor_z=0.700 cutoff_z=1.700
[scan_planner_node-4] [FSM]: state: EXEC_TRAJ
[scan_planner_node-4] [FSM]: state: EXEC_TRAJ
[scan_planner_node-4] [FSM]: from EXEC_TRAJ to REPLAN_TRAJ
[scan_planner_node-4] 
[scan_planner_node-4] [rebo replan]: -------------------------------------779
[scan_planner_node-4] start:  5.62 -2.98 0.411,   -0.591   -0.154 -0.00286
[scan_planner_node-4] goal:2.05   -3  0.4,     -0.75 -1.48e-08         0
[scan_planner_node-4] [32miter(+1)=9,time(ms)=0.026,total_t(ms)=0.027,cost=0.005
[scan_planner_node-4] [0mfirst_optimize_step_success=1
[scan_planner_node-4] total time:[42m0.000182[0m,optimize:0.000146,refine:3.54e-05
[scan_planner_node-4] final_plan_success=1
[scan_planner_node-4] [FSM]: from REPLAN_TRAJ to EXEC_TRAJ
[closed_loop_controller-6] [INFO] [1785998543.715975601] [closed_loop_controller]: Received trajectory 430, duration 5.760s
[scan_planner_node-4] [INFO] [1785998543.840618560] [scan_planner_node]: [GridMapDiag] cloud=32768 accepted=24067 invalid=8701 below_sensor=0 outside_update=0 sensor_z=0.700 cutoff_z=1.700
[scan_planner_node-4] [FSM]: state: EXEC_TRAJ
[scan_planner_node-4] [FSM]: from EXEC_TRAJ to REPLAN_TRAJ
[scan_planner_node-4] 
[scan_planner_node-4] [rebo replan]: -------------------------------------780
[scan_planner_node-4] start:  4.61 -2.99 0.408,   -0.624 -0.00695  -0.0019
[scan_planner_node-4] goal:1.18   -3  0.4,     -0.75 -3.38e-10         0
[scan_planner_node-4] [32miter(+1)=4,time(ms)=0.023,total_t(ms)=0.023,cost=0.002
[scan_planner_node-4] [0mfirst_optimize_step_success=1
[scan_planner_node-4] total time:[42m0.000213[0m,optimize:0.000164,refine:4.85e-05
[scan_planner_node-4] final_plan_success=1
[scan_planner_node-4] [FSM]: from REPLAN_TRAJ to EXEC_TRAJ
[closed_loop_controller-6] [INFO] [1785998545.333570248] [closed_loop_controller]: Received trajectory 431, duration 5.440s
[scan_planner_node-4] [INFO] [1785998545.935780814] [scan_planner_node]: [GridMapDiag] cloud=32768 accepted=23874 invalid=8894 below_sensor=0 outside_update=0 sensor_z=0.700 cutoff_z=1.700
[scan_planner_node-4] [FSM]: state: EXEC_TRAJ
[scan_planner_node-4] [FSM]: from EXEC_TRAJ to REPLAN_TRAJ
[scan_planner_node-4] 
[scan_planner_node-4] [rebo replan]: -------------------------------------781
[scan_planner_node-4] start:   3.6    -3 0.405,    -0.625 -0.000188  -0.00141
[scan_planner_node-4] goal:-0.05    -3   0.4,    -0.75 2.02e-12        0
[scan_planner_node-4] [32miter(+1)=14,time(ms)=0.081,total_t(ms)=0.081,cost=0.004
[scan_planner_node-4] [0mfirst_optimize_step_success=1
[scan_planner_node-4] total time:[42m0.000349[0m,optimize:0.000281,refine:6.78e-05
[scan_planner_node-4] final_plan_success=1
[scan_planner_node-4] [FSM]: from REPLAN_TRAJ to EXEC_TRAJ
[closed_loop_controller-6] [INFO] [1785998546.953893328] [closed_loop_controller]: Received trajectory 432, duration 6.080s
[scan_planner_node-4] [FSM]: state: EXEC_TRAJ
[scan_planner_node-4] [INFO] [1785998548.030471928] [scan_planner_node]: [GridMapDiag] cloud=32768 accepted=24775 invalid=7993 below_sensor=0 outside_update=0 sensor_z=0.700 cutoff_z=1.700
[scan_planner_node-4] [FSM]: from EXEC_TRAJ to REPLAN_TRAJ
[scan_planner_node-4] 
[scan_planner_node-4] [rebo replan]: -------------------------------------782
[scan_planner_node-4] start:  2.59    -3 0.404,    -0.621    0.0002 -0.000942
[scan_planner_node-4] goal:-1.1   -3  0.4,    -0.75 -7.9e-11        0
[scan_planner_node-4] [32miter(+1)=14,time(ms)=0.052,total_t(ms)=0.052,cost=0.004
[scan_planner_node-4] [0mfirst_optimize_step_success=1
[scan_planner_node-4] total time:[42m0.000224[0m,optimize:0.000183,refine:4.11e-05
[scan_planner_node-4] final_plan_success=1
[scan_planner_node-4] [FSM]: from REPLAN_TRAJ to EXEC_TRAJ
[closed_loop_controller-6] [INFO] [1785998548.573636594] [closed_loop_controller]: Received trajectory 433, duration 6.080s
[scan_planner_node-4] [FSM]: state: EXEC_TRAJ
[scan_planner_node-4] [INFO] [1785998550.130333761] [scan_planner_node]: [GridMapDiag] cloud=32768 accepted=25247 invalid=7521 below_sensor=0 outside_update=0 sensor_z=0.700 cutoff_z=1.700
[scan_planner_node-4] [FSM]: state: EXEC_TRAJ
[scan_planner_node-4] [FSM]: from EXEC_TRAJ to REPLAN_TRAJ
[scan_planner_node-4] 
[scan_planner_node-4] [rebo replan]: -------------------------------------783
[scan_planner_node-4] start:  1.56    -3 0.403,    -0.623 -8.58e-05 -0.000672
[scan_planner_node-4] goal:-1.98    -3   0.4,    -0.75 9.83e-09        0
[scan_planner_node-4] [32miter(+1)=13,time(ms)=0.069,total_t(ms)=0.069,cost=0.003
[scan_planner_node-4] [0mfirst_optimize_step_success=1
[scan_planner_node-4] total time:[42m0.000311[0m,optimize:0.000275,refine:3.55e-05
[scan_planner_node-4] final_plan_success=1
[scan_planner_node-4] [FSM]: from REPLAN_TRAJ to EXEC_TRAJ
[closed_loop_controller-6] [INFO] [1785998550.213827180] [closed_loop_controller]: Received trajectory 434, duration 5.760s
[scan_planner_node-4] [FSM]: state: EXEC_TRAJ
[scan_planner_node-4] [FSM]: from EXEC_TRAJ to REPLAN_TRAJ
[scan_planner_node-4] 
[scan_planner_node-4] [rebo replan]: -------------------------------------784
[scan_planner_node-4] start: 0.554    -3 0.402,    -0.624 -1.57e-05 -0.000506
[scan_planner_node-4] goal:-3.03    -3   0.4,     -0.75 -1.03e-06         0
[scan_planner_node-4] [32miter(+1)=9,time(ms)=0.069,total_t(ms)=0.069,cost=0.003
[scan_planner_node-4] [0mfirst_optimize_step_success=1
[scan_planner_node-4] total time:[42m0.000267[0m,optimize:0.000212,refine:5.54e-05
[scan_planner_node-4] final_plan_success=1
[scan_planner_node-4] [FSM]: from REPLAN_TRAJ to EXEC_TRAJ
[closed_loop_controller-6] [INFO] [1785998551.833618847] [closed_loop_controller]: Received trajectory 435, duration 5.760s
[scan_planner_node-4] [INFO] [1785998552.130444014] [scan_planner_node]: [GridMapDiag] cloud=32768 accepted=25171 invalid=7597 below_sensor=0 outside_update=0 sensor_z=0.700 cutoff_z=1.700
[scan_planner_node-4] [FSM]: state: EXEC_TRAJ
[scan_planner_node-4] [FSM]: from EXEC_TRAJ to REPLAN_TRAJ
[scan_planner_node-4] 
[scan_planner_node-4] [rebo replan]: -------------------------------------785
[scan_planner_node-4] start: -0.458     -3  0.401,    -0.625  1.15e-06 -0.000358
[scan_planner_node-4] goal:-3.9   -3  0.4,     -0.75 -1.05e-05         0
[scan_planner_node-4] [32miter(+1)=4,time(ms)=0.022,total_t(ms)=0.023,cost=0.002
[scan_planner_node-4] [0mfirst_optimize_step_success=1
[scan_planner_node-4] total time:[42m0.000247[0m,optimize:0.000192,refine:5.49e-05
[scan_planner_node-4] final_plan_success=1
[scan_planner_node-4] [FSM]: from REPLAN_TRAJ to EXEC_TRAJ
[closed_loop_controller-6] [INFO] [1785998553.453725078] [closed_loop_controller]: Received trajectory 436, duration 5.440s
[scan_planner_node-4] [FSM]: state: EXEC_TRAJ
[scan_planner_node-4] [INFO] [1785998554.133307718] [scan_planner_node]: [GridMapDiag] cloud=32768 accepted=25116 invalid=7652 below_sensor=0 outside_update=0 sensor_z=0.700 cutoff_z=1.700
[scan_planner_node-4] [FSM]: from EXEC_TRAJ to REPLAN_TRAJ
[scan_planner_node-4] [FSM]: state: REPLAN_TRAJ
[scan_planner_node-4] 
[scan_planner_node-4] [rebo replan]: -------------------------------------786
[scan_planner_node-4] start: -1.46    -3 0.401,    -0.625 -1.03e-06 -0.000267
[scan_planner_node-4] goal:-5.13    -3   0.4,   -0.749 0.000951        0
[scan_planner_node-4] [32miter(+1)=13,time(ms)=0.053,total_t(ms)=0.053,cost=0.005
[scan_planner_node-4] [0mfirst_optimize_step_success=1
[scan_planner_node-4] total time:[42m0.000261[0m,optimize:0.000192,refine:6.94e-05
[scan_planner_node-4] final_plan_success=1
[closed_loop_controller-6] [INFO] [1785998555.063646347] [closed_loop_controller]: Received trajectory 437, duration 6.080s
[scan_planner_node-4] [FSM]: from REPLAN_TRAJ to EXEC_TRAJ
[scan_planner_node-4] [INFO] [1785998556.232047954] [scan_planner_node]: [GridMapDiag] cloud=32768 accepted=24716 invalid=8052 below_sensor=0 outside_update=0 sensor_z=0.700 cutoff_z=1.700
[scan_planner_node-4] [FSM]: state: EXEC_TRAJ
[scan_planner_node-4] [FSM]: from EXEC_TRAJ to REPLAN_TRAJ
[scan_planner_node-4] 
[scan_planner_node-4] [rebo replan]: -------------------------------------787
[scan_planner_node-4] start: -2.47    -3 0.401,    -0.622  3.58e-05 -0.000178
[scan_planner_node-4] goal: -6  -3 0.4, -0.375  0.375      0
[scan_planner_node-4] [32miter(+1)=20,time(ms)=0.069,total_t(ms)=0.069,cost=0.012
[scan_planner_node-4] [0mfirst_optimize_step_success=1
[scan_planner_node-4] total time:[42m0.000217[0m,optimize:0.000181,refine:3.58e-05
[scan_planner_node-4] final_plan_success=1
[scan_planner_node-4] [FSM]: from REPLAN_TRAJ to EXEC_TRAJ
[closed_loop_controller-6] [INFO] [1785998556.673591262] [closed_loop_controller]: Received trajectory 438, duration 5.760s
[scan_planner_node-4] [FSM]: state: EXEC_TRAJ
[scan_planner_node-4] [INFO] [1785998558.232319239] [scan_planner_node]: [GridMapDiag] cloud=32768 accepted=24203 invalid=8565 below_sensor=0 outside_update=0 sensor_z=0.700 cutoff_z=1.700
[scan_planner_node-4] [FSM]: from EXEC_TRAJ to REPLAN_TRAJ
[scan_planner_node-4] 
[scan_planner_node-4] [rebo replan]: -------------------------------------788
[scan_planner_node-4] start:  -3.5 -2.99 0.401,   -0.622  -0.0171 -0.00013
[scan_planner_node-4] goal:   -6 -1.95   0.4, 0.00171    0.75       0
[scan_planner_node-4] [32miter(+1)=17,time(ms)=0.058,total_t(ms)=0.058,cost=0.006
[scan_planner_node-4] [0mfirst_optimize_step_success=1
[scan_planner_node-4] total time:[42m0.000202[0m,optimize:0.000167,refine:3.51e-05
[scan_planner_node-4] final_plan_success=1
[scan_planner_node-4] [FSM]: from REPLAN_TRAJ to EXEC_TRAJ
[closed_loop_controller-6] [INFO] [1785998558.323647083] [closed_loop_controller]: Received trajectory 439, duration 5.760s
[scan_planner_node-4] [FSM]: state: EXEC_TRAJ
[scan_planner_node-4] [FSM]: from EXEC_TRAJ to REPLAN_TRAJ
[scan_planner_node-4] 
[scan_planner_node-4] [rebo replan]: -------------------------------------789
[scan_planner_node-4] start:  -4.5 -2.98   0.4,    -0.606   -0.0186 -9.17e-05
[scan_planner_node-4] goal:   -6 -1.07   0.4, -5.23e-05      0.75         0
[scan_planner_node-4] [32miter(+1)=10,time(ms)=0.034,total_t(ms)=0.034,cost=0.008
[scan_planner_node-4] [0mfirst_optimize_step_success=1
[scan_planner_node-4] total time:[42m0.000171[0m,optimize:0.000137,refine:3.4e-05
[scan_planner_node-4] final_plan_success=1
[scan_planner_node-4] [FSM]: from REPLAN_TRAJ to EXEC_TRAJ
[closed_loop_controller-6] [INFO] [1785998559.923494235] [closed_loop_controller]: Received trajectory 440, duration 5.440s
[scan_planner_node-4] [INFO] [1785998560.233567882] [scan_planner_node]: [GridMapDiag] cloud=32768 accepted=23940 invalid=8828 below_sensor=0 outside_update=0 sensor_z=0.700 cutoff_z=1.700
[scan_planner_node-4] [FSM]: state: EXEC_TRAJ
[scan_planner_node-4] [FSM]: from EXEC_TRAJ to REPLAN_TRAJ
[scan_planner_node-4] 
[scan_planner_node-4] [rebo replan]: -------------------------------------790
[scan_planner_node-4] start: -5.49 -3.19   0.4,    -0.641  -0.00399 -7.08e-05
[scan_planner_node-4] goal:  -6 0.15  0.4, -4.3e-07     0.75        0
[scan_planner_node-4] [32miter(+1)=8,time(ms)=0.028,total_t(ms)=0.028,cost=0.008
[scan_planner_node-4] [0mfirst_optimize_step_success=1
[scan_planner_node-4] total time:[42m0.000185[0m,optimize:0.000145,refine:3.99e-05
[scan_planner_node-4] final_plan_success=1
[scan_planner_node-4] [FSM]: from REPLAN_TRAJ to EXEC_TRAJ
[closed_loop_controller-6] [INFO] [1785998561.523551612] [closed_loop_controller]: Received trajectory 441, duration 5.760s
[scan_planner_node-4] [FSM]: state: EXEC_TRAJ
[scan_planner_node-4] [INFO] [1785998562.234018497] [scan_planner_node]: [GridMapDiag] cloud=32768 accepted=24132 invalid=8636 below_sensor=0 outside_update=0 sensor_z=0.700 cutoff_z=1.700
[scan_planner_node-4] [FSM]: state: EXEC_TRAJ
[scan_planner_node-4] [FSM]: from EXEC_TRAJ to REPLAN_TRAJ
[scan_planner_node-4] 
[scan_planner_node-4] [rebo replan]: -------------------------------------791
[scan_planner_node-4] start: -6.03 -2.34   0.4,    0.0596     0.636 -4.73e-05
[scan_planner_node-4] goal: -6   1 0.4, 0 0 0
[scan_planner_node-4] [32miter(+1)=29,time(ms)=0.136,total_t(ms)=0.136,cost=0.019
[scan_planner_node-4] [0mfirst_optimize_step_success=1
[scan_planner_node-4] total time:[42m0.00033[0m,optimize:0.00028,refine:5e-05
[scan_planner_node-4] final_plan_success=1
[scan_planner_node-4] [FSM]: from REPLAN_TRAJ to EXEC_TRAJ
[closed_loop_controller-6] [INFO] [1785998563.843699564] [closed_loop_controller]: Received trajectory 442, duration 5.440s
[scan_planner_node-4] [INFO] [1785998564.236353222] [scan_planner_node]: [GridMapDiag] cloud=32768 accepted=24522 invalid=8246 below_sensor=0 outside_update=0 sensor_z=0.700 cutoff_z=1.700
[scan_planner_node-4] [FSM]: state: EXEC_TRAJ
[scan_planner_node-4] [FSM]: from EXEC_TRAJ to REPLAN_TRAJ
[scan_planner_node-4] 
[scan_planner_node-4] [rebo replan]: -------------------------------------792
[scan_planner_node-4] start: -5.99 -1.31   0.4,   -0.0239     0.606 -3.55e-05
[scan_planner_node-4] goal: -6   1 0.4, 0 0 0
[scan_planner_node-4] [32miter(+1)=28,time(ms)=0.097,total_t(ms)=0.098,cost=0.012
[scan_planner_node-4] [0mfirst_optimize_step_success=1
[scan_planner_node-4] total time:[42m0.000273[0m,optimize:0.000229,refine:4.45e-05
[scan_planner_node-4] final_plan_success=1
[closed_loop_controller-6] [INFO] [1785998565.515777439] [closed_loop_controller]: Received trajectory 443, duration 3.840s
[scan_planner_node-4] [FSM]: from REPLAN_TRAJ to EXEC_TRAJ
[scan_planner_node-4] [FSM]: state: EXEC_TRAJ
[scan_planner_node-4] [INFO] [1785998566.330916117] [scan_planner_node]: [GridMapDiag] cloud=32768 accepted=25379 invalid=7389 below_sensor=0 outside_update=0 sensor_z=0.700 cutoff_z=1.700
[scan_planner_node-4] [FSM]: from EXEC_TRAJ to REPLAN_TRAJ
[scan_planner_node-4] 
[scan_planner_node-4] [rebo replan]: -------------------------------------793
[scan_planner_node-4] start:    -6 -0.29   0.4,   0.00787     0.769 -3.52e-05
[scan_planner_node-4] goal: -6   1 0.4, 0 0 0
[scan_planner_node-4] [32miter(+1)=14,time(ms)=0.026,total_t(ms)=0.027,cost=0.050
[scan_planner_node-4] [0mfirst_optimize_step_success=1
[scan_planner_node-4] Need to reallocate time.
[scan_planner_node-4] total time:[42m0.000128[0m,optimize:7.33e-05,refine:5.45e-05
[scan_planner_node-4] final_plan_success=1
[scan_planner_node-4] [FSM]: from REPLAN_TRAJ to EXEC_TRAJ
[closed_loop_controller-6] [INFO] [1785998566.913477287] [closed_loop_controller]: Received trajectory 444, duration 2.583s
[scan_planner_node-4] [FSM]: state: EXEC_TRAJ
[scan_planner_node-4] [FSM]: from EXEC_TRAJ to REPLAN_TRAJ
[scan_planner_node-4] 
[scan_planner_node-4] [rebo replan]: -------------------------------------794
[scan_planner_node-4] start:    -6 0.705   0.4,   -0.0016     0.547 -2.93e-05
[scan_planner_node-4] goal: -6   1 0.4, 0 0 0
[scan_planner_node-4] [32miter(+1)=14,time(ms)=0.024,total_t(ms)=0.024,cost=0.001
[scan_planner_node-4] [0mfirst_optimize_step_success=1
[scan_planner_node-4] total time:[42m8.28e-05[0m,optimize:6.29e-05,refine:1.99e-05
[scan_planner_node-4] final_plan_success=1
[scan_planner_node-4] [FSM]: from REPLAN_TRAJ to EXEC_TRAJ
[closed_loop_controller-6] [INFO] [1785998568.313415755] [closed_loop_controller]: Received trajectory 445, duration 2.240s
[scan_planner_node-4] [INFO] [1785998568.330032226] [scan_planner_node]: [GridMapDiag] cloud=32768 accepted=26697 invalid=6071 below_sensor=0 outside_update=0 sensor_z=0.700 cutoff_z=1.700
[scan_planner_node-4] [FSM]: state: EXEC_TRAJ
[loop_path_publisher.py-9] [INFO] [1785998569.022741372] [loop_path_publisher]: Published shuttle route with 31 dense points, run 21
[terrain_path_visualizer-10] [INFO] [1785998569.025888222] [terrain_path_segmenter]: Segmented 31 path points into 2 sections
[scan_planner_node-4] [TRIG]: from EXEC_TRAJ to REPLAN_TRAJ
[scan_planner_node-4] [INFO] [1785998569.068144590] [scan_planner_node]: Reference path accepted
[scan_planner_node-4] 
[scan_planner_node-4] [rebo replan]: -------------------------------------795
[scan_planner_node-4] start:    -6 0.936   0.4, -0.000687     0.181  -1.5e-05
[scan_planner_node-4] goal:  -6 4.53 1.28, 0 0 0
[scan_planner_node-4] [32miter(+1)=33,time(ms)=0.198,total_t(ms)=0.199,cost=0.012
[scan_planner_node-4] [0mfirst_optimize_step_success=1
[scan_planner_node-4] total time:[42m0.000413[0m,optimize:0.000368,refine:4.49e-05
[scan_planner_node-4] final_plan_success=1
[scan_planner_node-4] [FSM]: from REPLAN_TRAJ to EXEC_TRAJ
[closed_loop_controller-6] [INFO] [1785998569.068789458] [closed_loop_controller]: Received trajectory 446, duration 6.400s
[scan_planner_node-4] [FSM]: state: EXEC_TRAJ
[scan_planner_node-4] [INFO] [1785998570.332319219] [scan_planner_node]: [GridMapDiag] cloud=32768 accepted=26979 invalid=5789 below_sensor=0 outside_update=0 sensor_z=0.765 cutoff_z=1.765
[scan_planner_node-4] [FSM]: state: EXEC_TRAJ
[scan_planner_node-4] [FSM]: from EXEC_TRAJ to REPLAN_TRAJ
[scan_planner_node-4] 
[scan_planner_node-4] [rebo replan]: -------------------------------------796
[scan_planner_node-4] start:    -6  1.93 0.586, 3.08e-05    0.754    0.194
[scan_planner_node-4] goal: -6   5 1.4, 0 0 0
[scan_planner_node-4] [32miter(+1)=25,time(ms)=0.072,total_t(ms)=0.072,cost=0.106
[scan_planner_node-4] [0mfirst_optimize_step_success=1
[scan_planner_node-4] Need to reallocate time.
[scan_planner_node-4] total time:[42m0.000301[0m,optimize:0.000166,refine:0.000136
[scan_planner_node-4] final_plan_success=1
[scan_planner_node-4] [FSM]: from REPLAN_TRAJ to EXEC_TRAJ
[closed_loop_controller-6] [INFO] [1785998571.273629460] [closed_loop_controller]: Received trajectory 447, duration 6.607s
[scan_planner_node-4] [FSM]: state: EXEC_TRAJ
[scan_planner_node-4] [INFO] [1785998572.430715766] [scan_planner_node]: [GridMapDiag] cloud=32768 accepted=25837 invalid=6931 below_sensor=0 outside_update=0 sensor_z=1.110 cutoff_z=2.110
[scan_planner_node-4] [FSM]: state: EXEC_TRAJ
[scan_planner_node-4] [FSM]: from EXEC_TRAJ to REPLAN_TRAJ
[scan_planner_node-4] 
[scan_planner_node-4] [rebo replan]: -------------------------------------797
[scan_planner_node-4] start:    -6  2.89 0.829, -0.00016    0.328    0.115
[scan_planner_node-4] goal: -6   5 1.4, 0 0 0
[scan_planner_node-4] [32miter(+1)=23,time(ms)=0.074,total_t(ms)=0.075,cost=0.124
[scan_planner_node-4] [0mfirst_optimize_step_success=1
[scan_planner_node-4] Need to reallocate time.
[scan_planner_node-4] total time:[42m0.000301[0m,optimize:0.000162,refine:0.000139
[scan_planner_node-4] final_plan_success=1
[closed_loop_controller-6] [INFO] [1785998573.153683466] [closed_loop_controller]: Received trajectory 448, duration 4.357s
[scan_planner_node-4] [FSM]: from REPLAN_TRAJ to EXEC_TRAJ
[scan_planner_node-4] [FSM]: state: EXEC_TRAJ
[scan_planner_node-4] [INFO] [1785998574.431999784] [scan_planner_node]: [GridMapDiag] cloud=32768 accepted=21732 invalid=11036 below_sensor=0 outside_update=0 sensor_z=1.320 cutoff_z=2.320
[scan_planner_node-4] [FSM]: state: EXEC_TRAJ
[scan_planner_node-4] [FSM]: from EXEC_TRAJ to REPLAN_TRAJ
[scan_planner_node-4] 
[scan_planner_node-4] [rebo replan]: -------------------------------------798
[scan_planner_node-4] start:   -6  3.9 1.08, -4.41e-05     0.703      0.12
[scan_planner_node-4] goal: -6   5 1.4, 0 0 0
[scan_planner_node-4] [32miter(+1)=11,time(ms)=0.018,total_t(ms)=0.019,cost=0.133
[scan_planner_node-4] [0mfirst_optimize_step_success=1
[scan_planner_node-4] Need to reallocate time.
[scan_planner_node-4] total time:[42m0.000112[0m,optimize:6.35e-05,refine:4.84e-05
[scan_planner_node-4] final_plan_success=1
[scan_planner_node-4] [FSM]: from REPLAN_TRAJ to EXEC_TRAJ
[closed_loop_controller-6] [INFO] [1785998575.053439146] [closed_loop_controller]: Received trajectory 449, duration 2.227s
[scan_planner_node-4] [FSM]: state: EXEC_TRAJ
[terrain_path_visualizer-10] [INFO] [1785998576.287606488] [terrain_path_segmenter]: Visualization advanced to segment 2/2
[scan_planner_node-4] [TRIG]: from EXEC_TRAJ to REPLAN_TRAJ
[scan_planner_node-4] [INFO] [1785998576.290096262] [scan_planner_node]: Reference path accepted
[scan_planner_node-4] 
[scan_planner_node-4] [rebo replan]: -------------------------------------799
[scan_planner_node-4] start:   -6 4.75 1.27, -5.75e-05      0.52     0.104
[scan_planner_node-4] goal: -6   7 1.4, 0 0 0
[scan_planner_node-4] [32miter(+1)=4,time(ms)=0.018,total_t(ms)=0.019,cost=0.030
[scan_planner_node-4] [0mfirst_optimize_step_success=1
[scan_planner_node-4] total time:[42m0.000157[0m,optimize:0.000124,refine:3.28e-05
[scan_planner_node-4] final_plan_success=1
[scan_planner_node-4] [FSM]: from REPLAN_TRAJ to EXEC_TRAJ
[closed_loop_controller-6] [INFO] [1785998576.293490690] [closed_loop_controller]: Received trajectory 450, duration 4.480s
[scan_planner_node-4] [INFO] [1785998576.431619090] [scan_planner_node]: [GridMapDiag] cloud=32768 accepted=16215 invalid=16553 below_sensor=0 outside_update=0 sensor_z=1.655 cutoff_z=2.655
[scan_planner_node-4] [FSM]: state: EXEC_TRAJ
[scan_planner_node-4] [FSM]: state: EXEC_TRAJ
[scan_planner_node-4] [FSM]: from EXEC_TRAJ to REPLAN_TRAJ
[scan_planner_node-4] 
[scan_planner_node-4] [rebo replan]: -------------------------------------800
[scan_planner_node-4] start:   -6 5.76 1.33, 3.04e-06    0.765   0.0443
[scan_planner_node-4] goal: -6   7 1.4, 0 0 0
[scan_planner_node-4] [32miter(+1)=13,time(ms)=0.029,total_t(ms)=0.029,cost=0.041
[scan_planner_node-4] [0mfirst_optimize_step_success=1
[scan_planner_node-4] Need to reallocate time.
[scan_planner_node-4] total time:[42m0.000161[0m,optimize:9.69e-05,refine:6.37e-05
[scan_planner_node-4] final_plan_success=1
[scan_planner_node-4] [FSM]: from REPLAN_TRAJ to EXEC_TRAJ
[closed_loop_controller-6] [INFO] [1785998578.163492732] [closed_loop_controller]: Received trajectory 451, duration 2.534s
[scan_planner_node-4] [INFO] [1785998578.433013297] [scan_planner_node]: [GridMapDiag] cloud=32768 accepted=15407 invalid=17361 below_sensor=0 outside_update=0 sensor_z=1.700 cutoff_z=2.700
[scan_planner_node-4] [FSM]: state: EXEC_TRAJ
[scan_planner_node-4] [FSM]: from EXEC_TRAJ to REPLAN_TRAJ
[scan_planner_node-4] 
[scan_planner_node-4] [rebo replan]: -------------------------------------801
[scan_planner_node-4] start:   -6 6.75 1.37, 9.35e-06    0.517   0.0274
[scan_planner_node-4] goal: -6   7 1.4, 0 0 0
[scan_planner_node-4] [32miter(+1)=11,time(ms)=0.035,total_t(ms)=0.035,cost=0.002
[scan_planner_node-4] [0mfirst_optimize_step_success=1
[scan_planner_node-4] total time:[42m0.000116[0m,optimize:9.08e-05,refine:2.49e-05
[scan_planner_node-4] final_plan_success=1
[scan_planner_node-4] [FSM]: from REPLAN_TRAJ to EXEC_TRAJ
[closed_loop_controller-6] [INFO] [1785998579.573436814] [closed_loop_controller]: Received trajectory 452, duration 2.240s
[loop_path_publisher.py-9] [INFO] [1785998580.235053996] [loop_path_publisher]: Published shuttle route with 193 dense points, run 22
[terrain_path_visualizer-10] [INFO] [1785998580.245343175] [terrain_path_segmenter]: Segmented 193 path points into 3 sections
[scan_planner_node-4] [TRIG]: from EXEC_TRAJ to REPLAN_TRAJ
[scan_planner_node-4] [INFO] [1785998580.621213640] [scan_planner_node]: Reference path accepted
[scan_planner_node-4] 
[scan_planner_node-4] [rebo replan]: -------------------------------------802
[scan_planner_node-4] start:   -6 6.99 1.39, -1.22e-05     0.055    0.0143
[scan_planner_node-4] goal:-2.35     7   1.4,      0.75 -1.31e-16         0
[scan_planner_node-4] [32miter(+1)=6,time(ms)=0.041,total_t(ms)=0.042,cost=0.033
[scan_planner_node-4] [0mfirst_optimize_step_success=1
[scan_planner_node-4] total time:[42m0.000306[0m,optimize:0.000235,refine:7.1e-05
[scan_planner_node-4] final_plan_success=1
[closed_loop_controller-6] [INFO] [1785998580.621845676] [closed_loop_controller]: Received trajectory 453, duration 6.080s
[scan_planner_node-4] [FSM]: from REPLAN_TRAJ to EXEC_TRAJ
[scan_planner_node-4] [INFO] [1785998580.649518572] [scan_planner_node]: [GridMapDiag] cloud=32768 accepted=15364 invalid=17404 below_sensor=0 outside_update=0 sensor_z=1.700 cutoff_z=2.700
[scan_planner_node-4] [FSM]: state: EXEC_TRAJ
[scan_planner_node-4] [FSM]: state: EXEC_TRAJ
[scan_planner_node-4] [INFO] [1785998582.748521898] [scan_planner_node]: [GridMapDiag] cloud=32768 accepted=15244 invalid=17524 below_sensor=0 outside_update=0 sensor_z=1.700 cutoff_z=2.700
[scan_planner_node-4] [FSM]: state: EXEC_TRAJ
[scan_planner_node-4] [FSM]: state: EXEC_TRAJ
[scan_planner_node-4] [INFO] [1785998584.842554801] [scan_planner_node]: [GridMapDiag] cloud=32768 accepted=15749 invalid=17019 below_sensor=0 outside_update=0 sensor_z=1.700 cutoff_z=2.700
[scan_planner_node-4] [FSM]: state: EXEC_TRAJ
[scan_planner_node-4] [FSM]: from EXEC_TRAJ to REPLAN_TRAJ
[scan_planner_node-4] 
[scan_planner_node-4] [rebo replan]: -------------------------------------803
[scan_planner_node-4] start: -4.99  6.93  1.39,   0.775  0.0132 0.00278
[scan_planner_node-4] goal:-1.47     7   1.4,     0.75 7.97e-16        0
[scan_planner_node-4] [32miter(+1)=7,time(ms)=0.022,total_t(ms)=0.022,cost=0.009
[scan_planner_node-4] [0mfirst_optimize_step_success=1
[scan_planner_node-4] total time:[42m0.000154[0m,optimize:0.000122,refine:3.17e-05
[scan_planner_node-4] final_plan_success=1
[scan_planner_node-4] [FSM]: from REPLAN_TRAJ to EXEC_TRAJ
[closed_loop_controller-6] [INFO] [1785998585.473453471] [closed_loop_controller]: Received trajectory 454, duration 5.440s
[scan_planner_node-4] [FSM]: state: EXEC_TRAJ
[scan_planner_node-4] [INFO] [1785998586.846983176] [scan_planner_node]: [GridMapDiag] cloud=32768 accepted=27784 invalid=4984 below_sensor=0 outside_update=0 sensor_z=0.700 cutoff_z=1.700
[scan_planner_node-4] [FSM]: from EXEC_TRAJ to REPLAN_TRAJ
[scan_planner_node-4] 
[scan_planner_node-4] [rebo replan]: -------------------------------------804
[scan_planner_node-4] start:   -4 6.96 1.39,  0.637 0.0282 0.0017
[scan_planner_node-4] goal:-0.25     7   1.4,     0.75 5.24e-13        0
[scan_planner_node-4] [32miter(+1)=7,time(ms)=0.024,total_t(ms)=0.024,cost=0.006
[scan_planner_node-4] [0mfirst_optimize_step_success=1
[scan_planner_node-4] total time:[42m0.000181[0m,optimize:0.000142,refine:3.89e-05
[scan_planner_node-4] final_plan_success=1
[scan_planner_node-4] [FSM]: from REPLAN_TRAJ to EXEC_TRAJ
[closed_loop_controller-6] [INFO] [1785998587.073515953] [closed_loop_controller]: Received trajectory 455, duration 6.080s
[scan_planner_node-4] [FSM]: state: EXEC_TRAJ
[scan_planner_node-4] [FSM]: state: EXEC_TRAJ
[scan_planner_node-4] [FSM]: from EXEC_TRAJ to REPLAN_TRAJ
[scan_planner_node-4] 
[scan_planner_node-4] [rebo replan]: -------------------------------------805
[scan_planner_node-4] start: -2.99     7   1.4,   0.627 0.00973 0.00113
[scan_planner_node-4] goal:0.625     7   1.4,    0.75 4.2e-11       0
[scan_planner_node-4] [32miter(+1)=4,time(ms)=0.015,total_t(ms)=0.015,cost=0.005
[scan_planner_node-4] [0mfirst_optimize_step_success=1
[scan_planner_node-4] total time:[42m0.000168[0m,optimize:0.000134,refine:3.37e-05
[scan_planner_node-4] final_plan_success=1
[scan_planner_node-4] [FSM]: from REPLAN_TRAJ to EXEC_TRAJ
[closed_loop_controller-6] [INFO] [1785998588.692141549] [closed_loop_controller]: Received trajectory 456, duration 5.760s
[scan_planner_node-4] [INFO] [1785998588.846325449] [scan_planner_node]: [GridMapDiag] cloud=32768 accepted=19926 invalid=12842 below_sensor=0 outside_update=0 sensor_z=1.700 cutoff_z=2.700
[scan_planner_node-4] [FSM]: state: EXEC_TRAJ
[scan_planner_node-4] [FSM]: from EXEC_TRAJ to REPLAN_TRAJ
[scan_planner_node-4] 
[scan_planner_node-4] [rebo replan]: -------------------------------------806
[scan_planner_node-4] start: -1.98     7   1.4,    0.625  0.00112 0.000858
[scan_planner_node-4] goal:1.5   7 1.4,     0.75 4.26e-10        0
[scan_planner_node-4] [32miter(+1)=9,time(ms)=0.025,total_t(ms)=0.025,cost=0.008
[scan_planner_node-4] [0mfirst_optimize_step_success=1
[scan_planner_node-4] total time:[42m0.000166[0m,optimize:0.000133,refine:3.29e-05
[scan_planner_node-4] final_plan_success=1
[scan_planner_node-4] [FSM]: from REPLAN_TRAJ to EXEC_TRAJ
[closed_loop_controller-6] [INFO] [1785998590.293477159] [closed_loop_controller]: Received trajectory 457, duration 5.760s
[scan_planner_node-4] [FSM]: state: EXEC_TRAJ
[scan_planner_node-4] [INFO] [1785998590.851211559] [scan_planner_node]: [GridMapDiag] cloud=32768 accepted=20814 invalid=11954 below_sensor=0 outside_update=0 sensor_z=1.700 cutoff_z=2.700
[scan_planner_node-4] [FSM]: state: EXEC_TRAJ
[scan_planner_node-4] [FSM]: from EXEC_TRAJ to REPLAN_TRAJ
[scan_planner_node-4] 
[scan_planner_node-4] [rebo replan]: -------------------------------------807
[scan_planner_node-4] start: -0.972      7    1.4,     0.626 -6.17e-05  0.000641
[scan_planner_node-4] goal:2.73    7  1.4,      0.75 -3.86e-08         0
[scan_planner_node-4] [32miter(+1)=5,time(ms)=0.027,total_t(ms)=0.027,cost=0.001
[scan_planner_node-4] [0mfirst_optimize_step_success=1
[scan_planner_node-4] total time:[42m0.00026[0m,optimize:0.000202,refine:5.78e-05
[scan_planner_node-4] final_plan_success=1
[scan_planner_node-4] [FSM]: from REPLAN_TRAJ to EXEC_TRAJ
[closed_loop_controller-6] [INFO] [1785998591.913652076] [closed_loop_controller]: Received trajectory 458, duration 5.760s
[scan_planner_node-4] [FSM]: state: EXEC_TRAJ
[scan_planner_node-4] [INFO] [1785998592.851273075] [scan_planner_node]: [GridMapDiag] cloud=32768 accepted=20992 invalid=11776 below_sensor=0 outside_update=0 sensor_z=1.700 cutoff_z=2.700
[scan_planner_node-4] [FSM]: from EXEC_TRAJ to REPLAN_TRAJ
[scan_planner_node-4] 
[scan_planner_node-4] [rebo replan]: -------------------------------------808
[scan_planner_node-4] start: 0.0346      7    1.4,     0.625 -1.02e-05  0.000431
[scan_planner_node-4] goal:3.6   7 1.4,      0.75 -1.13e-05         0
[scan_planner_node-4] [32miter(+1)=6,time(ms)=0.020,total_t(ms)=0.020,cost=0.006
[scan_planner_node-4] [0mfirst_optimize_step_success=1
[scan_planner_node-4] total time:[42m0.000167[0m,optimize:0.000132,refine:3.51e-05
[scan_planner_node-4] final_plan_success=1
[scan_planner_node-4] [FSM]: from REPLAN_TRAJ to EXEC_TRAJ
[closed_loop_controller-6] [INFO] [1785998593.523564669] [closed_loop_controller]: Received trajectory 459, duration 5.760s
[scan_planner_node-4] [FSM]: state: EXEC_TRAJ
[scan_planner_node-4] [FSM]: state: EXEC_TRAJ
[scan_planner_node-4] [INFO] [1785998594.944784076] [scan_planner_node]: [GridMapDiag] cloud=32768 accepted=20955 invalid=11813 below_sensor=0 outside_update=0 sensor_z=1.700 cutoff_z=2.700
[scan_planner_node-4] [FSM]: from EXEC_TRAJ to REPLAN_TRAJ
[scan_planner_node-4] 
[scan_planner_node-4] [rebo replan]: -------------------------------------809
[scan_planner_node-4] start: 1.05    7  1.4,     0.625 -7.67e-07  0.000324
[scan_planner_node-4] goal:4.65    7  1.4,     0.75 0.000845        0
[scan_planner_node-4] [32miter(+1)=5,time(ms)=0.019,total_t(ms)=0.019,cost=0.005
[scan_planner_node-4] [0mfirst_optimize_step_success=1
[scan_planner_node-4] total time:[42m0.000167[0m,optimize:0.000133,refine:3.48e-05
[scan_planner_node-4] final_plan_success=1
[scan_planner_node-4] [FSM]: from REPLAN_TRAJ to EXEC_TRAJ
[closed_loop_controller-6] [INFO] [1785998595.143601618] [closed_loop_controller]: Received trajectory 460, duration 5.760s
[scan_planner_node-4] [FSM]: state: EXEC_TRAJ
[scan_planner_node-4] [FSM]: state: EXEC_TRAJ
[scan_planner_node-4] [FSM]: from EXEC_TRAJ to REPLAN_TRAJ
[scan_planner_node-4] 
[scan_planner_node-4] [rebo replan]: -------------------------------------810
[scan_planner_node-4] start: 2.05    7  1.4,     0.625 -2.84e-07   0.00023
[scan_planner_node-4] goal:5.53    7  1.4,   0.745 -0.0051       0
[scan_planner_node-4] [32miter(+1)=9,time(ms)=0.042,total_t(ms)=0.043,cost=0.008
[scan_planner_node-4] [0mfirst_optimize_step_success=1
[scan_planner_node-4] total time:[42m0.000267[0m,optimize:0.000212,refine:5.54e-05
[scan_planner_node-4] final_plan_success=1
[scan_planner_node-4] [FSM]: from REPLAN_TRAJ to EXEC_TRAJ
[closed_loop_controller-6] [INFO] [1785998596.753713879] [closed_loop_controller]: Received trajectory 461, duration 5.760s
[scan_planner_node-4] [INFO] [1785998596.944509839] [scan_planner_node]: [GridMapDiag] cloud=32768 accepted=20620 invalid=12148 below_sensor=0 outside_update=0 sensor_z=1.700 cutoff_z=2.700
[scan_planner_node-4] [FSM]: state: EXEC_TRAJ
[scan_planner_node-4] [FSM]: from EXEC_TRAJ to REPLAN_TRAJ
[scan_planner_node-4] 
[scan_planner_node-4] [rebo replan]: -------------------------------------811
[scan_planner_node-4] start: 3.07    7  1.4,    0.625 0.000116 0.000171
[scan_planner_node-4] goal:   6 6.25  1.4, 0.0106 -0.739      0
[scan_planner_node-4] [32miter(+1)=13,time(ms)=0.042,total_t(ms)=0.043,cost=0.006
[scan_planner_node-4] [0mfirst_optimize_step_success=1
[scan_planner_node-4] total time:[42m0.000192[0m,optimize:0.000156,refine:3.59e-05
[scan_planner_node-4] final_plan_success=1
[scan_planner_node-4] [FSM]: from REPLAN_TRAJ to EXEC_TRAJ
[closed_loop_controller-6] [INFO] [1785998598.373623657] [closed_loop_controller]: Received trajectory 462, duration 5.760s
[scan_planner_node-4] [FSM]: state: EXEC_TRAJ
[scan_planner_node-4] [INFO] [1785998598.944808143] [scan_planner_node]: [GridMapDiag] cloud=32768 accepted=19319 invalid=13449 below_sensor=0 outside_update=0 sensor_z=1.700 cutoff_z=2.700
[scan_planner_node-4] [FSM]: state: EXEC_TRAJ
[scan_planner_node-4] [FSM]: from EXEC_TRAJ to REPLAN_TRAJ
[scan_planner_node-4] 
[scan_planner_node-4] [rebo replan]: -------------------------------------812
[scan_planner_node-4] start: 4.08    7  1.4,    0.624 0.000965 0.000117
[scan_planner_node-4] goal:  6 5.2 1.4, 0 0 0
[scan_planner_node-4] [32miter(+1)=30,time(ms)=0.112,total_t(ms)=0.112,cost=0.013
[scan_planner_node-4] [0mfirst_optimize_step_success=1
[scan_planner_node-4] total time:[42m0.000261[0m,optimize:0.000225,refine:3.6e-05
[scan_planner_node-4] final_plan_success=1
[scan_planner_node-4] [FSM]: from REPLAN_TRAJ to EXEC_TRAJ
[closed_loop_controller-6] [INFO] [1785998600.003608376] [closed_loop_controller]: Received trajectory 463, duration 5.760s
[scan_planner_node-4] [INFO] [1785998600.944983704] [scan_planner_node]: [GridMapDiag] cloud=32768 accepted=16895 invalid=15873 below_sensor=0 outside_update=0 sensor_z=1.700 cutoff_z=2.700
[scan_planner_node-4] [FSM]: state: EXEC_TRAJ
[scan_planner_node-4] [FSM]: from EXEC_TRAJ to REPLAN_TRAJ
[scan_planner_node-4] 
[scan_planner_node-4] [rebo replan]: -------------------------------------813
[scan_planner_node-4] start:  5.1 7.08  1.4,    0.658   0.0827 8.55e-05
[scan_planner_node-4] goal:  6   5 1.4, 0 0 0
[scan_planner_node-4] [32miter(+1)=28,time(ms)=0.083,total_t(ms)=0.083,cost=0.019
[scan_planner_node-4] [0mfirst_optimize_step_success=1
[scan_planner_node-4] total time:[42m0.00021[0m,optimize:0.000179,refine:3.13e-05
[scan_planner_node-4] final_plan_success=1
[scan_planner_node-4] [FSM]: from REPLAN_TRAJ to EXEC_TRAJ
[closed_loop_controller-6] [INFO] [1785998601.599325890] [closed_loop_controller]: Received trajectory 464, duration 4.480s
[scan_planner_node-4] [FSM]: state: EXEC_TRAJ
[scan_planner_node-4] [INFO] [1785998602.945843654] [scan_planner_node]: [GridMapDiag] cloud=32768 accepted=15406 invalid=17362 below_sensor=0 outside_update=0 sensor_z=1.700 cutoff_z=2.700
[scan_planner_node-4] [FSM]: state: EXEC_TRAJ
[scan_planner_node-4] [FSM]: from EXEC_TRAJ to REPLAN_TRAJ
[scan_planner_node-4] 
[scan_planner_node-4] [rebo replan]: -------------------------------------814
[scan_planner_node-4] start: 5.93 6.49  1.4,    0.205   -0.745 8.24e-05
[scan_planner_node-4] goal:  6   5 1.4, 0 0 0
[scan_planner_node-4] [32miter(+1)=15,time(ms)=0.030,total_t(ms)=0.030,cost=0.035
[scan_planner_node-4] [0mfirst_optimize_step_success=1
[scan_planner_node-4] Need to reallocate time.
[scan_planner_node-4] total time:[42m0.00016[0m,optimize:9.04e-05,refine:6.94e-05
[scan_planner_node-4] final_plan_success=1
[scan_planner_node-4] [FSM]: from REPLAN_TRAJ to EXEC_TRAJ
[closed_loop_controller-6] [INFO] [1785998603.498213866] [closed_loop_controller]: Received trajectory 465, duration 2.907s
[scan_planner_node-4] [FSM]: state: EXEC_TRAJ
[scan_planner_node-4] [FSM]: from EXEC_TRAJ to REPLAN_TRAJ
[scan_planner_node-4] 
[scan_planner_node-4] [rebo replan]: -------------------------------------815
[scan_planner_node-4] start: 6.02  5.5  1.4,   -0.013   -0.656 6.58e-05
[scan_planner_node-4] goal:  6   5 1.4, 0 0 0
[scan_planner_node-4] [32miter(+1)=9,time(ms)=0.023,total_t(ms)=0.023,cost=0.002
[scan_planner_node-4] [0mfirst_optimize_step_success=1
[scan_planner_node-4] total time:[42m9.76e-05[0m,optimize:7.47e-05,refine:2.29e-05
[scan_planner_node-4] final_plan_success=1
[scan_planner_node-4] [FSM]: from REPLAN_TRAJ to EXEC_TRAJ
[closed_loop_controller-6] [INFO] [1785998604.843454373] [closed_loop_controller]: Received trajectory 466, duration 1.920s
[scan_planner_node-4] [INFO] [1785998604.947418351] [scan_planner_node]: [GridMapDiag] cloud=32768 accepted=15269 invalid=17499 below_sensor=0 outside_update=0 sensor_z=1.700 cutoff_z=2.700
[terrain_path_visualizer-10] [INFO] [1785998605.297653949] [terrain_path_segmenter]: Visualization advanced to segment 2/3
[scan_planner_node-4] [TRIG]: from EXEC_TRAJ to REPLAN_TRAJ
[scan_planner_node-4] [INFO] [1785998605.302530394] [scan_planner_node]: Reference path accepted
[scan_planner_node-4] 
[scan_planner_node-4] [rebo replan]: -------------------------------------816
[scan_planner_node-4] start: 6.01 5.27  1.4,   -0.014    -0.45 4.87e-05
[scan_planner_node-4] goal:  6   3 0.4, 0 0 0
[scan_planner_node-4] [32miter(+1)=1,time(ms)=0.008,keep optimizing
[scan_planner_node-4] [0m[32miter(+1)=11,time(ms)=0.030,keep optimizing
[scan_planner_node-4] [0m[32miter(+1)=12,time(ms)=0.040,keep optimizing
[scan_planner_node-4] [0mfirst_optimize_step_success=0
[scan_planner_node-4] final_plan_success=0
[scan_planner_node-4] 
[scan_planner_node-4] [rebo replan]: -------------------------------------817
[scan_planner_node-4] start: 6.01 5.27  1.4,   -0.014    -0.45 4.87e-05
[scan_planner_node-4] goal:  6   3 0.4, 0 0 0
[scan_planner_node-4] [32miter(+1)=1,time(ms)=0.005,keep optimizing
[scan_planner_node-4] [0m[32miter(+1)=11,time(ms)=0.036,keep optimizing
[scan_planner_node-4] [0m[32miter(+1)=12,time(ms)=0.044,keep optimizing
[scan_planner_node-4] [0mfirst_optimize_step_success=0
[scan_planner_node-4] final_plan_success=0
[scan_planner_node-4] 
[scan_planner_node-4] [rebo replan]: -------------------------------------818
[scan_planner_node-4] start: 6.01 5.27  1.4,   -0.014    -0.45 4.87e-05
[scan_planner_node-4] goal:  6   3 0.4, 0 0 0
[scan_planner_node-4] [WARN] [1785998605.310731906] [path_searching]: [AStarDiag] result=OPEN_SET_EMPTY start=[6.021 4.771 1.177] end=[6.033 4.379 1.007] adjusted_start=[6.027 4.775 1.192] adjusted_end=[6.027 4.425 1.042] iter=7546 occupied_rejects=1139 pool_rejects=1130 elapsed_ms=6.78
[scan_planner_node-4] [ERROR] [1785998605.310760260] [bspline_opt]: [ReplanDiag] init_control_points A-star failed ret=2 segment=1/1 ids=[5,7] start=[6.021 4.771 1.177] end=[6.033 4.379 1.007]
[scan_planner_node-4] [WARN] [1785998605.318069027] [path_searching]: [AStarDiag] result=OPEN_SET_EMPTY start=[6.021 4.771 1.177] end=[6.033 4.379 1.007] adjusted_start=[6.027 4.775 1.192] adjusted_end=[6.027 4.425 1.042] iter=7546 occupied_rejects=1139 pool_rejects=1130 elapsed_ms=7.25
[scan_planner_node-4] [ERROR] [1785998605.318113557] [bspline_opt]: [ReplanDiag] init_control_points A-star failed ret=2 segment=1/1 ids=[5,7] start=[6.021 4.771 1.177] end=[6.033 4.379 1.007]
[scan_planner_node-4] [32miter(+1)=1,time(ms)=0.011,keep optimizing
[scan_planner_node-4] [WARN] [1785998605.325358074] [path_searching]: [AStarDiag] result=OPEN_SET_EMPTY start=[6.021 4.771 1.177] end=[6.033 4.379 1.007] adjusted_start=[6.027 4.775 1.192] adjusted_end=[6.027 4.425 1.042] iter=7546 occupied_rejects=1139 pool_rejects=1130 elapsed_ms=7.14
[scan_planner_node-4] [ERROR] [1785998605.325394382] [bspline_opt]: [ReplanDiag] init_control_points A-star failed ret=2 segment=1/1 ids=[5,7] start=[6.021 4.771 1.177] end=[6.033 4.379 1.007]
[scan_planner_node-4] [0m[32miter(+1)=1,time(ms)=0.024,keep optimizing
[scan_planner_node-4] [WARN] [1785998605.331740397] [path_searching]: [AStarDiag] result=OPEN_SET_EMPTY start=[6.021 4.771 1.177] end=[6.033 4.379 1.007] adjusted_start=[6.027 4.775 1.192] adjusted_end=[6.027 4.425 1.042] iter=7546 occupied_rejects=1139 pool_rejects=1130 elapsed_ms=6.27
[scan_planner_node-4] [ERROR] [1785998605.331771649] [bspline_opt]: [ReplanDiag] init_control_points A-star failed ret=2 segment=1/1 ids=[5,7] start=[6.021 4.771 1.177] end=[6.033 4.379 1.007]
[scan_planner_node-4] [0m[32miter(+1)=1,time(ms)=0.015,keep optimizing
[scan_planner_node-4] [0mfirst_optimize_step_success=0
[scan_planner_node-4] final_plan_success=0
[scan_planner_node-4] [FSM]: from REPLAN_TRAJ to REPLAN_TRAJ
[scan_planner_node-4] 
[scan_planner_node-4] [rebo replan]: -------------------------------------819
[scan_planner_node-4] start: 6.01 5.26  1.4,  -0.0133   -0.436 4.86e-05
[scan_planner_node-4] goal:  6   3 0.4, 0 0 0
[scan_planner_node-4] [WARN] [1785998605.340246620] [path_searching]: [AStarDiag] result=OPEN_SET_EMPTY start=[6.065 4.767 1.170] end=[6.048 4.397 1.001] adjusted_start=[6.056 4.782 1.185] adjusted_end=[6.056 4.432 1.035] iter=7635 occupied_rejects=999 pool_rejects=1130 elapsed_ms=8.05
[scan_planner_node-4] [ERROR] [1785998605.340279238] [bspline_opt]: [ReplanDiag] rebound A-star failed ret=2 segment=1/1 ids=[4,6] start=[6.065 4.767 1.170] end=[6.048 4.397 1.001]
[scan_planner_node-4] iter=18,time(ms)=8.2,rebound.
[scan_planner_node-4] [WARN] [1785998605.346990358] [path_searching]: [AStarDiag] result=OPEN_SET_EMPTY start=[6.064 4.773 1.170] end=[6.049 4.394 1.001] adjusted_start=[6.057 4.784 1.185] adjusted_end=[6.057 4.434 1.035] iter=7635 occupied_rejects=999 pool_rejects=1130 elapsed_ms=6.64
[scan_planner_node-4] [ERROR] [1785998605.347019227] [bspline_opt]: [ReplanDiag] rebound A-star failed ret=2 segment=1/1 ids=[4,6] start=[6.064 4.773 1.170] end=[6.049 4.394 1.001]
[scan_planner_node-4] iter=5,time(ms)=6.7,rebound.
[scan_planner_node-4] [WARN] [1785998605.353586107] [path_searching]: [AStarDiag] result=OPEN_SET_EMPTY start=[6.064 4.778 1.170] end=[6.051 4.389 1.001] adjusted_start=[6.057 4.783 1.185] adjusted_end=[6.057 4.433 1.035] iter=7635 occupied_rejects=999 pool_rejects=1130 elapsed_ms=6.51
[scan_planner_node-4] [ERROR] [1785998605.353617566] [bspline_opt]: [ReplanDiag] rebound A-star failed ret=2 segment=1/1 ids=[4,6] start=[6.064 4.778 1.170] end=[6.051 4.389 1.001]
[scan_planner_node-4] iter=5,time(ms)=6.6,rebound.
[scan_planner_node-4] [WARN] [1785998605.360136518] [path_searching]: [AStarDiag] result=OPEN_SET_EMPTY start=[6.064 4.778 1.170] end=[6.051 4.389 1.001] adjusted_start=[6.057 4.784 1.185] adjusted_end=[6.057 4.434 1.035] iter=7635 occupied_rejects=999 pool_rejects=1130 elapsed_ms=6.44
[scan_planner_node-4] [ERROR] [1785998605.360174128] [bspline_opt]: [ReplanDiag] init_control_points A-star failed ret=2 segment=1/1 ids=[4,6] start=[6.064 4.778 1.170] end=[6.051 4.389 1.001]
[scan_planner_node-4] [32miter(+1)=3,time(ms)=0.011,keep optimizing
[scan_planner_node-4] [WARN] [1785998605.367221808] [path_searching]: [AStarDiag] result=OPEN_SET_EMPTY start=[6.064 4.780 1.170] end=[6.051 4.389 1.001] adjusted_start=[6.058 4.784 1.185] adjusted_end=[6.058 4.434 1.035] iter=7635 occupied_rejects=999 pool_rejects=1130 elapsed_ms=6.97
[scan_planner_node-4] [ERROR] [1785998605.367258321] [bspline_opt]: [ReplanDiag] init_control_points A-star failed ret=2 segment=1/1 ids=[4,6] start=[6.064 4.780 1.170] end=[6.051 4.389 1.001]
[scan_planner_node-4] [0m[32miter(+1)=3,time(ms)=0.019,keep optimizing
[scan_planner_node-4] [WARN] [1785998605.373793519] [path_searching]: [AStarDiag] result=OPEN_SET_EMPTY start=[6.103 4.804 1.170] end=[6.068 4.376 1.001] adjusted_start=[6.086 4.790 1.185] adjusted_end=[6.086 4.440 1.035] iter=7638 occupied_rejects=969 pool_rejects=1130 elapsed_ms=6.47
[scan_planner_node-4] [ERROR] [1785998605.373817788] [bspline_opt]: [ReplanDiag] rebound A-star failed ret=2 segment=1/1 ids=[4,6] start=[6.103 4.804 1.170] end=[6.068 4.376 1.001]
[scan_planner_node-4] [0miter=5,time(ms)=6.5,rebound.
[scan_planner_node-4] [WARN] [1785998605.380045562] [path_searching]: [AStarDiag] result=OPEN_SET_EMPTY start=[6.102 4.804 1.170] end=[6.072 4.377 1.001] adjusted_start=[6.087 4.790 1.185] adjusted_end=[6.087 4.440 1.035] iter=7638 occupied_rejects=969 pool_rejects=1130 elapsed_ms=6.15
[scan_planner_node-4] [ERROR] [1785998605.380069631] [bspline_opt]: [ReplanDiag] init_control_points A-star failed ret=2 segment=1/1 ids=[4,6] start=[6.102 4.804 1.170] end=[6.072 4.377 1.001]
[scan_planner_node-4] [32miter(+1)=4,time(ms)=0.012,keep optimizing
[scan_planner_node-4] [0mfirst_optimize_step_success=0
[scan_planner_node-4] final_plan_success=0
[scan_planner_node-4] 
[scan_planner_node-4] [rebo replan]: -------------------------------------820
[scan_planner_node-4] start: 6.01 5.26  1.4,  -0.0133   -0.436 4.86e-05
[scan_planner_node-4] goal:  6   3 0.4, 0 0 0
[scan_planner_node-4] [WARN] [1785998605.387200407] [path_searching]: [AStarDiag] result=OPEN_SET_EMPTY start=[6.008 4.752 1.172] end=[6.007 4.342 0.993] adjusted_start=[6.008 4.747 1.182] adjusted_end=[6.008 4.397 1.032] iter=7676 occupied_rejects=968 pool_rejects=1130 elapsed_ms=6.98
[scan_planner_node-4] [ERROR] [1785998605.387236515] [bspline_opt]: [ReplanDiag] init_control_points A-star failed ret=2 segment=1/1 ids=[5,7] start=[6.008 4.752 1.172] end=[6.007 4.342 0.993]
[scan_planner_node-4] [WARN] [1785998605.393623566] [path_searching]: [AStarDiag] result=OPEN_SET_EMPTY start=[6.008 4.752 1.172] end=[6.007 4.340 0.993] adjusted_start=[6.008 4.746 1.182] adjusted_end=[6.008 4.396 1.032] iter=7676 occupied_rejects=968 pool_rejects=1130 elapsed_ms=6.31
[scan_planner_node-4] [ERROR] [1785998605.393647354] [bspline_opt]: [ReplanDiag] init_control_points A-star failed ret=2 segment=1/1 ids=[5,7] start=[6.008 4.752 1.172] end=[6.007 4.340 0.993]
[scan_planner_node-4] [32miter(+1)=6,time(ms)=0.024,keep optimizing
[scan_planner_node-4] [WARN] [1785998605.401395264] [path_searching]: [AStarDiag] result=OPEN_SET_EMPTY start=[6.008 4.752 1.172] end=[6.007 4.340 0.993] adjusted_start=[6.008 4.746 1.182] adjusted_end=[6.008 4.396 1.032] iter=7676 occupied_rejects=968 pool_rejects=1130 elapsed_ms=7.69
[scan_planner_node-4] [ERROR] [1785998605.401439274] [bspline_opt]: [ReplanDiag] init_control_points A-star failed ret=2 segment=1/1 ids=[5,7] start=[6.008 4.752 1.172] end=[6.007 4.340 0.993]
[scan_planner_node-4] [0m[32miter(+1)=1,time(ms)=0.012,keep optimizing
[scan_planner_node-4] [WARN] [1785998605.408562743] [path_searching]: [AStarDiag] result=OPEN_SET_EMPTY start=[6.008 4.752 1.172] end=[6.007 4.340 0.993] adjusted_start=[6.008 4.746 1.182] adjusted_end=[6.008 4.396 1.032] iter=7676 occupied_rejects=968 pool_rejects=1130 elapsed_ms=7.05
[scan_planner_node-4] [ERROR] [1785998605.408604267] [bspline_opt]: [ReplanDiag] init_control_points A-star failed ret=2 segment=1/1 ids=[5,7] start=[6.008 4.752 1.172] end=[6.007 4.340 0.993]
[scan_planner_node-4] [0m[32miter(+1)=1,time(ms)=0.016,keep optimizing
[scan_planner_node-4] [0mfirst_optimize_step_success=0
[scan_planner_node-4] final_plan_success=0
[scan_planner_node-4] 
[scan_planner_node-4] [rebo replan]: -------------------------------------821
[scan_planner_node-4] start: 6.01 5.26  1.4,  -0.0133   -0.436 4.86e-05
[scan_planner_node-4] goal:  6   3 0.4, 0 0 0
[scan_planner_node-4] [WARN] [1785998605.415406694] [path_searching]: [AStarDiag] result=OPEN_SET_EMPTY start=[5.817 4.772 1.179] end=[5.631 4.383 1.005] adjusted_start=[5.824 4.778 1.192] adjusted_end=[5.674 4.428 1.042] iter=7428 occupied_rejects=1092 pool_rejects=1130 elapsed_ms=6.59
[scan_planner_node-4] [ERROR] [1785998605.415440268] [bspline_opt]: [ReplanDiag] init_control_points A-star failed ret=2 segment=1/1 ids=[5,7] start=[5.817 4.772 1.179] end=[5.631 4.383 1.005]
[scan_planner_node-4] [WARN] [1785998605.422328196] [path_searching]: [AStarDiag] result=OPEN_SET_EMPTY start=[5.817 4.772 1.179] end=[5.631 4.382 1.005] adjusted_start=[5.824 4.777 1.192] adjusted_end=[5.674 4.427 1.042] iter=7430 occupied_rejects=1143 pool_rejects=1130 elapsed_ms=6.83
[scan_planner_node-4] [ERROR] [1785998605.422364037] [bspline_opt]: [ReplanDiag] rebound A-star failed ret=2 segment=1/1 ids=[5,7] start=[5.817 4.772 1.179] end=[5.631 4.382 1.005]
[scan_planner_node-4] iter=5,time(ms)=6.93,rebound.
[scan_planner_node-4] [WARN] [1785998605.428931442] [path_searching]: [AStarDiag] result=OPEN_SET_EMPTY start=[5.817 4.773 1.179] end=[5.631 4.381 1.005] adjusted_start=[5.824 4.777 1.192] adjusted_end=[5.674 4.427 1.042] iter=7430 occupied_rejects=1143 pool_rejects=1130 elapsed_ms=6.50
[scan_planner_node-4] [ERROR] [1785998605.428963158] [bspline_opt]: [ReplanDiag] rebound A-star failed ret=2 segment=1/1 ids=[5,7] start=[5.817 4.773 1.179] end=[5.631 4.381 1.005]
[scan_planner_node-4] [WARN] [1785998605.436222392] [path_searching]: [AStarDiag] result=OPEN_SET_EMPTY start=[5.817 4.773 1.179] end=[5.631 4.381 1.005] adjusted_start=[5.824 4.777 1.192] adjusted_end=[5.674 4.427 1.042] iter=7430 occupied_rejects=1143 pool_rejects=1130 elapsed_ms=7.20
[scan_planner_node-4] [ERROR] [1785998605.436268347] [bspline_opt]: [ReplanDiag] init_control_points A-star failed ret=2 segment=1/1 ids=[5,7] start=[5.817 4.773 1.179] end=[5.631 4.381 1.005]
[scan_planner_node-4] [32miter(+1)=5,time(ms)=6.586,keep optimizing
[scan_planner_node-4] [WARN] [1785998605.442827632] [path_searching]: [AStarDiag] result=OPEN_SET_EMPTY start=[5.817 4.773 1.179] end=[5.631 4.381 1.005] adjusted_start=[5.824 4.777 1.192] adjusted_end=[5.674 4.427 1.042] iter=7430 occupied_rejects=1143 pool_rejects=1130 elapsed_ms=6.43
[scan_planner_node-4] [ERROR] [1785998605.442859813] [bspline_opt]: [ReplanDiag] init_control_points A-star failed ret=2 segment=1/1 ids=[5,7] start=[5.817 4.773 1.179] end=[5.631 4.381 1.005]
[scan_planner_node-4] [0m[32miter(+1)=1,time(ms)=0.021,keep optimizing
[scan_planner_node-4] [WARN] [1785998605.449640953] [path_searching]: [AStarDiag] result=OPEN_SET_EMPTY start=[5.817 4.773 1.179] end=[5.631 4.381 1.005] adjusted_start=[5.824 4.777 1.192] adjusted_end=[5.674 4.427 1.042] iter=7430 occupied_rejects=1143 pool_rejects=1130 elapsed_ms=6.71
[scan_planner_node-4] [ERROR] [1785998605.449668452] [bspline_opt]: [ReplanDiag] init_control_points A-star failed ret=2 segment=1/1 ids=[5,7] start=[5.817 4.773 1.179] end=[5.631 4.381 1.005]
[scan_planner_node-4] [0m[32miter(+1)=1,time(ms)=0.019,keep optimizing
[scan_planner_node-4] [0mfirst_optimize_step_success=0
[scan_planner_node-4] final_plan_success=0
[scan_planner_node-4] [FSM]: from REPLAN_TRAJ to REPLAN_TRAJ
[scan_planner_node-4] 
[scan_planner_node-4] [rebo replan]: -------------------------------------822
[scan_planner_node-4] start: 6.01 5.21  1.4,  -0.0105   -0.378 5.23e-05
[scan_planner_node-4] goal:  6   3 0.4, 0 0 0
[scan_planner_node-4] [WARN] [1785998605.457245402] [path_searching]: [AStarDiag] result=OPEN_SET_EMPTY start=[5.943 4.770 1.162] end=[5.952 4.352 0.989] adjusted_start=[5.948 4.761 1.175] adjusted_end=[5.948 4.411 1.025] iter=7673 occupied_rejects=995 pool_rejects=1133 elapsed_ms=7.17
[scan_planner_node-4] [ERROR] [1785998605.457278123] [bspline_opt]: [ReplanDiag] rebound A-star failed ret=2 segment=1/1 ids=[4,6] start=[5.943 4.770 1.162] end=[5.952 4.352 0.989]
[scan_planner_node-4] iter=21,time(ms)=7.3,rebound.
[scan_planner_node-4] [WARN] [1785998605.464320980] [path_searching]: [AStarDiag] result=OPEN_SET_EMPTY start=[5.943 4.771 1.162] end=[5.952 4.352 0.989] adjusted_start=[5.948 4.762 1.175] adjusted_end=[5.948 4.412 1.025] iter=7673 occupied_rejects=995 pool_rejects=1133 elapsed_ms=6.97
[scan_planner_node-4] [ERROR] [1785998605.464352790] [bspline_opt]: [ReplanDiag] init_control_points A-star failed ret=2 segment=1/1 ids=[4,6] start=[5.943 4.771 1.162] end=[5.952 4.352 0.989]
[scan_planner_node-4] [32miter(+1)=4,time(ms)=0.011,keep optimizing
[scan_planner_node-4] [WARN] [1785998605.471564651] [path_searching]: [AStarDiag] result=OPEN_SET_EMPTY start=[5.943 4.771 1.162] end=[5.952 4.352 0.989] adjusted_start=[5.948 4.762 1.175] adjusted_end=[5.948 4.412 1.025] iter=7673 occupied_rejects=995 pool_rejects=1133 elapsed_ms=7.15
[scan_planner_node-4] [ERROR] [1785998605.471600543] [bspline_opt]: [ReplanDiag] init_control_points A-star failed ret=2 segment=1/1 ids=[4,6] start=[5.943 4.771 1.162] end=[5.952 4.352 0.989]
[scan_planner_node-4] [0m[32miter(+1)=1,time(ms)=0.012,keep optimizing
[scan_planner_node-4] [WARN] [1785998605.478469237] [path_searching]: [AStarDiag] result=OPEN_SET_EMPTY start=[5.923 4.781 1.162] end=[5.946 4.346 0.989] adjusted_start=[5.935 4.764 1.175] adjusted_end=[5.935 4.414 1.025] iter=7673 occupied_rejects=995 pool_rejects=1133 elapsed_ms=6.81
[scan_planner_node-4] [ERROR] [1785998605.478494871] [bspline_opt]: [ReplanDiag] rebound A-star failed ret=2 segment=1/1 ids=[4,6] start=[5.923 4.781 1.162] end=[5.946 4.346 0.989]
[scan_planner_node-4] [0miter=5,time(ms)=6.9,rebound.
[scan_planner_node-4] [WARN] [1785998605.485492196] [path_searching]: [AStarDiag] result=OPEN_SET_EMPTY start=[5.923 4.783 1.162] end=[5.942 4.344 0.989] adjusted_start=[5.933 4.763 1.175] adjusted_end=[5.933 4.413 1.025] iter=7673 occupied_rejects=995 pool_rejects=1133 elapsed_ms=6.94
[scan_planner_node-4] [ERROR] [1785998605.485522804] [bspline_opt]: [ReplanDiag] rebound A-star failed ret=2 segment=1/1 ids=[4,6] start=[5.923 4.783 1.162] end=[5.942 4.344 0.989]
[scan_planner_node-4] [WARN] [1785998605.492790193] [path_searching]: [AStarDiag] result=OPEN_SET_EMPTY start=[5.923 4.783 1.162] end=[5.942 4.344 0.989] adjusted_start=[5.933 4.763 1.175] adjusted_end=[5.933 4.413 1.025] iter=7673 occupied_rejects=995 pool_rejects=1133 elapsed_ms=7.21
[scan_planner_node-4] [ERROR] [1785998605.492824306] [bspline_opt]: [ReplanDiag] init_control_points A-star failed ret=2 segment=1/1 ids=[4,6] start=[5.923 4.783 1.162] end=[5.942 4.344 0.989]
[scan_planner_node-4] [32miter(+1)=5,time(ms)=7.015,keep optimizing
[scan_planner_node-4] [0mfirst_optimize_step_success=0
[scan_planner_node-4] final_plan_success=0
[scan_planner_node-4] 
[scan_planner_node-4] [rebo replan]: -------------------------------------823
[scan_planner_node-4] start: 6.01 5.21  1.4,  -0.0105   -0.378 5.23e-05
[scan_planner_node-4] goal:  6   3 0.4, 0 0 0
[scan_planner_node-4] [WARN] [1785998605.500384623] [path_searching]: [AStarDiag] result=OPEN_SET_EMPTY start=[6.009 4.755 1.191] end=[6.009 4.344 1.007] adjusted_start=[6.009 4.749 1.199] adjusted_end=[6.009 4.399 1.049] iter=7676 occupied_rejects=968 pool_rejects=1130 elapsed_ms=7.40
[scan_planner_node-4] [ERROR] [1785998605.500431094] [bspline_opt]: [ReplanDiag] init_control_points A-star failed ret=2 segment=1/1 ids=[5,7] start=[6.009 4.755 1.191] end=[6.009 4.344 1.007]
[scan_planner_node-4] [WARN] [1785998605.507648929] [path_searching]: [AStarDiag] result=OPEN_SET_EMPTY start=[6.009 4.755 1.191] end=[6.009 4.343 1.007] adjusted_start=[6.009 4.749 1.199] adjusted_end=[6.009 4.399 1.049] iter=7676 occupied_rejects=968 pool_rejects=1130 elapsed_ms=7.12
[scan_planner_node-4] [ERROR] [1785998605.507681665] [bspline_opt]: [ReplanDiag] init_control_points A-star failed ret=2 segment=1/1 ids=[5,7] start=[6.009 4.755 1.191] end=[6.009 4.343 1.007]
[scan_planner_node-4] [32miter(+1)=4,time(ms)=0.022,keep optimizing
[scan_planner_node-4] [WARN] [1785998605.515025948] [path_searching]: [AStarDiag] result=OPEN_SET_EMPTY start=[6.009 4.755 1.191] end=[6.009 4.343 1.007] adjusted_start=[6.009 4.749 1.199] adjusted_end=[6.009 4.399 1.049] iter=7676 occupied_rejects=968 pool_rejects=1130 elapsed_ms=7.28
[scan_planner_node-4] [ERROR] [1785998605.515060157] [bspline_opt]: [ReplanDiag] init_control_points A-star failed ret=2 segment=1/1 ids=[5,7] start=[6.009 4.755 1.191] end=[6.009 4.343 1.007]
[scan_planner_node-4] [0m[32miter(+1)=1,time(ms)=0.013,keep optimizing
[scan_planner_node-4] [WARN] [1785998605.522667189] [path_searching]: [AStarDiag] result=OPEN_SET_EMPTY start=[6.009 4.755 1.191] end=[6.009 4.343 1.007] adjusted_start=[6.009 4.749 1.199] adjusted_end=[6.009 4.399 1.049] iter=7676 occupied_rejects=968 pool_rejects=1130 elapsed_ms=7.54
[scan_planner_node-4] [ERROR] [1785998605.522702798] [bspline_opt]: [ReplanDiag] init_control_points A-star failed ret=2 segment=1/1 ids=[5,7] start=[6.009 4.755 1.191] end=[6.009 4.343 1.007]
[scan_planner_node-4] [0m[32miter(+1)=1,time(ms)=0.013,keep optimizing
[scan_planner_node-4] [0mfirst_optimize_step_success=0
[scan_planner_node-4] final_plan_success=0
[scan_planner_node-4] 
[scan_planner_node-4] [rebo replan]: -------------------------------------824
[scan_planner_node-4] start: 6.01 5.21  1.4,  -0.0105   -0.378 5.23e-05
[scan_planner_node-4] goal:  6   3 0.4, 0 0 0
[scan_planner_node-4] [32miter(+1)=11,time(ms)=0.040,keep optimizing
[scan_planner_node-4] [0m[32miter(+1)=17,time(ms)=0.057,total_t(ms)=0.129,cost=0.090
[scan_planner_node-4] [0mfirst_optimize_step_success=1
[scan_planner_node-4] Need to reallocate time.
[scan_planner_node-4] [34mThis refined trajectory is unsafe or dynamically infeasible. Skip publishing it.
[scan_planner_node-4] [0mfinal_plan_success=0
[scan_planner_node-4] [FSM]: from REPLAN_TRAJ to REPLAN_TRAJ
[scan_planner_node-4] 
[scan_planner_node-4] [rebo replan]: -------------------------------------825
[scan_planner_node-4] start: 6.01 5.18  1.4, -0.00888   -0.342 5.73e-05
[scan_planner_node-4] goal:  6   3 0.4, 0 0 0
[scan_planner_node-4] [WARN] [1785998605.532199143] [path_searching]: [AStarDiag] result=OPEN_SET_EMPTY start=[5.948 4.785 1.170] end=[5.959 4.347 0.996] adjusted_start=[5.953 4.766 1.183] adjusted_end=[5.953 4.416 1.033] iter=7649 occupied_rejects=987 pool_rejects=1133 elapsed_ms=7.89
[scan_planner_node-4] [ERROR] [1785998605.532243196] [bspline_opt]: [ReplanDiag] rebound A-star failed ret=2 segment=1/1 ids=[4,6] start=[5.948 4.785 1.170] end=[5.959 4.347 0.996]
[scan_planner_node-4] iter=21,time(ms)=8.1,rebound.
[scan_planner_node-4] [WARN] [1785998605.540875892] [path_searching]: [AStarDiag] result=OPEN_SET_EMPTY start=[5.948 4.785 1.170] end=[5.959 4.345 0.996] adjusted_start=[5.953 4.765 1.183] adjusted_end=[5.953 4.415 1.033] iter=7649 occupied_rejects=987 pool_rejects=1133 elapsed_ms=8.53
[scan_planner_node-4] [ERROR] [1785998605.540923553] [bspline_opt]: [ReplanDiag] init_control_points A-star failed ret=2 segment=1/1 ids=[4,6] start=[5.948 4.785 1.170] end=[5.959 4.345 0.996]
[scan_planner_node-4] [32miter(+1)=4,time(ms)=0.016,keep optimizing
[scan_planner_node-4] [WARN] [1785998605.548253176] [path_searching]: [AStarDiag] result=OPEN_SET_EMPTY start=[5.947 4.786 1.170] end=[5.959 4.344 0.996] adjusted_start=[5.953 4.765 1.183] adjusted_end=[5.953 4.415 1.033] iter=7649 occupied_rejects=987 pool_rejects=1133 elapsed_ms=7.26
[scan_planner_node-4] [ERROR] [1785998605.548280855] [bspline_opt]: [ReplanDiag] init_control_points A-star failed ret=2 segment=1/1 ids=[4,6] start=[5.947 4.786 1.170] end=[5.959 4.344 0.996]
[scan_planner_node-4] [0m[32miter(+1)=3,time(ms)=0.017,keep optimizing
[scan_planner_node-4] [WARN] [1785998605.555861658] [path_searching]: [AStarDiag] result=OPEN_SET_EMPTY start=[5.934 4.788 1.170] end=[5.954 4.340 0.996] adjusted_start=[5.944 4.764 1.183] adjusted_end=[5.944 4.414 1.033] iter=7673 occupied_rejects=995 pool_rejects=1133 elapsed_ms=7.53
[scan_planner_node-4] [ERROR] [1785998605.555890431] [bspline_opt]: [ReplanDiag] rebound A-star failed ret=2 segment=1/1 ids=[4,6] start=[5.934 4.788 1.170] end=[5.954 4.340 0.996]
[scan_planner_node-4] [0miter=5,time(ms)=7.6,rebound.
[scan_planner_node-4] [WARN] [1785998605.563144881] [path_searching]: [AStarDiag] result=OPEN_SET_EMPTY start=[5.934 4.788 1.170] end=[5.954 4.340 0.996] adjusted_start=[5.944 4.764 1.183] adjusted_end=[5.944 4.414 1.033] iter=7673 occupied_rejects=995 pool_rejects=1133 elapsed_ms=7.17
[scan_planner_node-4] [ERROR] [1785998605.563168503] [bspline_opt]: [ReplanDiag] init_control_points A-star failed ret=2 segment=1/1 ids=[4,6] start=[5.934 4.788 1.170] end=[5.954 4.340 0.996]
[scan_planner_node-4] [32miter(+1)=3,time(ms)=0.011,keep optimizing
[scan_planner_node-4] [0mfirst_optimize_step_success=0
[scan_planner_node-4] final_plan_success=0
[scan_planner_node-4] 
[scan_planner_node-4] [rebo replan]: -------------------------------------826
[scan_planner_node-4] start: 6.01 5.18  1.4, -0.00888   -0.342 5.73e-05
[scan_planner_node-4] goal:  6   3 0.4, 0 0 0
[scan_planner_node-4] [WARN] [1785998605.571135168] [path_searching]: [AStarDiag] result=OPEN_SET_EMPTY start=[6.008 4.752 1.200] end=[6.007 4.340 1.013] adjusted_start=[6.007 4.746 1.206] adjusted_end=[6.007 4.396 1.056] iter=7709 occupied_rejects=887 pool_rejects=1130 elapsed_ms=7.82
[scan_planner_node-4] [ERROR] [1785998605.571172160] [bspline_opt]: [ReplanDiag] init_control_points A-star failed ret=2 segment=1/1 ids=[5,7] start=[6.008 4.752 1.200] end=[6.007 4.340 1.013]
[scan_planner_node-4] [WARN] [1785998605.578853092] [path_searching]: [AStarDiag] result=OPEN_SET_EMPTY start=[6.008 4.753 1.200] end=[6.007 4.338 1.013] adjusted_start=[6.007 4.745 1.206] adjusted_end=[6.007 4.395 1.056] iter=7709 occupied_rejects=887 pool_rejects=1130 elapsed_ms=7.60
[scan_planner_node-4] [ERROR] [1785998605.578884874] [bspline_opt]: [ReplanDiag] init_control_points A-star failed ret=2 segment=1/1 ids=[5,7] start=[6.008 4.753 1.200] end=[6.007 4.338 1.013]
[scan_planner_node-4] [32miter(+1)=4,time(ms)=0.025,keep optimizing
[scan_planner_node-4] [WARN] [1785998605.586822619] [path_searching]: [AStarDiag] result=OPEN_SET_EMPTY start=[6.008 4.753 1.200] end=[6.007 4.338 1.013] adjusted_start=[6.007 4.745 1.206] adjusted_end=[6.007 4.395 1.056] iter=7709 occupied_rejects=887 pool_rejects=1130 elapsed_ms=7.83
[scan_planner_node-4] [ERROR] [1785998605.586857242] [bspline_opt]: [ReplanDiag] init_control_points A-star failed ret=2 segment=1/1 ids=[5,7] start=[6.008 4.753 1.200] end=[6.007 4.338 1.013]
[scan_planner_node-4] [0m[32miter(+1)=1,time(ms)=0.021,keep optimizing
[scan_planner_node-4] [WARN] [1785998605.594445245] [path_searching]: [AStarDiag] result=OPEN_SET_EMPTY start=[6.008 4.753 1.200] end=[6.007 4.338 1.013] adjusted_start=[6.007 4.745 1.206] adjusted_end=[6.007 4.395 1.056] iter=7709 occupied_rejects=887 pool_rejects=1130 elapsed_ms=7.51
[scan_planner_node-4] [ERROR] [1785998605.594473341] [bspline_opt]: [ReplanDiag] init_control_points A-star failed ret=2 segment=1/1 ids=[5,7] start=[6.008 4.753 1.200] end=[6.007 4.338 1.013]
[scan_planner_node-4] [0m[32miter(+1)=1,time(ms)=0.024,keep optimizing
[scan_planner_node-4] [0mfirst_optimize_step_success=0
[scan_planner_node-4] final_plan_success=0
[scan_planner_node-4] 
[scan_planner_node-4] [rebo replan]: -------------------------------------827
[scan_planner_node-4] start: 6.01 5.18  1.4, -0.00888   -0.342 5.73e-05
[scan_planner_node-4] goal:  6   3 0.4, 0 0 0
[scan_planner_node-4] [32miter(+1)=26,time(ms)=0.152,keep optimizing
[scan_planner_node-4] [0m[32miter(+1)=1,time(ms)=0.007,keep optimizing
[scan_planner_node-4] [0m[32miter(+1)=111,time(ms)=0.728,total_t(ms)=0.968,cost=0.075
[scan_planner_node-4] [0mfirst_optimize_step_success=1
[scan_planner_node-4] Need to reallocate time.
[scan_planner_node-4] total time:[42m0.0014[0m,optimize:0.0012,refine:0.00025
[scan_planner_node-4] final_plan_success=1
[scan_planner_node-4] [FSM]: from REPLAN_TRAJ to EXEC_TRAJ
[closed_loop_controller-6] [INFO] [1785998605.596164041] [closed_loop_controller]: Received trajectory 467, duration 6.126s
[scan_planner_node-4] [FSM]: state: EXEC_TRAJ
[scan_planner_node-4] [FSM]: state: EXEC_TRAJ
[scan_planner_node-4] [INFO] [1785998606.954592424] [scan_planner_node]: [GridMapDiag] cloud=32768 accepted=18910 invalid=13858 below_sensor=0 outside_update=0 sensor_z=1.490 cutoff_z=2.490
[scan_planner_node-4] [FSM]: from EXEC_TRAJ to REPLAN_TRAJ
[scan_planner_node-4] 
[scan_planner_node-4] [rebo replan]: -------------------------------------828
[scan_planner_node-4] start:  6.5 4.33 1.15,  0.344 -0.462 -0.197
[scan_planner_node-4] goal:  6   3 0.4, 0 0 0
[scan_planner_node-4] [32miter(+1)=20,time(ms)=0.083,total_t(ms)=0.083,cost=0.083
[scan_planner_node-4] [0mfirst_optimize_step_success=1
[scan_planner_node-4] Need to reallocate time.
[scan_planner_node-4] total time:[42m0.000363[0m,optimize:0.000187,refine:0.000176
[scan_planner_node-4] final_plan_success=1
[scan_planner_node-4] [FSM]: from REPLAN_TRAJ to EXEC_TRAJ
[closed_loop_controller-6] [INFO] [1785998607.443879213] [closed_loop_controller]: Received trajectory 468, duration 3.985s
[scan_planner_node-4] [FSM]: state: EXEC_TRAJ
[scan_planner_node-4] [INFO] [1785998609.058661541] [scan_planner_node]: [GridMapDiag] cloud=32768 accepted=26185 invalid=6583 below_sensor=0 outside_update=0 sensor_z=1.046 cutoff_z=2.046
[scan_planner_node-4] [FSM]: state: EXEC_TRAJ
[scan_planner_node-4] [FSM]: from EXEC_TRAJ to REPLAN_TRAJ
[scan_planner_node-4] 
[scan_planner_node-4] [rebo replan]: -------------------------------------829
[scan_planner_node-4] start:   6.4  3.42 0.719,  -0.37 -0.465 -0.189
[scan_planner_node-4] goal:  6   3 0.4, 0 0 0
[scan_planner_node-4] [32miter(+1)=11,time(ms)=0.020,total_t(ms)=0.020,cost=0.008
[scan_planner_node-4] [0mfirst_optimize_step_success=1
[scan_planner_node-4] total time:[42m8.24e-05[0m,optimize:6.56e-05,refine:1.69e-05
[scan_planner_node-4] final_plan_success=1
[scan_planner_node-4] [FSM]: from REPLAN_TRAJ to EXEC_TRAJ
[closed_loop_controller-6] [INFO] [1785998609.633461768] [closed_loop_controller]: Received trajectory 469, duration 1.920s
[terrain_path_visualizer-10] [INFO] [1785998610.237405924] [terrain_path_segmenter]: Visualization advanced to segment 3/3
[scan_planner_node-4] [FSM]: state: EXEC_TRAJ
[scan_planner_node-4] [TRIG]: from EXEC_TRAJ to REPLAN_TRAJ
[scan_planner_node-4] [INFO] [1785998611.060132143] [scan_planner_node]: Reference path accepted
[scan_planner_node-4] 
[scan_planner_node-4] [rebo replan]: -------------------------------------830
[scan_planner_node-4] start:  6.01  3.01 0.426, -0.0919 -0.0796  -0.144
[scan_planner_node-4] goal:    6 -0.65   0.4, -1.25e-05     -0.75         0
[scan_planner_node-4] [32miter(+1)=23,time(ms)=0.116,total_t(ms)=0.117,cost=0.033
[scan_planner_node-4] [0mfirst_optimize_step_success=1
[scan_planner_node-4] total time:[42m0.00035[0m,optimize:0.00028,refine:7.01e-05
[scan_planner_node-4] final_plan_success=1
[scan_planner_node-4] [FSM]: from REPLAN_TRAJ to EXEC_TRAJ
[closed_loop_controller-6] [INFO] [1785998611.060835414] [closed_loop_controller]: Received trajectory 470, duration 6.080s
[scan_planner_node-4] [INFO] [1785998611.187219476] [scan_planner_node]: [GridMapDiag] cloud=32768 accepted=27685 invalid=5083 below_sensor=0 outside_update=0 sensor_z=0.700 cutoff_z=1.700
[scan_planner_node-4] [FSM]: state: EXEC_TRAJ
[scan_planner_node-4] [INFO] [1785998613.263148908] [scan_planner_node]: [GridMapDiag] cloud=32768 accepted=27665 invalid=5103 below_sensor=0 outside_update=0 sensor_z=0.700 cutoff_z=1.700
[scan_planner_node-4] [FSM]: state: EXEC_TRAJ
[scan_planner_node-4] [FSM]: state: EXEC_TRAJ
[scan_planner_node-4] [INFO] [1785998615.359522823] [scan_planner_node]: [GridMapDiag] cloud=32768 accepted=27654 invalid=5114 below_sensor=0 outside_update=0 sensor_z=0.700 cutoff_z=1.700
[scan_planner_node-4] [FSM]: state: EXEC_TRAJ
[scan_planner_node-4] [FSM]: state: EXEC_TRAJ
[scan_planner_node-4] [INFO] [1785998617.363885926] [scan_planner_node]: [GridMapDiag] cloud=32768 accepted=27665 invalid=5103 below_sensor=0 outside_update=0 sensor_z=0.701 cutoff_z=1.701
[scan_planner_node-4] [FSM]: state: EXEC_TRAJ
[scan_planner_node-4] [FSM]: state: EXEC_TRAJ
[scan_planner_node-4] [INFO] [1785998619.363732440] [scan_planner_node]: [GridMapDiag] cloud=32768 accepted=27514 invalid=5254 below_sensor=0 outside_update=0 sensor_z=0.700 cutoff_z=1.700
[scan_planner_node-4] [FSM]: state: EXEC_TRAJ
[scan_planner_node-4] [FSM]: from EXEC_TRAJ to REPLAN_TRAJ
[scan_planner_node-4] 
[scan_planner_node-4] [rebo replan]: -------------------------------------831
[scan_planner_node-4] start: 6.11    2 0.42, -0.00678   -0.776  -0.0052
[scan_planner_node-4] goal:   6 -1.7  0.4, 0.000305    -0.75        0
[scan_planner_node-4] [32miter(+1)=8,time(ms)=0.025,total_t(ms)=0.025,cost=0.005
[scan_planner_node-4] [0mfirst_optimize_step_success=1
[scan_planner_node-4] total time:[42m0.000171[0m,optimize:0.000138,refine:3.27e-05
[scan_planner_node-4] final_plan_success=1
[scan_planner_node-4] [FSM]: from REPLAN_TRAJ to EXEC_TRAJ
[closed_loop_controller-6] [INFO] [1785998620.766520490] [closed_loop_controller]: Received trajectory 471, duration 5.760s
[scan_planner_node-4] [FSM]: state: EXEC_TRAJ
[scan_planner_node-4] [INFO] [1785998621.458373011] [scan_planner_node]: [GridMapDiag] cloud=32768 accepted=25982 invalid=6786 below_sensor=0 outside_update=0 sensor_z=0.700 cutoff_z=1.700
[scan_planner_node-4] [FSM]: state: EXEC_TRAJ
[scan_planner_node-4] [FSM]: from EXEC_TRAJ to REPLAN_TRAJ
[scan_planner_node-4] 
[scan_planner_node-4] [rebo replan]: -------------------------------------832
[scan_planner_node-4] start:  6.06     1 0.414,   -0.044   -0.633 -0.00336
[scan_planner_node-4] goal:    6 -2.58   0.4, -0.0381  -0.712       0
[scan_planner_node-4] [32miter(+1)=6,time(ms)=0.020,total_t(ms)=0.020,cost=0.004
[scan_planner_node-4] [0mfirst_optimize_step_success=1
[scan_planner_node-4] total time:[42m0.000171[0m,optimize:0.000135,refine:3.61e-05
[scan_planner_node-4] final_plan_success=1
[scan_planner_node-4] [FSM]: from REPLAN_TRAJ to EXEC_TRAJ
[closed_loop_controller-6] [INFO] [1785998622.373554953] [closed_loop_controller]: Received trajectory 472, duration 5.760s
[scan_planner_node-4] [INFO] [1785998623.559292843] [scan_planner_node]: [GridMapDiag] cloud=32768 accepted=25342 invalid=7426 below_sensor=0 outside_update=0 sensor_z=0.700 cutoff_z=1.700
[scan_planner_node-4] [FSM]: state: EXEC_TRAJ
[scan_planner_node-4] [FSM]: from EXEC_TRAJ to REPLAN_TRAJ
[scan_planner_node-4] 
[scan_planner_node-4] [rebo replan]: -------------------------------------833
[scan_planner_node-4] start:    6.01 -0.0235    0.41,  -0.0151   -0.627 -0.00251
[scan_planner_node-4] goal:5.37   -3  0.4, -0.75 0.016     0
[scan_planner_node-4] [32miter(+1)=12,time(ms)=0.036,total_t(ms)=0.036,cost=0.006
[scan_planner_node-4] [0mfirst_optimize_step_success=1
[scan_planner_node-4] total time:[42m0.000181[0m,optimize:0.000145,refine:3.58e-05
[scan_planner_node-4] final_plan_success=1
[scan_planner_node-4] [FSM]: from REPLAN_TRAJ to EXEC_TRAJ
[closed_loop_controller-6] [INFO] [1785998624.015839382] [closed_loop_controller]: Received trajectory 473, duration 5.760s
[scan_planner_node-4] [FSM]: state: EXEC_TRAJ
[scan_planner_node-4] [FSM]: from EXEC_TRAJ to REPLAN_TRAJ
[scan_planner_node-4] 
[scan_planner_node-4] [rebo replan]: -------------------------------------834
[scan_planner_node-4] start:     6 -1.03 0.407, -0.00315   -0.623 -0.00182
[scan_planner_node-4] goal:4.33   -3  0.4,     -0.75 -3.27e-05         0
[scan_planner_node-4] [32miter(+1)=13,time(ms)=0.049,total_t(ms)=0.049,cost=0.012
[scan_planner_node-4] [0mfirst_optimize_step_success=1
[scan_planner_node-4] total time:[42m0.000194[0m,optimize:0.000161,refine:3.29e-05
[scan_planner_node-4] final_plan_success=1
[scan_planner_node-4] [FSM]: from REPLAN_TRAJ to EXEC_TRAJ
[closed_loop_controller-6] [INFO] [1785998625.633522670] [closed_loop_controller]: Received trajectory 474, duration 5.760s
[scan_planner_node-4] [INFO] [1785998625.657988884] [scan_planner_node]: [GridMapDiag] cloud=32768 accepted=24723 invalid=8045 below_sensor=0 outside_update=0 sensor_z=0.700 cutoff_z=1.700
[scan_planner_node-4] [FSM]: state: EXEC_TRAJ
[scan_planner_node-4] [FSM]: from EXEC_TRAJ to REPLAN_TRAJ
[scan_planner_node-4] 
[scan_planner_node-4] [rebo replan]: -------------------------------------835
[scan_planner_node-4] start:  6.01 -2.04 0.405,    0.046   -0.634 -0.00131
[scan_planner_node-4] goal:3.27   -3  0.4,    -0.75 -1.8e-06        0
[scan_planner_node-4] [32miter(+1)=13,time(ms)=0.042,total_t(ms)=0.042,cost=0.010
[scan_planner_node-4] [0mfirst_optimize_step_success=1
[scan_planner_node-4] total time:[42m0.000188[0m,optimize:0.000153,refine:3.51e-05
[scan_planner_node-4] final_plan_success=1
[scan_planner_node-4] [FSM]: from REPLAN_TRAJ to EXEC_TRAJ
[closed_loop_controller-6] [INFO] [1785998627.253575774] [closed_loop_controller]: Received trajectory 475, duration 5.760s
[scan_planner_node-4] [INFO] [1785998627.657652116] [scan_planner_node]: [GridMapDiag] cloud=32768 accepted=24406 invalid=8362 below_sensor=0 outside_update=0 sensor_z=0.700 cutoff_z=1.700
[scan_planner_node-4] [FSM]: state: EXEC_TRAJ
[scan_planner_node-4] [FSM]: state: EXEC_TRAJ
[scan_planner_node-4] [FSM]: from EXEC_TRAJ to REPLAN_TRAJ
[scan_planner_node-4] 
[scan_planner_node-4] [rebo replan]: -------------------------------------836
[scan_planner_node-4] start:  5.65 -2.98 0.403,    -0.585    -0.174 -0.000914
[scan_planner_node-4] goal:2.05   -3  0.4,     -0.75 -1.48e-08         0
[scan_planner_node-4] [32miter(+1)=6,time(ms)=0.022,total_t(ms)=0.022,cost=0.006
[scan_planner_node-4] [0mfirst_optimize_step_success=1
[scan_planner_node-4] total time:[42m0.000187[0m,optimize:0.000139,refine:4.83e-05
[scan_planner_node-4] final_plan_success=1
[scan_planner_node-4] [FSM]: from REPLAN_TRAJ to EXEC_TRAJ
[closed_loop_controller-6] [INFO] [1785998629.333503678] [closed_loop_controller]: Received trajectory 476, duration 5.760s
[scan_planner_node-4] [INFO] [1785998629.667901955] [scan_planner_node]: [GridMapDiag] cloud=32768 accepted=24053 invalid=8715 below_sensor=0 outside_update=0 sensor_z=0.700 cutoff_z=1.700
[scan_planner_node-4] [FSM]: state: EXEC_TRAJ
[scan_planner_node-4] [FSM]: from EXEC_TRAJ to REPLAN_TRAJ
[scan_planner_node-4] 
[scan_planner_node-4] [rebo replan]: -------------------------------------837
[scan_planner_node-4] start:  4.64 -2.99 0.403,    -0.625   -0.0135 -0.000611
[scan_planner_node-4] goal:1.18   -3  0.4,     -0.75 -3.38e-10         0
[scan_planner_node-4] [32miter(+1)=13,time(ms)=0.052,total_t(ms)=0.052,cost=0.005
[scan_planner_node-4] [0mfirst_optimize_step_success=1
[scan_planner_node-4] total time:[42m0.000229[0m,optimize:0.000195,refine:3.39e-05
[scan_planner_node-4] final_plan_success=1
[scan_planner_node-4] [FSM]: from REPLAN_TRAJ to EXEC_TRAJ
[closed_loop_controller-6] [INFO] [1785998631.033606036] [closed_loop_controller]: Received trajectory 477, duration 5.760s
[scan_planner_node-4] [INFO] [1785998631.757278949] [scan_planner_node]: [GridMapDiag] cloud=32768 accepted=23879 invalid=8889 below_sensor=0 outside_update=0 sensor_z=0.700 cutoff_z=1.700
[scan_planner_node-4] [FSM]: state: EXEC_TRAJ
[scan_planner_node-4] [FSM]: from EXEC_TRAJ to REPLAN_TRAJ
[scan_planner_node-4] 
[scan_planner_node-4] [rebo replan]: -------------------------------------838
[scan_planner_node-4] start:  3.63    -3 0.402,    -0.625  0.000948 -0.000455
[scan_planner_node-4] goal:-0.05    -3   0.4,    -0.75 2.02e-12        0
[scan_planner_node-4] [32miter(+1)=5,time(ms)=0.027,total_t(ms)=0.027,cost=0.001
[scan_planner_node-4] [0mfirst_optimize_step_success=1
[scan_planner_node-4] total time:[42m0.00024[0m,optimize:0.000185,refine:5.43e-05
[scan_planner_node-4] final_plan_success=1
[scan_planner_node-4] [FSM]: from REPLAN_TRAJ to EXEC_TRAJ
[closed_loop_controller-6] [INFO] [1785998632.653719673] [closed_loop_controller]: Received trajectory 478, duration 5.760s
[scan_planner_node-4] [FSM]: state: EXEC_TRAJ
[scan_planner_node-4] [INFO] [1785998633.760290446] [scan_planner_node]: [GridMapDiag] cloud=32768 accepted=24762 invalid=8006 below_sensor=0 outside_update=0 sensor_z=0.700 cutoff_z=1.700
[scan_planner_node-4] [FSM]: from EXEC_TRAJ to REPLAN_TRAJ
[scan_planner_node-4] 
[scan_planner_node-4] [rebo replan]: -------------------------------------839
[scan_planner_node-4] start:  2.62    -3 0.401,    -0.625   0.00045 -0.000305
[scan_planner_node-4] goal:-1.1   -3  0.4,    -0.75 -7.9e-11        0
[scan_planner_node-4] [32miter(+1)=6,time(ms)=0.019,total_t(ms)=0.020,cost=0.001
[scan_planner_node-4] [0mfirst_optimize_step_success=1
[scan_planner_node-4] total time:[42m0.000167[0m,optimize:0.000132,refine:3.57e-05
[scan_planner_node-4] final_plan_success=1
[scan_planner_node-4] [FSM]: from REPLAN_TRAJ to EXEC_TRAJ
[closed_loop_controller-6] [INFO] [1785998634.263511248] [closed_loop_controller]: Received trajectory 479, duration 5.760s
[scan_planner_node-4] [FSM]: state: EXEC_TRAJ
[scan_planner_node-4] [INFO] [1785998635.763454065] [scan_planner_node]: [GridMapDiag] cloud=32768 accepted=25258 invalid=7510 below_sensor=0 outside_update=0 sensor_z=0.700 cutoff_z=1.700
[scan_planner_node-4] [FSM]: state: EXEC_TRAJ
[scan_planner_node-4] [FSM]: from EXEC_TRAJ to REPLAN_TRAJ
[scan_planner_node-4] 
[scan_planner_node-4] [rebo replan]: -------------------------------------840
[scan_planner_node-4] start:  1.59    -3 0.401,    -0.625 -5.04e-07 -0.000218
[scan_planner_node-4] goal:-1.98    -3   0.4,    -0.75 9.83e-09        0
[scan_planner_node-4] [32miter(+1)=12,time(ms)=0.060,total_t(ms)=0.060,cost=0.002
[scan_planner_node-4] [0mfirst_optimize_step_success=1
[scan_planner_node-4] total time:[42m0.000286[0m,optimize:0.00023,refine:5.64e-05
[scan_planner_node-4] final_plan_success=1
[closed_loop_controller-6] [INFO] [1785998635.910600582] [closed_loop_controller]: Received trajectory 480, duration 5.760s
[scan_planner_node-4] [FSM]: from REPLAN_TRAJ to EXEC_TRAJ
[scan_planner_node-4] [FSM]: state: EXEC_TRAJ
[scan_planner_node-4] [FSM]: from EXEC_TRAJ to REPLAN_TRAJ
[scan_planner_node-4] 
[scan_planner_node-4] [rebo replan]: -------------------------------------841
[scan_planner_node-4] start: 0.586    -3 0.401,    -0.623 -1.89e-05 -0.000165
[scan_planner_node-4] goal:-3.03    -3   0.4,     -0.75 -1.03e-06         0
[scan_planner_node-4] [32miter(+1)=8,time(ms)=0.024,total_t(ms)=0.024,cost=0.002
[scan_planner_node-4] [0mfirst_optimize_step_success=1
[scan_planner_node-4] total time:[42m0.000172[0m,optimize:0.000138,refine:3.42e-05
[scan_planner_node-4] final_plan_success=1
[scan_planner_node-4] [FSM]: from REPLAN_TRAJ to EXEC_TRAJ
[closed_loop_controller-6] [INFO] [1785998637.523520814] [closed_loop_controller]: Received trajectory 481, duration 5.760s
[scan_planner_node-4] [INFO] [1785998637.762198305] [scan_planner_node]: [GridMapDiag] cloud=32768 accepted=25160 invalid=7608 below_sensor=0 outside_update=0 sensor_z=0.700 cutoff_z=1.700
[scan_planner_node-4] [FSM]: state: EXEC_TRAJ
[scan_planner_node-4] [FSM]: from EXEC_TRAJ to REPLAN_TRAJ
[scan_planner_node-4] 
[scan_planner_node-4] [rebo replan]: -------------------------------------842
[scan_planner_node-4] start: -0.427     -3    0.4,    -0.625 -1.25e-06 -0.000117
[scan_planner_node-4] goal:-3.9   -3  0.4,     -0.75 -1.05e-05         0
[scan_planner_node-4] [32miter(+1)=13,time(ms)=0.039,total_t(ms)=0.040,cost=0.004
[scan_planner_node-4] [0mfirst_optimize_step_success=1
[scan_planner_node-4] total time:[42m0.000185[0m,optimize:0.000151,refine:3.44e-05
[scan_planner_node-4] final_plan_success=1
[scan_planner_node-4] [FSM]: from REPLAN_TRAJ to EXEC_TRAJ
[closed_loop_controller-6] [INFO] [1785998639.143581985] [closed_loop_controller]: Received trajectory 482, duration 5.760s
[scan_planner_node-4] [FSM]: state: EXEC_TRAJ
[scan_planner_node-4] [INFO] [1785998639.957279443] [scan_planner_node]: [GridMapDiag] cloud=32768 accepted=25044 invalid=7724 below_sensor=0 outside_update=0 sensor_z=0.700 cutoff_z=1.700
[scan_planner_node-4] [FSM]: from EXEC_TRAJ to REPLAN_TRAJ
[scan_planner_node-4] 
[scan_planner_node-4] [rebo replan]: -------------------------------------843
[scan_planner_node-4] start: -1.44    -3   0.4,    -0.625  -5.6e-07 -8.73e-05
[scan_planner_node-4] goal:-5.13    -3   0.4,   -0.749 0.000951        0
[scan_planner_node-4] [32miter(+1)=5,time(ms)=0.018,total_t(ms)=0.018,cost=0.001
[scan_planner_node-4] [0mfirst_optimize_step_success=1
[scan_planner_node-4] total time:[42m0.000163[0m,optimize:0.000129,refine:3.42e-05
[scan_planner_node-4] final_plan_success=1
[scan_planner_node-4] [FSM]: from REPLAN_TRAJ to EXEC_TRAJ
[closed_loop_controller-6] [INFO] [1785998640.763507976] [closed_loop_controller]: Received trajectory 483, duration 5.760s
[scan_planner_node-4] [FSM]: state: EXEC_TRAJ
[scan_planner_node-4] [INFO] [1785998641.957406699] [scan_planner_node]: [GridMapDiag] cloud=32768 accepted=24739 invalid=8029 below_sensor=0 outside_update=0 sensor_z=0.700 cutoff_z=1.700
[scan_planner_node-4] [FSM]: state: EXEC_TRAJ
[scan_planner_node-4] [FSM]: from EXEC_TRAJ to REPLAN_TRAJ
[scan_planner_node-4] 
[scan_planner_node-4] [rebo replan]: -------------------------------------844
[scan_planner_node-4] start: -2.44    -3   0.4,    -0.625 -3.46e-07 -5.85e-05
[scan_planner_node-4] goal: -6  -3 0.4, -0.375  0.375      0
[scan_planner_node-4] [32miter(+1)=8,time(ms)=0.046,total_t(ms)=0.046,cost=0.010
[scan_planner_node-4] [0mfirst_optimize_step_success=1
[scan_planner_node-4] total time:[42m0.000273[0m,optimize:0.000213,refine:6.04e-05
[scan_planner_node-4] final_plan_success=1
[scan_planner_node-4] [FSM]: from REPLAN_TRAJ to EXEC_TRAJ
[closed_loop_controller-6] [INFO] [1785998642.373831982] [closed_loop_controller]: Received trajectory 484, duration 6.080s
[scan_planner_node-4] [FSM]: state: EXEC_TRAJ
[scan_planner_node-4] [INFO] [1785998643.957889174] [scan_planner_node]: [GridMapDiag] cloud=32768 accepted=24217 invalid=8551 below_sensor=0 outside_update=0 sensor_z=0.700 cutoff_z=1.700
[scan_planner_node-4] [FSM]: from EXEC_TRAJ to REPLAN_TRAJ
[scan_planner_node-4] 
[scan_planner_node-4] [rebo replan]: -------------------------------------845
[scan_planner_node-4] start: -3.48    -3   0.4,    -0.625  0.000178 -4.25e-05
[scan_planner_node-4] goal:   -6 -1.95   0.4, 0.00171    0.75       0
[scan_planner_node-4] [32miter(+1)=17,time(ms)=0.061,total_t(ms)=0.061,cost=0.010
[scan_planner_node-4] [0mfirst_optimize_step_success=1
[scan_planner_node-4] total time:[42m0.000223[0m,optimize:0.000186,refine:3.76e-05
[scan_planner_node-4] final_plan_success=1
[scan_planner_node-4] [FSM]: from REPLAN_TRAJ to EXEC_TRAJ
[closed_loop_controller-6] [INFO] [1785998644.023714850] [closed_loop_controller]: Received trajectory 485, duration 6.080s
[scan_planner_node-4] [FSM]: state: EXEC_TRAJ
[scan_planner_node-4] [FSM]: from EXEC_TRAJ to REPLAN_TRAJ
[scan_planner_node-4] 
[scan_planner_node-4] [rebo replan]: -------------------------------------846
[scan_planner_node-4] start: -4.48 -2.99   0.4,    -0.634     0.034 -3.05e-05
[scan_planner_node-4] goal:   -6 -1.07   0.4, -5.23e-05      0.75         0
[scan_planner_node-4] [32miter(+1)=13,time(ms)=0.042,total_t(ms)=0.042,cost=0.007
[scan_planner_node-4] [0mfirst_optimize_step_success=1
[scan_planner_node-4] total time:[42m0.00018[0m,optimize:0.000147,refine:3.28e-05
[scan_planner_node-4] final_plan_success=1
[scan_planner_node-4] [FSM]: from REPLAN_TRAJ to EXEC_TRAJ
[closed_loop_controller-6] [INFO] [1785998645.623608424] [closed_loop_controller]: Received trajectory 486, duration 5.440s
[scan_planner_node-4] [INFO] [1785998645.957910591] [scan_planner_node]: [GridMapDiag] cloud=32768 accepted=23959 invalid=8809 below_sensor=0 outside_update=0 sensor_z=0.700 cutoff_z=1.700
[scan_planner_node-4] [FSM]: state: EXEC_TRAJ
[scan_planner_node-4] [FSM]: from EXEC_TRAJ to REPLAN_TRAJ
[scan_planner_node-4] 
[scan_planner_node-4] [rebo replan]: -------------------------------------847
[scan_planner_node-4] start: -5.49 -3.11   0.4,    -0.649   -0.0223 -2.36e-05
[scan_planner_node-4] goal:  -6 0.15  0.4, -4.3e-07     0.75        0
[scan_planner_node-4] [32miter(+1)=9,time(ms)=0.031,total_t(ms)=0.031,cost=0.009
[scan_planner_node-4] [0mfirst_optimize_step_success=1
[scan_planner_node-4] total time:[42m0.000192[0m,optimize:0.000155,refine:3.67e-05
[scan_planner_node-4] final_plan_success=1
[scan_planner_node-4] [FSM]: from REPLAN_TRAJ to EXEC_TRAJ
[closed_loop_controller-6] [INFO] [1785998647.223636658] [closed_loop_controller]: Received trajectory 487, duration 5.760s
[scan_planner_node-4] [INFO] [1785998647.970754125] [scan_planner_node]: [GridMapDiag] cloud=32768 accepted=24162 invalid=8606 below_sensor=0 outside_update=0 sensor_z=0.700 cutoff_z=1.700
[scan_planner_node-4] [FSM]: state: EXEC_TRAJ
[scan_planner_node-4] [FSM]: state: EXEC_TRAJ
[scan_planner_node-4] [FSM]: from EXEC_TRAJ to REPLAN_TRAJ
[scan_planner_node-4] 
[scan_planner_node-4] [rebo replan]: -------------------------------------848
[scan_planner_node-4] start: -6.06 -2.29   0.4,    0.0915     0.638 -1.59e-05
[scan_planner_node-4] goal: -6   1 0.4, 0 0 0
[scan_planner_node-4] [32miter(+1)=29,time(ms)=0.094,total_t(ms)=0.095,cost=0.016
[scan_planner_node-4] [0mfirst_optimize_step_success=1
[scan_planner_node-4] total time:[42m0.000257[0m,optimize:0.000225,refine:3.14e-05
[scan_planner_node-4] final_plan_success=1
[scan_planner_node-4] [FSM]: from REPLAN_TRAJ to EXEC_TRAJ
[closed_loop_controller-6] [INFO] [1785998649.643630186] [closed_loop_controller]: Received trajectory 488, duration 5.440s
[scan_planner_node-4] [INFO] [1785998650.063680726] [scan_planner_node]: [GridMapDiag] cloud=32768 accepted=24621 invalid=8147 below_sensor=0 outside_update=0 sensor_z=0.700 cutoff_z=1.700
[scan_planner_node-4] [FSM]: state: EXEC_TRAJ
[scan_planner_node-4] [FSM]: from EXEC_TRAJ to REPLAN_TRAJ
[scan_planner_node-4] 
[scan_planner_node-4] [rebo replan]: -------------------------------------849
[scan_planner_node-4] start: -5.98 -1.29   0.4,   -0.0314     0.596 -1.19e-05
[scan_planner_node-4] goal: -6   1 0.4, 0 0 0
[scan_planner_node-4] [32miter(+1)=26,time(ms)=0.087,total_t(ms)=0.088,cost=0.011
[scan_planner_node-4] [0mfirst_optimize_step_success=1
[scan_planner_node-4] total time:[42m0.000211[0m,optimize:0.000178,refine:3.3e-05
[scan_planner_node-4] final_plan_success=1
[scan_planner_node-4] [FSM]: from REPLAN_TRAJ to EXEC_TRAJ
[closed_loop_controller-6] [INFO] [1785998651.273611972] [closed_loop_controller]: Received trajectory 489, duration 3.840s
[scan_planner_node-4] [FSM]: state: EXEC_TRAJ
[scan_planner_node-4] [INFO] [1785998652.065441780] [scan_planner_node]: [GridMapDiag] cloud=32768 accepted=25376 invalid=7392 below_sensor=0 outside_update=0 sensor_z=0.700 cutoff_z=1.700
[scan_planner_node-4] [FSM]: from EXEC_TRAJ to REPLAN_TRAJ
[scan_planner_node-4] 
[scan_planner_node-4] [rebo replan]: -------------------------------------850
[scan_planner_node-4] start:  -6.01 -0.274    0.4,     0.007     0.771 -1.17e-05
[scan_planner_node-4] goal: -6   1 0.4, 0 0 0
[scan_planner_node-4] [32miter(+1)=12,time(ms)=0.023,total_t(ms)=0.023,cost=0.047
[scan_planner_node-4] [0mfirst_optimize_step_success=1
[scan_planner_node-4] Need to reallocate time.
[scan_planner_node-4] total time:[42m0.000127[0m,optimize:7.11e-05,refine:5.56e-05
[scan_planner_node-4] final_plan_success=1
[scan_planner_node-4] [FSM]: from REPLAN_TRAJ to EXEC_TRAJ
[closed_loop_controller-6] [INFO] [1785998652.673512709] [closed_loop_controller]: Received trajectory 490, duration 2.569s
[scan_planner_node-4] [FSM]: state: EXEC_TRAJ
[scan_planner_node-4] [INFO] [1785998654.065807262] [scan_planner_node]: [GridMapDiag] cloud=32768 accepted=26699 invalid=6069 below_sensor=0 outside_update=0 sensor_z=0.700 cutoff_z=1.700
[scan_planner_node-4] [FSM]: from EXEC_TRAJ to REPLAN_TRAJ
[scan_planner_node-4] 
[scan_planner_node-4] [rebo replan]: -------------------------------------851
[scan_planner_node-4] start:    -6 0.717   0.4, -0.000571      0.54 -9.76e-06
[scan_planner_node-4] goal: -6   1 0.4, 0 0 0
[scan_planner_node-4] [32miter(+1)=12,time(ms)=0.023,total_t(ms)=0.024,cost=0.001
[scan_planner_node-4] [0mfirst_optimize_step_success=1
[scan_planner_node-4] total time:[42m8.33e-05[0m,optimize:6.75e-05,refine:1.58e-05
[scan_planner_node-4] final_plan_success=1
[scan_planner_node-4] [FSM]: from REPLAN_TRAJ to EXEC_TRAJ
[closed_loop_controller-6] [INFO] [1785998654.073430995] [closed_loop_controller]: Received trajectory 491, duration 2.240s
[scan_planner_node-4] [FSM]: state: EXEC_TRAJ
[loop_path_publisher.py-9] [INFO] [1785998654.849598579] [loop_path_publisher]: Published shuttle route with 31 dense points, run 23
[terrain_path_visualizer-10] [INFO] [1785998654.852775297] [terrain_path_segmenter]: Segmented 31 path points into 2 sections
[scan_planner_node-4] [TRIG]: from EXEC_TRAJ to REPLAN_TRAJ
[scan_planner_node-4] [INFO] [1785998654.901534431] [scan_planner_node]: Reference path accepted
[scan_planner_node-4] 
[scan_planner_node-4] [rebo replan]: -------------------------------------852
[scan_planner_node-4] start:    -6 0.956   0.4,  -4.9e-05     0.134 -5.69e-06
[scan_planner_node-4] goal:  -6 4.53 1.28, 0 0 0
[scan_planner_node-4] [32miter(+1)=38,time(ms)=0.309,total_t(ms)=0.309,cost=0.012
[scan_planner_node-4] [0mfirst_optimize_step_success=1
[scan_planner_node-4] total time:[42m0.000575[0m,optimize:0.000518,refine:5.7e-05
[scan_planner_node-4] final_plan_success=1
[scan_planner_node-4] [FSM]: from REPLAN_TRAJ to EXEC_TRAJ
[closed_loop_controller-6] [INFO] [1785998654.902376858] [closed_loop_controller]: Received trajectory 492, duration 6.400s
[scan_planner_node-4] [FSM]: state: EXEC_TRAJ
[scan_planner_node-4] [INFO] [1785998656.163411868] [scan_planner_node]: [GridMapDiag] cloud=32768 accepted=26963 invalid=5805 below_sensor=0 outside_update=0 sensor_z=0.764 cutoff_z=1.764
[scan_planner_node-4] [FSM]: state: EXEC_TRAJ
[scan_planner_node-4] [FSM]: from EXEC_TRAJ to REPLAN_TRAJ
[scan_planner_node-4] 
[scan_planner_node-4] [rebo replan]: -------------------------------------853
[scan_planner_node-4] start:    -6  1.95 0.584, 0.000202     0.76    0.201
[scan_planner_node-4] goal: -6   5 1.4, 0 0 0
[scan_planner_node-4] [32miter(+1)=24,time(ms)=0.072,total_t(ms)=0.072,cost=0.098
[scan_planner_node-4] [0mfirst_optimize_step_success=1
[scan_planner_node-4] Need to reallocate time.
[scan_planner_node-4] total time:[42m0.000315[0m,optimize:0.000167,refine:0.000148
[scan_planner_node-4] final_plan_success=1
[scan_planner_node-4] [FSM]: from REPLAN_TRAJ to EXEC_TRAJ
[closed_loop_controller-6] [INFO] [1785998657.153635934] [closed_loop_controller]: Received trajectory 493, duration 6.532s
[scan_planner_node-4] [FSM]: state: EXEC_TRAJ
[scan_planner_node-4] [INFO] [1785998658.166660364] [scan_planner_node]: [GridMapDiag] cloud=32768 accepted=26081 invalid=6687 below_sensor=0 outside_update=0 sensor_z=1.098 cutoff_z=2.098
[scan_planner_node-4] [FSM]: state: EXEC_TRAJ
[scan_planner_node-4] [FSM]: from EXEC_TRAJ to REPLAN_TRAJ
[scan_planner_node-4] 
[scan_planner_node-4] [rebo replan]: -------------------------------------854
[scan_planner_node-4] start:    -6  2.91 0.825, -0.000362     0.327     0.118
[scan_planner_node-4] goal: -6   5 1.4, 0 0 0
[scan_planner_node-4] [32miter(+1)=22,time(ms)=0.054,total_t(ms)=0.054,cost=0.118
[scan_planner_node-4] [0mfirst_optimize_step_success=1
[scan_planner_node-4] Need to reallocate time.
[scan_planner_node-4] total time:[42m0.000234[0m,optimize:0.000123,refine:0.000111
[scan_planner_node-4] final_plan_success=1
[scan_planner_node-4] [FSM]: from REPLAN_TRAJ to EXEC_TRAJ
[closed_loop_controller-6] [INFO] [1785998658.993547618] [closed_loop_controller]: Received trajectory 494, duration 4.335s
[scan_planner_node-4] [FSM]: state: EXEC_TRAJ
[scan_planner_node-4] [INFO] [1785998660.256293140] [scan_planner_node]: [GridMapDiag] cloud=32768 accepted=21733 invalid=11035 below_sensor=0 outside_update=0 sensor_z=1.320 cutoff_z=2.320
[scan_planner_node-4] [FSM]: state: EXEC_TRAJ
[scan_planner_node-4] [FSM]: from EXEC_TRAJ to REPLAN_TRAJ
[scan_planner_node-4] 
[scan_planner_node-4] [rebo replan]: -------------------------------------855
[scan_planner_node-4] start:   -6 3.91 1.08, -0.000432     0.708     0.122
[scan_planner_node-4] goal: -6   5 1.4, 0 0 0
[scan_planner_node-4] [32miter(+1)=12,time(ms)=0.027,total_t(ms)=0.027,cost=0.120
[scan_planner_node-4] [0mfirst_optimize_step_success=1
[scan_planner_node-4] Need to reallocate time.
[scan_planner_node-4] total time:[42m0.000128[0m,optimize:7.79e-05,refine:5e-05
[scan_planner_node-4] final_plan_success=1
[scan_planner_node-4] [FSM]: from REPLAN_TRAJ to EXEC_TRAJ
[closed_loop_controller-6] [INFO] [1785998660.892226568] [closed_loop_controller]: Received trajectory 495, duration 2.213s
[scan_planner_node-4] [FSM]: state: EXEC_TRAJ
[terrain_path_visualizer-10] [INFO] [1785998662.097052298] [terrain_path_segmenter]: Visualization advanced to segment 2/2
[scan_planner_node-4] [TRIG]: from EXEC_TRAJ to REPLAN_TRAJ
[scan_planner_node-4] [INFO] [1785998662.099521702] [scan_planner_node]: Reference path accepted
[scan_planner_node-4] 
[scan_planner_node-4] [rebo replan]: -------------------------------------856
[scan_planner_node-4] start:   -6 4.75 1.27, -0.000281     0.527     0.108
[scan_planner_node-4] goal: -6   7 1.4, 0 0 0
[scan_planner_node-4] [32miter(+1)=3,time(ms)=0.019,total_t(ms)=0.019,cost=0.029
[scan_planner_node-4] [0mfirst_optimize_step_success=1
[scan_planner_node-4] total time:[42m0.000179[0m,optimize:0.000143,refine:3.57e-05
[scan_planner_node-4] final_plan_success=1
[scan_planner_node-4] [FSM]: from REPLAN_TRAJ to EXEC_TRAJ
[closed_loop_controller-6] [INFO] [1785998662.103605158] [closed_loop_controller]: Received trajectory 496, duration 4.480s
[scan_planner_node-4] [INFO] [1785998662.257235626] [scan_planner_node]: [GridMapDiag] cloud=32768 accepted=16215 invalid=16553 below_sensor=0 outside_update=0 sensor_z=1.656 cutoff_z=2.656
[scan_planner_node-4] [FSM]: state: EXEC_TRAJ
[scan_planner_node-4] [FSM]: from EXEC_TRAJ to REPLAN_TRAJ
[scan_planner_node-4] 
[scan_planner_node-4] [rebo replan]: -------------------------------------857
[scan_planner_node-4] start:   -6 5.76 1.33, 1.19e-05     0.76   0.0438
[scan_planner_node-4] goal: -6   7 1.4, 0 0 0
[scan_planner_node-4] [32miter(+1)=11,time(ms)=0.030,total_t(ms)=0.030,cost=0.042
[scan_planner_node-4] [0mfirst_optimize_step_success=1
[scan_planner_node-4] Need to reallocate time.
[scan_planner_node-4] total time:[42m0.000166[0m,optimize:9.05e-05,refine:7.55e-05
[scan_planner_node-4] final_plan_success=1
[scan_planner_node-4] [FSM]: from REPLAN_TRAJ to EXEC_TRAJ
[closed_loop_controller-6] [INFO] [1785998663.963532332] [closed_loop_controller]: Received trajectory 497, duration 2.554s
[scan_planner_node-4] [FSM]: state: EXEC_TRAJ
[scan_planner_node-4] [INFO] [1785998664.356470054] [scan_planner_node]: [GridMapDiag] cloud=32768 accepted=15407 invalid=17361 below_sensor=0 outside_update=0 sensor_z=1.700 cutoff_z=2.700
[scan_planner_node-4] [FSM]: state: EXEC_TRAJ
[scan_planner_node-4] [FSM]: from EXEC_TRAJ to REPLAN_TRAJ
[scan_planner_node-4] 
[scan_planner_node-4] [rebo replan]: -------------------------------------858
[scan_planner_node-4] start:   -6 6.75 1.37, 4.52e-05    0.516   0.0268
[scan_planner_node-4] goal: -6   7 1.4, 0 0 0
[scan_planner_node-4] [32miter(+1)=13,time(ms)=0.037,total_t(ms)=0.037,cost=0.001
[scan_planner_node-4] [0mfirst_optimize_step_success=1
[scan_planner_node-4] total time:[42m0.000114[0m,optimize:8.96e-05,refine:2.42e-05
[scan_planner_node-4] final_plan_success=1
[scan_planner_node-4] [FSM]: from REPLAN_TRAJ to EXEC_TRAJ
[closed_loop_controller-6] [INFO] [1785998665.373518291] [closed_loop_controller]: Received trajectory 498, duration 2.240s
[loop_path_publisher.py-9] [INFO] [1785998666.057328883] [loop_path_publisher]: Published shuttle route with 193 dense points, run 24
[terrain_path_visualizer-10] [INFO] [1785998666.071106282] [terrain_path_segmenter]: Segmented 193 path points into 3 sections
[scan_planner_node-4] [TRIG]: from EXEC_TRAJ to REPLAN_TRAJ
[scan_planner_node-4] [INFO] [1785998666.474002922] [scan_planner_node]: Reference path accepted
[scan_planner_node-4] 
[scan_planner_node-4] [rebo replan]: -------------------------------------859
[scan_planner_node-4] start:   -6 6.99 1.39, 0.00131  0.0536  0.0135
[scan_planner_node-4] goal:-2.35     7   1.4,      0.75 -1.31e-16         0
[scan_planner_node-4] [32miter(+1)=6,time(ms)=0.027,total_t(ms)=0.027,cost=0.032
[scan_planner_node-4] [0mfirst_optimize_step_success=1
[scan_planner_node-4] total time:[42m0.000213[0m,optimize:0.000165,refine:4.88e-05
[scan_planner_node-4] final_plan_success=1
[scan_planner_node-4] [FSM]: from REPLAN_TRAJ to EXEC_TRAJ
[closed_loop_controller-6] [INFO] [1785998666.474510892] [closed_loop_controller]: Received trajectory 499, duration 6.080s
[scan_planner_node-4] [INFO] [1785998666.573732760] [scan_planner_node]: [GridMapDiag] cloud=32768 accepted=15363 invalid=17405 below_sensor=0 outside_update=0 sensor_z=1.700 cutoff_z=2.700
[scan_planner_node-4] [FSM]: state: EXEC_TRAJ
[scan_planner_node-4] [FSM]: state: EXEC_TRAJ
[scan_planner_node-4] [INFO] [1785998668.595280500] [scan_planner_node]: [GridMapDiag] cloud=32768 accepted=15250 invalid=17518 below_sensor=0 outside_update=0 sensor_z=1.700 cutoff_z=2.700
[scan_planner_node-4] [FSM]: state: EXEC_TRAJ
[scan_planner_node-4] [FSM]: state: EXEC_TRAJ
[scan_planner_node-4] [INFO] [1785998670.686199296] [scan_planner_node]: [GridMapDiag] cloud=32768 accepted=15613 invalid=17155 below_sensor=0 outside_update=0 sensor_z=1.700 cutoff_z=2.700
[scan_planner_node-4] [FSM]: state: EXEC_TRAJ
[scan_planner_node-4] [FSM]: from EXEC_TRAJ to REPLAN_TRAJ
[scan_planner_node-4] 
[scan_planner_node-4] [rebo replan]: -------------------------------------860
[scan_planner_node-4] start: -4.99  6.92  1.39,   0.773  0.0148 0.00272
[scan_planner_node-4] goal:-1.47     7   1.4,     0.75 7.97e-16        0
[scan_planner_node-4] [32miter(+1)=8,time(ms)=0.045,total_t(ms)=0.045,cost=0.014
[scan_planner_node-4] [0mfirst_optimize_step_success=1
[scan_planner_node-4] total time:[42m0.000179[0m,optimize:0.000148,refine:3.14e-05
[scan_planner_node-4] final_plan_success=1
[scan_planner_node-4] [FSM]: from REPLAN_TRAJ to EXEC_TRAJ
[closed_loop_controller-6] [INFO] [1785998671.523523384] [closed_loop_controller]: Received trajectory 500, duration 5.760s
[scan_planner_node-4] [FSM]: state: EXEC_TRAJ
[scan_planner_node-4] [INFO] [1785998672.687677535] [scan_planner_node]: [GridMapDiag] cloud=32768 accepted=27544 invalid=5224 below_sensor=0 outside_update=0 sensor_z=0.700 cutoff_z=1.700
[scan_planner_node-4] [FSM]: from EXEC_TRAJ to REPLAN_TRAJ
[scan_planner_node-4] 
[scan_planner_node-4] [rebo replan]: -------------------------------------861
[scan_planner_node-4] start:   -4 6.96 1.39,   0.632  0.0316 0.00167
[scan_planner_node-4] goal:-0.25     7   1.4,     0.75 5.24e-13        0
[scan_planner_node-4] [32miter(+1)=6,time(ms)=0.020,total_t(ms)=0.020,cost=0.002
[scan_planner_node-4] [0mfirst_optimize_step_success=1
[scan_planner_node-4] total time:[42m0.000166[0m,optimize:0.000131,refine:3.42e-05
[scan_planner_node-4] final_plan_success=1
[scan_planner_node-4] [FSM]: from REPLAN_TRAJ to EXEC_TRAJ
[closed_loop_controller-6] [INFO] [1785998673.123535732] [closed_loop_controller]: Received trajectory 501, duration 5.760s
[scan_planner_node-4] [FSM]: state: EXEC_TRAJ
[scan_planner_node-4] [FSM]: state: EXEC_TRAJ
[scan_planner_node-4] [INFO] [1785998674.687396551] [scan_planner_node]: [GridMapDiag] cloud=32768 accepted=19790 invalid=12978 below_sensor=0 outside_update=0 sensor_z=1.700 cutoff_z=2.700
[scan_planner_node-4] [FSM]: from EXEC_TRAJ to REPLAN_TRAJ
[scan_planner_node-4] 
[scan_planner_node-4] [rebo replan]: -------------------------------------862
[scan_planner_node-4] start: -2.99     7   1.4,   0.626  0.0111 0.00111
[scan_planner_node-4] goal:0.625     7   1.4,    0.75 4.2e-11       0
[scan_planner_node-4] [32miter(+1)=4,time(ms)=0.012,total_t(ms)=0.013,cost=0.005
[scan_planner_node-4] [0mfirst_optimize_step_success=1
[scan_planner_node-4] total time:[42m0.000165[0m,optimize:0.000131,refine:3.39e-05
[scan_planner_node-4] final_plan_success=1
[scan_planner_node-4] [FSM]: from REPLAN_TRAJ to EXEC_TRAJ
[closed_loop_controller-6] [INFO] [1785998674.743503592] [closed_loop_controller]: Received trajectory 502, duration 5.760s
[scan_planner_node-4] [FSM]: state: EXEC_TRAJ
[scan_planner_node-4] [FSM]: from EXEC_TRAJ to REPLAN_TRAJ
[scan_planner_node-4] 
[scan_planner_node-4] [rebo replan]: -------------------------------------863
[scan_planner_node-4] start: -1.98     7   1.4,   0.625 0.00131 0.00084
[scan_planner_node-4] goal:1.5   7 1.4,     0.75 4.26e-10        0
[scan_planner_node-4] [32miter(+1)=9,time(ms)=0.042,total_t(ms)=0.042,cost=0.008
[scan_planner_node-4] [0mfirst_optimize_step_success=1
[scan_planner_node-4] total time:[42m0.000276[0m,optimize:0.000219,refine:5.7e-05
[scan_planner_node-4] final_plan_success=1
[scan_planner_node-4] [FSM]: from REPLAN_TRAJ to EXEC_TRAJ
[closed_loop_controller-6] [INFO] [1785998676.363718708] [closed_loop_controller]: Received trajectory 503, duration 5.760s
[scan_planner_node-4] [FSM]: state: EXEC_TRAJ
[scan_planner_node-4] [INFO] [1785998676.688454557] [scan_planner_node]: [GridMapDiag] cloud=32768 accepted=20773 invalid=11995 below_sensor=0 outside_update=0 sensor_z=1.700 cutoff_z=2.700
[scan_planner_node-4] [FSM]: state: EXEC_TRAJ
[scan_planner_node-4] [FSM]: from EXEC_TRAJ to REPLAN_TRAJ
[scan_planner_node-4] 
[scan_planner_node-4] [rebo replan]: -------------------------------------864
[scan_planner_node-4] start: -0.963      7    1.4,    0.625 -0.00011 0.000629
[scan_planner_node-4] goal:2.73    7  1.4,      0.75 -3.86e-08         0
[scan_planner_node-4] [32miter(+1)=5,time(ms)=0.030,total_t(ms)=0.030,cost=0.001
[scan_planner_node-4] [0mfirst_optimize_step_success=1
[scan_planner_node-4] total time:[42m0.000264[0m,optimize:0.000212,refine:5.24e-05
[scan_planner_node-4] final_plan_success=1
[scan_planner_node-4] [FSM]: from REPLAN_TRAJ to EXEC_TRAJ
[closed_loop_controller-6] [INFO] [1785998677.983921851] [closed_loop_controller]: Received trajectory 504, duration 5.760s
[scan_planner_node-4] [FSM]: state: EXEC_TRAJ
[scan_planner_node-4] [INFO] [1785998678.689402377] [scan_planner_node]: [GridMapDiag] cloud=32768 accepted=20992 invalid=11776 below_sensor=0 outside_update=0 sensor_z=1.700 cutoff_z=2.700
[scan_planner_node-4] [FSM]: state: EXEC_TRAJ
[scan_planner_node-4] [FSM]: from EXEC_TRAJ to REPLAN_TRAJ
[scan_planner_node-4] 
[scan_planner_node-4] [rebo replan]: -------------------------------------865
[scan_planner_node-4] start: 0.0432      7    1.4,     0.625 -8.06e-06  0.000421
[scan_planner_node-4] goal:3.6   7 1.4,      0.75 -1.13e-05         0
[scan_planner_node-4] [32miter(+1)=8,time(ms)=0.024,total_t(ms)=0.025,cost=0.004
[scan_planner_node-4] [0mfirst_optimize_step_success=1
[scan_planner_node-4] total time:[42m0.000165[0m,optimize:0.000134,refine:3.19e-05
[scan_planner_node-4] final_plan_success=1
[scan_planner_node-4] [FSM]: from REPLAN_TRAJ to EXEC_TRAJ
[closed_loop_controller-6] [INFO] [1785998679.593467789] [closed_loop_controller]: Received trajectory 505, duration 5.760s
[scan_planner_node-4] [FSM]: state: EXEC_TRAJ
[scan_planner_node-4] [INFO] [1785998680.690257754] [scan_planner_node]: [GridMapDiag] cloud=32768 accepted=20970 invalid=11798 below_sensor=0 outside_update=0 sensor_z=1.700 cutoff_z=2.700
[scan_planner_node-4] [FSM]: from EXEC_TRAJ to REPLAN_TRAJ
[scan_planner_node-4] 
[scan_planner_node-4] [rebo replan]: -------------------------------------866
[scan_planner_node-4] start: 1.06    7  1.4,     0.625 -2.94e-07  0.000316
[scan_planner_node-4] goal:4.65    7  1.4,     0.75 0.000845        0
[scan_planner_node-4] [32miter(+1)=5,time(ms)=0.017,total_t(ms)=0.017,cost=0.005
[scan_planner_node-4] [0mfirst_optimize_step_success=1
[scan_planner_node-4] total time:[42m0.00016[0m,optimize:0.000127,refine:3.28e-05
[scan_planner_node-4] final_plan_success=1
[scan_planner_node-4] [FSM]: from REPLAN_TRAJ to EXEC_TRAJ
[closed_loop_controller-6] [INFO] [1785998681.213556447] [closed_loop_controller]: Received trajectory 506, duration 5.760s
[scan_planner_node-4] [FSM]: state: EXEC_TRAJ
[scan_planner_node-4] [FSM]: state: EXEC_TRAJ
[scan_planner_node-4] [INFO] [1785998682.787321361] [scan_planner_node]: [GridMapDiag] cloud=32768 accepted=20675 invalid=12093 below_sensor=0 outside_update=0 sensor_z=1.700 cutoff_z=2.700
[scan_planner_node-4] [FSM]: from EXEC_TRAJ to REPLAN_TRAJ
[scan_planner_node-4] 
[scan_planner_node-4] [rebo replan]: -------------------------------------867
[scan_planner_node-4] start: 2.06    7  1.4,     0.625 -1.05e-06  0.000225
[scan_planner_node-4] goal:5.53    7  1.4,   0.745 -0.0051       0
[scan_planner_node-4] [32miter(+1)=9,time(ms)=0.026,total_t(ms)=0.027,cost=0.009
[scan_planner_node-4] [0mfirst_optimize_step_success=1
[scan_planner_node-4] total time:[42m0.000162[0m,optimize:0.000129,refine:3.36e-05
[scan_planner_node-4] final_plan_success=1
[scan_planner_node-4] [FSM]: from REPLAN_TRAJ to EXEC_TRAJ
[closed_loop_controller-6] [INFO] [1785998682.823492995] [closed_loop_controller]: Received trajectory 507, duration 5.760s
[scan_planner_node-4] [FSM]: state: EXEC_TRAJ
[scan_planner_node-4] [FSM]: from EXEC_TRAJ to REPLAN_TRAJ
[scan_planner_node-4] 
[scan_planner_node-4] [rebo replan]: -------------------------------------868
[scan_planner_node-4] start: 3.07    7  1.4,    0.625 0.000118 0.000167
[scan_planner_node-4] goal:   6 6.25  1.4, 0.0106 -0.739      0
[scan_planner_node-4] [32miter(+1)=12,time(ms)=0.045,total_t(ms)=0.045,cost=0.007
[scan_planner_node-4] [0mfirst_optimize_step_success=1
[scan_planner_node-4] total time:[42m0.000206[0m,optimize:0.000174,refine:3.17e-05
[scan_planner_node-4] final_plan_success=1
[scan_planner_node-4] [FSM]: from REPLAN_TRAJ to EXEC_TRAJ
[closed_loop_controller-6] [INFO] [1785998684.443519563] [closed_loop_controller]: Received trajectory 508, duration 5.760s
[scan_planner_node-4] [FSM]: state: EXEC_TRAJ
[scan_planner_node-4] [INFO] [1785998684.788027614] [scan_planner_node]: [GridMapDiag] cloud=32768 accepted=19532 invalid=13236 below_sensor=0 outside_update=0 sensor_z=1.700 cutoff_z=2.700
[scan_planner_node-4] [FSM]: state: EXEC_TRAJ
[scan_planner_node-4] [FSM]: from EXEC_TRAJ to REPLAN_TRAJ
[scan_planner_node-4] 
[scan_planner_node-4] [rebo replan]: -------------------------------------869
[scan_planner_node-4] start: 4.09    7  1.4,    0.623 -0.00103 0.000114
[scan_planner_node-4] goal:  6 5.2 1.4, 0 0 0
[scan_planner_node-4] [32miter(+1)=26,time(ms)=0.088,total_t(ms)=0.088,cost=0.025
[scan_planner_node-4] [0mfirst_optimize_step_success=1
[scan_planner_node-4] total time:[42m0.00023[0m,optimize:0.000196,refine:3.37e-05
[scan_planner_node-4] final_plan_success=1
[scan_planner_node-4] [FSM]: from REPLAN_TRAJ to EXEC_TRAJ
[closed_loop_controller-6] [INFO] [1785998686.063513668] [closed_loop_controller]: Received trajectory 509, duration 5.760s
[scan_planner_node-4] [INFO] [1785998686.852042985] [scan_planner_node]: [GridMapDiag] cloud=32768 accepted=17143 invalid=15625 below_sensor=0 outside_update=0 sensor_z=1.700 cutoff_z=2.700
[scan_planner_node-4] [FSM]: state: EXEC_TRAJ
[scan_planner_node-4] [FSM]: from EXEC_TRAJ to REPLAN_TRAJ
[scan_planner_node-4] 
[scan_planner_node-4] [rebo replan]: -------------------------------------870
[scan_planner_node-4] start: 5.09 7.04  1.4,    0.681   0.0841 8.33e-05
[scan_planner_node-4] goal:  6   5 1.4, 0 0 0
[scan_planner_node-4] [32miter(+1)=25,time(ms)=0.068,total_t(ms)=0.068,cost=0.028
[scan_planner_node-4] [0mfirst_optimize_step_success=1
[scan_planner_node-4] total time:[42m0.000185[0m,optimize:0.000158,refine:2.66e-05
[scan_planner_node-4] final_plan_success=1
[scan_planner_node-4] [FSM]: from REPLAN_TRAJ to EXEC_TRAJ
[closed_loop_controller-6] [INFO] [1785998687.653516214] [closed_loop_controller]: Received trajectory 510, duration 4.480s
[scan_planner_node-4] [FSM]: state: EXEC_TRAJ
[scan_planner_node-4] [INFO] [1785998688.895752067] [scan_planner_node]: [GridMapDiag] cloud=32768 accepted=15395 invalid=17373 below_sensor=0 outside_update=0 sensor_z=1.700 cutoff_z=2.700
[scan_planner_node-4] [FSM]: state: EXEC_TRAJ
[scan_planner_node-4] [FSM]: from EXEC_TRAJ to REPLAN_TRAJ
[scan_planner_node-4] 
[scan_planner_node-4] [rebo replan]: -------------------------------------871
[scan_planner_node-4] start: 5.95 6.52  1.4,    0.184    -0.74 7.93e-05
[scan_planner_node-4] goal:  6   5 1.4, 0 0 0
[scan_planner_node-4] [32miter(+1)=15,time(ms)=0.046,total_t(ms)=0.046,cost=0.040
[scan_planner_node-4] [0mfirst_optimize_step_success=1
[scan_planner_node-4] Need to reallocate time.
[scan_planner_node-4] total time:[42m0.000249[0m,optimize:0.000127,refine:0.000123
[scan_planner_node-4] final_plan_success=1
[scan_planner_node-4] [FSM]: from REPLAN_TRAJ to EXEC_TRAJ
[closed_loop_controller-6] [INFO] [1785998689.623709467] [closed_loop_controller]: Received trajectory 511, duration 2.945s
[scan_planner_node-4] [FSM]: state: EXEC_TRAJ
[scan_planner_node-4] [INFO] [1785998690.895844212] [scan_planner_node]: [GridMapDiag] cloud=32768 accepted=15278 invalid=17490 below_sensor=0 outside_update=0 sensor_z=1.700 cutoff_z=2.700
[scan_planner_node-4] [FSM]: from EXEC_TRAJ to REPLAN_TRAJ
[scan_planner_node-4] 
[scan_planner_node-4] [rebo replan]: -------------------------------------872
[scan_planner_node-4] start: 6.02 5.54  1.4,  -0.0173   -0.666 6.13e-05
[scan_planner_node-4] goal:  6   5 1.4, 0 0 0
[scan_planner_node-4] [32miter(+1)=9,time(ms)=0.031,total_t(ms)=0.032,cost=0.001
[scan_planner_node-4] [0mfirst_optimize_step_success=1
[scan_planner_node-4] total time:[42m0.000129[0m,optimize:0.0001,refine:2.87e-05
[scan_planner_node-4] final_plan_success=1
[scan_planner_node-4] [FSM]: from REPLAN_TRAJ to EXEC_TRAJ
[closed_loop_controller-6] [INFO] [1785998690.953616282] [closed_loop_controller]: Received trajectory 512, duration 1.920s
[scan_planner_node-4] [FSM]: state: EXEC_TRAJ
[terrain_path_visualizer-10] [INFO] [1785998691.507507031] [terrain_path_segmenter]: Visualization advanced to segment 2/3
[scan_planner_node-4] [TRIG]: from EXEC_TRAJ to REPLAN_TRAJ
[scan_planner_node-4] [INFO] [1785998691.511482410] [scan_planner_node]: Reference path accepted
[scan_planner_node-4] 
[scan_planner_node-4] [rebo replan]: -------------------------------------873
[scan_planner_node-4] start: 6.01 5.26  1.4,  -0.0111   -0.426 4.81e-05
[scan_planner_node-4] goal:  6   3 0.4, 0 0 0
[scan_planner_node-4] [WARN] [1785998691.519639935] [path_searching]: [AStarDiag] result=OPEN_SET_EMPTY start=[6.006 4.755 1.173] end=[6.005 4.343 0.993] adjusted_start=[6.005 4.749 1.183] adjusted_end=[6.005 4.399 1.033] iter=6799 occupied_rejects=1392 pool_rejects=1130 elapsed_ms=6.37
[scan_planner_node-4] [ERROR] [1785998691.519684390] [bspline_opt]: [ReplanDiag] init_control_points A-star failed ret=2 segment=1/1 ids=[5,7] start=[6.006 4.755 1.173] end=[6.005 4.343 0.993]
[scan_planner_node-4] [WARN] [1785998691.525919563] [path_searching]: [AStarDiag] result=OPEN_SET_EMPTY start=[6.004 4.101 0.886] end=[6.001 3.230 0.499] adjusted_start=[6.002 4.115 0.893] adjusted_end=[6.002 3.265 0.543] iter=6680 occupied_rejects=1498 pool_rejects=1133 elapsed_ms=6.16
[scan_planner_node-4] [ERROR] [1785998691.525951567] [bspline_opt]: [ReplanDiag] rebound A-star failed ret=2 segment=1/1 ids=[8,12] start=[6.004 4.101 0.886] end=[6.001 3.230 0.499]
[scan_planner_node-4] iter=5,time(ms)=6.26,rebound.
[scan_planner_node-4] [WARN] [1785998691.533180783] [path_searching]: [AStarDiag] result=OPEN_SET_EMPTY start=[6.006 4.755 1.173] end=[6.005 4.342 0.993] adjusted_start=[6.005 4.748 1.183] adjusted_end=[6.005 4.398 1.033] iter=6799 occupied_rejects=1392 pool_rejects=1130 elapsed_ms=7.15
[scan_planner_node-4] [ERROR] [1785998691.533221006] [bspline_opt]: [ReplanDiag] init_control_points A-star failed ret=2 segment=1/1 ids=[5,7] start=[6.006 4.755 1.173] end=[6.005 4.342 0.993]
[scan_planner_node-4] [32miter(+1)=3,time(ms)=0.012,keep optimizing
[scan_planner_node-4] [WARN] [1785998691.541026754] [path_searching]: [AStarDiag] result=OPEN_SET_EMPTY start=[6.006 4.755 1.173] end=[6.005 4.342 0.993] adjusted_start=[6.005 4.748 1.183] adjusted_end=[6.005 4.398 1.033] iter=6799 occupied_rejects=1392 pool_rejects=1130 elapsed_ms=7.72
[scan_planner_node-4] [ERROR] [1785998691.541060489] [bspline_opt]: [ReplanDiag] init_control_points A-star failed ret=2 segment=1/1 ids=[5,7] start=[6.006 4.755 1.173] end=[6.005 4.342 0.993]
[scan_planner_node-4] [0m[32miter(+1)=1,time(ms)=0.016,keep optimizing
[scan_planner_node-4] [WARN] [1785998691.546982922] [path_searching]: [AStarDiag] result=OPEN_SET_EMPTY start=[6.006 4.755 1.173] end=[6.005 4.342 0.993] adjusted_start=[6.005 4.748 1.183] adjusted_end=[6.005 4.398 1.033] iter=6799 occupied_rejects=1392 pool_rejects=1130 elapsed_ms=5.85
[scan_planner_node-4] [ERROR] [1785998691.547015761] [bspline_opt]: [ReplanDiag] init_control_points A-star failed ret=2 segment=1/1 ids=[5,7] start=[6.006 4.755 1.173] end=[6.005 4.342 0.993]
[scan_planner_node-4] [0m[32miter(+1)=1,time(ms)=0.019,keep optimizing
[scan_planner_node-4] [0mfirst_optimize_step_success=0
[scan_planner_node-4] final_plan_success=0
[scan_planner_node-4] 
[scan_planner_node-4] [rebo replan]: -------------------------------------874
[scan_planner_node-4] start: 6.01 5.26  1.4,  -0.0111   -0.426 4.81e-05
[scan_planner_node-4] goal:  6   3 0.4, 0 0 0
[scan_planner_node-4] [WARN] [1785998691.553415458] [path_searching]: [AStarDiag] result=OPEN_SET_EMPTY start=[6.006 4.755 1.173] end=[6.005 4.343 0.993] adjusted_start=[6.005 4.749 1.183] adjusted_end=[6.005 4.399 1.033] iter=6799 occupied_rejects=1392 pool_rejects=1130 elapsed_ms=6.25
[scan_planner_node-4] [ERROR] [1785998691.553453561] [bspline_opt]: [ReplanDiag] init_control_points A-star failed ret=2 segment=1/1 ids=[5,7] start=[6.006 4.755 1.173] end=[6.005 4.343 0.993]
[scan_planner_node-4] [WARN] [1785998691.560000007] [path_searching]: [AStarDiag] result=OPEN_SET_EMPTY start=[6.004 4.101 0.886] end=[6.001 3.230 0.499] adjusted_start=[6.002 4.115 0.893] adjusted_end=[6.002 3.265 0.543] iter=6680 occupied_rejects=1498 pool_rejects=1133 elapsed_ms=6.49
[scan_planner_node-4] [ERROR] [1785998691.560035506] [bspline_opt]: [ReplanDiag] rebound A-star failed ret=2 segment=1/1 ids=[8,12] start=[6.004 4.101 0.886] end=[6.001 3.230 0.499]
[scan_planner_node-4] iter=5,time(ms)=6.58,rebound.
[scan_planner_node-4] [WARN] [1785998691.566368560] [path_searching]: [AStarDiag] result=OPEN_SET_EMPTY start=[6.006 4.755 1.173] end=[6.005 4.342 0.993] adjusted_start=[6.005 4.748 1.183] adjusted_end=[6.005 4.398 1.033] iter=6799 occupied_rejects=1392 pool_rejects=1130 elapsed_ms=6.26
[scan_planner_node-4] [ERROR] [1785998691.566400340] [bspline_opt]: [ReplanDiag] init_control_points A-star failed ret=2 segment=1/1 ids=[5,7] start=[6.006 4.755 1.173] end=[6.005 4.342 0.993]
[scan_planner_node-4] [32miter(+1)=3,time(ms)=0.012,keep optimizing
[scan_planner_node-4] [WARN] [1785998691.572847216] [path_searching]: [AStarDiag] result=OPEN_SET_EMPTY start=[6.006 4.755 1.173] end=[6.005 4.342 0.993] adjusted_start=[6.005 4.748 1.183] adjusted_end=[6.005 4.398 1.033] iter=6799 occupied_rejects=1392 pool_rejects=1130 elapsed_ms=6.38
[scan_planner_node-4] [ERROR] [1785998691.572881158] [bspline_opt]: [ReplanDiag] init_control_points A-star failed ret=2 segment=1/1 ids=[5,7] start=[6.006 4.755 1.173] end=[6.005 4.342 0.993]
[scan_planner_node-4] [0m[32miter(+1)=1,time(ms)=0.017,keep optimizing
[scan_planner_node-4] [WARN] [1785998691.579219528] [path_searching]: [AStarDiag] result=OPEN_SET_EMPTY start=[6.006 4.755 1.173] end=[6.005 4.342 0.993] adjusted_start=[6.005 4.748 1.183] adjusted_end=[6.005 4.398 1.033] iter=6799 occupied_rejects=1392 pool_rejects=1130 elapsed_ms=6.23
[scan_planner_node-4] [ERROR] [1785998691.579252012] [bspline_opt]: [ReplanDiag] init_control_points A-star failed ret=2 segment=1/1 ids=[5,7] start=[6.006 4.755 1.173] end=[6.005 4.342 0.993]
[scan_planner_node-4] [0m[32miter(+1)=1,time(ms)=0.020,keep optimizing
[scan_planner_node-4] [0mfirst_optimize_step_success=0
[scan_planner_node-4] final_plan_success=0
[scan_planner_node-4] 
[scan_planner_node-4] [rebo replan]: -------------------------------------875
[scan_planner_node-4] start: 6.01 5.26  1.4,  -0.0111   -0.426 4.81e-05
[scan_planner_node-4] goal:  6   3 0.4, 0 0 0
[scan_planner_node-4] [WARN] [1785998691.586005816] [path_searching]: [AStarDiag] result=OPEN_SET_EMPTY start=[6.347 4.037 0.859] end=[6.156 3.312 0.541] adjusted_start=[6.351 4.025 0.850] adjusted_end=[6.201 3.325 0.550] iter=6622 occupied_rejects=1703 pool_rejects=1101 elapsed_ms=6.50
[scan_planner_node-4] [ERROR] [1785998691.586043310] [bspline_opt]: [ReplanDiag] rebound A-star failed ret=2 segment=1/1 ids=[9,12] start=[6.347 4.037 0.859] end=[6.156 3.312 0.541]
[scan_planner_node-4] iter=5,time(ms)=6.6,rebound.
[scan_planner_node-4] [WARN] [1785998691.593109362] [path_searching]: [AStarDiag] result=OPEN_SET_EMPTY start=[6.346 4.035 0.859] end=[6.154 3.304 0.541] adjusted_start=[6.350 4.019 0.850] adjusted_end=[6.200 3.319 0.550] iter=6738 occupied_rejects=1544 pool_rejects=1101 elapsed_ms=6.99
[scan_planner_node-4] [ERROR] [1785998691.593152858] [bspline_opt]: [ReplanDiag] rebound A-star failed ret=2 segment=1/1 ids=[9,12] start=[6.346 4.035 0.859] end=[6.154 3.304 0.541]
[scan_planner_node-4] iter=5,time(ms)=7.1,rebound.
[scan_planner_node-4] [WARN] [1785998691.599523895] [path_searching]: [AStarDiag] result=OPEN_SET_EMPTY start=[6.344 4.033 0.859] end=[6.151 3.302 0.541] adjusted_start=[6.348 4.018 0.850] adjusted_end=[6.198 3.318 0.550] iter=6724 occupied_rejects=1459 pool_rejects=1136 elapsed_ms=6.29
[scan_planner_node-4] [ERROR] [1785998691.599564497] [bspline_opt]: [ReplanDiag] rebound A-star failed ret=2 segment=1/1 ids=[9,12] start=[6.344 4.033 0.859] end=[6.151 3.302 0.541]
[scan_planner_node-4] iter=5,time(ms)=6.4,rebound.
[scan_planner_node-4] [32miter(+1)=4,time(ms)=0.019,keep optimizing
[scan_planner_node-4] [WARN] [1785998691.606685263] [path_searching]: [AStarDiag] result=OPEN_SET_EMPTY start=[6.345 4.013 0.859] end=[6.148 3.300 0.541] adjusted_start=[6.346 4.007 0.850] adjusted_end=[6.196 3.307 0.550] iter=6724 occupied_rejects=1459 pool_rejects=1136 elapsed_ms=6.90
[scan_planner_node-4] [ERROR] [1785998691.606723105] [bspline_opt]: [ReplanDiag] rebound A-star failed ret=2 segment=2/2 ids=[9,12] start=[6.345 4.013 0.859] end=[6.148 3.300 0.541]
[scan_planner_node-4] [0miter=5,time(ms)=7,rebound.
[scan_planner_node-4] [WARN] [1785998691.612711801] [path_searching]: [AStarDiag] result=OPEN_SET_EMPTY start=[6.349 4.019 0.859] end=[6.148 3.297 0.541] adjusted_start=[6.348 4.008 0.850] adjusted_end=[6.198 3.308 0.550] iter=6724 occupied_rejects=1459 pool_rejects=1136 elapsed_ms=5.92
[scan_planner_node-4] [ERROR] [1785998691.612748305] [bspline_opt]: [ReplanDiag] rebound A-star failed ret=2 segment=1/1 ids=[9,12] start=[6.349 4.019 0.859] end=[6.148 3.297 0.541]
[scan_planner_node-4] iter=5,time(ms)=6,rebound.
[scan_planner_node-4] [WARN] [1785998691.619404647] [path_searching]: [AStarDiag] result=OPEN_SET_EMPTY start=[6.352 4.017 0.859] end=[6.148 3.294 0.541] adjusted_start=[6.350 4.005 0.850] adjusted_end=[6.200 3.305 0.550] iter=6738 occupied_rejects=1508 pool_rejects=1101 elapsed_ms=6.58
[scan_planner_node-4] [ERROR] [1785998691.619445307] [bspline_opt]: [ReplanDiag] rebound A-star failed ret=2 segment=1/1 ids=[9,12] start=[6.352 4.017 0.859] end=[6.148 3.294 0.541]
[scan_planner_node-4] iter=5,time(ms)=6.7,rebound.
[scan_planner_node-4] [WARN] [1785998691.625811114] [path_searching]: [AStarDiag] result=OPEN_SET_EMPTY start=[6.358 4.014 0.859] end=[6.144 3.294 0.541] adjusted_start=[6.351 4.004 0.850] adjusted_end=[6.201 3.304 0.550] iter=6738 occupied_rejects=1508 pool_rejects=1101 elapsed_ms=6.29
[scan_planner_node-4] [ERROR] [1785998691.625837183] [bspline_opt]: [ReplanDiag] rebound A-star failed ret=2 segment=1/1 ids=[9,12] start=[6.358 4.014 0.859] end=[6.144 3.294 0.541]
[scan_planner_node-4] iter=5,time(ms)=6.4,rebound.
[scan_planner_node-4] [WARN] [1785998691.632016019] [path_searching]: [AStarDiag] result=OPEN_SET_EMPTY start=[6.359 4.012 0.859] end=[6.144 3.292 0.541] adjusted_start=[6.351 4.002 0.850] adjusted_end=[6.201 3.302 0.550] iter=6738 occupied_rejects=1508 pool_rejects=1101 elapsed_ms=6.12
[scan_planner_node-4] [ERROR] [1785998691.632037598] [bspline_opt]: [ReplanDiag] rebound A-star failed ret=2 segment=1/1 ids=[9,12] start=[6.359 4.012 0.859] end=[6.144 3.292 0.541]
[scan_planner_node-4] iter=5,time(ms)=6.2,rebound.
[scan_planner_node-4] [WARN] [1785998691.639409614] [path_searching]: [AStarDiag] result=OPEN_SET_EMPTY start=[6.361 4.006 0.859] end=[6.139 3.291 0.541] adjusted_start=[6.350 3.998 0.850] adjusted_end=[6.200 3.298 0.550] iter=6745 occupied_rejects=1437 pool_rejects=1136 elapsed_ms=7.30
[scan_planner_node-4] [ERROR] [1785998691.639453837] [bspline_opt]: [ReplanDiag] rebound A-star failed ret=2 segment=1/1 ids=[9,12] start=[6.361 4.006 0.859] end=[6.139 3.291 0.541]
[scan_planner_node-4] iter=5,time(ms)=7.4,rebound.
[scan_planner_node-4] [32miter(+1)=4,time(ms)=0.019,keep optimizing
[scan_planner_node-4] [WARN] [1785998691.645768262] [path_searching]: [AStarDiag] result=OPEN_SET_EMPTY start=[6.361 4.000 0.859] end=[6.137 3.289 0.541] adjusted_start=[6.349 3.994 0.850] adjusted_end=[6.149 3.294 0.550] iter=6684 occupied_rejects=1639 pool_rejects=1136 elapsed_ms=6.15
[scan_planner_node-4] [ERROR] [1785998691.645791068] [bspline_opt]: [ReplanDiag] rebound A-star failed ret=2 segment=1/1 ids=[9,12] start=[6.361 4.000 0.859] end=[6.137 3.289 0.541]
[scan_planner_node-4] [0miter=5,time(ms)=6.2,rebound.
[scan_planner_node-4] [WARN] [1785998691.652309540] [path_searching]: [AStarDiag] result=OPEN_SET_EMPTY start=[6.364 3.999 0.859] end=[6.137 3.286 0.541] adjusted_start=[6.351 3.993 0.850] adjusted_end=[6.151 3.293 0.550] iter=6690 occupied_rejects=1623 pool_rejects=1101 elapsed_ms=6.46
[scan_planner_node-4] [ERROR] [1785998691.652344221] [bspline_opt]: [ReplanDiag] rebound A-star failed ret=2 segment=1/1 ids=[9,12] start=[6.364 3.999 0.859] end=[6.137 3.286 0.541]
[scan_planner_node-4] iter=5,time(ms)=6.6,rebound.
[scan_planner_node-4] [WARN] [1785998691.659384564] [path_searching]: [AStarDiag] result=OPEN_SET_EMPTY start=[6.377 3.994 0.859] end=[6.138 3.284 0.541] adjusted_start=[6.357 3.989 0.850] adjusted_end=[6.157 3.289 0.550] iter=6690 occupied_rejects=1623 pool_rejects=1101 elapsed_ms=6.97
[scan_planner_node-4] [ERROR] [1785998691.659419655] [bspline_opt]: [ReplanDiag] rebound A-star failed ret=2 segment=1/1 ids=[9,12] start=[6.377 3.994 0.859] end=[6.138 3.284 0.541]
[scan_planner_node-4] iter=5,time(ms)=7.1,rebound.
[scan_planner_node-4] [WARN] [1785998691.666270609] [path_searching]: [AStarDiag] result=OPEN_SET_EMPTY start=[6.374 3.993 0.859] end=[6.134 3.282 0.541] adjusted_start=[6.354 3.988 0.850] adjusted_end=[6.154 3.288 0.550] iter=6690 occupied_rejects=1623 pool_rejects=1101 elapsed_ms=6.79
[scan_planner_node-4] [ERROR] [1785998691.666304006] [bspline_opt]: [ReplanDiag] rebound A-star failed ret=2 segment=1/1 ids=[9,12] start=[6.374 3.993 0.859] end=[6.134 3.282 0.541]
[scan_planner_node-4] iter=5,time(ms)=6.9,rebound.
[scan_planner_node-4] [WARN] [1785998691.672915525] [path_searching]: [AStarDiag] result=OPEN_SET_EMPTY start=[6.378 3.989 0.859] end=[6.134 3.282 0.541] adjusted_start=[6.356 3.985 0.850] adjusted_end=[6.156 3.285 0.550] iter=6690 occupied_rejects=1623 pool_rejects=1101 elapsed_ms=6.55
[scan_planner_node-4] [ERROR] [1785998691.672966241] [bspline_opt]: [ReplanDiag] rebound A-star failed ret=2 segment=1/1 ids=[9,12] start=[6.378 3.989 0.859] end=[6.134 3.282 0.541]
[scan_planner_node-4] iter=5,time(ms)=6.7,rebound.
[scan_planner_node-4] [WARN] [1785998691.679739180] [path_searching]: [AStarDiag] result=OPEN_SET_EMPTY start=[6.378 3.987 0.859] end=[6.132 3.281 0.541] adjusted_start=[6.355 3.984 0.850] adjusted_end=[6.155 3.284 0.550] iter=6690 occupied_rejects=1623 pool_rejects=1101 elapsed_ms=6.68
[scan_planner_node-4] [ERROR] [1785998691.679773075] [bspline_opt]: [ReplanDiag] rebound A-star failed ret=2 segment=1/1 ids=[9,12] start=[6.378 3.987 0.859] end=[6.132 3.281 0.541]
[scan_planner_node-4] iter=5,time(ms)=6.8,rebound.
[scan_planner_node-4] [WARN] [1785998691.686377598] [path_searching]: [AStarDiag] result=OPEN_SET_EMPTY start=[6.382 3.984 0.859] end=[6.132 3.280 0.541] adjusted_start=[6.407 3.982 0.850] adjusted_end=[6.157 3.282 0.550] iter=6597 occupied_rejects=1660 pool_rejects=1101 elapsed_ms=6.54
[scan_planner_node-4] [ERROR] [1785998691.686413797] [bspline_opt]: [ReplanDiag] rebound A-star failed ret=2 segment=1/1 ids=[9,12] start=[6.382 3.984 0.859] end=[6.132 3.280 0.541]
[scan_planner_node-4] iter=5,time(ms)=6.6,rebound.
[scan_planner_node-4] [WARN] [1785998691.693618112] [path_searching]: [AStarDiag] result=OPEN_SET_EMPTY start=[6.382 3.983 0.859] end=[6.130 3.279 0.541] adjusted_start=[6.406 3.981 0.850] adjusted_end=[6.156 3.281 0.550] iter=6597 occupied_rejects=1660 pool_rejects=1101 elapsed_ms=7.13
[scan_planner_node-4] [ERROR] [1785998691.693654710] [bspline_opt]: [ReplanDiag] rebound A-star failed ret=2 segment=1/1 ids=[9,12] start=[6.382 3.983 0.859] end=[6.130 3.279 0.541]
[scan_planner_node-4] iter=5,time(ms)=7.2,rebound.
[scan_planner_node-4] [WARN] [1785998691.700626184] [path_searching]: [AStarDiag] result=OPEN_SET_EMPTY start=[6.385 3.980 0.859] end=[6.130 3.278 0.541] adjusted_start=[6.408 3.979 0.850] adjusted_end=[6.158 3.279 0.550] iter=6604 occupied_rejects=1771 pool_rejects=1101 elapsed_ms=6.90
[scan_planner_node-4] [ERROR] [1785998691.700661586] [bspline_opt]: [ReplanDiag] rebound A-star failed ret=2 segment=1/1 ids=[9,12] start=[6.385 3.980 0.859] end=[6.130 3.278 0.541]
[scan_planner_node-4] iter=5,time(ms)=7,rebound.
[scan_planner_node-4] [WARN] [1785998691.707231938] [path_searching]: [AStarDiag] result=OPEN_SET_EMPTY start=[6.385 3.978 0.859] end=[6.129 3.277 0.541] adjusted_start=[6.407 3.978 0.850] adjusted_end=[6.157 3.278 0.550] iter=6604 occupied_rejects=1771 pool_rejects=1101 elapsed_ms=6.49
[scan_planner_node-4] [ERROR] [1785998691.707270437] [bspline_opt]: [ReplanDiag] rebound A-star failed ret=2 segment=1/1 ids=[9,12] start=[6.385 3.978 0.859] end=[6.129 3.277 0.541]
[scan_planner_node-4] iter=5,time(ms)=6.6,rebound.
[scan_planner_node-4] [WARN] [1785998691.713604617] [path_searching]: [AStarDiag] result=OPEN_SET_EMPTY start=[6.389 3.975 0.859] end=[6.129 3.276 0.541] adjusted_start=[6.409 3.975 0.850] adjusted_end=[6.159 3.275 0.550] iter=6507 occupied_rejects=1699 pool_rejects=1104 elapsed_ms=6.26
[scan_planner_node-4] [ERROR] [1785998691.713639462] [bspline_opt]: [ReplanDiag] rebound A-star failed ret=2 segment=1/1 ids=[9,12] start=[6.389 3.975 0.859] end=[6.129 3.276 0.541]
[scan_planner_node-4] iter=5,time(ms)=6.4,rebound.
[scan_planner_node-4] [WARN] [1785998691.720106655] [path_searching]: [AStarDiag] result=OPEN_SET_EMPTY start=[6.388 3.973 0.859] end=[6.128 3.275 0.541] adjusted_start=[6.408 3.974 0.850] adjusted_end=[6.158 3.274 0.550] iter=6507 occupied_rejects=1699 pool_rejects=1104 elapsed_ms=6.40
[scan_planner_node-4] [ERROR] [1785998691.720143792] [bspline_opt]: [ReplanDiag] rebound A-star failed ret=2 segment=1/1 ids=[9,12] start=[6.388 3.973 0.859] end=[6.128 3.275 0.541]
[scan_planner_node-4] iter=5,time(ms)=6.5,rebound.
[scan_planner_node-4] first_optimize_step_success=0
[scan_planner_node-4] final_plan_success=0
[scan_planner_node-4] [FSM]: from REPLAN_TRAJ to REPLAN_TRAJ
[scan_planner_node-4] 
[scan_planner_node-4] [rebo replan]: -------------------------------------876
[scan_planner_node-4] start: 6.01 5.18  1.4, -0.00944   -0.331 5.91e-05
[scan_planner_node-4] goal:  6   3 0.4, 0 0 0
[scan_planner_node-4] [WARN] [1785998691.727507905] [path_searching]: [AStarDiag] result=OPEN_SET_EMPTY start=[6.011 4.107 0.906] end=[6.002 3.125 0.492] adjusted_start=[6.007 4.116 0.899] adjusted_end=[6.007 3.166 0.549] iter=6647 occupied_rejects=1454 pool_rejects=1133 elapsed_ms=7.10
[scan_planner_node-4] [ERROR] [1785998691.727542334] [bspline_opt]: [ReplanDiag] rebound A-star failed ret=2 segment=1/1 ids=[7,12] start=[6.011 4.107 0.906] end=[6.002 3.125 0.492]
[scan_planner_node-4] iter=5,time(ms)=7.19,rebound.
[scan_planner_node-4] [WARN] [1785998691.734441438] [path_searching]: [AStarDiag] result=OPEN_SET_EMPTY start=[6.011 4.108 0.906] end=[6.002 3.117 0.492] adjusted_start=[6.007 4.113 0.899] adjusted_end=[6.007 3.163 0.549] iter=6647 occupied_rejects=1454 pool_rejects=1133 elapsed_ms=6.84
[scan_planner_node-4] [ERROR] [1785998691.734484932] [bspline_opt]: [ReplanDiag] rebound A-star failed ret=2 segment=1/1 ids=[7,12] start=[6.011 4.108 0.906] end=[6.002 3.117 0.492]
[scan_planner_node-4] iter=5,time(ms)=6.94,rebound.
[scan_planner_node-4] [WARN] [1785998691.741582957] [path_searching]: [AStarDiag] result=OPEN_SET_EMPTY start=[6.011 4.098 0.906] end=[6.002 3.100 0.492] adjusted_start=[6.006 4.099 0.899] adjusted_end=[6.006 3.149 0.549] iter=6656 occupied_rejects=1432 pool_rejects=1133 elapsed_ms=7.02
[scan_planner_node-4] [ERROR] [1785998691.741623989] [bspline_opt]: [ReplanDiag] rebound A-star failed ret=2 segment=1/1 ids=[7,12] start=[6.011 4.098 0.906] end=[6.002 3.100 0.492]
[scan_planner_node-4] iter=5,time(ms)=7.12,rebound.
[scan_planner_node-4] [WARN] [1785998691.748082563] [path_searching]: [AStarDiag] result=OPEN_SET_EMPTY start=[6.011 4.102 0.906] end=[6.002 3.099 0.492] adjusted_start=[6.006 4.100 0.899] adjusted_end=[6.006 3.150 0.549] iter=6647 occupied_rejects=1453 pool_rejects=1133 elapsed_ms=6.39
[scan_planner_node-4] [ERROR] [1785998691.748115831] [bspline_opt]: [ReplanDiag] rebound A-star failed ret=2 segment=1/1 ids=[7,12] start=[6.011 4.102 0.906] end=[6.002 3.099 0.492]
[scan_planner_node-4] iter=5,time(ms)=6.48,rebound.
[scan_planner_node-4] [WARN] [1785998691.755028103] [path_searching]: [AStarDiag] result=OPEN_SET_EMPTY start=[6.011 4.100 0.906] end=[6.002 3.090 0.492] adjusted_start=[6.007 4.095 0.899] adjusted_end=[6.007 3.145 0.549] iter=6656 occupied_rejects=1432 pool_rejects=1133 elapsed_ms=6.85
[scan_planner_node-4] [ERROR] [1785998691.755070686] [bspline_opt]: [ReplanDiag] rebound A-star failed ret=2 segment=1/1 ids=[7,12] start=[6.011 4.100 0.906] end=[6.002 3.090 0.492]
[scan_planner_node-4] iter=5,time(ms)=6.95,rebound.
[scan_planner_node-4] [WARN] [1785998691.761596613] [path_searching]: [AStarDiag] result=OPEN_SET_EMPTY start=[6.012 4.104 0.906] end=[6.002 3.090 0.492] adjusted_start=[6.007 4.097 0.899] adjusted_end=[6.007 3.147 0.549] iter=6656 occupied_rejects=1432 pool_rejects=1133 elapsed_ms=6.46
[scan_planner_node-4] [ERROR] [1785998691.761623294] [bspline_opt]: [ReplanDiag] rebound A-star failed ret=2 segment=1/1 ids=[7,12] start=[6.012 4.104 0.906] end=[6.002 3.090 0.492]
[scan_planner_node-4] iter=5,time(ms)=6.53,rebound.
[scan_planner_node-4] [WARN] [1785998691.768373613] [path_searching]: [AStarDiag] result=OPEN_SET_EMPTY start=[6.012 4.103 0.906] end=[6.002 3.084 0.492] adjusted_start=[6.007 4.093 0.899] adjusted_end=[6.007 3.143 0.549] iter=6656 occupied_rejects=1432 pool_rejects=1133 elapsed_ms=6.70
[scan_planner_node-4] [ERROR] [1785998691.768410398] [bspline_opt]: [ReplanDiag] rebound A-star failed ret=2 segment=1/1 ids=[7,12] start=[6.012 4.103 0.906] end=[6.002 3.084 0.492]
[scan_planner_node-4] iter=5,time(ms)=6.8,rebound.
[scan_planner_node-4] [WARN] [1785998691.775112915] [path_searching]: [AStarDiag] result=OPEN_SET_EMPTY start=[6.012 4.106 0.906] end=[6.002 3.085 0.492] adjusted_start=[6.007 4.096 0.899] adjusted_end=[6.007 3.146 0.549] iter=6656 occupied_rejects=1432 pool_rejects=1133 elapsed_ms=6.63
[scan_planner_node-4] [ERROR] [1785998691.775144071] [bspline_opt]: [ReplanDiag] rebound A-star failed ret=2 segment=1/1 ids=[7,12] start=[6.012 4.106 0.906] end=[6.002 3.085 0.492]
[scan_planner_node-4] iter=5,time(ms)=6.7,rebound.
[scan_planner_node-4] [WARN] [1785998691.781887624] [path_searching]: [AStarDiag] result=OPEN_SET_EMPTY start=[6.012 4.105 0.906] end=[6.001 3.081 0.492] adjusted_start=[6.007 4.093 0.899] adjusted_end=[6.007 3.143 0.549] iter=6656 occupied_rejects=1432 pool_rejects=1133 elapsed_ms=6.69
[scan_planner_node-4] [ERROR] [1785998691.781927275] [bspline_opt]: [ReplanDiag] rebound A-star failed ret=2 segment=1/1 ids=[7,12] start=[6.012 4.105 0.906] end=[6.001 3.081 0.492]
[scan_planner_node-4] iter=5,time(ms)=6.78,rebound.
[scan_planner_node-4] [WARN] [1785998691.789010350] [path_searching]: [AStarDiag] result=OPEN_SET_EMPTY start=[6.012 4.109 0.906] end=[6.001 3.082 0.492] adjusted_start=[6.007 4.095 0.899] adjusted_end=[6.007 3.145 0.549] iter=6656 occupied_rejects=1432 pool_rejects=1133 elapsed_ms=7.02
[scan_planner_node-4] [ERROR] [1785998691.789052098] [bspline_opt]: [ReplanDiag] rebound A-star failed ret=2 segment=1/1 ids=[7,12] start=[6.012 4.109 0.906] end=[6.001 3.082 0.492]
[scan_planner_node-4] iter=5,time(ms)=7.13,rebound.
[scan_planner_node-4] [WARN] [1785998691.795945407] [path_searching]: [AStarDiag] result=OPEN_SET_EMPTY start=[6.012 4.108 0.906] end=[6.001 3.078 0.492] adjusted_start=[6.007 4.093 0.899] adjusted_end=[6.007 3.143 0.549] iter=6656 occupied_rejects=1432 pool_rejects=1133 elapsed_ms=6.80
[scan_planner_node-4] [ERROR] [1785998691.795980557] [bspline_opt]: [ReplanDiag] rebound A-star failed ret=2 segment=1/1 ids=[7,12] start=[6.012 4.108 0.906] end=[6.001 3.078 0.492]
[scan_planner_node-4] iter=5,time(ms)=6.89,rebound.
[scan_planner_node-4] [WARN] [1785998691.802758185] [path_searching]: [AStarDiag] result=OPEN_SET_EMPTY start=[6.012 4.110 0.906] end=[6.001 3.079 0.492] adjusted_start=[6.007 4.095 0.899] adjusted_end=[6.007 3.145 0.549] iter=6656 occupied_rejects=1432 pool_rejects=1133 elapsed_ms=6.72
[scan_planner_node-4] [ERROR] [1785998691.802791447] [bspline_opt]: [ReplanDiag] rebound A-star failed ret=2 segment=1/1 ids=[7,12] start=[6.012 4.110 0.906] end=[6.001 3.079 0.492]
[scan_planner_node-4] iter=5,time(ms)=6.8,rebound.
[scan_planner_node-4] [WARN] [1785998691.810347176] [path_searching]: [AStarDiag] result=OPEN_SET_EMPTY start=[6.012 4.109 0.906] end=[6.001 3.075 0.492] adjusted_start=[6.007 4.092 0.899] adjusted_end=[6.007 3.142 0.549] iter=6656 occupied_rejects=1432 pool_rejects=1133 elapsed_ms=7.49
[scan_planner_node-4] [ERROR] [1785998691.810386848] [bspline_opt]: [ReplanDiag] rebound A-star failed ret=2 segment=1/1 ids=[7,12] start=[6.012 4.109 0.906] end=[6.001 3.075 0.492]
[scan_planner_node-4] iter=5,time(ms)=7.59,rebound.
[scan_planner_node-4] [WARN] [1785998691.817008747] [path_searching]: [AStarDiag] result=OPEN_SET_EMPTY start=[6.012 4.111 0.906] end=[6.001 3.076 0.492] adjusted_start=[6.007 4.094 0.899] adjusted_end=[6.007 3.144 0.549] iter=6656 occupied_rejects=1432 pool_rejects=1133 elapsed_ms=6.56
[scan_planner_node-4] [ERROR] [1785998691.817043099] [bspline_opt]: [ReplanDiag] rebound A-star failed ret=2 segment=1/1 ids=[7,12] start=[6.012 4.111 0.906] end=[6.001 3.076 0.492]
[scan_planner_node-4] iter=5,time(ms)=6.64,rebound.
[scan_planner_node-4] [WARN] [1785998691.824298873] [path_searching]: [AStarDiag] result=OPEN_SET_EMPTY start=[6.012 4.110 0.906] end=[6.001 3.073 0.492] adjusted_start=[6.007 4.092 0.899] adjusted_end=[6.007 3.142 0.549] iter=6656 occupied_rejects=1432 pool_rejects=1133 elapsed_ms=7.20
[scan_planner_node-4] [ERROR] [1785998691.824336589] [bspline_opt]: [ReplanDiag] rebound A-star failed ret=2 segment=1/1 ids=[7,12] start=[6.012 4.110 0.906] end=[6.001 3.073 0.492]
[scan_planner_node-4] iter=5,time(ms)=7.29,rebound.
[scan_planner_node-4] [WARN] [1785998691.830951778] [path_searching]: [AStarDiag] result=OPEN_SET_EMPTY start=[6.012 4.112 0.906] end=[6.001 3.074 0.492] adjusted_start=[6.007 4.093 0.899] adjusted_end=[6.007 3.143 0.549] iter=6656 occupied_rejects=1432 pool_rejects=1133 elapsed_ms=6.55
[scan_planner_node-4] [ERROR] [1785998691.830986996] [bspline_opt]: [ReplanDiag] rebound A-star failed ret=2 segment=1/1 ids=[7,12] start=[6.012 4.112 0.906] end=[6.001 3.074 0.492]
[scan_planner_node-4] iter=5,time(ms)=6.64,rebound.
[scan_planner_node-4] [32miter(+1)=3,time(ms)=0.009,keep optimizing
[scan_planner_node-4] [WARN] [1785998691.837996669] [path_searching]: [AStarDiag] result=OPEN_SET_EMPTY start=[6.018 4.114 0.906] end=[6.001 3.070 0.492] adjusted_start=[6.009 4.092 0.899] adjusted_end=[6.009 3.142 0.549] iter=6656 occupied_rejects=1432 pool_rejects=1133 elapsed_ms=6.90
[scan_planner_node-4] [ERROR] [1785998691.838034022] [bspline_opt]: [ReplanDiag] rebound A-star failed ret=2 segment=1/1 ids=[7,12] start=[6.018 4.114 0.906] end=[6.001 3.070 0.492]
[scan_planner_node-4] [0miter=5,time(ms)=6.99,rebound.
[scan_planner_node-4] [WARN] [1785998691.844587073] [path_searching]: [AStarDiag] result=OPEN_SET_EMPTY start=[6.016 4.113 0.906] end=[6.001 3.066 0.492] adjusted_start=[6.008 4.090 0.899] adjusted_end=[6.008 3.140 0.549] iter=6656 occupied_rejects=1432 pool_rejects=1133 elapsed_ms=6.49
[scan_planner_node-4] [ERROR] [1785998691.844614357] [bspline_opt]: [ReplanDiag] rebound A-star failed ret=2 segment=1/1 ids=[7,12] start=[6.016 4.113 0.906] end=[6.001 3.066 0.492]
[scan_planner_node-4] iter=5,time(ms)=6.56,rebound.
[scan_planner_node-4] [WARN] [1785998691.851067002] [path_searching]: [AStarDiag] result=OPEN_SET_EMPTY start=[6.006 4.113 0.906] end=[6.002 3.066 0.492] adjusted_start=[6.004 4.090 0.899] adjusted_end=[6.004 3.140 0.549] iter=6656 occupied_rejects=1432 pool_rejects=1133 elapsed_ms=6.40
[scan_planner_node-4] [ERROR] [1785998691.851096893] [bspline_opt]: [ReplanDiag] rebound A-star failed ret=2 segment=1/1 ids=[7,12] start=[6.006 4.113 0.906] end=[6.002 3.066 0.492]
[scan_planner_node-4] iter=5,time(ms)=6.48,rebound.
[scan_planner_node-4] [WARN] [1785998691.858324453] [path_searching]: [AStarDiag] result=OPEN_SET_EMPTY start=[6.008 4.112 0.906] end=[6.000 3.064 0.492] adjusted_start=[6.004 4.088 0.899] adjusted_end=[6.004 3.138 0.549] iter=6656 occupied_rejects=1432 pool_rejects=1133 elapsed_ms=7.16
[scan_planner_node-4] [ERROR] [1785998691.858360197] [bspline_opt]: [ReplanDiag] rebound A-star failed ret=2 segment=1/1 ids=[7,12] start=[6.008 4.112 0.906] end=[6.000 3.064 0.492]
[scan_planner_node-4] iter=5,time(ms)=7.25,rebound.
[scan_planner_node-4] [32miter(+1)=3,time(ms)=0.010,keep optimizing
[scan_planner_node-4] [WARN] [1785998691.865068768] [path_searching]: [AStarDiag] result=OPEN_SET_EMPTY start=[6.006 4.112 0.906] end=[6.000 3.065 0.492] adjusted_start=[6.003 4.088 0.899] adjusted_end=[6.003 3.138 0.549] iter=6656 occupied_rejects=1432 pool_rejects=1133 elapsed_ms=6.56
[scan_planner_node-4] [ERROR] [1785998691.865102196] [bspline_opt]: [ReplanDiag] rebound A-star failed ret=2 segment=1/1 ids=[7,12] start=[6.006 4.112 0.906] end=[6.000 3.065 0.492]
[scan_planner_node-4] [0miter=5,time(ms)=6.64,rebound.
[scan_planner_node-4] first_optimize_step_success=0
[scan_planner_node-4] final_plan_success=0
[scan_planner_node-4] 
[scan_planner_node-4] [rebo replan]: -------------------------------------877
[scan_planner_node-4] start: 6.01 5.18  1.4, -0.00944   -0.331 5.91e-05
[scan_planner_node-4] goal:  6   3 0.4, 0 0 0
[scan_planner_node-4] [32miter(+1)=4,time(ms)=0.015,keep optimizing
[scan_planner_node-4] [0m[32miter(+1)=1,time(ms)=0.005,keep optimizing
[scan_planner_node-4] [0m[32miter(+1)=1,time(ms)=0.007,keep optimizing
[scan_planner_node-4] [0mfirst_optimize_step_success=0
[scan_planner_node-4] final_plan_success=0
[scan_planner_node-4] 
[scan_planner_node-4] [rebo replan]: -------------------------------------878
[scan_planner_node-4] start: 6.01 5.18  1.4, -0.00944   -0.331 5.91e-05
[scan_planner_node-4] goal:  6   3 0.4, 0 0 0
[scan_planner_node-4] [WARN] [1785998691.872597839] [path_searching]: [AStarDiag] result=OPEN_SET_EMPTY start=[5.732 4.730 1.185] end=[5.593 4.531 1.092] adjusted_start=[5.712 4.731 1.188] adjusted_end=[5.662 4.581 1.138] iter=7579 occupied_rejects=1044 pool_rejects=1133 elapsed_ms=7.04
[scan_planner_node-4] [ERROR] [1785998691.872636117] [bspline_opt]: [ReplanDiag] init_control_points A-star failed ret=2 segment=1/1 ids=[5,6] start=[5.732 4.730 1.185] end=[5.593 4.531 1.092]
[scan_planner_node-4] [WARN] [1785998691.878116366] [path_searching]: [AStarDiag] result=OPEN_SET_EMPTY start=[5.426 4.047 0.889] end=[5.774 3.189 0.514] adjusted_start=[5.500 4.068 0.902] adjusted_end=[5.800 3.168 0.552] iter=5255 occupied_rejects=1148 pool_rejects=754 elapsed_ms=5.42
[scan_planner_node-4] [ERROR] [1785998691.878143989] [bspline_opt]: [ReplanDiag] rebound A-star failed ret=2 segment=1/1 ids=[8,12] start=[5.426 4.047 0.889] end=[5.774 3.189 0.514]
[scan_planner_node-4] iter=5,time(ms)=5.51,rebound.
[scan_planner_node-4] [WARN] [1785998691.883461568] [path_searching]: [AStarDiag] result=OPEN_SET_EMPTY start=[5.427 4.046 0.889] end=[5.778 3.187 0.514] adjusted_start=[5.452 4.067 0.902] adjusted_end=[5.802 3.167 0.552] iter=5242 occupied_rejects=1190 pool_rejects=763 elapsed_ms=5.25
[scan_planner_node-4] [ERROR] [1785998691.883490062] [bspline_opt]: [ReplanDiag] rebound A-star failed ret=2 segment=1/1 ids=[8,12] start=[5.427 4.046 0.889] end=[5.778 3.187 0.514]
[scan_planner_node-4] iter=5,time(ms)=5.33,rebound.
[scan_planner_node-4] [32miter(+1)=3,time(ms)=0.012,keep optimizing
[scan_planner_node-4] [0m[32miter(+1)=1,time(ms)=0.005,keep optimizing
[scan_planner_node-4] [0m[32miter(+1)=1,time(ms)=0.004,keep optimizing
[scan_planner_node-4] [0mfirst_optimize_step_success=0
[scan_planner_node-4] final_plan_success=0
[scan_planner_node-4] [FSM]: from REPLAN_TRAJ to REPLAN_TRAJ
[scan_planner_node-4] 
[scan_planner_node-4] [rebo replan]: -------------------------------------879
[scan_planner_node-4] start: 6.01 5.13  1.4,  -0.0104   -0.258 4.69e-05
[scan_planner_node-4] goal:  6   3 0.4, 0 0 0
[scan_planner_node-4] [WARN] [1785998691.911888813] [path_searching]: [AStarDiag] result=OPEN_SET_EMPTY start=[6.001 4.038 0.889] end=[6.000 3.041 0.419] adjusted_start=[6.000 4.040 0.904] adjusted_end=[6.000 3.090 0.454] iter=5574 occupied_rejects=1270 pool_rejects=837 elapsed_ms=5.81
[scan_planner_node-4] [ERROR] [1785998691.911930151] [bspline_opt]: [ReplanDiag] rebound A-star failed ret=2 segment=1/1 ids=[7,12] start=[6.001 4.038 0.889] end=[6.000 3.041 0.419]
[scan_planner_node-4] iter=5,time(ms)=5.91,rebound.
[scan_planner_node-4] [WARN] [1785998691.917783519] [path_searching]: [AStarDiag] result=OPEN_SET_EMPTY start=[6.001 4.044 0.889] end=[6.000 3.041 0.419] adjusted_start=[6.000 4.043 0.904] adjusted_end=[6.000 3.093 0.454] iter=5574 occupied_rejects=1270 pool_rejects=837 elapsed_ms=5.79
[scan_planner_node-4] [ERROR] [1785998691.917815860] [bspline_opt]: [ReplanDiag] rebound A-star failed ret=2 segment=1/1 ids=[7,12] start=[6.001 4.044 0.889] end=[6.000 3.041 0.419]
[scan_planner_node-4] iter=5,time(ms)=5.89,rebound.
[scan_planner_node-4] [WARN] [1785998691.925120305] [path_searching]: [AStarDiag] result=OPEN_SET_EMPTY start=[6.001 4.048 0.889] end=[6.000 3.160 0.576] adjusted_start=[6.001 4.054 0.882] adjusted_end=[6.001 3.154 0.632] iter=6507 occupied_rejects=1631 pool_rejects=1133 elapsed_ms=7.23
[scan_planner_node-4] [ERROR] [1785998691.925165906] [bspline_opt]: [ReplanDiag] rebound A-star failed ret=2 segment=1/1 ids=[7,11] start=[6.001 4.048 0.889] end=[6.000 3.160 0.576]
[scan_planner_node-4] iter=5,time(ms)=7.33,rebound.
[scan_planner_node-4] [WARN] [1785998691.931851160] [path_searching]: [AStarDiag] result=OPEN_SET_EMPTY start=[6.001 4.047 0.889] end=[6.000 3.165 0.576] adjusted_start=[6.001 4.056 0.882] adjusted_end=[6.001 3.156 0.632] iter=6507 occupied_rejects=1631 pool_rejects=1133 elapsed_ms=6.62
[scan_planner_node-4] [ERROR] [1785998691.931888994] [bspline_opt]: [ReplanDiag] rebound A-star failed ret=2 segment=1/1 ids=[7,11] start=[6.001 4.047 0.889] end=[6.000 3.165 0.576]
[scan_planner_node-4] iter=5,time(ms)=6.72,rebound.
[scan_planner_node-4] [WARN] [1785998691.938831482] [path_searching]: [AStarDiag] result=OPEN_SET_EMPTY start=[6.001 4.044 0.889] end=[6.000 3.151 0.576] adjusted_start=[6.001 4.048 0.882] adjusted_end=[6.001 3.148 0.632] iter=6498 occupied_rejects=1544 pool_rejects=1133 elapsed_ms=6.87
[scan_planner_node-4] [ERROR] [1785998691.938873777] [bspline_opt]: [ReplanDiag] rebound A-star failed ret=2 segment=1/1 ids=[7,11] start=[6.001 4.044 0.889] end=[6.000 3.151 0.576]
[scan_planner_node-4] iter=5,time(ms)=6.98,rebound.
[scan_planner_node-4] [WARN] [1785998691.945452209] [path_searching]: [AStarDiag] result=OPEN_SET_EMPTY start=[6.001 4.043 0.889] end=[6.000 3.153 0.576] adjusted_start=[6.001 4.048 0.882] adjusted_end=[6.001 3.148 0.632] iter=6498 occupied_rejects=1544 pool_rejects=1133 elapsed_ms=6.49
[scan_planner_node-4] [ERROR] [1785998691.945479092] [bspline_opt]: [ReplanDiag] rebound A-star failed ret=2 segment=1/1 ids=[7,11] start=[6.001 4.043 0.889] end=[6.000 3.153 0.576]
[scan_planner_node-4] iter=5,time(ms)=6.57,rebound.
[scan_planner_node-4] [WARN] [1785998691.952087960] [path_searching]: [AStarDiag] result=OPEN_SET_EMPTY start=[6.001 4.041 0.889] end=[6.000 3.145 0.576] adjusted_start=[6.001 4.043 0.882] adjusted_end=[6.001 3.143 0.632] iter=6498 occupied_rejects=1544 pool_rejects=1133 elapsed_ms=6.56
[scan_planner_node-4] [ERROR] [1785998691.952119854] [bspline_opt]: [ReplanDiag] rebound A-star failed ret=2 segment=1/1 ids=[7,11] start=[6.001 4.041 0.889] end=[6.000 3.145 0.576]
[scan_planner_node-4] iter=5,time(ms)=6.64,rebound.
[scan_planner_node-4] [WARN] [1785998691.959036546] [path_searching]: [AStarDiag] result=OPEN_SET_EMPTY start=[6.001 4.038 0.889] end=[6.000 3.146 0.576] adjusted_start=[6.001 4.042 0.882] adjusted_end=[6.001 3.142 0.632] iter=6498 occupied_rejects=1544 pool_rejects=1133 elapsed_ms=6.86
[scan_planner_node-4] [ERROR] [1785998691.959072965] [bspline_opt]: [ReplanDiag] rebound A-star failed ret=2 segment=1/1 ids=[7,11] start=[6.001 4.038 0.889] end=[6.000 3.146 0.576]
[scan_planner_node-4] iter=5,time(ms)=6.95,rebound.
[scan_planner_node-4] [WARN] [1785998691.965964059] [path_searching]: [AStarDiag] result=OPEN_SET_EMPTY start=[6.001 4.036 0.889] end=[6.000 3.140 0.576] adjusted_start=[6.001 4.038 0.882] adjusted_end=[6.001 3.138 0.632] iter=6498 occupied_rejects=1544 pool_rejects=1133 elapsed_ms=6.83
[scan_planner_node-4] [ERROR] [1785998691.965998839] [bspline_opt]: [ReplanDiag] rebound A-star failed ret=2 segment=1/1 ids=[7,11] start=[6.001 4.036 0.889] end=[6.000 3.140 0.576]
[scan_planner_node-4] iter=5,time(ms)=6.91,rebound.
[scan_planner_node-4] [WARN] [1785998691.972582347] [path_searching]: [AStarDiag] result=OPEN_SET_EMPTY start=[6.001 4.032 0.889] end=[6.000 3.141 0.576] adjusted_start=[6.001 4.037 0.882] adjusted_end=[6.001 3.137 0.632] iter=6498 occupied_rejects=1544 pool_rejects=1133 elapsed_ms=6.52
[scan_planner_node-4] [ERROR] [1785998691.972613954] [bspline_opt]: [ReplanDiag] rebound A-star failed ret=2 segment=1/1 ids=[7,11] start=[6.001 4.032 0.889] end=[6.000 3.141 0.576]
[scan_planner_node-4] iter=5,time(ms)=6.61,rebound.
[scan_planner_node-4] [WARN] [1785998691.979597600] [path_searching]: [AStarDiag] result=OPEN_SET_EMPTY start=[6.001 4.030 0.889] end=[6.000 3.135 0.576] adjusted_start=[6.001 4.032 0.882] adjusted_end=[6.001 3.132 0.632] iter=6498 occupied_rejects=1544 pool_rejects=1133 elapsed_ms=6.92
[scan_planner_node-4] [ERROR] [1785998691.979637355] [bspline_opt]: [ReplanDiag] rebound A-star failed ret=2 segment=1/1 ids=[7,11] start=[6.001 4.030 0.889] end=[6.000 3.135 0.576]
[scan_planner_node-4] iter=5,time(ms)=7.02,rebound.
[scan_planner_node-4] [WARN] [1785998691.986610588] [path_searching]: [AStarDiag] result=OPEN_SET_EMPTY start=[6.001 4.026 0.889] end=[6.000 3.136 0.576] adjusted_start=[6.001 4.031 0.882] adjusted_end=[6.001 3.131 0.632] iter=6498 occupied_rejects=1544 pool_rejects=1133 elapsed_ms=6.90
[scan_planner_node-4] [ERROR] [1785998691.986657693] [bspline_opt]: [ReplanDiag] rebound A-star failed ret=2 segment=1/1 ids=[7,11] start=[6.001 4.026 0.889] end=[6.000 3.136 0.576]
[scan_planner_node-4] iter=5,time(ms)=7.01,rebound.
[scan_planner_node-4] [WARN] [1785998691.994316877] [path_searching]: [AStarDiag] result=OPEN_SET_EMPTY start=[6.001 4.024 0.889] end=[6.000 3.132 0.576] adjusted_start=[6.001 4.028 0.882] adjusted_end=[6.001 3.128 0.632] iter=6495 occupied_rejects=1644 pool_rejects=1133 elapsed_ms=7.58
[scan_planner_node-4] [ERROR] [1785998691.994355532] [bspline_opt]: [ReplanDiag] rebound A-star failed ret=2 segment=1/1 ids=[7,11] start=[6.001 4.024 0.889] end=[6.000 3.132 0.576]
[scan_planner_node-4] iter=5,time(ms)=7.67,rebound.
[scan_planner_node-4] [WARN] [1785998692.001453005] [path_searching]: [AStarDiag] result=OPEN_SET_EMPTY start=[6.001 4.021 0.889] end=[6.000 3.133 0.576] adjusted_start=[6.001 4.027 0.882] adjusted_end=[6.001 3.127 0.632] iter=6417 occupied_rejects=1606 pool_rejects=1133 elapsed_ms=7.04
[scan_planner_node-4] [ERROR] [1785998692.001498252] [bspline_opt]: [ReplanDiag] rebound A-star failed ret=2 segment=1/1 ids=[7,11] start=[6.001 4.021 0.889] end=[6.000 3.133 0.576]
[scan_planner_node-4] iter=5,time(ms)=7.15,rebound.
[scan_planner_node-4] [WARN] [1785998692.008205851] [path_searching]: [AStarDiag] result=OPEN_SET_EMPTY start=[6.001 4.016 0.889] end=[6.000 3.129 0.576] adjusted_start=[6.001 4.023 0.882] adjusted_end=[6.001 3.123 0.632] iter=6417 occupied_rejects=1606 pool_rejects=1133 elapsed_ms=6.63
[scan_planner_node-4] [ERROR] [1785998692.008239254] [bspline_opt]: [ReplanDiag] rebound A-star failed ret=2 segment=1/1 ids=[7,11] start=[6.001 4.016 0.889] end=[6.000 3.129 0.576]
[scan_planner_node-4] iter=5,time(ms)=6.72,rebound.
[scan_planner_node-4] [32miter(+1)=4,time(ms)=0.013,keep optimizing
[scan_planner_node-4] [WARN] [1785998692.014969029] [path_searching]: [AStarDiag] result=OPEN_SET_EMPTY start=[6.006 4.003 0.889] end=[6.000 3.128 0.576] adjusted_start=[6.003 4.015 0.882] adjusted_end=[6.003 3.165 0.632] iter=6510 occupied_rejects=1539 pool_rejects=1133 elapsed_ms=6.62
[scan_planner_node-4] [ERROR] [1785998692.015006510] [bspline_opt]: [ReplanDiag] rebound A-star failed ret=2 segment=1/1 ids=[7,11] start=[6.006 4.003 0.889] end=[6.000 3.128 0.576]
[scan_planner_node-4] [0miter=5,time(ms)=6.71,rebound.
[scan_planner_node-4] [WARN] [1785998692.021956081] [path_searching]: [AStarDiag] result=OPEN_SET_EMPTY start=[6.004 4.003 0.889] end=[6.000 3.124 0.576] adjusted_start=[6.002 4.013 0.882] adjusted_end=[6.002 3.163 0.632] iter=6510 occupied_rejects=1539 pool_rejects=1133 elapsed_ms=6.88
[scan_planner_node-4] [ERROR] [1785998692.021993335] [bspline_opt]: [ReplanDiag] rebound A-star failed ret=2 segment=1/1 ids=[7,11] start=[6.004 4.003 0.889] end=[6.000 3.124 0.576]
[scan_planner_node-4] iter=5,time(ms)=6.98,rebound.
[scan_planner_node-4] [32miter(+1)=3,time(ms)=0.012,keep optimizing
[scan_planner_node-4] [WARN] [1785998692.028822174] [path_searching]: [AStarDiag] result=OPEN_SET_EMPTY start=[6.002 4.002 0.889] end=[5.999 3.127 0.576] adjusted_start=[6.000 4.015 0.882] adjusted_end=[6.000 3.165 0.632] iter=6510 occupied_rejects=1539 pool_rejects=1133 elapsed_ms=6.71
[scan_planner_node-4] [ERROR] [1785998692.028867115] [bspline_opt]: [ReplanDiag] rebound A-star failed ret=2 segment=1/1 ids=[7,11] start=[6.002 4.002 0.889] end=[5.999 3.127 0.576]
[scan_planner_node-4] [0miter=5,time(ms)=6.83,rebound.
[scan_planner_node-4] [WARN] [1785998692.035824616] [path_searching]: [AStarDiag] result=OPEN_SET_EMPTY start=[6.002 4.001 0.889] end=[5.999 3.123 0.576] adjusted_start=[6.000 4.012 0.882] adjusted_end=[6.000 3.162 0.632] iter=6510 occupied_rejects=1539 pool_rejects=1133 elapsed_ms=6.87
[scan_planner_node-4] [ERROR] [1785998692.035861325] [bspline_opt]: [ReplanDiag] rebound A-star failed ret=2 segment=1/1 ids=[7,11] start=[6.002 4.001 0.889] end=[5.999 3.123 0.576]
[scan_planner_node-4] iter=5,time(ms)=6.96,rebound.
[scan_planner_node-4] [WARN] [1785998692.042687356] [path_searching]: [AStarDiag] result=OPEN_SET_EMPTY start=[5.991 3.998 0.889] end=[5.999 3.125 0.576] adjusted_start=[5.995 4.011 0.882] adjusted_end=[5.995 3.161 0.632] iter=6512 occupied_rejects=1532 pool_rejects=1136 elapsed_ms=6.75
[scan_planner_node-4] [ERROR] [1785998692.042721697] [bspline_opt]: [ReplanDiag] rebound A-star failed ret=2 segment=1/1 ids=[7,11] start=[5.991 3.998 0.889] end=[5.999 3.125 0.576]
[scan_planner_node-4] iter=5,time(ms)=6.85,rebound.
[scan_planner_node-4] [WARN] [1785998692.049495721] [path_searching]: [AStarDiag] result=OPEN_SET_EMPTY start=[5.991 3.997 0.889] end=[5.997 3.123 0.576] adjusted_start=[5.994 4.010 0.882] adjusted_end=[5.994 3.160 0.632] iter=6512 occupied_rejects=1532 pool_rejects=1136 elapsed_ms=6.71
[scan_planner_node-4] [ERROR] [1785998692.049525697] [bspline_opt]: [ReplanDiag] rebound A-star failed ret=2 segment=1/1 ids=[7,11] start=[5.991 3.997 0.889] end=[5.997 3.123 0.576]
[scan_planner_node-4] iter=5,time(ms)=6.8,rebound.
[scan_planner_node-4] first_optimize_step_success=0
[scan_planner_node-4] final_plan_success=0
[scan_planner_node-4] 
[scan_planner_node-4] [rebo replan]: -------------------------------------880
[scan_planner_node-4] start: 6.01 5.13  1.4,  -0.0104   -0.258 4.69e-05
[scan_planner_node-4] goal:  6   3 0.4, 0 0 0
[scan_planner_node-4] [WARN] [1785998692.056821712] [path_searching]: [AStarDiag] result=OPEN_SET_EMPTY start=[5.993 4.060 0.899] end=[5.998 3.182 0.484] adjusted_start=[5.996 4.071 0.891] adjusted_end=[5.996 3.221 0.541] iter=6644 occupied_rejects=1497 pool_rejects=1136 elapsed_ms=7.08
[scan_planner_node-4] [ERROR] [1785998692.056857177] [bspline_opt]: [ReplanDiag] rebound A-star failed ret=2 segment=1/1 ids=[8,12] start=[5.993 4.060 0.899] end=[5.998 3.182 0.484]
[scan_planner_node-4] iter=5,time(ms)=7.19,rebound.
[scan_planner_node-4] [32miter(+1)=3,time(ms)=0.018,keep optimizing
[scan_planner_node-4] [0m[32miter(+1)=1,time(ms)=0.005,keep optimizing
[scan_planner_node-4] [0m[32miter(+1)=1,time(ms)=0.004,keep optimizing
[scan_planner_node-4] [0mfirst_optimize_step_success=0
[scan_planner_node-4] final_plan_success=0
[scan_planner_node-4] 
[scan_planner_node-4] [rebo replan]: -------------------------------------881
[scan_planner_node-4] start: 6.01 5.13  1.4,  -0.0104   -0.258 4.69e-05
[scan_planner_node-4] goal:  6   3 0.4, 0 0 0
[scan_planner_node-4] [WARN] [1785998692.064324727] [path_searching]: [AStarDiag] result=OPEN_SET_EMPTY start=[5.663 4.772 1.205] end=[5.359 4.383 1.019] adjusted_start=[5.661 4.778 1.212] adjusted_end=[5.411 4.428 1.062] iter=7528 occupied_rejects=1083 pool_rejects=1100 elapsed_ms=7.11
[scan_planner_node-4] [ERROR] [1785998692.064357029] [bspline_opt]: [ReplanDiag] init_control_points A-star failed ret=2 segment=1/1 ids=[5,7] start=[5.663 4.772 1.205] end=[5.359 4.383 1.019]
[scan_planner_node-4] [WARN] [1785998692.070116245] [path_searching]: [AStarDiag] result=OPEN_SET_EMPTY start=[5.305 4.132 0.924] end=[5.755 3.208 0.521] adjusted_start=[5.380 4.120 0.923] adjusted_end=[5.780 3.170 0.523] iter=5176 occupied_rejects=1449 pool_rejects=760 elapsed_ms=5.70
[scan_planner_node-4] [ERROR] [1785998692.070149924] [bspline_opt]: [ReplanDiag] rebound A-star failed ret=2 segment=1/1 ids=[8,12] start=[5.305 4.132 0.924] end=[5.755 3.208 0.521]
[scan_planner_node-4] iter=5,time(ms)=5.8,rebound.
[scan_planner_node-4] [WARN] [1785998692.075773269] [path_searching]: [AStarDiag] result=OPEN_SET_EMPTY start=[5.310 4.131 0.924] end=[5.759 3.207 0.521] adjusted_start=[5.384 4.119 0.923] adjusted_end=[5.784 3.169 0.523] iter=5193 occupied_rejects=1356 pool_rejects=766 elapsed_ms=5.56
[scan_planner_node-4] [ERROR] [1785998692.075801657] [bspline_opt]: [ReplanDiag] rebound A-star failed ret=2 segment=1/1 ids=[8,12] start=[5.310 4.131 0.924] end=[5.759 3.207 0.521]
[scan_planner_node-4] iter=5,time(ms)=5.64,rebound.
[scan_planner_node-4] [WARN] [1785998692.081424685] [path_searching]: [AStarDiag] result=OPEN_SET_EMPTY start=[5.314 4.129 0.924] end=[5.757 3.208 0.521] adjusted_start=[5.385 4.118 0.923] adjusted_end=[5.785 3.168 0.523] iter=5193 occupied_rejects=1356 pool_rejects=766 elapsed_ms=5.56
[scan_planner_node-4] [ERROR] [1785998692.081459457] [bspline_opt]: [ReplanDiag] rebound A-star failed ret=2 segment=1/1 ids=[8,12] start=[5.314 4.129 0.924] end=[5.757 3.208 0.521]
[scan_planner_node-4] iter=5,time(ms)=5.66,rebound.
[scan_planner_node-4] [WARN] [1785998692.089067539] [path_searching]: [AStarDiag] result=OPEN_SET_EMPTY start=[5.655 4.773 1.205] end=[5.366 4.373 1.019] adjusted_start=[5.661 4.773 1.212] adjusted_end=[5.411 4.423 1.062] iter=7514 occupied_rejects=1124 pool_rejects=1100 elapsed_ms=7.50
[scan_planner_node-4] [ERROR] [1785998692.089099896] [bspline_opt]: [ReplanDiag] init_control_points A-star failed ret=2 segment=1/1 ids=[5,7] start=[5.655 4.773 1.205] end=[5.366 4.373 1.019]
[scan_planner_node-4] [32miter(+1)=3,time(ms)=0.017,keep optimizing
[scan_planner_node-4] [WARN] [1785998692.096681607] [path_searching]: [AStarDiag] result=OPEN_SET_EMPTY start=[5.655 4.773 1.205] end=[5.366 4.373 1.019] adjusted_start=[5.661 4.773 1.212] adjusted_end=[5.411 4.423 1.062] iter=7514 occupied_rejects=1124 pool_rejects=1100 elapsed_ms=7.50
[scan_planner_node-4] [ERROR] [1785998692.096710570] [bspline_opt]: [ReplanDiag] init_control_points A-star failed ret=2 segment=1/1 ids=[5,7] start=[5.655 4.773 1.205] end=[5.366 4.373 1.019]
[scan_planner_node-4] [0m[32miter(+1)=1,time(ms)=0.015,keep optimizing
[scan_planner_node-4] [WARN] [1785998692.105105276] [path_searching]: [AStarDiag] result=OPEN_SET_EMPTY start=[5.655 4.773 1.205] end=[5.366 4.373 1.019] adjusted_start=[5.661 4.773 1.212] adjusted_end=[5.411 4.423 1.062] iter=7514 occupied_rejects=1124 pool_rejects=1100 elapsed_ms=8.31
[scan_planner_node-4] [ERROR] [1785998692.105149713] [bspline_opt]: [ReplanDiag] init_control_points A-star failed ret=2 segment=1/1 ids=[5,7] start=[5.655 4.773 1.205] end=[5.366 4.373 1.019]
[scan_planner_node-4] [0m[32miter(+1)=1,time(ms)=0.018,keep optimizing
[scan_planner_node-4] [0mfirst_optimize_step_success=0
[scan_planner_node-4] final_plan_success=0
[scan_planner_node-4] [FSM]: from REPLAN_TRAJ to REPLAN_TRAJ
[scan_planner_node-4] 
[scan_planner_node-4] [rebo replan]: -------------------------------------882
[scan_planner_node-4] start: 6.01 5.08  1.4,   -0.012   -0.187 4.31e-05
[scan_planner_node-4] goal:  6   3 0.4, 0 0 0
[scan_planner_node-4] [WARN] [1785998692.112609513] [path_searching]: [AStarDiag] result=OPEN_SET_EMPTY start=[6.008 4.012 0.885] end=[6.002 3.154 0.556] adjusted_start=[6.005 4.033 0.870] adjusted_end=[6.005 3.133 0.570] iter=6534 occupied_rejects=1394 pool_rejects=1133 elapsed_ms=6.86
[scan_planner_node-4] [ERROR] [1785998692.112644602] [bspline_opt]: [ReplanDiag] rebound A-star failed ret=2 segment=1/1 ids=[7,11] start=[6.008 4.012 0.885] end=[6.002 3.154 0.556]
[scan_planner_node-4] iter=5,time(ms)=6.96,rebound.
[scan_planner_node-4] [WARN] [1785998692.120138571] [path_searching]: [AStarDiag] result=OPEN_SET_EMPTY start=[6.007 4.013 0.885] end=[6.000 3.027 0.413] adjusted_start=[6.004 4.020 0.899] adjusted_end=[6.004 3.070 0.449] iter=6683 occupied_rejects=1495 pool_rejects=1133 elapsed_ms=7.43
[scan_planner_node-4] [ERROR] [1785998692.120175471] [bspline_opt]: [ReplanDiag] rebound A-star failed ret=2 segment=1/1 ids=[7,12] start=[6.007 4.013 0.885] end=[6.000 3.027 0.413]
[scan_planner_node-4] iter=5,time(ms)=7.54,rebound.
[scan_planner_node-4] [WARN] [1785998692.127131559] [path_searching]: [AStarDiag] result=OPEN_SET_EMPTY start=[6.007 4.016 0.885] end=[6.002 3.142 0.556] adjusted_start=[6.005 4.029 0.870] adjusted_end=[6.005 3.129 0.570] iter=6534 occupied_rejects=1507 pool_rejects=1133 elapsed_ms=6.87
[scan_planner_node-4] [ERROR] [1785998692.127160682] [bspline_opt]: [ReplanDiag] rebound A-star failed ret=2 segment=1/1 ids=[7,11] start=[6.007 4.016 0.885] end=[6.002 3.142 0.556]
[scan_planner_node-4] iter=5,time(ms)=6.95,rebound.
[scan_planner_node-4] [WARN] [1785998692.134099725] [path_searching]: [AStarDiag] result=OPEN_SET_EMPTY start=[6.008 4.014 0.885] end=[6.002 3.144 0.556] adjusted_start=[6.005 4.029 0.870] adjusted_end=[6.005 3.129 0.570] iter=6534 occupied_rejects=1507 pool_rejects=1133 elapsed_ms=6.88
[scan_planner_node-4] [ERROR] [1785998692.134134979] [bspline_opt]: [ReplanDiag] rebound A-star failed ret=2 segment=1/1 ids=[7,11] start=[6.008 4.014 0.885] end=[6.002 3.144 0.556]
[scan_planner_node-4] iter=5,time(ms)=6.98,rebound.
[scan_planner_node-4] [WARN] [1785998692.141303546] [path_searching]: [AStarDiag] result=OPEN_SET_EMPTY start=[6.008 4.011 0.885] end=[6.002 3.118 0.556] adjusted_start=[6.005 4.014 0.870] adjusted_end=[6.005 3.164 0.620] iter=6510 occupied_rejects=1535 pool_rejects=1133 elapsed_ms=7.09
[scan_planner_node-4] [ERROR] [1785998692.141338924] [bspline_opt]: [ReplanDiag] rebound A-star failed ret=2 segment=1/1 ids=[7,11] start=[6.008 4.011 0.885] end=[6.002 3.118 0.556]
[scan_planner_node-4] iter=5,time(ms)=7.19,rebound.
[scan_planner_node-4] [WARN] [1785998692.148300495] [path_searching]: [AStarDiag] result=OPEN_SET_EMPTY start=[6.008 4.010 0.885] end=[6.001 3.128 0.556] adjusted_start=[6.005 4.019 0.870] adjusted_end=[6.005 3.169 0.620] iter=6510 occupied_rejects=1535 pool_rejects=1133 elapsed_ms=6.90
[scan_planner_node-4] [ERROR] [1785998692.148336094] [bspline_opt]: [ReplanDiag] rebound A-star failed ret=2 segment=1/1 ids=[7,11] start=[6.008 4.010 0.885] end=[6.001 3.128 0.556]
[scan_planner_node-4] iter=5,time(ms)=6.99,rebound.
[scan_planner_node-4] [WARN] [1785998692.155752449] [path_searching]: [AStarDiag] result=OPEN_SET_EMPTY start=[6.009 4.001 0.885] end=[6.001 3.116 0.556] adjusted_start=[6.005 4.008 0.870] adjusted_end=[6.005 3.158 0.620] iter=6510 occupied_rejects=1535 pool_rejects=1133 elapsed_ms=7.34
[scan_planner_node-4] [ERROR] [1785998692.155803144] [bspline_opt]: [ReplanDiag] rebound A-star failed ret=2 segment=1/1 ids=[7,11] start=[6.009 4.001 0.885] end=[6.001 3.116 0.556]
[scan_planner_node-4] iter=5,time(ms)=7.46,rebound.
[scan_planner_node-4] [WARN] [1785998692.163233452] [path_searching]: [AStarDiag] result=OPEN_SET_EMPTY start=[6.009 4.003 0.885] end=[6.001 3.120 0.556] adjusted_start=[6.005 4.011 0.870] adjusted_end=[6.005 3.161 0.620] iter=6510 occupied_rejects=1535 pool_rejects=1133 elapsed_ms=7.34
[scan_planner_node-4] [ERROR] [1785998692.163292715] [bspline_opt]: [ReplanDiag] rebound A-star failed ret=2 segment=1/1 ids=[7,11] start=[6.009 4.003 0.885] end=[6.001 3.120 0.556]
[scan_planner_node-4] iter=5,time(ms)=7.48,rebound.
[scan_planner_node-4] [WARN] [1785998692.172203946] [path_searching]: [AStarDiag] result=OPEN_SET_EMPTY start=[6.009 3.996 0.885] end=[6.001 3.114 0.556] adjusted_start=[6.005 4.005 0.870] adjusted_end=[6.005 3.155 0.620] iter=6510 occupied_rejects=1535 pool_rejects=1133 elapsed_ms=8.82
[scan_planner_node-4] [ERROR] [1785998692.172255464] [bspline_opt]: [ReplanDiag] rebound A-star failed ret=2 segment=1/1 ids=[7,11] start=[6.009 3.996 0.885] end=[6.001 3.114 0.556]
[scan_planner_node-4] iter=5,time(ms)=8.94,rebound.
[scan_planner_node-4] [WARN] [1785998692.180006205] [path_searching]: [AStarDiag] result=OPEN_SET_EMPTY start=[6.009 3.997 0.885] end=[6.001 3.115 0.556] adjusted_start=[6.005 4.006 0.870] adjusted_end=[6.005 3.156 0.620] iter=6510 occupied_rejects=1535 pool_rejects=1133 elapsed_ms=7.68
[scan_planner_node-4] [ERROR] [1785998692.180066067] [bspline_opt]: [ReplanDiag] rebound A-star failed ret=2 segment=1/1 ids=[7,11] start=[6.009 3.997 0.885] end=[6.001 3.115 0.556]
[scan_planner_node-4] iter=5,time(ms)=7.81,rebound.
[scan_planner_node-4] [WARN] [1785998692.188778998] [path_searching]: [AStarDiag] result=OPEN_SET_EMPTY start=[6.009 3.994 0.885] end=[6.001 3.112 0.556] adjusted_start=[6.005 4.003 0.870] adjusted_end=[6.005 3.153 0.620] iter=6510 occupied_rejects=1535 pool_rejects=1133 elapsed_ms=8.63
[scan_planner_node-4] [ERROR] [1785998692.188828903] [bspline_opt]: [ReplanDiag] rebound A-star failed ret=2 segment=1/1 ids=[7,11] start=[6.009 3.994 0.885] end=[6.001 3.112 0.556]
[scan_planner_node-4] iter=5,time(ms)=8.77,rebound.
[scan_planner_node-4] [32miter(+1)=3,time(ms)=0.012,keep optimizing
[scan_planner_node-4] [WARN] [1785998692.198015591] [path_searching]: [AStarDiag] result=OPEN_SET_EMPTY start=[6.012 3.992 0.885] end=[6.001 3.111 0.556] adjusted_start=[6.007 4.002 0.870] adjusted_end=[6.007 3.152 0.620] iter=6510 occupied_rejects=1535 pool_rejects=1133 elapsed_ms=9.03
[scan_planner_node-4] [ERROR] [1785998692.198070281] [bspline_opt]: [ReplanDiag] rebound A-star failed ret=2 segment=1/1 ids=[7,11] start=[6.012 3.992 0.885] end=[6.001 3.111 0.556]
[scan_planner_node-4] [0miter=5,time(ms)=9.14,rebound.
[scan_planner_node-4] [WARN] [1785998692.206459854] [path_searching]: [AStarDiag] result=OPEN_SET_EMPTY start=[6.012 3.990 0.885] end=[6.001 3.109 0.556] adjusted_start=[6.006 3.999 0.870] adjusted_end=[6.006 3.149 0.620] iter=6499 occupied_rejects=1499 pool_rejects=1133 elapsed_ms=8.32
[scan_planner_node-4] [ERROR] [1785998692.206524976] [bspline_opt]: [ReplanDiag] rebound A-star failed ret=2 segment=1/1 ids=[7,11] start=[6.012 3.990 0.885] end=[6.001 3.109 0.556]
[scan_planner_node-4] iter=5,time(ms)=8.45,rebound.
[scan_planner_node-4] [WARN] [1785998692.217084794] [path_searching]: [AStarDiag] result=OPEN_SET_EMPTY start=[6.005 3.988 0.885] end=[6.000 3.110 0.556] adjusted_start=[6.003 3.999 0.870] adjusted_end=[6.003 3.149 0.620] iter=6499 occupied_rejects=1499 pool_rejects=1133 elapsed_ms=10.47
[scan_planner_node-4] [ERROR] [1785998692.217139393] [bspline_opt]: [ReplanDiag] rebound A-star failed ret=2 segment=1/1 ids=[7,11] start=[6.005 3.988 0.885] end=[6.000 3.110 0.556]
[scan_planner_node-4] iter=5,time(ms)=10.6,rebound.
[scan_planner_node-4] [32miter(+1)=3,time(ms)=0.017,keep optimizing
[scan_planner_node-4] [WARN] [1785998692.225529132] [path_searching]: [AStarDiag] result=OPEN_SET_EMPTY start=[6.010 3.986 0.885] end=[5.999 3.106 0.556] adjusted_start=[6.004 3.996 0.870] adjusted_end=[6.004 3.146 0.620] iter=6499 occupied_rejects=1499 pool_rejects=1133 elapsed_ms=8.22
[scan_planner_node-4] [ERROR] [1785998692.225583660] [bspline_opt]: [ReplanDiag] rebound A-star failed ret=2 segment=1/1 ids=[7,11] start=[6.010 3.986 0.885] end=[5.999 3.106 0.556]
[scan_planner_node-4] [0miter=5,time(ms)=8.36,rebound.
[scan_planner_node-4] [WARN] [1785998692.233982845] [path_searching]: [AStarDiag] result=OPEN_SET_EMPTY start=[6.006 3.986 0.885] end=[6.001 3.109 0.556] adjusted_start=[6.004 3.998 0.870] adjusted_end=[6.004 3.148 0.620] iter=6499 occupied_rejects=1499 pool_rejects=1133 elapsed_ms=8.29
[scan_planner_node-4] [ERROR] [1785998692.234040391] [bspline_opt]: [ReplanDiag] rebound A-star failed ret=2 segment=1/1 ids=[7,11] start=[6.006 3.986 0.885] end=[6.001 3.109 0.556]
[scan_planner_node-4] iter=5,time(ms)=8.43,rebound.
[scan_planner_node-4] [WARN] [1785998692.242447855] [path_searching]: [AStarDiag] result=OPEN_SET_EMPTY start=[5.997 3.984 0.885] end=[5.998 3.107 0.556] adjusted_start=[5.998 3.995 0.870] adjusted_end=[5.998 3.145 0.620] iter=6500 occupied_rejects=1491 pool_rejects=1136 elapsed_ms=8.31
[scan_planner_node-4] [ERROR] [1785998692.242493952] [bspline_opt]: [ReplanDiag] rebound A-star failed ret=2 segment=1/1 ids=[7,11] start=[5.997 3.984 0.885] end=[5.998 3.107 0.556]
[scan_planner_node-4] iter=5,time(ms)=8.43,rebound.
[scan_planner_node-4] [WARN] [1785998692.251173964] [path_searching]: [AStarDiag] result=OPEN_SET_EMPTY start=[5.995 3.984 0.885] end=[5.999 3.108 0.556] adjusted_start=[5.997 3.996 0.870] adjusted_end=[5.997 3.146 0.620] iter=6500 occupied_rejects=1491 pool_rejects=1136 elapsed_ms=8.60
[scan_planner_node-4] [ERROR] [1785998692.251233521] [bspline_opt]: [ReplanDiag] rebound A-star failed ret=2 segment=1/1 ids=[7,11] start=[5.995 3.984 0.885] end=[5.999 3.108 0.556]
[scan_planner_node-4] iter=5,time(ms)=8.74,rebound.
[scan_planner_node-4] [WARN] [1785998692.259581190] [path_searching]: [AStarDiag] result=OPEN_SET_EMPTY start=[5.979 3.981 0.885] end=[6.002 3.107 0.556] adjusted_start=[5.990 3.994 0.870] adjusted_end=[5.990 3.144 0.620] iter=6500 occupied_rejects=1491 pool_rejects=1136 elapsed_ms=8.24
[scan_planner_node-4] [ERROR] [1785998692.259628639] [bspline_opt]: [ReplanDiag] rebound A-star failed ret=2 segment=1/1 ids=[7,11] start=[5.979 3.981 0.885] end=[6.002 3.107 0.556]
[scan_planner_node-4] iter=5,time(ms)=8.36,rebound.
[scan_planner_node-4] [WARN] [1785998692.267621915] [path_searching]: [AStarDiag] result=OPEN_SET_EMPTY start=[5.977 3.981 0.885] end=[6.002 3.108 0.556] adjusted_start=[5.989 3.994 0.870] adjusted_end=[5.989 3.144 0.620] iter=6500 occupied_rejects=1491 pool_rejects=1136 elapsed_ms=7.92
[scan_planner_node-4] [ERROR] [1785998692.267665401] [bspline_opt]: [ReplanDiag] rebound A-star failed ret=2 segment=1/1 ids=[7,11] start=[5.977 3.981 0.885] end=[6.002 3.108 0.556]
[scan_planner_node-4] [32miter(+1)=5,time(ms)=8.035,keep optimizing
[scan_planner_node-4] [0mfirst_optimize_step_success=0
[scan_planner_node-4] final_plan_success=0
[scan_planner_node-4] 
[scan_planner_node-4] [rebo replan]: -------------------------------------883
[scan_planner_node-4] start: 6.01 5.08  1.4,   -0.012   -0.187 4.31e-05
[scan_planner_node-4] goal:  6   3 0.4, 0 0 0
[scan_planner_node-4] [WARN] [1785998692.276812371] [path_searching]: [AStarDiag] result=OPEN_SET_EMPTY start=[5.993 4.060 0.911] end=[5.999 3.170 0.480] adjusted_start=[5.996 4.065 0.895] adjusted_end=[5.996 3.215 0.545] iter=6662 occupied_rejects=1423 pool_rejects=1136 elapsed_ms=8.82
[scan_planner_node-4] [ERROR] [1785998692.276875186] [bspline_opt]: [ReplanDiag] rebound A-star failed ret=2 segment=1/1 ids=[8,12] start=[5.993 4.060 0.911] end=[5.999 3.170 0.480]
[scan_planner_node-4] iter=5,time(ms)=9,rebound.
[scan_planner_node-4] [WARN] [1785998692.285504291] [path_searching]: [AStarDiag] result=OPEN_SET_EMPTY start=[5.993 4.059 0.911] end=[5.999 3.171 0.480] adjusted_start=[5.996 4.065 0.895] adjusted_end=[5.996 3.215 0.545] iter=6662 occupied_rejects=1423 pool_rejects=1136 elapsed_ms=8.49
[scan_planner_node-4] [ERROR] [1785998692.285558014] [bspline_opt]: [ReplanDiag] rebound A-star failed ret=2 segment=1/1 ids=[8,12] start=[5.993 4.059 0.911] end=[5.999 3.171 0.480]
[scan_planner_node-4] [32miter(+1)=5,time(ms)=8.621,keep optimizing
[scan_planner_node-4] [0m[32miter(+1)=1,time(ms)=0.012,keep optimizing
[scan_planner_node-4] [0m[32miter(+1)=1,time(ms)=0.009,keep optimizing
[scan_planner_node-4] [0mfirst_optimize_step_success=0
[scan_planner_node-4] final_plan_success=0
[scan_planner_node-4] 
[scan_planner_node-4] [rebo replan]: -------------------------------------884
[scan_planner_node-4] start: 6.01 5.08  1.4,   -0.012   -0.187 4.31e-05
[scan_planner_node-4] goal:  6   3 0.4, 0 0 0
