[INFO] [launch]: All log files can be found below /home/wei/.ros/log/2026-08-06-18-06-36-176685-wei-526145
[INFO] [launch]: Default logging verbosity is set to INFO
[INFO] [gazebo-1]: process started with pid [526153]
[INFO] [parameter_bridge-2]: process started with pid [526154]
[INFO] [parameter_bridge-3]: process started with pid [526155]
[INFO] [scan_planner_node-4]: process started with pid [526156]
[INFO] [robot_state_publisher-5]: process started with pid [526158]
[INFO] [closed_loop_controller-6]: process started with pid [526159]
[INFO] [go2_kinematic_sim-7]: process started with pid [526160]
[INFO] [create-8]: process started with pid [526161]
[INFO] [loop_path_publisher.py-9]: process started with pid [526170]
[INFO] [terrain_path_visualizer-10]: process started with pid [526171]
[INFO] [rviz2-11]: process started with pid [526172]
[go2_kinematic_sim-7] [INFO] [1786010796.602682756] [go2_kinematic_sim]: Go2 kinematic simulator ready
[robot_state_publisher-5] [INFO] [1786010796.608861443] [go2_robot_state_publisher]: Robot initialized
[closed_loop_controller-6] [INFO] [1786010796.613137547] [closed_loop_controller]: Closed-loop controller ready
[create-8] [INFO] [1786010796.629980597] [ros_gz_sim]: Requesting list of world names.
[parameter_bridge-3] [INFO] [1786010796.634884222] [gazebo_pose_service_bridge]: Creating ROS->GZ service bridge [/world/scan_demo/set_pose (ros_gz_interfaces/srv/SetEntityPose -> /)]
[scan_planner_node-4] hit: 1.7346
[scan_planner_node-4] miss: -0.847298
[scan_planner_node-4] min log: -1.99243
[scan_planner_node-4] max: 3.89182
[scan_planner_node-4] thresh log: 1.38629
[gazebo-1] [1;32m[Msg] [0m[1;32mGazebo Sim GUI    v[0m[1;32m8.11.0[0m[1;32m[0m
[gazebo-1] [1;32m[Msg] [0m[1;32mDetected Wayland. Setting Qt to use the xcb plugin: [0m[1;32m'QT_QPA_PLATFORM=xcb'.[0m[1;32m[0m
[gazebo-1] [1;32m[Msg] [0m[1;32mReceived world [[0m[1;32m/home/wei/github_code/SCAN-Planner-Ros2/install/go2_description/share/go2_description/worlds/scan_demo.sdf[0m[1;32m] from the GUI.[0m[1;32m[0m
[gazebo-1] [1;32m[Msg] [0m[1;32mGazebo Sim Server v[0m[1;32m8.11.0[0m[1;32m[0m
[gazebo-1] [1;32m[Msg] [0m[1;32mLoading SDF world file[[0m[1;32m/home/wei/github_code/SCAN-Planner-Ros2/install/go2_description/share/go2_description/worlds/scan_demo.sdf[0m[1;32m].[0m
[rviz2-11] [INFO] [1786010796.917486041] [rviz2]: Stereo is NOT SUPPORTED
[rviz2-11] [INFO] [1786010796.917568344] [rviz2]: OpenGl version: 4.6 (GLSL 4.6)
[rviz2-11] [INFO] [1786010796.948981564] [rviz2]: Stereo is NOT SUPPORTED
[rviz2-11] [INFO] [1786010797.059990232] [rviz]: Subscribing to: /grid_map/occupancy_inflate
[rviz2-11] 
[rviz2-11] [INFO] [1786010797.077254176] [rviz]: Subscribing to: /grid_map/occupancy_inflate
[rviz2-11] 
[gazebo-1] [1;32m[Msg] [0m[1;32mServing entity system service on [[0m[1;32m/[0m[1;32mentity/system/add[0m[1;32m][0m[1;32m[0m
[loop_path_publisher.py-9] [INFO] [1786010797.167284436] [loop_path_publisher]: Waiting to publish closed loop with 328 dense points
[gazebo-1] [1;32m[Msg] [0m[1;32mCreate[0m[1;32m service on [[0m[1;32m/world/scan_demo/create_multiple[0m[1;32m] (async)[0m[1;32m[0m
[gazebo-1] [1;32m[Msg] [0m[1;32mCreate[0m[1;32m service on [[0m[1;32m/world/scan_demo/create_multiple/blocking[0m[1;32m] (blocking)[0m[1;32m[0m
[gazebo-1] [1;32m[Msg] [0m[1;32mRemove[0m[1;32m service on [[0m[1;32m/world/scan_demo/remove[0m[1;32m] (async)[0m[1;32m[0m
[gazebo-1] [1;32m[Msg] [0m[1;32mRemove[0m[1;32m service on [[0m[1;32m/world/scan_demo/remove/blocking[0m[1;32m] (blocking)[0m[1;32m[0m
[gazebo-1] [1;32m[Msg] [0m[1;32mPose[0m[1;32m service on [[0m[1;32m/world/scan_demo/set_pose[0m[1;32m] (async)[0m[1;32m[0m
[gazebo-1] [1;32m[Msg] [0m[1;32mPose[0m[1;32m service on [[0m[1;32m/world/scan_demo/set_pose/blocking[0m[1;32m] (blocking)[0m[1;32m[0m
[gazebo-1] [1;32m[Msg] [0m[1;32mPose[0m[1;32m service on [[0m[1;32m/world/scan_demo/set_pose_vector[0m[1;32m] (async)[0m[1;32m[0m
[gazebo-1] [1;32m[Msg] [0m[1;32mPose[0m[1;32m service on [[0m[1;32m/world/scan_demo/set_pose_vector/blocking[0m[1;32m] (blocking)[0m[1;32m[0m
[gazebo-1] [1;32m[Msg] [0m[1;32mLight configuration[0m[1;32m service on [[0m[1;32m/world/scan_demo/light_config[0m[1;32m] (async)[0m[1;32m[0m
[gazebo-1] [1;32m[Msg] [0m[1;32mLight configuration[0m[1;32m service on [[0m[1;32m/world/scan_demo/light_config/blocking[0m[1;32m] (blocking)[0m[1;32m[0m
[gazebo-1] [1;32m[Msg] [0m[1;32mPhysics[0m[1;32m service on [[0m[1;32m/world/scan_demo/set_physics[0m[1;32m] (async)[0m[1;32m[0m
[gazebo-1] [1;32m[Msg] [0m[1;32mPhysics[0m[1;32m service on [[0m[1;32m/world/scan_demo/set_physics/blocking[0m[1;32m] (blocking)[0m[1;32m[0m
[gazebo-1] [1;32m[Msg] [0m[1;32mSphericalCoordinates[0m[1;32m service on [[0m[1;32m/world/scan_demo/set_spherical_coordinates[0m[1;32m] (async)[0m[1;32m[0m
[gazebo-1] [1;32m[Msg] [0m[1;32mSphericalCoordinates[0m[1;32m service on [[0m[1;32m/world/scan_demo/set_spherical_coordinates/blocking[0m[1;32m] (blocking)[0m[1;32m[0m
[gazebo-1] [1;32m[Msg] [0m[1;32mEnable collision[0m[1;32m service on [[0m[1;32m/world/scan_demo/enable_collision[0m[1;32m] (async)[0m[1;32m[0m
[gazebo-1] [1;32m[Msg] [0m[1;32mEnable collision[0m[1;32m service on [[0m[1;32m/world/scan_demo/enable_collision/blocking[0m[1;32m] (blocking)[0m[1;32m[0m
[gazebo-1] [1;32m[Msg] [0m[1;32mDisable collision[0m[1;32m service on [[0m[1;32m/world/scan_demo/disable_collision[0m[1;32m] (async)[0m[1;32m[0m
[gazebo-1] [1;32m[Msg] [0m[1;32mDisable collision[0m[1;32m service on [[0m[1;32m/world/scan_demo/disable_collision/blocking[0m[1;32m] (blocking)[0m[1;32m[0m
[gazebo-1] [1;32m[Msg] [0m[1;32mMaterial[0m[1;32m service on [[0m[1;32m/world/scan_demo/visual_config[0m[1;32m] (async)[0m[1;32m[0m
[gazebo-1] [1;32m[Msg] [0m[1;32mMaterial[0m[1;32m service on [[0m[1;32m/world/scan_demo/visual_config/blocking[0m[1;32m] (blocking)[0m[1;32m[0m
[gazebo-1] [1;32m[Msg] [0m[1;32mMaterial[0m[1;32m service on [[0m[1;32m/world/scan_demo/wheel_slip[0m[1;32m] (async)[0m[1;32m[0m
[gazebo-1] [1;32m[Msg] [0m[1;32mMaterial[0m[1;32m service on [[0m[1;32m/world/scan_demo/wheel_slip/blocking[0m[1;32m] (blocking)[0m[1;32m[0m
[gazebo-1] [1;32m[Msg] [0m[1;32mLoaded level [[0m[1;32mdefault[0m[1;32m][0m[1;32m[0m
[gazebo-1] [1;32m[Msg] [0m[1;32mServing world controls on [[0m[1;32m/world/scan_demo[0m[1;32m/control], [[0m[1;32m/world/scan_demo[0m[1;32m/control/state] and [[0m[1;32m/world/scan_demo[0m[1;32m/playback/control][0m[1;32m[0m
[gazebo-1] [1;32m[Msg] [0m[1;32mServing GUI information on [[0m[1;32m/world/scan_demo[0m[1;32m/[0m[1;32mgui/info[0m[1;32m][0m[1;32m[0m
[gazebo-1] [1;32m[Msg] [0m[1;32mWorld [[0m[1;32mscan_demo[0m[1;32m] initialized with [[0m[1;32m1ms[0m[1;32m] physics profile.[0m[1;32m[0m
[gazebo-1] [1;32m[Msg] [0m[1;32mServing world SDF generation service on [[0m[1;32m/world/scan_demo[0m[1;32m/[0m[1;32mgenerate_world_sdf[0m[1;32m][0m[1;32m[0m
[gazebo-1] [1;32m[Msg] [0m[1;32mServing world names on [[0m[1;32m/gazebo/worlds[0m[1;32m][0m[1;32m[0m
[gazebo-1] [1;32m[Msg] [0m[1;32mResource path add service on [[0m[1;32m/gazebo/resource_paths/add[0m[1;32m].[0m[1;32m[0m
[gazebo-1] [1;32m[Msg] [0m[1;32mResource path get service on [[0m[1;32m/gazebo/resource_paths/get[0m[1;32m].[0m[1;32m[0m
[gazebo-1] [1;32m[Msg] [0m[1;32mResource path resolve service on [[0m[1;32m/gazebo/resource_paths/resolve[0m[1;32m].[0m[1;32m[0m
[gazebo-1] [1;32m[Msg] [0m[1;32mResource paths published on [[0m[1;32m/gazebo/resource_paths[0m[1;32m].[0m[1;32m[0m
[gazebo-1] [1;32m[Msg] [0m[1;32mServer control service on [[0m[1;32m/server_control[0m[1;32m].[0m[1;32m[0m
[gazebo-1] [1;33m[GUI] [Wrn] [Application.cc:908] [0m[1;33m[QT] file:///usr/lib/x86_64-linux-gnu/qt5/qml/QtQuick/Dialogs/DefaultFileDialog.qml:413:17: QML ToolButton: Binding loop detected for property "implicitHeight"[0m[1;33m[0m
[gazebo-1] [1;33m[GUI] [Wrn] [Application.cc:908] [0m[1;33m[QT] file:///usr/lib/x86_64-linux-gnu/qt5/qml/QtQuick/Dialogs/DefaultFileDialog.qml:309:21: QML Button: Binding loop detected for property "implicitHeight"[0m[1;33m[0m
[gazebo-1] [1;33m[GUI] [Wrn] [Application.cc:908] [0m[1;33m[QT] file:///usr/lib/x86_64-linux-gnu/qt5/qml/QtQuick/Dialogs/DefaultFileDialog.qml:309:21: QML Button: Binding loop detected for property "implicitHeight"[0m[1;33m[0m
[gazebo-1] [1;33m[GUI] [Wrn] [Application.cc:908] [0m[1;33m[QT] file:///usr/lib/x86_64-linux-gnu/qt5/qml/QtQuick/Dialogs/DefaultFileDialog.qml:413:17: QML ToolButton: Binding loop detected for property "implicitHeight"[0m[1;33m[0m
[gazebo-1] [1;33m[GUI] [Wrn] [Application.cc:908] [0m[1;33m[QT] file:///usr/lib/x86_64-linux-gnu/qt5/qml/QtQuick/Dialogs/DefaultFileDialog.qml:309:21: QML Button: Binding loop detected for property "implicitHeight"[0m[1;33m[0m
[gazebo-1] [1;33m[GUI] [Wrn] [Application.cc:908] [0m[1;33m[QT] file:///usr/lib/x86_64-linux-gnu/qt5/qml/QtQuick/Dialogs/DefaultFileDialog.qml:309:21: QML Button: Binding loop detected for property "implicitHeight"[0m[1;33m[0m
[terrain_path_visualizer-10] [INFO] [1786010797.266881715] [terrain_path_segmenter]: Waiting for a global path; visualization only, no command output
[gazebo-1] [1;33m[GUI] [Wrn] [Application.cc:908] [0m[1;33m[QT] file:///usr/lib/x86_64-linux-gnu/qt5/qml/QtQuick/Dialogs/DefaultFileDialog.qml:413:17: QML ToolButton: Binding loop detected for property "implicitHeight"[0m[1;33m[0m
[gazebo-1] [1;33m[GUI] [Wrn] [Application.cc:908] [0m[1;33m[QT] file:///usr/lib/x86_64-linux-gnu/qt5/qml/QtQuick/Dialogs/DefaultFileDialog.qml:309:21: QML Button: Binding loop detected for property "implicitHeight"[0m[1;33m[0m
[gazebo-1] [1;33m[GUI] [Wrn] [Application.cc:908] [0m[1;33m[QT] file:///usr/lib/x86_64-linux-gnu/qt5/qml/QtQuick/Dialogs/DefaultFileDialog.qml:309:21: QML Button: Binding loop detected for property "implicitHeight"[0m[1;33m[0m
[create-8] [INFO] [1786010797.513139891] [ros_gz_sim]: Waiting messages on topic [robot_description].
[create-8] [INFO] [1786010797.524836049] [ros_gz_sim]: Entity creation successful.
[gazebo-1] [1;32m[GUI] [0m[1;32m[Msg] [0m[1;32mLoading config [[0m[1;32m/home/wei/.gz/sim/8/gui.config[0m[1;32m][0m[1;32m[0m
[INFO] [create-8]: process has finished cleanly [pid 526161]
[parameter_bridge-2] [INFO] [1786010797.635116361] [go2_gz_bridge]: Creating GZ->ROS Bridge: [/clock (gz.msgs.Clock) -> /clock (rosgraph_msgs/msg/Clock)] (Lazy 0)
[gazebo-1] [1;32m[GUI] [0m[1;32m[Msg] [0m[1;32mAdded plugin [[0m[1;32m3D View[0m[1;32m] to main window[0m[1;32m[0m
[gazebo-1] [1;32m[GUI] [0m[1;32m[Msg] [0m[1;32mLoaded plugin [[0m[1;32mMinimalScene[0m[1;32m] from path [[0m[1;32m/opt/ros/jazzy/opt/gz_gui_vendor/lib/gz-gui-8/plugins/libMinimalScene.so[0m[1;32m][0m[1;32m[0m
[gazebo-1] [1;32m[GUI] [0m[1;32m[Msg] [0m[1;32mCurrently tracking topic on [[0m[1;32m/gui/currently_tracked[0m[1;32m][0m[1;32m[0m
[parameter_bridge-2] [INFO] [1786010797.712184194] [go2_gz_bridge]: Creating GZ->ROS Bridge: [/go2/imu (gz.msgs.IMU) -> /go2/imu (sensor_msgs/msg/Imu)] (Lazy 0)
[gazebo-1] [1;32m[GUI] [0m[1;32m[Msg] [0m[1;32mAdded plugin [[0m[1;32mEntity Context Menu[0m[1;32m] to main window[0m[1;32m[0m
[gazebo-1] [1;32m[GUI] [0m[1;32m[Msg] [0m[1;32mLoaded plugin [[0m[1;32mEntityContextMenuPlugin[0m[1;32m] from path [[0m[1;32m/opt/ros/jazzy/opt/gz_sim_vendor/lib/gz-sim-8/plugins/gui/libEntityContextMenuPlugin.so[0m[1;32m][0m[1;32m[0m
[parameter_bridge-2] [INFO] [1786010797.715728790] [go2_gz_bridge]: Creating GZ->ROS Bridge: [/go2/lidar (gz.msgs.LaserScan) -> /go2/lidar/scan (sensor_msgs/msg/LaserScan)] (Lazy 0)
[parameter_bridge-2] [INFO] [1786010797.716541682] [go2_gz_bridge]: Creating GZ->ROS Bridge: [/go2/lidar/points (gz.msgs.PointCloudPacked) -> /go2/lidar/points (sensor_msgs/msg/PointCloud2)] (Lazy 0)
[gazebo-1] [1;32m[GUI] [0m[1;32m[Msg] [0m[1;32mAdded plugin [[0m[1;32mScene Manager[0m[1;32m] to main window[0m[1;32m[0m
[gazebo-1] [1;32m[GUI] [0m[1;32m[Msg] [0m[1;32mLoaded plugin [[0m[1;32mGzSceneManager[0m[1;32m] from path [[0m[1;32m/opt/ros/jazzy/opt/gz_sim_vendor/lib/gz-sim-8/plugins/gui/libGzSceneManager.so[0m[1;32m][0m[1;32m[0m
[gazebo-1] [1;32m[GUI] [0m[1;32m[Msg] [0m[1;32mCamera view controller topic advertised on [[0m[1;32m/gui/camera/view_control[0m[1;32m][0m[1;32m[0m
[gazebo-1] [1;32m[GUI] [0m[1;32m[Msg] [0m[1;32mCamera reference visual topic advertised on [[0m[1;32m/gui/camera/view_control/reference_visual[0m[1;32m][0m[1;32m[0m
[gazebo-1] [1;32m[GUI] [0m[1;32m[Msg] [0m[1;32mCamera view control sensitivity advertised on [[0m[1;32m/gui/camera/view_control/sensitivity[0m[1;32m][0m[1;32m[0m
[gazebo-1] [1;32m[GUI] [0m[1;32m[Msg] [0m[1;32mAdded plugin [[0m[1;32mInteractive view control[0m[1;32m] to main window[0m[1;32m[0m
[gazebo-1] [1;32m[GUI] [0m[1;32m[Msg] [0m[1;32mLoaded plugin [[0m[1;32mInteractiveViewControl[0m[1;32m] from path [[0m[1;32m/opt/ros/jazzy/opt/gz_gui_vendor/lib/gz-gui-8/plugins/libInteractiveViewControl.so[0m[1;32m][0m[1;32m[0m
[gazebo-1] [1;32m[GUI] [0m[1;32m[Msg] [0m[1;32mAdded plugin [[0m[1;32mCamera tracking[0m[1;32m] to main window[0m[1;32m[0m
[gazebo-1] [1;32m[GUI] [0m[1;32m[Msg] [0m[1;32mLoaded plugin [[0m[1;32mCameraTracking[0m[1;32m] from path [[0m[1;32m/opt/ros/jazzy/opt/gz_gui_vendor/lib/gz-gui-8/plugins/libCameraTracking.so[0m[1;32m][0m[1;32m[0m
[gazebo-1] [1;32m[GUI] [0m[1;32m[Msg] [0m[1;32mListening to stats on [[0m[1;32m/world/scan_demo/stats[0m[1;32m][0m[1;32m[0m
[gazebo-1] [1;32m[GUI] [0m[1;32m[Msg] [0m[1;32mAdded plugin [[0m[1;32mMarker Manager[0m[1;32m] to main window[0m[1;32m[0m
[gazebo-1] [1;32m[GUI] [0m[1;32m[Msg] [0m[1;32mLoaded plugin [[0m[1;32mMarkerManager[0m[1;32m] from path [[0m[1;32m/opt/ros/jazzy/opt/gz_gui_vendor/lib/gz-gui-8/plugins/libMarkerManager.so[0m[1;32m][0m[1;32m[0m
[gazebo-1] [1;32m[GUI] [0m[1;32m[Msg] [0m[1;32mAdded plugin [[0m[1;32mSelect entities[0m[1;32m] to main window[0m[1;32m[0m
[gazebo-1] [1;32m[GUI] [0m[1;32m[Msg] [0m[1;32mLoaded plugin [[0m[1;32mSelectEntities[0m[1;32m] from path [[0m[1;32m/opt/ros/jazzy/opt/gz_sim_vendor/lib/gz-sim-8/plugins/gui/libSelectEntities.so[0m[1;32m][0m[1;32m[0m
[gazebo-1] [1;32m[GUI] [0m[1;32m[Msg] [0m[1;32mAdded plugin [[0m[1;32mSpawn[0m[1;32m] to main window[0m[1;32m[0m
[gazebo-1] [1;32m[GUI] [0m[1;32m[Msg] [0m[1;32mLoaded plugin [[0m[1;32mSpawn[0m[1;32m] from path [[0m[1;32m/opt/ros/jazzy/opt/gz_sim_vendor/lib/gz-sim-8/plugins/gui/libSpawn.so[0m[1;32m][0m[1;32m[0m
[gazebo-1] [1;32m[GUI] [0m[1;32m[Msg] [0m[1;32mView as transparent service on [[0m[1;32m/gui/view/transparent[0m[1;32m][0m[1;32m[0m
[gazebo-1] [1;32m[GUI] [0m[1;32m[Msg] [0m[1;32mView as wireframes service on [[0m[1;32m/gui/view/wireframes[0m[1;32m][0m[1;32m[0m
[gazebo-1] [1;32m[GUI] [0m[1;32m[Msg] [0m[1;32mView center of mass service on [[0m[1;32m/gui/view/com[0m[1;32m][0m[1;32m[0m
[gazebo-1] [1;32m[GUI] [0m[1;32m[Msg] [0m[1;32mView inertia service on [[0m[1;32m/gui/view/inertia[0m[1;32m][0m[1;32m[0m
[gazebo-1] [1;32m[GUI] [0m[1;32m[Msg] [0m[1;32mView collisions service on [[0m[1;32m/gui/view/collisions[0m[1;32m][0m[1;32m[0m
[gazebo-1] [1;32m[GUI] [0m[1;32m[Msg] [0m[1;32mView joints service on [[0m[1;32m/gui/view/joints[0m[1;32m][0m[1;32m[0m
[gazebo-1] [1;32m[GUI] [0m[1;32m[Msg] [0m[1;32mView frames service on [[0m[1;32m/gui/view/frames[0m[1;32m][0m[1;32m[0m
[gazebo-1] [1;32m[GUI] [0m[1;32m[Msg] [0m[1;32mAdded plugin [[0m[1;32mVisualization capabilities[0m[1;32m] to main window[0m[1;32m[0m
[gazebo-1] [1;32m[GUI] [0m[1;32m[Msg] [0m[1;32mLoaded plugin [[0m[1;32mVisualizationCapabilities[0m[1;32m] from path [[0m[1;32m/opt/ros/jazzy/opt/gz_sim_vendor/lib/gz-sim-8/plugins/gui/libVisualizationCapabilities.so[0m[1;32m][0m[1;32m[0m
[gazebo-1] [1;32m[GUI] [0m[1;32m[Msg] [0m[1;32mUsing world control service [[0m[1;32m/world/scan_demo/control[0m[1;32m][0m[1;32m[0m
[gazebo-1] [1;32m[GUI] [0m[1;32m[Msg] [0m[1;32mListening to stats on [[0m[1;32m/world/scan_demo/stats[0m[1;32m][0m[1;32m[0m
[gazebo-1] [1;32m[GUI] [0m[1;32m[Msg] [0m[1;32mAdded plugin [[0m[1;32mWorld control[0m[1;32m] to main window[0m[1;32m[0m
[gazebo-1] [1;32m[GUI] [0m[1;32m[Msg] [0m[1;32mLoaded plugin [[0m[1;32mWorldControl[0m[1;32m] from path [[0m[1;32m/opt/ros/jazzy/opt/gz_gui_vendor/lib/gz-gui-8/plugins/libWorldControl.so[0m[1;32m][0m[1;32m[0m
[gazebo-1] [1;32m[GUI] [0m[1;32m[Msg] [0m[1;32mListening to stats on [[0m[1;32m/world/scan_demo/stats[0m[1;32m][0m[1;32m[0m
[gazebo-1] [1;32m[GUI] [0m[1;32m[Msg] [0m[1;32mAdded plugin [[0m[1;32mWorld stats[0m[1;32m] to main window[0m[1;32m[0m
[gazebo-1] [1;32m[GUI] [0m[1;32m[Msg] [0m[1;32mLoaded plugin [[0m[1;32mWorldStats[0m[1;32m] from path [[0m[1;32m/opt/ros/jazzy/opt/gz_gui_vendor/lib/gz-gui-8/plugins/libWorldStats.so[0m[1;32m][0m[1;32m[0m
[gazebo-1] [1;32m[GUI] [0m[1;32m[Msg] [0m[1;32mAdded plugin [[0m[1;32mShapes[0m[1;32m] to main window[0m[1;32m[0m
[gazebo-1] [1;32m[GUI] [0m[1;32m[Msg] [0m[1;32mLoaded plugin [[0m[1;32mShapes[0m[1;32m] from path [[0m[1;32m/opt/ros/jazzy/opt/gz_sim_vendor/lib/gz-sim-8/plugins/gui/libShapes.so[0m[1;32m][0m[1;32m[0m
[gazebo-1] [1;32m[GUI] [0m[1;32m[Msg] [0m[1;32mAdded plugin [[0m[1;32mLights[0m[1;32m] to main window[0m[1;32m[0m
[gazebo-1] [1;32m[GUI] [0m[1;32m[Msg] [0m[1;32mLoaded plugin [[0m[1;32mLights[0m[1;32m] from path [[0m[1;32m/opt/ros/jazzy/opt/gz_sim_vendor/lib/gz-sim-8/plugins/gui/libLights.so[0m[1;32m][0m[1;32m[0m
[gazebo-1] [1;32m[GUI] [0m[1;32m[Msg] [0m[1;32mAdded plugin [[0m[1;32mTransform control[0m[1;32m] to main window[0m[1;32m[0m
[gazebo-1] [1;32m[GUI] [0m[1;32m[Msg] [0m[1;32mLoaded plugin [[0m[1;32mTransformControl[0m[1;32m] from path [[0m[1;32m/opt/ros/jazzy/opt/gz_sim_vendor/lib/gz-sim-8/plugins/gui/libTransformControl.so[0m[1;32m][0m[1;32m[0m
[gazebo-1] [1;33m[GUI] [Wrn] [Application.cc:908] [0m[1;33m[QT] file:///usr/lib/x86_64-linux-gnu/qt5/qml/QtQuick/Dialogs/DefaultFileDialog.qml:413:17: QML ToolButton: Binding loop detected for property "implicitHeight"[0m[1;33m[0m
[gazebo-1] [1;33m[GUI] [Wrn] [Application.cc:908] [0m[1;33m[QT] file:///usr/lib/x86_64-linux-gnu/qt5/qml/QtQuick/Dialogs/DefaultFileDialog.qml:309:21: QML Button: Binding loop detected for property "implicitHeight"[0m[1;33m[0m
[gazebo-1] [1;33m[GUI] [Wrn] [Application.cc:908] [0m[1;33m[QT] file:///usr/lib/x86_64-linux-gnu/qt5/qml/QtQuick/Dialogs/DefaultFileDialog.qml:309:21: QML Button: Binding loop detected for property "implicitHeight"[0m[1;33m[0m
[gazebo-1] [1;32m[GUI] [0m[1;32m[Msg] [0m[1;32mScreenshot service on [[0m[1;32m/gui/screenshot[0m[1;32m][0m[1;32m[0m
[gazebo-1] [1;32m[GUI] [0m[1;32m[Msg] [0m[1;32mAdded plugin [[0m[1;32mScreenshot[0m[1;32m] to main window[0m[1;32m[0m
[gazebo-1] [1;32m[GUI] [0m[1;32m[Msg] [0m[1;32mLoaded plugin [[0m[1;32mScreenshot[0m[1;32m] from path [[0m[1;32m/opt/ros/jazzy/opt/gz_gui_vendor/lib/gz-gui-8/plugins/libScreenshot.so[0m[1;32m][0m[1;32m[0m
[gazebo-1] [1;32m[GUI] [0m[1;32m[Msg] [0m[1;32mAdded plugin [[0m[1;32mCopy/Paste[0m[1;32m] to main window[0m[1;32m[0m
[gazebo-1] [1;32m[GUI] [0m[1;32m[Msg] [0m[1;32mLoaded plugin [[0m[1;32mCopyPaste[0m[1;32m] from path [[0m[1;32m/opt/ros/jazzy/opt/gz_sim_vendor/lib/gz-sim-8/plugins/gui/libCopyPaste.so[0m[1;32m][0m[1;32m[0m
[gazebo-1] [1;33m[GUI] [Wrn] [Application.cc:908] [0m[1;33m[QT] file::/ComponentInspector/ComponentInspector.qml:251:3: QML Dialog: Binding loop detected for property "implicitHeight"[0m[1;33m[0m
[gazebo-1] [1;32m[GUI] [0m[1;32m[Msg] [0m[1;32mAdded plugin [[0m[1;32mComponent inspector[0m[1;32m] to main window[0m[1;32m[0m
[gazebo-1] [1;32m[GUI] [0m[1;32m[Msg] [0m[1;32mLoaded plugin [[0m[1;32mComponentInspector[0m[1;32m] from path [[0m[1;32m/opt/ros/jazzy/opt/gz_sim_vendor/lib/gz-sim-8/plugins/gui/libComponentInspector.so[0m[1;32m][0m[1;32m[0m
[gazebo-1] [1;32m[GUI] [0m[1;32m[Msg] [0m[1;32mCurrently tracking topic on [[0m[1;32m/gui/currently_tracked[0m[1;32m][0m[1;32m[0m
[gazebo-1] [1;33m[GUI] [Wrn] [Application.cc:908] [0m[1;33m[QT] file:///usr/lib/x86_64-linux-gnu/qt5/qml/QtQuick/Dialogs/DefaultFileDialog.qml:413:17: QML ToolButton: Binding loop detected for property "implicitHeight"[0m[1;33m[0m
[gazebo-1] [1;33m[GUI] [Wrn] [Application.cc:908] [0m[1;33m[QT] file:///usr/lib/x86_64-linux-gnu/qt5/qml/QtQuick/Dialogs/DefaultFileDialog.qml:309:21: QML Button: Binding loop detected for property "implicitHeight"[0m[1;33m[0m
[gazebo-1] [1;33m[GUI] [Wrn] [Application.cc:908] [0m[1;33m[QT] file:///usr/lib/x86_64-linux-gnu/qt5/qml/QtQuick/Dialogs/DefaultFileDialog.qml:309:21: QML Button: Binding loop detected for property "implicitHeight"[0m[1;33m[0m
[gazebo-1] [1;32m[GUI] [0m[1;32m[Msg] [0m[1;32mAdded plugin [[0m[1;32mEntity tree[0m[1;32m] to main window[0m[1;32m[0m
[gazebo-1] [1;32m[GUI] [0m[1;32m[Msg] [0m[1;32mLoaded plugin [[0m[1;32mEntityTree[0m[1;32m] from path [[0m[1;32m/opt/ros/jazzy/opt/gz_sim_vendor/lib/gz-sim-8/plugins/gui/libEntityTree.so[0m[1;32m][0m[1;32m[0m
[gazebo-1] [1;32m[GUI] [0m[1;32m[Msg] [0m[1;32mUsing server control service [[0m[1;32m/server_control[0m[1;32m][0m[1;32m[0m
[gazebo-1] [1;33m[GUI] [Wrn] [Application.cc:908] [0m[1;33m[QT] file::/WorldStats/WorldStats.qml:53:3: QML RowLayout: Binding loop detected for property "x"[0m[1;33m[0m
[gazebo-1] [1;32m[GUI] [0m[1;32m[Msg] [0m[1;32mLoading plugin [[0m[1;32mgz-rendering-ogre2[0m[1;32m][0m[1;32m[0m
[scan_planner_node-4] [FSM]: state: INIT
[scan_planner_node-4] wait for goal.
[gazebo-1] [1;32m[GUI] [0m[1;32m[Msg] [0m[1;32mMove to service on [[0m[1;32m/gui/move_to[0m[1;32m][0m[1;32m[0m
[gazebo-1] [1;32m[GUI] [0m[1;32m[Msg] [0m[1;32mFollow service on [[0m[1;32m/gui/follow[0m[1;32m] (deprecated)[0m[1;32m[0m
[gazebo-1] [1;32m[GUI] [0m[1;32m[Msg] [0m[1;32mTracking topic on [[0m[1;32m/gui/track[0m[1;32m][0m[1;32m[0m
[gazebo-1] [1;32m[GUI] [0m[1;32m[Msg] [0m[1;32mTracking status topic on [[0m[1;32m/gui/currently_tracked[0m[1;32m][0m[1;32m[0m
[gazebo-1] [1;32m[GUI] [0m[1;32m[Msg] [0m[1;32mMove to pose service on [[0m[1;32m/gui/move_to/pose[0m[1;32m][0m[1;32m[0m
[gazebo-1] [1;32m[GUI] [0m[1;32m[Msg] [0m[1;32mCamera pose topic advertised on [[0m[1;32m/gui/camera/pose[0m[1;32m][0m[1;32m[0m
[gazebo-1] [1;32m[GUI] [0m[1;32m[Msg] [0m[1;32mFollow offset service on [[0m[1;32m/gui/follow/offset[0m[1;32m] (deprecated)[0m[1;32m[0m
[gazebo-1] [1;32m[Msg] [0m[1;32mFound no publishers on /stats, adding root stats topic[0m[1;32m[0m
[gazebo-1] [1;32m[Msg] [0m[1;32mFound no publishers on /clock, adding root clock topic[0m[1;32m[0m
[gazebo-1] [1;31m[Err] [UserCommands.cc:1319] [0m[1;31mUnable to update the pose for entity id:[[0m[1;31m0[0m[1;31m], name[[0m[1;31mgo2[0m[1;31m][0m[1;31m[0m
[gazebo-1] [1;31m[Err] [UserCommands.cc:1319] [0m[1;31mUnable to update the pose for entity id:[[0m[1;31m0[0m[1;31m], name[[0m[1;31mgo2[0m[1;31m][0m[1;31m[0m
[gazebo-1] [1;31m[Err] [UserCommands.cc:1319] [0m[1;31mUnable to update the pose for entity id:[[0m[1;31m0[0m[1;31m], name[[0m[1;31mgo2[0m[1;31m][0m[1;31m[0m
[gazebo-1] [1;31m[Err] [UserCommands.cc:1319] [0m[1;31mUnable to update the pose for entity id:[[0m[1;31m0[0m[1;31m], name[[0m[1;31mgo2[0m[1;31m][0m[1;31m[0m
[gazebo-1] [1;31m[Err] [UserCommands.cc:1319] [0m[1;31mUnable to update the pose for entity id:[[0m[1;31m0[0m[1;31m], name[[0m[1;31mgo2[0m[1;31m][0m[1;31m[0m
[gazebo-1] [1;33mWarning [Utils.cc:132][0m [/sdf/model[@name="go2"]/link[@name="base"]/sensor[@name="go2_3d_lidar"]/gz_frame_id:<urdf-string>:L0]: XML Element[gz_frame_id], child of element[sensor], not defined in SDF. Copying[gz_frame_id] as children of [sensor].
[gazebo-1] [1;32m[Msg] [0m[1;32mLoading plugin [[0m[1;32mgz-rendering-ogre2[0m[1;32m][0m[1;32m[0m
[gazebo-1] [1;32m[Msg] [0m[1;32mServing scene information on [[0m[1;32m/world/scan_demo[0m[1;32m/[0m[1;32mscene/info[0m[1;32m][0m[1;32m[0m
[gazebo-1] [1;32m[Msg] [0m[1;32mServing graph information on [[0m[1;32m/world/scan_demo[0m[1;32m/[0m[1;32mscene/graph[0m[1;32m][0m[1;32m[0m
[gazebo-1] [1;32m[Msg] [0m[1;32mServing full state on [[0m[1;32m/world/scan_demo[0m[1;32m/[0m[1;32mstate[0m[1;32m][0m[1;32m[0m
[gazebo-1] [1;32m[Msg] [0m[1;32mServing full state (async) on [[0m[1;32m/world/scan_demo[0m[1;32m/[0m[1;32mstate_async[0m[1;32m][0m[1;32m[0m
[gazebo-1] [1;32m[Msg] [0m[1;32mPublishing scene information on [[0m[1;32m/world/scan_demo/scene/info[0m[1;32m][0m[1;32m[0m
[gazebo-1] [1;32m[Msg] [0m[1;32mPublishing entity deletions on [[0m[1;32m/world/scan_demo/scene/deletion[0m[1;32m][0m[1;32m[0m
[gazebo-1] [1;32m[Msg] [0m[1;32mPublishing state changes on [[0m[1;32m/world/scan_demo/state[0m[1;32m][0m[1;32m[0m
[gazebo-1] [1;32m[Msg] [0m[1;32mPublishing pose messages on [[0m[1;32m/world/scan_demo[0m[1;32m/[0m[1;32mpose/info[0m[1;32m][0m[1;32m[0m
[gazebo-1] [1;32m[Msg] [0m[1;32mPublishing dynamic pose messages on [[0m[1;32m/world/scan_demo[0m[1;32m/[0m[1;32mdynamic_pose/info[0m[1;32m][0m[1;32m[0m
[gazebo-1] [1;33m[Wrn] [Component.hh:127] [0m[1;33mTrying to serialize component with data type [[0m[1;33mSt10shared_ptrIN3sdf3v147ElementEE[0m[1;33m], which doesn't have [Wrn] [Component.hh:127] [0m[1;33m], which doesn't have [0m[1;33mTrying to serialize component with data type [`operator<<`. Component will not be serialized.[0m[1;33mTrying to serialize component with data type [`operator<<`. Component will not be serialized.[0m[1;33m[0m
[gazebo-1] [1;33mTrying to serialize component with data type [[0m[1;33mTrying to serialize component with data type [`operator<<`. Component will not be serialized.[0m[1;33mTrying to serialize component with data type [[0m[1;33mSt10shared_ptrIN3sdf3v147ElementEE[0m[1;33m], which doesn't have [0m[1;33m`operator<<`. Component will not be serialized.[0m[1;33m[0m
[gazebo-1] [1;33m], which doesn't have [0m[1;33m`operator<<`. Component will not be serialized.[0m[1;33m[0m
[gazebo-1] [1;33m], which doesn't have [0m[1;33m[0m
[gazebo-1] [1;33m`operator<<`. Component will not be serialized.[0m[1;33m[0m
[gazebo-1] [1;33m[GUI] [Wrn] [Component.hh:172] [0m[1;33mTrying to deserialize component with data type [[0m[1;33mSt10shared_ptrIN3sdf3v147ElementEE[0m[1;33m], which doesn't have [0m[1;33m`operator>>`. Component will not be deserialized.[0m[1;33m[0m
[gazebo-1] [1;33mWarning [Utils.cc:132][0m [/sdf/model[@name="go2"]/link[@name="base"]/sensor[@name="go2_3d_lidar"]/gz_frame_id:<data-string>:L194]: XML Element[gz_frame_id], child of element[sensor], not defined in SDF. Copying[gz_frame_id] as children of [sensor].
[scan_planner_node-4] [FSM]: state: INIT
[scan_planner_node-4] wait for goal.
[loop_path_publisher.py-9] [INFO] [1786010800.374903455] [loop_path_publisher]: Published closed reference path with 328 dense points, run 1
[terrain_path_visualizer-10] [INFO] [1786010800.400302404] [terrain_path_segmenter]: Segmented 328 path points into 8 sections
[scan_planner_node-4] [INFO] [1786010800.499402526] [scan_planner_node]: [MapRefresh] Cleared occupancy and inflation for a new reference path; observation_sequence=1
[scan_planner_node-4] [INFO] [1786010800.499585976] [scan_planner_node]: [MapRefresh] Deferred reference path until 2 fresh map observations have been fused (target_sequence=3)
[scan_planner_node-4] [INFO] [1786010800.706922013] [scan_planner_node]: [MapRefresh] Fresh map ready at observation_sequence=3; accepting deferred reference path
[scan_planner_node-4] [INFO] [1786010800.708282226] [scan_planner_node]: Reference path accepted
[scan_planner_node-4] [FSM]: from INIT to WAIT_TARGET
[scan_planner_node-4] [FSM]: from WAIT_TARGET to GEN_NEW_TRAJ
[scan_planner_node-4] 
[scan_planner_node-4] [rebo replan]: -------------------------------------0
[scan_planner_node-4] start: -8.5 -5.5  0.4, 0 0 0
[scan_planner_node-4] goal:-8.5 -7.5  0.9, 0 0 0
[scan_planner_node-4] [32miter(+1)=10,time(ms)=0.028,total_t(ms)=0.028,cost=0.020
[scan_planner_node-4] [0mfirst_optimize_step_success=1
[scan_planner_node-4] total time:[42m0.000148[0m,optimize:0.000118,refine:2.96e-05
[scan_planner_node-4] final_plan_success=1
[scan_planner_node-4] [FSM]: from GEN_NEW_TRAJ to EXEC_TRAJ
[closed_loop_controller-6] [INFO] [1786010800.781046440] [closed_loop_controller]: Received trajectory 1, duration 4.160s
[scan_planner_node-4] [FSM]: from EXEC_TRAJ to REPLAN_TRAJ
[scan_planner_node-4] 
[scan_planner_node-4] [rebo replan]: -------------------------------------1
[scan_planner_node-4] start: -8.5 -5.5  0.4, -3.88e-15   -0.0116   0.00217
[scan_planner_node-4] goal:-8.5 -7.5  0.9, 0 0 0
[scan_planner_node-4] [32miter(+1)=12,time(ms)=0.044,total_t(ms)=0.044,cost=0.208
[scan_planner_node-4] [0mfirst_optimize_step_success=1
[scan_planner_node-4] Need to reallocate time.
[scan_planner_node-4] total time:[42m0.000227[0m,optimize:0.000122,refine:0.000105
[scan_planner_node-4] final_plan_success=1
[scan_planner_node-4] [FSM]: from REPLAN_TRAJ to EXEC_TRAJ
[closed_loop_controller-6] [INFO] [1786010800.895823805] [closed_loop_controller]: Received trajectory 2, duration 4.464s
[scan_planner_node-4] [FSM]: from EXEC_TRAJ to REPLAN_TRAJ
[scan_planner_node-4] 
[scan_planner_node-4] [rebo replan]: -------------------------------------2
[scan_planner_node-4] start:  -8.5 -5.56 0.419, 8.6e-15 -0.0515  0.0274
[scan_planner_node-4] goal:-8.5 -7.5  0.9, 0 0 0
[scan_planner_node-4] [32miter(+1)=15,time(ms)=0.040,total_t(ms)=0.040,cost=0.098
[scan_planner_node-4] [0mfirst_optimize_step_success=1
[scan_planner_node-4] Need to reallocate time.
[scan_planner_node-4] total time:[42m0.000217[0m,optimize:0.000115,refine:0.000102
[scan_planner_node-4] final_plan_success=1
[scan_planner_node-4] [FSM]: from REPLAN_TRAJ to EXEC_TRAJ
[closed_loop_controller-6] [INFO] [1786010801.046605333] [closed_loop_controller]: Received trajectory 3, duration 4.302s
[scan_planner_node-4] [INFO] [1786010801.157417527] [scan_planner_node]: [MapDecay] decayed=579 cleared=289 active_occupied=7479
[scan_planner_node-4] [FSM]: from EXEC_TRAJ to REPLAN_TRAJ
[scan_planner_node-4] 
[scan_planner_node-4] [rebo replan]: -------------------------------------3
[scan_planner_node-4] start:  -8.5 -5.61 0.434, 2.64e-14   -0.103   0.0699
[scan_planner_node-4] goal:-8.5 -7.5  0.9, 0 0 0
[scan_planner_node-4] [32miter(+1)=12,time(ms)=0.030,total_t(ms)=0.030,cost=0.176
[scan_planner_node-4] [0mfirst_optimize_step_success=1
[scan_planner_node-4] Need to reallocate time.
[scan_planner_node-4] total time:[42m0.000217[0m,optimize:0.000102,refine:0.000115
[scan_planner_node-4] final_plan_success=1
[scan_planner_node-4] [FSM]: from REPLAN_TRAJ to EXEC_TRAJ
[closed_loop_controller-6] [INFO] [1786010801.196088759] [closed_loop_controller]: Received trajectory 4, duration 4.185s
[scan_planner_node-4] [FSM]: from EXEC_TRAJ to REPLAN_TRAJ
[scan_planner_node-4] 
[scan_planner_node-4] [rebo replan]: -------------------------------------4
[scan_planner_node-4] start:  -8.5 -5.67 0.452, -3.69e-10    -0.163     0.108
[scan_planner_node-4] goal:-8.5 -7.5  0.9, 0 0 0
[scan_planner_node-4] [32miter(+1)=11,time(ms)=0.028,total_t(ms)=0.028,cost=0.103
[scan_planner_node-4] [0mfirst_optimize_step_success=1
[scan_planner_node-4] Need to reallocate time.
[scan_planner_node-4] total time:[42m0.000234[0m,optimize:0.000113,refine:0.00012
[scan_planner_node-4] final_plan_success=1
[scan_planner_node-4] [FSM]: from REPLAN_TRAJ to EXEC_TRAJ
[closed_loop_controller-6] [INFO] [1786010801.350173018] [closed_loop_controller]: Received trajectory 5, duration 4.065s
[scan_planner_node-4] [FSM]: from EXEC_TRAJ to REPLAN_TRAJ
[scan_planner_node-4] 
[scan_planner_node-4] [rebo replan]: -------------------------------------5
[scan_planner_node-4] start:  -8.5 -5.73 0.471, 3.64e-06   -0.224    0.131
[scan_planner_node-4] goal:-8.5 -7.5  0.9, 0 0 0
[scan_planner_node-4] [32miter(+1)=12,time(ms)=0.039,total_t(ms)=0.040,cost=0.061
[scan_planner_node-4] [0mfirst_optimize_step_success=1
[scan_planner_node-4] Need to reallocate time.
[scan_planner_node-4] total time:[42m0.000251[0m,optimize:0.000111,refine:0.00014
[scan_planner_node-4] final_plan_success=1
[scan_planner_node-4] [FSM]: from REPLAN_TRAJ to EXEC_TRAJ
[closed_loop_controller-6] [INFO] [1786010801.503255250] [closed_loop_controller]: Received trajectory 6, duration 3.922s
[scan_planner_node-4] [FSM]: from EXEC_TRAJ to REPLAN_TRAJ
[scan_planner_node-4] 
[scan_planner_node-4] [rebo replan]: -------------------------------------6
[scan_planner_node-4] start:  -8.5 -5.81 0.495, 1.38e-05   -0.294    0.143
[scan_planner_node-4] goal:-8.5 -7.5  0.9, 0 0 0
[scan_planner_node-4] [32miter(+1)=17,time(ms)=0.051,total_t(ms)=0.052,cost=0.113
[scan_planner_node-4] [0mfirst_optimize_step_success=1
[scan_planner_node-4] Need to reallocate time.
[scan_planner_node-4] total time:[42m0.000319[0m,optimize:0.000195,refine:0.000124
[scan_planner_node-4] final_plan_success=1
[scan_planner_node-4] [FSM]: from REPLAN_TRAJ to EXEC_TRAJ
[closed_loop_controller-6] [INFO] [1786010801.689076995] [closed_loop_controller]: Received trajectory 7, duration 3.529s
[scan_planner_node-4] [FSM]: from EXEC_TRAJ to REPLAN_TRAJ
[scan_planner_node-4] 
[scan_planner_node-4] [rebo replan]: -------------------------------------7
[scan_planner_node-4] start:  -8.5 -5.86 0.509, 2.01e-05   -0.333    0.144
[scan_planner_node-4] goal:-8.5 -7.5  0.9, 0 0 0
[scan_planner_node-4] [32miter(+1)=14,time(ms)=0.038,total_t(ms)=0.039,cost=0.070
[scan_planner_node-4] [0mfirst_optimize_step_success=1
[scan_planner_node-4] Need to reallocate time.
[scan_planner_node-4] total time:[42m0.000257[0m,optimize:0.000144,refine:0.000112
[scan_planner_node-4] final_plan_success=1
[scan_planner_node-4] [FSM]: from REPLAN_TRAJ to EXEC_TRAJ
[closed_loop_controller-6] [INFO] [1786010801.786464191] [closed_loop_controller]: Received trajectory 8, duration 3.366s
[scan_planner_node-4] [FSM]: from EXEC_TRAJ to REPLAN_TRAJ
[scan_planner_node-4] 
[scan_planner_node-4] [rebo replan]: -------------------------------------8
[scan_planner_node-4] start:  -8.5 -5.93 0.528, 2.82e-05   -0.387    0.143
[scan_planner_node-4] goal:-8.5 -7.5  0.9, 0 0 0
[scan_planner_node-4] [32miter(+1)=18,time(ms)=0.051,total_t(ms)=0.051,cost=0.035
[scan_planner_node-4] [0mfirst_optimize_step_success=1
[scan_planner_node-4] Need to reallocate time.
[scan_planner_node-4] total time:[42m0.00023[0m,optimize:0.000123,refine:0.000106
[scan_planner_node-4] final_plan_success=1
[scan_planner_node-4] [FSM]: from REPLAN_TRAJ to EXEC_TRAJ
[closed_loop_controller-6] [INFO] [1786010801.922308379] [closed_loop_controller]: Received trajectory 9, duration 3.290s
[scan_planner_node-4] [FSM]: from EXEC_TRAJ to REPLAN_TRAJ
[scan_planner_node-4] 
[scan_planner_node-4] [rebo replan]: -------------------------------------9
[scan_planner_node-4] start:  -8.5 -5.99 0.542, 2.78e-05   -0.426    0.141
[scan_planner_node-4] goal:-8.5 -7.5  0.9, 0 0 0
[scan_planner_node-4] [32miter(+1)=15,time(ms)=0.041,total_t(ms)=0.041,cost=0.112
[scan_planner_node-4] [0mfirst_optimize_step_success=1
[scan_planner_node-4] Need to reallocate time.
[scan_planner_node-4] total time:[42m0.000244[0m,optimize:0.00014,refine:0.000103
[scan_planner_node-4] final_plan_success=1
[scan_planner_node-4] [FSM]: from REPLAN_TRAJ to EXEC_TRAJ
[closed_loop_controller-6] [INFO] [1786010802.016189477] [closed_loop_controller]: Received trajectory 10, duration 3.086s
[scan_planner_node-4] [FSM]: from EXEC_TRAJ to REPLAN_TRAJ
[scan_planner_node-4] 
[scan_planner_node-4] [rebo replan]: -------------------------------------10
[scan_planner_node-4] start:  -8.5 -6.06  0.56, 2.26e-05   -0.476    0.139
[scan_planner_node-4] goal:-8.5 -7.5  0.9, 0 0 0
[scan_planner_node-4] [32miter(+1)=14,time(ms)=0.039,total_t(ms)=0.039,cost=0.059
[scan_planner_node-4] [0mfirst_optimize_step_success=1
[scan_planner_node-4] Need to reallocate time.
[scan_planner_node-4] total time:[42m0.000207[0m,optimize:0.000117,refine:9e-05
[scan_planner_node-4] final_plan_success=1
[scan_planner_node-4] [FSM]: from REPLAN_TRAJ to EXEC_TRAJ
[closed_loop_controller-6] [INFO] [1786010802.143608658] [closed_loop_controller]: Received trajectory 11, duration 2.972s
[scan_planner_node-4] [INFO] [1786010802.198123071] [scan_planner_node]: [GridMapDiag] cloud=32768 accepted=26227 invalid=6541 below_sensor=0 outside_update=0 sensor_z=0.796 cutoff_z=1.796
[scan_planner_node-4] [FSM]: from EXEC_TRAJ to REPLAN_TRAJ
[scan_planner_node-4] [INFO] [1786010802.277993577] [scan_planner_node]: [MapDecay] decayed=554 cleared=391 active_occupied=6276
[scan_planner_node-4] 
[scan_planner_node-4] [rebo replan]: -------------------------------------11
[scan_planner_node-4] start:  -8.5 -6.13 0.578, 2.12e-05   -0.527    0.137
[scan_planner_node-4] goal:-8.5 -7.5  0.9, 0 0 0
[scan_planner_node-4] [32miter(+1)=12,time(ms)=0.036,total_t(ms)=0.036,cost=0.160
[scan_planner_node-4] [0mfirst_optimize_step_success=1
[scan_planner_node-4] Need to reallocate time.
[scan_planner_node-4] total time:[42m0.000213[0m,optimize:0.000106,refine:0.000106
[scan_planner_node-4] final_plan_success=1
[scan_planner_node-4] [FSM]: from REPLAN_TRAJ to EXEC_TRAJ
[closed_loop_controller-6] [INFO] [1786010802.278531186] [closed_loop_controller]: Received trajectory 12, duration 2.719s
[scan_planner_node-4] [FSM]: from EXEC_TRAJ to REPLAN_TRAJ
[scan_planner_node-4] 
[scan_planner_node-4] [rebo replan]: -------------------------------------12
[scan_planner_node-4] start:  -8.5 -6.22   0.6, 1.95e-05   -0.583    0.135
[scan_planner_node-4] goal:-8.5 -7.5  0.9, 0 0 0
[scan_planner_node-4] [32miter(+1)=12,time(ms)=0.034,total_t(ms)=0.034,cost=0.080
[scan_planner_node-4] [0mfirst_optimize_step_success=1
[scan_planner_node-4] Need to reallocate time.
[scan_planner_node-4] total time:[42m0.000198[0m,optimize:0.000119,refine:7.96e-05
[scan_planner_node-4] final_plan_success=1
[scan_planner_node-4] [FSM]: from REPLAN_TRAJ to EXEC_TRAJ
[closed_loop_controller-6] [INFO] [1786010802.429621229] [closed_loop_controller]: Received trajectory 13, duration 2.622s
[scan_planner_node-4] [FSM]: from EXEC_TRAJ to REPLAN_TRAJ
[scan_planner_node-4] 
[scan_planner_node-4] [rebo replan]: -------------------------------------13
[scan_planner_node-4] start:  -8.5 -6.32 0.621, 1.61e-05   -0.635    0.133
[scan_planner_node-4] goal:-8.5 -7.5  0.9, 0 0 0
[scan_planner_node-4] [32miter(+1)=12,time(ms)=0.026,total_t(ms)=0.026,cost=0.194
[scan_planner_node-4] [0mfirst_optimize_step_success=1
[scan_planner_node-4] Need to reallocate time.
[scan_planner_node-4] total time:[42m0.000147[0m,optimize:7.83e-05,refine:6.86e-05
[scan_planner_node-4] final_plan_success=1
[scan_planner_node-4] [FSM]: from REPLAN_TRAJ to EXEC_TRAJ
[closed_loop_controller-6] [INFO] [1786010802.585232662] [closed_loop_controller]: Received trajectory 14, duration 2.285s
[scan_planner_node-4] [FSM]: from EXEC_TRAJ to REPLAN_TRAJ
[scan_planner_node-4] 
[scan_planner_node-4] [rebo replan]: -------------------------------------14
[scan_planner_node-4] start:  -8.5  -6.4 0.641, 1.2e-05  -0.675   0.132
[scan_planner_node-4] goal:-8.5 -7.5  0.9, 0 0 0
[scan_planner_node-4] [32miter(+1)=12,time(ms)=0.025,total_t(ms)=0.025,cost=0.108
[scan_planner_node-4] [0mfirst_optimize_step_success=1
[scan_planner_node-4] Need to reallocate time.
[scan_planner_node-4] total time:[42m0.000141[0m,optimize:7.55e-05,refine:6.52e-05
[scan_planner_node-4] final_plan_success=1
[scan_planner_node-4] [FSM]: from REPLAN_TRAJ to EXEC_TRAJ
[closed_loop_controller-6] [INFO] [1786010802.721042241] [closed_loop_controller]: Received trajectory 15, duration 2.224s
[scan_planner_node-4] [FSM]: from EXEC_TRAJ to REPLAN_TRAJ
[scan_planner_node-4] 
[scan_planner_node-4] [rebo replan]: -------------------------------------15
[scan_planner_node-4] start:  -8.5  -6.5 0.662, 6.74e-06   -0.712    0.131
[scan_planner_node-4] goal:-8.5 -7.5  0.9, 0 0 0
[scan_planner_node-4] [32miter(+1)=11,time(ms)=0.030,total_t(ms)=0.031,cost=0.054
[scan_planner_node-4] [0mfirst_optimize_step_success=1
[scan_planner_node-4] Need to reallocate time.
[scan_planner_node-4] total time:[42m0.000174[0m,optimize:9.32e-05,refine:8.07e-05
[scan_planner_node-4] final_plan_success=1
[scan_planner_node-4] [FSM]: from REPLAN_TRAJ to EXEC_TRAJ
[closed_loop_controller-6] [INFO] [1786010802.873354531] [closed_loop_controller]: Received trajectory 16, duration 2.151s
[scan_planner_node-4] [FSM]: from EXEC_TRAJ to REPLAN_TRAJ
[scan_planner_node-4] 
[scan_planner_node-4] [rebo replan]: -------------------------------------16
[scan_planner_node-4] start:  -8.5 -6.57 0.678, 2.59e-06   -0.732    0.132
[scan_planner_node-4] goal:-8.5 -7.5  0.9, 0 0 0
[scan_planner_node-4] [32miter(+1)=13,time(ms)=0.029,total_t(ms)=0.029,cost=0.012
[scan_planner_node-4] [0mfirst_optimize_step_success=1
[scan_planner_node-4] total time:[42m0.000107[0m,optimize:8.58e-05,refine:2.08e-05
[scan_planner_node-4] final_plan_success=1
[scan_planner_node-4] [FSM]: from REPLAN_TRAJ to EXEC_TRAJ
[closed_loop_controller-6] [INFO] [1786010802.984204807] [closed_loop_controller]: Received trajectory 17, duration 2.560s
[scan_planner_node-4] [FSM]: from EXEC_TRAJ to REPLAN_TRAJ
[scan_planner_node-4] 
[scan_planner_node-4] [rebo replan]: -------------------------------------17
[scan_planner_node-4] start:  -8.5 -6.63 0.691, -9.38e-07    -0.735     0.127
[scan_planner_node-4] goal:-8.5 -7.5  0.9, 0 0 0
[scan_planner_node-4] [32miter(+1)=12,time(ms)=0.027,total_t(ms)=0.027,cost=0.015
[scan_planner_node-4] [0mfirst_optimize_step_success=1
[scan_planner_node-4] total time:[42m0.000101[0m,optimize:8.06e-05,refine:2.09e-05
[scan_planner_node-4] final_plan_success=1
[scan_planner_node-4] [FSM]: from REPLAN_TRAJ to EXEC_TRAJ
[closed_loop_controller-6] [INFO] [1786010803.106190176] [closed_loop_controller]: Received trajectory 18, duration 2.240s
[scan_planner_node-4] [FSM]: from EXEC_TRAJ to REPLAN_TRAJ
[scan_planner_node-4] 
[scan_planner_node-4] [rebo replan]: -------------------------------------18
[scan_planner_node-4] start:  -8.5 -6.71 0.707, -5.03e-06     -0.72     0.113
[scan_planner_node-4] goal:-8.5 -7.5  0.9, 0 0 0
[scan_planner_node-4] [32miter(+1)=12,time(ms)=0.025,total_t(ms)=0.026,cost=0.005
[scan_planner_node-4] [0mfirst_optimize_step_success=1
[scan_planner_node-4] total time:[42m0.000102[0m,optimize:8.15e-05,refine:2.01e-05
[scan_planner_node-4] final_plan_success=1
[scan_planner_node-4] [FSM]: from REPLAN_TRAJ to EXEC_TRAJ
[closed_loop_controller-6] [INFO] [1786010803.257790506] [closed_loop_controller]: Received trajectory 19, duration 2.240s
[scan_planner_node-4] [FSM]: from EXEC_TRAJ to REPLAN_TRAJ
[scan_planner_node-4] 
[scan_planner_node-4] [rebo replan]: -------------------------------------19
[scan_planner_node-4] start:  -8.5 -6.79 0.724, -7.8e-06   -0.688    0.102
[scan_planner_node-4] goal:-8.5 -7.5  0.9, 0 0 0
[scan_planner_node-4] [32miter(+1)=10,time(ms)=0.022,total_t(ms)=0.023,cost=0.011
[scan_planner_node-4] [0mfirst_optimize_step_success=1
[scan_planner_node-4] total time:[42m9.08e-05[0m,optimize:7.08e-05,refine:2e-05
[scan_planner_node-4] final_plan_success=1
[scan_planner_node-4] [FSM]: from REPLAN_TRAJ to EXEC_TRAJ
[closed_loop_controller-6] [INFO] [1786010803.415324950] [closed_loop_controller]: Received trajectory 20, duration 1.920s
[scan_planner_node-4] [INFO] [1786010803.457255634] [scan_planner_node]: [MapDecay] decayed=1900 cleared=862 active_occupied=8091
[scan_planner_node-4] [FSM]: from EXEC_TRAJ to REPLAN_TRAJ
[scan_planner_node-4] 
[scan_planner_node-4] [rebo replan]: -------------------------------------20
[scan_planner_node-4] start:  -8.5 -6.85 0.736, -8.23e-06    -0.658    0.0984
[scan_planner_node-4] goal:-8.5 -7.5  0.9, 0 0 0
[scan_planner_node-4] [32miter(+1)=14,time(ms)=0.033,total_t(ms)=0.034,cost=0.009
[scan_planner_node-4] [0mfirst_optimize_step_success=1
[scan_planner_node-4] total time:[42m0.00011[0m,optimize:8.96e-05,refine:2.05e-05
[scan_planner_node-4] final_plan_success=1
[scan_planner_node-4] [FSM]: from REPLAN_TRAJ to EXEC_TRAJ
[closed_loop_controller-6] [INFO] [1786010803.535211033] [closed_loop_controller]: Received trajectory 21, duration 2.560s
[scan_planner_node-4] [FSM]: from EXEC_TRAJ to REPLAN_TRAJ
[scan_planner_node-4] 
[scan_planner_node-4] [rebo replan]: -------------------------------------21
[scan_planner_node-4] start:  -8.5 -6.89 0.745, -8.18e-06     -0.62    0.0921
[scan_planner_node-4] goal:-8.5 -7.5  0.9, 0 0 0
[scan_planner_node-4] [32miter(+1)=14,time(ms)=0.029,total_t(ms)=0.029,cost=0.005
[scan_planner_node-4] [0mfirst_optimize_step_success=1
[scan_planner_node-4] total time:[42m0.000112[0m,optimize:9.15e-05,refine:2.06e-05
[scan_planner_node-4] final_plan_success=1
[scan_planner_node-4] [FSM]: from REPLAN_TRAJ to EXEC_TRAJ
[closed_loop_controller-6] [INFO] [1786010803.655809194] [closed_loop_controller]: Received trajectory 22, duration 2.560s
[scan_planner_node-4] [FSM]: from EXEC_TRAJ to REPLAN_TRAJ
[scan_planner_node-4] 
[scan_planner_node-4] [rebo replan]: -------------------------------------22
[scan_planner_node-4] start:  -8.5 -6.96 0.757, -6.16e-06    -0.561    0.0799
[scan_planner_node-4] goal:-8.5 -7.5  0.9, 0 0 0
[scan_planner_node-4] [32miter(+1)=10,time(ms)=0.025,total_t(ms)=0.025,cost=0.004
[scan_planner_node-4] [0mfirst_optimize_step_success=1
[scan_planner_node-4] total time:[42m9.79e-05[0m,optimize:7.83e-05,refine:1.96e-05
[scan_planner_node-4] final_plan_success=1
[scan_planner_node-4] [FSM]: from REPLAN_TRAJ to EXEC_TRAJ
[closed_loop_controller-6] [INFO] [1786010803.815296052] [closed_loop_controller]: Received trajectory 23, duration 2.240s
[scan_planner_node-4] [FSM]: from EXEC_TRAJ to REPLAN_TRAJ
[scan_planner_node-4] 
[scan_planner_node-4] [rebo replan]: -------------------------------------23
[scan_planner_node-4] start:  -8.5    -7 0.766, -3.4e-06   -0.513   0.0729
[scan_planner_node-4] goal:-8.5 -7.5  0.9, 0 0 0
[scan_planner_node-4] [32miter(+1)=10,time(ms)=0.023,total_t(ms)=0.023,cost=0.010
[scan_planner_node-4] [0mfirst_optimize_step_success=1
[scan_planner_node-4] total time:[42m8.77e-05[0m,optimize:6.89e-05,refine:1.88e-05
[scan_planner_node-4] final_plan_success=1
[scan_planner_node-4] [FSM]: from REPLAN_TRAJ to EXEC_TRAJ
[closed_loop_controller-6] [INFO] [1786010803.933434751] [closed_loop_controller]: Received trajectory 24, duration 1.920s
[scan_planner_node-4] [FSM]: from EXEC_TRAJ to REPLAN_TRAJ
[scan_planner_node-4] 
[scan_planner_node-4] [rebo replan]: -------------------------------------24
[scan_planner_node-4] start:  -8.5 -7.04 0.775, -7.98e-07    -0.471    0.0697
[scan_planner_node-4] goal:-8.5 -7.5  0.9, 0 0 0
[scan_planner_node-4] [32miter(+1)=9,time(ms)=0.018,total_t(ms)=0.018,cost=0.006
[scan_planner_node-4] [0mfirst_optimize_step_success=1
[scan_planner_node-4] total time:[42m8.3e-05[0m,optimize:6.35e-05,refine:1.95e-05
[scan_planner_node-4] final_plan_success=1
[scan_planner_node-4] [FSM]: from REPLAN_TRAJ to EXEC_TRAJ
[closed_loop_controller-6] [INFO] [1786010804.050957671] [closed_loop_controller]: Received trajectory 25, duration 1.920s
[scan_planner_node-4] [FSM]: from EXEC_TRAJ to REPLAN_TRAJ
[scan_planner_node-4] 
[scan_planner_node-4] [rebo replan]: -------------------------------------25
[scan_planner_node-4] start:  -8.5 -7.08 0.784, 8.84e-07   -0.434   0.0691
[scan_planner_node-4] goal:-8.5 -7.5  0.9, 0 0 0
[scan_planner_node-4] [32miter(+1)=6,time(ms)=0.016,total_t(ms)=0.016,cost=0.015
[scan_planner_node-4] [0mfirst_optimize_step_success=1
[scan_planner_node-4] total time:[42m9.68e-05[0m,optimize:7.57e-05,refine:2.11e-05
[scan_planner_node-4] final_plan_success=1
[closed_loop_controller-6] [INFO] [1786010804.173865685] [closed_loop_controller]: Received trajectory 26, duration 2.560s
[scan_planner_node-4] [FSM]: from REPLAN_TRAJ to EXEC_TRAJ
[scan_planner_node-4] [INFO] [1786010804.251281989] [scan_planner_node]: [GridMapDiag] cloud=32768 accepted=23920 invalid=8848 below_sensor=0 outside_update=0 sensor_z=1.111 cutoff_z=2.111
[scan_planner_node-4] [FSM]: from EXEC_TRAJ to REPLAN_TRAJ
[scan_planner_node-4] 
[scan_planner_node-4] [rebo replan]: -------------------------------------26
[scan_planner_node-4] start: -8.5 -7.1 0.79, 1.81e-06    -0.39   0.0662
[scan_planner_node-4] goal:-8.5 -7.5  0.9, 0 0 0
[scan_planner_node-4] [32miter(+1)=9,time(ms)=0.022,total_t(ms)=0.022,cost=0.007
[scan_planner_node-4] [0mfirst_optimize_step_success=1
[scan_planner_node-4] total time:[42m9.61e-05[0m,optimize:7.62e-05,refine:1.98e-05
[scan_planner_node-4] final_plan_success=1
[scan_planner_node-4] [FSM]: from REPLAN_TRAJ to EXEC_TRAJ
[closed_loop_controller-6] [INFO] [1786010804.290833828] [closed_loop_controller]: Received trajectory 27, duration 2.240s
[scan_planner_node-4] [FSM]: from EXEC_TRAJ to REPLAN_TRAJ
[scan_planner_node-4] 
[scan_planner_node-4] [rebo replan]: -------------------------------------27
[scan_planner_node-4] start:  -8.5 -7.13 0.796, 2.6e-06  -0.345  0.0609
[scan_planner_node-4] goal:-8.5 -7.5  0.9, 0 0 0
[scan_planner_node-4] [32miter(+1)=5,time(ms)=0.017,total_t(ms)=0.018,cost=0.010
[scan_planner_node-4] [0mfirst_optimize_step_success=1
[scan_planner_node-4] total time:[42m8.87e-05[0m,optimize:6.8e-05,refine:2.08e-05
[scan_planner_node-4] final_plan_success=1
[scan_planner_node-4] [FSM]: from REPLAN_TRAJ to EXEC_TRAJ
[closed_loop_controller-6] [INFO] [1786010804.397767991] [closed_loop_controller]: Received trajectory 28, duration 2.240s
[scan_planner_node-4] [FSM]: from EXEC_TRAJ to REPLAN_TRAJ
[terrain_path_visualizer-10] [INFO] [1786010804.543025044] [terrain_path_segmenter]: Visualization advanced to segment 2/8
[scan_planner_node-4] [INFO] [1786010804.549179411] [scan_planner_node]: [MapDecay] decayed=1371 cleared=687 active_occupied=7563
[scan_planner_node-4] 
[scan_planner_node-4] [rebo replan]: -------------------------------------28
[scan_planner_node-4] start:  -8.5 -7.16 0.804, 3.73e-06   -0.284   0.0544
[scan_planner_node-4] goal:-8.5 -7.5  0.9, 0 0 0
[scan_planner_node-4] [32miter(+1)=8,time(ms)=0.026,total_t(ms)=0.026,cost=0.009
[scan_planner_node-4] [0mfirst_optimize_step_success=1
[scan_planner_node-4] total time:[42m0.000106[0m,optimize:8.68e-05,refine:1.88e-05
[scan_planner_node-4] final_plan_success=1
[scan_planner_node-4] [FSM]: from REPLAN_TRAJ to EXEC_TRAJ
[closed_loop_controller-6] [INFO] [1786010804.549520654] [closed_loop_controller]: Received trajectory 29, duration 1.920s
[scan_planner_node-4] [INFO] [1786010804.601832006] [scan_planner_node]: [MapRefresh] Cleared occupancy and inflation for a new reference path; observation_sequence=25
[scan_planner_node-4] [INFO] [1786010804.601889049] [scan_planner_node]: [MapRefresh] Deferred reference path until 2 fresh map observations have been fused (target_sequence=27)
[scan_planner_node-4] [INFO] [1786010804.807216564] [scan_planner_node]: [MapRefresh] Fresh map ready at observation_sequence=27; accepting deferred reference path
[scan_planner_node-4] [TRIG]: from EXEC_TRAJ to REPLAN_TRAJ
[scan_planner_node-4] [INFO] [1786010805.549703143] [scan_planner_node]: Reference path accepted
[scan_planner_node-4] 
[scan_planner_node-4] [rebo replan]: -------------------------------------29
[scan_planner_node-4] start:  -8.5 -7.37 0.854, -3.21e-05    -0.229    0.0428
[scan_planner_node-4] goal:-5.85  -8.5   0.9,     0.75 2.02e-06        0
[scan_planner_node-4] [32miter(+1)=1,time(ms)=0.009,total_t(ms)=0.010,cost=0.003
[scan_planner_node-4] [0mfirst_optimize_step_success=1
[scan_planner_node-4] total time:[42m0.000225[0m,optimize:0.000178,refine:4.68e-05
[scan_planner_node-4] final_plan_success=1
[scan_planner_node-4] [FSM]: from REPLAN_TRAJ to EXEC_TRAJ
[closed_loop_controller-6] [INFO] [1786010805.550531463] [closed_loop_controller]: Received trajectory 30, duration 5.120s
[scan_planner_node-4] [INFO] [1786010805.606091729] [scan_planner_node]: [MapDecay] decayed=4165 cleared=4165 active_occupied=3
[scan_planner_node-4] [FSM]: from EXEC_TRAJ to REPLAN_TRAJ
[scan_planner_node-4] 
[scan_planner_node-4] [rebo replan]: -------------------------------------30
[scan_planner_node-4] start:  -8.5 -7.39 0.854, 0.00177  -0.229  0.0332
[scan_planner_node-4] goal:-5.85  -8.5   0.9,     0.75 2.02e-06        0
[scan_planner_node-4] [32miter(+1)=12,time(ms)=0.053,total_t(ms)=0.053,cost=0.027
[scan_planner_node-4] [0mfirst_optimize_step_success=1
[scan_planner_node-4] total time:[42m0.00023[0m,optimize:0.000179,refine:5.07e-05
[scan_planner_node-4] final_plan_success=1
[scan_planner_node-4] [FSM]: from REPLAN_TRAJ to EXEC_TRAJ
[closed_loop_controller-6] [INFO] [1786010805.648724971] [closed_loop_controller]: Received trajectory 31, duration 4.800s
[scan_planner_node-4] [FSM]: from EXEC_TRAJ to REPLAN_TRAJ
[scan_planner_node-4] 
[scan_planner_node-4] [rebo replan]: -------------------------------------31
[scan_planner_node-4] start: -8.49 -7.46 0.856, 0.0224 -0.249 0.0213
[scan_planner_node-4] goal:-5.85  -8.5   0.9,     0.75 2.02e-06        0
[scan_planner_node-4] [32miter(+1)=11,time(ms)=0.039,total_t(ms)=0.039,cost=0.020
[scan_planner_node-4] [0mfirst_optimize_step_success=1
[scan_planner_node-4] total time:[42m0.000204[0m,optimize:0.000168,refine:3.63e-05
[scan_planner_node-4] final_plan_success=1
[scan_planner_node-4] [FSM]: from REPLAN_TRAJ to EXEC_TRAJ
[closed_loop_controller-6] [INFO] [1786010805.767171008] [closed_loop_controller]: Received trajectory 32, duration 4.800s
[scan_planner_node-4] [FSM]: from EXEC_TRAJ to REPLAN_TRAJ
[scan_planner_node-4] 
[scan_planner_node-4] [rebo replan]: -------------------------------------32
[scan_planner_node-4] start: -8.47 -7.52 0.858, 0.0771 -0.289 0.0115
[scan_planner_node-4] goal:-5.85  -8.5   0.9,     0.75 2.02e-06        0
[scan_planner_node-4] [32miter(+1)=10,time(ms)=0.037,total_t(ms)=0.037,cost=0.012
[scan_planner_node-4] [0mfirst_optimize_step_success=1
[scan_planner_node-4] total time:[42m0.000213[0m,optimize:0.000173,refine:3.93e-05
[scan_planner_node-4] final_plan_success=1
[scan_planner_node-4] [FSM]: from REPLAN_TRAJ to EXEC_TRAJ
[closed_loop_controller-6] [INFO] [1786010805.901878137] [closed_loop_controller]: Received trajectory 33, duration 4.800s
[scan_planner_node-4] [FSM]: from EXEC_TRAJ to REPLAN_TRAJ
[scan_planner_node-4] 
[scan_planner_node-4] [rebo replan]: -------------------------------------33
[scan_planner_node-4] start: -8.44 -7.58 0.859,   0.134  -0.328 0.00738
[scan_planner_node-4] goal:-5.85  -8.5   0.9,     0.75 2.02e-06        0
[scan_planner_node-4] [32miter(+1)=8,time(ms)=0.032,total_t(ms)=0.032,cost=0.007
[scan_planner_node-4] [0mfirst_optimize_step_success=1
[scan_planner_node-4] total time:[42m0.000161[0m,optimize:0.000128,refine:3.28e-05
[scan_planner_node-4] final_plan_success=1
[scan_planner_node-4] [FSM]: from REPLAN_TRAJ to EXEC_TRAJ
[closed_loop_controller-6] [INFO] [1786010806.012427762] [closed_loop_controller]: Received trajectory 34, duration 4.480s
[scan_planner_node-4] [FSM]: from EXEC_TRAJ to REPLAN_TRAJ
[scan_planner_node-4] 
[scan_planner_node-4] [rebo replan]: -------------------------------------34
[scan_planner_node-4] start: -8.41 -7.63  0.86,   0.191  -0.365 0.00582
[scan_planner_node-4] goal:-5.68  -8.5   0.9,      0.75 -1.54e-06         0
[scan_planner_node-4] [32miter(+1)=6,time(ms)=0.021,total_t(ms)=0.021,cost=0.010
[scan_planner_node-4] [0mfirst_optimize_step_success=1
[scan_planner_node-4] total time:[42m0.000173[0m,optimize:0.000131,refine:4.28e-05
[scan_planner_node-4] final_plan_success=1
[scan_planner_node-4] [FSM]: from REPLAN_TRAJ to EXEC_TRAJ
[closed_loop_controller-6] [INFO] [1786010806.119061534] [closed_loop_controller]: Received trajectory 35, duration 4.800s
[scan_planner_node-4] [FSM]: state: EXEC_TRAJ
[scan_planner_node-4] [FSM]: from EXEC_TRAJ to REPLAN_TRAJ
[scan_planner_node-4] 
[scan_planner_node-4] [rebo replan]: -------------------------------------35
[scan_planner_node-4] start: -8.38 -7.68 0.861,   0.249  -0.398 0.00569
[scan_planner_node-4] goal:-5.68  -8.5   0.9,      0.75 -1.54e-06         0
[scan_planner_node-4] [32miter(+1)=7,time(ms)=0.025,total_t(ms)=0.025,cost=0.010
[scan_planner_node-4] [0mfirst_optimize_step_success=1
[scan_planner_node-4] total time:[42m0.000171[0m,optimize:0.000134,refine:3.72e-05
[scan_planner_node-4] final_plan_success=1
[scan_planner_node-4] [FSM]: from REPLAN_TRAJ to EXEC_TRAJ
[closed_loop_controller-6] [INFO] [1786010806.222324357] [closed_loop_controller]: Received trajectory 36, duration 4.800s
[scan_planner_node-4] [INFO] [1786010806.299171954] [scan_planner_node]: [GridMapDiag] cloud=32768 accepted=22461 invalid=10307 below_sensor=0 outside_update=0 sensor_z=1.200 cutoff_z=2.200
[scan_planner_node-4] [FSM]: from EXEC_TRAJ to REPLAN_TRAJ
[scan_planner_node-4] 
[scan_planner_node-4] [rebo replan]: -------------------------------------36
[scan_planner_node-4] start: -8.33 -7.75 0.862,   0.322  -0.428 0.00646
[scan_planner_node-4] goal:-5.68  -8.5   0.9,      0.75 -1.54e-06         0
[scan_planner_node-4] [32miter(+1)=4,time(ms)=0.019,total_t(ms)=0.019,cost=0.005
[scan_planner_node-4] [0mfirst_optimize_step_success=1
[scan_planner_node-4] total time:[42m0.000185[0m,optimize:0.000143,refine:4.19e-05
[scan_planner_node-4] final_plan_success=1
[scan_planner_node-4] [FSM]: from REPLAN_TRAJ to EXEC_TRAJ
[closed_loop_controller-6] [INFO] [1786010806.363528824] [closed_loop_controller]: Received trajectory 37, duration 4.480s
[scan_planner_node-4] [FSM]: from EXEC_TRAJ to REPLAN_TRAJ
[scan_planner_node-4] 
[scan_planner_node-4] [rebo replan]: -------------------------------------37
[scan_planner_node-4] start: -8.27 -7.82 0.863,   0.392   -0.44 0.00755
[scan_planner_node-4] goal:-5.68  -8.5   0.9,      0.75 -1.54e-06         0
[scan_planner_node-4] [32miter(+1)=6,time(ms)=0.023,total_t(ms)=0.023,cost=0.009
[scan_planner_node-4] [0mfirst_optimize_step_success=1
[scan_planner_node-4] total time:[42m0.000192[0m,optimize:0.00015,refine:4.25e-05
[scan_planner_node-4] final_plan_success=1
[scan_planner_node-4] [FSM]: from REPLAN_TRAJ to EXEC_TRAJ
[closed_loop_controller-6] [INFO] [1786010806.512153762] [closed_loop_controller]: Received trajectory 38, duration 4.480s
[scan_planner_node-4] [FSM]: from EXEC_TRAJ to REPLAN_TRAJ
[scan_planner_node-4] 
[scan_planner_node-4] [rebo replan]: -------------------------------------38
[scan_planner_node-4] start: -8.22 -7.87 0.864,   0.436  -0.435 0.00814
[scan_planner_node-4] goal:-5.68  -8.5   0.9,      0.75 -1.54e-06         0
[scan_planner_node-4] [32miter(+1)=9,time(ms)=0.031,total_t(ms)=0.032,cost=0.009
[scan_planner_node-4] [0mfirst_optimize_step_success=1
[scan_planner_node-4] total time:[42m0.000181[0m,optimize:0.000146,refine:3.54e-05
[scan_planner_node-4] final_plan_success=1
[scan_planner_node-4] [FSM]: from REPLAN_TRAJ to EXEC_TRAJ
[closed_loop_controller-6] [INFO] [1786010806.626682656] [closed_loop_controller]: Received trajectory 39, duration 4.480s
[scan_planner_node-4] [INFO] [1786010806.698056432] [scan_planner_node]: [MapDecay] decayed=862 cleared=415 active_occupied=6540
[scan_planner_node-4] [FSM]: from EXEC_TRAJ to REPLAN_TRAJ
[scan_planner_node-4] 
[scan_planner_node-4] [rebo replan]: -------------------------------------39
[scan_planner_node-4] start: -8.16 -7.93 0.865,  0.479 -0.417 0.0085
[scan_planner_node-4] goal:-5.32  -8.5   0.9,      0.75 -4.45e-07         0
[scan_planner_node-4] [32miter(+1)=6,time(ms)=0.031,total_t(ms)=0.031,cost=0.009
[scan_planner_node-4] [0mfirst_optimize_step_success=1
[scan_planner_node-4] total time:[42m0.000236[0m,optimize:0.000186,refine:5.06e-05
[scan_planner_node-4] final_plan_success=1
[scan_planner_node-4] [FSM]: from REPLAN_TRAJ to EXEC_TRAJ
[closed_loop_controller-6] [INFO] [1786010806.765873373] [closed_loop_controller]: Received trajectory 40, duration 4.800s
[scan_planner_node-4] [FSM]: from EXEC_TRAJ to REPLAN_TRAJ
[scan_planner_node-4] 
[scan_planner_node-4] [rebo replan]: -------------------------------------40
[scan_planner_node-4] start: -8.12 -7.96 0.866,     0.5  -0.399 0.00845
[scan_planner_node-4] goal:-5.32  -8.5   0.9,      0.75 -4.45e-07         0
[scan_planner_node-4] [32miter(+1)=8,time(ms)=0.030,total_t(ms)=0.030,cost=0.010
[scan_planner_node-4] [0mfirst_optimize_step_success=1
[scan_planner_node-4] total time:[42m0.000208[0m,optimize:0.000171,refine:3.72e-05
[scan_planner_node-4] final_plan_success=1
[scan_planner_node-4] [FSM]: from REPLAN_TRAJ to EXEC_TRAJ
[closed_loop_controller-6] [INFO] [1786010806.859834212] [closed_loop_controller]: Received trajectory 41, duration 4.800s
[scan_planner_node-4] [FSM]: from EXEC_TRAJ to REPLAN_TRAJ
[scan_planner_node-4] 
[scan_planner_node-4] [rebo replan]: -------------------------------------41
[scan_planner_node-4] start: -8.06 -8.01 0.867,   0.522  -0.373 0.00816
[scan_planner_node-4] goal:-5.32  -8.5   0.9,      0.75 -4.45e-07         0
[scan_planner_node-4] [32miter(+1)=4,time(ms)=0.015,total_t(ms)=0.015,cost=0.005
[scan_planner_node-4] [0mfirst_optimize_step_success=1
[scan_planner_node-4] total time:[42m0.000161[0m,optimize:0.000124,refine:3.7e-05
[scan_planner_node-4] final_plan_success=1
[scan_planner_node-4] [FSM]: from REPLAN_TRAJ to EXEC_TRAJ
[closed_loop_controller-6] [INFO] [1786010806.972467638] [closed_loop_controller]: Received trajectory 42, duration 4.480s
[scan_planner_node-4] [FSM]: from EXEC_TRAJ to REPLAN_TRAJ
[scan_planner_node-4] 
[scan_planner_node-4] [rebo replan]: -------------------------------------42
[scan_planner_node-4] start:    -8 -8.05 0.868,   0.539  -0.344 0.00781
[scan_planner_node-4] goal:-4.45  -8.5   0.9,      0.75 -5.55e-09         0
[scan_planner_node-4] [32miter(+1)=4,time(ms)=0.026,total_t(ms)=0.026,cost=0.005
[scan_planner_node-4] [0mfirst_optimize_step_success=1
[scan_planner_node-4] total time:[42m0.000282[0m,optimize:0.000219,refine:6.28e-05
[scan_planner_node-4] final_plan_success=1
[scan_planner_node-4] [FSM]: from REPLAN_TRAJ to EXEC_TRAJ
[closed_loop_controller-6] [INFO] [1786010807.087667219] [closed_loop_controller]: Received trajectory 43, duration 5.760s
[scan_planner_node-4] [FSM]: from EXEC_TRAJ to REPLAN_TRAJ
[scan_planner_node-4] 
[scan_planner_node-4] [rebo replan]: -------------------------------------43
[scan_planner_node-4] start: -7.91  -8.1 0.869,   0.557  -0.304 0.00696
[scan_planner_node-4] goal:-4.45  -8.5   0.9,      0.75 -5.55e-09         0
[scan_planner_node-4] [32miter(+1)=7,time(ms)=0.034,total_t(ms)=0.034,cost=0.008
[scan_planner_node-4] [0mfirst_optimize_step_success=1
[scan_planner_node-4] total time:[42m0.00025[0m,optimize:0.000198,refine:5.17e-05
[scan_planner_node-4] final_plan_success=1
[scan_planner_node-4] [FSM]: from REPLAN_TRAJ to EXEC_TRAJ
[closed_loop_controller-6] [INFO] [1786010807.246478203] [closed_loop_controller]: Received trajectory 44, duration 5.760s
[scan_planner_node-4] [FSM]: from EXEC_TRAJ to REPLAN_TRAJ
[scan_planner_node-4] 
[scan_planner_node-4] [rebo replan]: -------------------------------------44
[scan_planner_node-4] start: -7.82 -8.14  0.87,   0.571  -0.267 0.00594
[scan_planner_node-4] goal:-4.1 -8.5  0.9,      0.75 -2.48e-09         0
[scan_planner_node-4] [32miter(+1)=5,time(ms)=0.023,total_t(ms)=0.023,cost=0.008
[scan_planner_node-4] [0mfirst_optimize_step_success=1
[scan_planner_node-4] total time:[42m0.000234[0m,optimize:0.000187,refine:4.69e-05
[scan_planner_node-4] final_plan_success=1
[scan_planner_node-4] [FSM]: from REPLAN_TRAJ to EXEC_TRAJ
[closed_loop_controller-6] [INFO] [1786010807.408271950] [closed_loop_controller]: Received trajectory 45, duration 6.080s
[scan_planner_node-4] [FSM]: from EXEC_TRAJ to REPLAN_TRAJ
[scan_planner_node-4] 
[scan_planner_node-4] [rebo replan]: -------------------------------------45
[scan_planner_node-4] start: -7.75 -8.17  0.87,  0.579 -0.242 0.0054
[scan_planner_node-4] goal:-4.1 -8.5  0.9,      0.75 -2.48e-09         0
[scan_planner_node-4] [32miter(+1)=8,time(ms)=0.031,total_t(ms)=0.032,cost=0.009
[scan_planner_node-4] [0mfirst_optimize_step_success=1
[scan_planner_node-4] total time:[42m0.000224[0m,optimize:0.00018,refine:4.45e-05
[scan_planner_node-4] final_plan_success=1
[scan_planner_node-4] [FSM]: from REPLAN_TRAJ to EXEC_TRAJ
[closed_loop_controller-6] [INFO] [1786010807.531441940] [closed_loop_controller]: Received trajectory 46, duration 6.080s
[scan_planner_node-4] [FSM]: from EXEC_TRAJ to REPLAN_TRAJ
[scan_planner_node-4] 
[scan_planner_node-4] [rebo replan]: -------------------------------------46
[scan_planner_node-4] start: -7.68  -8.2 0.871,   0.586   -0.22 0.00503
[scan_planner_node-4] goal:-4.1 -8.5  0.9,      0.75 -2.48e-09         0
[scan_planner_node-4] [32miter(+1)=4,time(ms)=0.018,total_t(ms)=0.018,cost=0.005
[scan_planner_node-4] [0mfirst_optimize_step_success=1
[scan_planner_node-4] total time:[42m0.000205[0m,optimize:0.000161,refine:4.41e-05
[scan_planner_node-4] final_plan_success=1
[scan_planner_node-4] [FSM]: from REPLAN_TRAJ to EXEC_TRAJ
[closed_loop_controller-6] [INFO] [1786010807.658852276] [closed_loop_controller]: Received trajectory 47, duration 5.760s
[scan_planner_node-4] [INFO] [1786010807.745362384] [scan_planner_node]: [MapDecay] decayed=1163 cleared=163 active_occupied=6210
[scan_planner_node-4] [FSM]: from EXEC_TRAJ to REPLAN_TRAJ
[scan_planner_node-4] 
[scan_planner_node-4] [rebo replan]: -------------------------------------47
[scan_planner_node-4] start:  -7.6 -8.23 0.872,   0.592  -0.202 0.00487
[scan_planner_node-4] goal:-4.1 -8.5  0.9,      0.75 -2.48e-09         0
[scan_planner_node-4] [32miter(+1)=6,time(ms)=0.026,total_t(ms)=0.026,cost=0.009
[scan_planner_node-4] [0mfirst_optimize_step_success=1
[scan_planner_node-4] total time:[42m0.000232[0m,optimize:0.000178,refine:5.43e-05
[scan_planner_node-4] final_plan_success=1
[scan_planner_node-4] [FSM]: from REPLAN_TRAJ to EXEC_TRAJ
[closed_loop_controller-6] [INFO] [1786010807.788127048] [closed_loop_controller]: Received trajectory 48, duration 5.760s
[scan_planner_node-4] [FSM]: from EXEC_TRAJ to REPLAN_TRAJ
[scan_planner_node-4] 
[scan_planner_node-4] [rebo replan]: -------------------------------------48
[scan_planner_node-4] start: -7.53 -8.25 0.872,   0.596  -0.188 0.00485
[scan_planner_node-4] goal:-4.1 -8.5  0.9,      0.75 -2.48e-09         0
[scan_planner_node-4] [32miter(+1)=3,time(ms)=0.024,total_t(ms)=0.024,cost=0.002
[scan_planner_node-4] [0mfirst_optimize_step_success=1
[scan_planner_node-4] total time:[42m0.000302[0m,optimize:0.000211,refine:9.07e-05
[scan_planner_node-4] final_plan_success=1
[scan_planner_node-4] [FSM]: from REPLAN_TRAJ to EXEC_TRAJ
[closed_loop_controller-6] [INFO] [1786010807.914163774] [closed_loop_controller]: Received trajectory 49, duration 5.440s
[scan_planner_node-4] [FSM]: from EXEC_TRAJ to REPLAN_TRAJ
[scan_planner_node-4] 
[scan_planner_node-4] [rebo replan]: -------------------------------------49
[scan_planner_node-4] start: -7.43 -8.28 0.873,    0.6 -0.174 0.0049
[scan_planner_node-4] goal:-3.75  -8.5   0.9,      0.75 -5.08e-10         0
[scan_planner_node-4] [32miter(+1)=5,time(ms)=0.022,total_t(ms)=0.022,cost=0.002
[scan_planner_node-4] [0mfirst_optimize_step_success=1
[scan_planner_node-4] total time:[42m0.000219[0m,optimize:0.000175,refine:4.43e-05
[scan_planner_node-4] final_plan_success=1
[scan_planner_node-4] [FSM]: from REPLAN_TRAJ to EXEC_TRAJ
[closed_loop_controller-6] [INFO] [1786010808.074941590] [closed_loop_controller]: Received trajectory 50, duration 5.760s
[scan_planner_node-4] [FSM]: from EXEC_TRAJ to REPLAN_TRAJ
[scan_planner_node-4] 
[scan_planner_node-4] [rebo replan]: -------------------------------------50
[scan_planner_node-4] start: -7.37  -8.3 0.874,   0.602  -0.167 0.00488
[scan_planner_node-4] goal:-3.75  -8.5   0.9,      0.75 -5.08e-10         0
[scan_planner_node-4] [32miter(+1)=3,time(ms)=0.015,total_t(ms)=0.015,cost=0.004
[scan_planner_node-4] [0mfirst_optimize_step_success=1
[scan_planner_node-4] total time:[42m0.0002[0m,optimize:0.000156,refine:4.33e-05
[scan_planner_node-4] final_plan_success=1
[scan_planner_node-4] [FSM]: from REPLAN_TRAJ to EXEC_TRAJ
[closed_loop_controller-6] [INFO] [1786010808.185530439] [closed_loop_controller]: Received trajectory 51, duration 5.760s
[scan_planner_node-4] [FSM]: from EXEC_TRAJ to REPLAN_TRAJ
[scan_planner_node-4] 
[scan_planner_node-4] [rebo replan]: -------------------------------------51
[scan_planner_node-4] start: -7.27 -8.33 0.874,   0.605  -0.158 0.00472
[scan_planner_node-4] goal:-3.75  -8.5   0.9,      0.75 -5.08e-10         0
[scan_planner_node-4] [32miter(+1)=7,time(ms)=0.044,total_t(ms)=0.045,cost=0.007
[scan_planner_node-4] [0mfirst_optimize_step_success=1
[scan_planner_node-4] total time:[42m0.000262[0m,optimize:0.000214,refine:4.76e-05
[scan_planner_node-4] final_plan_success=1
[scan_planner_node-4] [FSM]: from REPLAN_TRAJ to EXEC_TRAJ
[closed_loop_controller-6] [INFO] [1786010808.353121490] [closed_loop_controller]: Received trajectory 52, duration 5.760s
[scan_planner_node-4] [FSM]: from EXEC_TRAJ to REPLAN_TRAJ
[scan_planner_node-4] [INFO] [1786010808.434340037] [scan_planner_node]: [GridMapDiag] cloud=32768 accepted=21994 invalid=10774 below_sensor=0 outside_update=0 sensor_z=1.200 cutoff_z=2.200
[scan_planner_node-4] 
[scan_planner_node-4] [rebo replan]: -------------------------------------52
[scan_planner_node-4] start: -7.17 -8.35 0.875,   0.607   -0.15 0.00456
[scan_planner_node-4] goal:-3.75  -8.5   0.9,      0.75 -5.08e-10         0
[scan_planner_node-4] [32miter(+1)=4,time(ms)=0.027,total_t(ms)=0.028,cost=0.003
[scan_planner_node-4] [0mfirst_optimize_step_success=1
[scan_planner_node-4] total time:[42m0.000248[0m,optimize:0.000189,refine:5.88e-05
[scan_planner_node-4] final_plan_success=1
[scan_planner_node-4] [FSM]: from REPLAN_TRAJ to EXEC_TRAJ
[closed_loop_controller-6] [INFO] [1786010808.517007602] [closed_loop_controller]: Received trajectory 53, duration 5.440s
[scan_planner_node-4] [FSM]: from EXEC_TRAJ to REPLAN_TRAJ
[scan_planner_node-4] 
[scan_planner_node-4] [rebo replan]: -------------------------------------53
[scan_planner_node-4] start: -7.09 -8.37 0.876,  0.608 -0.143 0.0045
[scan_planner_node-4] goal:-3.4 -8.5  0.9,     0.75 -3.4e-11        0
[scan_planner_node-4] [32miter(+1)=9,time(ms)=0.037,total_t(ms)=0.037,cost=0.006
[scan_planner_node-4] [0mfirst_optimize_step_success=1
[scan_planner_node-4] total time:[42m0.000233[0m,optimize:0.000186,refine:4.68e-05
[scan_planner_node-4] final_plan_success=1
[scan_planner_node-4] [FSM]: from REPLAN_TRAJ to EXEC_TRAJ
[closed_loop_controller-6] [INFO] [1786010808.639207695] [closed_loop_controller]: Received trajectory 54, duration 6.080s
[scan_planner_node-4] [FSM]: from EXEC_TRAJ to REPLAN_TRAJ
[scan_planner_node-4] [INFO] [1786010808.755248774] [scan_planner_node]: [MapDecay] decayed=1225 cleared=605 active_occupied=6842
[scan_planner_node-4] 
[scan_planner_node-4] [rebo replan]: -------------------------------------54
[scan_planner_node-4] start: -7.02 -8.39 0.876,    0.61  -0.136 0.00441
[scan_planner_node-4] goal:-3.4 -8.5  0.9,     0.75 -3.4e-11        0
[scan_planner_node-4] [32miter(+1)=4,time(ms)=0.017,total_t(ms)=0.017,cost=0.003
[scan_planner_node-4] [0mfirst_optimize_step_success=1
[scan_planner_node-4] total time:[42m0.000206[0m,optimize:0.000162,refine:4.38e-05
[scan_planner_node-4] final_plan_success=1
[scan_planner_node-4] [FSM]: from REPLAN_TRAJ to EXEC_TRAJ
[closed_loop_controller-6] [INFO] [1786010808.755699834] [closed_loop_controller]: Received trajectory 55, duration 5.760s
[scan_planner_node-4] [FSM]: from EXEC_TRAJ to REPLAN_TRAJ
[scan_planner_node-4] 
[scan_planner_node-4] [rebo replan]: -------------------------------------55
[scan_planner_node-4] start: -6.93 -8.41 0.877,   0.612  -0.126 0.00424
[scan_planner_node-4] goal:-3.4 -8.5  0.9,     0.75 -3.4e-11        0
[scan_planner_node-4] [32miter(+1)=7,time(ms)=0.029,total_t(ms)=0.029,cost=0.007
[scan_planner_node-4] [0mfirst_optimize_step_success=1
[scan_planner_node-4] total time:[42m0.000235[0m,optimize:0.000191,refine:4.46e-05
[scan_planner_node-4] final_plan_success=1
[scan_planner_node-4] [FSM]: from REPLAN_TRAJ to EXEC_TRAJ
[closed_loop_controller-6] [INFO] [1786010808.909636103] [closed_loop_controller]: Received trajectory 56, duration 5.760s
[scan_planner_node-4] [FSM]: from EXEC_TRAJ to REPLAN_TRAJ
[scan_planner_node-4] 
[scan_planner_node-4] [rebo replan]: -------------------------------------56
[scan_planner_node-4] start: -6.83 -8.43 0.878,   0.615  -0.114 0.00411
[scan_planner_node-4] goal:-3.4 -8.5  0.9,     0.75 -3.4e-11        0
[scan_planner_node-4] [32miter(+1)=3,time(ms)=0.016,total_t(ms)=0.016,cost=0.004
[scan_planner_node-4] [0mfirst_optimize_step_success=1
[scan_planner_node-4] total time:[42m0.000228[0m,optimize:0.00016,refine:6.89e-05
[scan_planner_node-4] final_plan_success=1
[scan_planner_node-4] [FSM]: from REPLAN_TRAJ to EXEC_TRAJ
[closed_loop_controller-6] [INFO] [1786010809.064139886] [closed_loop_controller]: Received trajectory 57, duration 5.440s
[scan_planner_node-4] [FSM]: from EXEC_TRAJ to REPLAN_TRAJ
[scan_planner_node-4] 
[scan_planner_node-4] [rebo replan]: -------------------------------------57
[scan_planner_node-4] start: -6.73 -8.44 0.878,   0.617 -0.0996 0.00406
[scan_planner_node-4] goal:-3.23  -8.5   0.9,      0.75 -8.44e-12         0
[scan_planner_node-4] [32miter(+1)=8,time(ms)=0.047,total_t(ms)=0.048,cost=0.006
[scan_planner_node-4] [0mfirst_optimize_step_success=1
[scan_planner_node-4] total time:[42m0.000302[0m,optimize:0.000239,refine:6.37e-05
[scan_planner_node-4] final_plan_success=1
[scan_planner_node-4] [FSM]: from REPLAN_TRAJ to EXEC_TRAJ
[closed_loop_controller-6] [INFO] [1786010809.223952955] [closed_loop_controller]: Received trajectory 58, duration 5.760s
[scan_planner_node-4] [FSM]: from EXEC_TRAJ to REPLAN_TRAJ
[scan_planner_node-4] 
[scan_planner_node-4] [rebo replan]: -------------------------------------58
[scan_planner_node-4] start: -6.64 -8.46 0.879,  0.619 -0.085  0.004
[scan_planner_node-4] goal:-2.88  -8.5   0.9,      0.75 -1.16e-11         0
[scan_planner_node-4] [32miter(+1)=5,time(ms)=0.038,total_t(ms)=0.039,cost=0.008
[scan_planner_node-4] [0mfirst_optimize_step_success=1
[scan_planner_node-4] total time:[42m0.000413[0m,optimize:0.000343,refine:7.04e-05
[scan_planner_node-4] final_plan_success=1
[closed_loop_controller-6] [INFO] [1786010809.383936259] [closed_loop_controller]: Received trajectory 59, duration 6.080s
[scan_planner_node-4] [FSM]: from REPLAN_TRAJ to EXEC_TRAJ
[scan_planner_node-4] [FSM]: from EXEC_TRAJ to REPLAN_TRAJ
[scan_planner_node-4] 
[scan_planner_node-4] [rebo replan]: -------------------------------------59
[scan_planner_node-4] start: -6.54 -8.47 0.879,   0.621 -0.0703 0.00383
[scan_planner_node-4] goal:-2.88  -8.5   0.9,      0.75 -1.16e-11         0
[scan_planner_node-4] [32miter(+1)=4,time(ms)=0.016,total_t(ms)=0.017,cost=0.001
[scan_planner_node-4] [0mfirst_optimize_step_success=1
[scan_planner_node-4] total time:[42m0.000172[0m,optimize:0.000129,refine:4.26e-05
[scan_planner_node-4] final_plan_success=1
[scan_planner_node-4] [FSM]: from REPLAN_TRAJ to EXEC_TRAJ
[closed_loop_controller-6] [INFO] [1786010809.539555771] [closed_loop_controller]: Received trajectory 60, duration 5.760s
[scan_planner_node-4] [FSM]: from EXEC_TRAJ to REPLAN_TRAJ
[scan_planner_node-4] 
[scan_planner_node-4] [rebo replan]: -------------------------------------60
[scan_planner_node-4] start: -6.47 -8.48  0.88,   0.622 -0.0592 0.00366
[scan_planner_node-4] goal:-2.88  -8.5   0.9,      0.75 -1.16e-11         0
[scan_planner_node-4] [32miter(+1)=5,time(ms)=0.021,total_t(ms)=0.021,cost=0.006
[scan_planner_node-4] [0mfirst_optimize_step_success=1
[scan_planner_node-4] total time:[42m0.000203[0m,optimize:0.000161,refine:4.2e-05
[scan_planner_node-4] final_plan_success=1
[scan_planner_node-4] [FSM]: from REPLAN_TRAJ to EXEC_TRAJ
[closed_loop_controller-6] [INFO] [1786010809.660355200] [closed_loop_controller]: Received trajectory 61, duration 5.760s
[scan_planner_node-4] [FSM]: from EXEC_TRAJ to REPLAN_TRAJ
[scan_planner_node-4] [INFO] [1786010809.770961809] [scan_planner_node]: [MapDecay] decayed=771 cleared=407 active_occupied=7447
[scan_planner_node-4] 
[scan_planner_node-4] [rebo replan]: -------------------------------------61
[scan_planner_node-4] start:  -6.4 -8.48  0.88,   0.623 -0.0495 0.00355
[scan_planner_node-4] goal:-2.88  -8.5   0.9,      0.75 -1.16e-11         0
[scan_planner_node-4] [32miter(+1)=8,time(ms)=0.042,total_t(ms)=0.042,cost=0.006
[scan_planner_node-4] [0mfirst_optimize_step_success=1
[scan_planner_node-4] total time:[42m0.000305[0m,optimize:0.00024,refine:6.56e-05
[scan_planner_node-4] final_plan_success=1
[scan_planner_node-4] [FSM]: from REPLAN_TRAJ to EXEC_TRAJ
[closed_loop_controller-6] [INFO] [1786010809.771545934] [closed_loop_controller]: Received trajectory 62, duration 5.760s
[scan_planner_node-4] [FSM]: from EXEC_TRAJ to REPLAN_TRAJ
[scan_planner_node-4] 
[scan_planner_node-4] [rebo replan]: -------------------------------------62
[scan_planner_node-4] start: -6.33 -8.49 0.881,   0.624 -0.0403 0.00349
[scan_planner_node-4] goal:-2.88  -8.5   0.9,      0.75 -1.16e-11         0
[scan_planner_node-4] [32miter(+1)=3,time(ms)=0.015,total_t(ms)=0.015,cost=0.002
[scan_planner_node-4] [0mfirst_optimize_step_success=1
[scan_planner_node-4] total time:[42m0.000191[0m,optimize:0.000151,refine:4.04e-05
[scan_planner_node-4] final_plan_success=1
[scan_planner_node-4] [FSM]: from REPLAN_TRAJ to EXEC_TRAJ
[closed_loop_controller-6] [INFO] [1786010809.882474145] [closed_loop_controller]: Received trajectory 63, duration 5.440s
[scan_planner_node-4] [FSM]: from EXEC_TRAJ to REPLAN_TRAJ
[scan_planner_node-4] 
[scan_planner_node-4] [rebo replan]: -------------------------------------63
[scan_planner_node-4] start: -6.23 -8.49 0.881,   0.624  -0.029 0.00347
[scan_planner_node-4] goal:-2.52  -8.5   0.9,      0.75 -3.35e-12         0
[scan_planner_node-4] [32miter(+1)=8,time(ms)=0.031,total_t(ms)=0.031,cost=0.006
[scan_planner_node-4] [0mfirst_optimize_step_success=1
[scan_planner_node-4] total time:[42m0.000211[0m,optimize:0.000165,refine:4.59e-05
[scan_planner_node-4] final_plan_success=1
[scan_planner_node-4] [FSM]: from REPLAN_TRAJ to EXEC_TRAJ
[closed_loop_controller-6] [INFO] [1786010810.033822566] [closed_loop_controller]: Received trajectory 64, duration 6.080s
[scan_planner_node-4] [FSM]: from EXEC_TRAJ to REPLAN_TRAJ
[scan_planner_node-4] 
[scan_planner_node-4] [rebo replan]: -------------------------------------64
[scan_planner_node-4] start: -6.16  -8.5 0.882,   0.625  -0.021 0.00342
[scan_planner_node-4] goal:-2.52  -8.5   0.9,      0.75 -3.35e-12         0
[scan_planner_node-4] [32miter(+1)=4,time(ms)=0.026,total_t(ms)=0.027,cost=0.003
[scan_planner_node-4] [0mfirst_optimize_step_success=1
[scan_planner_node-4] total time:[42m0.000322[0m,optimize:0.000245,refine:7.73e-05
[scan_planner_node-4] final_plan_success=1
[closed_loop_controller-6] [INFO] [1786010810.156437663] [closed_loop_controller]: Received trajectory 65, duration 5.760s
[scan_planner_node-4] [FSM]: from REPLAN_TRAJ to EXEC_TRAJ
[scan_planner_node-4] [FSM]: from EXEC_TRAJ to REPLAN_TRAJ
[scan_planner_node-4] 
[scan_planner_node-4] [rebo replan]: -------------------------------------65
[scan_planner_node-4] start: -6.09  -8.5 0.882,   0.625 -0.0148 0.00333
[scan_planner_node-4] goal:-2.52  -8.5   0.9,      0.75 -3.35e-12         0
[scan_planner_node-4] [32miter(+1)=6,time(ms)=0.035,total_t(ms)=0.036,cost=0.006
[scan_planner_node-4] [0mfirst_optimize_step_success=1
[scan_planner_node-4] total time:[42m0.000234[0m,optimize:0.000192,refine:4.22e-05
[scan_planner_node-4] final_plan_success=1
[scan_planner_node-4] [FSM]: from REPLAN_TRAJ to EXEC_TRAJ
[closed_loop_controller-6] [INFO] [1786010810.268167966] [closed_loop_controller]: Received trajectory 66, duration 5.760s
[scan_planner_node-4] [FSM]: from EXEC_TRAJ to REPLAN_TRAJ
[scan_planner_node-4] 
[scan_planner_node-4] [rebo replan]: -------------------------------------66
[scan_planner_node-4] start: -5.99  -8.5 0.882,    0.625 -0.00793  0.00323
[scan_planner_node-4] goal:-2.52  -8.5   0.9,      0.75 -3.35e-12         0
[scan_planner_node-4] [32miter(+1)=4,time(ms)=0.018,total_t(ms)=0.019,cost=0.001
[scan_planner_node-4] [0mfirst_optimize_step_success=1
[scan_planner_node-4] total time:[42m0.000177[0m,optimize:0.000138,refine:3.9e-05
[scan_planner_node-4] final_plan_success=1
[scan_planner_node-4] [FSM]: from REPLAN_TRAJ to EXEC_TRAJ
[closed_loop_controller-6] [INFO] [1786010810.420145586] [closed_loop_controller]: Received trajectory 67, duration 5.440s
[scan_planner_node-4] [INFO] [1786010810.458838294] [scan_planner_node]: [GridMapDiag] cloud=32768 accepted=21956 invalid=10812 below_sensor=0 outside_update=0 sensor_z=1.200 cutoff_z=2.200
[scan_planner_node-4] [FSM]: from EXEC_TRAJ to REPLAN_TRAJ
[scan_planner_node-4] 
[scan_planner_node-4] [rebo replan]: -------------------------------------67
[scan_planner_node-4] start: -5.89  -8.5 0.883,    0.625 -0.00261  0.00317
[scan_planner_node-4] goal:-2.17  -8.5   0.9,      0.75 -4.64e-13         0
[scan_planner_node-4] [32miter(+1)=8,time(ms)=0.031,total_t(ms)=0.032,cost=0.006
[scan_planner_node-4] [0mfirst_optimize_step_success=1
[scan_planner_node-4] total time:[42m0.000299[0m,optimize:0.000239,refine:6e-05
[scan_planner_node-4] final_plan_success=1
[scan_planner_node-4] [FSM]: from REPLAN_TRAJ to EXEC_TRAJ
[closed_loop_controller-6] [INFO] [1786010810.581362545] [closed_loop_controller]: Received trajectory 68, duration 6.080s
[scan_planner_node-4] [FSM]: from EXEC_TRAJ to REPLAN_TRAJ
[scan_planner_node-4] 
[scan_planner_node-4] [rebo replan]: -------------------------------------68
[scan_planner_node-4] start: -5.82  -8.5 0.883,    0.625 0.000241   0.0031
[scan_planner_node-4] goal:-2.17  -8.5   0.9,      0.75 -4.64e-13         0
[scan_planner_node-4] [32miter(+1)=1,time(ms)=0.010,total_t(ms)=0.011,cost=0.003
[scan_planner_node-4] [0mfirst_optimize_step_success=1
[scan_planner_node-4] total time:[42m0.000181[0m,optimize:0.000135,refine:4.67e-05
[scan_planner_node-4] final_plan_success=1
[scan_planner_node-4] [FSM]: from REPLAN_TRAJ to EXEC_TRAJ
[closed_loop_controller-6] [INFO] [1786010810.701909159] [closed_loop_controller]: Received trajectory 69, duration 5.760s
[scan_planner_node-4] [FSM]: from EXEC_TRAJ to REPLAN_TRAJ
[scan_planner_node-4] 
[scan_planner_node-4] [rebo replan]: -------------------------------------69
[scan_planner_node-4] start: -5.73  -8.5 0.884,   0.625 0.00228   0.003
[scan_planner_node-4] goal:-2.17  -8.5   0.9,      0.75 -4.64e-13         0
[scan_planner_node-4] [32miter(+1)=6,time(ms)=0.024,total_t(ms)=0.025,cost=0.007
[scan_planner_node-4] [0mfirst_optimize_step_success=1
[scan_planner_node-4] total time:[42m0.000217[0m,optimize:0.00017,refine:4.75e-05
[scan_planner_node-4] final_plan_success=1
[scan_planner_node-4] [FSM]: from REPLAN_TRAJ to EXEC_TRAJ
[closed_loop_controller-6] [INFO] [1786010810.835031405] [closed_loop_controller]: Received trajectory 70, duration 5.760s
[scan_planner_node-4] [INFO] [1786010810.889569524] [scan_planner_node]: [MapDecay] decayed=1316 cleared=651 active_occupied=8011
[scan_planner_node-4] [FSM]: from EXEC_TRAJ to REPLAN_TRAJ
[scan_planner_node-4] 
[scan_planner_node-4] [rebo replan]: -------------------------------------70
[scan_planner_node-4] start: -5.67  -8.5 0.884,   0.625 0.00324 0.00293
[scan_planner_node-4] goal:-2.17  -8.5   0.9,      0.75 -4.64e-13         0
[scan_planner_node-4] [32miter(+1)=8,time(ms)=0.037,total_t(ms)=0.037,cost=0.008
[scan_planner_node-4] [0mfirst_optimize_step_success=1
[scan_planner_node-4] total time:[42m0.000254[0m,optimize:0.000201,refine:5.25e-05
[scan_planner_node-4] final_plan_success=1
[scan_planner_node-4] [FSM]: from REPLAN_TRAJ to EXEC_TRAJ
[closed_loop_controller-6] [INFO] [1786010810.940831312] [closed_loop_controller]: Received trajectory 71, duration 5.760s
[scan_planner_node-4] [FSM]: from EXEC_TRAJ to REPLAN_TRAJ
[scan_planner_node-4] 
[scan_planner_node-4] [rebo replan]: -------------------------------------71
[scan_planner_node-4] start: -5.57  -8.5 0.884,   0.625 0.00382 0.00287
[scan_planner_node-4] goal:-1.82  -8.5   0.9,     0.75 2.32e-14        0
[scan_planner_node-4] [32miter(+1)=6,time(ms)=0.028,total_t(ms)=0.029,cost=0.008
[scan_planner_node-4] [0mfirst_optimize_step_success=1
[scan_planner_node-4] total time:[42m0.00027[0m,optimize:0.000202,refine:6.85e-05
[scan_planner_node-4] final_plan_success=1
[scan_planner_node-4] [FSM]: from REPLAN_TRAJ to EXEC_TRAJ
[closed_loop_controller-6] [INFO] [1786010811.099029179] [closed_loop_controller]: Received trajectory 72, duration 6.080s
[scan_planner_node-4] [FSM]: from EXEC_TRAJ to REPLAN_TRAJ
[scan_planner_node-4] 
[scan_planner_node-4] [rebo replan]: -------------------------------------72
[scan_planner_node-4] start: -5.51  -8.5 0.885,   0.625 0.00375 0.00282
[scan_planner_node-4] goal:-1.82  -8.5   0.9,     0.75 2.32e-14        0
[scan_planner_node-4] [32miter(+1)=9,time(ms)=0.043,total_t(ms)=0.043,cost=0.008
[scan_planner_node-4] [0mfirst_optimize_step_success=1
[scan_planner_node-4] total time:[42m0.000287[0m,optimize:0.000233,refine:5.47e-05
[scan_planner_node-4] final_plan_success=1
[scan_planner_node-4] [FSM]: from REPLAN_TRAJ to EXEC_TRAJ
[closed_loop_controller-6] [INFO] [1786010811.200551735] [closed_loop_controller]: Received trajectory 73, duration 6.080s
[scan_planner_node-4] [FSM]: from EXEC_TRAJ to REPLAN_TRAJ
[scan_planner_node-4] 
[scan_planner_node-4] [rebo replan]: -------------------------------------73
[scan_planner_node-4] start: -5.41  -8.5 0.885,   0.625 0.00325 0.00271
[scan_planner_node-4] goal:-1.65  -8.5   0.9,      0.75 -4.18e-14         0
[scan_planner_node-4] [32miter(+1)=6,time(ms)=0.030,total_t(ms)=0.031,cost=0.007
[scan_planner_node-4] [0mfirst_optimize_step_success=1
[scan_planner_node-4] total time:[42m0.000252[0m,optimize:0.000197,refine:5.43e-05
[scan_planner_node-4] final_plan_success=1
[scan_planner_node-4] [FSM]: from REPLAN_TRAJ to EXEC_TRAJ
[closed_loop_controller-6] [INFO] [1786010811.351949865] [closed_loop_controller]: Received trajectory 74, duration 6.080s
[scan_planner_node-4] [FSM]: from EXEC_TRAJ to REPLAN_TRAJ
[scan_planner_node-4] 
[scan_planner_node-4] [rebo replan]: -------------------------------------74
[scan_planner_node-4] start: -5.31  -8.5 0.885,   0.625 0.00243 0.00259
[scan_planner_node-4] goal:-1.65  -8.5   0.9,      0.75 -4.18e-14         0
[scan_planner_node-4] [32miter(+1)=4,time(ms)=0.020,total_t(ms)=0.021,cost=0.001
[scan_planner_node-4] [0mfirst_optimize_step_success=1
[scan_planner_node-4] total time:[42m0.000253[0m,optimize:0.000204,refine:4.95e-05
[scan_planner_node-4] final_plan_success=1
[scan_planner_node-4] [FSM]: from REPLAN_TRAJ to EXEC_TRAJ
[closed_loop_controller-6] [INFO] [1786010811.507762425] [closed_loop_controller]: Received trajectory 75, duration 5.760s
[scan_planner_node-4] [FSM]: state: EXEC_TRAJ
[scan_planner_node-4] [FSM]: from EXEC_TRAJ to REPLAN_TRAJ
[scan_planner_node-4] 
[scan_planner_node-4] [rebo replan]: -------------------------------------75
[scan_planner_node-4] start:  -5.2  -8.5 0.886,   0.625 0.00131 0.00249
[scan_planner_node-4] goal:-1.65  -8.5   0.9,      0.75 -4.18e-14         0
[scan_planner_node-4] [32miter(+1)=6,time(ms)=0.034,total_t(ms)=0.034,cost=0.007
[scan_planner_node-4] [0mfirst_optimize_step_success=1
[scan_planner_node-4] total time:[42m0.000237[0m,optimize:0.000188,refine:4.91e-05
[scan_planner_node-4] final_plan_success=1
[scan_planner_node-4] [FSM]: from REPLAN_TRAJ to EXEC_TRAJ
[closed_loop_controller-6] [INFO] [1786010811.687998382] [closed_loop_controller]: Received trajectory 76, duration 5.760s
[scan_planner_node-4] [FSM]: from EXEC_TRAJ to REPLAN_TRAJ
[scan_planner_node-4] [INFO] [1786010811.919696809] [scan_planner_node]: [MapDecay] decayed=485 cleared=179 active_occupied=8571
[scan_planner_node-4] 
[scan_planner_node-4] [rebo replan]: -------------------------------------76
[scan_planner_node-4] start: -5.06  -8.5 0.886,    0.625 -1.8e-05  0.00246
[scan_planner_node-4] goal:-1.3 -8.5  0.9,      0.75 -1.87e-14         0
[scan_planner_node-4] [32miter(+1)=6,time(ms)=0.029,total_t(ms)=0.029,cost=0.007
[scan_planner_node-4] [0mfirst_optimize_step_success=1
[scan_planner_node-4] total time:[42m0.000254[0m,optimize:0.000203,refine:5.19e-05
[scan_planner_node-4] final_plan_success=1
[scan_planner_node-4] [FSM]: from REPLAN_TRAJ to EXEC_TRAJ
[closed_loop_controller-6] [INFO] [1786010811.920268920] [closed_loop_controller]: Received trajectory 77, duration 6.080s
[scan_planner_node-4] [FSM]: from EXEC_TRAJ to REPLAN_TRAJ
[scan_planner_node-4] 
[scan_planner_node-4] [rebo replan]: -------------------------------------77
[scan_planner_node-4] start: -4.94  -8.5 0.887,     0.625 -0.000766   0.00238
[scan_planner_node-4] goal:-1.3 -8.5  0.9,      0.75 -1.87e-14         0
[scan_planner_node-4] [32miter(+1)=3,time(ms)=0.021,total_t(ms)=0.021,cost=0.004
[scan_planner_node-4] [0mfirst_optimize_step_success=1
[scan_planner_node-4] total time:[42m0.000254[0m,optimize:0.000203,refine:5.11e-05
[scan_planner_node-4] final_plan_success=1
[scan_planner_node-4] [FSM]: from REPLAN_TRAJ to EXEC_TRAJ
[closed_loop_controller-6] [INFO] [1786010812.111607640] [closed_loop_controller]: Received trajectory 78, duration 5.760s
[scan_planner_node-4] [FSM]: from EXEC_TRAJ to REPLAN_TRAJ
[scan_planner_node-4] 
[scan_planner_node-4] [rebo replan]: -------------------------------------78
[scan_planner_node-4] start: -4.82  -8.5 0.887,    0.625 -0.00112  0.00227
[scan_planner_node-4] goal:-1.3 -8.5  0.9,      0.75 -1.87e-14         0
[scan_planner_node-4] [32miter(+1)=8,time(ms)=0.032,total_t(ms)=0.032,cost=0.006
[scan_planner_node-4] [0mfirst_optimize_step_success=1
[scan_planner_node-4] total time:[42m0.000228[0m,optimize:0.000179,refine:4.88e-05
[scan_planner_node-4] final_plan_success=1
[scan_planner_node-4] [FSM]: from REPLAN_TRAJ to EXEC_TRAJ
[closed_loop_controller-6] [INFO] [1786010812.295157754] [closed_loop_controller]: Received trajectory 79, duration 5.760s
[scan_planner_node-4] [FSM]: from EXEC_TRAJ to REPLAN_TRAJ
[scan_planner_node-4] 
[scan_planner_node-4] [rebo replan]: -------------------------------------79
[scan_planner_node-4] start: -4.74  -8.5 0.888,    0.625 -0.00118  0.00223
[scan_planner_node-4] goal:-1.3 -8.5  0.9,      0.75 -1.87e-14         0
[scan_planner_node-4] [32miter(+1)=1,time(ms)=0.010,total_t(ms)=0.011,cost=0.004
[scan_planner_node-4] [0mfirst_optimize_step_success=1
[scan_planner_node-4] total time:[42m0.000192[0m,optimize:0.000144,refine:4.8e-05
[scan_planner_node-4] final_plan_success=1
[scan_planner_node-4] [FSM]: from REPLAN_TRAJ to EXEC_TRAJ
[closed_loop_controller-6] [INFO] [1786010812.429536083] [closed_loop_controller]: Received trajectory 80, duration 5.440s
[scan_planner_node-4] [INFO] [1786010812.488561673] [scan_planner_node]: [GridMapDiag] cloud=32768 accepted=21762 invalid=11006 below_sensor=0 outside_update=0 sensor_z=1.200 cutoff_z=2.200
[scan_planner_node-4] [FSM]: from EXEC_TRAJ to REPLAN_TRAJ
[scan_planner_node-4] 
[scan_planner_node-4] [rebo replan]: -------------------------------------80
[scan_planner_node-4] start: -4.65  -8.5 0.888,    0.625 -0.00109  0.00222
[scan_planner_node-4] goal:-0.95  -8.5   0.9,      0.75 -3.82e-15         0
[scan_planner_node-4] [32miter(+1)=5,time(ms)=0.034,total_t(ms)=0.034,cost=0.001
[scan_planner_node-4] [0mfirst_optimize_step_success=1
[scan_planner_node-4] total time:[42m0.000352[0m,optimize:0.000271,refine:8.06e-05
[scan_planner_node-4] final_plan_success=1
[scan_planner_node-4] [FSM]: from REPLAN_TRAJ to EXEC_TRAJ
[closed_loop_controller-6] [INFO] [1786010812.578725334] [closed_loop_controller]: Received trajectory 81, duration 5.760s
[scan_planner_node-4] [FSM]: from EXEC_TRAJ to REPLAN_TRAJ
[scan_planner_node-4] 
[scan_planner_node-4] [rebo replan]: -------------------------------------81
[scan_planner_node-4] start: -4.56  -8.5 0.888,     0.625 -0.000894   0.00218
[scan_planner_node-4] goal:-0.95  -8.5   0.9,      0.75 -3.82e-15         0
[scan_planner_node-4] [32miter(+1)=4,time(ms)=0.027,total_t(ms)=0.028,cost=0.005
[scan_planner_node-4] [0mfirst_optimize_step_success=1
[scan_planner_node-4] total time:[42m0.00033[0m,optimize:0.000251,refine:7.9e-05
[scan_planner_node-4] final_plan_success=1
[scan_planner_node-4] [FSM]: from REPLAN_TRAJ to EXEC_TRAJ
[closed_loop_controller-6] [INFO] [1786010812.722725259] [closed_loop_controller]: Received trajectory 82, duration 5.760s
[scan_planner_node-4] [FSM]: from EXEC_TRAJ to REPLAN_TRAJ
[scan_planner_node-4] 
[scan_planner_node-4] [rebo replan]: -------------------------------------82
[scan_planner_node-4] start: -4.47  -8.5 0.889,     0.625 -0.000643    0.0021
[scan_planner_node-4] goal:-0.95  -8.5   0.9,      0.75 -3.82e-15         0
[scan_planner_node-4] [32miter(+1)=8,time(ms)=0.037,total_t(ms)=0.037,cost=0.006
[scan_planner_node-4] [0mfirst_optimize_step_success=1
[scan_planner_node-4] total time:[42m0.000254[0m,optimize:0.000203,refine:5.07e-05
[scan_planner_node-4] final_plan_success=1
[scan_planner_node-4] [FSM]: from REPLAN_TRAJ to EXEC_TRAJ
[closed_loop_controller-6] [INFO] [1786010812.866437135] [closed_loop_controller]: Received trajectory 83, duration 5.760s
[scan_planner_node-4] [INFO] [1786010812.960171052] [scan_planner_node]: [MapDecay] decayed=981 cleared=434 active_occupied=4758
[scan_planner_node-4] [FSM]: from EXEC_TRAJ to REPLAN_TRAJ
[scan_planner_node-4] 
[scan_planner_node-4] [rebo replan]: -------------------------------------83
[scan_planner_node-4] start: -4.35  -8.5 0.889,    0.625 -0.00032  0.00203
[scan_planner_node-4] goal:-0.6 -8.5  0.9,      0.75 -2.54e-16         0
[scan_planner_node-4] [32miter(+1)=6,time(ms)=0.028,total_t(ms)=0.029,cost=0.007
[scan_planner_node-4] [0mfirst_optimize_step_success=1
[scan_planner_node-4] total time:[42m0.000242[0m,optimize:0.00019,refine:5.15e-05
[scan_planner_node-4] final_plan_success=1
[scan_planner_node-4] [FSM]: from REPLAN_TRAJ to EXEC_TRAJ
[closed_loop_controller-6] [INFO] [1786010813.051054556] [closed_loop_controller]: Received trajectory 84, duration 6.080s
[scan_planner_node-4] [FSM]: from EXEC_TRAJ to REPLAN_TRAJ
[scan_planner_node-4] 
[scan_planner_node-4] [rebo replan]: -------------------------------------84
[scan_planner_node-4] start: -4.26  -8.5 0.889,     0.625 -0.000101   0.00197
[scan_planner_node-4] goal:-0.6 -8.5  0.9,      0.75 -2.54e-16         0
[scan_planner_node-4] [32miter(+1)=4,time(ms)=0.020,total_t(ms)=0.021,cost=0.001
[scan_planner_node-4] [0mfirst_optimize_step_success=1
[scan_planner_node-4] total time:[42m0.000251[0m,optimize:0.000203,refine:4.84e-05
[scan_planner_node-4] final_plan_success=1
[scan_planner_node-4] [FSM]: from REPLAN_TRAJ to EXEC_TRAJ
[closed_loop_controller-6] [INFO] [1786010813.195215655] [closed_loop_controller]: Received trajectory 85, duration 5.760s
[scan_planner_node-4] [FSM]: from EXEC_TRAJ to REPLAN_TRAJ
[scan_planner_node-4] 
[scan_planner_node-4] [rebo replan]: -------------------------------------85
[scan_planner_node-4] start: -4.17  -8.5 0.889,    0.625 6.93e-05  0.00189
[scan_planner_node-4] goal:-0.425   -8.5    0.9,      0.75 -7.17e-17         0
[scan_planner_node-4] [32miter(+1)=6,time(ms)=0.042,total_t(ms)=0.043,cost=0.007
[scan_planner_node-4] [0mfirst_optimize_step_success=1
[scan_planner_node-4] total time:[42m0.000256[0m,optimize:0.000205,refine:5.11e-05
[scan_planner_node-4] final_plan_success=1
[scan_planner_node-4] [FSM]: from REPLAN_TRAJ to EXEC_TRAJ
[closed_loop_controller-6] [INFO] [1786010813.333961528] [closed_loop_controller]: Received trajectory 86, duration 6.080s
[scan_planner_node-4] [FSM]: from EXEC_TRAJ to REPLAN_TRAJ
[scan_planner_node-4] 
[scan_planner_node-4] [rebo replan]: -------------------------------------86
[scan_planner_node-4] start: -4.06  -8.5  0.89,    0.625 0.000221   0.0018
[scan_planner_node-4] goal:-0.425   -8.5    0.9,      0.75 -7.17e-17         0
[scan_planner_node-4] [32miter(+1)=4,time(ms)=0.018,total_t(ms)=0.018,cost=0.003
[scan_planner_node-4] [0mfirst_optimize_step_success=1
[scan_planner_node-4] total time:[42m0.000206[0m,optimize:0.000158,refine:4.82e-05
[scan_planner_node-4] final_plan_success=1
[scan_planner_node-4] [FSM]: from REPLAN_TRAJ to EXEC_TRAJ
[closed_loop_controller-6] [INFO] [1786010813.523327907] [closed_loop_controller]: Received trajectory 87, duration 5.760s
[scan_planner_node-4] [FSM]: from EXEC_TRAJ to REPLAN_TRAJ
[scan_planner_node-4] 
[scan_planner_node-4] [rebo replan]: -------------------------------------87
[scan_planner_node-4] start: -3.94  -8.5  0.89,    0.625 0.000283  0.00174
[scan_planner_node-4] goal:-0.425   -8.5    0.9,      0.75 -7.17e-17         0
[scan_planner_node-4] [32miter(+1)=8,time(ms)=0.034,total_t(ms)=0.034,cost=0.006
[scan_planner_node-4] [0mfirst_optimize_step_success=1
[scan_planner_node-4] total time:[42m0.000225[0m,optimize:0.000171,refine:5.39e-05
[scan_planner_node-4] final_plan_success=1
[scan_planner_node-4] [FSM]: from REPLAN_TRAJ to EXEC_TRAJ
[closed_loop_controller-6] [INFO] [1786010813.704424883] [closed_loop_controller]: Received trajectory 88, duration 5.760s
[scan_planner_node-4] [FSM]: from EXEC_TRAJ to REPLAN_TRAJ
[scan_planner_node-4] 
[scan_planner_node-4] [rebo replan]: -------------------------------------88
[scan_planner_node-4] start: -3.86  -8.5  0.89,    0.625 0.000285  0.00173
[scan_planner_node-4] goal:-0.425   -8.5    0.9,      0.75 -7.17e-17         0
[scan_planner_node-4] [32miter(+1)=4,time(ms)=0.021,total_t(ms)=0.022,cost=0.003
[scan_planner_node-4] [0mfirst_optimize_step_success=1
[scan_planner_node-4] total time:[42m0.000208[0m,optimize:0.000147,refine:6.08e-05
[scan_planner_node-4] final_plan_success=1
[scan_planner_node-4] [FSM]: from REPLAN_TRAJ to EXEC_TRAJ
[closed_loop_controller-6] [INFO] [1786010813.841132270] [closed_loop_controller]: Received trajectory 89, duration 5.440s
[scan_planner_node-4] [FSM]: from EXEC_TRAJ to REPLAN_TRAJ
[scan_planner_node-4] [INFO] [1786010813.979305802] [scan_planner_node]: [MapDecay] decayed=892 cleared=372 active_occupied=6621
[scan_planner_node-4] 
[scan_planner_node-4] [rebo replan]: -------------------------------------89
[scan_planner_node-4] start: -3.77  -8.5 0.891,    0.625 0.000257  0.00173
[scan_planner_node-4] goal:-0.075   -8.5    0.9,      0.75 -1.46e-16         0
[scan_planner_node-4] [32miter(+1)=8,time(ms)=0.035,total_t(ms)=0.035,cost=0.008
[scan_planner_node-4] [0mfirst_optimize_step_success=1
[scan_planner_node-4] total time:[42m0.000248[0m,optimize:0.0002,refine:4.81e-05
[scan_planner_node-4] final_plan_success=1
[scan_planner_node-4] [FSM]: from REPLAN_TRAJ to EXEC_TRAJ
[closed_loop_controller-6] [INFO] [1786010813.979878930] [closed_loop_controller]: Received trajectory 90, duration 6.080s
[scan_planner_node-4] [FSM]: from EXEC_TRAJ to REPLAN_TRAJ
[scan_planner_node-4] 
[scan_planner_node-4] [rebo replan]: -------------------------------------90
[scan_planner_node-4] start: -3.67  -8.5 0.891,    0.625 0.000198  0.00169
[scan_planner_node-4] goal:-0.075   -8.5    0.9,      0.75 -1.46e-16         0
[scan_planner_node-4] [32miter(+1)=5,time(ms)=0.020,total_t(ms)=0.021,cost=0.006
[scan_planner_node-4] [0mfirst_optimize_step_success=1
[scan_planner_node-4] total time:[42m0.000219[0m,optimize:0.000175,refine:4.43e-05
[scan_planner_node-4] final_plan_success=1
[scan_planner_node-4] [FSM]: from REPLAN_TRAJ to EXEC_TRAJ
[closed_loop_controller-6] [INFO] [1786010814.148226873] [closed_loop_controller]: Received trajectory 91, duration 5.760s
[scan_planner_node-4] [FSM]: from EXEC_TRAJ to REPLAN_TRAJ
[scan_planner_node-4] 
[scan_planner_node-4] [rebo replan]: -------------------------------------91
[scan_planner_node-4] start: -3.56  -8.5 0.891,    0.625 0.000125  0.00162
[scan_planner_node-4] goal:-0.075   -8.5    0.9,      0.75 -1.46e-16         0
[scan_planner_node-4] [32miter(+1)=5,time(ms)=0.022,total_t(ms)=0.023,cost=0.001
[scan_planner_node-4] [0mfirst_optimize_step_success=1
[scan_planner_node-4] total time:[42m0.000188[0m,optimize:0.000144,refine:4.33e-05
[scan_planner_node-4] final_plan_success=1
[scan_planner_node-4] [FSM]: from REPLAN_TRAJ to EXEC_TRAJ
[closed_loop_controller-6] [INFO] [1786010814.320976967] [closed_loop_controller]: Received trajectory 92, duration 5.440s
[scan_planner_node-4] [FSM]: from EXEC_TRAJ to REPLAN_TRAJ
[scan_planner_node-4] 
[scan_planner_node-4] [rebo replan]: -------------------------------------92
[scan_planner_node-4] start: -3.48  -8.5 0.891,    0.625 7.03e-05  0.00158
[scan_planner_node-4] goal:0.275  -8.5   0.9,      0.75 -2.28e-16         0
[scan_planner_node-4] [32miter(+1)=6,time(ms)=0.037,total_t(ms)=0.037,cost=0.007
[scan_planner_node-4] [0mfirst_optimize_step_success=1
[scan_planner_node-4] total time:[42m0.000246[0m,optimize:0.000198,refine:4.73e-05
[scan_planner_node-4] final_plan_success=1
[scan_planner_node-4] [FSM]: from REPLAN_TRAJ to EXEC_TRAJ
[closed_loop_controller-6] [INFO] [1786010814.448605138] [closed_loop_controller]: Received trajectory 93, duration 6.080s
[scan_planner_node-4] [FSM]: from EXEC_TRAJ to REPLAN_TRAJ
[scan_planner_node-4] [INFO] [1786010814.615461225] [scan_planner_node]: [GridMapDiag] cloud=32768 accepted=21702 invalid=11066 below_sensor=0 outside_update=0 sensor_z=1.200 cutoff_z=2.200
[scan_planner_node-4] 
[scan_planner_node-4] [rebo replan]: -------------------------------------93
[scan_planner_node-4] start: -3.37  -8.5 0.892,    0.625 8.22e-06  0.00152
[scan_planner_node-4] goal:0.275  -8.5   0.9,      0.75 -2.28e-16         0
[scan_planner_node-4] [32miter(+1)=1,time(ms)=0.015,total_t(ms)=0.016,cost=0.002
[scan_planner_node-4] [0mfirst_optimize_step_success=1
[scan_planner_node-4] total time:[42m0.000186[0m,optimize:0.000141,refine:4.48e-05
[scan_planner_node-4] final_plan_success=1
[scan_planner_node-4] [FSM]: from REPLAN_TRAJ to EXEC_TRAJ
[closed_loop_controller-6] [INFO] [1786010814.616305207] [closed_loop_controller]: Received trajectory 94, duration 5.760s
[scan_planner_node-4] [FSM]: from EXEC_TRAJ to REPLAN_TRAJ
[scan_planner_node-4] 
[scan_planner_node-4] [rebo replan]: -------------------------------------94
[scan_planner_node-4] start: -3.27  -8.5 0.892,     0.625 -3.79e-05   0.00145
[scan_planner_node-4] goal:0.275  -8.5   0.9,      0.75 -2.28e-16         0
[scan_planner_node-4] [32miter(+1)=7,time(ms)=0.029,total_t(ms)=0.030,cost=0.006
[scan_planner_node-4] [0mfirst_optimize_step_success=1
[scan_planner_node-4] total time:[42m0.00027[0m,optimize:0.000209,refine:6.07e-05
[scan_planner_node-4] final_plan_success=1
[scan_planner_node-4] [FSM]: from REPLAN_TRAJ to EXEC_TRAJ
[closed_loop_controller-6] [INFO] [1786010814.783759048] [closed_loop_controller]: Received trajectory 95, duration 5.760s
[scan_planner_node-4] [FSM]: from EXEC_TRAJ to REPLAN_TRAJ
[scan_planner_node-4] 
[scan_planner_node-4] [rebo replan]: -------------------------------------95
[scan_planner_node-4] start: -3.16  -8.5 0.892,     0.625 -6.71e-05   0.00142
[scan_planner_node-4] goal:0.275  -8.5   0.9,      0.75 -2.28e-16         0
[scan_planner_node-4] [32miter(+1)=4,time(ms)=0.028,total_t(ms)=0.028,cost=0.003
[scan_planner_node-4] [0mfirst_optimize_step_success=1
[scan_planner_node-4] total time:[42m0.000192[0m,optimize:0.000143,refine:4.94e-05
[scan_planner_node-4] final_plan_success=1
[scan_planner_node-4] [FSM]: from REPLAN_TRAJ to EXEC_TRAJ
[closed_loop_controller-6] [INFO] [1786010814.963133531] [closed_loop_controller]: Received trajectory 96, duration 5.440s
[scan_planner_node-4] [INFO] [1786010815.047574714] [scan_planner_node]: [MapDecay] decayed=1443 cleared=409 active_occupied=5268
[scan_planner_node-4] [FSM]: from EXEC_TRAJ to REPLAN_TRAJ
[scan_planner_node-4] 
[scan_planner_node-4] [rebo replan]: -------------------------------------96
[scan_planner_node-4] start: -3.05  -8.5 0.892,     0.625 -7.49e-05   0.00142
[scan_planner_node-4] goal:0.625  -8.5   0.9,      0.75 -1.51e-16         0
[scan_planner_node-4] [32miter(+1)=5,time(ms)=0.020,total_t(ms)=0.021,cost=0.001
[scan_planner_node-4] [0mfirst_optimize_step_success=1
[scan_planner_node-4] total time:[42m0.000219[0m,optimize:0.000164,refine:5.52e-05
[scan_planner_node-4] final_plan_success=1
[scan_planner_node-4] [FSM]: from REPLAN_TRAJ to EXEC_TRAJ
[closed_loop_controller-6] [INFO] [1786010815.126388253] [closed_loop_controller]: Received trajectory 97, duration 5.760s
[scan_planner_node-4] [FSM]: from EXEC_TRAJ to REPLAN_TRAJ
[scan_planner_node-4] 
[scan_planner_node-4] [rebo replan]: -------------------------------------97
[scan_planner_node-4] start: -2.95  -8.5 0.893,     0.625 -6.92e-05   0.00138
[scan_planner_node-4] goal:0.625  -8.5   0.9,      0.75 -1.51e-16         0
[scan_planner_node-4] [32miter(+1)=5,time(ms)=0.019,total_t(ms)=0.019,cost=0.007
[scan_planner_node-4] [0mfirst_optimize_step_success=1
[scan_planner_node-4] total time:[42m0.000237[0m,optimize:0.00019,refine:4.7e-05
[scan_planner_node-4] final_plan_success=1
[scan_planner_node-4] [FSM]: from REPLAN_TRAJ to EXEC_TRAJ
[closed_loop_controller-6] [INFO] [1786010815.290230908] [closed_loop_controller]: Received trajectory 98, duration 5.760s
[scan_planner_node-4] [FSM]: from EXEC_TRAJ to REPLAN_TRAJ
[scan_planner_node-4] 
[scan_planner_node-4] [rebo replan]: -------------------------------------98
[scan_planner_node-4] start: -2.83  -8.5 0.893,     0.625 -5.19e-05   0.00132
[scan_planner_node-4] goal:0.625  -8.5   0.9,      0.75 -1.51e-16         0
[scan_planner_node-4] [32miter(+1)=4,time(ms)=0.021,total_t(ms)=0.021,cost=0.001
[scan_planner_node-4] [0mfirst_optimize_step_success=1
[scan_planner_node-4] total time:[42m0.000196[0m,optimize:0.000156,refine:3.99e-05
[scan_planner_node-4] final_plan_success=1
[scan_planner_node-4] [FSM]: from REPLAN_TRAJ to EXEC_TRAJ
[closed_loop_controller-6] [INFO] [1786010815.479873114] [closed_loop_controller]: Received trajectory 99, duration 5.440s
[scan_planner_node-4] [FSM]: from EXEC_TRAJ to REPLAN_TRAJ
[scan_planner_node-4] 
[scan_planner_node-4] [rebo replan]: -------------------------------------99
[scan_planner_node-4] start: -2.72  -8.5 0.893,     0.625 -3.03e-05   0.00128
[scan_planner_node-4] goal:0.975  -8.5   0.9,     0.75 2.96e-15        0
[scan_planner_node-4] [32miter(+1)=5,time(ms)=0.019,total_t(ms)=0.020,cost=0.001
[scan_planner_node-4] [0mfirst_optimize_step_success=1
[scan_planner_node-4] total time:[42m0.000193[0m,optimize:0.000151,refine:4.23e-05
[scan_planner_node-4] final_plan_success=1
[scan_planner_node-4] [FSM]: from REPLAN_TRAJ to EXEC_TRAJ
[closed_loop_controller-6] [INFO] [1786010815.665260035] [closed_loop_controller]: Received trajectory 100, duration 5.760s
[scan_planner_node-4] [FSM]: from EXEC_TRAJ to REPLAN_TRAJ
[scan_planner_node-4] 
[scan_planner_node-4] [rebo replan]: -------------------------------------100
[scan_planner_node-4] start: -2.62  -8.5 0.893,     0.625 -1.29e-05   0.00125
[scan_planner_node-4] goal:0.975  -8.5   0.9,     0.75 2.96e-15        0
[scan_planner_node-4] [32miter(+1)=5,time(ms)=0.020,total_t(ms)=0.020,cost=0.005
[scan_planner_node-4] [0mfirst_optimize_step_success=1
[scan_planner_node-4] total time:[42m0.000191[0m,optimize:0.000149,refine:4.16e-05
[scan_planner_node-4] final_plan_success=1
[scan_planner_node-4] [FSM]: from REPLAN_TRAJ to EXEC_TRAJ
[closed_loop_controller-6] [INFO] [1786010815.818282731] [closed_loop_controller]: Received trajectory 101, duration 5.760s
[scan_planner_node-4] [FSM]: from EXEC_TRAJ to REPLAN_TRAJ
[scan_planner_node-4] 
[scan_planner_node-4] [rebo replan]: -------------------------------------101
[scan_planner_node-4] start: -2.52  -8.5 0.893,    0.625 1.85e-06   0.0012
[scan_planner_node-4] goal:1.15 -8.5  0.9,      0.75 -8.87e-15         0
[scan_planner_node-4] [32miter(+1)=4,time(ms)=0.016,total_t(ms)=0.016,cost=0.001
[scan_planner_node-4] [0mfirst_optimize_step_success=1
[scan_planner_node-4] total time:[42m0.000231[0m,optimize:0.000188,refine:4.3e-05
[scan_planner_node-4] final_plan_success=1
[scan_planner_node-4] [FSM]: from REPLAN_TRAJ to EXEC_TRAJ
[closed_loop_controller-6] [INFO] [1786010815.981702059] [closed_loop_controller]: Received trajectory 102, duration 5.760s
[scan_planner_node-4] [INFO] [1786010816.098377159] [scan_planner_node]: [MapDecay] decayed=783 cleared=363 active_occupied=6430
[scan_planner_node-4] [FSM]: from EXEC_TRAJ to REPLAN_TRAJ
[scan_planner_node-4] 
[scan_planner_node-4] [rebo replan]: -------------------------------------102
[scan_planner_node-4] start:  -2.4  -8.5 0.894,   0.625 1.3e-05 0.00114
[scan_planner_node-4] goal:1.15 -8.5  0.9,      0.75 -8.87e-15         0
[scan_planner_node-4] [32miter(+1)=6,time(ms)=0.023,total_t(ms)=0.023,cost=0.007
[scan_planner_node-4] [0mfirst_optimize_step_success=1
[scan_planner_node-4] total time:[42m0.000193[0m,optimize:0.000149,refine:4.36e-05
[scan_planner_node-4] final_plan_success=1
[scan_planner_node-4] [FSM]: from REPLAN_TRAJ to EXEC_TRAJ
[closed_loop_controller-6] [INFO] [1786010816.170994177] [closed_loop_controller]: Received trajectory 103, duration 5.760s
[scan_planner_node-4] [FSM]: from EXEC_TRAJ to REPLAN_TRAJ
[scan_planner_node-4] 
[scan_planner_node-4] [rebo replan]: -------------------------------------103
[scan_planner_node-4] start:  -2.3  -8.5 0.894,    0.625 1.73e-05  0.00111
[scan_planner_node-4] goal:1.15 -8.5  0.9,      0.75 -8.87e-15         0
[scan_planner_node-4] [32miter(+1)=1,time(ms)=0.010,total_t(ms)=0.010,cost=0.002
[scan_planner_node-4] [0mfirst_optimize_step_success=1
[scan_planner_node-4] total time:[42m0.000188[0m,optimize:0.000144,refine:4.36e-05
[scan_planner_node-4] final_plan_success=1
[scan_planner_node-4] [FSM]: from REPLAN_TRAJ to EXEC_TRAJ
[closed_loop_controller-6] [INFO] [1786010816.339305504] [closed_loop_controller]: Received trajectory 104, duration 5.440s
[scan_planner_node-4] [FSM]: from EXEC_TRAJ to REPLAN_TRAJ
[scan_planner_node-4] 
[scan_planner_node-4] [rebo replan]: -------------------------------------104
[scan_planner_node-4] start: -2.22  -8.5 0.894,    0.625 1.76e-05   0.0011
[scan_planner_node-4] goal: 1.5 -8.5  0.9,      0.75 -4.33e-14         0
[scan_planner_node-4] [32miter(+1)=8,time(ms)=0.031,total_t(ms)=0.032,cost=0.006
[scan_planner_node-4] [0mfirst_optimize_step_success=1
[scan_planner_node-4] total time:[42m0.000247[0m,optimize:0.000202,refine:4.47e-05
[scan_planner_node-4] final_plan_success=1
[scan_planner_node-4] [FSM]: from REPLAN_TRAJ to EXEC_TRAJ
[closed_loop_controller-6] [INFO] [1786010816.468476432] [closed_loop_controller]: Received trajectory 105, duration 6.080s
[scan_planner_node-4] [FSM]: from EXEC_TRAJ to REPLAN_TRAJ
[scan_planner_node-4] 
[scan_planner_node-4] [rebo replan]: -------------------------------------105
[scan_planner_node-4] start: -2.14  -8.5 0.894,    0.625 1.63e-05  0.00108
[scan_planner_node-4] goal: 1.5 -8.5  0.9,      0.75 -4.33e-14         0
[scan_planner_node-4] [32miter(+1)=1,time(ms)=0.008,total_t(ms)=0.009,cost=0.003
[scan_planner_node-4] [0mfirst_optimize_step_success=1
[scan_planner_node-4] total time:[42m0.000199[0m,optimize:0.000148,refine:5.09e-05
[scan_planner_node-4] final_plan_success=1
[scan_planner_node-4] [FSM]: from REPLAN_TRAJ to EXEC_TRAJ
[closed_loop_controller-6] [INFO] [1786010816.584064169] [closed_loop_controller]: Received trajectory 106, duration 5.760s
[scan_planner_node-4] [INFO] [1786010816.634990912] [scan_planner_node]: [GridMapDiag] cloud=32768 accepted=21570 invalid=11198 below_sensor=0 outside_update=0 sensor_z=1.200 cutoff_z=2.200
[scan_planner_node-4] [FSM]: from EXEC_TRAJ to REPLAN_TRAJ
[scan_planner_node-4] 
[scan_planner_node-4] [rebo replan]: -------------------------------------106
[scan_planner_node-4] start: -2.06  -8.5 0.894,    0.625 1.36e-05  0.00105
[scan_planner_node-4] goal: 1.5 -8.5  0.9,      0.75 -4.33e-14         0
[scan_planner_node-4] [32miter(+1)=6,time(ms)=0.033,total_t(ms)=0.033,cost=0.006
[scan_planner_node-4] [0mfirst_optimize_step_success=1
[scan_planner_node-4] total time:[42m0.000258[0m,optimize:0.000204,refine:5.39e-05
[scan_planner_node-4] final_plan_success=1
[scan_planner_node-4] [FSM]: from REPLAN_TRAJ to EXEC_TRAJ
[closed_loop_controller-6] [INFO] [1786010816.714530881] [closed_loop_controller]: Received trajectory 107, duration 5.760s
[scan_planner_node-4] [FSM]: from EXEC_TRAJ to REPLAN_TRAJ
[scan_planner_node-4] 
[scan_planner_node-4] [rebo replan]: -------------------------------------107
[scan_planner_node-4] start: -1.99  -8.5 0.894,    0.625 1.04e-05  0.00102
[scan_planner_node-4] goal: 1.5 -8.5  0.9,      0.75 -4.33e-14         0
[scan_planner_node-4] [32miter(+1)=9,time(ms)=0.033,total_t(ms)=0.033,cost=0.008
[scan_planner_node-4] [0mfirst_optimize_step_success=1
[scan_planner_node-4] total time:[42m0.000209[0m,optimize:0.000168,refine:4.09e-05
[scan_planner_node-4] final_plan_success=1
[scan_planner_node-4] [FSM]: from REPLAN_TRAJ to EXEC_TRAJ
[closed_loop_controller-6] [INFO] [1786010816.835956680] [closed_loop_controller]: Received trajectory 108, duration 5.760s
[scan_planner_node-4] [FSM]: from EXEC_TRAJ to REPLAN_TRAJ
[scan_planner_node-4] 
[scan_planner_node-4] [rebo replan]: -------------------------------------108
[scan_planner_node-4] start: -1.91  -8.5 0.895,   0.625 7.1e-06 0.00101
[scan_planner_node-4] goal:1.85 -8.5  0.9,      0.75 -9.71e-14         0
[scan_planner_node-4] [32miter(+1)=6,time(ms)=0.023,total_t(ms)=0.023,cost=0.007
[scan_planner_node-4] [0mfirst_optimize_step_success=1
[scan_planner_node-4] total time:[42m0.000224[0m,optimize:0.00018,refine:4.42e-05
[scan_planner_node-4] final_plan_success=1
[scan_planner_node-4] [FSM]: from REPLAN_TRAJ to EXEC_TRAJ
[closed_loop_controller-6] [INFO] [1786010816.957625403] [closed_loop_controller]: Received trajectory 109, duration 6.080s
[scan_planner_node-4] [FSM]: from EXEC_TRAJ to REPLAN_TRAJ
[scan_planner_node-4] 
[scan_planner_node-4] [rebo replan]: -------------------------------------109
[scan_planner_node-4] start: -1.86  -8.5 0.895,    0.625 4.88e-06 0.000992
[scan_planner_node-4] goal:1.85 -8.5  0.9,      0.75 -9.71e-14         0
[scan_planner_node-4] [32miter(+1)=9,time(ms)=0.038,total_t(ms)=0.038,cost=0.006
[scan_planner_node-4] [0mfirst_optimize_step_success=1
[scan_planner_node-4] total time:[42m0.000257[0m,optimize:0.000211,refine:4.6e-05
[scan_planner_node-4] final_plan_success=1
[scan_planner_node-4] [FSM]: from REPLAN_TRAJ to EXEC_TRAJ
[closed_loop_controller-6] [INFO] [1786010817.044806835] [closed_loop_controller]: Received trajectory 110, duration 6.080s
[scan_planner_node-4] [FSM]: from EXEC_TRAJ to REPLAN_TRAJ
[scan_planner_node-4] [INFO] [1786010817.164239104] [scan_planner_node]: [MapDecay] decayed=636 cleared=386 active_occupied=5247
[scan_planner_node-4] 
[scan_planner_node-4] [rebo replan]: -------------------------------------110
[scan_planner_node-4] start: -1.78  -8.5 0.895,    0.625 2.11e-06 0.000962
[scan_planner_node-4] goal:1.85 -8.5  0.9,      0.75 -9.71e-14         0
[scan_planner_node-4] [32miter(+1)=4,time(ms)=0.016,total_t(ms)=0.017,cost=0.003
[scan_planner_node-4] [0mfirst_optimize_step_success=1
[scan_planner_node-4] total time:[42m0.000217[0m,optimize:0.000168,refine:4.91e-05
[scan_planner_node-4] final_plan_success=1
[scan_planner_node-4] [FSM]: from REPLAN_TRAJ to EXEC_TRAJ
[closed_loop_controller-6] [INFO] [1786010817.164774515] [closed_loop_controller]: Received trajectory 111, duration 5.760s
[scan_planner_node-4] [FSM]: from EXEC_TRAJ to REPLAN_TRAJ
[scan_planner_node-4] 
[scan_planner_node-4] [rebo replan]: -------------------------------------111
[scan_planner_node-4] start: -1.68  -8.5 0.895,     0.625 -8.32e-07  0.000927
[scan_planner_node-4] goal:2.03 -8.5  0.9,     0.75 5.38e-14        0
[scan_planner_node-4] [32miter(+1)=9,time(ms)=0.043,total_t(ms)=0.043,cost=0.006
[scan_planner_node-4] [0mfirst_optimize_step_success=1
[scan_planner_node-4] total time:[42m0.000224[0m,optimize:0.000181,refine:4.37e-05
[scan_planner_node-4] final_plan_success=1
[scan_planner_node-4] [FSM]: from REPLAN_TRAJ to EXEC_TRAJ
[closed_loop_controller-6] [INFO] [1786010817.324120657] [closed_loop_controller]: Received trajectory 112, duration 6.080s
[scan_planner_node-4] [FSM]: from EXEC_TRAJ to REPLAN_TRAJ
[scan_planner_node-4] 
[scan_planner_node-4] [rebo replan]: -------------------------------------112
[scan_planner_node-4] start: -1.58  -8.5 0.895,     0.625 -2.78e-06  0.000897
[scan_planner_node-4] goal:2.03 -8.5  0.9,     0.75 5.38e-14        0
[scan_planner_node-4] [32miter(+1)=4,time(ms)=0.015,total_t(ms)=0.015,cost=0.005
[scan_planner_node-4] [0mfirst_optimize_step_success=1
[scan_planner_node-4] total time:[42m0.000185[0m,optimize:0.000141,refine:4.41e-05
[scan_planner_node-4] final_plan_success=1
[scan_planner_node-4] [FSM]: from REPLAN_TRAJ to EXEC_TRAJ
[closed_loop_controller-6] [INFO] [1786010817.477851169] [closed_loop_controller]: Received trajectory 113, duration 5.760s
[scan_planner_node-4] [FSM]: state: EXEC_TRAJ
[scan_planner_node-4] [FSM]: from EXEC_TRAJ to REPLAN_TRAJ
[scan_planner_node-4] 
[scan_planner_node-4] [rebo replan]: -------------------------------------113
[scan_planner_node-4] start: -1.46  -8.5 0.895,     0.625 -4.06e-06  0.000868
[scan_planner_node-4] goal:2.03 -8.5  0.9,     0.75 5.38e-14        0
[scan_planner_node-4] [32miter(+1)=9,time(ms)=0.032,total_t(ms)=0.032,cost=0.008
[scan_planner_node-4] [0mfirst_optimize_step_success=1
[scan_planner_node-4] total time:[42m0.000202[0m,optimize:0.000158,refine:4.48e-05
[scan_planner_node-4] final_plan_success=1
[scan_planner_node-4] [FSM]: from REPLAN_TRAJ to EXEC_TRAJ
[closed_loop_controller-6] [INFO] [1786010817.684577030] [closed_loop_controller]: Received trajectory 114, duration 5.760s
[scan_planner_node-4] [FSM]: from EXEC_TRAJ to REPLAN_TRAJ
[scan_planner_node-4] 
[scan_planner_node-4] [rebo replan]: -------------------------------------114
[scan_planner_node-4] start: -1.33  -8.5 0.895,    0.625 -4.1e-06 0.000861
[scan_planner_node-4] goal:2.38 -8.5  0.9,      0.75 -1.08e-12         0
[scan_planner_node-4] [32miter(+1)=8,time(ms)=0.030,total_t(ms)=0.031,cost=0.006
[scan_planner_node-4] [0mfirst_optimize_step_success=1
[scan_planner_node-4] total time:[42m0.000218[0m,optimize:0.000168,refine:4.98e-05
[scan_planner_node-4] final_plan_success=1
[scan_planner_node-4] [FSM]: from REPLAN_TRAJ to EXEC_TRAJ
[closed_loop_controller-6] [INFO] [1786010817.882018013] [closed_loop_controller]: Received trajectory 115, duration 6.080s
[scan_planner_node-4] [FSM]: from EXEC_TRAJ to REPLAN_TRAJ
[scan_planner_node-4] 
[scan_planner_node-4] [rebo replan]: -------------------------------------115
[scan_planner_node-4] start:  -1.2  -8.5 0.896,     0.625 -3.35e-06  0.000829
[scan_planner_node-4] goal:2.38 -8.5  0.9,      0.75 -1.08e-12         0
[scan_planner_node-4] [32miter(+1)=5,time(ms)=0.020,total_t(ms)=0.020,cost=0.007
[scan_planner_node-4] [0mfirst_optimize_step_success=1
[scan_planner_node-4] total time:[42m0.000189[0m,optimize:0.000146,refine:4.34e-05
[scan_planner_node-4] final_plan_success=1
[scan_planner_node-4] [FSM]: from REPLAN_TRAJ to EXEC_TRAJ
[closed_loop_controller-6] [INFO] [1786010818.086749466] [closed_loop_controller]: Received trajectory 116, duration 5.760s
[scan_planner_node-4] [INFO] [1786010818.211350109] [scan_planner_node]: [MapDecay] decayed=1305 cleared=529 active_occupied=7032
[scan_planner_node-4] [FSM]: from EXEC_TRAJ to REPLAN_TRAJ
[scan_planner_node-4] 
[scan_planner_node-4] [rebo replan]: -------------------------------------116
[scan_planner_node-4] start: -1.08  -8.5 0.896,     0.625 -2.16e-06  0.000784
[scan_planner_node-4] goal:2.38 -8.5  0.9,      0.75 -1.08e-12         0
[scan_planner_node-4] [32miter(+1)=1,time(ms)=0.012,total_t(ms)=0.013,cost=0.002
[scan_planner_node-4] [0mfirst_optimize_step_success=1
[scan_planner_node-4] total time:[42m0.000212[0m,optimize:0.000171,refine:4.15e-05
[scan_planner_node-4] final_plan_success=1
[scan_planner_node-4] [FSM]: from REPLAN_TRAJ to EXEC_TRAJ
[closed_loop_controller-6] [INFO] [1786010818.293662988] [closed_loop_controller]: Received trajectory 117, duration 5.440s
[scan_planner_node-4] [FSM]: from EXEC_TRAJ to REPLAN_TRAJ
[scan_planner_node-4] 
[scan_planner_node-4] [rebo replan]: -------------------------------------117
[scan_planner_node-4] start: -0.974   -8.5  0.896,     0.625 -1.15e-06  0.000774
[scan_planner_node-4] goal:2.73 -8.5  0.9,      0.75 -7.77e-12         0
[scan_planner_node-4] [32miter(+1)=5,time(ms)=0.020,total_t(ms)=0.021,cost=0.001
[scan_planner_node-4] [0mfirst_optimize_step_success=1
[scan_planner_node-4] total time:[42m0.000217[0m,optimize:0.000168,refine:4.85e-05
[scan_planner_node-4] final_plan_success=1
[scan_planner_node-4] [FSM]: from REPLAN_TRAJ to EXEC_TRAJ
[closed_loop_controller-6] [INFO] [1786010818.456907161] [closed_loop_controller]: Received trajectory 118, duration 5.760s
[scan_planner_node-4] [FSM]: from EXEC_TRAJ to REPLAN_TRAJ
[scan_planner_node-4] 
[scan_planner_node-4] [rebo replan]: -------------------------------------118
[scan_planner_node-4] start: -0.875   -8.5  0.896,     0.625 -2.63e-07  0.000756
[scan_planner_node-4] goal:2.73 -8.5  0.9,      0.75 -7.77e-12         0
[scan_planner_node-4] [32miter(+1)=5,time(ms)=0.021,total_t(ms)=0.021,cost=0.005
[scan_planner_node-4] [0mfirst_optimize_step_success=1
[scan_planner_node-4] total time:[42m0.000208[0m,optimize:0.000159,refine:4.88e-05
[scan_planner_node-4] final_plan_success=1
[scan_planner_node-4] [FSM]: from REPLAN_TRAJ to EXEC_TRAJ
[closed_loop_controller-6] [INFO] [1786010818.614448366] [closed_loop_controller]: Received trajectory 119, duration 5.760s
[scan_planner_node-4] [FSM]: from EXEC_TRAJ to REPLAN_TRAJ
[scan_planner_node-4] [INFO] [1786010818.749181361] [scan_planner_node]: [GridMapDiag] cloud=32768 accepted=21754 invalid=11014 below_sensor=0 outside_update=0 sensor_z=1.200 cutoff_z=2.200
[scan_planner_node-4] 
[scan_planner_node-4] [rebo replan]: -------------------------------------119
[scan_planner_node-4] start: -0.789   -8.5  0.896,    0.625 3.37e-07  0.00073
[scan_planner_node-4] goal:2.73 -8.5  0.9,      0.75 -7.77e-12         0
[scan_planner_node-4] [32miter(+1)=8,time(ms)=0.034,total_t(ms)=0.035,cost=0.006
[scan_planner_node-4] [0mfirst_optimize_step_success=1
[scan_planner_node-4] total time:[42m0.000259[0m,optimize:0.000197,refine:6.2e-05
[scan_planner_node-4] final_plan_success=1
[scan_planner_node-4] [FSM]: from REPLAN_TRAJ to EXEC_TRAJ
[closed_loop_controller-6] [INFO] [1786010818.753396251] [closed_loop_controller]: Received trajectory 120, duration 5.760s
[scan_planner_node-4] [FSM]: from EXEC_TRAJ to REPLAN_TRAJ
[scan_planner_node-4] 
[scan_planner_node-4] [rebo replan]: -------------------------------------120
[scan_planner_node-4] start: -0.688   -8.5  0.896,    0.625 7.97e-07  0.00071
[scan_planner_node-4] goal:2.73 -8.5  0.9,      0.75 -7.77e-12         0
[scan_planner_node-4] [32miter(+1)=4,time(ms)=0.018,total_t(ms)=0.018,cost=0.005
[scan_planner_node-4] [0mfirst_optimize_step_success=1
[scan_planner_node-4] total time:[42m0.000179[0m,optimize:0.000137,refine:4.22e-05
[scan_planner_node-4] final_plan_success=1
[scan_planner_node-4] [FSM]: from REPLAN_TRAJ to EXEC_TRAJ
[closed_loop_controller-6] [INFO] [1786010818.916464018] [closed_loop_controller]: Received trajectory 121, duration 5.440s
[scan_planner_node-4] [FSM]: from EXEC_TRAJ to REPLAN_TRAJ
[scan_planner_node-4] 
[scan_planner_node-4] [rebo replan]: -------------------------------------121
[scan_planner_node-4] start: -0.583   -8.5  0.896,    0.625 1.01e-06 0.000703
[scan_planner_node-4] goal:3.07 -8.5  0.9,      0.75 -2.69e-11         0
[scan_planner_node-4] [32miter(+1)=4,time(ms)=0.021,total_t(ms)=0.022,cost=0.001
[scan_planner_node-4] [0mfirst_optimize_step_success=1
[scan_planner_node-4] total time:[42m0.000274[0m,optimize:0.000229,refine:4.46e-05
[scan_planner_node-4] final_plan_success=1
[scan_planner_node-4] [FSM]: from REPLAN_TRAJ to EXEC_TRAJ
[closed_loop_controller-6] [INFO] [1786010819.084317928] [closed_loop_controller]: Received trajectory 122, duration 5.760s
[scan_planner_node-4] [FSM]: from EXEC_TRAJ to REPLAN_TRAJ
[scan_planner_node-4] 
[scan_planner_node-4] [rebo replan]: -------------------------------------122
[scan_planner_node-4] start: -0.513   -8.5  0.896,    0.625 1.02e-06 0.000693
[scan_planner_node-4] goal:3.07 -8.5  0.9,      0.75 -2.69e-11         0
[scan_planner_node-4] [32miter(+1)=5,time(ms)=0.022,total_t(ms)=0.023,cost=0.006
[scan_planner_node-4] [0mfirst_optimize_step_success=1
[scan_planner_node-4] total time:[42m0.000234[0m,optimize:0.000181,refine:5.32e-05
[scan_planner_node-4] final_plan_success=1
[scan_planner_node-4] [FSM]: from REPLAN_TRAJ to EXEC_TRAJ
[closed_loop_controller-6] [INFO] [1786010819.200060272] [closed_loop_controller]: Received trajectory 123, duration 5.760s
[scan_planner_node-4] [INFO] [1786010819.244084062] [scan_planner_node]: [MapDecay] decayed=844 cleared=512 active_occupied=5996
[scan_planner_node-4] [FSM]: from EXEC_TRAJ to REPLAN_TRAJ
[scan_planner_node-4] 
[scan_planner_node-4] [rebo replan]: -------------------------------------123
[scan_planner_node-4] start: -0.413   -8.5  0.896,    0.625 9.23e-07 0.000667
[scan_planner_node-4] goal:3.25 -8.5  0.9,     0.75 3.54e-11        0
[scan_planner_node-4] [32miter(+1)=4,time(ms)=0.024,total_t(ms)=0.025,cost=0.001
[scan_planner_node-4] [0mfirst_optimize_step_success=1
[scan_planner_node-4] total time:[42m0.000355[0m,optimize:0.000277,refine:7.79e-05
[scan_planner_node-4] final_plan_success=1
[closed_loop_controller-6] [INFO] [1786010819.361670102] [closed_loop_controller]: Received trajectory 124, duration 5.760s
[scan_planner_node-4] [FSM]: from REPLAN_TRAJ to EXEC_TRAJ
[scan_planner_node-4] [FSM]: from EXEC_TRAJ to REPLAN_TRAJ
[scan_planner_node-4] 
[scan_planner_node-4] [rebo replan]: -------------------------------------124
[scan_planner_node-4] start: -0.313   -8.5  0.897,    0.625 7.16e-07 0.000636
[scan_planner_node-4] goal:3.25 -8.5  0.9,     0.75 3.54e-11        0
[scan_planner_node-4] [32miter(+1)=6,time(ms)=0.025,total_t(ms)=0.025,cost=0.006
[scan_planner_node-4] [0mfirst_optimize_step_success=1
[scan_planner_node-4] total time:[42m0.00021[0m,optimize:0.000164,refine:4.68e-05
[scan_planner_node-4] final_plan_success=1
[scan_planner_node-4] [FSM]: from REPLAN_TRAJ to EXEC_TRAJ
[closed_loop_controller-6] [INFO] [1786010819.520249077] [closed_loop_controller]: Received trajectory 125, duration 5.760s
[scan_planner_node-4] [FSM]: from EXEC_TRAJ to REPLAN_TRAJ
[scan_planner_node-4] 
[scan_planner_node-4] [rebo replan]: -------------------------------------125
[scan_planner_node-4] start: -0.219   -8.5  0.897,    0.625  4.8e-07 0.000614
[scan_planner_node-4] goal:3.25 -8.5  0.9,     0.75 3.54e-11        0
[scan_planner_node-4] [32miter(+1)=4,time(ms)=0.018,total_t(ms)=0.018,cost=0.001
[scan_planner_node-4] [0mfirst_optimize_step_success=1
[scan_planner_node-4] total time:[42m0.000182[0m,optimize:0.000139,refine:4.34e-05
[scan_planner_node-4] final_plan_success=1
[scan_planner_node-4] [FSM]: from REPLAN_TRAJ to EXEC_TRAJ
[closed_loop_controller-6] [INFO] [1786010819.670422768] [closed_loop_controller]: Received trajectory 126, duration 5.440s
[scan_planner_node-4] [FSM]: from EXEC_TRAJ to REPLAN_TRAJ
[scan_planner_node-4] 
[scan_planner_node-4] [rebo replan]: -------------------------------------126
[scan_planner_node-4] start: -0.118   -8.5  0.897,    0.625 2.26e-07 0.000603
[scan_planner_node-4] goal: 3.6 -8.5  0.9,      0.75 -7.89e-11         0
[scan_planner_node-4] [32miter(+1)=8,time(ms)=0.035,total_t(ms)=0.035,cost=0.006
[scan_planner_node-4] [0mfirst_optimize_step_success=1
[scan_planner_node-4] total time:[42m0.00023[0m,optimize:0.000181,refine:4.84e-05
[scan_planner_node-4] final_plan_success=1
[scan_planner_node-4] [FSM]: from REPLAN_TRAJ to EXEC_TRAJ
[closed_loop_controller-6] [INFO] [1786010819.832761176] [closed_loop_controller]: Received trajectory 127, duration 6.080s
[scan_planner_node-4] [FSM]: from EXEC_TRAJ to REPLAN_TRAJ
[scan_planner_node-4] 
[scan_planner_node-4] [rebo replan]: -------------------------------------127
[scan_planner_node-4] start: -0.0166    -8.5   0.897,    0.625 1.13e-08 0.000587
[scan_planner_node-4] goal: 3.6 -8.5  0.9,      0.75 -7.89e-11         0
[scan_planner_node-4] [32miter(+1)=4,time(ms)=0.028,total_t(ms)=0.029,cost=0.005
[scan_planner_node-4] [0mfirst_optimize_step_success=1
[scan_planner_node-4] total time:[42m0.000275[0m,optimize:0.000206,refine:6.94e-05
[scan_planner_node-4] final_plan_success=1
[scan_planner_node-4] [FSM]: from REPLAN_TRAJ to EXEC_TRAJ
[closed_loop_controller-6] [INFO] [1786010819.995253161] [closed_loop_controller]: Received trajectory 128, duration 5.760s
[scan_planner_node-4] [FSM]: from EXEC_TRAJ to REPLAN_TRAJ
[scan_planner_node-4] 
[scan_planner_node-4] [rebo replan]: -------------------------------------128
[scan_planner_node-4] start: 0.0871   -8.5  0.897,     0.625 -1.46e-07  0.000562
[scan_planner_node-4] goal: 3.6 -8.5  0.9,      0.75 -7.89e-11         0
[scan_planner_node-4] [32miter(+1)=8,time(ms)=0.040,total_t(ms)=0.041,cost=0.006
[scan_planner_node-4] [0mfirst_optimize_step_success=1
[scan_planner_node-4] total time:[42m0.000273[0m,optimize:0.000214,refine:5.97e-05
[scan_planner_node-4] final_plan_success=1
[scan_planner_node-4] [FSM]: from REPLAN_TRAJ to EXEC_TRAJ
[closed_loop_controller-6] [INFO] [1786010820.161284750] [closed_loop_controller]: Received trajectory 129, duration 5.760s
[scan_planner_node-4] [INFO] [1786010820.248008493] [scan_planner_node]: [MapDecay] decayed=827 cleared=194 active_occupied=6270
[scan_planner_node-4] [FSM]: from EXEC_TRAJ to REPLAN_TRAJ
[scan_planner_node-4] 
[scan_planner_node-4] [rebo replan]: -------------------------------------129
[scan_planner_node-4] start: 0.168  -8.5 0.897,     0.625 -2.23e-07   0.00055
[scan_planner_node-4] goal: 3.6 -8.5  0.9,      0.75 -7.89e-11         0
[scan_planner_node-4] [32miter(+1)=4,time(ms)=0.020,total_t(ms)=0.021,cost=0.003
[scan_planner_node-4] [0mfirst_optimize_step_success=1
[scan_planner_node-4] total time:[42m0.000213[0m,optimize:0.000154,refine:5.93e-05
[scan_planner_node-4] final_plan_success=1
[scan_planner_node-4] [FSM]: from REPLAN_TRAJ to EXEC_TRAJ
[closed_loop_controller-6] [INFO] [1786010820.291321961] [closed_loop_controller]: Received trajectory 130, duration 5.440s
[scan_planner_node-4] [FSM]: from EXEC_TRAJ to REPLAN_TRAJ
[scan_planner_node-4] 
[scan_planner_node-4] [rebo replan]: -------------------------------------130
[scan_planner_node-4] start: 0.242  -8.5 0.897,     0.625 -2.59e-07  0.000546
[scan_planner_node-4] goal:3.95 -8.5  0.9,      0.75 -1.18e-09         0
[scan_planner_node-4] [32miter(+1)=8,time(ms)=0.047,total_t(ms)=0.047,cost=0.006
[scan_planner_node-4] [0mfirst_optimize_step_success=1
[scan_planner_node-4] total time:[42m0.000296[0m,optimize:0.000226,refine:6.93e-05
[scan_planner_node-4] final_plan_success=1
[scan_planner_node-4] [FSM]: from REPLAN_TRAJ to EXEC_TRAJ
[closed_loop_controller-6] [INFO] [1786010820.412120968] [closed_loop_controller]: Received trajectory 131, duration 6.080s
[scan_planner_node-4] [FSM]: from EXEC_TRAJ to REPLAN_TRAJ
[scan_planner_node-4] 
[scan_planner_node-4] [rebo replan]: -------------------------------------131
[scan_planner_node-4] start: 0.346  -8.5 0.897,     0.625 -2.65e-07   0.00053
[scan_planner_node-4] goal:3.95 -8.5  0.9,      0.75 -1.18e-09         0
[scan_planner_node-4] [32miter(+1)=5,time(ms)=0.025,total_t(ms)=0.025,cost=0.005
[scan_planner_node-4] [0mfirst_optimize_step_success=1
[scan_planner_node-4] total time:[42m0.000259[0m,optimize:0.000206,refine:5.24e-05
[scan_planner_node-4] final_plan_success=1
[scan_planner_node-4] [FSM]: from REPLAN_TRAJ to EXEC_TRAJ
[closed_loop_controller-6] [INFO] [1786010820.579236830] [closed_loop_controller]: Received trajectory 132, duration 5.760s
[scan_planner_node-4] [FSM]: from EXEC_TRAJ to REPLAN_TRAJ
[scan_planner_node-4] 
[scan_planner_node-4] [rebo replan]: -------------------------------------132
[scan_planner_node-4] start: 0.425  -8.5 0.897,     0.625 -2.41e-07  0.000512
[scan_planner_node-4] goal:3.95 -8.5  0.9,      0.75 -1.18e-09         0
[scan_planner_node-4] [32miter(+1)=8,time(ms)=0.032,total_t(ms)=0.033,cost=0.006
[scan_planner_node-4] [0mfirst_optimize_step_success=1
[scan_planner_node-4] total time:[42m0.000221[0m,optimize:0.000173,refine:4.73e-05
[scan_planner_node-4] final_plan_success=1
[scan_planner_node-4] [FSM]: from REPLAN_TRAJ to EXEC_TRAJ
[closed_loop_controller-6] [INFO] [1786010820.704708671] [closed_loop_controller]: Received trajectory 133, duration 5.760s
[scan_planner_node-4] [INFO] [1786010820.751549078] [scan_planner_node]: [GridMapDiag] cloud=32768 accepted=22072 invalid=10696 below_sensor=0 outside_update=0 sensor_z=1.200 cutoff_z=2.200
[scan_planner_node-4] [FSM]: from EXEC_TRAJ to REPLAN_TRAJ
[scan_planner_node-4] 
[scan_planner_node-4] [rebo replan]: -------------------------------------133
[scan_planner_node-4] start: 0.503  -8.5 0.897,     0.625 -2.03e-07    0.0005
[scan_planner_node-4] goal:3.95 -8.5  0.9,      0.75 -1.18e-09         0
[scan_planner_node-4] [32miter(+1)=1,time(ms)=0.012,total_t(ms)=0.012,cost=0.002
[scan_planner_node-4] [0mfirst_optimize_step_success=1
[scan_planner_node-4] total time:[42m0.000187[0m,optimize:0.000143,refine:4.38e-05
[scan_planner_node-4] final_plan_success=1
[scan_planner_node-4] [FSM]: from REPLAN_TRAJ to EXEC_TRAJ
[closed_loop_controller-6] [INFO] [1786010820.830521038] [closed_loop_controller]: Received trajectory 134, duration 5.440s
[scan_planner_node-4] [FSM]: from EXEC_TRAJ to REPLAN_TRAJ
[scan_planner_node-4] 
[scan_planner_node-4] [rebo replan]: -------------------------------------134
[scan_planner_node-4] start: 0.608  -8.5 0.897,     0.625 -1.37e-07  0.000494
[scan_planner_node-4] goal: 4.3 -8.5  0.9,      0.75 -5.75e-09         0
[scan_planner_node-4] [32miter(+1)=5,time(ms)=0.037,total_t(ms)=0.037,cost=0.001
[scan_planner_node-4] [0mfirst_optimize_step_success=1
[scan_planner_node-4] total time:[42m0.000371[0m,optimize:0.000288,refine:8.32e-05
[scan_planner_node-4] final_plan_success=1
[closed_loop_controller-6] [INFO] [1786010820.999727619] [closed_loop_controller]: Received trajectory 135, duration 5.760s
[scan_planner_node-4] [FSM]: from REPLAN_TRAJ to EXEC_TRAJ
[scan_planner_node-4] [FSM]: from EXEC_TRAJ to REPLAN_TRAJ
[scan_planner_node-4] 
[scan_planner_node-4] [rebo replan]: -------------------------------------135
[scan_planner_node-4] start: 0.716  -8.5 0.897,     0.625 -6.53e-08  0.000479
[scan_planner_node-4] goal:4.48 -8.5  0.9,     0.75 9.82e-09        0
[scan_planner_node-4] [32miter(+1)=6,time(ms)=0.039,total_t(ms)=0.039,cost=0.007
[scan_planner_node-4] [0mfirst_optimize_step_success=1
[scan_planner_node-4] total time:[42m0.000405[0m,optimize:0.00029,refine:0.000115
[scan_planner_node-4] final_plan_success=1
[scan_planner_node-4] [FSM]: from REPLAN_TRAJ to EXEC_TRAJ
[closed_loop_controller-6] [INFO] [1786010821.171601208] [closed_loop_controller]: Received trajectory 136, duration 6.080s
[scan_planner_node-4] [INFO] [1786010821.257700395] [scan_planner_node]: [MapDecay] decayed=1148 cleared=261 active_occupied=5757
[scan_planner_node-4] [FSM]: from EXEC_TRAJ to REPLAN_TRAJ
[scan_planner_node-4] 
[scan_planner_node-4] [rebo replan]: -------------------------------------136
[scan_planner_node-4] start: 0.812  -8.5 0.897,     0.625 -8.11e-09  0.000454
[scan_planner_node-4] goal:4.48 -8.5  0.9,     0.75 9.82e-09        0
[scan_planner_node-4] [32miter(+1)=4,time(ms)=0.018,total_t(ms)=0.018,cost=0.001
[scan_planner_node-4] [0mfirst_optimize_step_success=1
[scan_planner_node-4] total time:[42m0.000194[0m,optimize:0.00015,refine:4.32e-05
[scan_planner_node-4] final_plan_success=1
[scan_planner_node-4] [FSM]: from REPLAN_TRAJ to EXEC_TRAJ
[closed_loop_controller-6] [INFO] [1786010821.326113707] [closed_loop_controller]: Received trajectory 137, duration 5.760s
[scan_planner_node-4] [FSM]: from EXEC_TRAJ to REPLAN_TRAJ
[scan_planner_node-4] 
[scan_planner_node-4] [rebo replan]: -------------------------------------137
[scan_planner_node-4] start:  0.91  -8.5 0.898,    0.625 3.62e-08 0.000433
[scan_planner_node-4] goal:4.48 -8.5  0.9,     0.75 9.82e-09        0
[scan_planner_node-4] [32miter(+1)=6,time(ms)=0.023,total_t(ms)=0.024,cost=0.006
[scan_planner_node-4] [0mfirst_optimize_step_success=1
[scan_planner_node-4] total time:[42m0.000235[0m,optimize:0.000191,refine:4.37e-05
[scan_planner_node-4] final_plan_success=1
[scan_planner_node-4] [FSM]: from REPLAN_TRAJ to EXEC_TRAJ
[closed_loop_controller-6] [INFO] [1786010821.482963338] [closed_loop_controller]: Received trajectory 138, duration 5.760s
[scan_planner_node-4] [FSM]: from EXEC_TRAJ to REPLAN_TRAJ
[scan_planner_node-4] 
[scan_planner_node-4] [rebo replan]: -------------------------------------138
[scan_planner_node-4] start:  1.01  -8.5 0.898,    0.625 6.48e-08 0.000424
[scan_planner_node-4] goal:4.48 -8.5  0.9,     0.75 9.82e-09        0
[scan_planner_node-4] [32miter(+1)=4,time(ms)=0.020,total_t(ms)=0.021,cost=0.001
[scan_planner_node-4] [0mfirst_optimize_step_success=1
[scan_planner_node-4] total time:[42m0.000186[0m,optimize:0.000142,refine:4.33e-05
[scan_planner_node-4] final_plan_success=1
[scan_planner_node-4] [FSM]: from REPLAN_TRAJ to EXEC_TRAJ
[closed_loop_controller-6] [INFO] [1786010821.640387805] [closed_loop_controller]: Received trajectory 139, duration 5.440s
[scan_planner_node-4] [FSM]: from EXEC_TRAJ to REPLAN_TRAJ
[scan_planner_node-4] 
[scan_planner_node-4] [rebo replan]: -------------------------------------139
[scan_planner_node-4] start:  1.09  -8.5 0.898,    0.625 7.59e-08 0.000423
[scan_planner_node-4] goal:4.83 -8.5  0.9,     0.75 7.15e-09        0
[scan_planner_node-4] [32miter(+1)=7,time(ms)=0.028,total_t(ms)=0.029,cost=0.006
[scan_planner_node-4] [0mfirst_optimize_step_success=1
[scan_planner_node-4] total time:[42m0.000227[0m,optimize:0.000181,refine:4.65e-05
[scan_planner_node-4] final_plan_success=1
[scan_planner_node-4] [FSM]: from REPLAN_TRAJ to EXEC_TRAJ
[closed_loop_controller-6] [INFO] [1786010821.769009044] [closed_loop_controller]: Received trajectory 140, duration 6.080s
[scan_planner_node-4] [FSM]: from EXEC_TRAJ to REPLAN_TRAJ
[scan_planner_node-4] 
[scan_planner_node-4] [rebo replan]: -------------------------------------140
[scan_planner_node-4] start:  1.16  -8.5 0.898,    0.625 7.78e-08 0.000418
[scan_planner_node-4] goal:4.83 -8.5  0.9,     0.75 7.15e-09        0
[scan_planner_node-4] [32miter(+1)=4,time(ms)=0.024,total_t(ms)=0.024,cost=0.001
[scan_planner_node-4] [0mfirst_optimize_step_success=1
[scan_planner_node-4] total time:[42m0.000272[0m,optimize:0.000217,refine:5.42e-05
[scan_planner_node-4] final_plan_success=1
[scan_planner_node-4] [FSM]: from REPLAN_TRAJ to EXEC_TRAJ
[closed_loop_controller-6] [INFO] [1786010821.882976736] [closed_loop_controller]: Received trajectory 141, duration 5.760s
[scan_planner_node-4] [FSM]: from EXEC_TRAJ to REPLAN_TRAJ
[scan_planner_node-4] 
[scan_planner_node-4] [rebo replan]: -------------------------------------141
[scan_planner_node-4] start:  1.26  -8.5 0.898,    0.625 7.01e-08 0.000403
[scan_planner_node-4] goal:4.83 -8.5  0.9,     0.75 7.15e-09        0
[scan_planner_node-4] [32miter(+1)=6,time(ms)=0.036,total_t(ms)=0.037,cost=0.006
[scan_planner_node-4] [0mfirst_optimize_step_success=1
[scan_planner_node-4] total time:[42m0.000354[0m,optimize:0.000274,refine:7.98e-05
[scan_planner_node-4] final_plan_success=1
[closed_loop_controller-6] [INFO] [1786010822.047983340] [closed_loop_controller]: Received trajectory 142, duration 5.760s
[scan_planner_node-4] [FSM]: from REPLAN_TRAJ to EXEC_TRAJ
[scan_planner_node-4] [FSM]: from EXEC_TRAJ to REPLAN_TRAJ
[scan_planner_node-4] 
[scan_planner_node-4] [rebo replan]: -------------------------------------142
[scan_planner_node-4] start:  1.37  -8.5 0.898,    0.625 5.28e-08  0.00039
[scan_planner_node-4] goal:4.83 -8.5  0.9,     0.75 7.15e-09        0
[scan_planner_node-4] [32miter(+1)=3,time(ms)=0.018,total_t(ms)=0.018,cost=0.002
[scan_planner_node-4] [0mfirst_optimize_step_success=1
[scan_planner_node-4] total time:[42m0.000176[0m,optimize:0.000135,refine:4.13e-05
[scan_planner_node-4] final_plan_success=1
[scan_planner_node-4] [FSM]: from REPLAN_TRAJ to EXEC_TRAJ
[closed_loop_controller-6] [INFO] [1786010822.221684521] [closed_loop_controller]: Received trajectory 143, duration 5.440s
[scan_planner_node-4] [INFO] [1786010822.265986745] [scan_planner_node]: [MapDecay] decayed=528 cleared=349 active_occupied=5771
[scan_planner_node-4] [FSM]: from EXEC_TRAJ to REPLAN_TRAJ
[scan_planner_node-4] 
[scan_planner_node-4] [rebo replan]: -------------------------------------143
[scan_planner_node-4] start:  1.45  -8.5 0.898,    0.625 3.61e-08 0.000385
[scan_planner_node-4] goal:5.18 -8.5  0.9,      0.75 -1.43e-07         0
[scan_planner_node-4] [32miter(+1)=8,time(ms)=0.039,total_t(ms)=0.040,cost=0.006
[scan_planner_node-4] [0mfirst_optimize_step_success=1
[scan_planner_node-4] total time:[42m0.000247[0m,optimize:0.0002,refine:4.79e-05
[scan_planner_node-4] final_plan_success=1
[scan_planner_node-4] [FSM]: from REPLAN_TRAJ to EXEC_TRAJ
[closed_loop_controller-6] [INFO] [1786010822.355189106] [closed_loop_controller]: Received trajectory 144, duration 6.080s
[scan_planner_node-4] [FSM]: from EXEC_TRAJ to REPLAN_TRAJ
[scan_planner_node-4] 
[scan_planner_node-4] [rebo replan]: -------------------------------------144
[scan_planner_node-4] start:  1.56  -8.5 0.898,    0.625 1.54e-08 0.000373
[scan_planner_node-4] goal:5.18 -8.5  0.9,      0.75 -1.43e-07         0
[scan_planner_node-4] [32miter(+1)=4,time(ms)=0.020,total_t(ms)=0.020,cost=0.005
[scan_planner_node-4] [0mfirst_optimize_step_success=1
[scan_planner_node-4] total time:[42m0.000199[0m,optimize:0.00015,refine:4.88e-05
[scan_planner_node-4] final_plan_success=1
[scan_planner_node-4] [FSM]: from REPLAN_TRAJ to EXEC_TRAJ
[closed_loop_controller-6] [INFO] [1786010822.528047185] [closed_loop_controller]: Received trajectory 145, duration 5.760s
[scan_planner_node-4] [FSM]: from EXEC_TRAJ to REPLAN_TRAJ
[scan_planner_node-4] 
[scan_planner_node-4] [rebo replan]: -------------------------------------145
[scan_planner_node-4] start:  1.66  -8.5 0.898,     0.625 -8.69e-10  0.000357
[scan_planner_node-4] goal:5.18 -8.5  0.9,      0.75 -1.43e-07         0
[scan_planner_node-4] [32miter(+1)=8,time(ms)=0.051,total_t(ms)=0.051,cost=0.006
[scan_planner_node-4] [0mfirst_optimize_step_success=1
[scan_planner_node-4] total time:[42m0.000306[0m,optimize:0.000234,refine:7.25e-05
[scan_planner_node-4] final_plan_success=1
[scan_planner_node-4] [FSM]: from REPLAN_TRAJ to EXEC_TRAJ
[closed_loop_controller-6] [INFO] [1786010822.693581554] [closed_loop_controller]: Received trajectory 146, duration 5.760s
[scan_planner_node-4] [FSM]: from EXEC_TRAJ to REPLAN_TRAJ
[scan_planner_node-4] [INFO] [1786010822.818467937] [scan_planner_node]: [GridMapDiag] cloud=32768 accepted=21961 invalid=10807 below_sensor=0 outside_update=0 sensor_z=1.200 cutoff_z=2.200
[scan_planner_node-4] 
[scan_planner_node-4] [rebo replan]: -------------------------------------146
[scan_planner_node-4] start:  1.74  -8.5 0.898,     0.625 -1.02e-08   0.00035
[scan_planner_node-4] goal:5.18 -8.5  0.9,      0.75 -1.43e-07         0
[scan_planner_node-4] [32miter(+1)=4,time(ms)=0.018,total_t(ms)=0.019,cost=0.003
[scan_planner_node-4] [0mfirst_optimize_step_success=1
[scan_planner_node-4] total time:[42m0.000188[0m,optimize:0.000135,refine:5.31e-05
[scan_planner_node-4] final_plan_success=1
[scan_planner_node-4] [FSM]: from REPLAN_TRAJ to EXEC_TRAJ
[closed_loop_controller-6] [INFO] [1786010822.819300957] [closed_loop_controller]: Received trajectory 147, duration 5.440s
[scan_planner_node-4] [FSM]: from EXEC_TRAJ to REPLAN_TRAJ
[scan_planner_node-4] 
[scan_planner_node-4] [rebo replan]: -------------------------------------147
[scan_planner_node-4] start:  1.84  -8.5 0.898,     0.625 -1.81e-08  0.000347
[scan_planner_node-4] goal:5.53 -8.5  0.9,      0.75 -1.03e-06         0
[scan_planner_node-4] [32miter(+1)=5,time(ms)=0.020,total_t(ms)=0.020,cost=0.001
[scan_planner_node-4] [0mfirst_optimize_step_success=1
[scan_planner_node-4] total time:[42m0.00022[0m,optimize:0.000175,refine:4.44e-05
[scan_planner_node-4] final_plan_success=1
[scan_planner_node-4] [FSM]: from REPLAN_TRAJ to EXEC_TRAJ
[closed_loop_controller-6] [INFO] [1786010822.981911858] [closed_loop_controller]: Received trajectory 148, duration 5.760s
[scan_planner_node-4] [FSM]: from EXEC_TRAJ to REPLAN_TRAJ
[scan_planner_node-4] [FSM]: state: REPLAN_TRAJ
[scan_planner_node-4] 
[scan_planner_node-4] [rebo replan]: -------------------------------------148
[scan_planner_node-4] start:  1.95  -8.5 0.898,     0.625 -2.13e-08  0.000339
[scan_planner_node-4] goal:5.53 -8.5  0.9,      0.75 -1.03e-06         0
[scan_planner_node-4] [32miter(+1)=5,time(ms)=0.020,total_t(ms)=0.020,cost=0.007
[scan_planner_node-4] [0mfirst_optimize_step_success=1
[scan_planner_node-4] total time:[42m0.000264[0m,optimize:0.000209,refine:5.49e-05
[scan_planner_node-4] final_plan_success=1
[scan_planner_node-4] [FSM]: from REPLAN_TRAJ to EXEC_TRAJ
[closed_loop_controller-6] [INFO] [1786010823.143997265] [closed_loop_controller]: Received trajectory 149, duration 5.760s
[scan_planner_node-4] [FSM]: from EXEC_TRAJ to REPLAN_TRAJ
[scan_planner_node-4] 
[scan_planner_node-4] [rebo replan]: -------------------------------------149
[scan_planner_node-4] start:     2  -8.5 0.898,     0.625 -2.13e-08   0.00033
[scan_planner_node-4] goal:5.53 -8.5  0.9,      0.75 -1.03e-06         0
[scan_planner_node-4] [32miter(+1)=8,time(ms)=0.030,total_t(ms)=0.030,cost=0.006
[scan_planner_node-4] [0mfirst_optimize_step_success=1
[scan_planner_node-4] total time:[42m0.000211[0m,optimize:0.000167,refine:4.38e-05
[scan_planner_node-4] final_plan_success=1
[scan_planner_node-4] [FSM]: from REPLAN_TRAJ to EXEC_TRAJ
[closed_loop_controller-6] [INFO] [1786010823.238407860] [closed_loop_controller]: Received trajectory 150, duration 5.760s
[scan_planner_node-4] [FSM]: from EXEC_TRAJ to REPLAN_TRAJ
[scan_planner_node-4] [INFO] [1786010823.367537783] [scan_planner_node]: [MapDecay] decayed=657 cleared=398 active_occupied=5775
[scan_planner_node-4] 
[scan_planner_node-4] [rebo replan]: -------------------------------------150
[scan_planner_node-4] start:  2.09  -8.5 0.898,     0.625 -1.98e-08  0.000321
[scan_planner_node-4] goal:5.53 -8.5  0.9,      0.75 -1.03e-06         0
[scan_planner_node-4] [32miter(+1)=3,time(ms)=0.014,total_t(ms)=0.015,cost=0.003
[scan_planner_node-4] [0mfirst_optimize_step_success=1
[scan_planner_node-4] total time:[42m0.000195[0m,optimize:0.000154,refine:4.08e-05
[scan_planner_node-4] final_plan_success=1
[scan_planner_node-4] [FSM]: from REPLAN_TRAJ to EXEC_TRAJ
[closed_loop_controller-6] [INFO] [1786010823.368038355] [closed_loop_controller]: Received trajectory 151, duration 5.440s
[scan_planner_node-4] [FSM]: from EXEC_TRAJ to REPLAN_TRAJ
[scan_planner_node-4] 
[scan_planner_node-4] [rebo replan]: -------------------------------------151
[scan_planner_node-4] start:  2.16  -8.5 0.898,     0.625 -1.68e-08  0.000316
[scan_planner_node-4] goal: 5.7 -8.5  0.9,    0.75 2.1e-06       0
[scan_planner_node-4] [32miter(+1)=7,time(ms)=0.043,total_t(ms)=0.043,cost=0.007
[scan_planner_node-4] [0mfirst_optimize_step_success=1
[scan_planner_node-4] total time:[42m0.000316[0m,optimize:0.000253,refine:6.33e-05
[scan_planner_node-4] final_plan_success=1
[scan_planner_node-4] [FSM]: from REPLAN_TRAJ to EXEC_TRAJ
[closed_loop_controller-6] [INFO] [1786010823.495997805] [closed_loop_controller]: Received trajectory 152, duration 5.760s
[scan_planner_node-4] [FSM]: from EXEC_TRAJ to REPLAN_TRAJ
[scan_planner_node-4] 
[scan_planner_node-4] [rebo replan]: -------------------------------------152
[scan_planner_node-4] start:  2.24  -8.5 0.898,     0.625 -1.34e-08  0.000312
[scan_planner_node-4] goal: 5.7 -8.5  0.9,    0.75 2.1e-06       0
[scan_planner_node-4] [32miter(+1)=4,time(ms)=0.026,total_t(ms)=0.026,cost=0.001
[scan_planner_node-4] [0mfirst_optimize_step_success=1
[scan_planner_node-4] total time:[42m0.000227[0m,optimize:0.000176,refine:5.15e-05
[scan_planner_node-4] final_plan_success=1
[scan_planner_node-4] [FSM]: from REPLAN_TRAJ to EXEC_TRAJ
[closed_loop_controller-6] [INFO] [1786010823.613409254] [closed_loop_controller]: Received trajectory 153, duration 5.440s
[scan_planner_node-4] [FSM]: from EXEC_TRAJ to REPLAN_TRAJ
[scan_planner_node-4] 
[scan_planner_node-4] [rebo replan]: -------------------------------------153
[scan_planner_node-4] start:  2.34  -8.5 0.898,     0.625 -8.67e-09  0.000306
[scan_planner_node-4] goal:6.05 -8.5  0.9,    0.75 4.7e-06       0
[scan_planner_node-4] [32miter(+1)=8,time(ms)=0.030,total_t(ms)=0.030,cost=0.006
[scan_planner_node-4] [0mfirst_optimize_step_success=1
[scan_planner_node-4] total time:[42m0.000225[0m,optimize:0.000182,refine:4.38e-05
[scan_planner_node-4] final_plan_success=1
[scan_planner_node-4] [FSM]: from REPLAN_TRAJ to EXEC_TRAJ
[closed_loop_controller-6] [INFO] [1786010823.768946725] [closed_loop_controller]: Received trajectory 154, duration 6.080s
[scan_planner_node-4] [FSM]: from EXEC_TRAJ to REPLAN_TRAJ
[scan_planner_node-4] 
[scan_planner_node-4] [rebo replan]: -------------------------------------154
[scan_planner_node-4] start:   2.4  -8.5 0.898,     0.625 -5.24e-09  0.000298
[scan_planner_node-4] goal:6.05 -8.5  0.9,    0.75 4.7e-06       0
[scan_planner_node-4] [32miter(+1)=1,time(ms)=0.009,total_t(ms)=0.009,cost=0.003
[scan_planner_node-4] [0mfirst_optimize_step_success=1
[scan_planner_node-4] total time:[42m0.000211[0m,optimize:0.000168,refine:4.33e-05
[scan_planner_node-4] final_plan_success=1
[scan_planner_node-4] [FSM]: from REPLAN_TRAJ to EXEC_TRAJ
[closed_loop_controller-6] [INFO] [1786010823.879545168] [closed_loop_controller]: Received trajectory 155, duration 5.760s
[scan_planner_node-4] [FSM]: from EXEC_TRAJ to REPLAN_TRAJ
[scan_planner_node-4] 
[scan_planner_node-4] [rebo replan]: -------------------------------------155
[scan_planner_node-4] start:   2.5  -8.5 0.898,     0.625 -5.59e-10  0.000285
[scan_planner_node-4] goal:6.05 -8.5  0.9,    0.75 4.7e-06       0
[scan_planner_node-4] [32miter(+1)=6,time(ms)=0.025,total_t(ms)=0.025,cost=0.007
[scan_planner_node-4] [0mfirst_optimize_step_success=1
[scan_planner_node-4] total time:[42m0.000218[0m,optimize:0.000172,refine:4.65e-05
[scan_planner_node-4] final_plan_success=1
[scan_planner_node-4] [FSM]: from REPLAN_TRAJ to EXEC_TRAJ
[closed_loop_controller-6] [INFO] [1786010824.032103373] [closed_loop_controller]: Received trajectory 156, duration 5.760s
[scan_planner_node-4] [FSM]: from EXEC_TRAJ to REPLAN_TRAJ
[scan_planner_node-4] 
[scan_planner_node-4] [rebo replan]: -------------------------------------156
[scan_planner_node-4] start:  2.58  -8.5 0.898,    0.625 2.89e-09 0.000276
[scan_planner_node-4] goal:6.05 -8.5  0.9,    0.75 4.7e-06       0
[scan_planner_node-4] [32miter(+1)=4,time(ms)=0.016,total_t(ms)=0.016,cost=0.001
[scan_planner_node-4] [0mfirst_optimize_step_success=1
[scan_planner_node-4] total time:[42m0.000198[0m,optimize:0.000159,refine:3.94e-05
[scan_planner_node-4] final_plan_success=1
[scan_planner_node-4] [FSM]: from REPLAN_TRAJ to EXEC_TRAJ
[closed_loop_controller-6] [INFO] [1786010824.157893117] [closed_loop_controller]: Received trajectory 157, duration 5.440s
[scan_planner_node-4] [FSM]: from EXEC_TRAJ to REPLAN_TRAJ
[scan_planner_node-4] 
[scan_planner_node-4] [rebo replan]: -------------------------------------157
[scan_planner_node-4] start:  2.65  -8.5 0.899,    0.625 4.58e-09 0.000271
[scan_planner_node-4] goal: 6.4 -8.5  0.9,      0.75 -1.05e-05         0
[scan_planner_node-4] [32miter(+1)=6,time(ms)=0.023,total_t(ms)=0.023,cost=0.007
[scan_planner_node-4] [0mfirst_optimize_step_success=1
[scan_planner_node-4] total time:[42m0.000219[0m,optimize:0.000172,refine:4.7e-05
[scan_planner_node-4] final_plan_success=1
[scan_planner_node-4] [FSM]: from REPLAN_TRAJ to EXEC_TRAJ
[closed_loop_controller-6] [INFO] [1786010824.274869007] [closed_loop_controller]: Received trajectory 158, duration 6.080s
[scan_planner_node-4] [FSM]: from EXEC_TRAJ to REPLAN_TRAJ
[scan_planner_node-4] 
[scan_planner_node-4] [rebo replan]: -------------------------------------158
[scan_planner_node-4] start:  2.72  -8.5 0.899,    0.625 4.44e-09 0.000266
[scan_planner_node-4] goal: 6.4 -8.5  0.9,      0.75 -1.05e-05         0
[scan_planner_node-4] [32miter(+1)=9,time(ms)=0.037,total_t(ms)=0.037,cost=0.008
[scan_planner_node-4] [0mfirst_optimize_step_success=1
[scan_planner_node-4] total time:[42m0.000223[0m,optimize:0.000176,refine:4.75e-05
[scan_planner_node-4] final_plan_success=1
[scan_planner_node-4] [FSM]: from REPLAN_TRAJ to EXEC_TRAJ
[closed_loop_controller-6] [INFO] [1786010824.387838991] [closed_loop_controller]: Received trajectory 159, duration 6.080s
[scan_planner_node-4] [INFO] [1786010824.443756688] [scan_planner_node]: [MapDecay] decayed=277 cleared=277 active_occupied=6013
[scan_planner_node-4] [FSM]: from EXEC_TRAJ to REPLAN_TRAJ
[scan_planner_node-4] 
[scan_planner_node-4] [rebo replan]: -------------------------------------159
[scan_planner_node-4] start:  2.83  -8.5 0.899,    0.625 5.14e-09 0.000254
[scan_planner_node-4] goal: 6.4 -8.5  0.9,      0.75 -1.05e-05         0
[scan_planner_node-4] [32miter(+1)=5,time(ms)=0.022,total_t(ms)=0.022,cost=0.007
[scan_planner_node-4] [0mfirst_optimize_step_success=1
[scan_planner_node-4] total time:[42m0.000213[0m,optimize:0.00017,refine:4.27e-05
[scan_planner_node-4] final_plan_success=1
[scan_planner_node-4] [FSM]: from REPLAN_TRAJ to EXEC_TRAJ
[closed_loop_controller-6] [INFO] [1786010824.559459243] [closed_loop_controller]: Received trajectory 160, duration 5.760s
[scan_planner_node-4] [FSM]: from EXEC_TRAJ to REPLAN_TRAJ
[scan_planner_node-4] 
[scan_planner_node-4] [rebo replan]: -------------------------------------160
[scan_planner_node-4] start:  2.88  -8.5 0.899,    0.625 6.34e-09  0.00025
[scan_planner_node-4] goal: 6.4 -8.5  0.9,      0.75 -1.05e-05         0
[scan_planner_node-4] [32miter(+1)=8,time(ms)=0.037,total_t(ms)=0.037,cost=0.006
[scan_planner_node-4] [0mfirst_optimize_step_success=1
[scan_planner_node-4] total time:[42m0.000267[0m,optimize:0.000212,refine:5.52e-05
[scan_planner_node-4] final_plan_success=1
[scan_planner_node-4] [FSM]: from REPLAN_TRAJ to EXEC_TRAJ
[closed_loop_controller-6] [INFO] [1786010824.645732911] [closed_loop_controller]: Received trajectory 161, duration 5.760s
[scan_planner_node-4] [FSM]: from EXEC_TRAJ to REPLAN_TRAJ
[scan_planner_node-4] 
[scan_planner_node-4] [rebo replan]: -------------------------------------161
[scan_planner_node-4] start:  2.95  -8.5 0.899,    0.625 7.59e-09 0.000246
[scan_planner_node-4] goal: 6.4 -8.5  0.9,      0.75 -1.05e-05         0
[scan_planner_node-4] [32miter(+1)=1,time(ms)=0.009,total_t(ms)=0.010,cost=0.002
[scan_planner_node-4] [0mfirst_optimize_step_success=1
[scan_planner_node-4] total time:[42m0.000182[0m,optimize:0.000141,refine:4.18e-05
[scan_planner_node-4] final_plan_success=1
[scan_planner_node-4] [FSM]: from REPLAN_TRAJ to EXEC_TRAJ
[closed_loop_controller-6] [INFO] [1786010824.758996410] [closed_loop_controller]: Received trajectory 162, duration 5.440s
[scan_planner_node-4] [FSM]: from EXEC_TRAJ to REPLAN_TRAJ
[scan_planner_node-4] [INFO] [1786010824.913852947] [scan_planner_node]: [GridMapDiag] cloud=32768 accepted=21935 invalid=10833 below_sensor=0 outside_update=0 sensor_z=1.200 cutoff_z=2.200
[scan_planner_node-4] 
[scan_planner_node-4] [rebo replan]: -------------------------------------162
[scan_planner_node-4] start:  3.05  -8.5 0.899,    0.625 9.11e-09 0.000244
[scan_planner_node-4] goal:6.75 -8.5  0.9,      0.75 -0.000157         0
[scan_planner_node-4] [32miter(+1)=5,time(ms)=0.023,total_t(ms)=0.024,cost=0.001
[scan_planner_node-4] [0mfirst_optimize_step_success=1
[scan_planner_node-4] total time:[42m0.000207[0m,optimize:0.000161,refine:4.54e-05
[scan_planner_node-4] final_plan_success=1
[scan_planner_node-4] [FSM]: from REPLAN_TRAJ to EXEC_TRAJ
[closed_loop_controller-6] [INFO] [1786010824.914648036] [closed_loop_controller]: Received trajectory 163, duration 5.760s
[scan_planner_node-4] [FSM]: from EXEC_TRAJ to REPLAN_TRAJ
[scan_planner_node-4] 
[scan_planner_node-4] [rebo replan]: -------------------------------------163
[scan_planner_node-4] start:  3.15  -8.5 0.899,    0.625  1.2e-08 0.000238
[scan_planner_node-4] goal:6.75 -8.5  0.9,      0.75 -0.000157         0
[scan_planner_node-4] [32miter(+1)=5,time(ms)=0.020,total_t(ms)=0.020,cost=0.005
[scan_planner_node-4] [0mfirst_optimize_step_success=1
[scan_planner_node-4] total time:[42m0.000228[0m,optimize:0.000174,refine:5.44e-05
[scan_planner_node-4] final_plan_success=1
[scan_planner_node-4] [FSM]: from REPLAN_TRAJ to EXEC_TRAJ
[closed_loop_controller-6] [INFO] [1786010825.075582485] [closed_loop_controller]: Received trajectory 164, duration 5.760s
[scan_planner_node-4] [FSM]: from EXEC_TRAJ to REPLAN_TRAJ
[scan_planner_node-4] 
[scan_planner_node-4] [rebo replan]: -------------------------------------164
[scan_planner_node-4] start:  3.24  -8.5 0.899,    0.625 1.64e-08 0.000229
[scan_planner_node-4] goal:6.75 -8.5  0.9,      0.75 -0.000157         0
[scan_planner_node-4] [32miter(+1)=5,time(ms)=0.024,total_t(ms)=0.024,cost=0.001
[scan_planner_node-4] [0mfirst_optimize_step_success=1
[scan_planner_node-4] total time:[42m0.000204[0m,optimize:0.000161,refine:4.3e-05
[scan_planner_node-4] final_plan_success=1
[closed_loop_controller-6] [INFO] [1786010825.229972817] [closed_loop_controller]: Received trajectory 165, duration 5.440s
[scan_planner_node-4] [FSM]: from REPLAN_TRAJ to EXEC_TRAJ
[scan_planner_node-4] [FSM]: from EXEC_TRAJ to REPLAN_TRAJ
[scan_planner_node-4] 
[scan_planner_node-4] [rebo replan]: -------------------------------------165
[scan_planner_node-4] start:  3.35  -8.5 0.899,    0.625 1.81e-08 0.000223
[scan_planner_node-4] goal: 7.1 -8.5  0.9,      0.75 -0.000764         0
[scan_planner_node-4] [32miter(+1)=6,time(ms)=0.026,total_t(ms)=0.027,cost=0.007
[scan_planner_node-4] [0mfirst_optimize_step_success=1
[scan_planner_node-4] total time:[42m0.000215[0m,optimize:0.000168,refine:4.62e-05
[scan_planner_node-4] final_plan_success=1
[scan_planner_node-4] [FSM]: from REPLAN_TRAJ to EXEC_TRAJ
[closed_loop_controller-6] [INFO] [1786010825.391810288] [closed_loop_controller]: Received trajectory 166, duration 6.080s
[scan_planner_node-4] [INFO] [1786010825.443576051] [scan_planner_node]: [MapDecay] decayed=369 cleared=235 active_occupied=6027
[scan_planner_node-4] [FSM]: from EXEC_TRAJ to REPLAN_TRAJ
[scan_planner_node-4] 
[scan_planner_node-4] [rebo replan]: -------------------------------------166
[scan_planner_node-4] start:  3.45  -8.5 0.899,    0.625  9.8e-09 0.000215
[scan_planner_node-4] goal: 7.1 -8.5  0.9,      0.75 -0.000764         0
[scan_planner_node-4] [32miter(+1)=1,time(ms)=0.009,total_t(ms)=0.009,cost=0.002
[scan_planner_node-4] [0mfirst_optimize_step_success=1
[scan_planner_node-4] total time:[42m0.000198[0m,optimize:0.000154,refine:4.39e-05
[scan_planner_node-4] final_plan_success=1
[scan_planner_node-4] [FSM]: from REPLAN_TRAJ to EXEC_TRAJ
[closed_loop_controller-6] [INFO] [1786010825.558951753] [closed_loop_controller]: Received trajectory 167, duration 5.760s
[scan_planner_node-4] [FSM]: from EXEC_TRAJ to REPLAN_TRAJ
[scan_planner_node-4] 
[scan_planner_node-4] [rebo replan]: -------------------------------------167
[scan_planner_node-4] start:   3.5  -8.5 0.899,     0.625 -1.92e-11  0.000209
[scan_planner_node-4] goal: 7.1 -8.5  0.9,      0.75 -0.000764         0
[scan_planner_node-4] [32miter(+1)=5,time(ms)=0.021,total_t(ms)=0.021,cost=0.005
[scan_planner_node-4] [0mfirst_optimize_step_success=1
[scan_planner_node-4] total time:[42m0.000245[0m,optimize:0.000183,refine:6.15e-05
[scan_planner_node-4] final_plan_success=1
[scan_planner_node-4] [FSM]: from REPLAN_TRAJ to EXEC_TRAJ
[closed_loop_controller-6] [INFO] [1786010825.645020979] [closed_loop_controller]: Received trajectory 168, duration 5.760s
[scan_planner_node-4] [FSM]: from EXEC_TRAJ to REPLAN_TRAJ
[scan_planner_node-4] 
[scan_planner_node-4] [rebo replan]: -------------------------------------168
[scan_planner_node-4] start:  3.58  -8.5 0.899,     0.625 -2.29e-08  0.000204
[scan_planner_node-4] goal: 7.1 -8.5  0.9,      0.75 -0.000764         0
[scan_planner_node-4] [32miter(+1)=7,time(ms)=0.031,total_t(ms)=0.031,cost=0.008
[scan_planner_node-4] [0mfirst_optimize_step_success=1
[scan_planner_node-4] total time:[42m0.00027[0m,optimize:0.000218,refine:5.27e-05
[scan_planner_node-4] final_plan_success=1
[scan_planner_node-4] [FSM]: from REPLAN_TRAJ to EXEC_TRAJ
[closed_loop_controller-6] [INFO] [1786010825.760379622] [closed_loop_controller]: Received trajectory 169, duration 5.760s
[scan_planner_node-4] [FSM]: from EXEC_TRAJ to REPLAN_TRAJ
[scan_planner_node-4] 
[scan_planner_node-4] [rebo replan]: -------------------------------------169
[scan_planner_node-4] start:  3.67  -8.5 0.899,     0.625 -2.54e-08    0.0002
[scan_planner_node-4] goal: 7.1 -8.5  0.9,      0.75 -0.000764         0
[scan_planner_node-4] [32miter(+1)=4,time(ms)=0.019,total_t(ms)=0.019,cost=0.004
[scan_planner_node-4] [0mfirst_optimize_step_success=1
[scan_planner_node-4] total time:[42m0.000169[0m,optimize:0.000128,refine:4.12e-05
[scan_planner_node-4] final_plan_success=1
[scan_planner_node-4] [FSM]: from REPLAN_TRAJ to EXEC_TRAJ
[closed_loop_controller-6] [INFO] [1786010825.916643794] [closed_loop_controller]: Received trajectory 170, duration 5.440s
[scan_planner_node-4] [FSM]: from EXEC_TRAJ to REPLAN_TRAJ
[scan_planner_node-4] 
[scan_planner_node-4] [rebo replan]: -------------------------------------170
[scan_planner_node-4] start:  3.77  -8.5 0.899,    0.625 3.28e-08   0.0002
[scan_planner_node-4] goal:7.28 -8.5  0.9,  0.749 0.0013      0
[scan_planner_node-4] [32miter(+1)=8,time(ms)=0.041,total_t(ms)=0.042,cost=0.007
[scan_planner_node-4] [0mfirst_optimize_step_success=1
[scan_planner_node-4] total time:[42m0.000243[0m,optimize:0.000198,refine:4.49e-05
[scan_planner_node-4] final_plan_success=1
[scan_planner_node-4] [FSM]: from REPLAN_TRAJ to EXEC_TRAJ
[closed_loop_controller-6] [INFO] [1786010826.078608068] [closed_loop_controller]: Received trajectory 171, duration 5.760s
[scan_planner_node-4] [FSM]: from EXEC_TRAJ to REPLAN_TRAJ
[scan_planner_node-4] 
[scan_planner_node-4] [rebo replan]: -------------------------------------171
[scan_planner_node-4] start:  3.87  -8.5 0.899,    0.625 2.83e-08 0.000198
[scan_planner_node-4] goal:7.63 -8.5  0.9,    0.749 0.000949        0
[scan_planner_node-4] [32miter(+1)=6,time(ms)=0.027,total_t(ms)=0.027,cost=0.007
[scan_planner_node-4] [0mfirst_optimize_step_success=1
[scan_planner_node-4] total time:[42m0.000212[0m,optimize:0.000166,refine:4.63e-05
[scan_planner_node-4] final_plan_success=1
[scan_planner_node-4] [FSM]: from REPLAN_TRAJ to EXEC_TRAJ
[closed_loop_controller-6] [INFO] [1786010826.236590789] [closed_loop_controller]: Received trajectory 172, duration 6.080s
[scan_planner_node-4] [FSM]: from EXEC_TRAJ to REPLAN_TRAJ
[scan_planner_node-4] 
[scan_planner_node-4] [rebo replan]: -------------------------------------172
[scan_planner_node-4] start:  3.95  -8.5 0.899,     0.625 -2.43e-09  0.000191
[scan_planner_node-4] goal:7.63 -8.5  0.9,    0.749 0.000949        0
[scan_planner_node-4] [32miter(+1)=4,time(ms)=0.017,total_t(ms)=0.018,cost=0.001
[scan_planner_node-4] [0mfirst_optimize_step_success=1
[scan_planner_node-4] total time:[42m0.000194[0m,optimize:0.00015,refine:4.35e-05
[scan_planner_node-4] final_plan_success=1
[scan_planner_node-4] [FSM]: from REPLAN_TRAJ to EXEC_TRAJ
[closed_loop_controller-6] [INFO] [1786010826.367490838] [closed_loop_controller]: Received trajectory 173, duration 5.760s
[scan_planner_node-4] [INFO] [1786010826.443669415] [scan_planner_node]: [MapDecay] decayed=343 cleared=243 active_occupied=6253
[scan_planner_node-4] [FSM]: from EXEC_TRAJ to REPLAN_TRAJ
[scan_planner_node-4] 
[scan_planner_node-4] [rebo replan]: -------------------------------------173
[scan_planner_node-4] start:  4.03  -8.5 0.899,    0.625 1.18e-07 0.000183
[scan_planner_node-4] goal:7.63 -8.5  0.9,    0.749 0.000949        0
[scan_planner_node-4] [32miter(+1)=5,time(ms)=0.022,total_t(ms)=0.022,cost=0.005
[scan_planner_node-4] [0mfirst_optimize_step_success=1
[scan_planner_node-4] total time:[42m0.000204[0m,optimize:0.000161,refine:4.37e-05
[scan_planner_node-4] final_plan_success=1
[scan_planner_node-4] [FSM]: from REPLAN_TRAJ to EXEC_TRAJ
[closed_loop_controller-6] [INFO] [1786010826.484958998] [closed_loop_controller]: Received trajectory 174, duration 5.760s
[scan_planner_node-4] [FSM]: from EXEC_TRAJ to REPLAN_TRAJ
[scan_planner_node-4] 
[scan_planner_node-4] [rebo replan]: -------------------------------------174
[scan_planner_node-4] start:  4.14  -8.5 0.899,    0.625 7.97e-07 0.000175
[scan_planner_node-4] goal:7.63 -8.5  0.9,    0.749 0.000949        0
[scan_planner_node-4] [32miter(+1)=5,time(ms)=0.021,total_t(ms)=0.022,cost=0.001
[scan_planner_node-4] [0mfirst_optimize_step_success=1
[scan_planner_node-4] total time:[42m0.000206[0m,optimize:0.000164,refine:4.22e-05
[scan_planner_node-4] final_plan_success=1
[scan_planner_node-4] [FSM]: from REPLAN_TRAJ to EXEC_TRAJ
[closed_loop_controller-6] [INFO] [1786010826.665946966] [closed_loop_controller]: Received trajectory 175, duration 5.440s
[scan_planner_node-4] [FSM]: from EXEC_TRAJ to REPLAN_TRAJ
[scan_planner_node-4] 
[scan_planner_node-4] [rebo replan]: -------------------------------------175
[scan_planner_node-4] start:  4.22  -8.5 0.899,    0.625 1.14e-06 0.000172
[scan_planner_node-4] goal:7.98 -8.5  0.9,    0.75 -0.0186       0
[scan_planner_node-4] [32miter(+1)=6,time(ms)=0.047,total_t(ms)=0.048,cost=0.007
[scan_planner_node-4] [0mfirst_optimize_step_success=1
[scan_planner_node-4] total time:[42m0.000429[0m,optimize:0.000341,refine:8.85e-05
[scan_planner_node-4] final_plan_success=1
[scan_planner_node-4] [FSM]: from REPLAN_TRAJ to EXEC_TRAJ
[closed_loop_controller-6] [INFO] [1786010826.800786650] [closed_loop_controller]: Received trajectory 176, duration 6.080s
[scan_planner_node-4] [FSM]: from EXEC_TRAJ to REPLAN_TRAJ
[scan_planner_node-4] [INFO] [1786010826.927241038] [scan_planner_node]: [GridMapDiag] cloud=32768 accepted=21813 invalid=10955 below_sensor=0 outside_update=0 sensor_z=1.200 cutoff_z=2.200
[scan_planner_node-4] 
[scan_planner_node-4] [rebo replan]: -------------------------------------176
[scan_planner_node-4] start:  4.31  -8.5 0.899,    0.625 3.12e-07 0.000168
[scan_planner_node-4] goal:7.98 -8.5  0.9,    0.75 -0.0186       0
[scan_planner_node-4] [32miter(+1)=4,time(ms)=0.022,total_t(ms)=0.022,cost=0.001
[scan_planner_node-4] [0mfirst_optimize_step_success=1
[scan_planner_node-4] total time:[42m0.000228[0m,optimize:0.000157,refine:7.04e-05
[scan_planner_node-4] final_plan_success=1
[scan_planner_node-4] [FSM]: from REPLAN_TRAJ to EXEC_TRAJ
[closed_loop_controller-6] [INFO] [1786010826.928075073] [closed_loop_controller]: Received trajectory 177, duration 5.760s
[scan_planner_node-4] [FSM]: from EXEC_TRAJ to REPLAN_TRAJ
[scan_planner_node-4] 
[scan_planner_node-4] [rebo replan]: -------------------------------------177
[scan_planner_node-4] start:  4.41  -8.5 0.899,     0.625 -2.05e-06  0.000162
[scan_planner_node-4] goal:7.98 -8.5  0.9,    0.75 -0.0186       0
[scan_planner_node-4] [32miter(+1)=5,time(ms)=0.021,total_t(ms)=0.021,cost=0.007
[scan_planner_node-4] [0mfirst_optimize_step_success=1
[scan_planner_node-4] total time:[42m0.000232[0m,optimize:0.000178,refine:5.38e-05
[scan_planner_node-4] final_plan_success=1
[scan_planner_node-4] [FSM]: from REPLAN_TRAJ to EXEC_TRAJ
[closed_loop_controller-6] [INFO] [1786010827.090611440] [closed_loop_controller]: Received trajectory 178, duration 5.760s
[scan_planner_node-4] [FSM]: from EXEC_TRAJ to REPLAN_TRAJ
[scan_planner_node-4] 
[scan_planner_node-4] [rebo replan]: -------------------------------------178
[scan_planner_node-4] start:  4.54  -8.5 0.899,    0.625 -3.4e-06 0.000157
[scan_planner_node-4] goal:7.98 -8.5  0.9,    0.75 -0.0186       0
[scan_planner_node-4] [32miter(+1)=1,time(ms)=0.016,total_t(ms)=0.016,cost=0.003
[scan_planner_node-4] [0mfirst_optimize_step_success=1
[scan_planner_node-4] total time:[42m0.000262[0m,optimize:0.000199,refine:6.34e-05
[scan_planner_node-4] final_plan_success=1
[scan_planner_node-4] [FSM]: from REPLAN_TRAJ to EXEC_TRAJ
[closed_loop_controller-6] [INFO] [1786010827.297456161] [closed_loop_controller]: Received trajectory 179, duration 5.440s
[scan_planner_node-4] [FSM]: from EXEC_TRAJ to REPLAN_TRAJ
[scan_planner_node-4] 
[scan_planner_node-4] [rebo replan]: -------------------------------------179
[scan_planner_node-4] start:  4.61  -8.5 0.899,     0.625 -2.17e-06  0.000156
[scan_planner_node-4] goal:8.33 -8.5  0.9,  0.74 -0.12     0
[scan_planner_node-4] [32miter(+1)=7,time(ms)=0.031,total_t(ms)=0.039,cost=0.010
[scan_planner_node-4] [0mfirst_optimize_step_success=1
[scan_planner_node-4] total time:[42m0.000224[0m,optimize:0.000178,refine:4.61e-05
[scan_planner_node-4] final_plan_success=1
[scan_planner_node-4] [FSM]: from REPLAN_TRAJ to EXEC_TRAJ
[closed_loop_controller-6] [INFO] [1786010827.419141243] [closed_loop_controller]: Received trajectory 180, duration 6.080s
[scan_planner_node-4] [INFO] [1786010827.461857794] [scan_planner_node]: [MapDecay] decayed=466 cleared=159 active_occupied=7022
[scan_planner_node-4] [FSM]: from EXEC_TRAJ to REPLAN_TRAJ
[scan_planner_node-4] 
[scan_planner_node-4] [rebo replan]: -------------------------------------180
[scan_planner_node-4] start:  4.72  -8.5 0.899,    0.625 1.73e-06 0.000151
[scan_planner_node-4] goal:8.33 -8.5  0.9,  0.74 -0.12     0
[scan_planner_node-4] [32miter(+1)=4,time(ms)=0.018,total_t(ms)=0.019,cost=0.008
[scan_planner_node-4] [0mfirst_optimize_step_success=1
[scan_planner_node-4] total time:[42m0.000242[0m,optimize:0.000195,refine:4.75e-05
[scan_planner_node-4] final_plan_success=1
[scan_planner_node-4] [FSM]: from REPLAN_TRAJ to EXEC_TRAJ
[closed_loop_controller-6] [INFO] [1786010827.587362551] [closed_loop_controller]: Received trajectory 181, duration 5.760s
[scan_planner_node-4] [FSM]: from EXEC_TRAJ to REPLAN_TRAJ
[scan_planner_node-4] 
[scan_planner_node-4] [rebo replan]: -------------------------------------181
[scan_planner_node-4] start:  4.83  -8.5 0.899,    0.625 6.02e-06 0.000144
[scan_planner_node-4] goal:8.33 -8.5  0.9,  0.74 -0.12     0
[scan_planner_node-4] [32miter(+1)=8,time(ms)=0.035,total_t(ms)=0.036,cost=0.008
[scan_planner_node-4] [0mfirst_optimize_step_success=1
[scan_planner_node-4] total time:[42m0.00022[0m,optimize:0.000168,refine:5.15e-05
[scan_planner_node-4] final_plan_success=1
[scan_planner_node-4] [FSM]: from REPLAN_TRAJ to EXEC_TRAJ
[closed_loop_controller-6] [INFO] [1786010827.776591762] [closed_loop_controller]: Received trajectory 182, duration 5.760s
[scan_planner_node-4] [FSM]: from EXEC_TRAJ to REPLAN_TRAJ
[scan_planner_node-4] 
[scan_planner_node-4] [rebo replan]: -------------------------------------182
[scan_planner_node-4] start:  4.95  -8.5 0.899,    0.625 2.17e-05  0.00014
[scan_planner_node-4] goal: 8.5 -8.5  0.9, 0.375 0.375     0
[scan_planner_node-4] [32miter(+1)=14,time(ms)=0.065,total_t(ms)=0.065,cost=0.019
[scan_planner_node-4] [0mfirst_optimize_step_success=1
[scan_planner_node-4] total time:[42m0.000318[0m,optimize:0.000249,refine:6.87e-05
[scan_planner_node-4] final_plan_success=1
[scan_planner_node-4] [FSM]: from REPLAN_TRAJ to EXEC_TRAJ
[closed_loop_controller-6] [INFO] [1786010827.966197749] [closed_loop_controller]: Received trajectory 183, duration 5.760s
[scan_planner_node-4] [FSM]: from EXEC_TRAJ to REPLAN_TRAJ
[scan_planner_node-4] 
[scan_planner_node-4] [rebo replan]: -------------------------------------183
[scan_planner_node-4] start:  5.09  -8.5 0.899,    0.625 0.000675 0.000137
[scan_planner_node-4] goal: 8.5 -8.5  0.9, 0.375 0.375     0
[scan_planner_node-4] [32miter(+1)=7,time(ms)=0.033,total_t(ms)=0.033,cost=0.010
[scan_planner_node-4] [0mfirst_optimize_step_success=1
[scan_planner_node-4] total time:[42m0.000286[0m,optimize:0.000235,refine:5.13e-05
[scan_planner_node-4] final_plan_success=1
[scan_planner_node-4] [FSM]: from REPLAN_TRAJ to EXEC_TRAJ
[closed_loop_controller-6] [INFO] [1786010828.181709901] [closed_loop_controller]: Received trajectory 184, duration 5.760s
[scan_planner_node-4] [FSM]: from EXEC_TRAJ to REPLAN_TRAJ
[scan_planner_node-4] 
[scan_planner_node-4] [rebo replan]: -------------------------------------184
[scan_planner_node-4] start:  5.15  -8.5 0.899,    0.625  0.00109 0.000135
[scan_planner_node-4] goal:  8.5 -8.15   0.9, 0.058 0.691     0
[scan_planner_node-4] [32miter(+1)=9,time(ms)=0.053,total_t(ms)=0.054,cost=0.015
[scan_planner_node-4] [0mfirst_optimize_step_success=1
[scan_planner_node-4] total time:[42m0.000343[0m,optimize:0.000289,refine:5.44e-05
[scan_planner_node-4] final_plan_success=1
[scan_planner_node-4] [FSM]: from REPLAN_TRAJ to EXEC_TRAJ
[closed_loop_controller-6] [INFO] [1786010828.286295528] [closed_loop_controller]: Received trajectory 185, duration 6.080s
[scan_planner_node-4] [FSM]: from EXEC_TRAJ to REPLAN_TRAJ
[scan_planner_node-4] 
[scan_planner_node-4] [rebo replan]: -------------------------------------185
[scan_planner_node-4] start:  5.24  -8.5 0.899,    0.625 0.000742 0.000131
[scan_planner_node-4] goal:  8.5 -8.15   0.9, 0.058 0.691     0
[scan_planner_node-4] [32miter(+1)=9,time(ms)=0.046,total_t(ms)=0.047,cost=0.027
[scan_planner_node-4] [0mfirst_optimize_step_success=1
[scan_planner_node-4] total time:[42m0.000259[0m,optimize:0.000209,refine:4.94e-05
[scan_planner_node-4] final_plan_success=1
[scan_planner_node-4] [FSM]: from REPLAN_TRAJ to EXEC_TRAJ
[closed_loop_controller-6] [INFO] [1786010828.423703336] [closed_loop_controller]: Received trajectory 186, duration 5.760s
[scan_planner_node-4] [INFO] [1786010828.477920582] [scan_planner_node]: [MapDecay] decayed=1816 cleared=432 active_occupied=5720
[scan_planner_node-4] [FSM]: state: EXEC_TRAJ
[scan_planner_node-4] [FSM]: from EXEC_TRAJ to REPLAN_TRAJ
[scan_planner_node-4] 
[scan_planner_node-4] [rebo replan]: -------------------------------------186
[scan_planner_node-4] start:  5.33  -8.5 0.899,     0.625 -0.000159  0.000125
[scan_planner_node-4] goal:  8.5 -8.15   0.9, 0.058 0.691     0
[scan_planner_node-4] [32miter(+1)=17,time(ms)=0.088,total_t(ms)=0.088,cost=0.033
[scan_planner_node-4] [0mfirst_optimize_step_success=1
[scan_planner_node-4] total time:[42m0.000278[0m,optimize:0.000229,refine:4.84e-05
[scan_planner_node-4] final_plan_success=1
[scan_planner_node-4] [FSM]: from REPLAN_TRAJ to EXEC_TRAJ
[closed_loop_controller-6] [INFO] [1786010828.570872394] [closed_loop_controller]: Received trajectory 187, duration 5.440s
[scan_planner_node-4] [FSM]: from EXEC_TRAJ to REPLAN_TRAJ
[scan_planner_node-4] 
[scan_planner_node-4] [rebo replan]: -------------------------------------187
[scan_planner_node-4] start:   5.4  -8.5 0.899,     0.625 -0.000327  0.000123
[scan_planner_node-4] goal:  8.5 -8.15   0.9, 0.058 0.691     0
[scan_planner_node-4] [32miter(+1)=7,time(ms)=0.032,total_t(ms)=0.032,cost=0.033
[scan_planner_node-4] [0mfirst_optimize_step_success=1
[scan_planner_node-4] Need to reallocate time.
[scan_planner_node-4] total time:[42m0.000477[0m,optimize:0.000221,refine:0.000256
[scan_planner_node-4] final_plan_success=1
[scan_planner_node-4] [FSM]: from REPLAN_TRAJ to EXEC_TRAJ
[closed_loop_controller-6] [INFO] [1786010828.682559225] [closed_loop_controller]: Received trajectory 188, duration 6.484s
[scan_planner_node-4] [FSM]: from EXEC_TRAJ to REPLAN_TRAJ
[scan_planner_node-4] 
[scan_planner_node-4] [rebo replan]: -------------------------------------188
[scan_planner_node-4] start:  5.49  -8.5 0.899,     0.621 -0.000598  0.000121
[scan_planner_node-4] goal: 8.5 -7.8  0.9, 0 0 0
[scan_planner_node-4] [32miter(+1)=24,time(ms)=0.145,total_t(ms)=0.145,cost=0.020
[scan_planner_node-4] [0mfirst_optimize_step_success=1
[scan_planner_node-4] total time:[42m0.000409[0m,optimize:0.000338,refine:7.19e-05
[scan_planner_node-4] final_plan_success=1
[scan_planner_node-4] [FSM]: from REPLAN_TRAJ to EXEC_TRAJ
[closed_loop_controller-6] [INFO] [1786010828.832595052] [closed_loop_controller]: Received trajectory 189, duration 6.080s
[scan_planner_node-4] [FSM]: from EXEC_TRAJ to REPLAN_TRAJ
[scan_planner_node-4] 
[scan_planner_node-4] [rebo replan]: -------------------------------------189
[scan_planner_node-4] start:   5.6  -8.5 0.899,    0.614 0.000339 0.000116
[scan_planner_node-4] goal: 8.5 -7.8  0.9, 0 0 0
[scan_planner_node-4] [32miter(+1)=25,time(ms)=0.199,total_t(ms)=0.200,cost=0.018
[scan_planner_node-4] [0mfirst_optimize_step_success=1
[scan_planner_node-4] total time:[42m0.000494[0m,optimize:0.000416,refine:7.74e-05
[scan_planner_node-4] final_plan_success=1
[scan_planner_node-4] [FSM]: from REPLAN_TRAJ to EXEC_TRAJ
[closed_loop_controller-6] [INFO] [1786010829.002713974] [closed_loop_controller]: Received trajectory 190, duration 5.440s
[scan_planner_node-4] [INFO] [1786010829.056250269] [scan_planner_node]: [GridMapDiag] cloud=32768 accepted=21871 invalid=10897 below_sensor=0 outside_update=0 sensor_z=1.200 cutoff_z=2.200
[scan_planner_node-4] [FSM]: from EXEC_TRAJ to REPLAN_TRAJ
[scan_planner_node-4] 
[scan_planner_node-4] [rebo replan]: -------------------------------------190
[scan_planner_node-4] start:  5.67  -8.5 0.899,    0.613  0.00155 0.000114
[scan_planner_node-4] goal: 8.5 -7.8  0.9, 0 0 0
[scan_planner_node-4] [32miter(+1)=23,time(ms)=0.152,total_t(ms)=0.152,cost=0.029
[scan_planner_node-4] [0mfirst_optimize_step_success=1
[scan_planner_node-4] total time:[42m0.000393[0m,optimize:0.000314,refine:7.94e-05
[scan_planner_node-4] final_plan_success=1
[scan_planner_node-4] [FSM]: from REPLAN_TRAJ to EXEC_TRAJ
[closed_loop_controller-6] [INFO] [1786010829.119987361] [closed_loop_controller]: Received trajectory 191, duration 5.120s
[scan_planner_node-4] [FSM]: from EXEC_TRAJ to REPLAN_TRAJ
[scan_planner_node-4] 
[scan_planner_node-4] [rebo replan]: -------------------------------------191
[scan_planner_node-4] start:  5.79  -8.5 0.899,    0.615  0.00481 0.000117
[scan_planner_node-4] goal:  8.5 -7.52   0.9, 0 0 0
[scan_planner_node-4] [32miter(+1)=20,time(ms)=0.109,total_t(ms)=0.109,cost=0.026
[scan_planner_node-4] [0mfirst_optimize_step_success=1
[scan_planner_node-4] total time:[42m0.000346[0m,optimize:0.000288,refine:5.78e-05
[scan_planner_node-4] final_plan_success=1
[scan_planner_node-4] [FSM]: from REPLAN_TRAJ to EXEC_TRAJ
[closed_loop_controller-6] [INFO] [1786010829.321531918] [closed_loop_controller]: Received trajectory 192, duration 5.440s
[scan_planner_node-4] [FSM]: from EXEC_TRAJ to REPLAN_TRAJ
[scan_planner_node-4] 
[scan_planner_node-4] [rebo replan]: -------------------------------------192
[scan_planner_node-4] start:   5.9  -8.5 0.899,    0.618   0.0138 0.000118
[scan_planner_node-4] goal:  8.5 -7.52   0.9, 0 0 0
[scan_planner_node-4] [32miter(+1)=23,time(ms)=0.168,total_t(ms)=0.169,cost=0.027
[scan_planner_node-4] [0mfirst_optimize_step_success=1
[scan_planner_node-4] total time:[42m0.000461[0m,optimize:0.00039,refine:7.13e-05
[scan_planner_node-4] final_plan_success=1
[scan_planner_node-4] [FSM]: from REPLAN_TRAJ to EXEC_TRAJ
[closed_loop_controller-6] [INFO] [1786010829.497297572] [closed_loop_controller]: Received trajectory 193, duration 5.120s
[scan_planner_node-4] [INFO] [1786010829.597720281] [scan_planner_node]: [MapDecay] decayed=614 cleared=316 active_occupied=7822
[scan_planner_node-4] [FSM]: from EXEC_TRAJ to REPLAN_TRAJ
[scan_planner_node-4] 
[scan_planner_node-4] [rebo replan]: -------------------------------------193
[scan_planner_node-4] start:  6.01 -8.49 0.899,    0.622   0.0167 0.000117
[scan_planner_node-4] goal: 8.5 -7.5  0.9, 0 0 0
[scan_planner_node-4] [32miter(+1)=23,time(ms)=0.165,total_t(ms)=0.165,cost=0.029
[scan_planner_node-4] [0mfirst_optimize_step_success=1
[scan_planner_node-4] total time:[42m0.000424[0m,optimize:0.000346,refine:7.86e-05
[scan_planner_node-4] final_plan_success=1
[scan_planner_node-4] [FSM]: from REPLAN_TRAJ to EXEC_TRAJ
[closed_loop_controller-6] [INFO] [1786010829.663743862] [closed_loop_controller]: Received trajectory 194, duration 4.800s
[scan_planner_node-4] [FSM]: from EXEC_TRAJ to REPLAN_TRAJ
[scan_planner_node-4] 
[scan_planner_node-4] [rebo replan]: -------------------------------------194
[scan_planner_node-4] start:  6.11 -8.49 0.899,    0.618  0.00691 0.000116
[scan_planner_node-4] goal: 8.5 -7.5  0.9, 0 0 0
[scan_planner_node-4] [32miter(+1)=16,time(ms)=0.117,total_t(ms)=0.117,cost=0.035
[scan_planner_node-4] [0mfirst_optimize_step_success=1
[scan_planner_node-4] total time:[42m0.000423[0m,optimize:0.000348,refine:7.56e-05
[scan_planner_node-4] final_plan_success=1
[scan_planner_node-4] [FSM]: from REPLAN_TRAJ to EXEC_TRAJ
[closed_loop_controller-6] [INFO] [1786010829.837153331] [closed_loop_controller]: Received trajectory 195, duration 4.800s
[scan_planner_node-4] [FSM]: from EXEC_TRAJ to REPLAN_TRAJ
[scan_planner_node-4] 
[scan_planner_node-4] [rebo replan]: -------------------------------------195
[scan_planner_node-4] start:   6.2 -8.49 0.899,    0.611 -0.00811 0.000115
[scan_planner_node-4] goal: 8.5 -7.5  0.9, 0 0 0
[scan_planner_node-4] [32miter(+1)=22,time(ms)=0.193,total_t(ms)=0.193,cost=0.032
[scan_planner_node-4] [0mfirst_optimize_step_success=1
[scan_planner_node-4] total time:[42m0.000499[0m,optimize:0.000417,refine:8.21e-05
[scan_planner_node-4] final_plan_success=1
[scan_planner_node-4] [FSM]: from REPLAN_TRAJ to EXEC_TRAJ
[closed_loop_controller-6] [INFO] [1786010829.982445193] [closed_loop_controller]: Received trajectory 196, duration 4.480s
[scan_planner_node-4] [FSM]: from EXEC_TRAJ to REPLAN_TRAJ
[scan_planner_node-4] 
[scan_planner_node-4] [rebo replan]: -------------------------------------196
[scan_planner_node-4] start: 6.35 -8.5  0.9,    0.599   -0.046 0.000117
[scan_planner_node-4] goal: 8.5 -7.5  0.9, 0 0 0
[scan_planner_node-4] [32miter(+1)=28,time(ms)=0.206,total_t(ms)=0.206,cost=0.028
[scan_planner_node-4] [0mfirst_optimize_step_success=1
[scan_planner_node-4] total time:[42m0.000475[0m,optimize:0.000414,refine:6.11e-05
[scan_planner_node-4] final_plan_success=1
[scan_planner_node-4] [FSM]: from REPLAN_TRAJ to EXEC_TRAJ
[closed_loop_controller-6] [INFO] [1786010830.220825498] [closed_loop_controller]: Received trajectory 197, duration 4.160s
[scan_planner_node-4] [FSM]: from EXEC_TRAJ to REPLAN_TRAJ
[scan_planner_node-4] 
[scan_planner_node-4] [rebo replan]: -------------------------------------197
[scan_planner_node-4] start:  6.43 -8.51   0.9,    0.599  -0.0749 0.000117
[scan_planner_node-4] goal: 8.5 -7.5  0.9, 0 0 0
[scan_planner_node-4] [32miter(+1)=24,time(ms)=0.181,total_t(ms)=0.181,cost=0.025
[scan_planner_node-4] [0mfirst_optimize_step_success=1
[scan_planner_node-4] total time:[42m0.000443[0m,optimize:0.000375,refine:6.79e-05
[scan_planner_node-4] final_plan_success=1
[scan_planner_node-4] [FSM]: from REPLAN_TRAJ to EXEC_TRAJ
[closed_loop_controller-6] [INFO] [1786010830.362047512] [closed_loop_controller]: Received trajectory 198, duration 4.160s
[scan_planner_node-4] [FSM]: from EXEC_TRAJ to REPLAN_TRAJ
[scan_planner_node-4] 
[scan_planner_node-4] [rebo replan]: -------------------------------------198
[scan_planner_node-4] start:  6.57 -8.53   0.9,    0.619   -0.104 0.000118
[scan_planner_node-4] goal: 8.5 -7.5  0.9, 0 0 0
[scan_planner_node-4] [32miter(+1)=25,time(ms)=0.117,total_t(ms)=0.117,cost=0.022
[scan_planner_node-4] [0mfirst_optimize_step_success=1
[scan_planner_node-4] total time:[42m0.000339[0m,optimize:0.00028,refine:5.93e-05
[scan_planner_node-4] final_plan_success=1
[scan_planner_node-4] [FSM]: from REPLAN_TRAJ to EXEC_TRAJ
[closed_loop_controller-6] [INFO] [1786010830.589865140] [closed_loop_controller]: Received trajectory 199, duration 3.840s
[scan_planner_node-4] [FSM]: from EXEC_TRAJ to REPLAN_TRAJ
[scan_planner_node-4] 
[scan_planner_node-4] [rebo replan]: -------------------------------------199
[scan_planner_node-4] start:  6.66 -8.54   0.9,     0.63    -0.11 0.000118
[scan_planner_node-4] goal: 8.5 -7.5  0.9, 0 0 0
[scan_planner_node-4] [32miter(+1)=16,time(ms)=0.070,total_t(ms)=0.070,cost=0.036
[scan_planner_node-4] [0mfirst_optimize_step_success=1
[scan_planner_node-4] total time:[42m0.000235[0m,optimize:0.000193,refine:4.22e-05
[scan_planner_node-4] final_plan_success=1
[scan_planner_node-4] [FSM]: from REPLAN_TRAJ to EXEC_TRAJ
[closed_loop_controller-6] [INFO] [1786010830.728571143] [closed_loop_controller]: Received trajectory 200, duration 3.840s
[scan_planner_node-4] [INFO] [1786010830.838754570] [scan_planner_node]: [MapDecay] decayed=1503 cleared=527 active_occupied=7962
[scan_planner_node-4] [FSM]: from EXEC_TRAJ to REPLAN_TRAJ
[scan_planner_node-4] 
[scan_planner_node-4] [rebo replan]: -------------------------------------200
[scan_planner_node-4] start:  6.79 -8.57   0.9,    0.634   -0.105 0.000119
[scan_planner_node-4] goal: 8.5 -7.5  0.9, 0 0 0
[scan_planner_node-4] [32miter(+1)=25,time(ms)=0.108,total_t(ms)=0.109,cost=0.019
[scan_planner_node-4] [0mfirst_optimize_step_success=1
[scan_planner_node-4] total time:[42m0.000304[0m,optimize:0.000265,refine:3.92e-05
[scan_planner_node-4] final_plan_success=1
[scan_planner_node-4] [FSM]: from REPLAN_TRAJ to EXEC_TRAJ
[closed_loop_controller-6] [INFO] [1786010830.938946292] [closed_loop_controller]: Received trajectory 201, duration 3.520s
[scan_planner_node-4] [FSM]: from EXEC_TRAJ to REPLAN_TRAJ
[scan_planner_node-4] 
[scan_planner_node-4] [rebo replan]: -------------------------------------201
[scan_planner_node-4] start:  6.88 -8.58   0.9,    0.626  -0.0863 0.000119
[scan_planner_node-4] goal: 8.5 -7.5  0.9, 0 0 0
[scan_planner_node-4] [32miter(+1)=21,time(ms)=0.145,total_t(ms)=0.145,cost=0.016
[scan_planner_node-4] [0mfirst_optimize_step_success=1
[scan_planner_node-4] total time:[42m0.000355[0m,optimize:0.000304,refine:5.07e-05
[scan_planner_node-4] final_plan_success=1
[scan_planner_node-4] [FSM]: from REPLAN_TRAJ to EXEC_TRAJ
[closed_loop_controller-6] [INFO] [1786010831.091345617] [closed_loop_controller]: Received trajectory 202, duration 3.520s
[scan_planner_node-4] [INFO] [1786010831.156710288] [scan_planner_node]: [GridMapDiag] cloud=32768 accepted=22798 invalid=9970 below_sensor=0 outside_update=0 sensor_z=1.200 cutoff_z=2.200
[scan_planner_node-4] [FSM]: from EXEC_TRAJ to REPLAN_TRAJ
[scan_planner_node-4] 
[scan_planner_node-4] [rebo replan]: -------------------------------------202
[scan_planner_node-4] start: 6.98 -8.6  0.9,   0.612 -0.0606 0.00012
[scan_planner_node-4] goal: 8.5 -7.5  0.9, 0 0 0
[scan_planner_node-4] [32miter(+1)=24,time(ms)=0.126,total_t(ms)=0.126,cost=0.026
[scan_planner_node-4] [0mfirst_optimize_step_success=1
[scan_planner_node-4] total time:[42m0.000328[0m,optimize:0.000283,refine:4.48e-05
[scan_planner_node-4] final_plan_success=1
[scan_planner_node-4] [FSM]: from REPLAN_TRAJ to EXEC_TRAJ
[closed_loop_controller-6] [INFO] [1786010831.247778729] [closed_loop_controller]: Received trajectory 203, duration 3.200s
[scan_planner_node-4] [FSM]: from EXEC_TRAJ to REPLAN_TRAJ
[scan_planner_node-4] 
[scan_planner_node-4] [rebo replan]: -------------------------------------203
[scan_planner_node-4] start: 7.07 -8.6  0.9,   0.591 -0.0237 0.00012
[scan_planner_node-4] goal: 8.5 -7.5  0.9, 0 0 0
[scan_planner_node-4] [32miter(+1)=18,time(ms)=0.101,total_t(ms)=0.101,cost=0.021
[scan_planner_node-4] [0mfirst_optimize_step_success=1
[scan_planner_node-4] total time:[42m0.000317[0m,optimize:0.000263,refine:5.42e-05
[scan_planner_node-4] final_plan_success=1
[scan_planner_node-4] [FSM]: from REPLAN_TRAJ to EXEC_TRAJ
[closed_loop_controller-6] [INFO] [1786010831.400259993] [closed_loop_controller]: Received trajectory 204, duration 3.200s
[scan_planner_node-4] [FSM]: from EXEC_TRAJ to REPLAN_TRAJ
[scan_planner_node-4] 
[scan_planner_node-4] [rebo replan]: -------------------------------------204
[scan_planner_node-4] start: 7.17 -8.6  0.9,    0.565   0.0214 0.000119
[scan_planner_node-4] goal: 8.5 -7.5  0.9, 0 0 0
[scan_planner_node-4] [32miter(+1)=25,time(ms)=0.083,total_t(ms)=0.083,cost=0.022
[scan_planner_node-4] [0mfirst_optimize_step_success=1
[scan_planner_node-4] total time:[42m0.000246[0m,optimize:0.000217,refine:2.93e-05
[scan_planner_node-4] final_plan_success=1
[scan_planner_node-4] [FSM]: from REPLAN_TRAJ to EXEC_TRAJ
[closed_loop_controller-6] [INFO] [1786010831.550783368] [closed_loop_controller]: Received trajectory 205, duration 2.880s
[scan_planner_node-4] [FSM]: from EXEC_TRAJ to REPLAN_TRAJ
[scan_planner_node-4] 
[scan_planner_node-4] [rebo replan]: -------------------------------------205
[scan_planner_node-4] start:  7.25 -8.59   0.9,    0.548   0.0744 0.000119
[scan_planner_node-4] goal: 8.5 -7.5  0.9, 0 0 0
[scan_planner_node-4] [32miter(+1)=17,time(ms)=0.055,total_t(ms)=0.056,cost=0.033
[scan_planner_node-4] [0mfirst_optimize_step_success=1
[scan_planner_node-4] total time:[42m0.000203[0m,optimize:0.000176,refine:2.7e-05
[scan_planner_node-4] final_plan_success=1
[scan_planner_node-4] [FSM]: from REPLAN_TRAJ to EXEC_TRAJ
[closed_loop_controller-6] [INFO] [1786010831.689688682] [closed_loop_controller]: Received trajectory 206, duration 2.880s
[scan_planner_node-4] [FSM]: from EXEC_TRAJ to REPLAN_TRAJ
[scan_planner_node-4] 
[scan_planner_node-4] [rebo replan]: -------------------------------------206
[scan_planner_node-4] start:  7.33 -8.58   0.9,    0.535     0.13 0.000119
[scan_planner_node-4] goal: 8.5 -7.5  0.9, 0 0 0
[scan_planner_node-4] [32miter(+1)=20,time(ms)=0.057,total_t(ms)=0.058,cost=0.032
[scan_planner_node-4] [0mfirst_optimize_step_success=1
[scan_planner_node-4] total time:[42m0.000166[0m,optimize:0.000143,refine:2.37e-05
[scan_planner_node-4] final_plan_success=1
[scan_planner_node-4] [FSM]: from REPLAN_TRAJ to EXEC_TRAJ
[closed_loop_controller-6] [INFO] [1786010831.820219642] [closed_loop_controller]: Received trajectory 207, duration 2.560s
[scan_planner_node-4] [INFO] [1786010831.868477440] [scan_planner_node]: [MapDecay] decayed=1268 cleared=542 active_occupied=7601
[scan_planner_node-4] [FSM]: from EXEC_TRAJ to REPLAN_TRAJ
[scan_planner_node-4] 
[scan_planner_node-4] [rebo replan]: -------------------------------------207
[scan_planner_node-4] start:  7.42 -8.54   0.9,    0.526    0.212 0.000118
[scan_planner_node-4] goal: 8.5 -7.5  0.9, 0 0 0
[scan_planner_node-4] [32miter(+1)=19,time(ms)=0.051,total_t(ms)=0.051,cost=0.016
[scan_planner_node-4] [0mfirst_optimize_step_success=1
[scan_planner_node-4] total time:[42m0.000144[0m,optimize:0.000121,refine:2.22e-05
[scan_planner_node-4] final_plan_success=1
[scan_planner_node-4] [FSM]: from REPLAN_TRAJ to EXEC_TRAJ
[closed_loop_controller-6] [INFO] [1786010831.989875256] [closed_loop_controller]: Received trajectory 208, duration 2.560s
[scan_planner_node-4] [FSM]: from EXEC_TRAJ to REPLAN_TRAJ
[scan_planner_node-4] 
[scan_planner_node-4] [rebo replan]: -------------------------------------208
[scan_planner_node-4] start: 7.51 -8.5  0.9,    0.531    0.309 0.000118
[scan_planner_node-4] goal: 8.5 -7.5  0.9, 0 0 0
[scan_planner_node-4] [32miter(+1)=18,time(ms)=0.044,total_t(ms)=0.044,cost=0.028
[scan_planner_node-4] [0mfirst_optimize_step_success=1
[scan_planner_node-4] total time:[42m0.000128[0m,optimize:0.000106,refine:2.19e-05
[scan_planner_node-4] final_plan_success=1
[scan_planner_node-4] [FSM]: from REPLAN_TRAJ to EXEC_TRAJ
[closed_loop_controller-6] [INFO] [1786010832.158946244] [closed_loop_controller]: Received trajectory 209, duration 2.240s
[scan_planner_node-4] [FSM]: from EXEC_TRAJ to REPLAN_TRAJ
[scan_planner_node-4] 
[scan_planner_node-4] [rebo replan]: -------------------------------------209
[scan_planner_node-4] start:  7.58 -8.45   0.9,    0.542    0.384 0.000118
[scan_planner_node-4] goal: 8.5 -7.5  0.9, 0 0 0
[scan_planner_node-4] [32miter(+1)=14,time(ms)=0.036,total_t(ms)=0.036,cost=0.016
[scan_planner_node-4] [0mfirst_optimize_step_success=1
[scan_planner_node-4] total time:[42m0.00012[0m,optimize:9.99e-05,refine:2.05e-05
[scan_planner_node-4] final_plan_success=1
[scan_planner_node-4] [FSM]: from REPLAN_TRAJ to EXEC_TRAJ
[closed_loop_controller-6] [INFO] [1786010832.288379075] [closed_loop_controller]: Received trajectory 210, duration 2.240s
[scan_planner_node-4] [FSM]: from EXEC_TRAJ to REPLAN_TRAJ
[scan_planner_node-4] 
[scan_planner_node-4] [rebo replan]: -------------------------------------210
[scan_planner_node-4] start:  7.64 -8.41   0.9,    0.557    0.454 0.000118
[scan_planner_node-4] goal: 8.5 -7.5  0.9, 0 0 0
[scan_planner_node-4] [32miter(+1)=14,time(ms)=0.033,total_t(ms)=0.033,cost=0.011
[scan_planner_node-4] [0mfirst_optimize_step_success=1
[scan_planner_node-4] total time:[42m0.000112[0m,optimize:9.14e-05,refine:2.09e-05
[scan_planner_node-4] final_plan_success=1
[scan_planner_node-4] [FSM]: from REPLAN_TRAJ to EXEC_TRAJ
[closed_loop_controller-6] [INFO] [1786010832.412908326] [closed_loop_controller]: Received trajectory 211, duration 2.240s
[scan_planner_node-4] [FSM]: from EXEC_TRAJ to REPLAN_TRAJ
[scan_planner_node-4] 
[scan_planner_node-4] [rebo replan]: -------------------------------------211
[scan_planner_node-4] start:  7.72 -8.34   0.9,    0.575    0.532 0.000118
[scan_planner_node-4] goal: 8.5 -7.5  0.9, 0 0 0
[scan_planner_node-4] [32miter(+1)=12,time(ms)=0.024,total_t(ms)=0.025,cost=0.025
[scan_planner_node-4] [0mfirst_optimize_step_success=1
[scan_planner_node-4] total time:[42m9.62e-05[0m,optimize:7.69e-05,refine:1.93e-05
[scan_planner_node-4] final_plan_success=1
[scan_planner_node-4] [FSM]: from REPLAN_TRAJ to EXEC_TRAJ
[closed_loop_controller-6] [INFO] [1786010832.567950899] [closed_loop_controller]: Received trajectory 212, duration 1.920s
[scan_planner_node-4] [FSM]: from EXEC_TRAJ to REPLAN_TRAJ
[scan_planner_node-4] 
[scan_planner_node-4] [rebo replan]: -------------------------------------212
[scan_planner_node-4] start:  7.78 -8.28   0.9,    0.587    0.581 0.000118
[scan_planner_node-4] goal: 8.5 -7.5  0.9, 0 0 0
[scan_planner_node-4] [32miter(+1)=14,time(ms)=0.037,total_t(ms)=0.037,cost=0.017
[scan_planner_node-4] [0mfirst_optimize_step_success=1
[scan_planner_node-4] total time:[42m0.000126[0m,optimize:9.99e-05,refine:2.64e-05
[scan_planner_node-4] final_plan_success=1
[scan_planner_node-4] [FSM]: from REPLAN_TRAJ to EXEC_TRAJ
[closed_loop_controller-6] [INFO] [1786010832.689530153] [closed_loop_controller]: Received trajectory 213, duration 1.920s
[scan_planner_node-4] [FSM]: from EXEC_TRAJ to REPLAN_TRAJ
[scan_planner_node-4] 
[scan_planner_node-4] [rebo replan]: -------------------------------------213
[scan_planner_node-4] start:  7.83 -8.23   0.9,    0.596     0.62 0.000118
[scan_planner_node-4] goal: 8.5 -7.5  0.9, 0 0 0
[scan_planner_node-4] [32miter(+1)=19,time(ms)=0.045,total_t(ms)=0.046,cost=0.005
[scan_planner_node-4] [0mfirst_optimize_step_success=1
[scan_planner_node-4] total time:[42m0.000128[0m,optimize:0.000106,refine:2.17e-05
[scan_planner_node-4] final_plan_success=1
[scan_planner_node-4] [FSM]: from REPLAN_TRAJ to EXEC_TRAJ
[closed_loop_controller-6] [INFO] [1786010832.807279747] [closed_loop_controller]: Received trajectory 214, duration 2.560s
[scan_planner_node-4] [FSM]: from EXEC_TRAJ to REPLAN_TRAJ
[scan_planner_node-4] [INFO] [1786010832.960785164] [scan_planner_node]: [MapDecay] decayed=611 cleared=313 active_occupied=6757
[scan_planner_node-4] 
[scan_planner_node-4] [rebo replan]: -------------------------------------214
[scan_planner_node-4] start:   7.9 -8.16   0.9,    0.592    0.643 0.000108
[scan_planner_node-4] goal: 8.5 -7.5  0.9, 0 0 0
[scan_planner_node-4] [32miter(+1)=12,time(ms)=0.027,total_t(ms)=0.027,cost=0.004
[scan_planner_node-4] [0mfirst_optimize_step_success=1
[scan_planner_node-4] total time:[42m9.95e-05[0m,optimize:7.99e-05,refine:1.96e-05
[scan_planner_node-4] final_plan_success=1
[scan_planner_node-4] [FSM]: from REPLAN_TRAJ to EXEC_TRAJ
[closed_loop_controller-6] [INFO] [1786010832.961156129] [closed_loop_controller]: Received trajectory 215, duration 2.240s
[scan_planner_node-4] [FSM]: from EXEC_TRAJ to REPLAN_TRAJ
[scan_planner_node-4] 
[scan_planner_node-4] [rebo replan]: -------------------------------------215
[scan_planner_node-4] start:  7.93 -8.12   0.9,    0.573    0.638 9.59e-05
[scan_planner_node-4] goal: 8.5 -7.5  0.9, 0 0 0
[scan_planner_node-4] [32miter(+1)=14,time(ms)=0.031,total_t(ms)=0.031,cost=0.002
[scan_planner_node-4] [0mfirst_optimize_step_success=1
[scan_planner_node-4] total time:[42m0.000107[0m,optimize:8.68e-05,refine:1.99e-05
[scan_planner_node-4] final_plan_success=1
[scan_planner_node-4] [FSM]: from REPLAN_TRAJ to EXEC_TRAJ
[closed_loop_controller-6] [INFO] [1786010833.070032695] [closed_loop_controller]: Received trajectory 216, duration 2.240s
[scan_planner_node-4] [FSM]: from EXEC_TRAJ to REPLAN_TRAJ
[scan_planner_node-4] 
[scan_planner_node-4] [rebo replan]: -------------------------------------216
[scan_planner_node-4] start:  7.96 -8.08   0.9,    0.548    0.623 8.68e-05
[scan_planner_node-4] goal: 8.5 -7.5  0.9, 0 0 0
[scan_planner_node-4] [32miter(+1)=12,time(ms)=0.026,total_t(ms)=0.026,cost=0.003
[scan_planner_node-4] [0mfirst_optimize_step_success=1
[scan_planner_node-4] total time:[42m9.72e-05[0m,optimize:7.69e-05,refine:2.03e-05
[scan_planner_node-4] final_plan_success=1
[scan_planner_node-4] [FSM]: from REPLAN_TRAJ to EXEC_TRAJ
[closed_loop_controller-6] [INFO] [1786010833.176817298] [closed_loop_controller]: Received trajectory 217, duration 1.920s
[scan_planner_node-4] [INFO] [1786010833.265032378] [scan_planner_node]: [GridMapDiag] cloud=32768 accepted=22285 invalid=10483 below_sensor=0 outside_update=0 sensor_z=1.200 cutoff_z=2.200
[scan_planner_node-4] [FSM]: from EXEC_TRAJ to REPLAN_TRAJ
[scan_planner_node-4] 
[scan_planner_node-4] [rebo replan]: -------------------------------------217
[scan_planner_node-4] start:  8.02 -8.02   0.9,    0.511    0.592 7.95e-05
[scan_planner_node-4] goal: 8.5 -7.5  0.9, 0 0 0
[scan_planner_node-4] [32miter(+1)=17,time(ms)=0.058,total_t(ms)=0.059,cost=0.002
[scan_planner_node-4] [0mfirst_optimize_step_success=1
[scan_planner_node-4] total time:[42m0.00015[0m,optimize:0.000122,refine:2.82e-05
[scan_planner_node-4] final_plan_success=1
[scan_planner_node-4] [FSM]: from REPLAN_TRAJ to EXEC_TRAJ
[closed_loop_controller-6] [INFO] [1786010833.331366027] [closed_loop_controller]: Received trajectory 218, duration 2.560s
[scan_planner_node-4] [FSM]: from EXEC_TRAJ to REPLAN_TRAJ
[scan_planner_node-4] 
[scan_planner_node-4] [rebo replan]: -------------------------------------218
[scan_planner_node-4] start:  8.07 -7.97   0.9,    0.469    0.549 7.18e-05
[scan_planner_node-4] goal: 8.5 -7.5  0.9, 0 0 0
[scan_planner_node-4] [32miter(+1)=14,time(ms)=0.054,total_t(ms)=0.054,cost=0.001
[scan_planner_node-4] [0mfirst_optimize_step_success=1
[scan_planner_node-4] total time:[42m0.000156[0m,optimize:0.000125,refine:3.04e-05
[scan_planner_node-4] final_plan_success=1
[scan_planner_node-4] [FSM]: from REPLAN_TRAJ to EXEC_TRAJ
[closed_loop_controller-6] [INFO] [1786010833.477103957] [closed_loop_controller]: Received trajectory 219, duration 2.240s
[scan_planner_node-4] [FSM]: from EXEC_TRAJ to REPLAN_TRAJ
[scan_planner_node-4] 
[scan_planner_node-4] [rebo replan]: -------------------------------------219
[scan_planner_node-4] start:  8.11 -7.92   0.9,    0.421      0.5 6.27e-05
[scan_planner_node-4] goal: 8.5 -7.5  0.9, 0 0 0
[scan_planner_node-4] [32miter(+1)=13,time(ms)=0.029,total_t(ms)=0.029,cost=0.001
[scan_planner_node-4] [0mfirst_optimize_step_success=1
[scan_planner_node-4] total time:[42m9.87e-05[0m,optimize:7.88e-05,refine:1.99e-05
[scan_planner_node-4] final_plan_success=1
[scan_planner_node-4] [FSM]: from REPLAN_TRAJ to EXEC_TRAJ
[closed_loop_controller-6] [INFO] [1786010833.624539756] [closed_loop_controller]: Received trajectory 220, duration 2.240s
[scan_planner_node-4] [FSM]: from EXEC_TRAJ to REPLAN_TRAJ
[scan_planner_node-4] 
[scan_planner_node-4] [rebo replan]: -------------------------------------220
[scan_planner_node-4] start:  8.15 -7.87   0.9,    0.374    0.448 5.79e-05
[scan_planner_node-4] goal: 8.5 -7.5  0.9, 0 0 0
[scan_planner_node-4] [32miter(+1)=9,time(ms)=0.027,total_t(ms)=0.027,cost=0.002
[scan_planner_node-4] [0mfirst_optimize_step_success=1
[scan_planner_node-4] total time:[42m0.000108[0m,optimize:8.4e-05,refine:2.39e-05
[scan_planner_node-4] final_plan_success=1
[scan_planner_node-4] [FSM]: from REPLAN_TRAJ to EXEC_TRAJ
[closed_loop_controller-6] [INFO] [1786010833.777434212] [closed_loop_controller]: Received trajectory 221, duration 1.920s
[scan_planner_node-4] [FSM]: from EXEC_TRAJ to REPLAN_TRAJ
[scan_planner_node-4] 
[scan_planner_node-4] [rebo replan]: -------------------------------------221
[scan_planner_node-4] start:  8.19 -7.82   0.9,     0.33    0.395 5.78e-05
[scan_planner_node-4] goal: 8.5 -7.5  0.9, 0 0 0
[scan_planner_node-4] [32miter(+1)=8,time(ms)=0.038,total_t(ms)=0.039,cost=0.015
[scan_planner_node-4] [0mfirst_optimize_step_success=1
[scan_planner_node-4] total time:[42m0.000157[0m,optimize:0.000124,refine:3.28e-05
[scan_planner_node-4] final_plan_success=1
[scan_planner_node-4] [FSM]: from REPLAN_TRAJ to EXEC_TRAJ
[closed_loop_controller-6] [INFO] [1786010833.939041274] [closed_loop_controller]: Received trajectory 222, duration 2.560s
[scan_planner_node-4] [INFO] [1786010833.985082565] [scan_planner_node]: [MapDecay] decayed=1131 cleared=508 active_occupied=8329
[terrain_path_visualizer-10] [INFO] [1786010834.003315554] [terrain_path_segmenter]: Visualization advanced to segment 3/8
[scan_planner_node-4] [FSM]: from EXEC_TRAJ to REPLAN_TRAJ
[scan_planner_node-4] [INFO] [1786010834.093496154] [scan_planner_node]: [MapRefresh] Cleared occupancy and inflation for a new reference path; observation_sequence=208
[scan_planner_node-4] [INFO] [1786010834.093566122] [scan_planner_node]: [MapRefresh] Deferred reference path until 2 fresh map observations have been fused (target_sequence=210)
[scan_planner_node-4] [INFO] [1786010834.269459273] [scan_planner_node]: [MapRefresh] Fresh map ready at observation_sequence=210; accepting deferred reference path
[scan_planner_node-4] [INFO] [1786010834.270763041] [scan_planner_node]: Reference path accepted
[scan_planner_node-4] 
[scan_planner_node-4] [rebo replan]: -------------------------------------222
[scan_planner_node-4] start:  8.26 -7.73   0.9,      0.2    0.246 4.21e-05
[scan_planner_node-4] goal: 8.5 -5.5  0.4, 0 0 0
[scan_planner_node-4] [32miter(+1)=11,time(ms)=0.036,total_t(ms)=0.037,cost=0.026
[scan_planner_node-4] [0mfirst_optimize_step_success=1
[scan_planner_node-4] total time:[42m0.00019[0m,optimize:0.000156,refine:3.37e-05
[scan_planner_node-4] final_plan_success=1
[scan_planner_node-4] [FSM]: from REPLAN_TRAJ to EXEC_TRAJ
[closed_loop_controller-6] [INFO] [1786010834.271244249] [closed_loop_controller]: Received trajectory 223, duration 4.480s
[scan_planner_node-4] [FSM]: from EXEC_TRAJ to REPLAN_TRAJ
[scan_planner_node-4] 
[scan_planner_node-4] [rebo replan]: -------------------------------------223
[scan_planner_node-4] start:  8.29  -7.7 0.894,   0.135   0.185 -0.0103
[scan_planner_node-4] goal: 8.5 -5.5  0.4, 0 0 0
[scan_planner_node-4] [32miter(+1)=16,time(ms)=0.047,total_t(ms)=0.047,cost=0.118
[scan_planner_node-4] [0mfirst_optimize_step_success=1
[scan_planner_node-4] Need to reallocate time.
[scan_planner_node-4] total time:[42m0.000263[0m,optimize:0.000129,refine:0.000134
[scan_planner_node-4] final_plan_success=1
[scan_planner_node-4] [FSM]: from REPLAN_TRAJ to EXEC_TRAJ
[closed_loop_controller-6] [INFO] [1786010834.415665500] [closed_loop_controller]: Received trajectory 224, duration 4.666s
[scan_planner_node-4] [FSM]: from EXEC_TRAJ to REPLAN_TRAJ
[scan_planner_node-4] 
[scan_planner_node-4] [rebo replan]: -------------------------------------224
[scan_planner_node-4] start:   8.3 -7.64 0.879,  0.0832   0.159 -0.0401
[scan_planner_node-4] goal: 8.5 -5.5  0.4, 0 0 0
[scan_planner_node-4] [32miter(+1)=17,time(ms)=0.057,total_t(ms)=0.057,cost=0.065
[scan_planner_node-4] [0mfirst_optimize_step_success=1
[scan_planner_node-4] Need to reallocate time.
[scan_planner_node-4] total time:[42m0.000309[0m,optimize:0.000156,refine:0.000153
[scan_planner_node-4] final_plan_success=1
[scan_planner_node-4] [FSM]: from REPLAN_TRAJ to EXEC_TRAJ
[closed_loop_controller-6] [INFO] [1786010834.561462386] [closed_loop_controller]: Received trajectory 225, duration 4.568s
[scan_planner_node-4] [FSM]: from EXEC_TRAJ to REPLAN_TRAJ
[scan_planner_node-4] 
[scan_planner_node-4] [rebo replan]: -------------------------------------225
[scan_planner_node-4] start:  8.31 -7.58 0.865,  0.0457    0.16 -0.0782
[scan_planner_node-4] goal: 8.5 -5.5  0.4, 0 0 0
[scan_planner_node-4] [32miter(+1)=14,time(ms)=0.042,total_t(ms)=0.042,cost=0.129
[scan_planner_node-4] [0mfirst_optimize_step_success=1
[scan_planner_node-4] Need to reallocate time.
[scan_planner_node-4] total time:[42m0.000261[0m,optimize:0.000143,refine:0.000118
[scan_planner_node-4] final_plan_success=1
[scan_planner_node-4] [FSM]: from REPLAN_TRAJ to EXEC_TRAJ
[closed_loop_controller-6] [INFO] [1786010834.705446879] [closed_loop_controller]: Received trajectory 226, duration 4.505s
[scan_planner_node-4] [FSM]: from EXEC_TRAJ to REPLAN_TRAJ
[scan_planner_node-4] 
[scan_planner_node-4] [rebo replan]: -------------------------------------226
[scan_planner_node-4] start:  8.32 -7.52 0.851, 0.0223  0.177 -0.105
[scan_planner_node-4] goal: 8.5 -5.5  0.4, 0 0 0
[scan_planner_node-4] [32miter(+1)=15,time(ms)=0.042,total_t(ms)=0.043,cost=0.086
[scan_planner_node-4] [0mfirst_optimize_step_success=1
[scan_planner_node-4] Need to reallocate time.
[scan_planner_node-4] total time:[42m0.000236[0m,optimize:0.000118,refine:0.000118
[scan_planner_node-4] final_plan_success=1
[scan_planner_node-4] [FSM]: from REPLAN_TRAJ to EXEC_TRAJ
[closed_loop_controller-6] [INFO] [1786010834.831337731] [closed_loop_controller]: Received trajectory 227, duration 4.375s
[scan_planner_node-4] [FSM]: from EXEC_TRAJ to REPLAN_TRAJ
[scan_planner_node-4] [FSM]: state: REPLAN_TRAJ
[scan_planner_node-4] 
[scan_planner_node-4] [rebo replan]: -------------------------------------227
[scan_planner_node-4] start:  8.32 -7.46 0.838, 0.00681   0.198  -0.121
[scan_planner_node-4] goal: 8.5 -5.5  0.4, 0 0 0
[scan_planner_node-4] [32miter(+1)=14,time(ms)=0.040,total_t(ms)=0.040,cost=0.059
[scan_planner_node-4] [0mfirst_optimize_step_success=1
[scan_planner_node-4] Need to reallocate time.
[scan_planner_node-4] total time:[42m0.000264[0m,optimize:0.000136,refine:0.000129
[scan_planner_node-4] final_plan_success=1
[scan_planner_node-4] [FSM]: from REPLAN_TRAJ to EXEC_TRAJ
[closed_loop_controller-6] [INFO] [1786010834.948022780] [closed_loop_controller]: Received trajectory 228, duration 4.251s
[scan_planner_node-4] [FSM]: from EXEC_TRAJ to REPLAN_TRAJ
[scan_planner_node-4] [INFO] [1786010835.042937402] [scan_planner_node]: [MapDecay] decayed=982 cleared=146 active_occupied=6378
[scan_planner_node-4] 
[scan_planner_node-4] [rebo replan]: -------------------------------------228
[scan_planner_node-4] start:  8.32 -7.41 0.827, -0.00219    0.219   -0.129
[scan_planner_node-4] goal: 8.5 -5.5  0.4, 0 0 0
[scan_planner_node-4] [32miter(+1)=19,time(ms)=0.051,total_t(ms)=0.051,cost=0.135
[scan_planner_node-4] [0mfirst_optimize_step_success=1
[scan_planner_node-4] Need to reallocate time.
[scan_planner_node-4] total time:[42m0.000248[0m,optimize:0.000129,refine:0.000119
[scan_planner_node-4] final_plan_success=1
[scan_planner_node-4] [FSM]: from REPLAN_TRAJ to EXEC_TRAJ
[closed_loop_controller-6] [INFO] [1786010835.043437889] [closed_loop_controller]: Received trajectory 229, duration 3.957s
[scan_planner_node-4] [FSM]: from EXEC_TRAJ to REPLAN_TRAJ
[scan_planner_node-4] 
[scan_planner_node-4] [rebo replan]: -------------------------------------229
[scan_planner_node-4] start:  8.32 -7.36 0.814, -0.0094   0.247  -0.133
[scan_planner_node-4] goal: 8.5 -5.5  0.4, 0 0 0
[scan_planner_node-4] [32miter(+1)=15,time(ms)=0.041,total_t(ms)=0.041,cost=0.098
[scan_planner_node-4] [0mfirst_optimize_step_success=1
[scan_planner_node-4] Need to reallocate time.
[scan_planner_node-4] total time:[42m0.000262[0m,optimize:0.00013,refine:0.000132
[scan_planner_node-4] final_plan_success=1
[scan_planner_node-4] [FSM]: from REPLAN_TRAJ to EXEC_TRAJ
[closed_loop_controller-6] [INFO] [1786010835.151822681] [closed_loop_controller]: Received trajectory 230, duration 4.038s
[scan_planner_node-4] [FSM]: from EXEC_TRAJ to REPLAN_TRAJ
[scan_planner_node-4] [INFO] [1786010835.296666868] [scan_planner_node]: [GridMapDiag] cloud=32768 accepted=22638 invalid=10130 below_sensor=0 outside_update=0 sensor_z=1.185 cutoff_z=2.185
[scan_planner_node-4] 
[scan_planner_node-4] [rebo replan]: -------------------------------------230
[scan_planner_node-4] start:  8.31 -7.29 0.795, -0.0151   0.288  -0.133
[scan_planner_node-4] goal: 8.5 -5.5  0.4, 0 0 0
[scan_planner_node-4] [32miter(+1)=19,time(ms)=0.073,total_t(ms)=0.074,cost=0.049
[scan_planner_node-4] [0mfirst_optimize_step_success=1
[scan_planner_node-4] Need to reallocate time.
[scan_planner_node-4] total time:[42m0.000281[0m,optimize:0.000162,refine:0.000119
[scan_planner_node-4] final_plan_success=1
[scan_planner_node-4] [FSM]: from REPLAN_TRAJ to EXEC_TRAJ
[closed_loop_controller-6] [INFO] [1786010835.297274592] [closed_loop_controller]: Received trajectory 231, duration 3.720s
[scan_planner_node-4] [FSM]: from EXEC_TRAJ to REPLAN_TRAJ
[scan_planner_node-4] 
[scan_planner_node-4] [rebo replan]: -------------------------------------231
[scan_planner_node-4] start:  8.31 -7.22 0.776, -0.0171   0.333   -0.13
[scan_planner_node-4] goal: 8.5 -5.5  0.4, 0 0 0
[scan_planner_node-4] [32miter(+1)=18,time(ms)=0.069,total_t(ms)=0.070,cost=0.114
[scan_planner_node-4] [0mfirst_optimize_step_success=1
[scan_planner_node-4] Need to reallocate time.
[scan_planner_node-4] total time:[42m0.000328[0m,optimize:0.000165,refine:0.000163
[scan_planner_node-4] final_plan_success=1
[scan_planner_node-4] [FSM]: from REPLAN_TRAJ to EXEC_TRAJ
[closed_loop_controller-6] [INFO] [1786010835.445757213] [closed_loop_controller]: Received trajectory 232, duration 3.512s
[scan_planner_node-4] [FSM]: from EXEC_TRAJ to REPLAN_TRAJ
[scan_planner_node-4] 
[scan_planner_node-4] [rebo replan]: -------------------------------------232
[scan_planner_node-4] start:  8.31 -7.16 0.765, -0.0173   0.361  -0.129
[scan_planner_node-4] goal: 8.5 -5.5  0.4, 0 0 0
[scan_planner_node-4] [32miter(+1)=18,time(ms)=0.052,total_t(ms)=0.052,cost=0.077
[scan_planner_node-4] [0mfirst_optimize_step_success=1
[scan_planner_node-4] Need to reallocate time.
[scan_planner_node-4] total time:[42m0.000245[0m,optimize:0.00014,refine:0.000105
[scan_planner_node-4] final_plan_success=1
[scan_planner_node-4] [FSM]: from REPLAN_TRAJ to EXEC_TRAJ
[closed_loop_controller-6] [INFO] [1786010835.532739465] [closed_loop_controller]: Received trajectory 233, duration 3.430s
[scan_planner_node-4] [FSM]: from EXEC_TRAJ to REPLAN_TRAJ
[scan_planner_node-4] 
[scan_planner_node-4] [rebo replan]: -------------------------------------233
[scan_planner_node-4] start:  8.31  -7.1 0.749, -0.0166   0.402  -0.126
[scan_planner_node-4] goal: 8.5 -5.5  0.4, 0 0 0
[scan_planner_node-4] [32miter(+1)=17,time(ms)=0.042,total_t(ms)=0.042,cost=0.044
[scan_planner_node-4] [0mfirst_optimize_step_success=1
[scan_planner_node-4] Need to reallocate time.
[scan_planner_node-4] total time:[42m0.000224[0m,optimize:0.000123,refine:0.000101
[scan_planner_node-4] final_plan_success=1
[scan_planner_node-4] [FSM]: from REPLAN_TRAJ to EXEC_TRAJ
[closed_loop_controller-6] [INFO] [1786010835.654609937] [closed_loop_controller]: Received trajectory 234, duration 3.300s
[scan_planner_node-4] [FSM]: from EXEC_TRAJ to REPLAN_TRAJ
[scan_planner_node-4] 
[scan_planner_node-4] [rebo replan]: -------------------------------------234
[scan_planner_node-4] start:   8.3 -7.04 0.736, -0.0155   0.435  -0.125
[scan_planner_node-4] goal: 8.5 -5.5  0.4, 0 0 0
[scan_planner_node-4] [32miter(+1)=14,time(ms)=0.038,total_t(ms)=0.038,cost=0.128
[scan_planner_node-4] [0mfirst_optimize_step_success=1
[scan_planner_node-4] Need to reallocate time.
[scan_planner_node-4] total time:[42m0.000235[0m,optimize:0.00012,refine:0.000115
[scan_planner_node-4] final_plan_success=1
[scan_planner_node-4] [FSM]: from REPLAN_TRAJ to EXEC_TRAJ
[closed_loop_controller-6] [INFO] [1786010835.751635574] [closed_loop_controller]: Received trajectory 235, duration 3.106s
[scan_planner_node-4] [FSM]: from EXEC_TRAJ to REPLAN_TRAJ
[scan_planner_node-4] 
[scan_planner_node-4] [rebo replan]: -------------------------------------235
[scan_planner_node-4] start:   8.3 -6.98 0.721, -0.0132   0.475  -0.124
[scan_planner_node-4] goal: 8.5 -5.5  0.4, 0 0 0
[scan_planner_node-4] [32miter(+1)=15,time(ms)=0.063,total_t(ms)=0.063,cost=0.077
[scan_planner_node-4] [0mfirst_optimize_step_success=1
[scan_planner_node-4] Need to reallocate time.
[scan_planner_node-4] total time:[42m0.000246[0m,optimize:0.000151,refine:9.53e-05
[scan_planner_node-4] final_plan_success=1
[scan_planner_node-4] [FSM]: from REPLAN_TRAJ to EXEC_TRAJ
[closed_loop_controller-6] [INFO] [1786010835.864203270] [closed_loop_controller]: Received trajectory 236, duration 3.010s
[scan_planner_node-4] [FSM]: from EXEC_TRAJ to REPLAN_TRAJ
[scan_planner_node-4] 
[scan_planner_node-4] [rebo replan]: -------------------------------------236
[scan_planner_node-4] start:   8.3 -6.91 0.707, -0.00993    0.514   -0.123
[scan_planner_node-4] goal: 8.5 -5.5  0.4, 0 0 0
[scan_planner_node-4] [32miter(+1)=16,time(ms)=0.039,total_t(ms)=0.040,cost=0.045
[scan_planner_node-4] [0mfirst_optimize_step_success=1
[scan_planner_node-4] Need to reallocate time.
[scan_planner_node-4] total time:[42m0.000226[0m,optimize:0.000126,refine:0.0001
[scan_planner_node-4] final_plan_success=1
[scan_planner_node-4] [FSM]: from REPLAN_TRAJ to EXEC_TRAJ
[closed_loop_controller-6] [INFO] [1786010835.973828283] [closed_loop_controller]: Received trajectory 237, duration 2.911s
[scan_planner_node-4] [FSM]: from EXEC_TRAJ to REPLAN_TRAJ
[scan_planner_node-4] 
[scan_planner_node-4] [rebo replan]: -------------------------------------237
[scan_planner_node-4] start:   8.3 -6.85 0.692, -0.00557    0.553   -0.123
[scan_planner_node-4] goal: 8.5 -5.5  0.4, 0 0 0
[scan_planner_node-4] [32miter(+1)=12,time(ms)=0.029,total_t(ms)=0.029,cost=0.133
[scan_planner_node-4] [0mfirst_optimize_step_success=1
[scan_planner_node-4] Need to reallocate time.
[scan_planner_node-4] total time:[42m0.000172[0m,optimize:9.64e-05,refine:7.52e-05
[scan_planner_node-4] final_plan_success=1
[scan_planner_node-4] [FSM]: from REPLAN_TRAJ to EXEC_TRAJ
[closed_loop_controller-6] [INFO] [1786010836.087182596] [closed_loop_controller]: Received trajectory 238, duration 2.684s
[scan_planner_node-4] [INFO] [1786010836.152386911] [scan_planner_node]: [MapDecay] decayed=1179 cleared=683 active_occupied=7886
[scan_planner_node-4] [FSM]: from EXEC_TRAJ to REPLAN_TRAJ
[scan_planner_node-4] 
[scan_planner_node-4] [rebo replan]: -------------------------------------238
[scan_planner_node-4] start:   8.3 -6.77 0.675, 0.00159   0.598  -0.123
[scan_planner_node-4] goal: 8.5 -5.5  0.4, 0 0 0
[scan_planner_node-4] [32miter(+1)=12,time(ms)=0.029,total_t(ms)=0.029,cost=0.073
[scan_planner_node-4] [0mfirst_optimize_step_success=1
[scan_planner_node-4] Need to reallocate time.
[scan_planner_node-4] total time:[42m0.000161[0m,optimize:8.71e-05,refine:7.4e-05
[scan_planner_node-4] final_plan_success=1
[scan_planner_node-4] [FSM]: from REPLAN_TRAJ to EXEC_TRAJ
[closed_loop_controller-6] [INFO] [1786010836.222410805] [closed_loop_controller]: Received trajectory 239, duration 2.599s
[scan_planner_node-4] [FSM]: from EXEC_TRAJ to REPLAN_TRAJ
[scan_planner_node-4] 
[scan_planner_node-4] [rebo replan]: -------------------------------------239
[scan_planner_node-4] start:   8.3 -6.66 0.654, 0.0135  0.649 -0.122
[scan_planner_node-4] goal: 8.5 -5.5  0.4, 0 0 0
[scan_planner_node-4] [32miter(+1)=10,time(ms)=0.024,total_t(ms)=0.024,cost=0.166
[scan_planner_node-4] [0mfirst_optimize_step_success=1
[scan_planner_node-4] Need to reallocate time.
[scan_planner_node-4] total time:[42m0.000162[0m,optimize:8.85e-05,refine:7.39e-05
[scan_planner_node-4] final_plan_success=1
[scan_planner_node-4] [FSM]: from REPLAN_TRAJ to EXEC_TRAJ
[closed_loop_controller-6] [INFO] [1786010836.388176562] [closed_loop_controller]: Received trajectory 240, duration 2.265s
[scan_planner_node-4] [FSM]: from EXEC_TRAJ to REPLAN_TRAJ
[scan_planner_node-4] 
[scan_planner_node-4] [rebo replan]: -------------------------------------240
[scan_planner_node-4] start:   8.3 -6.59 0.639, 0.0238  0.679 -0.122
[scan_planner_node-4] goal: 8.5 -5.5  0.4, 0 0 0
[scan_planner_node-4] [32miter(+1)=13,time(ms)=0.028,total_t(ms)=0.029,cost=0.105
[scan_planner_node-4] [0mfirst_optimize_step_success=1
[scan_planner_node-4] Need to reallocate time.
[scan_planner_node-4] total time:[42m0.000159[0m,optimize:8.53e-05,refine:7.35e-05
[scan_planner_node-4] final_plan_success=1
[scan_planner_node-4] [FSM]: from REPLAN_TRAJ to EXEC_TRAJ
[closed_loop_controller-6] [INFO] [1786010836.499435755] [closed_loop_controller]: Received trajectory 241, duration 2.213s
[scan_planner_node-4] [FSM]: from EXEC_TRAJ to REPLAN_TRAJ
[scan_planner_node-4] 
[scan_planner_node-4] [rebo replan]: -------------------------------------241
[scan_planner_node-4] start:  8.31 -6.48 0.617, 0.0442  0.718 -0.121
[scan_planner_node-4] goal: 8.5 -5.5  0.4, 0 0 0
[scan_planner_node-4] [32miter(+1)=13,time(ms)=0.031,total_t(ms)=0.031,cost=0.019
[scan_planner_node-4] [0mfirst_optimize_step_success=1
[scan_planner_node-4] total time:[42m0.000132[0m,optimize:0.000111,refine:2.13e-05
[scan_planner_node-4] final_plan_success=1
[scan_planner_node-4] [FSM]: from REPLAN_TRAJ to EXEC_TRAJ
[closed_loop_controller-6] [INFO] [1786010836.670576993] [closed_loop_controller]: Received trajectory 242, duration 2.560s
[scan_planner_node-4] [FSM]: from EXEC_TRAJ to REPLAN_TRAJ
[scan_planner_node-4] 
[scan_planner_node-4] [rebo replan]: -------------------------------------242
[scan_planner_node-4] start:  8.32  -6.4 0.601, 0.0551  0.724 -0.112
[scan_planner_node-4] goal: 8.5 -5.5  0.4, 0 0 0
[scan_planner_node-4] [32miter(+1)=14,time(ms)=0.032,total_t(ms)=0.033,cost=0.024
[scan_planner_node-4] [0mfirst_optimize_step_success=1
[scan_planner_node-4] total time:[42m0.000119[0m,optimize:9.54e-05,refine:2.33e-05
[scan_planner_node-4] final_plan_success=1
[scan_planner_node-4] [FSM]: from REPLAN_TRAJ to EXEC_TRAJ
[closed_loop_controller-6] [INFO] [1786010836.829278401] [closed_loop_controller]: Received trajectory 243, duration 2.240s
[scan_planner_node-4] [FSM]: from EXEC_TRAJ to REPLAN_TRAJ
[scan_planner_node-4] 
[scan_planner_node-4] [rebo replan]: -------------------------------------243
[scan_planner_node-4] start:  8.32 -6.32 0.587,  0.0553   0.711 -0.0987
[scan_planner_node-4] goal: 8.5 -5.5  0.4, 0 0 0
[scan_planner_node-4] [32miter(+1)=12,time(ms)=0.030,total_t(ms)=0.030,cost=0.012
[scan_planner_node-4] [0mfirst_optimize_step_success=1
[scan_planner_node-4] total time:[42m0.000104[0m,optimize:8.34e-05,refine:2.09e-05
[scan_planner_node-4] final_plan_success=1
[scan_planner_node-4] [FSM]: from REPLAN_TRAJ to EXEC_TRAJ
[closed_loop_controller-6] [INFO] [1786010836.974266739] [closed_loop_controller]: Received trajectory 244, duration 2.240s
[scan_planner_node-4] [FSM]: from EXEC_TRAJ to REPLAN_TRAJ
[scan_planner_node-4] 
[scan_planner_node-4] [rebo replan]: -------------------------------------244
[scan_planner_node-4] start:  8.32 -6.28 0.578,  0.0541   0.695 -0.0926
[scan_planner_node-4] goal: 8.5 -5.5  0.4, 0 0 0
[scan_planner_node-4] [32miter(+1)=13,time(ms)=0.032,total_t(ms)=0.032,cost=0.007
[scan_planner_node-4] [0mfirst_optimize_step_success=1
[scan_planner_node-4] total time:[42m0.00011[0m,optimize:8.82e-05,refine:2.14e-05
[scan_planner_node-4] final_plan_success=1
[scan_planner_node-4] [FSM]: from REPLAN_TRAJ to EXEC_TRAJ
[closed_loop_controller-6] [INFO] [1786010837.070544199] [closed_loop_controller]: Received trajectory 245, duration 2.240s
[scan_planner_node-4] [FSM]: from EXEC_TRAJ to REPLAN_TRAJ
[scan_planner_node-4] 
[scan_planner_node-4] [rebo replan]: -------------------------------------245
[scan_planner_node-4] start:  8.33 -6.22 0.567,  0.0518   0.671 -0.0886
[scan_planner_node-4] goal: 8.5 -5.5  0.4, 0 0 0
[scan_planner_node-4] [32miter(+1)=12,time(ms)=0.026,total_t(ms)=0.026,cost=0.018
[scan_planner_node-4] [0mfirst_optimize_step_success=1
[scan_planner_node-4] total time:[42m9.51e-05[0m,optimize:7.49e-05,refine:2.02e-05
[scan_planner_node-4] final_plan_success=1
[scan_planner_node-4] [FSM]: from REPLAN_TRAJ to EXEC_TRAJ
[closed_loop_controller-6] [INFO] [1786010837.190244276] [closed_loop_controller]: Received trajectory 246, duration 1.920s
[scan_planner_node-4] [INFO] [1786010837.246788573] [scan_planner_node]: [MapDecay] decayed=1061 cleared=344 active_occupied=9733
[scan_planner_node-4] [FSM]: from EXEC_TRAJ to REPLAN_TRAJ
[scan_planner_node-4] 
[scan_planner_node-4] [rebo replan]: -------------------------------------246
[scan_planner_node-4] start:  8.33 -6.16 0.556,  0.0517   0.645 -0.0873
[scan_planner_node-4] goal: 8.5 -5.5  0.4, 0 0 0
[scan_planner_node-4] [32miter(+1)=10,time(ms)=0.023,total_t(ms)=0.023,cost=0.009
[scan_planner_node-4] [0mfirst_optimize_step_success=1
[scan_planner_node-4] total time:[42m9.16e-05[0m,optimize:7.11e-05,refine:2.05e-05
[scan_planner_node-4] final_plan_success=1
[scan_planner_node-4] [FSM]: from REPLAN_TRAJ to EXEC_TRAJ
[closed_loop_controller-6] [INFO] [1786010837.316168405] [closed_loop_controller]: Received trajectory 247, duration 1.920s
[scan_planner_node-4] [INFO] [1786010837.357393067] [scan_planner_node]: [GridMapDiag] cloud=32768 accepted=26674 invalid=6094 below_sensor=0 outside_update=0 sensor_z=0.860 cutoff_z=1.860
[scan_planner_node-4] [FSM]: from EXEC_TRAJ to REPLAN_TRAJ
[scan_planner_node-4] 
[scan_planner_node-4] [rebo replan]: -------------------------------------247
[scan_planner_node-4] start:  8.34 -6.08 0.541,  0.0568   0.615 -0.0885
[scan_planner_node-4] goal: 8.5 -5.5  0.4, 0 0 0
[scan_planner_node-4] [32miter(+1)=13,time(ms)=0.050,total_t(ms)=0.051,cost=0.011
[scan_planner_node-4] [0mfirst_optimize_step_success=1
[scan_planner_node-4] total time:[42m0.000171[0m,optimize:0.000134,refine:3.73e-05
[scan_planner_node-4] final_plan_success=1
[scan_planner_node-4] [FSM]: from REPLAN_TRAJ to EXEC_TRAJ
[closed_loop_controller-6] [INFO] [1786010837.479822409] [closed_loop_controller]: Received trajectory 248, duration 2.240s
[scan_planner_node-4] [FSM]: from EXEC_TRAJ to REPLAN_TRAJ
[scan_planner_node-4] 
[scan_planner_node-4] [rebo replan]: -------------------------------------248
[scan_planner_node-4] start:  8.35 -5.99 0.526, 0.0602  0.563  -0.08
[scan_planner_node-4] goal: 8.5 -5.5  0.4, 0 0 0
[scan_planner_node-4] [32miter(+1)=12,time(ms)=0.028,total_t(ms)=0.029,cost=0.013
[scan_planner_node-4] [0mfirst_optimize_step_success=1
[scan_planner_node-4] total time:[42m0.000106[0m,optimize:8.48e-05,refine:2.12e-05
[scan_planner_node-4] final_plan_success=1
[scan_planner_node-4] [FSM]: from REPLAN_TRAJ to EXEC_TRAJ
[closed_loop_controller-6] [INFO] [1786010837.676532856] [closed_loop_controller]: Received trajectory 249, duration 1.920s
[scan_planner_node-4] [FSM]: from EXEC_TRAJ to REPLAN_TRAJ
[scan_planner_node-4] 
[scan_planner_node-4] [rebo replan]: -------------------------------------249
[scan_planner_node-4] start:  8.35 -5.95 0.517,  0.0605   0.521 -0.0693
[scan_planner_node-4] goal: 8.5 -5.5  0.4, 0 0 0
[scan_planner_node-4] [32miter(+1)=10,time(ms)=0.025,total_t(ms)=0.025,cost=0.006
[scan_planner_node-4] [0mfirst_optimize_step_success=1
[scan_planner_node-4] total time:[42m0.000111[0m,optimize:7.72e-05,refine:3.35e-05
[scan_planner_node-4] final_plan_success=1
[scan_planner_node-4] [FSM]: from REPLAN_TRAJ to EXEC_TRAJ
[closed_loop_controller-6] [INFO] [1786010837.808053727] [closed_loop_controller]: Received trajectory 250, duration 1.920s
[scan_planner_node-4] [FSM]: from EXEC_TRAJ to REPLAN_TRAJ
[scan_planner_node-4] 
[scan_planner_node-4] [rebo replan]: -------------------------------------250
[scan_planner_node-4] start:  8.36 -5.91 0.509,  0.0625   0.485 -0.0642
[scan_planner_node-4] goal: 8.5 -5.5  0.4, 0 0 0
[scan_planner_node-4] [32miter(+1)=11,time(ms)=0.023,total_t(ms)=0.023,cost=0.003
[scan_planner_node-4] [0mfirst_optimize_step_success=1
[scan_planner_node-4] total time:[42m9.17e-05[0m,optimize:7.13e-05,refine:2.05e-05
[scan_planner_node-4] final_plan_success=1
[scan_planner_node-4] [FSM]: from REPLAN_TRAJ to EXEC_TRAJ
[closed_loop_controller-6] [INFO] [1786010837.920948949] [closed_loop_controller]: Received trajectory 251, duration 1.920s
[scan_planner_node-4] [FSM]: from EXEC_TRAJ to REPLAN_TRAJ
[scan_planner_node-4] 
[scan_planner_node-4] [rebo replan]: -------------------------------------251
[scan_planner_node-4] start:  8.36 -5.87 0.501,  0.0655   0.451 -0.0626
[scan_planner_node-4] goal: 8.5 -5.5  0.4, 0 0 0
[scan_planner_node-4] [32miter(+1)=9,time(ms)=0.036,total_t(ms)=0.037,cost=0.009
[scan_planner_node-4] [0mfirst_optimize_step_success=1
[scan_planner_node-4] total time:[42m0.000152[0m,optimize:0.000122,refine:2.98e-05
[scan_planner_node-4] final_plan_success=1
[scan_planner_node-4] [FSM]: from REPLAN_TRAJ to EXEC_TRAJ
[closed_loop_controller-6] [INFO] [1786010838.035694145] [closed_loop_controller]: Received trajectory 252, duration 2.560s
[scan_planner_node-4] [FSM]: from EXEC_TRAJ to REPLAN_TRAJ
[terrain_path_visualizer-10] [INFO] [1786010838.163449298] [terrain_path_segmenter]: Visualization advanced to segment 4/8
[scan_planner_node-4] 
[scan_planner_node-4] [rebo replan]: -------------------------------------252
[scan_planner_node-4] start:  8.37 -5.83 0.493,  0.0653   0.393 -0.0578
[scan_planner_node-4] goal: 8.5 -5.5  0.4, 0 0 0
[scan_planner_node-4] [32miter(+1)=6,time(ms)=0.025,total_t(ms)=0.025,cost=0.011
[scan_planner_node-4] [0mfirst_optimize_step_success=1
[scan_planner_node-4] total time:[42m0.000123[0m,optimize:9.37e-05,refine:2.96e-05
[scan_planner_node-4] final_plan_success=1
[scan_planner_node-4] [FSM]: from REPLAN_TRAJ to EXEC_TRAJ
[closed_loop_controller-6] [INFO] [1786010838.198277570] [closed_loop_controller]: Received trajectory 253, duration 2.240s
[scan_planner_node-4] [INFO] [1786010838.256201652] [scan_planner_node]: [MapRefresh] Cleared occupancy and inflation for a new reference path; observation_sequence=238
[scan_planner_node-4] [INFO] [1786010838.256265379] [scan_planner_node]: [MapRefresh] Deferred reference path until 2 fresh map observations have been fused (target_sequence=240)
[scan_planner_node-4] [INFO] [1786010838.610826569] [scan_planner_node]: [MapRefresh] Fresh map ready at observation_sequence=240; accepting deferred reference path
[scan_planner_node-4] [TRIG]: from EXEC_TRAJ to REPLAN_TRAJ
[scan_planner_node-4] [INFO] [1786010838.949401010] [scan_planner_node]: Reference path accepted
[scan_planner_node-4] 
[scan_planner_node-4] [rebo replan]: -------------------------------------253
[scan_planner_node-4] start:   8.4 -5.68 0.459, 0.0281 0.0982 -0.046
[scan_planner_node-4] goal:  8.5 -1.85   0.4, 1.7e-07    0.75       0
[scan_planner_node-4] [WARN] [1786010838.957788074] [path_searching]: [AStarDiag] result=OPEN_SET_EMPTY start=[8.535 -4.319 0.437] end=[8.527 -3.806 0.429] adjusted_start=[8.531 -4.263 0.433] adjusted_end=[8.531 -3.813 0.433] iter=6337 occupied_rejects=976 pool_rejects=661 elapsed_ms=8.05
[scan_planner_node-4] [ERROR] [1786010838.957844241] [bspline_opt]: [ReplanDiag] rebound A-star failed ret=2 segment=1/1 ids=[12,14] start=[8.535 -4.319 0.437] end=[8.527 -3.806 0.429]
[scan_planner_node-4] iter=5,time(ms)=8.24,rebound.
[scan_planner_node-4] [WARN] [1786010838.965732029] [path_searching]: [AStarDiag] result=OPEN_SET_EMPTY start=[8.534 -4.320 0.437] end=[8.527 -3.810 0.429] adjusted_start=[8.531 -4.265 0.433] adjusted_end=[8.531 -3.815 0.433] iter=6337 occupied_rejects=976 pool_rejects=661 elapsed_ms=7.68
[scan_planner_node-4] [ERROR] [1786010838.965777846] [bspline_opt]: [ReplanDiag] init_control_points A-star failed ret=2 segment=1/1 ids=[12,14] start=[8.534 -4.320 0.437] end=[8.527 -3.810 0.429]
[scan_planner_node-4] [32miter(+1)=4,time(ms)=0.026,keep optimizing
[scan_planner_node-4] [WARN] [1786010838.973798458] [path_searching]: [AStarDiag] result=OPEN_SET_EMPTY start=[8.534 -4.320 0.437] end=[8.527 -3.810 0.429] adjusted_start=[8.531 -4.265 0.433] adjusted_end=[8.531 -3.815 0.433] iter=6337 occupied_rejects=976 pool_rejects=661 elapsed_ms=7.91
[scan_planner_node-4] [ERROR] [1786010838.973855420] [bspline_opt]: [ReplanDiag] init_control_points A-star failed ret=2 segment=1/1 ids=[12,14] start=[8.534 -4.320 0.437] end=[8.527 -3.810 0.429]
[scan_planner_node-4] [0m[32miter(+1)=1,time(ms)=0.021,keep optimizing
[scan_planner_node-4] [WARN] [1786010838.982174123] [path_searching]: [AStarDiag] result=OPEN_SET_EMPTY start=[8.534 -4.320 0.437] end=[8.527 -3.810 0.429] adjusted_start=[8.531 -4.265 0.433] adjusted_end=[8.531 -3.815 0.433] iter=6337 occupied_rejects=976 pool_rejects=661 elapsed_ms=8.19
[scan_planner_node-4] [ERROR] [1786010838.982217166] [bspline_opt]: [ReplanDiag] init_control_points A-star failed ret=2 segment=1/1 ids=[12,14] start=[8.534 -4.320 0.437] end=[8.527 -3.810 0.429]
[scan_planner_node-4] [0m[32miter(+1)=1,time(ms)=0.019,keep optimizing
[scan_planner_node-4] [0mfirst_optimize_step_success=0
[scan_planner_node-4] final_plan_success=0
[scan_planner_node-4] 
[scan_planner_node-4] [rebo replan]: -------------------------------------254
[scan_planner_node-4] start:   8.4 -5.68 0.459, 0.0281 0.0982 -0.046
[scan_planner_node-4] goal:  8.5 -1.85   0.4, 1.7e-07    0.75       0
[scan_planner_node-4] [WARN] [1786010838.990566791] [path_searching]: [AStarDiag] result=OPEN_SET_EMPTY start=[8.535 -4.319 0.437] end=[8.527 -3.806 0.429] adjusted_start=[8.531 -4.263 0.433] adjusted_end=[8.531 -3.813 0.433] iter=6337 occupied_rejects=976 pool_rejects=661 elapsed_ms=8.06
[scan_planner_node-4] [ERROR] [1786010838.990617944] [bspline_opt]: [ReplanDiag] rebound A-star failed ret=2 segment=1/1 ids=[12,14] start=[8.535 -4.319 0.437] end=[8.527 -3.806 0.429]
[scan_planner_node-4] iter=5,time(ms)=8.19,rebound.
[scan_planner_node-4] [WARN] [1786010838.999019561] [path_searching]: [AStarDiag] result=OPEN_SET_EMPTY start=[8.534 -4.320 0.437] end=[8.527 -3.810 0.429] adjusted_start=[8.531 -4.265 0.433] adjusted_end=[8.531 -3.815 0.433] iter=6337 occupied_rejects=976 pool_rejects=661 elapsed_ms=8.25
[scan_planner_node-4] [ERROR] [1786010838.999064315] [bspline_opt]: [ReplanDiag] init_control_points A-star failed ret=2 segment=1/1 ids=[12,14] start=[8.534 -4.320 0.437] end=[8.527 -3.810 0.429]
[scan_planner_node-4] [32miter(+1)=4,time(ms)=0.021,keep optimizing
[scan_planner_node-4] [WARN] [1786010839.007073250] [path_searching]: [AStarDiag] result=OPEN_SET_EMPTY start=[8.534 -4.320 0.437] end=[8.527 -3.810 0.429] adjusted_start=[8.531 -4.265 0.433] adjusted_end=[8.531 -3.815 0.433] iter=6337 occupied_rejects=976 pool_rejects=661 elapsed_ms=7.89
[scan_planner_node-4] [ERROR] [1786010839.007115201] [bspline_opt]: [ReplanDiag] init_control_points A-star failed ret=2 segment=1/1 ids=[12,14] start=[8.534 -4.320 0.437] end=[8.527 -3.810 0.429]
[scan_planner_node-4] [0m[32miter(+1)=1,time(ms)=0.015,keep optimizing
[scan_planner_node-4] [WARN] [1786010839.015265890] [path_searching]: [AStarDiag] result=OPEN_SET_EMPTY start=[8.534 -4.320 0.437] end=[8.527 -3.810 0.429] adjusted_start=[8.531 -4.265 0.433] adjusted_end=[8.531 -3.815 0.433] iter=6337 occupied_rejects=976 pool_rejects=661 elapsed_ms=8.05
[scan_planner_node-4] [ERROR] [1786010839.015316199] [bspline_opt]: [ReplanDiag] init_control_points A-star failed ret=2 segment=1/1 ids=[12,14] start=[8.534 -4.320 0.437] end=[8.527 -3.810 0.429]
[scan_planner_node-4] [0m[32miter(+1)=1,time(ms)=0.016,keep optimizing
[scan_planner_node-4] [0mfirst_optimize_step_success=0
[scan_planner_node-4] final_plan_success=0
[scan_planner_node-4] 
[scan_planner_node-4] [rebo replan]: -------------------------------------255
[scan_planner_node-4] start:   8.4 -5.68 0.459, 0.0281 0.0982 -0.046
[scan_planner_node-4] goal:  8.5 -1.85   0.4, 1.7e-07    0.75       0
[scan_planner_node-4] [32miter(+1)=10,time(ms)=0.061,total_t(ms)=0.061,cost=0.017
[scan_planner_node-4] [0mfirst_optimize_step_success=1
[scan_planner_node-4] total time:[42m0.000414[0m,optimize:0.000339,refine:7.52e-05
[scan_planner_node-4] final_plan_success=1
[scan_planner_node-4] [FSM]: from REPLAN_TRAJ to EXEC_TRAJ
[closed_loop_controller-6] [INFO] [1786010839.016099941] [closed_loop_controller]: Received trajectory 254, duration 6.400s
[scan_planner_node-4] [FSM]: from EXEC_TRAJ to REPLAN_TRAJ
[scan_planner_node-4] 
[scan_planner_node-4] [rebo replan]: -------------------------------------256
[scan_planner_node-4] start:   8.4 -5.66 0.457,  0.0405  0.0895 -0.0361
[scan_planner_node-4] goal:  8.5 -1.85   0.4, 1.7e-07    0.75       0
[scan_planner_node-4] [32miter(+1)=17,time(ms)=0.089,total_t(ms)=0.090,cost=0.027
[scan_planner_node-4] [0mfirst_optimize_step_success=1
[scan_planner_node-4] total time:[42m0.000327[0m,optimize:0.000263,refine:6.32e-05
[scan_planner_node-4] final_plan_success=1
[scan_planner_node-4] [FSM]: from REPLAN_TRAJ to EXEC_TRAJ
[closed_loop_controller-6] [INFO] [1786010839.160671410] [closed_loop_controller]: Received trajectory 255, duration 6.080s
[scan_planner_node-4] [FSM]: from EXEC_TRAJ to REPLAN_TRAJ
[scan_planner_node-4] [INFO] [1786010839.309626928] [scan_planner_node]: [MapDecay] decayed=748 cleared=748 active_occupied=4317
[scan_planner_node-4] 
[scan_planner_node-4] [rebo replan]: -------------------------------------257
[scan_planner_node-4] start:  8.42  -5.6 0.454,  0.0599   0.128 -0.0191
[scan_planner_node-4] goal:  8.5 -1.85   0.4, 1.7e-07    0.75       0
[scan_planner_node-4] [32miter(+1)=15,time(ms)=0.096,total_t(ms)=0.097,cost=0.014
[scan_planner_node-4] [0mfirst_optimize_step_success=1
[scan_planner_node-4] total time:[42m0.000438[0m,optimize:0.000367,refine:7.06e-05
[scan_planner_node-4] final_plan_success=1
[scan_planner_node-4] [FSM]: from REPLAN_TRAJ to EXEC_TRAJ
[closed_loop_controller-6] [INFO] [1786010839.310455071] [closed_loop_controller]: Received trajectory 256, duration 6.080s
[scan_planner_node-4] [FSM]: from EXEC_TRAJ to REPLAN_TRAJ
[scan_planner_node-4] [INFO] [1786010839.413869277] [scan_planner_node]: [GridMapDiag] cloud=32768 accepted=27696 invalid=5072 below_sensor=0 outside_update=0 sensor_z=0.722 cutoff_z=1.722
[scan_planner_node-4] 
[scan_planner_node-4] [rebo replan]: -------------------------------------258
[scan_planner_node-4] start:  8.44 -5.55 0.453,   0.076    0.18 -0.0109
[scan_planner_node-4] goal:  8.5 -1.85   0.4, 1.7e-07    0.75       0
[scan_planner_node-4] [32miter(+1)=14,time(ms)=0.089,total_t(ms)=0.090,cost=0.011
[scan_planner_node-4] [0mfirst_optimize_step_success=1
[scan_planner_node-4] total time:[42m0.000369[0m,optimize:0.000301,refine:6.78e-05
[scan_planner_node-4] final_plan_success=1
[scan_planner_node-4] [FSM]: from REPLAN_TRAJ to EXEC_TRAJ
[closed_loop_controller-6] [INFO] [1786010839.415664050] [closed_loop_controller]: Received trajectory 257, duration 6.080s
[scan_planner_node-4] 
[scan_planner_node-4] [rebo replan]: -------------------------------------259
[scan_planner_node-4] start:  8.46  -5.5 0.451,   0.0905    0.233 -0.00689
[scan_planner_node-4] goal:  8.5 -1.85   0.4, 1.7e-07    0.75       0
[scan_planner_node-4] [32miter(+1)=18,time(ms)=0.119,total_t(ms)=0.119,cost=0.041
[scan_planner_node-4] [0mfirst_optimize_step_success=1
[scan_planner_node-4] total time:[42m0.00045[0m,optimize:0.00039,refine:5.8e-05
[scan_planner_node-4] final_plan_success=1
[scan_planner_node-4] [SAFETY]: from EXEC_TRAJ to EXEC_TRAJ
[closed_loop_controller-6] [INFO] [1786010839.506780423] [closed_loop_controller]: Received trajectory 258, duration 6.080s
[scan_planner_node-4] [FSM]: from EXEC_TRAJ to REPLAN_TRAJ
[scan_planner_node-4] 
[scan_planner_node-4] [rebo replan]: -------------------------------------260
[scan_planner_node-4] start:  8.48 -5.44  0.45,    0.103    0.293 -0.00484
[scan_planner_node-4] goal:  8.5 -1.85   0.4, 1.7e-07    0.75       0
[scan_planner_node-4] [32miter(+1)=8,time(ms)=0.044,total_t(ms)=0.044,cost=0.015
[scan_planner_node-4] [0mfirst_optimize_step_success=1
[scan_planner_node-4] total time:[42m0.000295[0m,optimize:0.000215,refine:7.93e-05
[scan_planner_node-4] final_plan_success=1
[scan_planner_node-4] [FSM]: from REPLAN_TRAJ to EXEC_TRAJ
[closed_loop_controller-6] [INFO] [1786010839.612447925] [closed_loop_controller]: Received trajectory 259, duration 6.080s
[scan_planner_node-4] [FSM]: from EXEC_TRAJ to REPLAN_TRAJ
[scan_planner_node-4] 
[scan_planner_node-4] [rebo replan]: -------------------------------------261
[scan_planner_node-4] start:   8.5 -5.37 0.449,    0.113    0.372 -0.00494
[scan_planner_node-4] goal:  8.5 -1.67   0.4, -1.42e-06      0.75         0
[scan_planner_node-4] [32miter(+1)=5,time(ms)=0.026,total_t(ms)=0.026,cost=0.011
[scan_planner_node-4] [0mfirst_optimize_step_success=1
[scan_planner_node-4] total time:[42m0.000261[0m,optimize:0.000193,refine:6.8e-05
[scan_planner_node-4] final_plan_success=1
[scan_planner_node-4] [FSM]: from REPLAN_TRAJ to EXEC_TRAJ
[closed_loop_controller-6] [INFO] [1786010839.757405570] [closed_loop_controller]: Received trajectory 260, duration 6.080s
[scan_planner_node-4] [FSM]: from EXEC_TRAJ to REPLAN_TRAJ
[scan_planner_node-4] 
[scan_planner_node-4] [rebo replan]: -------------------------------------262
[scan_planner_node-4] start:  8.52 -5.29 0.448,    0.125    0.453 -0.00633
[scan_planner_node-4] goal:  8.5 -1.67   0.4, -1.42e-06      0.75         0
[scan_planner_node-4] [32miter(+1)=5,time(ms)=0.039,total_t(ms)=0.040,cost=0.013
[scan_planner_node-4] [0mfirst_optimize_step_success=1
[scan_planner_node-4] total time:[42m0.000402[0m,optimize:0.000321,refine:8.07e-05
[scan_planner_node-4] final_plan_success=1
[scan_planner_node-4] [FSM]: from REPLAN_TRAJ to EXEC_TRAJ
[closed_loop_controller-6] [INFO] [1786010839.900345510] [closed_loop_controller]: Received trajectory 261, duration 6.080s
[scan_planner_node-4] [FSM]: from EXEC_TRAJ to REPLAN_TRAJ
[scan_planner_node-4] 
[scan_planner_node-4] [rebo replan]: -------------------------------------263
[scan_planner_node-4] start:  8.54 -5.23 0.447,   0.136   0.512 -0.0073
[scan_planner_node-4] goal:  8.5 -1.67   0.4, -1.42e-06      0.75         0
[scan_planner_node-4] [32miter(+1)=8,time(ms)=0.050,total_t(ms)=0.051,cost=0.012
[scan_planner_node-4] [0mfirst_optimize_step_success=1
[scan_planner_node-4] total time:[42m0.000336[0m,optimize:0.000269,refine:6.71e-05
[scan_planner_node-4] final_plan_success=1
[scan_planner_node-4] [FSM]: from REPLAN_TRAJ to EXEC_TRAJ
[closed_loop_controller-6] [INFO] [1786010840.011521645] [closed_loop_controller]: Received trajectory 262, duration 6.080s
[scan_planner_node-4] [FSM]: from EXEC_TRAJ to REPLAN_TRAJ
[scan_planner_node-4] 
[scan_planner_node-4] [rebo replan]: -------------------------------------264
[scan_planner_node-4] start:  8.56 -5.14 0.446,    0.148    0.571 -0.00808
[scan_planner_node-4] goal:  8.5 -1.67   0.4, -1.42e-06      0.75         0
[scan_planner_node-4] [32miter(+1)=4,time(ms)=0.021,total_t(ms)=0.021,cost=0.009
[scan_planner_node-4] [0mfirst_optimize_step_success=1
[scan_planner_node-4] total time:[42m0.000263[0m,optimize:0.000205,refine:5.82e-05
[scan_planner_node-4] final_plan_success=1
[scan_planner_node-4] [FSM]: from REPLAN_TRAJ to EXEC_TRAJ
[closed_loop_controller-6] [INFO] [1786010840.162264530] [closed_loop_controller]: Received trajectory 263, duration 5.760s
[scan_planner_node-4] [FSM]: from EXEC_TRAJ to REPLAN_TRAJ
[scan_planner_node-4] 
[scan_planner_node-4] [rebo replan]: -------------------------------------265
[scan_planner_node-4] start:  8.58 -5.06 0.445,   0.159   0.603 -0.0083
[scan_planner_node-4] goal:  8.5 -1.32   0.4, -1.32e-05      0.75         0
[scan_planner_node-4] [32miter(+1)=8,time(ms)=0.041,total_t(ms)=0.041,cost=0.013
[scan_planner_node-4] [0mfirst_optimize_step_success=1
[scan_planner_node-4] total time:[42m0.000379[0m,optimize:0.000298,refine:8.06e-05
[scan_planner_node-4] final_plan_success=1
[scan_planner_node-4] [FSM]: from REPLAN_TRAJ to EXEC_TRAJ
[closed_loop_controller-6] [INFO] [1786010840.303423370] [closed_loop_controller]: Received trajectory 264, duration 6.400s
[scan_planner_node-4] [FSM]: from EXEC_TRAJ to REPLAN_TRAJ
[scan_planner_node-4] 
[scan_planner_node-4] [rebo replan]: -------------------------------------266
[scan_planner_node-4] start:   8.6 -4.99 0.444,    0.168    0.614 -0.00816
[scan_planner_node-4] goal:  8.5 -1.32   0.4, -1.32e-05      0.75         0
[scan_planner_node-4] [32miter(+1)=4,time(ms)=0.032,total_t(ms)=0.032,cost=0.008
[scan_planner_node-4] [0mfirst_optimize_step_success=1
[scan_planner_node-4] total time:[42m0.000415[0m,optimize:0.000291,refine:0.000124
[scan_planner_node-4] final_plan_success=1
[scan_planner_node-4] [FSM]: from REPLAN_TRAJ to EXEC_TRAJ
[closed_loop_controller-6] [INFO] [1786010840.418130848] [closed_loop_controller]: Received trajectory 265, duration 6.080s
[scan_planner_node-4] [INFO] [1786010840.511565262] [scan_planner_node]: [MapDecay] decayed=1770 cleared=744 active_occupied=8416
[scan_planner_node-4] [FSM]: from EXEC_TRAJ to REPLAN_TRAJ
[scan_planner_node-4] 
[scan_planner_node-4] [rebo replan]: -------------------------------------267
[scan_planner_node-4] start:  8.63  -4.9 0.443,    0.184    0.615 -0.00776
[scan_planner_node-4] goal:  8.5 -1.32   0.4, -1.32e-05      0.75         0
[scan_planner_node-4] [32miter(+1)=8,time(ms)=0.046,total_t(ms)=0.047,cost=0.009
[scan_planner_node-4] [0mfirst_optimize_step_success=1
[scan_planner_node-4] total time:[42m0.000289[0m,optimize:0.000231,refine:5.83e-05
[scan_planner_node-4] final_plan_success=1
[scan_planner_node-4] [FSM]: from REPLAN_TRAJ to EXEC_TRAJ
[closed_loop_controller-6] [INFO] [1786010840.566883860] [closed_loop_controller]: Received trajectory 266, duration 6.080s
[scan_planner_node-4] [FSM]: from EXEC_TRAJ to REPLAN_TRAJ
[scan_planner_node-4] 
[scan_planner_node-4] [rebo replan]: -------------------------------------268
[scan_planner_node-4] start:  8.65 -4.82 0.442,      0.2    0.607 -0.00742
[scan_planner_node-4] goal:  8.5 -1.32   0.4, -1.32e-05      0.75         0
[scan_planner_node-4] [32miter(+1)=4,time(ms)=0.054,total_t(ms)=0.055,cost=0.006
[scan_planner_node-4] [0mfirst_optimize_step_success=1
[scan_planner_node-4] total time:[42m0.000419[0m,optimize:0.000327,refine:9.14e-05
[scan_planner_node-4] final_plan_success=1
[scan_planner_node-4] [FSM]: from REPLAN_TRAJ to EXEC_TRAJ
[closed_loop_controller-6] [INFO] [1786010840.704145939] [closed_loop_controller]: Received trajectory 267, duration 5.760s
[scan_planner_node-4] [FSM]: from EXEC_TRAJ to REPLAN_TRAJ
[scan_planner_node-4] 
[scan_planner_node-4] [rebo replan]: -------------------------------------269
[scan_planner_node-4] start:  8.67 -4.75 0.441,    0.214    0.598 -0.00726
[scan_planner_node-4] goal:  8.5 -1.32   0.4, -1.32e-05      0.75         0
[scan_planner_node-4] [32miter(+1)=6,time(ms)=0.030,total_t(ms)=0.030,cost=0.009
[scan_planner_node-4] [0mfirst_optimize_step_success=1
[scan_planner_node-4] total time:[42m0.000294[0m,optimize:0.000227,refine:6.71e-05
[scan_planner_node-4] final_plan_success=1
[scan_planner_node-4] [SAFETY]: from REPLAN_TRAJ to EXEC_TRAJ
[closed_loop_controller-6] [INFO] [1786010840.812453058] [closed_loop_controller]: Received trajectory 268, duration 5.760s
[scan_planner_node-4] 
[scan_planner_node-4] [rebo replan]: -------------------------------------270
[scan_planner_node-4] start:  8.69 -4.71 0.441,   0.224   0.592 -0.0072
[scan_planner_node-4] goal:   8.5 -0.972    0.4, -6.12e-05      0.75         0
[scan_planner_node-4] [32miter(+1)=32,time(ms)=0.197,keep optimizing
[scan_planner_node-4] [0m[32miter(+1)=23,time(ms)=0.133,total_t(ms)=0.394,cost=0.139
[scan_planner_node-4] [0mfirst_optimize_step_success=1
[scan_planner_node-4] Need to reallocate time.
[scan_planner_node-4] total time:[42m0.0011[0m,optimize:0.00072,refine:0.00037
[scan_planner_node-4] final_plan_success=1
[scan_planner_node-4] [SAFETY]: from EXEC_TRAJ to EXEC_TRAJ
[closed_loop_controller-6] [INFO] [1786010840.889322093] [closed_loop_controller]: Received trajectory 269, duration 8.100s
[scan_planner_node-4] [FSM]: from EXEC_TRAJ to REPLAN_TRAJ
[scan_planner_node-4] 
[scan_planner_node-4] [rebo replan]: -------------------------------------271
[scan_planner_node-4] start:  8.72 -4.65  0.44,    0.242     0.58 -0.00707
[scan_planner_node-4] goal:   8.5 -0.972    0.4, -6.12e-05      0.75         0
[scan_planner_node-4] [32miter(+1)=12,time(ms)=0.076,total_t(ms)=0.077,cost=0.018
[scan_planner_node-4] [0mfirst_optimize_step_success=1
[scan_planner_node-4] total time:[42m0.000342[0m,optimize:0.00027,refine:7.26e-05
[scan_planner_node-4] final_plan_success=1
[scan_planner_node-4] [FSM]: from REPLAN_TRAJ to EXEC_TRAJ
[closed_loop_controller-6] [INFO] [1786010840.994756989] [closed_loop_controller]: Received trajectory 270, duration 7.040s
[scan_planner_node-4] [FSM]: from EXEC_TRAJ to REPLAN_TRAJ
[scan_planner_node-4] 
[scan_planner_node-4] [rebo replan]: -------------------------------------272
[scan_planner_node-4] start:  8.75 -4.58 0.439,    0.271     0.56 -0.00676
[scan_planner_node-4] goal:   8.5 -0.972    0.4, -6.12e-05      0.75         0
[scan_planner_node-4] [32miter(+1)=5,time(ms)=0.028,total_t(ms)=0.028,cost=0.018
[scan_planner_node-4] [0mfirst_optimize_step_success=1
[scan_planner_node-4] total time:[42m0.00025[0m,optimize:0.000186,refine:6.35e-05
[scan_planner_node-4] final_plan_success=1
[scan_planner_node-4] [FSM]: from REPLAN_TRAJ to EXEC_TRAJ
[closed_loop_controller-6] [INFO] [1786010841.110377338] [closed_loop_controller]: Received trajectory 271, duration 6.720s
[scan_planner_node-4] [FSM]: from EXEC_TRAJ to REPLAN_TRAJ
[scan_planner_node-4] 
[scan_planner_node-4] [rebo replan]: -------------------------------------273
[scan_planner_node-4] start:  8.79  -4.5 0.439,    0.321    0.526 -0.00629
[scan_planner_node-4] goal:   8.5 -0.972    0.4, -6.12e-05      0.75         0
[scan_planner_node-4] [32miter(+1)=6,time(ms)=0.055,total_t(ms)=0.055,cost=0.013
[scan_planner_node-4] [0mfirst_optimize_step_success=1
[scan_planner_node-4] total time:[42m0.000448[0m,optimize:0.000348,refine:9.99e-05
[scan_planner_node-4] final_plan_success=1
[scan_planner_node-4] [FSM]: from REPLAN_TRAJ to EXEC_TRAJ
[closed_loop_controller-6] [INFO] [1786010841.258978913] [closed_loop_controller]: Received trajectory 272, duration 6.400s
[scan_planner_node-4] [FSM]: state: EXEC_TRAJ
[scan_planner_node-4] [FSM]: from EXEC_TRAJ to REPLAN_TRAJ
[scan_planner_node-4] [INFO] [1786010841.429640504] [scan_planner_node]: [GridMapDiag] cloud=32768 accepted=28624 invalid=4144 below_sensor=0 outside_update=0 sensor_z=0.700 cutoff_z=1.700
[scan_planner_node-4] 
[scan_planner_node-4] [rebo replan]: -------------------------------------274
[scan_planner_node-4] start:  8.85 -4.41 0.438,    0.385    0.481 -0.00592
[scan_planner_node-4] goal:   8.5 -0.972    0.4, -6.12e-05      0.75         0
[scan_planner_node-4] [32miter(+1)=7,time(ms)=0.061,total_t(ms)=0.062,cost=0.018
[scan_planner_node-4] [0mfirst_optimize_step_success=1
[scan_planner_node-4] total time:[42m0.000427[0m,optimize:0.000339,refine:8.86e-05
[scan_planner_node-4] final_plan_success=1
[scan_planner_node-4] [FSM]: from REPLAN_TRAJ to EXEC_TRAJ
[closed_loop_controller-6] [INFO] [1786010841.431207113] [closed_loop_controller]: Received trajectory 273, duration 6.400s
[scan_planner_node-4] [FSM]: from EXEC_TRAJ to REPLAN_TRAJ
[scan_planner_node-4] [INFO] [1786010841.599694408] [scan_planner_node]: [MapDecay] decayed=870 cleared=251 active_occupied=6303
[scan_planner_node-4] 
[scan_planner_node-4] [rebo replan]: -------------------------------------275
[scan_planner_node-4] start:  8.93 -4.33 0.437,    0.44   0.441 -0.0058
[scan_planner_node-4] goal:   8.5 -0.622    0.4, -0.000154      0.75         0
[scan_planner_node-4] [32miter(+1)=6,time(ms)=0.047,total_t(ms)=0.047,cost=0.015
[scan_planner_node-4] [0mfirst_optimize_step_success=1
[scan_planner_node-4] total time:[42m0.000416[0m,optimize:0.000335,refine:8.05e-05
[scan_planner_node-4] final_plan_success=1
[closed_loop_controller-6] [INFO] [1786010841.600465789] [closed_loop_controller]: Received trajectory 274, duration 6.720s
[scan_planner_node-4] [FSM]: from REPLAN_TRAJ to EXEC_TRAJ
[scan_planner_node-4] [FSM]: from EXEC_TRAJ to REPLAN_TRAJ
[scan_planner_node-4] 
[scan_planner_node-4] [rebo replan]: -------------------------------------276
[scan_planner_node-4] start:     9 -4.26 0.436,    0.473    0.418 -0.00568
[scan_planner_node-4] goal:   8.5 -0.622    0.4, -0.000154      0.75         0
[scan_planner_node-4] [32miter(+1)=6,time(ms)=0.049,total_t(ms)=0.050,cost=0.010
[scan_planner_node-4] [0mfirst_optimize_step_success=1
[scan_planner_node-4] total time:[42m0.000404[0m,optimize:0.000305,refine:9.91e-05
[scan_planner_node-4] final_plan_success=1
[scan_planner_node-4] [FSM]: from REPLAN_TRAJ to EXEC_TRAJ
[closed_loop_controller-6] [INFO] [1786010841.769856451] [closed_loop_controller]: Received trajectory 275, duration 6.400s
[scan_planner_node-4] [FSM]: from EXEC_TRAJ to REPLAN_TRAJ
[scan_planner_node-4] 
[scan_planner_node-4] [rebo replan]: -------------------------------------277
[scan_planner_node-4] start:  9.07  -4.2 0.435,    0.478    0.417 -0.00552
[scan_planner_node-4] goal:   8.5 -0.622    0.4, -0.000154      0.75         0
[scan_planner_node-4] [32miter(+1)=6,time(ms)=0.033,total_t(ms)=0.034,cost=0.013
[scan_planner_node-4] [0mfirst_optimize_step_success=1
[scan_planner_node-4] total time:[42m0.000368[0m,optimize:0.000298,refine:7.01e-05
[scan_planner_node-4] final_plan_success=1
[scan_planner_node-4] [FSM]: from REPLAN_TRAJ to EXEC_TRAJ
[closed_loop_controller-6] [INFO] [1786010841.913448561] [closed_loop_controller]: Received trajectory 276, duration 6.400s
[scan_planner_node-4] [FSM]: from EXEC_TRAJ to REPLAN_TRAJ
[scan_planner_node-4] 
[scan_planner_node-4] [rebo replan]: -------------------------------------278
[scan_planner_node-4] start:  9.12 -4.16 0.434,    0.465    0.428 -0.00543
[scan_planner_node-4] goal:   8.5 -0.622    0.4, -0.000154      0.75         0
[scan_planner_node-4] [32miter(+1)=8,time(ms)=0.044,total_t(ms)=0.044,cost=0.015
[scan_planner_node-4] [0mfirst_optimize_step_success=1
[scan_planner_node-4] total time:[42m0.000297[0m,optimize:0.000233,refine:6.43e-05
[scan_planner_node-4] final_plan_success=1
[scan_planner_node-4] [FSM]: from REPLAN_TRAJ to EXEC_TRAJ
[closed_loop_controller-6] [INFO] [1786010842.026860258] [closed_loop_controller]: Received trajectory 277, duration 6.400s
[scan_planner_node-4] [FSM]: from EXEC_TRAJ to REPLAN_TRAJ
[scan_planner_node-4] 
[scan_planner_node-4] [rebo replan]: -------------------------------------279
[scan_planner_node-4] start:  9.19 -4.09 0.433,    0.426    0.457 -0.00539
[scan_planner_node-4] goal:   8.5 -0.622    0.4, -0.000154      0.75         0
[scan_planner_node-4] [32miter(+1)=3,time(ms)=0.028,total_t(ms)=0.029,cost=0.010
[scan_planner_node-4] [0mfirst_optimize_step_success=1
[scan_planner_node-4] total time:[42m0.000718[0m,optimize:0.000626,refine:9.19e-05
[scan_planner_node-4] final_plan_success=1
[closed_loop_controller-6] [INFO] [1786010842.173358494] [closed_loop_controller]: Received trajectory 278, duration 6.080s
[scan_planner_node-4] [FSM]: from REPLAN_TRAJ to EXEC_TRAJ
[scan_planner_node-4] [FSM]: from EXEC_TRAJ to REPLAN_TRAJ
[scan_planner_node-4] 
[scan_planner_node-4] [rebo replan]: -------------------------------------280
[scan_planner_node-4] start:  9.24 -4.03 0.433,    0.374    0.493 -0.00539
[scan_planner_node-4] goal:   8.5 -0.272    0.4, 0.000159     0.75        0
[scan_planner_node-4] [32miter(+1)=9,time(ms)=0.047,total_t(ms)=0.047,cost=0.015
[scan_planner_node-4] [0mfirst_optimize_step_success=1
[scan_planner_node-4] total time:[42m0.000335[0m,optimize:0.000275,refine:5.99e-05
[scan_planner_node-4] final_plan_success=1
[scan_planner_node-4] [FSM]: from REPLAN_TRAJ to EXEC_TRAJ
[closed_loop_controller-6] [INFO] [1786010842.303082051] [closed_loop_controller]: Received trajectory 279, duration 6.720s
[scan_planner_node-4] [FSM]: from EXEC_TRAJ to REPLAN_TRAJ
[scan_planner_node-4] 
[scan_planner_node-4] [rebo replan]: -------------------------------------281
[scan_planner_node-4] start:  9.28 -3.97 0.432,    0.323    0.525 -0.00533
[scan_planner_node-4] goal:   8.5 -0.272    0.4, 0.000159     0.75        0
[scan_planner_node-4] [32miter(+1)=3,time(ms)=0.023,total_t(ms)=0.024,cost=0.009
[scan_planner_node-4] [0mfirst_optimize_step_success=1
[scan_planner_node-4] total time:[42m0.000286[0m,optimize:0.000219,refine:6.65e-05
[scan_planner_node-4] final_plan_success=1
[scan_planner_node-4] [FSM]: from REPLAN_TRAJ to EXEC_TRAJ
[closed_loop_controller-6] [INFO] [1786010842.409998980] [closed_loop_controller]: Received trajectory 280, duration 6.400s
[scan_planner_node-4] [FSM]: from EXEC_TRAJ to REPLAN_TRAJ
[scan_planner_node-4] 
[scan_planner_node-4] [rebo replan]: -------------------------------------282
[scan_planner_node-4] start:  9.31  -3.9 0.432,    0.26    0.56 -0.0052
[scan_planner_node-4] goal:   8.5 -0.272    0.4, 0.000159     0.75        0
[scan_planner_node-4] [32miter(+1)=7,time(ms)=0.040,total_t(ms)=0.040,cost=0.011
[scan_planner_node-4] [0mfirst_optimize_step_success=1
[scan_planner_node-4] total time:[42m0.00032[0m,optimize:0.00026,refine:5.97e-05
[scan_planner_node-4] final_plan_success=1
[scan_planner_node-4] [FSM]: from REPLAN_TRAJ to EXEC_TRAJ
[closed_loop_controller-6] [INFO] [1786010842.535529243] [closed_loop_controller]: Received trajectory 281, duration 6.400s
[scan_planner_node-4] [FSM]: from EXEC_TRAJ to REPLAN_TRAJ
[scan_planner_node-4] 
[scan_planner_node-4] [rebo replan]: -------------------------------------283
[scan_planner_node-4] start:  9.34 -3.85 0.431,   0.206   0.583 -0.0051
[scan_planner_node-4] goal:   8.5 -0.272    0.4, 0.000159     0.75        0
[scan_planner_node-4] [32miter(+1)=9,time(ms)=0.047,total_t(ms)=0.047,cost=0.011
[scan_planner_node-4] [0mfirst_optimize_step_success=1
[scan_planner_node-4] total time:[42m0.000294[0m,optimize:0.000227,refine:6.76e-05
[scan_planner_node-4] final_plan_success=1
[scan_planner_node-4] [FSM]: from REPLAN_TRAJ to EXEC_TRAJ
[closed_loop_controller-6] [INFO] [1786010842.632218414] [closed_loop_controller]: Received trajectory 282, duration 6.400s
[scan_planner_node-4] [INFO] [1786010842.704771175] [scan_planner_node]: [MapDecay] decayed=851 cleared=551 active_occupied=4443
[scan_planner_node-4] [FSM]: from EXEC_TRAJ to REPLAN_TRAJ
[scan_planner_node-4] 
[scan_planner_node-4] [rebo replan]: -------------------------------------284
[scan_planner_node-4] start:  9.36 -3.77  0.43,  0.137  0.606 -0.005
[scan_planner_node-4] goal:   8.5 -0.272    0.4, 0.000159     0.75        0
[scan_planner_node-4] [32miter(+1)=4,time(ms)=0.022,total_t(ms)=0.022,cost=0.008
[scan_planner_node-4] [0mfirst_optimize_step_success=1
[scan_planner_node-4] total time:[42m0.00022[0m,optimize:0.000168,refine:5.22e-05
[scan_planner_node-4] final_plan_success=1
[scan_planner_node-4] [FSM]: from REPLAN_TRAJ to EXEC_TRAJ
[closed_loop_controller-6] [INFO] [1786010842.752790651] [closed_loop_controller]: Received trajectory 283, duration 6.080s
[scan_planner_node-4] [FSM]: from EXEC_TRAJ to REPLAN_TRAJ
[scan_planner_node-4] 
[scan_planner_node-4] [rebo replan]: -------------------------------------285
[scan_planner_node-4] start: 9.37 -3.7 0.43,   0.0648     0.62 -0.00494
[scan_planner_node-4] goal:   8.5 -0.272    0.4, 0.000159     0.75        0
[scan_planner_node-4] [32miter(+1)=7,time(ms)=0.031,total_t(ms)=0.032,cost=0.010
[scan_planner_node-4] [0mfirst_optimize_step_success=1
[scan_planner_node-4] total time:[42m0.000248[0m,optimize:0.000199,refine:4.94e-05
[scan_planner_node-4] final_plan_success=1
[scan_planner_node-4] [FSM]: from REPLAN_TRAJ to EXEC_TRAJ
[closed_loop_controller-6] [INFO] [1786010842.881464937] [closed_loop_controller]: Received trajectory 284, duration 6.080s
[scan_planner_node-4] [FSM]: from EXEC_TRAJ to REPLAN_TRAJ
[scan_planner_node-4] 
[scan_planner_node-4] [rebo replan]: -------------------------------------286
[scan_planner_node-4] start:  9.37 -3.62 0.429, -0.00656    0.625 -0.00493
[scan_planner_node-4] goal:   8.5 0.0784    0.4, 0.00417    0.75       0
[scan_planner_node-4] [32miter(+1)=4,time(ms)=0.023,total_t(ms)=0.023,cost=0.008
[scan_planner_node-4] [0mfirst_optimize_step_success=1
[scan_planner_node-4] total time:[42m0.000248[0m,optimize:0.000195,refine:5.31e-05
[scan_planner_node-4] final_plan_success=1
[scan_planner_node-4] [FSM]: from REPLAN_TRAJ to EXEC_TRAJ
[closed_loop_controller-6] [INFO] [1786010843.007846934] [closed_loop_controller]: Received trajectory 285, duration 6.400s
[scan_planner_node-4] [FSM]: from EXEC_TRAJ to REPLAN_TRAJ
[scan_planner_node-4] 
[scan_planner_node-4] [rebo replan]: -------------------------------------287
[scan_planner_node-4] start:  9.37 -3.55 0.429,  -0.0707    0.622 -0.00486
[scan_planner_node-4] goal:   8.5 0.0784    0.4, 0.00417    0.75       0
[scan_planner_node-4] [32miter(+1)=6,time(ms)=0.031,total_t(ms)=0.032,cost=0.011
[scan_planner_node-4] [0mfirst_optimize_step_success=1
[scan_planner_node-4] total time:[42m0.000259[0m,optimize:0.000209,refine:4.95e-05
[scan_planner_node-4] final_plan_success=1
[scan_planner_node-4] [FSM]: from REPLAN_TRAJ to EXEC_TRAJ
[closed_loop_controller-6] [INFO] [1786010843.121752492] [closed_loop_controller]: Received trajectory 286, duration 6.400s
[scan_planner_node-4] [FSM]: from EXEC_TRAJ to REPLAN_TRAJ
[scan_planner_node-4] 
[scan_planner_node-4] [rebo replan]: -------------------------------------288
[scan_planner_node-4] start:  9.36 -3.47 0.428,   -0.139     0.61 -0.00474
[scan_planner_node-4] goal:   8.5 0.0784    0.4, 0.00417    0.75       0
[scan_planner_node-4] [32miter(+1)=4,time(ms)=0.023,total_t(ms)=0.023,cost=0.005
[scan_planner_node-4] [0mfirst_optimize_step_success=1
[scan_planner_node-4] total time:[42m0.000279[0m,optimize:0.000218,refine:6.1e-05
[scan_planner_node-4] final_plan_success=1
[scan_planner_node-4] [FSM]: from REPLAN_TRAJ to EXEC_TRAJ
[closed_loop_controller-6] [INFO] [1786010843.247509873] [closed_loop_controller]: Received trajectory 287, duration 6.080s
[scan_planner_node-4] [FSM]: from EXEC_TRAJ to REPLAN_TRAJ
[scan_planner_node-4] 
[scan_planner_node-4] [rebo replan]: -------------------------------------289
[scan_planner_node-4] start:  9.33 -3.37 0.427,   -0.222    0.584 -0.00459
[scan_planner_node-4] goal:   8.5 0.0784    0.4, 0.00417    0.75       0
[scan_planner_node-4] [32miter(+1)=5,time(ms)=0.021,total_t(ms)=0.021,cost=0.010
[scan_planner_node-4] [0mfirst_optimize_step_success=1
[scan_planner_node-4] total time:[42m0.000197[0m,optimize:0.000152,refine:4.46e-05
[scan_planner_node-4] final_plan_success=1
[scan_planner_node-4] [FSM]: from REPLAN_TRAJ to EXEC_TRAJ
[closed_loop_controller-6] [INFO] [1786010843.404258018] [closed_loop_controller]: Received trajectory 288, duration 6.080s
[scan_planner_node-4] [INFO] [1786010843.508423806] [scan_planner_node]: [GridMapDiag] cloud=32768 accepted=26758 invalid=6010 below_sensor=0 outside_update=0 sensor_z=0.700 cutoff_z=1.700
[scan_planner_node-4] [FSM]: from EXEC_TRAJ to REPLAN_TRAJ
[scan_planner_node-4] 
[scan_planner_node-4] [rebo replan]: -------------------------------------290
[scan_planner_node-4] start:  9.28 -3.28 0.427,   -0.306    0.545 -0.00451
[scan_planner_node-4] goal:  8.5 0.429   0.4, 0.0248   0.75      0
[scan_planner_node-4] [32miter(+1)=4,time(ms)=0.016,total_t(ms)=0.016,cost=0.008
[scan_planner_node-4] [0mfirst_optimize_step_success=1
[scan_planner_node-4] total time:[42m0.000253[0m,optimize:0.000206,refine:4.65e-05
[scan_planner_node-4] final_plan_success=1
[scan_planner_node-4] [FSM]: from REPLAN_TRAJ to EXEC_TRAJ
[closed_loop_controller-6] [INFO] [1786010843.576720517] [closed_loop_controller]: Received trajectory 289, duration 6.400s
[scan_planner_node-4] [FSM]: from EXEC_TRAJ to REPLAN_TRAJ
[scan_planner_node-4] 
[scan_planner_node-4] [rebo replan]: -------------------------------------291
[scan_planner_node-4] start:  9.24 -3.21 0.426,   -0.357    0.513 -0.00442
[scan_planner_node-4] goal:  8.5 0.429   0.4, 0.0248   0.75      0
[scan_planner_node-4] [32miter(+1)=6,time(ms)=0.028,total_t(ms)=0.028,cost=0.011
[scan_planner_node-4] [0mfirst_optimize_step_success=1
[scan_planner_node-4] total time:[42m0.000232[0m,optimize:0.000184,refine:4.75e-05
[scan_planner_node-4] final_plan_success=1
[scan_planner_node-4] [FSM]: from REPLAN_TRAJ to EXEC_TRAJ
[closed_loop_controller-6] [INFO] [1786010843.698384783] [closed_loop_controller]: Received trajectory 290, duration 6.400s
[scan_planner_node-4] [INFO] [1786010843.765909361] [scan_planner_node]: [MapDecay] decayed=360 cleared=249 active_occupied=5572
[scan_planner_node-4] [FSM]: from EXEC_TRAJ to REPLAN_TRAJ
[scan_planner_node-4] 
[scan_planner_node-4] [rebo replan]: -------------------------------------292
[scan_planner_node-4] start:   9.2 -3.16 0.426,   -0.396    0.485 -0.00432
[scan_planner_node-4] goal:  8.5 0.429   0.4, 0.0248   0.75      0
[scan_planner_node-4] [32miter(+1)=9,time(ms)=0.039,total_t(ms)=0.039,cost=0.011
[scan_planner_node-4] [0mfirst_optimize_step_success=1
[scan_planner_node-4] total time:[42m0.000242[0m,optimize:0.000186,refine:5.62e-05
[scan_planner_node-4] final_plan_success=1
[scan_planner_node-4] [FSM]: from REPLAN_TRAJ to EXEC_TRAJ
[closed_loop_controller-6] [INFO] [1786010843.805058578] [closed_loop_controller]: Received trajectory 291, duration 6.400s
[scan_planner_node-4] [FSM]: from EXEC_TRAJ to REPLAN_TRAJ
[scan_planner_node-4] 
[scan_planner_node-4] [rebo replan]: -------------------------------------293
[scan_planner_node-4] start:  9.13 -3.08 0.425,   -0.442    0.447 -0.00418
[scan_planner_node-4] goal:  8.5 0.429   0.4, 0.0248   0.75      0
[scan_planner_node-4] [32miter(+1)=5,time(ms)=0.023,total_t(ms)=0.023,cost=0.010
[scan_planner_node-4] [0mfirst_optimize_step_success=1
[scan_planner_node-4] total time:[42m0.000247[0m,optimize:0.000192,refine:5.54e-05
[scan_planner_node-4] final_plan_success=1
[scan_planner_node-4] [FSM]: from REPLAN_TRAJ to EXEC_TRAJ
[closed_loop_controller-6] [INFO] [1786010843.967156168] [closed_loop_controller]: Received trajectory 292, duration 6.080s
[scan_planner_node-4] [FSM]: from EXEC_TRAJ to REPLAN_TRAJ
[scan_planner_node-4] 
[scan_planner_node-4] [rebo replan]: -------------------------------------294
[scan_planner_node-4] start:  9.07 -3.02 0.424,    -0.47     0.42 -0.00411
[scan_planner_node-4] goal:  8.5 0.429   0.4, 0.0248   0.75      0
[scan_planner_node-4] [32miter(+1)=5,time(ms)=0.038,total_t(ms)=0.038,cost=0.004
[scan_planner_node-4] [0mfirst_optimize_step_success=1
[scan_planner_node-4] total time:[42m0.000259[0m,optimize:0.000207,refine:5.19e-05
[scan_planner_node-4] final_plan_success=1
[scan_planner_node-4] [FSM]: from REPLAN_TRAJ to EXEC_TRAJ
[closed_loop_controller-6] [INFO] [1786010844.111515450] [closed_loop_controller]: Received trajectory 293, duration 5.760s
[scan_planner_node-4] [FSM]: from EXEC_TRAJ to REPLAN_TRAJ
[scan_planner_node-4] 
[scan_planner_node-4] [rebo replan]: -------------------------------------295
[scan_planner_node-4] start:  8.96 -2.93 0.423,  -0.489   0.398 -0.0041
[scan_planner_node-4] goal:  8.5 0.603   0.4, -0.0516   0.698       0
[scan_planner_node-4] [32miter(+1)=6,time(ms)=0.031,total_t(ms)=0.031,cost=0.010
[scan_planner_node-4] [0mfirst_optimize_step_success=1
[scan_planner_node-4] total time:[42m0.000299[0m,optimize:0.000218,refine:8.18e-05
[scan_planner_node-4] final_plan_success=1
[scan_planner_node-4] [FSM]: from REPLAN_TRAJ to EXEC_TRAJ
[closed_loop_controller-6] [INFO] [1786010844.329578098] [closed_loop_controller]: Received trajectory 294, duration 6.080s
[scan_planner_node-4] [FSM]: from EXEC_TRAJ to REPLAN_TRAJ
[scan_planner_node-4] 
[scan_planner_node-4] [rebo replan]: -------------------------------------296
[scan_planner_node-4] start:  8.89 -2.88 0.423,   -0.488    0.397 -0.00407
[scan_planner_node-4] goal:  8.5 0.603   0.4, -0.0516   0.698       0
[scan_planner_node-4] [32miter(+1)=4,time(ms)=0.021,total_t(ms)=0.022,cost=0.004
[scan_planner_node-4] [0mfirst_optimize_step_success=1
[scan_planner_node-4] total time:[42m0.000235[0m,optimize:0.000181,refine:5.4e-05
[scan_planner_node-4] final_plan_success=1
[scan_planner_node-4] [FSM]: from REPLAN_TRAJ to EXEC_TRAJ
[closed_loop_controller-6] [INFO] [1786010844.470798915] [closed_loop_controller]: Received trajectory 295, duration 5.760s
[scan_planner_node-4] [FSM]: from EXEC_TRAJ to REPLAN_TRAJ
[scan_planner_node-4] 
[scan_planner_node-4] [rebo replan]: -------------------------------------297
[scan_planner_node-4] start:  8.82 -2.82 0.422, -0.475  0.409 -0.004
[scan_planner_node-4] goal:  8.5 0.603   0.4, -0.0516   0.698       0
[scan_planner_node-4] [32miter(+1)=6,time(ms)=0.031,total_t(ms)=0.031,cost=0.007
[scan_planner_node-4] [0mfirst_optimize_step_success=1
[scan_planner_node-4] total time:[42m0.000279[0m,optimize:0.000223,refine:5.54e-05
[scan_planner_node-4] final_plan_success=1
[scan_planner_node-4] [FSM]: from REPLAN_TRAJ to EXEC_TRAJ
[closed_loop_controller-6] [INFO] [1786010844.620296758] [closed_loop_controller]: Received trajectory 296, duration 5.760s
[scan_planner_node-4] [FSM]: from EXEC_TRAJ to REPLAN_TRAJ
[scan_planner_node-4] [INFO] [1786010844.765489534] [scan_planner_node]: [MapDecay] decayed=870 cleared=336 active_occupied=6823
[scan_planner_node-4] 
[scan_planner_node-4] [rebo replan]: -------------------------------------298
[scan_planner_node-4] start:  8.75 -2.76 0.422,   -0.452    0.432 -0.00395
[scan_planner_node-4] goal: 8.52 0.969   0.4, -0.13  0.62     0
[scan_planner_node-4] [32miter(+1)=5,time(ms)=0.027,total_t(ms)=0.027,cost=0.007
[scan_planner_node-4] [0mfirst_optimize_step_success=1
[scan_planner_node-4] total time:[42m0.000297[0m,optimize:0.000217,refine:8.01e-05
[scan_planner_node-4] final_plan_success=1
[scan_planner_node-4] [FSM]: from REPLAN_TRAJ to EXEC_TRAJ
[closed_loop_controller-6] [INFO] [1786010844.766123344] [closed_loop_controller]: Received trajectory 297, duration 6.080s
[scan_planner_node-4] [FSM]: from EXEC_TRAJ to REPLAN_TRAJ
[scan_planner_node-4] 
[scan_planner_node-4] [rebo replan]: -------------------------------------299
[scan_planner_node-4] start:  8.67 -2.67 0.421,   -0.407    0.471 -0.00378
[scan_planner_node-4] goal: 8.52 0.969   0.4, -0.13  0.62     0
[scan_planner_node-4] [32miter(+1)=6,time(ms)=0.029,total_t(ms)=0.030,cost=0.007
[scan_planner_node-4] [0mfirst_optimize_step_success=1
[scan_planner_node-4] total time:[42m0.000247[0m,optimize:0.00019,refine:5.7e-05
[scan_planner_node-4] final_plan_success=1
[scan_planner_node-4] [FSM]: from REPLAN_TRAJ to EXEC_TRAJ
[closed_loop_controller-6] [INFO] [1786010844.953116373] [closed_loop_controller]: Received trajectory 298, duration 6.080s
[scan_planner_node-4] [FSM]: from EXEC_TRAJ to REPLAN_TRAJ
[scan_planner_node-4] 
[scan_planner_node-4] [rebo replan]: -------------------------------------300
[scan_planner_node-4] start:   8.6 -2.58  0.42,   -0.349    0.515 -0.00358
[scan_planner_node-4] goal: 8.52 0.969   0.4, -0.13  0.62     0
[scan_planner_node-4] [32miter(+1)=4,time(ms)=0.020,total_t(ms)=0.020,cost=0.005
[scan_planner_node-4] [0mfirst_optimize_step_success=1
[scan_planner_node-4] total time:[42m0.000205[0m,optimize:0.000154,refine:5.1e-05
[scan_planner_node-4] final_plan_success=1
[scan_planner_node-4] [FSM]: from REPLAN_TRAJ to EXEC_TRAJ
[closed_loop_controller-6] [INFO] [1786010845.138290032] [closed_loop_controller]: Received trajectory 299, duration 5.760s
[scan_planner_node-4] [FSM]: from EXEC_TRAJ to REPLAN_TRAJ
[scan_planner_node-4] 
[scan_planner_node-4] [rebo replan]: -------------------------------------301
[scan_planner_node-4] start:  8.56 -2.51  0.42,   -0.298    0.546 -0.00351
[scan_planner_node-4] goal: 8.52 0.969   0.4, -0.13  0.62     0
[scan_planner_node-4] [32miter(+1)=6,time(ms)=0.030,total_t(ms)=0.030,cost=0.010
[scan_planner_node-4] [0mfirst_optimize_step_success=1
[scan_planner_node-4] total time:[42m0.000229[0m,optimize:0.000183,refine:4.63e-05
[scan_planner_node-4] final_plan_success=1
[scan_planner_node-4] [FSM]: from REPLAN_TRAJ to EXEC_TRAJ
[closed_loop_controller-6] [INFO] [1786010845.276287498] [closed_loop_controller]: Received trajectory 300, duration 5.440s
[scan_planner_node-4] [FSM]: from EXEC_TRAJ to REPLAN_TRAJ
[scan_planner_node-4] 
[scan_planner_node-4] [rebo replan]: -------------------------------------302
[scan_planner_node-4] start:  8.52 -2.42 0.419,  -0.241   0.574 -0.0035
[scan_planner_node-4] goal: 8.19 0.994   0.4, -0.714 0.0362      0
[scan_planner_node-4] [32miter(+1)=13,time(ms)=0.083,total_t(ms)=0.084,cost=0.032
[scan_planner_node-4] [0mfirst_optimize_step_success=1
[scan_planner_node-4] total time:[42m0.000373[0m,optimize:0.000298,refine:7.56e-05
[scan_planner_node-4] final_plan_success=1
[closed_loop_controller-6] [INFO] [1786010845.425195734] [closed_loop_controller]: Received trajectory 301, duration 6.080s
[scan_planner_node-4] [FSM]: from REPLAN_TRAJ to EXEC_TRAJ
[scan_planner_node-4] [FSM]: from EXEC_TRAJ to REPLAN_TRAJ
[scan_planner_node-4] [INFO] [1786010845.545069008] [scan_planner_node]: [GridMapDiag] cloud=32768 accepted=25596 invalid=7172 below_sensor=0 outside_update=0 sensor_z=0.700 cutoff_z=1.700
[scan_planner_node-4] 
[scan_planner_node-4] [rebo replan]: -------------------------------------303
[scan_planner_node-4] start:  8.49 -2.35 0.419,   -0.193    0.593 -0.00346
[scan_planner_node-4] goal: 8.19 0.994   0.4, -0.714 0.0362      0
[scan_planner_node-4] [32miter(+1)=23,time(ms)=0.104,total_t(ms)=0.104,cost=0.032
[scan_planner_node-4] [0mfirst_optimize_step_success=1
[scan_planner_node-4] total time:[42m0.000282[0m,optimize:0.000228,refine:5.35e-05
[scan_planner_node-4] final_plan_success=1
[scan_planner_node-4] [FSM]: from REPLAN_TRAJ to EXEC_TRAJ
[closed_loop_controller-6] [INFO] [1786010845.547020508] [closed_loop_controller]: Received trajectory 302, duration 5.760s
[scan_planner_node-4] [FSM]: from EXEC_TRAJ to REPLAN_TRAJ
[scan_planner_node-4] 
[scan_planner_node-4] [rebo replan]: -------------------------------------304
[scan_planner_node-4] start:  8.47 -2.27 0.418,   -0.142    0.611 -0.00337
[scan_planner_node-4] goal:8.02    1  0.4,    -0.75 -0.00728        0
[scan_planner_node-4] [32miter(+1)=7,time(ms)=0.031,total_t(ms)=0.031,cost=0.014
[scan_planner_node-4] [0mfirst_optimize_step_success=1
[scan_planner_node-4] total time:[42m0.000308[0m,optimize:0.000261,refine:4.69e-05
[scan_planner_node-4] final_plan_success=1
[scan_planner_node-4] [FSM]: from REPLAN_TRAJ to EXEC_TRAJ
[closed_loop_controller-6] [INFO] [1786010845.688335633] [closed_loop_controller]: Received trajectory 303, duration 6.080s
[scan_planner_node-4] [INFO] [1786010845.824075461] [scan_planner_node]: [MapDecay] decayed=2039 cleared=546 active_occupied=7354
[scan_planner_node-4] [FSM]: from EXEC_TRAJ to REPLAN_TRAJ
[scan_planner_node-4] 
[scan_planner_node-4] [rebo replan]: -------------------------------------305
[scan_planner_node-4] start:  8.45 -2.13 0.418,  -0.0771    0.628 -0.00316
[scan_planner_node-4] goal:8.02    1  0.4,    -0.75 -0.00728        0
[scan_planner_node-4] [32miter(+1)=9,time(ms)=0.037,total_t(ms)=0.038,cost=0.017
[scan_planner_node-4] [0mfirst_optimize_step_success=1
[scan_planner_node-4] total time:[42m0.000208[0m,optimize:0.000163,refine:4.52e-05
[scan_planner_node-4] final_plan_success=1
[scan_planner_node-4] [FSM]: from REPLAN_TRAJ to EXEC_TRAJ
[closed_loop_controller-6] [INFO] [1786010845.902790456] [closed_loop_controller]: Received trajectory 304, duration 5.760s
[scan_planner_node-4] [FSM]: from EXEC_TRAJ to REPLAN_TRAJ
[scan_planner_node-4] 
[scan_planner_node-4] [rebo replan]: -------------------------------------306
[scan_planner_node-4] start:  8.44 -2.06 0.417,  -0.0436     0.63 -0.00305
[scan_planner_node-4] goal: 7.85 0.999   0.4,    -0.75 -0.00104        0
[scan_planner_node-4] [32miter(+1)=11,time(ms)=0.068,total_t(ms)=0.068,cost=0.013
[scan_planner_node-4] [0mfirst_optimize_step_success=1
[scan_planner_node-4] total time:[42m0.000303[0m,optimize:0.000242,refine:6.06e-05
[scan_planner_node-4] final_plan_success=1
[scan_planner_node-4] [FSM]: from REPLAN_TRAJ to EXEC_TRAJ
[closed_loop_controller-6] [INFO] [1786010846.027850934] [closed_loop_controller]: Received trajectory 305, duration 5.760s
[scan_planner_node-4] [FSM]: from EXEC_TRAJ to REPLAN_TRAJ
[scan_planner_node-4] 
[scan_planner_node-4] [rebo replan]: -------------------------------------307
[scan_planner_node-4] start:  8.44 -1.98 0.417,  -0.0114     0.63 -0.00298
[scan_planner_node-4] goal: 7.85 0.999   0.4,    -0.75 -0.00104        0
[scan_planner_node-4] [32miter(+1)=8,time(ms)=0.033,total_t(ms)=0.033,cost=0.009
[scan_planner_node-4] [0mfirst_optimize_step_success=1
[scan_planner_node-4] total time:[42m0.000229[0m,optimize:0.000184,refine:4.46e-05
[scan_planner_node-4] final_plan_success=1
[scan_planner_node-4] [FSM]: from REPLAN_TRAJ to EXEC_TRAJ
[closed_loop_controller-6] [INFO] [1786010846.158910968] [closed_loop_controller]: Received trajectory 306, duration 5.760s
[scan_planner_node-4] [FSM]: from EXEC_TRAJ to REPLAN_TRAJ
[scan_planner_node-4] 
[scan_planner_node-4] [rebo replan]: -------------------------------------308
[scan_planner_node-4] start:  8.44 -1.91 0.417,   0.0117    0.629 -0.00295
[scan_planner_node-4] goal:7.67    1  0.4, -0.748 0.0024      0
[scan_planner_node-4] [32miter(+1)=6,time(ms)=0.027,total_t(ms)=0.027,cost=0.010
[scan_planner_node-4] [0mfirst_optimize_step_success=1
[scan_planner_node-4] total time:[42m0.000266[0m,optimize:0.000221,refine:4.52e-05
[scan_planner_node-4] final_plan_success=1
[scan_planner_node-4] [FSM]: from REPLAN_TRAJ to EXEC_TRAJ
[closed_loop_controller-6] [INFO] [1786010846.260740706] [closed_loop_controller]: Received trajectory 307, duration 5.760s
[scan_planner_node-4] [FSM]: from EXEC_TRAJ to REPLAN_TRAJ
[scan_planner_node-4] 
[scan_planner_node-4] [rebo replan]: -------------------------------------309
[scan_planner_node-4] start:  8.44 -1.81 0.416,   0.0432    0.626 -0.00289
[scan_planner_node-4] goal:7.67    1  0.4, -0.748 0.0024      0
[scan_planner_node-4] [32miter(+1)=9,time(ms)=0.040,total_t(ms)=0.040,cost=0.010
[scan_planner_node-4] [0mfirst_optimize_step_success=1
[scan_planner_node-4] total time:[42m0.000228[0m,optimize:0.00018,refine:4.78e-05
[scan_planner_node-4] final_plan_success=1
[scan_planner_node-4] [FSM]: from REPLAN_TRAJ to EXEC_TRAJ
[closed_loop_controller-6] [INFO] [1786010846.425842466] [closed_loop_controller]: Received trajectory 308, duration 5.760s
[scan_planner_node-4] [FSM]: from EXEC_TRAJ to REPLAN_TRAJ
[scan_planner_node-4] 
[scan_planner_node-4] [rebo replan]: -------------------------------------310
[scan_planner_node-4] start:  8.45 -1.73 0.416,   0.0626    0.624 -0.00285
[scan_planner_node-4] goal:7.5   1 0.4,    -0.75 -0.00167        0
[scan_planner_node-4] [32miter(+1)=5,time(ms)=0.023,total_t(ms)=0.024,cost=0.011
[scan_planner_node-4] [0mfirst_optimize_step_success=1
[scan_planner_node-4] total time:[42m0.000212[0m,optimize:0.000163,refine:4.88e-05
[scan_planner_node-4] final_plan_success=1
[scan_planner_node-4] [FSM]: from REPLAN_TRAJ to EXEC_TRAJ
[closed_loop_controller-6] [INFO] [1786010846.559322297] [closed_loop_controller]: Received trajectory 309, duration 5.760s
[scan_planner_node-4] [FSM]: from EXEC_TRAJ to REPLAN_TRAJ
[scan_planner_node-4] 
[scan_planner_node-4] [rebo replan]: -------------------------------------311
[scan_planner_node-4] start:  8.46 -1.62 0.415,   0.0773    0.622 -0.00279
[scan_planner_node-4] goal:7.5   1 0.4,    -0.75 -0.00167        0
[scan_planner_node-4] [32miter(+1)=12,time(ms)=0.047,total_t(ms)=0.048,cost=0.010
[scan_planner_node-4] [0mfirst_optimize_step_success=1
[scan_planner_node-4] total time:[42m0.000227[0m,optimize:0.000183,refine:4.48e-05
[scan_planner_node-4] final_plan_success=1
[scan_planner_node-4] [FSM]: from REPLAN_TRAJ to EXEC_TRAJ
[closed_loop_controller-6] [INFO] [1786010846.724782981] [closed_loop_controller]: Received trajectory 310, duration 5.760s
[scan_planner_node-4] [FSM]: from EXEC_TRAJ to REPLAN_TRAJ
[scan_planner_node-4] [INFO] [1786010846.901290323] [scan_planner_node]: [MapDecay] decayed=2155 cleared=717 active_occupied=8868
[scan_planner_node-4] 
[scan_planner_node-4] [rebo replan]: -------------------------------------312
[scan_planner_node-4] start:  8.47 -1.51 0.415,   0.0802    0.621 -0.00272
[scan_planner_node-4] goal:7.32    1  0.4,   -0.75 0.00043       0
[scan_planner_node-4] [32miter(+1)=7,time(ms)=0.033,total_t(ms)=0.033,cost=0.012
[scan_planner_node-4] [0mfirst_optimize_step_success=1
[scan_planner_node-4] total time:[42m0.000268[0m,optimize:0.00022,refine:4.78e-05
[scan_planner_node-4] final_plan_success=1
[scan_planner_node-4] [FSM]: from REPLAN_TRAJ to EXEC_TRAJ
[closed_loop_controller-6] [INFO] [1786010846.901975484] [closed_loop_controller]: Received trajectory 311, duration 5.760s
[scan_planner_node-4] [FSM]: from EXEC_TRAJ to REPLAN_TRAJ
[scan_planner_node-4] 
[scan_planner_node-4] [rebo replan]: -------------------------------------313
[scan_planner_node-4] start:  8.49 -1.41 0.414,   0.0708    0.621 -0.00266
[scan_planner_node-4] goal:7.32    1  0.4,   -0.75 0.00043       0
[scan_planner_node-4] [32miter(+1)=6,time(ms)=0.028,total_t(ms)=0.028,cost=0.008
[scan_planner_node-4] [0mfirst_optimize_step_success=1
[scan_planner_node-4] total time:[42m0.000246[0m,optimize:0.000204,refine:4.19e-05
[scan_planner_node-4] final_plan_success=1
[scan_planner_node-4] [FSM]: from REPLAN_TRAJ to EXEC_TRAJ
[closed_loop_controller-6] [INFO] [1786010847.066941224] [closed_loop_controller]: Received trajectory 312, duration 5.440s
[scan_planner_node-4] [FSM]: from EXEC_TRAJ to REPLAN_TRAJ
[scan_planner_node-4] 
[scan_planner_node-4] [rebo replan]: -------------------------------------314
[scan_planner_node-4] start:   8.5 -1.31 0.414,  0.0526   0.622 -0.0026
[scan_planner_node-4] goal:7.15    1  0.4,  -0.749 0.00111       0
[scan_planner_node-4] [32miter(+1)=8,time(ms)=0.034,total_t(ms)=0.035,cost=0.013
[scan_planner_node-4] [0mfirst_optimize_step_success=1
[scan_planner_node-4] total time:[42m0.000223[0m,optimize:0.000179,refine:4.4e-05
[scan_planner_node-4] final_plan_success=1
[scan_planner_node-4] [FSM]: from REPLAN_TRAJ to EXEC_TRAJ
[closed_loop_controller-6] [INFO] [1786010847.228064554] [closed_loop_controller]: Received trajectory 313, duration 5.760s
[scan_planner_node-4] [FSM]: from EXEC_TRAJ to REPLAN_TRAJ
[scan_planner_node-4] [FSM]: state: REPLAN_TRAJ
[scan_planner_node-4] 
[scan_planner_node-4] [rebo replan]: -------------------------------------315
[scan_planner_node-4] start:   8.5 -1.23 0.414,   0.0335    0.623 -0.00256
[scan_planner_node-4] goal:6.97    1  0.4,   -0.75 -0.0032       0
[scan_planner_node-4] [32miter(+1)=4,time(ms)=0.017,total_t(ms)=0.018,cost=0.008
[scan_planner_node-4] [0mfirst_optimize_step_success=1
[scan_planner_node-4] total time:[42m0.000208[0m,optimize:0.000163,refine:4.49e-05
[scan_planner_node-4] final_plan_success=1
[scan_planner_node-4] [FSM]: from REPLAN_TRAJ to EXEC_TRAJ
[closed_loop_controller-6] [INFO] [1786010847.350380000] [closed_loop_controller]: Received trajectory 314, duration 5.760s
[scan_planner_node-4] [FSM]: from EXEC_TRAJ to REPLAN_TRAJ
[scan_planner_node-4] 
[scan_planner_node-4] [rebo replan]: -------------------------------------316
[scan_planner_node-4] start:   8.5 -1.13 0.413,  0.00595    0.623 -0.00246
[scan_planner_node-4] goal:6.97    1  0.4,   -0.75 -0.0032       0
[scan_planner_node-4] [32miter(+1)=9,time(ms)=0.048,total_t(ms)=0.048,cost=0.011
[scan_planner_node-4] [0mfirst_optimize_step_success=1
[scan_planner_node-4] total time:[42m0.000268[0m,optimize:0.000215,refine:5.24e-05
[scan_planner_node-4] final_plan_success=1
[scan_planner_node-4] [FSM]: from REPLAN_TRAJ to EXEC_TRAJ
[closed_loop_controller-6] [INFO] [1786010847.517756278] [closed_loop_controller]: Received trajectory 315, duration 5.760s
[scan_planner_node-4] [INFO] [1786010847.611607808] [scan_planner_node]: [GridMapDiag] cloud=32768 accepted=27476 invalid=5292 below_sensor=0 outside_update=0 sensor_z=0.700 cutoff_z=1.700
[scan_planner_node-4] [FSM]: from EXEC_TRAJ to REPLAN_TRAJ
[scan_planner_node-4] 
[scan_planner_node-4] [rebo replan]: -------------------------------------317
[scan_planner_node-4] start:   8.5 -1.04 0.413,  -0.0167    0.624 -0.00238
[scan_planner_node-4] goal:6.8   1 0.4, -0.744 0.0062      0
[scan_planner_node-4] [32miter(+1)=4,time(ms)=0.033,total_t(ms)=0.034,cost=0.009
[scan_planner_node-4] [0mfirst_optimize_step_success=1
[scan_planner_node-4] total time:[42m0.00029[0m,optimize:0.000246,refine:4.48e-05
[scan_planner_node-4] final_plan_success=1
[scan_planner_node-4] [FSM]: from REPLAN_TRAJ to EXEC_TRAJ
[closed_loop_controller-6] [INFO] [1786010847.664203141] [closed_loop_controller]: Received trajectory 316, duration 5.760s
[scan_planner_node-4] [FSM]: from EXEC_TRAJ to REPLAN_TRAJ
[scan_planner_node-4] 
[scan_planner_node-4] [rebo replan]: -------------------------------------318
[scan_planner_node-4] start:   8.5 -0.96 0.413,  -0.0315    0.625 -0.00231
[scan_planner_node-4] goal:6.8   1 0.4, -0.744 0.0062      0
[scan_planner_node-4] [32miter(+1)=9,time(ms)=0.042,total_t(ms)=0.043,cost=0.010
[scan_planner_node-4] [0mfirst_optimize_step_success=1
[scan_planner_node-4] total time:[42m0.000276[0m,optimize:0.000231,refine:4.47e-05
[scan_planner_node-4] final_plan_success=1
[scan_planner_node-4] [FSM]: from REPLAN_TRAJ to EXEC_TRAJ
[closed_loop_controller-6] [INFO] [1786010847.791202172] [closed_loop_controller]: Received trajectory 317, duration 5.760s
[scan_planner_node-4] [FSM]: from EXEC_TRAJ to REPLAN_TRAJ
[scan_planner_node-4] 
[scan_planner_node-4] [rebo replan]: -------------------------------------319
[scan_planner_node-4] start:    8.5 -0.885  0.412,  -0.0393    0.625 -0.00227
[scan_planner_node-4] goal:6.8   1 0.4, -0.744 0.0062      0
[scan_planner_node-4] [32miter(+1)=10,time(ms)=0.042,total_t(ms)=0.042,cost=0.013
[scan_planner_node-4] [0mfirst_optimize_step_success=1
[scan_planner_node-4] total time:[42m0.000237[0m,optimize:0.000191,refine:4.61e-05
[scan_planner_node-4] final_plan_success=1
[scan_planner_node-4] [FSM]: from REPLAN_TRAJ to EXEC_TRAJ
[closed_loop_controller-6] [INFO] [1786010847.910915137] [closed_loop_controller]: Received trajectory 318, duration 5.760s
[scan_planner_node-4] [INFO] [1786010847.954817340] [scan_planner_node]: [MapDecay] decayed=1117 cleared=601 active_occupied=8122
[scan_planner_node-4] [FSM]: from EXEC_TRAJ to REPLAN_TRAJ
[scan_planner_node-4] 
[scan_planner_node-4] [rebo replan]: -------------------------------------320
[scan_planner_node-4] start:   8.49 -0.805  0.412,  -0.0388    0.625 -0.00223
[scan_planner_node-4] goal:6.62    1  0.4,    -0.75 -0.00961        0
[scan_planner_node-4] [32miter(+1)=9,time(ms)=0.038,total_t(ms)=0.039,cost=0.010
[scan_planner_node-4] [0mfirst_optimize_step_success=1
[scan_planner_node-4] total time:[42m0.000227[0m,optimize:0.00018,refine:4.63e-05
[scan_planner_node-4] final_plan_success=1
[scan_planner_node-4] [FSM]: from REPLAN_TRAJ to EXEC_TRAJ
[closed_loop_controller-6] [INFO] [1786010848.039754202] [closed_loop_controller]: Received trajectory 319, duration 5.760s
[scan_planner_node-4] [FSM]: from EXEC_TRAJ to REPLAN_TRAJ
[scan_planner_node-4] 
[scan_planner_node-4] [rebo replan]: -------------------------------------321
[scan_planner_node-4] start:   8.49 -0.723  0.412,  -0.028   0.625 -0.0022
[scan_planner_node-4] goal:6.62    1  0.4,    -0.75 -0.00961        0
[scan_planner_node-4] [32miter(+1)=7,time(ms)=0.031,total_t(ms)=0.031,cost=0.006
[scan_planner_node-4] [0mfirst_optimize_step_success=1
[scan_planner_node-4] total time:[42m0.000233[0m,optimize:0.000191,refine:4.17e-05
[scan_planner_node-4] final_plan_success=1
[scan_planner_node-4] [FSM]: from REPLAN_TRAJ to EXEC_TRAJ
[closed_loop_controller-6] [INFO] [1786010848.170713465] [closed_loop_controller]: Received trajectory 320, duration 5.440s
[scan_planner_node-4] [FSM]: from EXEC_TRAJ to REPLAN_TRAJ
[scan_planner_node-4] 
[scan_planner_node-4] [rebo replan]: -------------------------------------322
[scan_planner_node-4] start:   8.48 -0.641  0.412, -0.00749    0.624 -0.00216
[scan_planner_node-4] goal: 6.44 0.997   0.4, -0.739 0.0111      0
[scan_planner_node-4] [32miter(+1)=7,time(ms)=0.032,total_t(ms)=0.033,cost=0.010
[scan_planner_node-4] [0mfirst_optimize_step_success=1
[scan_planner_node-4] total time:[42m0.000221[0m,optimize:0.000175,refine:4.63e-05
[scan_planner_node-4] final_plan_success=1
[scan_planner_node-4] [FSM]: from REPLAN_TRAJ to EXEC_TRAJ
[closed_loop_controller-6] [INFO] [1786010848.301004195] [closed_loop_controller]: Received trajectory 321, duration 5.760s
[scan_planner_node-4] [FSM]: from EXEC_TRAJ to REPLAN_TRAJ
[scan_planner_node-4] 
[scan_planner_node-4] [rebo replan]: -------------------------------------323
[scan_planner_node-4] start:   8.49 -0.534  0.411,  0.0312   0.621 -0.0021
[scan_planner_node-4] goal:6.28 1.01  0.4,     -0.75 -8.97e-05         0
[scan_planner_node-4] [32miter(+1)=10,time(ms)=0.046,total_t(ms)=0.047,cost=0.014
[scan_planner_node-4] [0mfirst_optimize_step_success=1
[scan_planner_node-4] total time:[42m0.000298[0m,optimize:0.000252,refine:4.63e-05
[scan_planner_node-4] final_plan_success=1
[scan_planner_node-4] [FSM]: from REPLAN_TRAJ to EXEC_TRAJ
[closed_loop_controller-6] [INFO] [1786010848.473684497] [closed_loop_controller]: Received trajectory 322, duration 6.080s
[scan_planner_node-4] [FSM]: from EXEC_TRAJ to REPLAN_TRAJ
[scan_planner_node-4] 
[scan_planner_node-4] [rebo replan]: -------------------------------------324
[scan_planner_node-4] start:   8.49 -0.456  0.411,   0.0646    0.618 -0.00203
[scan_planner_node-4] goal:6.28 1.01  0.4,     -0.75 -8.97e-05         0
[scan_planner_node-4] [32miter(+1)=9,time(ms)=0.045,total_t(ms)=0.046,cost=0.010
[scan_planner_node-4] [0mfirst_optimize_step_success=1
[scan_planner_node-4] total time:[42m0.000241[0m,optimize:0.000198,refine:4.26e-05
[scan_planner_node-4] final_plan_success=1
[scan_planner_node-4] [FSM]: from REPLAN_TRAJ to EXEC_TRAJ
[closed_loop_controller-6] [INFO] [1786010848.601724571] [closed_loop_controller]: Received trajectory 323, duration 5.760s
[scan_planner_node-4] [FSM]: from EXEC_TRAJ to REPLAN_TRAJ
[scan_planner_node-4] 
[scan_planner_node-4] [rebo replan]: -------------------------------------325
[scan_planner_node-4] start:   8.51 -0.335  0.411,    0.116    0.611 -0.00195
[scan_planner_node-4] goal: 6.08 0.984   0.4,  -0.747 -0.0626       0
[scan_planner_node-4] [32miter(+1)=6,time(ms)=0.033,total_t(ms)=0.034,cost=0.008
[scan_planner_node-4] [0mfirst_optimize_step_success=1
[scan_planner_node-4] total time:[42m0.00029[0m,optimize:0.000237,refine:5.35e-05
[scan_planner_node-4] final_plan_success=1
[scan_planner_node-4] [FSM]: from REPLAN_TRAJ to EXEC_TRAJ
[closed_loop_controller-6] [INFO] [1786010848.798422279] [closed_loop_controller]: Received trajectory 324, duration 5.760s
[scan_planner_node-4] [FSM]: from EXEC_TRAJ to REPLAN_TRAJ
[scan_planner_node-4] [INFO] [1786010848.959530709] [scan_planner_node]: [MapDecay] decayed=666 cleared=396 active_occupied=8834
[scan_planner_node-4] 
[scan_planner_node-4] [rebo replan]: -------------------------------------326
[scan_planner_node-4] start:   8.53 -0.236   0.41,     0.15    0.606 -0.00189
[scan_planner_node-4] goal: 6.08 0.984   0.4,  -0.747 -0.0626       0
[scan_planner_node-4] [32miter(+1)=10,time(ms)=0.039,total_t(ms)=0.039,cost=0.011
[scan_planner_node-4] [0mfirst_optimize_step_success=1
[scan_planner_node-4] total time:[42m0.000211[0m,optimize:0.000169,refine:4.22e-05
[scan_planner_node-4] final_plan_success=1
[scan_planner_node-4] [FSM]: from REPLAN_TRAJ to EXEC_TRAJ
[closed_loop_controller-6] [INFO] [1786010848.959997748] [closed_loop_controller]: Received trajectory 325, duration 5.760s
[scan_planner_node-4] [FSM]: from EXEC_TRAJ to REPLAN_TRAJ
[scan_planner_node-4] 
[scan_planner_node-4] [rebo replan]: -------------------------------------327
[scan_planner_node-4] start:   8.56 -0.143   0.41,    0.168    0.604 -0.00184
[scan_planner_node-4] goal: 6.08 0.984   0.4,  -0.747 -0.0626       0
[scan_planner_node-4] [32miter(+1)=6,time(ms)=0.042,total_t(ms)=0.042,cost=0.007
[scan_planner_node-4] [0mfirst_optimize_step_success=1
[scan_planner_node-4] total time:[42m0.000295[0m,optimize:0.000225,refine:7e-05
[scan_planner_node-4] final_plan_success=1
[scan_planner_node-4] [FSM]: from REPLAN_TRAJ to EXEC_TRAJ
[closed_loop_controller-6] [INFO] [1786010849.115023891] [closed_loop_controller]: Received trajectory 326, duration 5.440s
[scan_planner_node-4] [FSM]: from EXEC_TRAJ to REPLAN_TRAJ
[scan_planner_node-4] 
[scan_planner_node-4] [rebo replan]: -------------------------------------328
[scan_planner_node-4] start:    8.58 -0.0613    0.41,     0.17    0.605 -0.00182
[scan_planner_node-4] goal: 6.08 0.984   0.4,  -0.747 -0.0626       0
[scan_planner_node-4] [32miter(+1)=9,time(ms)=0.036,total_t(ms)=0.036,cost=0.010
[scan_planner_node-4] [0mfirst_optimize_step_success=1
[scan_planner_node-4] total time:[42m0.000237[0m,optimize:0.000197,refine:4e-05
[scan_planner_node-4] final_plan_success=1
[scan_planner_node-4] [FSM]: from REPLAN_TRAJ to EXEC_TRAJ
[closed_loop_controller-6] [INFO] [1786010849.250474008] [closed_loop_controller]: Received trajectory 327, duration 5.440s
[scan_planner_node-4] [FSM]: from EXEC_TRAJ to REPLAN_TRAJ
[scan_planner_node-4] 
[scan_planner_node-4] [rebo replan]: -------------------------------------329
[scan_planner_node-4] start:   8.61 0.0331  0.409,    0.151     0.61 -0.00181
[scan_planner_node-4] goal:6.01 1.26  0.4, 0.0439  0.749      0
[scan_planner_node-4] [32miter(+1)=31,time(ms)=0.154,total_t(ms)=0.155,cost=0.041
[scan_planner_node-4] [0mfirst_optimize_step_success=1
[scan_planner_node-4] total time:[42m0.000377[0m,optimize:0.000334,refine:4.27e-05
[scan_planner_node-4] final_plan_success=1
[scan_planner_node-4] [FSM]: from REPLAN_TRAJ to EXEC_TRAJ
[closed_loop_controller-6] [INFO] [1786010849.407552146] [closed_loop_controller]: Received trajectory 328, duration 5.760s
[scan_planner_node-4] [FSM]: from EXEC_TRAJ to REPLAN_TRAJ
[scan_planner_node-4] 
[scan_planner_node-4] [rebo replan]: -------------------------------------330
[scan_planner_node-4] start:  8.63  0.13 0.409,    0.113    0.619 -0.00178
[scan_planner_node-4] goal:6.01 1.26  0.4, 0.0439  0.749      0
[scan_planner_node-4] [32miter(+1)=23,time(ms)=0.103,total_t(ms)=0.104,cost=0.032
[scan_planner_node-4] [0mfirst_optimize_step_success=1
[scan_planner_node-4] total time:[42m0.000298[0m,optimize:0.000257,refine:4.14e-05
[scan_planner_node-4] final_plan_success=1
[scan_planner_node-4] [FSM]: from REPLAN_TRAJ to EXEC_TRAJ
[closed_loop_controller-6] [INFO] [1786010849.567067846] [closed_loop_controller]: Received trajectory 329, duration 5.760s
[scan_planner_node-4] [INFO] [1786010849.611473242] [scan_planner_node]: [GridMapDiag] cloud=32768 accepted=27415 invalid=5353 below_sensor=0 outside_update=0 sensor_z=0.700 cutoff_z=1.700
[scan_planner_node-4] [FSM]: from EXEC_TRAJ to REPLAN_TRAJ
[scan_planner_node-4] 
[scan_planner_node-4] [rebo replan]: -------------------------------------331
[scan_planner_node-4] start:  8.64 0.232 0.409,   0.0555    0.625 -0.00169
[scan_planner_node-4] goal:   6 1.43  0.4, -0.0375   0.713       0
[scan_planner_node-4] [32miter(+1)=13,time(ms)=0.070,total_t(ms)=0.070,cost=0.009
[scan_planner_node-4] [0mfirst_optimize_step_success=1
[scan_planner_node-4] total time:[42m0.000295[0m,optimize:0.000242,refine:5.34e-05
[scan_planner_node-4] final_plan_success=1
[scan_planner_node-4] [FSM]: from REPLAN_TRAJ to EXEC_TRAJ
[closed_loop_controller-6] [INFO] [1786010849.730545383] [closed_loop_controller]: Received trajectory 330, duration 6.080s
[scan_planner_node-4] [FSM]: from EXEC_TRAJ to REPLAN_TRAJ
[scan_planner_node-4] 
[scan_planner_node-4] [rebo replan]: -------------------------------------332
[scan_planner_node-4] start:  8.64 0.336 0.409,  -0.0191    0.618 -0.00158
[scan_planner_node-4] goal:   6 1.43  0.4, -0.0375   0.713       0
[scan_planner_node-4] [32miter(+1)=11,time(ms)=0.065,total_t(ms)=0.065,cost=0.009
[scan_planner_node-4] [0mfirst_optimize_step_success=1
[scan_planner_node-4] total time:[42m0.000288[0m,optimize:0.000224,refine:6.4e-05
[scan_planner_node-4] final_plan_success=1
[scan_planner_node-4] [FSM]: from REPLAN_TRAJ to EXEC_TRAJ
[closed_loop_controller-6] [INFO] [1786010849.896046965] [closed_loop_controller]: Received trajectory 331, duration 5.760s
[scan_planner_node-4] [INFO] [1786010849.971236872] [scan_planner_node]: [MapDecay] decayed=1448 cleared=647 active_occupied=10178
[scan_planner_node-4] [FSM]: from EXEC_TRAJ to REPLAN_TRAJ
[scan_planner_node-4] 
[scan_planner_node-4] [rebo replan]: -------------------------------------333
[scan_planner_node-4] start:  8.64 0.407 0.409,   -0.077    0.607 -0.00152
[scan_planner_node-4] goal:  6 1.6 0.4, 0.0218   0.75      0
[scan_planner_node-4] [32miter(+1)=10,time(ms)=0.039,total_t(ms)=0.039,cost=0.009
[scan_planner_node-4] [0mfirst_optimize_step_success=1
[scan_planner_node-4] total time:[42m0.000223[0m,optimize:0.000168,refine:5.47e-05
[scan_planner_node-4] final_plan_success=1
[scan_planner_node-4] [FSM]: from REPLAN_TRAJ to EXEC_TRAJ
[closed_loop_controller-6] [INFO] [1786010850.011064528] [closed_loop_controller]: Received trajectory 332, duration 5.760s
[scan_planner_node-4] [FSM]: from EXEC_TRAJ to REPLAN_TRAJ
[scan_planner_node-4] 
[scan_planner_node-4] [rebo replan]: -------------------------------------334
[scan_planner_node-4] start:  8.62 0.484 0.408,   -0.144    0.589 -0.00149
[scan_planner_node-4] goal:  6 1.6 0.4, 0.0218   0.75      0
[scan_planner_node-4] [32miter(+1)=12,time(ms)=0.046,total_t(ms)=0.046,cost=0.008
[scan_planner_node-4] [0mfirst_optimize_step_success=1
[scan_planner_node-4] total time:[42m0.000214[0m,optimize:0.000172,refine:4.18e-05
[scan_planner_node-4] final_plan_success=1
[scan_planner_node-4] [FSM]: from REPLAN_TRAJ to EXEC_TRAJ
[closed_loop_controller-6] [INFO] [1786010850.137458095] [closed_loop_controller]: Received trajectory 333, duration 5.760s
[scan_planner_node-4] [FSM]: from EXEC_TRAJ to REPLAN_TRAJ
[scan_planner_node-4] 
[scan_planner_node-4] [rebo replan]: -------------------------------------335
[scan_planner_node-4] start:  8.59 0.567 0.408,   -0.219    0.561 -0.00146
[scan_planner_node-4] goal:   6 1.78  0.4, -0.0113   0.739       0
[scan_planner_node-4] [32miter(+1)=12,time(ms)=0.047,total_t(ms)=0.047,cost=0.007
[scan_planner_node-4] [0mfirst_optimize_step_success=1
[scan_planner_node-4] total time:[42m0.000284[0m,optimize:0.000241,refine:4.27e-05
[scan_planner_node-4] final_plan_success=1
[scan_planner_node-4] [FSM]: from REPLAN_TRAJ to EXEC_TRAJ
[closed_loop_controller-6] [INFO] [1786010850.276058359] [closed_loop_controller]: Received trajectory 334, duration 5.760s
[scan_planner_node-4] [FSM]: from EXEC_TRAJ to REPLAN_TRAJ
[scan_planner_node-4] 
[scan_planner_node-4] [rebo replan]: -------------------------------------336
[scan_planner_node-4] start:  8.55 0.652 0.408,   -0.299    0.522 -0.00144
[scan_planner_node-4] goal:   6 1.78  0.4, -0.0113   0.739       0
[scan_planner_node-4] [32miter(+1)=7,time(ms)=0.044,total_t(ms)=0.044,cost=0.009
[scan_planner_node-4] [0mfirst_optimize_step_success=1
[scan_planner_node-4] total time:[42m0.000226[0m,optimize:0.000174,refine:5.17e-05
[scan_planner_node-4] final_plan_success=1
[scan_planner_node-4] [FSM]: from REPLAN_TRAJ to EXEC_TRAJ
[closed_loop_controller-6] [INFO] [1786010850.432838196] [closed_loop_controller]: Received trajectory 335, duration 5.440s
[scan_planner_node-4] [FSM]: from EXEC_TRAJ to REPLAN_TRAJ
[scan_planner_node-4] 
[scan_planner_node-4] [rebo replan]: -------------------------------------337
[scan_planner_node-4] start:  8.51 0.715 0.408,    -0.36    0.485 -0.00142
[scan_planner_node-4] goal:   6 1.95  0.4, 0.00477    0.75       0
[scan_planner_node-4] [32miter(+1)=11,time(ms)=0.046,total_t(ms)=0.047,cost=0.009
[scan_planner_node-4] [0mfirst_optimize_step_success=1
[scan_planner_node-4] total time:[42m0.000337[0m,optimize:0.000294,refine:4.31e-05
[scan_planner_node-4] final_plan_success=1
[scan_planner_node-4] [FSM]: from REPLAN_TRAJ to EXEC_TRAJ
[closed_loop_controller-6] [INFO] [1786010850.552486730] [closed_loop_controller]: Received trajectory 336, duration 5.760s
[scan_planner_node-4] [FSM]: from EXEC_TRAJ to REPLAN_TRAJ
[scan_planner_node-4] 
[scan_planner_node-4] [rebo replan]: -------------------------------------338
[scan_planner_node-4] start:  8.45 0.788 0.408,   -0.429    0.434 -0.00139
[scan_planner_node-4] goal:   6 1.95  0.4, 0.00477    0.75       0
[scan_planner_node-4] [32miter(+1)=7,time(ms)=0.030,total_t(ms)=0.031,cost=0.008
[scan_planner_node-4] [0mfirst_optimize_step_success=1
[scan_planner_node-4] total time:[42m0.000254[0m,optimize:0.000204,refine:4.99e-05
[scan_planner_node-4] final_plan_success=1
[scan_planner_node-4] [FSM]: from REPLAN_TRAJ to EXEC_TRAJ
[closed_loop_controller-6] [INFO] [1786010850.711760128] [closed_loop_controller]: Received trajectory 337, duration 5.440s
[scan_planner_node-4] [FSM]: from EXEC_TRAJ to REPLAN_TRAJ
[scan_planner_node-4] 
[scan_planner_node-4] [rebo replan]: -------------------------------------339
[scan_planner_node-4] start:  8.37 0.855 0.407,   -0.487    0.379 -0.00136
[scan_planner_node-4] goal:   6 1.95  0.4, 0.00477    0.75       0
[scan_planner_node-4] [32miter(+1)=12,time(ms)=0.071,total_t(ms)=0.072,cost=0.009
[scan_planner_node-4] [0mfirst_optimize_step_success=1
[scan_planner_node-4] total time:[42m0.000379[0m,optimize:0.000281,refine:9.81e-05
[scan_planner_node-4] final_plan_success=1
[closed_loop_controller-6] [INFO] [1786010850.875317799] [closed_loop_controller]: Received trajectory 338, duration 5.440s
[scan_planner_node-4] [FSM]: from REPLAN_TRAJ to EXEC_TRAJ
[scan_planner_node-4] [FSM]: from EXEC_TRAJ to REPLAN_TRAJ
[scan_planner_node-4] 
[scan_planner_node-4] [rebo replan]: -------------------------------------340
[scan_planner_node-4] start:   8.3 0.902 0.407,   -0.526    0.333 -0.00135
[scan_planner_node-4] goal:   6 2.13  0.4, -0.00165    0.748        0
[scan_planner_node-4] [32miter(+1)=7,time(ms)=0.034,total_t(ms)=0.034,cost=0.009
[scan_planner_node-4] [0mfirst_optimize_step_success=1
[scan_planner_node-4] total time:[42m0.00019[0m,optimize:0.000151,refine:3.9e-05
[scan_planner_node-4] final_plan_success=1
[scan_planner_node-4] [FSM]: from REPLAN_TRAJ to EXEC_TRAJ
[closed_loop_controller-6] [INFO] [1786010851.007117587] [closed_loop_controller]: Received trajectory 339, duration 5.440s
[scan_planner_node-4] [INFO] [1786010851.052603125] [scan_planner_node]: [MapDecay] decayed=2537 cleared=824 active_occupied=8597
[scan_planner_node-4] [FSM]: from EXEC_TRAJ to REPLAN_TRAJ
[scan_planner_node-4] 
[scan_planner_node-4] [rebo replan]: -------------------------------------341
[scan_planner_node-4] start:  8.21 0.954 0.407,   -0.564    0.276 -0.00133
[scan_planner_node-4] goal:   6 2.48  0.4, 0 0 0
[scan_planner_node-4] [32miter(+1)=28,time(ms)=0.147,total_t(ms)=0.148,cost=0.021
[scan_planner_node-4] [0mfirst_optimize_step_success=1
[scan_planner_node-4] total time:[42m0.00042[0m,optimize:0.000359,refine:6.05e-05
[scan_planner_node-4] final_plan_success=1
[scan_planner_node-4] [FSM]: from REPLAN_TRAJ to EXEC_TRAJ
[closed_loop_controller-6] [INFO] [1786010851.179292927] [closed_loop_controller]: Received trajectory 340, duration 6.080s
[scan_planner_node-4] [FSM]: from EXEC_TRAJ to REPLAN_TRAJ
[scan_planner_node-4] 
[scan_planner_node-4] [rebo replan]: -------------------------------------342
[scan_planner_node-4] start:  8.14 0.986 0.407,   -0.584     0.23 -0.00128
[scan_planner_node-4] goal:   6 2.48  0.4, 0 0 0
[scan_planner_node-4] [32miter(+1)=35,time(ms)=0.157,total_t(ms)=0.157,cost=0.016
[scan_planner_node-4] [0mfirst_optimize_step_success=1
[scan_planner_node-4] total time:[42m0.000305[0m,optimize:0.000264,refine:4.09e-05
[scan_planner_node-4] final_plan_success=1
[scan_planner_node-4] [FSM]: from REPLAN_TRAJ to EXEC_TRAJ
[closed_loop_controller-6] [INFO] [1786010851.305371180] [closed_loop_controller]: Received trajectory 341, duration 5.760s
[scan_planner_node-4] [FSM]: from EXEC_TRAJ to REPLAN_TRAJ
[scan_planner_node-4] 
[scan_planner_node-4] [rebo replan]: -------------------------------------343
[scan_planner_node-4] start:  8.02  1.02 0.406,     -0.6    0.153 -0.00121
[scan_planner_node-4] goal:   6 2.65  0.4, 0 0 0
[scan_planner_node-4] [32miter(+1)=28,time(ms)=0.139,total_t(ms)=0.139,cost=0.024
[scan_planner_node-4] [0mfirst_optimize_step_success=1
[scan_planner_node-4] total time:[42m0.000344[0m,optimize:0.000292,refine:5.26e-05
[scan_planner_node-4] final_plan_success=1
[scan_planner_node-4] [FSM]: from REPLAN_TRAJ to EXEC_TRAJ
[closed_loop_controller-6] [INFO] [1786010851.508190787] [closed_loop_controller]: Received trajectory 342, duration 5.760s
[scan_planner_node-4] [FSM]: from EXEC_TRAJ to REPLAN_TRAJ
[scan_planner_node-4] 
[scan_planner_node-4] [rebo replan]: -------------------------------------344
[scan_planner_node-4] start:  7.92  1.04 0.406,   -0.605   0.0834 -0.00117
[scan_planner_node-4] goal:   6 2.83  0.4, 0 0 0
[scan_planner_node-4] [32miter(+1)=33,time(ms)=0.167,total_t(ms)=0.168,cost=0.018
[scan_planner_node-4] [0mfirst_optimize_step_success=1
[scan_planner_node-4] total time:[42m0.000369[0m,optimize:0.000325,refine:4.36e-05
[scan_planner_node-4] final_plan_success=1
[scan_planner_node-4] [FSM]: from REPLAN_TRAJ to EXEC_TRAJ
[closed_loop_controller-6] [INFO] [1786010851.673619907] [closed_loop_controller]: Received trajectory 343, duration 5.760s
[scan_planner_node-4] [FSM]: from EXEC_TRAJ to REPLAN_TRAJ
[scan_planner_node-4] [INFO] [1786010851.802003036] [scan_planner_node]: [GridMapDiag] cloud=32768 accepted=26980 invalid=5788 below_sensor=0 outside_update=0 sensor_z=0.700 cutoff_z=1.700
[scan_planner_node-4] 
[scan_planner_node-4] [rebo replan]: -------------------------------------345
[scan_planner_node-4] start:  7.84  1.05 0.406,   -0.607    0.027 -0.00115
[scan_planner_node-4] goal:   6 2.83  0.4, 0 0 0
[scan_planner_node-4] [32miter(+1)=30,time(ms)=0.156,total_t(ms)=0.156,cost=0.026
[scan_planner_node-4] [0mfirst_optimize_step_success=1
[scan_planner_node-4] total time:[42m0.000334[0m,optimize:0.00028,refine:5.37e-05
[scan_planner_node-4] final_plan_success=1
[scan_planner_node-4] [FSM]: from REPLAN_TRAJ to EXEC_TRAJ
[closed_loop_controller-6] [INFO] [1786010851.803754796] [closed_loop_controller]: Received trajectory 344, duration 5.440s
[scan_planner_node-4] [FSM]: from EXEC_TRAJ to REPLAN_TRAJ
[scan_planner_node-4] 
[scan_planner_node-4] [rebo replan]: -------------------------------------346
[scan_planner_node-4] start:  7.71  1.05 0.406,   -0.612  -0.0475 -0.00113
[scan_planner_node-4] goal:   6 2.96  0.4, 0 0 0
[scan_planner_node-4] [32miter(+1)=32,time(ms)=0.161,total_t(ms)=0.161,cost=0.026
[scan_planner_node-4] [0mfirst_optimize_step_success=1
[scan_planner_node-4] total time:[42m0.000441[0m,optimize:0.00039,refine:5.07e-05
[scan_planner_node-4] final_plan_success=1
[scan_planner_node-4] [FSM]: from REPLAN_TRAJ to EXEC_TRAJ
[closed_loop_controller-6] [INFO] [1786010852.011944906] [closed_loop_controller]: Received trajectory 345, duration 5.440s
[scan_planner_node-4] [INFO] [1786010852.057844326] [scan_planner_node]: [MapDecay] decayed=8 cleared=2 active_occupied=11440
[scan_planner_node-4] [FSM]: from EXEC_TRAJ to REPLAN_TRAJ
[scan_planner_node-4] 
[scan_planner_node-4] [rebo replan]: -------------------------------------347
[scan_planner_node-4] start:   7.6  1.04 0.406,   -0.618  -0.0926 -0.00112
[scan_planner_node-4] goal:   6 2.96  0.4, 0 0 0
[scan_planner_node-4] [32miter(+1)=37,time(ms)=0.161,total_t(ms)=0.161,cost=0.015
[scan_planner_node-4] [0mfirst_optimize_step_success=1
[scan_planner_node-4] total time:[42m0.000359[0m,optimize:0.000314,refine:4.46e-05
[scan_planner_node-4] final_plan_success=1
[scan_planner_node-4] [FSM]: from REPLAN_TRAJ to EXEC_TRAJ
[closed_loop_controller-6] [INFO] [1786010852.185144093] [closed_loop_controller]: Received trajectory 346, duration 5.120s
[scan_planner_node-4] [FSM]: from EXEC_TRAJ to REPLAN_TRAJ
[scan_planner_node-4] 
[scan_planner_node-4] [rebo replan]: -------------------------------------348
[scan_planner_node-4] start:  7.52  1.02 0.406,   -0.622    -0.12 -0.00111
[scan_planner_node-4] goal:  6   3 0.4, 0 0 0
[scan_planner_node-4] [32miter(+1)=32,time(ms)=0.130,total_t(ms)=0.130,cost=0.023
[scan_planner_node-4] [0mfirst_optimize_step_success=1
[scan_planner_node-4] total time:[42m0.000277[0m,optimize:0.00023,refine:4.69e-05
[scan_planner_node-4] final_plan_success=1
[scan_planner_node-4] [FSM]: from REPLAN_TRAJ to EXEC_TRAJ
[closed_loop_controller-6] [INFO] [1786010852.312369437] [closed_loop_controller]: Received trajectory 347, duration 4.800s
[scan_planner_node-4] [FSM]: from EXEC_TRAJ to REPLAN_TRAJ
[scan_planner_node-4] 
[scan_planner_node-4] [rebo replan]: -------------------------------------349
[scan_planner_node-4] start:  7.44     1 0.405,   -0.626   -0.145 -0.00112
[scan_planner_node-4] goal:  6   3 0.4, 0 0 0
[scan_planner_node-4] [32miter(+1)=30,time(ms)=0.122,total_t(ms)=0.122,cost=0.018
[scan_planner_node-4] [0mfirst_optimize_step_success=1
[scan_planner_node-4] total time:[42m0.00031[0m,optimize:0.000273,refine:3.68e-05
[scan_planner_node-4] final_plan_success=1
[scan_planner_node-4] [FSM]: from REPLAN_TRAJ to EXEC_TRAJ
[closed_loop_controller-6] [INFO] [1786010852.454498970] [closed_loop_controller]: Received trajectory 348, duration 4.800s
[scan_planner_node-4] [FSM]: from EXEC_TRAJ to REPLAN_TRAJ
[scan_planner_node-4] 
[scan_planner_node-4] [rebo replan]: -------------------------------------350
[scan_planner_node-4] start:  7.36 0.983 0.405,   -0.628   -0.153 -0.00113
[scan_planner_node-4] goal:  6   3 0.4, 0 0 0
[scan_planner_node-4] [32miter(+1)=26,time(ms)=0.096,total_t(ms)=0.096,cost=0.033
[scan_planner_node-4] [0mfirst_optimize_step_success=1
[scan_planner_node-4] Need to reallocate time.
[scan_planner_node-4] total time:[42m0.000463[0m,optimize:0.000253,refine:0.00021
[scan_planner_node-4] final_plan_success=1
[scan_planner_node-4] [FSM]: from REPLAN_TRAJ to EXEC_TRAJ
[closed_loop_controller-6] [INFO] [1786010852.586164671] [closed_loop_controller]: Received trajectory 349, duration 5.204s
[scan_planner_node-4] [FSM]: from EXEC_TRAJ to REPLAN_TRAJ
[scan_planner_node-4] 
[scan_planner_node-4] [rebo replan]: -------------------------------------351
[scan_planner_node-4] start:  7.28 0.966 0.405,   -0.625   -0.144 -0.00114
[scan_planner_node-4] goal:  6   3 0.4, 0 0 0
[scan_planner_node-4] [32miter(+1)=30,time(ms)=0.106,total_t(ms)=0.107,cost=0.029
[scan_planner_node-4] [0mfirst_optimize_step_success=1
[scan_planner_node-4] total time:[42m0.000248[0m,optimize:0.000215,refine:3.32e-05
[scan_planner_node-4] final_plan_success=1
[scan_planner_node-4] [FSM]: from REPLAN_TRAJ to EXEC_TRAJ
[closed_loop_controller-6] [INFO] [1786010852.707573309] [closed_loop_controller]: Received trajectory 350, duration 4.480s
[scan_planner_node-4] [FSM]: state: EXEC_TRAJ
[scan_planner_node-4] [FSM]: from EXEC_TRAJ to REPLAN_TRAJ
[scan_planner_node-4] 
[scan_planner_node-4] [rebo replan]: -------------------------------------352
[scan_planner_node-4] start:   7.2 0.948 0.405,   -0.618   -0.119 -0.00115
[scan_planner_node-4] goal:  6   3 0.4, 0 0 0
[scan_planner_node-4] [32miter(+1)=27,time(ms)=0.113,total_t(ms)=0.113,cost=0.023
[scan_planner_node-4] [0mfirst_optimize_step_success=1
[scan_planner_node-4] total time:[42m0.000281[0m,optimize:0.000239,refine:4.14e-05
[scan_planner_node-4] final_plan_success=1
[scan_planner_node-4] [FSM]: from REPLAN_TRAJ to EXEC_TRAJ
[closed_loop_controller-6] [INFO] [1786010852.845574436] [closed_loop_controller]: Received trajectory 351, duration 4.480s
[scan_planner_node-4] [FSM]: from EXEC_TRAJ to REPLAN_TRAJ
[scan_planner_node-4] 
[scan_planner_node-4] [rebo replan]: -------------------------------------353
[scan_planner_node-4] start:  7.09 0.932 0.405,   -0.606  -0.0617 -0.00116
[scan_planner_node-4] goal:  6   3 0.4, 0 0 0
[scan_planner_node-4] [32miter(+1)=34,time(ms)=0.130,total_t(ms)=0.131,cost=0.026
[scan_planner_node-4] [0mfirst_optimize_step_success=1
[scan_planner_node-4] total time:[42m0.000398[0m,optimize:0.000364,refine:3.43e-05
[scan_planner_node-4] final_plan_success=1
[scan_planner_node-4] [FSM]: from REPLAN_TRAJ to EXEC_TRAJ
[closed_loop_controller-6] [INFO] [1786010853.021953849] [closed_loop_controller]: Received trajectory 352, duration 4.160s
[scan_planner_node-4] [INFO] [1786010853.066187647] [scan_planner_node]: [MapDecay] decayed=6 cleared=1 active_occupied=11663
[scan_planner_node-4] [FSM]: from EXEC_TRAJ to REPLAN_TRAJ
[scan_planner_node-4] 
[scan_planner_node-4] [rebo replan]: -------------------------------------354
[scan_planner_node-4] start:  6.99 0.928 0.405,   -0.587    0.018 -0.00117
[scan_planner_node-4] goal:  6   3 0.4, 0 0 0
[scan_planner_node-4] [32miter(+1)=28,time(ms)=0.128,total_t(ms)=0.128,cost=0.041
[scan_planner_node-4] [0mfirst_optimize_step_success=1
[scan_planner_node-4] Need to reallocate time.
[scan_planner_node-4] total time:[42m0.000584[0m,optimize:0.000275,refine:0.000309
[scan_planner_node-4] final_plan_success=1
[scan_planner_node-4] [FSM]: from REPLAN_TRAJ to EXEC_TRAJ
[closed_loop_controller-6] [INFO] [1786010853.192913075] [closed_loop_controller]: Received trajectory 353, duration 4.428s
[scan_planner_node-4] [FSM]: from EXEC_TRAJ to REPLAN_TRAJ
[scan_planner_node-4] 
[scan_planner_node-4] [rebo replan]: -------------------------------------355
[scan_planner_node-4] start:   6.9 0.939 0.404,   -0.557   0.0942 -0.00116
[scan_planner_node-4] goal:  6   3 0.4, 0 0 0
[scan_planner_node-4] [32miter(+1)=22,time(ms)=0.073,total_t(ms)=0.073,cost=0.039
[scan_planner_node-4] [0mfirst_optimize_step_success=1
[scan_planner_node-4] Need to reallocate time.
[scan_planner_node-4] total time:[42m0.000369[0m,optimize:0.000167,refine:0.000201
[scan_planner_node-4] final_plan_success=1
[scan_planner_node-4] [FSM]: from REPLAN_TRAJ to EXEC_TRAJ
[closed_loop_controller-6] [INFO] [1786010853.333016763] [closed_loop_controller]: Received trajectory 354, duration 4.578s
[scan_planner_node-4] [FSM]: from EXEC_TRAJ to REPLAN_TRAJ
[scan_planner_node-4] 
[scan_planner_node-4] [rebo replan]: -------------------------------------356
[scan_planner_node-4] start:   6.8 0.969 0.404,   -0.503    0.186 -0.00114
[scan_planner_node-4] goal:  6   3 0.4, 0 0 0
[scan_planner_node-4] [32miter(+1)=22,time(ms)=0.116,total_t(ms)=0.116,cost=0.026
[scan_planner_node-4] [0mfirst_optimize_step_success=1
[scan_planner_node-4] total time:[42m0.000336[0m,optimize:0.000283,refine:5.34e-05
[scan_planner_node-4] final_plan_success=1
[scan_planner_node-4] [FSM]: from REPLAN_TRAJ to EXEC_TRAJ
[closed_loop_controller-6] [INFO] [1786010853.513832125] [closed_loop_controller]: Received trajectory 355, duration 3.840s
[scan_planner_node-4] [FSM]: from EXEC_TRAJ to REPLAN_TRAJ
[scan_planner_node-4] 
[scan_planner_node-4] [rebo replan]: -------------------------------------357
[scan_planner_node-4] start:  6.75 0.996 0.404,   -0.472    0.234 -0.00113
[scan_planner_node-4] goal:  6   3 0.4, 0 0 0
[scan_planner_node-4] [32miter(+1)=25,time(ms)=0.084,total_t(ms)=0.084,cost=0.037
[scan_planner_node-4] [0mfirst_optimize_step_success=1
[scan_planner_node-4] Need to reallocate time.
[scan_planner_node-4] total time:[42m0.000336[0m,optimize:0.000172,refine:0.000163
[scan_planner_node-4] final_plan_success=1
[scan_planner_node-4] [FSM]: from REPLAN_TRAJ to EXEC_TRAJ
[closed_loop_controller-6] [INFO] [1786010853.611032086] [closed_loop_controller]: Received trajectory 356, duration 4.051s
[scan_planner_node-4] [FSM]: from EXEC_TRAJ to REPLAN_TRAJ
[scan_planner_node-4] 
[scan_planner_node-4] [rebo replan]: -------------------------------------358
[scan_planner_node-4] start:  6.67  1.04 0.404,   -0.418    0.302 -0.00112
[scan_planner_node-4] goal:  6   3 0.4, 0 0 0
[scan_planner_node-4] [32miter(+1)=24,time(ms)=0.077,total_t(ms)=0.077,cost=0.024
[scan_planner_node-4] [0mfirst_optimize_step_success=1
[scan_planner_node-4] total time:[42m0.000219[0m,optimize:0.000178,refine:4.1e-05
[scan_planner_node-4] final_plan_success=1
[scan_planner_node-4] [FSM]: from REPLAN_TRAJ to EXEC_TRAJ
[closed_loop_controller-6] [INFO] [1786010853.757082987] [closed_loop_controller]: Received trajectory 357, duration 3.520s
[scan_planner_node-4] [FSM]: from EXEC_TRAJ to REPLAN_TRAJ
[scan_planner_node-4] 
[scan_planner_node-4] [rebo replan]: -------------------------------------359
[scan_planner_node-4] start:   6.6  1.12 0.404,   -0.339    0.396 -0.00113
[scan_planner_node-4] goal:  6   3 0.4, 0 0 0
[scan_planner_node-4] [32miter(+1)=22,time(ms)=0.064,total_t(ms)=0.064,cost=0.036
[scan_planner_node-4] [0mfirst_optimize_step_success=1
[scan_planner_node-4] Need to reallocate time.
[scan_planner_node-4] total time:[42m0.000297[0m,optimize:0.00014,refine:0.000156
[scan_planner_node-4] final_plan_success=1
[scan_planner_node-4] [FSM]: from REPLAN_TRAJ to EXEC_TRAJ
[closed_loop_controller-6] [INFO] [1786010853.938089904] [closed_loop_controller]: Received trajectory 358, duration 3.652s
[scan_planner_node-4] [INFO] [1786010853.947030504] [scan_planner_node]: [GridMapDiag] cloud=32768 accepted=26325 invalid=6443 below_sensor=0 outside_update=0 sensor_z=0.700 cutoff_z=1.700
[scan_planner_node-4] [FSM]: from EXEC_TRAJ to REPLAN_TRAJ
[scan_planner_node-4] [INFO] [1786010854.137277954] [scan_planner_node]: [MapDecay] decayed=3750 cleared=1868 active_occupied=14192
[scan_planner_node-4] 
[scan_planner_node-4] [rebo replan]: -------------------------------------360
[scan_planner_node-4] start:  6.54  1.21 0.403,    -0.25    0.495 -0.00113
[scan_planner_node-4] goal:  6   3 0.4, 0 0 0
[scan_planner_node-4] [32miter(+1)=23,time(ms)=0.067,total_t(ms)=0.067,cost=0.018
[scan_planner_node-4] [0mfirst_optimize_step_success=1
[scan_planner_node-4] total time:[42m0.000295[0m,optimize:0.000269,refine:2.59e-05
[scan_planner_node-4] final_plan_success=1
[scan_planner_node-4] [FSM]: from REPLAN_TRAJ to EXEC_TRAJ
[closed_loop_controller-6] [INFO] [1786010854.137975352] [closed_loop_controller]: Received trajectory 359, duration 3.200s
[scan_planner_node-4] [FSM]: from EXEC_TRAJ to REPLAN_TRAJ
[scan_planner_node-4] 
[scan_planner_node-4] [rebo replan]: -------------------------------------361
[scan_planner_node-4] start:   6.5  1.32 0.403,   -0.166    0.587 -0.00113
[scan_planner_node-4] goal:  6   3 0.4, 0 0 0
[scan_planner_node-4] [32miter(+1)=22,time(ms)=0.061,total_t(ms)=0.061,cost=0.028
[scan_planner_node-4] [0mfirst_optimize_step_success=1
[scan_planner_node-4] total time:[42m0.000283[0m,optimize:0.000259,refine:2.41e-05
[scan_planner_node-4] final_plan_success=1
[scan_planner_node-4] [FSM]: from REPLAN_TRAJ to EXEC_TRAJ
[closed_loop_controller-6] [INFO] [1786010854.332553262] [closed_loop_controller]: Received trajectory 360, duration 2.880s
[scan_planner_node-4] [FSM]: from EXEC_TRAJ to REPLAN_TRAJ
[scan_planner_node-4] 
[scan_planner_node-4] [rebo replan]: -------------------------------------362
[scan_planner_node-4] start:  6.47  1.45 0.403,  -0.0944    0.672 -0.00114
[scan_planner_node-4] goal:  6   3 0.4, 0 0 0
[scan_planner_node-4] [32miter(+1)=20,time(ms)=0.062,total_t(ms)=0.062,cost=0.016
[scan_planner_node-4] [0mfirst_optimize_step_success=1
[scan_planner_node-4] total time:[42m0.000302[0m,optimize:0.000278,refine:2.34e-05
[scan_planner_node-4] final_plan_success=1
[scan_planner_node-4] [FSM]: from REPLAN_TRAJ to EXEC_TRAJ
[closed_loop_controller-6] [INFO] [1786010854.531799019] [closed_loop_controller]: Received trajectory 361, duration 2.880s
[scan_planner_node-4] [FSM]: from EXEC_TRAJ to REPLAN_TRAJ
[scan_planner_node-4] 
[scan_planner_node-4] [rebo replan]: -------------------------------------363
[scan_planner_node-4] start:  6.46  1.57 0.403,  -0.0493    0.726 -0.00115
[scan_planner_node-4] goal:  6   3 0.4, 0 0 0
[scan_planner_node-4] [32miter(+1)=20,time(ms)=0.071,total_t(ms)=0.071,cost=0.025
[scan_planner_node-4] [0mfirst_optimize_step_success=1
[scan_planner_node-4] total time:[42m0.000254[0m,optimize:0.000228,refine:2.58e-05
[scan_planner_node-4] final_plan_success=1
[scan_planner_node-4] [FSM]: from REPLAN_TRAJ to EXEC_TRAJ
[closed_loop_controller-6] [INFO] [1786010854.713004595] [closed_loop_controller]: Received trajectory 362, duration 2.560s
[scan_planner_node-4] [FSM]: from EXEC_TRAJ to REPLAN_TRAJ
[scan_planner_node-4] 
[scan_planner_node-4] [rebo replan]: -------------------------------------364
[scan_planner_node-4] start:  6.46  1.63 0.403,  -0.0353    0.743 -0.00115
[scan_planner_node-4] goal:  6   3 0.4, 0 0 0
[scan_planner_node-4] [32miter(+1)=18,time(ms)=0.057,total_t(ms)=0.057,cost=0.020
[scan_planner_node-4] [0mfirst_optimize_step_success=1
[scan_planner_node-4] total time:[42m0.000145[0m,optimize:0.000124,refine:2.11e-05
[scan_planner_node-4] final_plan_success=1
[scan_planner_node-4] [FSM]: from REPLAN_TRAJ to EXEC_TRAJ
[closed_loop_controller-6] [INFO] [1786010854.806085390] [closed_loop_controller]: Received trajectory 363, duration 2.560s
[scan_planner_node-4] [FSM]: from EXEC_TRAJ to REPLAN_TRAJ
[scan_planner_node-4] 
[scan_planner_node-4] [rebo replan]: -------------------------------------365
[scan_planner_node-4] start:  6.46  1.72 0.403,  -0.0276    0.762 -0.00115
[scan_planner_node-4] goal:  6   3 0.4, 0 0 0
[scan_planner_node-4] [32miter(+1)=15,time(ms)=0.041,total_t(ms)=0.042,cost=0.044
[scan_planner_node-4] [0mfirst_optimize_step_success=1
[scan_planner_node-4] Need to reallocate time.
[scan_planner_node-4] total time:[42m0.0002[0m,optimize:0.000115,refine:8.5e-05
[scan_planner_node-4] final_plan_success=1
[scan_planner_node-4] [FSM]: from REPLAN_TRAJ to EXEC_TRAJ
[closed_loop_controller-6] [INFO] [1786010854.951324792] [closed_loop_controller]: Received trajectory 364, duration 2.517s
[scan_planner_node-4] [FSM]: from EXEC_TRAJ to REPLAN_TRAJ
[scan_planner_node-4] 
[scan_planner_node-4] [rebo replan]: -------------------------------------366
[scan_planner_node-4] start:  6.45  1.85 0.402,  -0.0427    0.777 -0.00113
[scan_planner_node-4] goal:  6   3 0.4, 0 0 0
[scan_planner_node-4] [32miter(+1)=16,time(ms)=0.038,total_t(ms)=0.038,cost=0.024
[scan_planner_node-4] [0mfirst_optimize_step_success=1
[scan_planner_node-4] total time:[42m0.000118[0m,optimize:9.72e-05,refine:2.08e-05
[scan_planner_node-4] final_plan_success=1
[scan_planner_node-4] [FSM]: from REPLAN_TRAJ to EXEC_TRAJ
[closed_loop_controller-6] [INFO] [1786010855.135440134] [closed_loop_controller]: Received trajectory 365, duration 2.240s
[scan_planner_node-4] [INFO] [1786010855.237431345] [scan_planner_node]: [MapDecay] decayed=3601 cleared=1422 active_occupied=13688
[scan_planner_node-4] [FSM]: from EXEC_TRAJ to REPLAN_TRAJ
[scan_planner_node-4] 
[scan_planner_node-4] [rebo replan]: -------------------------------------367
[scan_planner_node-4] start:  6.44  1.95 0.402,  -0.0753    0.779 -0.00113
[scan_planner_node-4] goal:  6   3 0.4, 0 0 0
[scan_planner_node-4] [32miter(+1)=17,time(ms)=0.035,total_t(ms)=0.035,cost=0.055
[scan_planner_node-4] [0mfirst_optimize_step_success=1
[scan_planner_node-4] Need to reallocate time.
[scan_planner_node-4] total time:[42m0.000158[0m,optimize:8.82e-05,refine:6.95e-05
[scan_planner_node-4] final_plan_success=1
[scan_planner_node-4] [FSM]: from REPLAN_TRAJ to EXEC_TRAJ
[closed_loop_controller-6] [INFO] [1786010855.281440960] [closed_loop_controller]: Received trajectory 366, duration 2.150s
[scan_planner_node-4] [FSM]: from EXEC_TRAJ to REPLAN_TRAJ
[scan_planner_node-4] 
[scan_planner_node-4] [rebo replan]: -------------------------------------368
[scan_planner_node-4] start:  6.42  2.08 0.402,   -0.134    0.781 -0.00112
[scan_planner_node-4] goal:  6   3 0.4, 0 0 0
[scan_planner_node-4] [32miter(+1)=18,time(ms)=0.051,total_t(ms)=0.052,cost=0.006
[scan_planner_node-4] [0mfirst_optimize_step_success=1
[scan_planner_node-4] total time:[42m0.000204[0m,optimize:0.000182,refine:2.27e-05
[scan_planner_node-4] final_plan_success=1
[scan_planner_node-4] [FSM]: from REPLAN_TRAJ to EXEC_TRAJ
[closed_loop_controller-6] [INFO] [1786010855.472213670] [closed_loop_controller]: Received trajectory 367, duration 2.560s
[scan_planner_node-4] [FSM]: from EXEC_TRAJ to REPLAN_TRAJ
[scan_planner_node-4] 
[scan_planner_node-4] [rebo replan]: -------------------------------------369
[scan_planner_node-4] start:   6.4   2.2 0.402,    -0.183     0.757 -0.000975
[scan_planner_node-4] goal:  6   3 0.4, 0 0 0
[scan_planner_node-4] [32miter(+1)=16,time(ms)=0.040,total_t(ms)=0.040,cost=0.004
[scan_planner_node-4] [0mfirst_optimize_step_success=1
[scan_planner_node-4] total time:[42m0.000122[0m,optimize:0.0001,refine:2.21e-05
[scan_planner_node-4] final_plan_success=1
[scan_planner_node-4] [FSM]: from REPLAN_TRAJ to EXEC_TRAJ
[closed_loop_controller-6] [INFO] [1786010855.671360807] [closed_loop_controller]: Received trajectory 368, duration 2.240s
[scan_planner_node-4] [FSM]: from EXEC_TRAJ to REPLAN_TRAJ
[scan_planner_node-4] 
[scan_planner_node-4] [rebo replan]: -------------------------------------370
[scan_planner_node-4] start:  6.37  2.32 0.402,    -0.205     0.715 -0.000801
[scan_planner_node-4] goal:  6   3 0.4, 0 0 0
[scan_planner_node-4] [32miter(+1)=16,time(ms)=0.056,total_t(ms)=0.057,cost=0.004
[scan_planner_node-4] [0mfirst_optimize_step_success=1
[scan_planner_node-4] total time:[42m0.000182[0m,optimize:0.000144,refine:3.78e-05
[scan_planner_node-4] final_plan_success=1
[scan_planner_node-4] [FSM]: from REPLAN_TRAJ to EXEC_TRAJ
[closed_loop_controller-6] [INFO] [1786010855.871585284] [closed_loop_controller]: Received trajectory 369, duration 1.920s
[scan_planner_node-4] [FSM]: from EXEC_TRAJ to REPLAN_TRAJ
[scan_planner_node-4] [INFO] [1786010856.046382061] [scan_planner_node]: [GridMapDiag] cloud=32768 accepted=27102 invalid=5666 below_sensor=0 outside_update=0 sensor_z=0.700 cutoff_z=1.700
[scan_planner_node-4] 
[scan_planner_node-4] [rebo replan]: -------------------------------------371
[scan_planner_node-4] start:  6.34  2.41 0.401,    -0.221     0.669 -0.000768
[scan_planner_node-4] goal:  6   3 0.4, 0 0 0
[scan_planner_node-4] [32miter(+1)=18,time(ms)=0.050,total_t(ms)=0.051,cost=0.003
[scan_planner_node-4] [0mfirst_optimize_step_success=1
[scan_planner_node-4] total time:[42m0.000144[0m,optimize:0.000124,refine:2.08e-05
[scan_planner_node-4] final_plan_success=1
[scan_planner_node-4] [FSM]: from REPLAN_TRAJ to EXEC_TRAJ
[closed_loop_controller-6] [INFO] [1786010856.049835139] [closed_loop_controller]: Received trajectory 370, duration 2.560s
[scan_planner_node-4] [FSM]: from EXEC_TRAJ to REPLAN_TRAJ
[scan_planner_node-4] 
[scan_planner_node-4] [rebo replan]: -------------------------------------372
[scan_planner_node-4] start:  6.31  2.49 0.401,   -0.226    0.613 -0.00072
[scan_planner_node-4] goal:  6   3 0.4, 0 0 0
[scan_planner_node-4] [32miter(+1)=16,time(ms)=0.061,total_t(ms)=0.061,cost=0.002
[scan_planner_node-4] [0mfirst_optimize_step_success=1
[scan_planner_node-4] total time:[42m0.000181[0m,optimize:0.000142,refine:3.95e-05
[scan_planner_node-4] final_plan_success=1
[scan_planner_node-4] [FSM]: from REPLAN_TRAJ to EXEC_TRAJ
[closed_loop_controller-6] [INFO] [1786010856.218058399] [closed_loop_controller]: Received trajectory 371, duration 2.560s
[scan_planner_node-4] [FSM]: from EXEC_TRAJ to REPLAN_TRAJ
[scan_planner_node-4] [INFO] [1786010856.355688273] [scan_planner_node]: [MapDecay] decayed=5341 cleared=1862 active_occupied=10967
[scan_planner_node-4] 
[scan_planner_node-4] [rebo replan]: -------------------------------------373
[scan_planner_node-4] start:  6.29  2.54 0.401,    -0.215     0.562 -0.000643
[scan_planner_node-4] goal:  6   3 0.4, 0 0 0
[scan_planner_node-4] [32miter(+1)=12,time(ms)=0.031,total_t(ms)=0.031,cost=0.001
[scan_planner_node-4] [0mfirst_optimize_step_success=1
[scan_planner_node-4] total time:[42m0.00011[0m,optimize:8.24e-05,refine:2.75e-05
[scan_planner_node-4] final_plan_success=1
[scan_planner_node-4] [FSM]: from REPLAN_TRAJ to EXEC_TRAJ
[closed_loop_controller-6] [INFO] [1786010856.356024495] [closed_loop_controller]: Received trajectory 372, duration 2.240s
[scan_planner_node-4] [FSM]: from EXEC_TRAJ to REPLAN_TRAJ
[scan_planner_node-4] 
[scan_planner_node-4] [rebo replan]: -------------------------------------374
[scan_planner_node-4] start:  6.27  2.58 0.401,    -0.202     0.513 -0.000597
[scan_planner_node-4] goal:  6   3 0.4, 0 0 0
[scan_planner_node-4] [32miter(+1)=10,time(ms)=0.026,total_t(ms)=0.026,cost=0.002
[scan_planner_node-4] [0mfirst_optimize_step_success=1
[scan_planner_node-4] total time:[42m0.000102[0m,optimize:8.12e-05,refine:2.1e-05
[scan_planner_node-4] final_plan_success=1
[scan_planner_node-4] [FSM]: from REPLAN_TRAJ to EXEC_TRAJ
[closed_loop_controller-6] [INFO] [1786010856.486824599] [closed_loop_controller]: Received trajectory 373, duration 1.920s
[scan_planner_node-4] [FSM]: from EXEC_TRAJ to REPLAN_TRAJ
[scan_planner_node-4] 
[scan_planner_node-4] [rebo replan]: -------------------------------------375
[scan_planner_node-4] start:  6.26  2.62 0.401,    -0.192     0.472 -0.000584
[scan_planner_node-4] goal:  6   3 0.4, 0 0 0
[scan_planner_node-4] [32miter(+1)=11,time(ms)=0.024,total_t(ms)=0.024,cost=0.002
[scan_planner_node-4] [0mfirst_optimize_step_success=1
[scan_planner_node-4] total time:[42m9.28e-05[0m,optimize:7.24e-05,refine:2.04e-05
[scan_planner_node-4] final_plan_success=1
[scan_planner_node-4] [FSM]: from REPLAN_TRAJ to EXEC_TRAJ
[closed_loop_controller-6] [INFO] [1786010856.606678166] [closed_loop_controller]: Received trajectory 374, duration 1.920s
[scan_planner_node-4] [FSM]: from EXEC_TRAJ to REPLAN_TRAJ
[scan_planner_node-4] 
[scan_planner_node-4] [rebo replan]: -------------------------------------376
[scan_planner_node-4] start:  6.23  2.68 0.401,    -0.185      0.42 -0.000599
[scan_planner_node-4] goal:  6   3 0.4, 0 0 0
[scan_planner_node-4] [32miter(+1)=13,time(ms)=0.030,total_t(ms)=0.030,cost=0.001
[scan_planner_node-4] [0mfirst_optimize_step_success=1
[scan_planner_node-4] total time:[42m9.88e-05[0m,optimize:7.92e-05,refine:1.95e-05
[scan_planner_node-4] final_plan_success=1
[scan_planner_node-4] [FSM]: from REPLAN_TRAJ to EXEC_TRAJ
[closed_loop_controller-6] [INFO] [1786010856.774530229] [closed_loop_controller]: Received trajectory 375, duration 2.240s
[terrain_path_visualizer-10] [INFO] [1786010856.833251872] [terrain_path_segmenter]: Visualization advanced to segment 5/8
[scan_planner_node-4] [FSM]: from EXEC_TRAJ to REPLAN_TRAJ
[scan_planner_node-4] [INFO] [1786010856.912245763] [scan_planner_node]: [MapRefresh] Cleared occupancy and inflation for a new reference path; observation_sequence=343
[scan_planner_node-4] [INFO] [1786010856.912293028] [scan_planner_node]: [MapRefresh] Deferred reference path until 2 fresh map observations have been fused (target_sequence=345)
[scan_planner_node-4] [INFO] [1786010857.082501529] [scan_planner_node]: [MapRefresh] Fresh map ready at observation_sequence=345; accepting deferred reference path
[scan_planner_node-4] [INFO] [1786010857.084232648] [scan_planner_node]: Reference path accepted
[scan_planner_node-4] 
[scan_planner_node-4] [rebo replan]: -------------------------------------377
[scan_planner_node-4] start:  6.19  2.77 0.401,    -0.171     0.335 -0.000466
[scan_planner_node-4] goal:  6   5 1.4, 0 0 0
[scan_planner_node-4] [32miter(+1)=6,time(ms)=0.023,total_t(ms)=0.023,cost=0.084
[scan_planner_node-4] [0mfirst_optimize_step_success=1
[scan_planner_node-4] Need to reallocate time.
[scan_planner_node-4] total time:[42m0.000347[0m,optimize:0.000149,refine:0.000198
[scan_planner_node-4] final_plan_success=1
[scan_planner_node-4] [FSM]: from REPLAN_TRAJ to EXEC_TRAJ
[closed_loop_controller-6] [INFO] [1786010857.084858500] [closed_loop_controller]: Received trajectory 376, duration 5.760s
[scan_planner_node-4] [FSM]: from EXEC_TRAJ to REPLAN_TRAJ
[scan_planner_node-4] 
[scan_planner_node-4] [rebo replan]: -------------------------------------378
[scan_planner_node-4] start: 6.17 2.81 0.42, -0.161   0.31 0.0135
[scan_planner_node-4] goal:  6   5 1.4, 0 0 0
[scan_planner_node-4] [32miter(+1)=23,time(ms)=0.078,total_t(ms)=0.078,cost=0.238
[scan_planner_node-4] [0mfirst_optimize_step_success=1
[scan_planner_node-4] Need to reallocate time.
[scan_planner_node-4] total time:[42m0.000328[0m,optimize:0.000177,refine:0.000151
[scan_planner_node-4] final_plan_success=1
[closed_loop_controller-6] [INFO] [1786010857.203737344] [closed_loop_controller]: Received trajectory 377, duration 5.935s
[scan_planner_node-4] [FSM]: from REPLAN_TRAJ to EXEC_TRAJ
[scan_planner_node-4] 
[scan_planner_node-4] [rebo replan]: -------------------------------------379
[scan_planner_node-4] start:  6.15  2.85 0.451, -0.155  0.301 0.0339
[scan_planner_node-4] goal:  6   5 1.4, 0 0 0
[scan_planner_node-4] [32miter(+1)=19,time(ms)=0.064,total_t(ms)=0.064,cost=0.087
[scan_planner_node-4] [0mfirst_optimize_step_success=1
[scan_planner_node-4] Need to reallocate time.
[scan_planner_node-4] total time:[42m0.000278[0m,optimize:0.000145,refine:0.000133
[scan_planner_node-4] final_plan_success=1
[scan_planner_node-4] [SAFETY]: from EXEC_TRAJ to EXEC_TRAJ
[closed_loop_controller-6] [INFO] [1786010857.271237045] [closed_loop_controller]: Received trajectory 378, duration 5.265s
[scan_planner_node-4] [FSM]: from EXEC_TRAJ to REPLAN_TRAJ
[scan_planner_node-4] 
[scan_planner_node-4] [rebo replan]: -------------------------------------380
[scan_planner_node-4] start:  6.12  2.91 0.477, -0.145   0.29 0.0747
[scan_planner_node-4] goal:  6   5 1.4, 0 0 0
[scan_planner_node-4] [32miter(+1)=22,time(ms)=0.092,total_t(ms)=0.092,cost=0.131
[scan_planner_node-4] [0mfirst_optimize_step_success=1
[scan_planner_node-4] Need to reallocate time.
[scan_planner_node-4] total time:[42m0.000395[0m,optimize:0.000203,refine:0.000192
[scan_planner_node-4] final_plan_success=1
[scan_planner_node-4] [FSM]: from REPLAN_TRAJ to EXEC_TRAJ
[closed_loop_controller-6] [INFO] [1786010857.386021135] [closed_loop_controller]: Received trajectory 379, duration 5.117s
[scan_planner_node-4] 
[scan_planner_node-4] [rebo replan]: -------------------------------------381
[scan_planner_node-4] start:  6.11  2.95 0.497, -0.138  0.288  0.102
[scan_planner_node-4] goal:  6   5 1.4, 0 0 0
[scan_planner_node-4] [32miter(+1)=21,time(ms)=0.086,total_t(ms)=0.087,cost=0.063
[scan_planner_node-4] [0mfirst_optimize_step_success=1
[scan_planner_node-4] Need to reallocate time.
[scan_planner_node-4] total time:[42m0.00039[0m,optimize:0.000195,refine:0.000195
[scan_planner_node-4] final_plan_success=1
[closed_loop_controller-6] [INFO] [1786010857.455076899] [closed_loop_controller]: Received trajectory 380, duration 4.659s
[scan_planner_node-4] [SAFETY]: from EXEC_TRAJ to EXEC_TRAJ
[scan_planner_node-4] [INFO] [1786010857.457443119] [scan_planner_node]: [MapDecay] decayed=597 cleared=597 active_occupied=5414
[scan_planner_node-4] 
[scan_planner_node-4] [rebo replan]: -------------------------------------382
[scan_planner_node-4] start:  6.09  2.99 0.516, -0.131  0.288  0.131
[scan_planner_node-4] goal:  6   5 1.4, 0 0 0
[scan_planner_node-4] [32miter(+1)=19,time(ms)=0.071,total_t(ms)=0.071,cost=0.035
[scan_planner_node-4] [0mfirst_optimize_step_success=1
[scan_planner_node-4] total time:[42m0.000214[0m,optimize:0.000179,refine:3.42e-05
[scan_planner_node-4] final_plan_success=1
[scan_planner_node-4] [SAFETY]: from EXEC_TRAJ to EXEC_TRAJ
[closed_loop_controller-6] [INFO] [1786010857.531482660] [closed_loop_controller]: Received trajectory 381, duration 3.840s
[scan_planner_node-4] [FSM]: from EXEC_TRAJ to REPLAN_TRAJ
[scan_planner_node-4] 
[scan_planner_node-4] [rebo replan]: -------------------------------------383
[scan_planner_node-4] start:  6.07  3.04 0.539, -0.121  0.301  0.172
[scan_planner_node-4] goal:  6   5 1.4, 0 0 0
[scan_planner_node-4] [32miter(+1)=18,time(ms)=0.053,total_t(ms)=0.054,cost=0.191
[scan_planner_node-4] [0mfirst_optimize_step_success=1
[scan_planner_node-4] Need to reallocate time.
[scan_planner_node-4] [34mThis refined trajectory is unsafe or dynamically infeasible. Skip publishing it.
[scan_planner_node-4] [0mfinal_plan_success=0
[scan_planner_node-4] 
[scan_planner_node-4] [rebo replan]: -------------------------------------384
[scan_planner_node-4] start:  6.07  3.04 0.539, -0.121  0.301  0.172
[scan_planner_node-4] goal:  6   5 1.4, 0 0 0
[scan_planner_node-4] [32miter(+1)=3,time(ms)=0.014,total_t(ms)=0.014,cost=0.017
[scan_planner_node-4] [0mfirst_optimize_step_success=1
[scan_planner_node-4] total time:[42m0.000134[0m,optimize:0.000105,refine:2.89e-05
[scan_planner_node-4] final_plan_success=1
[scan_planner_node-4] [FSM]: from REPLAN_TRAJ to EXEC_TRAJ
[closed_loop_controller-6] [INFO] [1786010857.641287068] [closed_loop_controller]: Received trajectory 382, duration 4.160s
[scan_planner_node-4] [FSM]: from EXEC_TRAJ to REPLAN_TRAJ
[scan_planner_node-4] 
[scan_planner_node-4] [rebo replan]: -------------------------------------385
[scan_planner_node-4] start:  6.05  3.09 0.562, -0.107  0.328  0.199
[scan_planner_node-4] goal:  6   5 1.4, 0 0 0
[scan_planner_node-4] [32miter(+1)=16,time(ms)=0.063,keep optimizing
[scan_planner_node-4] [0m[32miter(+1)=1,time(ms)=0.005,keep optimizing
[scan_planner_node-4] [0m[32miter(+1)=1,time(ms)=0.004,keep optimizing
[scan_planner_node-4] [0mfirst_optimize_step_success=0
[scan_planner_node-4] final_plan_success=0
[scan_planner_node-4] 
[scan_planner_node-4] [rebo replan]: -------------------------------------386
[scan_planner_node-4] start:  6.05  3.09 0.562, -0.107  0.328  0.199
[scan_planner_node-4] goal:  6   5 1.4, 0 0 0
[scan_planner_node-4] [32miter(+1)=1,time(ms)=0.005,total_t(ms)=0.005,cost=0.006
[scan_planner_node-4] [0mfirst_optimize_step_success=1
[scan_planner_node-4] total time:[42m0.000113[0m,optimize:8.26e-05,refine:3.08e-05
[scan_planner_node-4] final_plan_success=1
[scan_planner_node-4] [FSM]: from REPLAN_TRAJ to EXEC_TRAJ
[closed_loop_controller-6] [INFO] [1786010857.791661440] [closed_loop_controller]: Received trajectory 383, duration 4.160s
[scan_planner_node-4] [FSM]: from EXEC_TRAJ to REPLAN_TRAJ
[scan_planner_node-4] 
[scan_planner_node-4] [rebo replan]: -------------------------------------387
[scan_planner_node-4] start:  6.04  3.12 0.578, -0.098   0.35  0.198
[scan_planner_node-4] goal:  6   5 1.4, 0 0 0
[scan_planner_node-4] [32miter(+1)=19,time(ms)=0.063,total_t(ms)=0.063,cost=0.093
[scan_planner_node-4] [0mfirst_optimize_step_success=1
[scan_planner_node-4] Need to reallocate time.
[scan_planner_node-4] [34mThis refined trajectory is unsafe or dynamically infeasible. Skip publishing it.
[scan_planner_node-4] [0mfinal_plan_success=0
[scan_planner_node-4] 
[scan_planner_node-4] [rebo replan]: -------------------------------------388
[scan_planner_node-4] start:  6.04  3.12 0.578, -0.098   0.35  0.198
[scan_planner_node-4] goal:  6   5 1.4, 0 0 0
[scan_planner_node-4] [32miter(+1)=1,time(ms)=0.008,total_t(ms)=0.008,cost=0.003
[scan_planner_node-4] [0mfirst_optimize_step_success=1
[scan_planner_node-4] total time:[42m0.000148[0m,optimize:0.000109,refine:3.89e-05
[scan_planner_node-4] final_plan_success=1
[scan_planner_node-4] [FSM]: from REPLAN_TRAJ to EXEC_TRAJ
[closed_loop_controller-6] [INFO] [1786010857.892850438] [closed_loop_controller]: Received trajectory 384, duration 4.160s
[scan_planner_node-4] [FSM]: from EXEC_TRAJ to REPLAN_TRAJ
[scan_planner_node-4] 
[scan_planner_node-4] [rebo replan]: -------------------------------------389
[scan_planner_node-4] start:  6.03  3.16 0.597, -0.0879   0.379   0.195
[scan_planner_node-4] goal:  6   5 1.4, 0 0 0
[scan_planner_node-4] [32miter(+1)=18,time(ms)=0.051,total_t(ms)=0.051,cost=0.056
[scan_planner_node-4] [0mfirst_optimize_step_success=1
[scan_planner_node-4] Need to reallocate time.
[scan_planner_node-4] total time:[42m0.000274[0m,optimize:0.00013,refine:0.000144
[scan_planner_node-4] final_plan_success=1
[scan_planner_node-4] [FSM]: from REPLAN_TRAJ to EXEC_TRAJ
[closed_loop_controller-6] [INFO] [1786010858.007522982] [closed_loop_controller]: Received trajectory 385, duration 4.229s
[scan_planner_node-4] [INFO] [1786010858.084920744] [scan_planner_node]: [GridMapDiag] cloud=32768 accepted=27429 invalid=5339 below_sensor=0 outside_update=0 sensor_z=0.780 cutoff_z=1.780
[scan_planner_node-4] 
[scan_planner_node-4] [rebo replan]: -------------------------------------390
[scan_planner_node-4] start:  6.03  3.21 0.619, -0.0814   0.397   0.195
[scan_planner_node-4] goal:  6   5 1.4, 0 0 0
[scan_planner_node-4] [32miter(+1)=21,time(ms)=0.057,keep optimizing
[scan_planner_node-4] [0m[32miter(+1)=1,time(ms)=0.006,keep optimizing
[scan_planner_node-4] [0m[32miter(+1)=1,time(ms)=0.005,keep optimizing
[scan_planner_node-4] [0mfirst_optimize_step_success=0
[scan_planner_node-4] final_plan_success=0
[scan_planner_node-4] 
[scan_planner_node-4] [rebo replan]: -------------------------------------391
[scan_planner_node-4] start:  6.03  3.21 0.619, -0.0814   0.397   0.195
[scan_planner_node-4] goal:  6   5 1.4, 0 0 0
[scan_planner_node-4] [32miter(+1)=4,time(ms)=0.010,total_t(ms)=0.010,cost=0.002
[scan_planner_node-4] [0mfirst_optimize_step_success=1
[scan_planner_node-4] total time:[42m0.000116[0m,optimize:8.82e-05,refine:2.82e-05
[scan_planner_node-4] final_plan_success=1
[scan_planner_node-4] [SAFETY]: from EXEC_TRAJ to EXEC_TRAJ
[closed_loop_controller-6] [INFO] [1786010858.085637296] [closed_loop_controller]: Received trajectory 386, duration 3.840s
[scan_planner_node-4] [FSM]: from EXEC_TRAJ to REPLAN_TRAJ
[scan_planner_node-4] 
[scan_planner_node-4] [rebo replan]: -------------------------------------392
[scan_planner_node-4] start:  6.02  3.25 0.639, -0.0723   0.423   0.198
[scan_planner_node-4] goal:  6   5 1.4, 0 0 0
[scan_planner_node-4] iter=19,time(ms)=0.0769,rebound.
[scan_planner_node-4] [32miter(+1)=11,time(ms)=0.032,keep optimizing
[scan_planner_node-4] [0m[32miter(+1)=14,time(ms)=0.039,total_t(ms)=0.193,cost=0.265
[scan_planner_node-4] [0mfirst_optimize_step_success=1
[scan_planner_node-4] Need to reallocate time.
[scan_planner_node-4] [34mThis refined trajectory is unsafe or dynamically infeasible. Skip publishing it.
[scan_planner_node-4] [0mfinal_plan_success=0
[scan_planner_node-4] 
[scan_planner_node-4] [rebo replan]: -------------------------------------393
[scan_planner_node-4] start:  6.02  3.25 0.639, -0.0723   0.423   0.198
[scan_planner_node-4] goal:  6   5 1.4, 0 0 0
[scan_planner_node-4] [32miter(+1)=3,time(ms)=0.010,total_t(ms)=0.010,cost=0.002
[scan_planner_node-4] [0mfirst_optimize_step_success=1
[scan_planner_node-4] total time:[42m0.000134[0m,optimize:9.9e-05,refine:3.52e-05
[scan_planner_node-4] final_plan_success=1
[scan_planner_node-4] [FSM]: from REPLAN_TRAJ to EXEC_TRAJ
[closed_loop_controller-6] [INFO] [1786010858.196390164] [closed_loop_controller]: Received trajectory 387, duration 3.840s
[scan_planner_node-4] [FSM]: from EXEC_TRAJ to REPLAN_TRAJ
[scan_planner_node-4] 
[scan_planner_node-4] [rebo replan]: -------------------------------------394
[scan_planner_node-4] start:  6.01  3.31 0.667, -0.0612   0.458   0.205
[scan_planner_node-4] goal:  6   5 1.4, 0 0 0
[scan_planner_node-4] iter=15,time(ms)=0.0654,rebound.
[scan_planner_node-4] [32miter(+1)=9,time(ms)=0.018,total_t(ms)=0.086,cost=0.103
[scan_planner_node-4] [0mfirst_optimize_step_success=1
[scan_planner_node-4] Need to reallocate time.
[scan_planner_node-4] [34mThis refined trajectory is unsafe or dynamically infeasible. Skip publishing it.
[scan_planner_node-4] [0mfinal_plan_success=0
[scan_planner_node-4] 
[scan_planner_node-4] [rebo replan]: -------------------------------------395
[scan_planner_node-4] start:  6.01  3.31 0.667, -0.0612   0.458   0.205
[scan_planner_node-4] goal:  6   5 1.4, 0 0 0
[scan_planner_node-4] [32miter(+1)=1,time(ms)=0.007,total_t(ms)=0.007,cost=0.001
[scan_planner_node-4] [0mfirst_optimize_step_success=1
[scan_planner_node-4] total time:[42m0.000119[0m,optimize:8.23e-05,refine:3.72e-05
[scan_planner_node-4] final_plan_success=1
[scan_planner_node-4] [FSM]: from REPLAN_TRAJ to EXEC_TRAJ
[closed_loop_controller-6] [INFO] [1786010858.338174905] [closed_loop_controller]: Received trajectory 388, duration 3.840s
[scan_planner_node-4] [FSM]: from EXEC_TRAJ to REPLAN_TRAJ
[scan_planner_node-4] 
[scan_planner_node-4] [rebo replan]: -------------------------------------396
[scan_planner_node-4] start:     6  3.36 0.689, -0.0535   0.484   0.212
[scan_planner_node-4] goal:  6   5 1.4, 0 0 0
[scan_planner_node-4] iter=16,time(ms)=0.813,rebound.
[scan_planner_node-4] [32miter(+1)=19,time(ms)=0.045,keep optimizing
[scan_planner_node-4] [0miter=6,time(ms)=0.12,rebound.
[scan_planner_node-4] [32miter(+1)=16,time(ms)=0.037,keep optimizing
[scan_planner_node-4] [0m[32miter(+1)=3,time(ms)=0.008,keep optimizing
[scan_planner_node-4] [0mfirst_optimize_step_success=0
[scan_planner_node-4] final_plan_success=0
[scan_planner_node-4] 
[scan_planner_node-4] [rebo replan]: -------------------------------------397
[scan_planner_node-4] start:     6  3.36 0.689, -0.0535   0.484   0.212
[scan_planner_node-4] goal:  6   5 1.4, 0 0 0
[scan_planner_node-4] [32miter(+1)=1,time(ms)=0.006,total_t(ms)=0.006,cost=0.001
[scan_planner_node-4] [0mfirst_optimize_step_success=1
[scan_planner_node-4] total time:[42m0.000116[0m,optimize:8.66e-05,refine:2.89e-05
[scan_planner_node-4] final_plan_success=1
[scan_planner_node-4] [FSM]: from REPLAN_TRAJ to EXEC_TRAJ
[closed_loop_controller-6] [INFO] [1786010858.445681574] [closed_loop_controller]: Received trajectory 389, duration 3.840s
[scan_planner_node-4] [FSM]: state: EXEC_TRAJ
[scan_planner_node-4] [FSM]: from EXEC_TRAJ to REPLAN_TRAJ
[scan_planner_node-4] [INFO] [1786010858.567621154] [scan_planner_node]: [MapDecay] decayed=601 cleared=285 active_occupied=7280
[scan_planner_node-4] 
[scan_planner_node-4] [rebo replan]: -------------------------------------398
[scan_planner_node-4] start:     6  3.42 0.716, -0.045  0.513  0.222
[scan_planner_node-4] goal:  6   5 1.4, 0 0 0
[scan_planner_node-4] iter=18,time(ms)=0.0686,rebound.
[scan_planner_node-4] [32miter(+1)=7,time(ms)=0.014,keep optimizing
[scan_planner_node-4] [0m[32miter(+1)=10,time(ms)=0.022,total_t(ms)=0.151,cost=0.242
[scan_planner_node-4] [0mfirst_optimize_step_success=1
[scan_planner_node-4] Need to reallocate time.
[scan_planner_node-4] [34mThis refined trajectory is unsafe or dynamically infeasible. Skip publishing it.
[scan_planner_node-4] [0mfinal_plan_success=0
[scan_planner_node-4] 
[scan_planner_node-4] [rebo replan]: -------------------------------------399
[scan_planner_node-4] start:     6  3.42 0.716, -0.045  0.513  0.222
[scan_planner_node-4] goal:  6   5 1.4, 0 0 0
[scan_planner_node-4] [32miter(+1)=4,time(ms)=0.013,total_t(ms)=0.013,cost=0.002
[scan_planner_node-4] [0mfirst_optimize_step_success=1
[scan_planner_node-4] total time:[42m0.000127[0m,optimize:9.56e-05,refine:3.12e-05
[scan_planner_node-4] final_plan_success=1
[scan_planner_node-4] [FSM]: from REPLAN_TRAJ to EXEC_TRAJ
[closed_loop_controller-6] [INFO] [1786010858.568374684] [closed_loop_controller]: Received trajectory 390, duration 3.520s
[scan_planner_node-4] [FSM]: from EXEC_TRAJ to REPLAN_TRAJ
[scan_planner_node-4] 
[scan_planner_node-4] [rebo replan]: -------------------------------------400
[scan_planner_node-4] start:  5.99  3.49 0.743, -0.0374    0.54   0.233
[scan_planner_node-4] goal:  6   5 1.4, 0 0 0
[scan_planner_node-4] iter=17,time(ms)=0.1,rebound.
[scan_planner_node-4] iter=9,time(ms)=0.037,rebound.
[scan_planner_node-4] [32miter(+1)=17,time(ms)=0.038,keep optimizing
[scan_planner_node-4] [0m[32miter(+1)=13,time(ms)=0.029,total_t(ms)=0.245,cost=0.172
[scan_planner_node-4] [0mfirst_optimize_step_success=1
[scan_planner_node-4] Need to reallocate time.
[scan_planner_node-4] [34mThis refined trajectory is unsafe or dynamically infeasible. Skip publishing it.
[scan_planner_node-4] [0mfinal_plan_success=0
[scan_planner_node-4] 
[scan_planner_node-4] [rebo replan]: -------------------------------------401
[scan_planner_node-4] start:  5.99  3.49 0.743, -0.0374    0.54   0.233
[scan_planner_node-4] goal:  6   5 1.4, 0 0 0
[scan_planner_node-4] [32miter(+1)=1,time(ms)=0.006,total_t(ms)=0.006,cost=0.001
[scan_planner_node-4] [0mfirst_optimize_step_success=1
[scan_planner_node-4] total time:[42m0.000102[0m,optimize:7.65e-05,refine:2.55e-05
[scan_planner_node-4] final_plan_success=1
[scan_planner_node-4] [FSM]: from REPLAN_TRAJ to EXEC_TRAJ
[closed_loop_controller-6] [INFO] [1786010858.686471508] [closed_loop_controller]: Received trajectory 391, duration 3.520s
[scan_planner_node-4] [FSM]: from EXEC_TRAJ to REPLAN_TRAJ
[scan_planner_node-4] 
[scan_planner_node-4] [rebo replan]: -------------------------------------402
[scan_planner_node-4] start:  5.99  3.55 0.769, -0.031  0.562  0.243
[scan_planner_node-4] goal:  6   5 1.4, 0 0 0
[scan_planner_node-4] iter=13,time(ms)=0.455,rebound.
[scan_planner_node-4] [32miter(+1)=13,time(ms)=0.033,keep optimizing
[scan_planner_node-4] [0m[32miter(+1)=8,time(ms)=0.015,keep optimizing
[scan_planner_node-4] [0m[32miter(+1)=16,time(ms)=0.039,total_t(ms)=0.659,cost=0.845
[scan_planner_node-4] [0mfirst_optimize_step_success=1
[scan_planner_node-4] Need to reallocate time.
[scan_planner_node-4] [34mThis refined trajectory is unsafe or dynamically infeasible. Skip publishing it.
[scan_planner_node-4] [0mfinal_plan_success=0
[scan_planner_node-4] 
[scan_planner_node-4] [rebo replan]: -------------------------------------403
[scan_planner_node-4] start:  5.99  3.55 0.769, -0.031  0.562  0.243
[scan_planner_node-4] goal:  6   5 1.4, 0 0 0
[scan_planner_node-4] [32miter(+1)=1,time(ms)=0.007,total_t(ms)=0.007,cost=0.001
[scan_planner_node-4] [0mfirst_optimize_step_success=1
[scan_planner_node-4] total time:[42m0.000129[0m,optimize:9.72e-05,refine:3.19e-05
[scan_planner_node-4] final_plan_success=1
[scan_planner_node-4] [FSM]: from REPLAN_TRAJ to EXEC_TRAJ
[closed_loop_controller-6] [INFO] [1786010858.796095634] [closed_loop_controller]: Received trajectory 392, duration 3.520s
[scan_planner_node-4] [FSM]: from EXEC_TRAJ to REPLAN_TRAJ
[scan_planner_node-4] 
[scan_planner_node-4] [rebo replan]: -------------------------------------404
[scan_planner_node-4] start:  5.98  3.61 0.797, -0.0248   0.583   0.252
[scan_planner_node-4] goal:  6   5 1.4, 0 0 0
[scan_planner_node-4] [32miter(+1)=17,time(ms)=0.040,keep optimizing
[scan_planner_node-4] [0m[32miter(+1)=3,time(ms)=0.007,keep optimizing
[scan_planner_node-4] [0m[32miter(+1)=10,time(ms)=0.018,total_t(ms)=0.137,cost=0.326
[scan_planner_node-4] [0mfirst_optimize_step_success=1
[scan_planner_node-4] Need to reallocate time.
[scan_planner_node-4] [34mThis refined trajectory is unsafe or dynamically infeasible. Skip publishing it.
[scan_planner_node-4] [0mfinal_plan_success=0
[scan_planner_node-4] 
[scan_planner_node-4] [rebo replan]: -------------------------------------405
[scan_planner_node-4] start:  5.98  3.61 0.797, -0.0248   0.583   0.252
[scan_planner_node-4] goal:  6   5 1.4, 0 0 0
[scan_planner_node-4] [32miter(+1)=1,time(ms)=0.007,total_t(ms)=0.007,cost=0.001
[scan_planner_node-4] [0mfirst_optimize_step_success=1
[scan_planner_node-4] total time:[42m0.000108[0m,optimize:7.96e-05,refine:2.88e-05
[scan_planner_node-4] final_plan_success=1
[scan_planner_node-4] [FSM]: from REPLAN_TRAJ to EXEC_TRAJ
[closed_loop_controller-6] [INFO] [1786010858.909774089] [closed_loop_controller]: Received trajectory 393, duration 3.520s
[scan_planner_node-4] [FSM]: from EXEC_TRAJ to REPLAN_TRAJ
[scan_planner_node-4] 
[scan_planner_node-4] [rebo replan]: -------------------------------------406
[scan_planner_node-4] start:  5.98  3.68 0.827, -0.0188   0.602   0.261
[scan_planner_node-4] goal:  6   5 1.4, 0 0 0
[scan_planner_node-4] iter=14,time(ms)=0.0773,rebound.
[scan_planner_node-4] iter=17,time(ms)=0.056,rebound.
[scan_planner_node-4] [32miter(+1)=11,time(ms)=0.025,total_t(ms)=0.163,cost=0.112
[scan_planner_node-4] [0mfirst_optimize_step_success=1
[scan_planner_node-4] Need to reallocate time.
[scan_planner_node-4] [34mThis refined trajectory is unsafe or dynamically infeasible. Skip publishing it.
[scan_planner_node-4] [0mfinal_plan_success=0
[scan_planner_node-4] 
[scan_planner_node-4] [rebo replan]: -------------------------------------407
[scan_planner_node-4] start:  5.98  3.68 0.827, -0.0188   0.602   0.261
[scan_planner_node-4] goal:  6   5 1.4, 0 0 0
[scan_planner_node-4] [32miter(+1)=3,time(ms)=0.011,total_t(ms)=0.011,cost=0.001
[scan_planner_node-4] [0mfirst_optimize_step_success=1
[scan_planner_node-4] total time:[42m0.000124[0m,optimize:0.0001,refine:2.33e-05
[scan_planner_node-4] final_plan_success=1
[scan_planner_node-4] [FSM]: from REPLAN_TRAJ to EXEC_TRAJ
[closed_loop_controller-6] [INFO] [1786010859.030081288] [closed_loop_controller]: Received trajectory 394, duration 3.200s
[scan_planner_node-4] [FSM]: from EXEC_TRAJ to REPLAN_TRAJ
[scan_planner_node-4] 
[scan_planner_node-4] [rebo replan]: -------------------------------------408
[scan_planner_node-4] start:  5.98  3.75 0.855, -0.0138   0.616   0.267
[scan_planner_node-4] goal:  6   5 1.4, 0 0 0
[scan_planner_node-4] iter=11,time(ms)=0.0627,rebound.
[scan_planner_node-4] [32miter(+1)=8,time(ms)=0.014,total_t(ms)=0.079,cost=0.293
[scan_planner_node-4] [0mfirst_optimize_step_success=1
[scan_planner_node-4] Need to reallocate time.
[scan_planner_node-4] [34mThis refined trajectory is unsafe or dynamically infeasible. Skip publishing it.
[scan_planner_node-4] [0mfinal_plan_success=0
[scan_planner_node-4] 
[scan_planner_node-4] [rebo replan]: -------------------------------------409
[scan_planner_node-4] start:  5.98  3.75 0.855, -0.0138   0.616   0.267
[scan_planner_node-4] goal:  6   5 1.4, 0 0 0
[scan_planner_node-4] [32miter(+1)=1,time(ms)=0.006,total_t(ms)=0.006,cost=0.001
[scan_planner_node-4] [0mfirst_optimize_step_success=1
[scan_planner_node-4] total time:[42m9.77e-05[0m,optimize:7.55e-05,refine:2.22e-05
[scan_planner_node-4] final_plan_success=1
[scan_planner_node-4] [FSM]: from REPLAN_TRAJ to EXEC_TRAJ
[closed_loop_controller-6] [INFO] [1786010859.136887654] [closed_loop_controller]: Received trajectory 395, duration 3.200s
[scan_planner_node-4] [FSM]: from EXEC_TRAJ to REPLAN_TRAJ
[scan_planner_node-4] 
[scan_planner_node-4] [rebo replan]: -------------------------------------410
[scan_planner_node-4] start:  5.98  3.82 0.886, -0.00903    0.627    0.272
[scan_planner_node-4] goal:  6   5 1.4, 0 0 0
[scan_planner_node-4] [32miter(+1)=12,time(ms)=0.026,keep optimizing
[scan_planner_node-4] [0m[32miter(+1)=1,time(ms)=0.004,keep optimizing
[scan_planner_node-4] [0m[32miter(+1)=1,time(ms)=0.003,keep optimizing
[scan_planner_node-4] [0mfirst_optimize_step_success=0
[scan_planner_node-4] final_plan_success=0
[scan_planner_node-4] 
[scan_planner_node-4] [rebo replan]: -------------------------------------411
[scan_planner_node-4] start:  5.98  3.82 0.886, -0.00903    0.627    0.272
[scan_planner_node-4] goal:  6   5 1.4, 0 0 0
[scan_planner_node-4] [32miter(+1)=1,time(ms)=0.006,total_t(ms)=0.007,cost=0.001
[scan_planner_node-4] [0mfirst_optimize_step_success=1
[scan_planner_node-4] total time:[42m0.000109[0m,optimize:8.43e-05,refine:2.44e-05
[scan_planner_node-4] final_plan_success=1
[scan_planner_node-4] [FSM]: from REPLAN_TRAJ to EXEC_TRAJ
[closed_loop_controller-6] [INFO] [1786010859.251135422] [closed_loop_controller]: Received trajectory 396, duration 3.200s
[scan_planner_node-4] [FSM]: from EXEC_TRAJ to REPLAN_TRAJ
[scan_planner_node-4] 
[scan_planner_node-4] [rebo replan]: -------------------------------------412
[scan_planner_node-4] start:  5.98  3.87 0.909, -0.00591    0.633    0.275
[scan_planner_node-4] goal:  6   5 1.4, 0 0 0
[scan_planner_node-4] iter=10,time(ms)=0.088,rebound.
[scan_planner_node-4] [32miter(+1)=10,time(ms)=0.032,total_t(ms)=0.124,cost=0.099
[scan_planner_node-4] [0mfirst_optimize_step_success=1
[scan_planner_node-4] Need to reallocate time.
[scan_planner_node-4] [34mThis refined trajectory is unsafe or dynamically infeasible. Skip publishing it.
[scan_planner_node-4] [0mfinal_plan_success=0
[scan_planner_node-4] 
[scan_planner_node-4] [rebo replan]: -------------------------------------413
[scan_planner_node-4] start:  5.98  3.87 0.909, -0.00591    0.633    0.275
[scan_planner_node-4] goal:  6   5 1.4, 0 0 0
[scan_planner_node-4] [32miter(+1)=4,time(ms)=0.014,total_t(ms)=0.015,cost=0.001
[scan_planner_node-4] [0mfirst_optimize_step_success=1
[scan_planner_node-4] total time:[42m0.000153[0m,optimize:0.00012,refine:3.37e-05
[scan_planner_node-4] final_plan_success=1
[scan_planner_node-4] [FSM]: from REPLAN_TRAJ to EXEC_TRAJ
[closed_loop_controller-6] [INFO] [1786010859.333133354] [closed_loop_controller]: Received trajectory 397, duration 2.880s
[scan_planner_node-4] [FSM]: from EXEC_TRAJ to REPLAN_TRAJ
[scan_planner_node-4] 
[scan_planner_node-4] [rebo replan]: -------------------------------------414
[scan_planner_node-4] start:  5.98  3.93 0.937, -0.00232    0.638    0.277
[scan_planner_node-4] goal:  6   5 1.4, 0 0 0
[scan_planner_node-4] [32miter(+1)=12,time(ms)=0.024,total_t(ms)=0.024,cost=0.299
[scan_planner_node-4] [0mfirst_optimize_step_success=1
[scan_planner_node-4] Need to reallocate time.
[scan_planner_node-4] [34mThis refined trajectory is unsafe or dynamically infeasible. Skip publishing it.
[scan_planner_node-4] [0mfinal_plan_success=0
[scan_planner_node-4] 
[scan_planner_node-4] [rebo replan]: -------------------------------------415
[scan_planner_node-4] start:  5.98  3.93 0.937, -0.00232    0.638    0.277
[scan_planner_node-4] goal:  6   5 1.4, 0 0 0
[scan_planner_node-4] [32miter(+1)=1,time(ms)=0.010,total_t(ms)=0.010,cost=0.001
[scan_planner_node-4] [0mfirst_optimize_step_success=1
[scan_planner_node-4] total time:[42m9.54e-05[0m,optimize:7.38e-05,refine:2.16e-05
[scan_planner_node-4] final_plan_success=1
[scan_planner_node-4] [FSM]: from REPLAN_TRAJ to EXEC_TRAJ
[closed_loop_controller-6] [INFO] [1786010859.437419811] [closed_loop_controller]: Received trajectory 398, duration 2.880s
[scan_planner_node-4] [FSM]: from EXEC_TRAJ to REPLAN_TRAJ
[scan_planner_node-4] 
[scan_planner_node-4] [rebo replan]: -------------------------------------416
[scan_planner_node-4] start:  5.98     4 0.968, 0.00105   0.639   0.278
[scan_planner_node-4] goal:  6   5 1.4, 0 0 0
[scan_planner_node-4] [32miter(+1)=12,time(ms)=0.022,total_t(ms)=0.022,cost=0.151
[scan_planner_node-4] [0mfirst_optimize_step_success=1
[scan_planner_node-4] Need to reallocate time.
[scan_planner_node-4] total time:[42m0.00014[0m,optimize:7.27e-05,refine:6.76e-05
[scan_planner_node-4] final_plan_success=1
[scan_planner_node-4] [FSM]: from REPLAN_TRAJ to EXEC_TRAJ
[closed_loop_controller-6] [INFO] [1786010859.547770607] [closed_loop_controller]: Received trajectory 399, duration 2.252s
[scan_planner_node-4] [INFO] [1786010859.648458310] [scan_planner_node]: [MapDecay] decayed=860 cleared=453 active_occupied=6333
[scan_planner_node-4] [FSM]: from EXEC_TRAJ to REPLAN_TRAJ
[scan_planner_node-4] 
[scan_planner_node-4] [rebo replan]: -------------------------------------417
[scan_planner_node-4] start: 5.98 4.09    1, 0.00474   0.642    0.27
[scan_planner_node-4] goal:  6   5 1.4, 0 0 0
[scan_planner_node-4] [32miter(+1)=15,time(ms)=0.034,total_t(ms)=0.034,cost=0.034
[scan_planner_node-4] [0mfirst_optimize_step_success=1
[scan_planner_node-4] total time:[42m0.00011[0m,optimize:9.09e-05,refine:1.94e-05
[scan_planner_node-4] final_plan_success=1
[scan_planner_node-4] [FSM]: from REPLAN_TRAJ to EXEC_TRAJ
[closed_loop_controller-6] [INFO] [1786010859.685331532] [closed_loop_controller]: Received trajectory 400, duration 2.560s
[scan_planner_node-4] 
[scan_planner_node-4] [rebo replan]: -------------------------------------418
[scan_planner_node-4] start: 5.98  4.1 1.01, 0.006 0.638 0.259
[scan_planner_node-4] goal:  6   5 1.4, 0 0 0
[scan_planner_node-4] [32miter(+1)=13,time(ms)=0.044,keep optimizing
[scan_planner_node-4] [0m[32miter(+1)=7,time(ms)=0.019,keep optimizing
[scan_planner_node-4] [0m[32miter(+1)=14,time(ms)=0.027,keep optimizing
[scan_planner_node-4] [0mfirst_optimize_step_success=0
[scan_planner_node-4] final_plan_success=0
[scan_planner_node-4] 
[scan_planner_node-4] [rebo replan]: -------------------------------------419
[scan_planner_node-4] start: 5.98  4.1 1.01, 0.006 0.638 0.259
[scan_planner_node-4] goal:  6   5 1.4, 0 0 0
[scan_planner_node-4] [32miter(+1)=9,time(ms)=0.018,total_t(ms)=0.018,cost=0.834
[scan_planner_node-4] [0mfirst_optimize_step_success=1
[scan_planner_node-4] Need to reallocate time.
[scan_planner_node-4] total time:[42m0.000148[0m,optimize:7.31e-05,refine:7.53e-05
[scan_planner_node-4] final_plan_success=1
[scan_planner_node-4] [SAFETY]: from EXEC_TRAJ to EXEC_TRAJ
[closed_loop_controller-6] [INFO] [1786010859.746014788] [closed_loop_controller]: Received trajectory 401, duration 1.800s
[scan_planner_node-4] [FSM]: from EXEC_TRAJ to REPLAN_TRAJ
[scan_planner_node-4] 
[scan_planner_node-4] [rebo replan]: -------------------------------------420
[scan_planner_node-4] start: 5.98 4.17 1.04, 0.00803   0.643   0.247
[scan_planner_node-4] goal:  6   5 1.4, 0 0 0
[scan_planner_node-4] iter=10,time(ms)=0.0408,rebound.
[scan_planner_node-4] [32miter(+1)=4,time(ms)=0.007,total_t(ms)=0.051,cost=0.085
[scan_planner_node-4] [0mfirst_optimize_step_success=1
[scan_planner_node-4] Need to reallocate time.
[scan_planner_node-4] [34mThis refined trajectory is unsafe or dynamically infeasible. Skip publishing it.
[scan_planner_node-4] [0mfinal_plan_success=0
[scan_planner_node-4] 
[scan_planner_node-4] [rebo replan]: -------------------------------------421
[scan_planner_node-4] start: 5.98 4.17 1.04, 0.00803   0.643   0.247
[scan_planner_node-4] goal:  6   5 1.4, 0 0 0
[scan_planner_node-4] [32miter(+1)=6,time(ms)=0.010,total_t(ms)=0.010,cost=0.554
[scan_planner_node-4] [0mfirst_optimize_step_success=1
[scan_planner_node-4] Need to reallocate time.
[scan_planner_node-4] total time:[42m0.000117[0m,optimize:6e-05,refine:5.65e-05
[scan_planner_node-4] final_plan_success=1
[scan_planner_node-4] [FSM]: from REPLAN_TRAJ to EXEC_TRAJ
[closed_loop_controller-6] [INFO] [1786010859.855236563] [closed_loop_controller]: Received trajectory 402, duration 1.756s
[scan_planner_node-4] [FSM]: from EXEC_TRAJ to REPLAN_TRAJ
[scan_planner_node-4] 
[scan_planner_node-4] [rebo replan]: -------------------------------------422
[scan_planner_node-4] start: 5.98 4.22 1.06, 0.00949   0.648   0.247
[scan_planner_node-4] goal:  6   5 1.4, 0 0 0
[scan_planner_node-4] [32miter(+1)=13,time(ms)=0.031,total_t(ms)=0.031,cost=0.034
[scan_planner_node-4] [0mfirst_optimize_step_success=1
[scan_planner_node-4] total time:[42m0.000104[0m,optimize:8.47e-05,refine:1.93e-05
[scan_planner_node-4] final_plan_success=1
[scan_planner_node-4] [FSM]: from REPLAN_TRAJ to EXEC_TRAJ
[closed_loop_controller-6] [INFO] [1786010859.932928777] [closed_loop_controller]: Received trajectory 403, duration 2.240s
[scan_planner_node-4] [FSM]: from EXEC_TRAJ to REPLAN_TRAJ
[scan_planner_node-4] 
[scan_planner_node-4] [rebo replan]: -------------------------------------423
[scan_planner_node-4] start: 5.98 4.27 1.08, 0.0111  0.648  0.239
[scan_planner_node-4] goal:  6   5 1.4, 0 0 0
[scan_planner_node-4] [32miter(+1)=14,time(ms)=0.030,total_t(ms)=0.030,cost=0.010
[scan_planner_node-4] [0mfirst_optimize_step_success=1
[scan_planner_node-4] total time:[42m9.96e-05[0m,optimize:8.05e-05,refine:1.9e-05
[scan_planner_node-4] final_plan_success=1
[scan_planner_node-4] [FSM]: from REPLAN_TRAJ to EXEC_TRAJ
[closed_loop_controller-6] [INFO] [1786010860.038954192] [closed_loop_controller]: Received trajectory 404, duration 2.240s
[scan_planner_node-4] [FSM]: from EXEC_TRAJ to REPLAN_TRAJ
[scan_planner_node-4] 
[scan_planner_node-4] [rebo replan]: -------------------------------------424
[scan_planner_node-4] start: 5.98 4.31  1.1, 0.0121  0.642  0.221
[scan_planner_node-4] goal:  6   5 1.4, 0 0 0
[scan_planner_node-4] [32miter(+1)=10,time(ms)=0.022,total_t(ms)=0.023,cost=0.043
[scan_planner_node-4] [0mfirst_optimize_step_success=1
[scan_planner_node-4] Need to reallocate time.
[scan_planner_node-4] total time:[42m0.000136[0m,optimize:7.65e-05,refine:5.92e-05
[scan_planner_node-4] final_plan_success=1
[scan_planner_node-4] [FSM]: from REPLAN_TRAJ to EXEC_TRAJ
[closed_loop_controller-6] [INFO] [1786010860.135680176] [closed_loop_controller]: Received trajectory 405, duration 2.091s
[scan_planner_node-4] [INFO] [1786010860.154276106] [scan_planner_node]: [GridMapDiag] cloud=32768 accepted=21268 invalid=11500 below_sensor=0 outside_update=0 sensor_z=1.376 cutoff_z=2.376
[scan_planner_node-4] [FSM]: from EXEC_TRAJ to REPLAN_TRAJ
[scan_planner_node-4] 
[scan_planner_node-4] [rebo replan]: -------------------------------------425
[scan_planner_node-4] start: 5.98 4.36 1.12, 0.013 0.634 0.199
[scan_planner_node-4] goal:  6   5 1.4, 0 0 0
[scan_planner_node-4] [32miter(+1)=10,time(ms)=0.023,total_t(ms)=0.024,cost=0.011
[scan_planner_node-4] [0mfirst_optimize_step_success=1
[scan_planner_node-4] total time:[42m9.65e-05[0m,optimize:7.67e-05,refine:1.97e-05
[scan_planner_node-4] final_plan_success=1
[scan_planner_node-4] [FSM]: from REPLAN_TRAJ to EXEC_TRAJ
[closed_loop_controller-6] [INFO] [1786010860.249620912] [closed_loop_controller]: Received trajectory 406, duration 1.920s
[scan_planner_node-4] [FSM]: from EXEC_TRAJ to REPLAN_TRAJ
[scan_planner_node-4] 
[scan_planner_node-4] [rebo replan]: -------------------------------------426
[scan_planner_node-4] start: 5.98 4.42 1.15, 0.0132  0.611  0.179
[scan_planner_node-4] goal:  6   5 1.4, 0 0 0
[scan_planner_node-4] [32miter(+1)=18,time(ms)=0.054,total_t(ms)=0.055,cost=0.008
[scan_planner_node-4] [0mfirst_optimize_step_success=1
[scan_planner_node-4] total time:[42m0.000165[0m,optimize:0.000132,refine:3.25e-05
[scan_planner_node-4] final_plan_success=1
[scan_planner_node-4] [FSM]: from REPLAN_TRAJ to EXEC_TRAJ
[closed_loop_controller-6] [INFO] [1786010860.387319456] [closed_loop_controller]: Received trajectory 407, duration 2.560s
[scan_planner_node-4] [FSM]: from EXEC_TRAJ to REPLAN_TRAJ
[scan_planner_node-4] 
[scan_planner_node-4] [rebo replan]: -------------------------------------427
[scan_planner_node-4] start: 5.98 4.45 1.16, 0.0127  0.586  0.164
[scan_planner_node-4] goal:  6   5 1.4, 0 0 0
[scan_planner_node-4] [32miter(+1)=16,time(ms)=0.051,total_t(ms)=0.051,cost=0.002
[scan_planner_node-4] [0mfirst_optimize_step_success=1
[scan_planner_node-4] total time:[42m0.000136[0m,optimize:0.000116,refine:1.96e-05
[scan_planner_node-4] final_plan_success=1
[scan_planner_node-4] [FSM]: from REPLAN_TRAJ to EXEC_TRAJ
[closed_loop_controller-6] [INFO] [1786010860.487504332] [closed_loop_controller]: Received trajectory 408, duration 2.560s
[scan_planner_node-4] [FSM]: from EXEC_TRAJ to REPLAN_TRAJ
[scan_planner_node-4] 
[scan_planner_node-4] [rebo replan]: -------------------------------------428
[scan_planner_node-4] start: 5.98 4.49 1.17, 0.0119  0.552  0.145
[scan_planner_node-4] goal:  6   5 1.4, 0 0 0
[scan_planner_node-4] [32miter(+1)=11,time(ms)=0.023,total_t(ms)=0.023,cost=0.004
[scan_planner_node-4] [0mfirst_optimize_step_success=1
[scan_planner_node-4] total time:[42m8.73e-05[0m,optimize:6.89e-05,refine:1.83e-05
[scan_planner_node-4] final_plan_success=1
[scan_planner_node-4] [FSM]: from REPLAN_TRAJ to EXEC_TRAJ
[closed_loop_controller-6] [INFO] [1786010860.604681984] [closed_loop_controller]: Received trajectory 409, duration 2.240s
[scan_planner_node-4] [INFO] [1786010860.661683870] [scan_planner_node]: [MapDecay] decayed=925 cleared=585 active_occupied=5446
[scan_planner_node-4] [FSM]: from EXEC_TRAJ to REPLAN_TRAJ
[scan_planner_node-4] 
[scan_planner_node-4] [rebo replan]: -------------------------------------429
[scan_planner_node-4] start: 5.98 4.52 1.19, 0.011 0.522 0.132
[scan_planner_node-4] goal:  6   5 1.4, 0 0 0
[scan_planner_node-4] [32miter(+1)=13,time(ms)=0.028,total_t(ms)=0.029,cost=0.002
[scan_planner_node-4] [0mfirst_optimize_step_success=1
[scan_planner_node-4] total time:[42m9.6e-05[0m,optimize:7.62e-05,refine:1.97e-05
[scan_planner_node-4] final_plan_success=1
[scan_planner_node-4] [FSM]: from REPLAN_TRAJ to EXEC_TRAJ
[closed_loop_controller-6] [INFO] [1786010860.698839305] [closed_loop_controller]: Received trajectory 410, duration 2.240s
[scan_planner_node-4] [FSM]: from EXEC_TRAJ to REPLAN_TRAJ
[scan_planner_node-4] 
[scan_planner_node-4] [rebo replan]: -------------------------------------430
[scan_planner_node-4] start: 5.99 4.57  1.2, 0.00973   0.482    0.12
[scan_planner_node-4] goal:  6   5 1.4, 0 0 0
[scan_planner_node-4] [32miter(+1)=12,time(ms)=0.024,total_t(ms)=0.024,cost=0.006
[scan_planner_node-4] [0mfirst_optimize_step_success=1
[scan_planner_node-4] total time:[42m9e-05[0m,optimize:7.14e-05,refine:1.86e-05
[scan_planner_node-4] final_plan_success=1
[scan_planner_node-4] [FSM]: from REPLAN_TRAJ to EXEC_TRAJ
[closed_loop_controller-6] [INFO] [1786010860.834355595] [closed_loop_controller]: Received trajectory 411, duration 1.920s
[scan_planner_node-4] [FSM]: from EXEC_TRAJ to REPLAN_TRAJ
[scan_planner_node-4] 
[scan_planner_node-4] [rebo replan]: -------------------------------------431
[scan_planner_node-4] start: 5.99  4.6 1.22, 0.00899   0.451   0.116
[scan_planner_node-4] goal:  6   5 1.4, 0 0 0
[scan_planner_node-4] [32miter(+1)=9,time(ms)=0.021,total_t(ms)=0.021,cost=0.003
[scan_planner_node-4] [0mfirst_optimize_step_success=1
[scan_planner_node-4] total time:[42m8.74e-05[0m,optimize:6.86e-05,refine:1.87e-05
[scan_planner_node-4] final_plan_success=1
[scan_planner_node-4] [FSM]: from REPLAN_TRAJ to EXEC_TRAJ
[closed_loop_controller-6] [INFO] [1786010860.937536628] [closed_loop_controller]: Received trajectory 412, duration 1.920s
[terrain_path_visualizer-10] [INFO] [1786010860.973021989] [terrain_path_segmenter]: Visualization advanced to segment 6/8
[scan_planner_node-4] [FSM]: from EXEC_TRAJ to REPLAN_TRAJ
[scan_planner_node-4] [INFO] [1786010861.047679587] [scan_planner_node]: [MapRefresh] Cleared occupancy and inflation for a new reference path; observation_sequence=374
[scan_planner_node-4] [INFO] [1786010861.047717742] [scan_planner_node]: [MapRefresh] Deferred reference path until 2 fresh map observations have been fused (target_sequence=376)
[scan_planner_node-4] [INFO] [1786010861.245168279] [scan_planner_node]: [MapRefresh] Fresh map ready at observation_sequence=376; accepting deferred reference path
[scan_planner_node-4] [INFO] [1786010861.730071861] [scan_planner_node]: Reference path accepted
[scan_planner_node-4] 
[scan_planner_node-4] [rebo replan]: -------------------------------------432
[scan_planner_node-4] start: 5.99 4.87 1.31, 0.00907    0.28   0.117
[scan_planner_node-4] goal:4.35    7  1.4,    -0.75 0.000137        0
[scan_planner_node-4] [32miter(+1)=4,time(ms)=0.018,total_t(ms)=0.018,cost=0.035
[scan_planner_node-4] [0mfirst_optimize_step_success=1
[scan_planner_node-4] total time:[42m0.000178[0m,optimize:0.000139,refine:3.98e-05
[scan_planner_node-4] final_plan_success=1
[scan_planner_node-4] [FSM]: from REPLAN_TRAJ to EXEC_TRAJ
[closed_loop_controller-6] [INFO] [1786010861.730544583] [closed_loop_controller]: Received trajectory 413, duration 4.800s
[scan_planner_node-4] [INFO] [1786010861.778569844] [scan_planner_node]: [MapDecay] decayed=1750 cleared=1750 active_occupied=0
[scan_planner_node-4] [FSM]: from EXEC_TRAJ to REPLAN_TRAJ
[scan_planner_node-4] 
[scan_planner_node-4] [rebo replan]: -------------------------------------433
[scan_planner_node-4] start: 5.99 4.91 1.32, 0.00824   0.251  0.0883
[scan_planner_node-4] goal:4.35    7  1.4,    -0.75 0.000137        0
[scan_planner_node-4] [32miter(+1)=17,time(ms)=0.071,total_t(ms)=0.071,cost=0.014
[scan_planner_node-4] [0mfirst_optimize_step_success=1
[scan_planner_node-4] total time:[42m0.000225[0m,optimize:0.000188,refine:3.67e-05
[scan_planner_node-4] final_plan_success=1
[scan_planner_node-4] [FSM]: from REPLAN_TRAJ to EXEC_TRAJ
[closed_loop_controller-6] [INFO] [1786010861.883998368] [closed_loop_controller]: Received trajectory 414, duration 4.800s
[scan_planner_node-4] [FSM]: from EXEC_TRAJ to REPLAN_TRAJ
[scan_planner_node-4] 
[scan_planner_node-4] [rebo replan]: -------------------------------------434
[scan_planner_node-4] start:    6 4.97 1.32, 0.00295   0.261  0.0483
[scan_planner_node-4] goal:4.35    7  1.4,    -0.75 0.000137        0
[scan_planner_node-4] [32miter(+1)=12,time(ms)=0.045,total_t(ms)=0.046,cost=0.013
[scan_planner_node-4] [0mfirst_optimize_step_success=1
[scan_planner_node-4] total time:[42m0.000236[0m,optimize:0.000157,refine:7.94e-05
[scan_planner_node-4] final_plan_success=1
[closed_loop_controller-6] [INFO] [1786010862.013092487] [closed_loop_controller]: Received trajectory 415, duration 4.800s
[scan_planner_node-4] [FSM]: from REPLAN_TRAJ to EXEC_TRAJ
[scan_planner_node-4] [FSM]: from EXEC_TRAJ to REPLAN_TRAJ
[scan_planner_node-4] 
[scan_planner_node-4] [rebo replan]: -------------------------------------435
[scan_planner_node-4] start: 5.99 5.03 1.32, -0.00785    0.291   0.0262
[scan_planner_node-4] goal:4.35    7  1.4,    -0.75 0.000137        0
[scan_planner_node-4] [32miter(+1)=12,time(ms)=0.039,total_t(ms)=0.039,cost=0.011
[scan_planner_node-4] [0mfirst_optimize_step_success=1
[scan_planner_node-4] total time:[42m0.000176[0m,optimize:0.000142,refine:3.38e-05
[scan_planner_node-4] final_plan_success=1
[scan_planner_node-4] [FSM]: from REPLAN_TRAJ to EXEC_TRAJ
[closed_loop_controller-6] [INFO] [1786010862.113741052] [closed_loop_controller]: Received trajectory 416, duration 4.800s
[scan_planner_node-4] [FSM]: from EXEC_TRAJ to REPLAN_TRAJ
[scan_planner_node-4] 
[scan_planner_node-4] [rebo replan]: -------------------------------------436
[scan_planner_node-4] start: 5.98 5.09 1.33, -0.0232    0.33  0.0134
[scan_planner_node-4] goal:4.35    7  1.4,    -0.75 0.000137        0
[scan_planner_node-4] [32miter(+1)=8,time(ms)=0.027,total_t(ms)=0.027,cost=0.009
[scan_planner_node-4] [0mfirst_optimize_step_success=1
[scan_planner_node-4] total time:[42m0.000148[0m,optimize:0.000116,refine:3.25e-05
[scan_planner_node-4] final_plan_success=1
[scan_planner_node-4] [FSM]: from REPLAN_TRAJ to EXEC_TRAJ
[closed_loop_controller-6] [INFO] [1786010862.209193975] [closed_loop_controller]: Received trajectory 417, duration 4.480s
[scan_planner_node-4] [INFO] [1786010862.284188098] [scan_planner_node]: [GridMapDiag] cloud=32768 accepted=15415 invalid=17353 below_sensor=0 outside_update=0 sensor_z=1.700 cutoff_z=2.700
[scan_planner_node-4] [FSM]: from EXEC_TRAJ to REPLAN_TRAJ
[scan_planner_node-4] 
[scan_planner_node-4] [rebo replan]: -------------------------------------437
[scan_planner_node-4] start: 5.97 5.17 1.33, -0.0519   0.395 0.00619
[scan_planner_node-4] goal:4.17    7  1.4,     -0.75 -0.000104         0
[scan_planner_node-4] [32miter(+1)=8,time(ms)=0.028,total_t(ms)=0.028,cost=0.008
[scan_planner_node-4] [0mfirst_optimize_step_success=1
[scan_planner_node-4] total time:[42m0.000175[0m,optimize:0.000141,refine:3.43e-05
[scan_planner_node-4] final_plan_success=1
[scan_planner_node-4] [FSM]: from REPLAN_TRAJ to EXEC_TRAJ
[closed_loop_controller-6] [INFO] [1786010862.354262144] [closed_loop_controller]: Received trajectory 418, duration 4.800s
[scan_planner_node-4] [FSM]: from EXEC_TRAJ to REPLAN_TRAJ
[scan_planner_node-4] 
[scan_planner_node-4] [rebo replan]: -------------------------------------438
[scan_planner_node-4] start: 5.96 5.21 1.33,  -0.069   0.434 0.00655
[scan_planner_node-4] goal:4.17    7  1.4,     -0.75 -0.000104         0
[scan_planner_node-4] [32miter(+1)=9,time(ms)=0.034,total_t(ms)=0.034,cost=0.009
[scan_planner_node-4] [0mfirst_optimize_step_success=1
[scan_planner_node-4] total time:[42m0.000181[0m,optimize:0.000146,refine:3.48e-05
[scan_planner_node-4] final_plan_success=1
[scan_planner_node-4] [FSM]: from REPLAN_TRAJ to EXEC_TRAJ
[closed_loop_controller-6] [INFO] [1786010862.432705429] [closed_loop_controller]: Received trajectory 419, duration 4.800s
[scan_planner_node-4] [FSM]: from EXEC_TRAJ to REPLAN_TRAJ
[scan_planner_node-4] 
[scan_planner_node-4] [rebo replan]: -------------------------------------439
[scan_planner_node-4] start: 5.95 5.28 1.33, -0.0932    0.49 0.00886
[scan_planner_node-4] goal:  4   7 1.4,    -0.75 6.11e-05        0
[scan_planner_node-4] [32miter(+1)=6,time(ms)=0.023,total_t(ms)=0.024,cost=0.007
[scan_planner_node-4] [0mfirst_optimize_step_success=1
[scan_planner_node-4] total time:[42m0.000181[0m,optimize:0.000145,refine:3.62e-05
[scan_planner_node-4] final_plan_success=1
[scan_planner_node-4] [FSM]: from REPLAN_TRAJ to EXEC_TRAJ
[closed_loop_controller-6] [INFO] [1786010862.556744385] [closed_loop_controller]: Received trajectory 420, duration 4.800s
[scan_planner_node-4] [FSM]: from EXEC_TRAJ to REPLAN_TRAJ
[scan_planner_node-4] 
[scan_planner_node-4] [rebo replan]: -------------------------------------440
[scan_planner_node-4] start: 5.93 5.37 1.33, -0.116  0.546 0.0121
[scan_planner_node-4] goal:  4   7 1.4,    -0.75 6.11e-05        0
[scan_planner_node-4] [32miter(+1)=5,time(ms)=0.019,total_t(ms)=0.020,cost=0.004
[scan_planner_node-4] [0mfirst_optimize_step_success=1
[scan_planner_node-4] total time:[42m0.00015[0m,optimize:0.000116,refine:3.34e-05
[scan_planner_node-4] final_plan_success=1
[scan_planner_node-4] [FSM]: from REPLAN_TRAJ to EXEC_TRAJ
[closed_loop_controller-6] [INFO] [1786010862.702433633] [closed_loop_controller]: Received trajectory 421, duration 4.480s
[scan_planner_node-4] [FSM]: from EXEC_TRAJ to REPLAN_TRAJ
[scan_planner_node-4] [INFO] [1786010862.843790812] [scan_planner_node]: [MapDecay] decayed=305 cleared=197 active_occupied=3990
[scan_planner_node-4] 
[scan_planner_node-4] [rebo replan]: -------------------------------------441
[scan_planner_node-4] start: 5.92 5.45 1.34, -0.133  0.586 0.0142
[scan_planner_node-4] goal:3.83    7  1.4,     -0.75 -3.01e-05         0
[scan_planner_node-4] [32miter(+1)=5,time(ms)=0.033,total_t(ms)=0.033,cost=0.008
[scan_planner_node-4] [0mfirst_optimize_step_success=1
[scan_planner_node-4] total time:[42m0.000351[0m,optimize:0.000285,refine:6.65e-05
[scan_planner_node-4] final_plan_success=1
[closed_loop_controller-6] [INFO] [1786010862.844500280] [closed_loop_controller]: Received trajectory 422, duration 4.800s
[scan_planner_node-4] [FSM]: from REPLAN_TRAJ to EXEC_TRAJ
[scan_planner_node-4] [FSM]: from EXEC_TRAJ to REPLAN_TRAJ
[scan_planner_node-4] 
[scan_planner_node-4] [rebo replan]: -------------------------------------442
[scan_planner_node-4] start:  5.9 5.54 1.34, -0.144  0.611 0.0149
[scan_planner_node-4] goal:3.83    7  1.4,     -0.75 -3.01e-05         0
[scan_planner_node-4] [32miter(+1)=5,time(ms)=0.025,total_t(ms)=0.025,cost=0.003
[scan_planner_node-4] [0mfirst_optimize_step_success=1
[scan_planner_node-4] total time:[42m0.000161[0m,optimize:0.000123,refine:3.78e-05
[scan_planner_node-4] final_plan_success=1
[scan_planner_node-4] [FSM]: from REPLAN_TRAJ to EXEC_TRAJ
[closed_loop_controller-6] [INFO] [1786010862.994726433] [closed_loop_controller]: Received trajectory 423, duration 4.480s
[scan_planner_node-4] [FSM]: from EXEC_TRAJ to REPLAN_TRAJ
[scan_planner_node-4] 
[scan_planner_node-4] [rebo replan]: -------------------------------------443
[scan_planner_node-4] start: 5.88 5.59 1.34, -0.148  0.617 0.0147
[scan_planner_node-4] goal:3.65    7  1.4,    -0.75 1.25e-05        0
[scan_planner_node-4] [32miter(+1)=4,time(ms)=0.026,total_t(ms)=0.026,cost=0.006
[scan_planner_node-4] [0mfirst_optimize_step_success=1
[scan_planner_node-4] total time:[42m0.000254[0m,optimize:0.0002,refine:5.4e-05
[scan_planner_node-4] final_plan_success=1
[closed_loop_controller-6] [INFO] [1786010863.082962219] [closed_loop_controller]: Received trajectory 424, duration 4.800s
[scan_planner_node-4] [FSM]: from REPLAN_TRAJ to EXEC_TRAJ
[scan_planner_node-4] [FSM]: from EXEC_TRAJ to REPLAN_TRAJ
[scan_planner_node-4] 
[scan_planner_node-4] [rebo replan]: -------------------------------------444
[scan_planner_node-4] start: 5.87 5.66 1.34, -0.153   0.62 0.0142
[scan_planner_node-4] goal:3.65    7  1.4,    -0.75 1.25e-05        0
[scan_planner_node-4] [32miter(+1)=7,time(ms)=0.037,total_t(ms)=0.037,cost=0.007
[scan_planner_node-4] [0mfirst_optimize_step_success=1
[scan_planner_node-4] total time:[42m0.000226[0m,optimize:0.000179,refine:4.76e-05
[scan_planner_node-4] final_plan_success=1
[scan_planner_node-4] [FSM]: from REPLAN_TRAJ to EXEC_TRAJ
[closed_loop_controller-6] [INFO] [1786010863.194469408] [closed_loop_controller]: Received trajectory 425, duration 4.800s
[scan_planner_node-4] [FSM]: from EXEC_TRAJ to REPLAN_TRAJ
[scan_planner_node-4] 
[scan_planner_node-4] [rebo replan]: -------------------------------------445
[scan_planner_node-4] start: 5.85 5.72 1.34, -0.157  0.619 0.0137
[scan_planner_node-4] goal:3.65    7  1.4,    -0.75 1.25e-05        0
[scan_planner_node-4] [32miter(+1)=9,time(ms)=0.031,total_t(ms)=0.031,cost=0.008
[scan_planner_node-4] [0mfirst_optimize_step_success=1
[scan_planner_node-4] total time:[42m0.000181[0m,optimize:0.000147,refine:3.42e-05
[scan_planner_node-4] final_plan_success=1
[scan_planner_node-4] [FSM]: from REPLAN_TRAJ to EXEC_TRAJ
[closed_loop_controller-6] [INFO] [1786010863.285507654] [closed_loop_controller]: Received trajectory 426, duration 4.800s
[scan_planner_node-4] [FSM]: from EXEC_TRAJ to REPLAN_TRAJ
[scan_planner_node-4] 
[scan_planner_node-4] [rebo replan]: -------------------------------------446
[scan_planner_node-4] start: 5.84 5.78 1.34, -0.162  0.616 0.0132
[scan_planner_node-4] goal:3.48    7  1.4,     -0.75 -4.17e-06         0
[scan_planner_node-4] [32miter(+1)=5,time(ms)=0.018,total_t(ms)=0.019,cost=0.006
[scan_planner_node-4] [0mfirst_optimize_step_success=1
[scan_planner_node-4] total time:[42m0.00016[0m,optimize:0.000125,refine:3.46e-05
[scan_planner_node-4] final_plan_success=1
[scan_planner_node-4] [FSM]: from REPLAN_TRAJ to EXEC_TRAJ
[closed_loop_controller-6] [INFO] [1786010863.391790472] [closed_loop_controller]: Received trajectory 427, duration 4.800s
[scan_planner_node-4] [FSM]: state: EXEC_TRAJ
[scan_planner_node-4] [FSM]: from EXEC_TRAJ to REPLAN_TRAJ
[scan_planner_node-4] 
[scan_planner_node-4] [rebo replan]: -------------------------------------447
[scan_planner_node-4] start: 5.82 5.84 1.34, -0.169  0.612 0.0128
[scan_planner_node-4] goal:3.48    7  1.4,     -0.75 -4.17e-06         0
[scan_planner_node-4] [32miter(+1)=8,time(ms)=0.032,total_t(ms)=0.032,cost=0.006
[scan_planner_node-4] [0mfirst_optimize_step_success=1
[scan_planner_node-4] total time:[42m0.000192[0m,optimize:0.000153,refine:3.87e-05
[scan_planner_node-4] final_plan_success=1
[scan_planner_node-4] [FSM]: from REPLAN_TRAJ to EXEC_TRAJ
[closed_loop_controller-6] [INFO] [1786010863.494592876] [closed_loop_controller]: Received trajectory 428, duration 4.800s
[scan_planner_node-4] [FSM]: from EXEC_TRAJ to REPLAN_TRAJ
[scan_planner_node-4] 
[scan_planner_node-4] [rebo replan]: -------------------------------------448
[scan_planner_node-4] start:  5.8 5.91 1.35, -0.178  0.606 0.0124
[scan_planner_node-4] goal:3.48    7  1.4,     -0.75 -4.17e-06         0
[scan_planner_node-4] [32miter(+1)=4,time(ms)=0.025,total_t(ms)=0.025,cost=0.002
[scan_planner_node-4] [0mfirst_optimize_step_success=1
[scan_planner_node-4] total time:[42m0.000295[0m,optimize:0.000234,refine:6.11e-05
[scan_planner_node-4] final_plan_success=1
[scan_planner_node-4] [FSM]: from REPLAN_TRAJ to EXEC_TRAJ
[closed_loop_controller-6] [INFO] [1786010863.609941111] [closed_loop_controller]: Received trajectory 429, duration 4.480s
[scan_planner_node-4] [FSM]: from EXEC_TRAJ to REPLAN_TRAJ
[scan_planner_node-4] 
[scan_planner_node-4] [rebo replan]: -------------------------------------449
[scan_planner_node-4] start: 5.77 6.02 1.35, -0.197  0.596  0.012
[scan_planner_node-4] goal:3.3   7 1.4,    -0.75 8.38e-07        0
[scan_planner_node-4] [32miter(+1)=8,time(ms)=0.030,total_t(ms)=0.030,cost=0.006
[scan_planner_node-4] [0mfirst_optimize_step_success=1
[scan_planner_node-4] total time:[42m0.000227[0m,optimize:0.00019,refine:3.66e-05
[scan_planner_node-4] final_plan_success=1
[scan_planner_node-4] [FSM]: from REPLAN_TRAJ to EXEC_TRAJ
[closed_loop_controller-6] [INFO] [1786010863.783958725] [closed_loop_controller]: Received trajectory 430, duration 4.800s
[scan_planner_node-4] [INFO] [1786010863.897085093] [scan_planner_node]: [MapDecay] decayed=754 cleared=360 active_occupied=6310
[scan_planner_node-4] [FSM]: from EXEC_TRAJ to REPLAN_TRAJ
[scan_planner_node-4] 
[scan_planner_node-4] [rebo replan]: -------------------------------------450
[scan_planner_node-4] start: 5.74 6.11 1.35, -0.219  0.586 0.0117
[scan_planner_node-4] goal:3.3   7 1.4,    -0.75 8.38e-07        0
[scan_planner_node-4] [32miter(+1)=4,time(ms)=0.015,total_t(ms)=0.015,cost=0.004
[scan_planner_node-4] [0mfirst_optimize_step_success=1
[scan_planner_node-4] total time:[42m0.000144[0m,optimize:0.00011,refine:3.42e-05
[scan_planner_node-4] final_plan_success=1
[scan_planner_node-4] [FSM]: from REPLAN_TRAJ to EXEC_TRAJ
[closed_loop_controller-6] [INFO] [1786010863.938434515] [closed_loop_controller]: Received trajectory 431, duration 4.480s
[scan_planner_node-4] [FSM]: from EXEC_TRAJ to REPLAN_TRAJ
[scan_planner_node-4] 
[scan_planner_node-4] [rebo replan]: -------------------------------------451
[scan_planner_node-4] start:  5.7  6.2 1.35, -0.246  0.573 0.0114
[scan_planner_node-4] goal:3.13    7  1.4,    -0.75 2.08e-07        0
[scan_planner_node-4] [32miter(+1)=8,time(ms)=0.042,total_t(ms)=0.042,cost=0.007
[scan_planner_node-4] [0mfirst_optimize_step_success=1
[scan_planner_node-4] total time:[42m0.000296[0m,optimize:0.000234,refine:6.19e-05
[scan_planner_node-4] final_plan_success=1
[scan_planner_node-4] [FSM]: from REPLAN_TRAJ to EXEC_TRAJ
[closed_loop_controller-6] [INFO] [1786010864.094602772] [closed_loop_controller]: Received trajectory 432, duration 4.800s
[scan_planner_node-4] [FSM]: from EXEC_TRAJ to REPLAN_TRAJ
[scan_planner_node-4] 
[scan_planner_node-4] [rebo replan]: -------------------------------------452
[scan_planner_node-4] start: 5.68 6.25 1.35, -0.265  0.565 0.0112
[scan_planner_node-4] goal:3.13    7  1.4,    -0.75 2.08e-07        0
[scan_planner_node-4] [32miter(+1)=1,time(ms)=0.012,total_t(ms)=0.013,cost=0.003
[scan_planner_node-4] [0mfirst_optimize_step_success=1
[scan_planner_node-4] total time:[42m0.000159[0m,optimize:0.000126,refine:3.3e-05
[scan_planner_node-4] final_plan_success=1
[scan_planner_node-4] [FSM]: from REPLAN_TRAJ to EXEC_TRAJ
[closed_loop_controller-6] [INFO] [1786010864.189220138] [closed_loop_controller]: Received trajectory 433, duration 4.480s
[scan_planner_node-4] [FSM]: from EXEC_TRAJ to REPLAN_TRAJ
[scan_planner_node-4] 
[scan_planner_node-4] [rebo replan]: -------------------------------------453
[scan_planner_node-4] start: 5.64 6.31 1.35, -0.289  0.553 0.0109
[scan_planner_node-4] goal:2.95    7  1.4,     -0.75 -3.76e-07         0
[scan_planner_node-4] [32miter(+1)=7,time(ms)=0.025,total_t(ms)=0.025,cost=0.006
[scan_planner_node-4] [0mfirst_optimize_step_success=1
[scan_planner_node-4] total time:[42m0.000175[0m,optimize:0.00014,refine:3.53e-05
[scan_planner_node-4] final_plan_success=1
[scan_planner_node-4] [FSM]: from REPLAN_TRAJ to EXEC_TRAJ
[closed_loop_controller-6] [INFO] [1786010864.300427710] [closed_loop_controller]: Received trajectory 434, duration 4.800s
[scan_planner_node-4] [FSM]: from EXEC_TRAJ to REPLAN_TRAJ
[scan_planner_node-4] [INFO] [1786010864.379630626] [scan_planner_node]: [GridMapDiag] cloud=32768 accepted=15622 invalid=17146 below_sensor=0 outside_update=0 sensor_z=1.700 cutoff_z=2.700
[scan_planner_node-4] 
[scan_planner_node-4] [rebo replan]: -------------------------------------454
[scan_planner_node-4] start: 5.62 6.36 1.35, -0.307  0.543 0.0107
[scan_planner_node-4] goal:2.95    7  1.4,     -0.75 -3.76e-07         0
[scan_planner_node-4] [32miter(+1)=9,time(ms)=0.031,total_t(ms)=0.031,cost=0.006
[scan_planner_node-4] [0mfirst_optimize_step_success=1
[scan_planner_node-4] total time:[42m0.000184[0m,optimize:0.00015,refine:3.37e-05
[scan_planner_node-4] final_plan_success=1
[scan_planner_node-4] [FSM]: from REPLAN_TRAJ to EXEC_TRAJ
[closed_loop_controller-6] [INFO] [1786010864.382812972] [closed_loop_controller]: Received trajectory 435, duration 4.800s
[scan_planner_node-4] [FSM]: from EXEC_TRAJ to REPLAN_TRAJ
[scan_planner_node-4] 
[scan_planner_node-4] [rebo replan]: -------------------------------------455
[scan_planner_node-4] start: 5.58 6.42 1.36, -0.334  0.527 0.0104
[scan_planner_node-4] goal:2.95    7  1.4,     -0.75 -3.76e-07         0
[scan_planner_node-4] [32miter(+1)=4,time(ms)=0.019,total_t(ms)=0.020,cost=0.004
[scan_planner_node-4] [0mfirst_optimize_step_success=1
[scan_planner_node-4] total time:[42m0.00017[0m,optimize:0.000138,refine:3.19e-05
[scan_planner_node-4] final_plan_success=1
[scan_planner_node-4] [FSM]: from REPLAN_TRAJ to EXEC_TRAJ
[closed_loop_controller-6] [INFO] [1786010864.498554138] [closed_loop_controller]: Received trajectory 436, duration 4.480s
[scan_planner_node-4] [FSM]: from EXEC_TRAJ to REPLAN_TRAJ
[scan_planner_node-4] 
[scan_planner_node-4] [rebo replan]: -------------------------------------456
[scan_planner_node-4] start: 5.55 6.47 1.36, -0.356  0.513 0.0102
[scan_planner_node-4] goal:2.95    7  1.4,     -0.75 -3.76e-07         0
[scan_planner_node-4] [32miter(+1)=6,time(ms)=0.021,total_t(ms)=0.022,cost=0.006
[scan_planner_node-4] [0mfirst_optimize_step_success=1
[scan_planner_node-4] total time:[42m0.000177[0m,optimize:0.000145,refine:3.25e-05
[scan_planner_node-4] final_plan_success=1
[scan_planner_node-4] [FSM]: from REPLAN_TRAJ to EXEC_TRAJ
[closed_loop_controller-6] [INFO] [1786010864.591078434] [closed_loop_controller]: Received trajectory 437, duration 4.480s
[scan_planner_node-4] [FSM]: from EXEC_TRAJ to REPLAN_TRAJ
[scan_planner_node-4] 
[scan_planner_node-4] [rebo replan]: -------------------------------------457
[scan_planner_node-4] start: 5.51 6.53 1.36,  -0.384   0.492 0.00998
[scan_planner_node-4] goal:2.07    7  1.4,    -0.75 1.15e-08        0
[scan_planner_node-4] [32miter(+1)=6,time(ms)=0.023,total_t(ms)=0.023,cost=0.006
[scan_planner_node-4] [0mfirst_optimize_step_success=1
[scan_planner_node-4] total time:[42m0.00019[0m,optimize:0.000149,refine:4.08e-05
[scan_planner_node-4] final_plan_success=1
[scan_planner_node-4] [FSM]: from REPLAN_TRAJ to EXEC_TRAJ
[closed_loop_controller-6] [INFO] [1786010864.703882472] [closed_loop_controller]: Received trajectory 438, duration 5.760s
[scan_planner_node-4] [FSM]: from EXEC_TRAJ to REPLAN_TRAJ
[scan_planner_node-4] 
[scan_planner_node-4] [rebo replan]: -------------------------------------458
[scan_planner_node-4] start: 5.45  6.6 1.36,   -0.42   0.462 0.00929
[scan_planner_node-4] goal:1.9   7 1.4,    -0.75 -2.3e-09        0
[scan_planner_node-4] [32miter(+1)=4,time(ms)=0.016,total_t(ms)=0.016,cost=0.002
[scan_planner_node-4] [0mfirst_optimize_step_success=1
[scan_planner_node-4] total time:[42m0.000224[0m,optimize:0.000181,refine:4.25e-05
[scan_planner_node-4] final_plan_success=1
[scan_planner_node-4] [FSM]: from REPLAN_TRAJ to EXEC_TRAJ
[closed_loop_controller-6] [INFO] [1786010864.853327538] [closed_loop_controller]: Received trajectory 439, duration 5.760s
[scan_planner_node-4] [INFO] [1786010864.961179862] [scan_planner_node]: [MapDecay] decayed=1572 cleared=637 active_occupied=7220
[scan_planner_node-4] [FSM]: from EXEC_TRAJ to REPLAN_TRAJ
[scan_planner_node-4] 
[scan_planner_node-4] [rebo replan]: -------------------------------------459
[scan_planner_node-4] start: 5.38 6.67 1.36,  -0.456   0.427 0.00811
[scan_planner_node-4] goal:1.9   7 1.4,    -0.75 -2.3e-09        0
[scan_planner_node-4] [32miter(+1)=6,time(ms)=0.023,total_t(ms)=0.023,cost=0.007
[scan_planner_node-4] [0mfirst_optimize_step_success=1
[scan_planner_node-4] total time:[42m0.000194[0m,optimize:0.000153,refine:4.1e-05
[scan_planner_node-4] final_plan_success=1
[scan_planner_node-4] [FSM]: from REPLAN_TRAJ to EXEC_TRAJ
[closed_loop_controller-6] [INFO] [1786010865.007340892] [closed_loop_controller]: Received trajectory 440, duration 5.760s
[scan_planner_node-4] [FSM]: from EXEC_TRAJ to REPLAN_TRAJ
[scan_planner_node-4] 
[scan_planner_node-4] [rebo replan]: -------------------------------------460
[scan_planner_node-4] start: 5.31 6.73 1.36,  -0.489   0.389 0.00726
[scan_planner_node-4] goal:1.55    7  1.4,    -0.75 1.03e-09        0
[scan_planner_node-4] [32miter(+1)=4,time(ms)=0.024,total_t(ms)=0.025,cost=0.005
[scan_planner_node-4] [0mfirst_optimize_step_success=1
[scan_planner_node-4] total time:[42m0.000331[0m,optimize:0.000263,refine:6.81e-05
[scan_planner_node-4] final_plan_success=1
[closed_loop_controller-6] [INFO] [1786010865.155814810] [closed_loop_controller]: Received trajectory 441, duration 6.080s
[scan_planner_node-4] [FSM]: from REPLAN_TRAJ to EXEC_TRAJ
[scan_planner_node-4] [FSM]: from EXEC_TRAJ to REPLAN_TRAJ
[scan_planner_node-4] 
[scan_planner_node-4] [rebo replan]: -------------------------------------461
[scan_planner_node-4] start: 5.22 6.79 1.36,  -0.524   0.341 0.00667
[scan_planner_node-4] goal:1.55    7  1.4,    -0.75 1.03e-09        0
[scan_planner_node-4] [32miter(+1)=8,time(ms)=0.031,total_t(ms)=0.031,cost=0.007
[scan_planner_node-4] [0mfirst_optimize_step_success=1
[scan_planner_node-4] total time:[42m0.000217[0m,optimize:0.000164,refine:5.38e-05
[scan_planner_node-4] final_plan_success=1
[scan_planner_node-4] [FSM]: from REPLAN_TRAJ to EXEC_TRAJ
[closed_loop_controller-6] [INFO] [1786010865.328079152] [closed_loop_controller]: Received trajectory 442, duration 6.080s
[scan_planner_node-4] [FSM]: from EXEC_TRAJ to REPLAN_TRAJ
[scan_planner_node-4] 
[scan_planner_node-4] [rebo replan]: -------------------------------------462
[scan_planner_node-4] start: 5.16 6.83 1.36,  -0.545   0.306 0.00642
[scan_planner_node-4] goal:1.55    7  1.4,    -0.75 1.03e-09        0
[scan_planner_node-4] [32miter(+1)=4,time(ms)=0.016,total_t(ms)=0.016,cost=0.003
[scan_planner_node-4] [0mfirst_optimize_step_success=1
[scan_planner_node-4] total time:[42m0.000184[0m,optimize:0.000144,refine:3.94e-05
[scan_planner_node-4] final_plan_success=1
[scan_planner_node-4] [FSM]: from REPLAN_TRAJ to EXEC_TRAJ
[closed_loop_controller-6] [INFO] [1786010865.450874302] [closed_loop_controller]: Received trajectory 443, duration 5.760s
[scan_planner_node-4] [FSM]: from EXEC_TRAJ to REPLAN_TRAJ
[scan_planner_node-4] 
[scan_planner_node-4] [rebo replan]: -------------------------------------463
[scan_planner_node-4] start:  5.1 6.86 1.36,  -0.562   0.275 0.00632
[scan_planner_node-4] goal:1.55    7  1.4,    -0.75 1.03e-09        0
[scan_planner_node-4] [32miter(+1)=6,time(ms)=0.025,total_t(ms)=0.025,cost=0.006
[scan_planner_node-4] [0mfirst_optimize_step_success=1
[scan_planner_node-4] total time:[42m0.000224[0m,optimize:0.000181,refine:4.3e-05
[scan_planner_node-4] final_plan_success=1
[scan_planner_node-4] [FSM]: from REPLAN_TRAJ to EXEC_TRAJ
[closed_loop_controller-6] [INFO] [1786010865.555435748] [closed_loop_controller]: Received trajectory 444, duration 5.760s
[scan_planner_node-4] [FSM]: from EXEC_TRAJ to REPLAN_TRAJ
[scan_planner_node-4] 
[scan_planner_node-4] [rebo replan]: -------------------------------------464
[scan_planner_node-4] start:    5  6.9 1.36,  -0.584   0.223 0.00632
[scan_planner_node-4] goal:1.55    7  1.4,    -0.75 1.03e-09        0
[scan_planner_node-4] [32miter(+1)=4,time(ms)=0.016,total_t(ms)=0.016,cost=0.002
[scan_planner_node-4] [0mfirst_optimize_step_success=1
[scan_planner_node-4] total time:[42m0.000194[0m,optimize:0.000145,refine:4.84e-05
[scan_planner_node-4] final_plan_success=1
[scan_planner_node-4] [FSM]: from REPLAN_TRAJ to EXEC_TRAJ
[closed_loop_controller-6] [INFO] [1786010865.732343073] [closed_loop_controller]: Received trajectory 445, duration 5.440s
[scan_planner_node-4] [FSM]: from EXEC_TRAJ to REPLAN_TRAJ
[scan_planner_node-4] 
[scan_planner_node-4] [rebo replan]: -------------------------------------465
[scan_planner_node-4] start: 4.89 6.94 1.37,  -0.602   0.172 0.00639
[scan_planner_node-4] goal:1.2   7 1.4,   -0.75 4.6e-10       0
[scan_planner_node-4] [32miter(+1)=5,time(ms)=0.019,total_t(ms)=0.019,cost=0.002
[scan_planner_node-4] [0mfirst_optimize_step_success=1
[scan_planner_node-4] total time:[42m0.000206[0m,optimize:0.000163,refine:4.35e-05
[scan_planner_node-4] final_plan_success=1
[scan_planner_node-4] [FSM]: from REPLAN_TRAJ to EXEC_TRAJ
[closed_loop_controller-6] [INFO] [1786010865.912955724] [closed_loop_controller]: Received trajectory 446, duration 5.760s
[scan_planner_node-4] [FSM]: from EXEC_TRAJ to REPLAN_TRAJ
[scan_planner_node-4] [INFO] [1786010866.061930268] [scan_planner_node]: [MapDecay] decayed=903 cleared=357 active_occupied=8618
[scan_planner_node-4] 
[scan_planner_node-4] [rebo replan]: -------------------------------------466
[scan_planner_node-4] start:  4.8 6.96 1.37,  -0.612   0.133 0.00629
[scan_planner_node-4] goal:1.2   7 1.4,   -0.75 4.6e-10       0
[scan_planner_node-4] [32miter(+1)=5,time(ms)=0.027,total_t(ms)=0.028,cost=0.005
[scan_planner_node-4] [0mfirst_optimize_step_success=1
[scan_planner_node-4] total time:[42m0.000243[0m,optimize:0.000195,refine:4.81e-05
[scan_planner_node-4] final_plan_success=1
[scan_planner_node-4] [FSM]: from REPLAN_TRAJ to EXEC_TRAJ
[closed_loop_controller-6] [INFO] [1786010866.062446637] [closed_loop_controller]: Received trajectory 447, duration 5.760s
[scan_planner_node-4] [FSM]: from EXEC_TRAJ to REPLAN_TRAJ
[scan_planner_node-4] 
[scan_planner_node-4] [rebo replan]: -------------------------------------467
[scan_planner_node-4] start: 4.71 6.98 1.37,  -0.618  0.0974 0.00604
[scan_planner_node-4] goal:1.2   7 1.4,   -0.75 4.6e-10       0
[scan_planner_node-4] [32miter(+1)=5,time(ms)=0.020,total_t(ms)=0.021,cost=0.002
[scan_planner_node-4] [0mfirst_optimize_step_success=1
[scan_planner_node-4] total time:[42m0.000181[0m,optimize:0.000139,refine:4.17e-05
[scan_planner_node-4] final_plan_success=1
[scan_planner_node-4] [FSM]: from REPLAN_TRAJ to EXEC_TRAJ
[closed_loop_controller-6] [INFO] [1786010866.214726311] [closed_loop_controller]: Received trajectory 448, duration 5.440s
[scan_planner_node-4] [FSM]: from EXEC_TRAJ to REPLAN_TRAJ
[scan_planner_node-4] 
[scan_planner_node-4] [rebo replan]: -------------------------------------468
[scan_planner_node-4] start: 4.62 6.99 1.37,  -0.622  0.0676 0.00585
[scan_planner_node-4] goal:1.2   7 1.4,   -0.75 4.6e-10       0
[scan_planner_node-4] [32miter(+1)=4,time(ms)=0.017,total_t(ms)=0.018,cost=0.005
[scan_planner_node-4] [0mfirst_optimize_step_success=1
[scan_planner_node-4] total time:[42m0.000215[0m,optimize:0.000176,refine:3.94e-05
[scan_planner_node-4] final_plan_success=1
[scan_planner_node-4] [FSM]: from REPLAN_TRAJ to EXEC_TRAJ
[closed_loop_controller-6] [INFO] [1786010866.363016479] [closed_loop_controller]: Received trajectory 449, duration 5.440s
[scan_planner_node-4] [INFO] [1786010866.404271972] [scan_planner_node]: [GridMapDiag] cloud=32768 accepted=16848 invalid=15920 below_sensor=0 outside_update=0 sensor_z=1.700 cutoff_z=2.700
[scan_planner_node-4] [FSM]: from EXEC_TRAJ to REPLAN_TRAJ
[scan_planner_node-4] 
[scan_planner_node-4] [rebo replan]: -------------------------------------469
[scan_planner_node-4] start: 4.53    7 1.37,  -0.624  0.0436 0.00578
[scan_planner_node-4] goal:0.85    7  1.4,    -0.75 9.42e-11        0
[scan_planner_node-4] [32miter(+1)=4,time(ms)=0.016,total_t(ms)=0.017,cost=0.002
[scan_planner_node-4] [0mfirst_optimize_step_success=1
[scan_planner_node-4] total time:[42m0.000206[0m,optimize:0.000156,refine:5.01e-05
[scan_planner_node-4] final_plan_success=1
[scan_planner_node-4] [FSM]: from REPLAN_TRAJ to EXEC_TRAJ
[closed_loop_controller-6] [INFO] [1786010866.507082118] [closed_loop_controller]: Received trajectory 450, duration 5.760s
[scan_planner_node-4] [FSM]: from EXEC_TRAJ to REPLAN_TRAJ
[scan_planner_node-4] 
[scan_planner_node-4] [rebo replan]: -------------------------------------470
[scan_planner_node-4] start: 4.43    7 1.37,  -0.625  0.0239 0.00563
[scan_planner_node-4] goal:0.85    7  1.4,    -0.75 9.42e-11        0
[scan_planner_node-4] [32miter(+1)=5,time(ms)=0.020,total_t(ms)=0.021,cost=0.006
[scan_planner_node-4] [0mfirst_optimize_step_success=1
[scan_planner_node-4] total time:[42m0.000221[0m,optimize:0.000179,refine:4.2e-05
[scan_planner_node-4] final_plan_success=1
[scan_planner_node-4] [FSM]: from REPLAN_TRAJ to EXEC_TRAJ
[closed_loop_controller-6] [INFO] [1786010866.654524714] [closed_loop_controller]: Received trajectory 451, duration 5.760s
[scan_planner_node-4] [FSM]: from EXEC_TRAJ to REPLAN_TRAJ
[scan_planner_node-4] 
[scan_planner_node-4] [rebo replan]: -------------------------------------471
[scan_planner_node-4] start: 4.38 7.01 1.37,  -0.626  0.0156 0.00551
[scan_planner_node-4] goal:0.85    7  1.4,    -0.75 9.42e-11        0
[scan_planner_node-4] [32miter(+1)=8,time(ms)=0.031,total_t(ms)=0.031,cost=0.005
[scan_planner_node-4] [0mfirst_optimize_step_success=1
[scan_planner_node-4] total time:[42m0.000218[0m,optimize:0.00017,refine:4.82e-05
[scan_planner_node-4] final_plan_success=1
[scan_planner_node-4] [FSM]: from REPLAN_TRAJ to EXEC_TRAJ
[closed_loop_controller-6] [INFO] [1786010866.732916053] [closed_loop_controller]: Received trajectory 452, duration 5.760s
[scan_planner_node-4] [FSM]: from EXEC_TRAJ to REPLAN_TRAJ
[scan_planner_node-4] 
[scan_planner_node-4] [rebo replan]: -------------------------------------472
[scan_planner_node-4] start: 4.24 7.01 1.37,   -0.626 -0.00187  0.00527
[scan_planner_node-4] goal:0.5   7 1.4,   -0.75 6.4e-12       0
[scan_planner_node-4] [32miter(+1)=8,time(ms)=0.033,total_t(ms)=0.033,cost=0.005
[scan_planner_node-4] [0mfirst_optimize_step_success=1
[scan_planner_node-4] total time:[42m0.000236[0m,optimize:0.000191,refine:4.46e-05
[scan_planner_node-4] final_plan_success=1
[scan_planner_node-4] [FSM]: from REPLAN_TRAJ to EXEC_TRAJ
[closed_loop_controller-6] [INFO] [1786010866.968925276] [closed_loop_controller]: Received trajectory 453, duration 6.080s
[scan_planner_node-4] [FSM]: from EXEC_TRAJ to REPLAN_TRAJ
[scan_planner_node-4] 
[scan_planner_node-4] [rebo replan]: -------------------------------------473
[scan_planner_node-4] start: 4.14 7.01 1.37,  -0.625 -0.0077 0.00508
[scan_planner_node-4] goal:0.5   7 1.4,   -0.75 6.4e-12       0
[scan_planner_node-4] [32miter(+1)=1,time(ms)=0.010,total_t(ms)=0.010,cost=0.003
[scan_planner_node-4] [0mfirst_optimize_step_success=1
[scan_planner_node-4] total time:[42m0.000169[0m,optimize:0.000127,refine:4.24e-05
[scan_planner_node-4] final_plan_success=1
[scan_planner_node-4] [FSM]: from REPLAN_TRAJ to EXEC_TRAJ
[closed_loop_controller-6] [INFO] [1786010867.121042536] [closed_loop_controller]: Received trajectory 454, duration 5.760s
[scan_planner_node-4] [INFO] [1786010867.165722686] [scan_planner_node]: [MapDecay] decayed=2635 cleared=580 active_occupied=6216
[scan_planner_node-4] [FSM]: from EXEC_TRAJ to REPLAN_TRAJ
[scan_planner_node-4] 
[scan_planner_node-4] [rebo replan]: -------------------------------------474
[scan_planner_node-4] start: 4.04    7 1.37,  -0.625 -0.0106 0.00486
[scan_planner_node-4] goal:0.5   7 1.4,   -0.75 6.4e-12       0
[scan_planner_node-4] [32miter(+1)=8,time(ms)=0.027,total_t(ms)=0.027,cost=0.005
[scan_planner_node-4] [0mfirst_optimize_step_success=1
[scan_planner_node-4] total time:[42m0.00026[0m,optimize:0.000217,refine:4.3e-05
[scan_planner_node-4] final_plan_success=1
[scan_planner_node-4] [FSM]: from REPLAN_TRAJ to EXEC_TRAJ
[closed_loop_controller-6] [INFO] [1786010867.287095271] [closed_loop_controller]: Received trajectory 455, duration 5.760s
[scan_planner_node-4] [FSM]: from EXEC_TRAJ to REPLAN_TRAJ
[scan_planner_node-4] 
[scan_planner_node-4] [rebo replan]: -------------------------------------475
[scan_planner_node-4] start:  3.9    7 1.37,  -0.625 -0.0104 0.00472
[scan_planner_node-4] goal:0.325     7   1.4,   -0.75 1.1e-12       0
[scan_planner_node-4] [32miter(+1)=6,time(ms)=0.020,total_t(ms)=0.021,cost=0.005
[scan_planner_node-4] [0mfirst_optimize_step_success=1
[scan_planner_node-4] total time:[42m0.000213[0m,optimize:0.000172,refine:4.08e-05
[scan_planner_node-4] final_plan_success=1
[scan_planner_node-4] [FSM]: from REPLAN_TRAJ to EXEC_TRAJ
[closed_loop_controller-6] [INFO] [1786010867.504972750] [closed_loop_controller]: Received trajectory 456, duration 5.760s
[scan_planner_node-4] [FSM]: from EXEC_TRAJ to REPLAN_TRAJ
[scan_planner_node-4] 
[scan_planner_node-4] [rebo replan]: -------------------------------------476
[scan_planner_node-4] start: 3.84    7 1.37,   -0.625 -0.00932  0.00469
[scan_planner_node-4] goal:0.325     7   1.4,   -0.75 1.1e-12       0
[scan_planner_node-4] [32miter(+1)=8,time(ms)=0.033,total_t(ms)=0.033,cost=0.006
[scan_planner_node-4] [0mfirst_optimize_step_success=1
[scan_planner_node-4] total time:[42m0.000222[0m,optimize:0.00018,refine:4.23e-05
[scan_planner_node-4] final_plan_success=1
[scan_planner_node-4] [FSM]: from REPLAN_TRAJ to EXEC_TRAJ
[closed_loop_controller-6] [INFO] [1786010867.609156800] [closed_loop_controller]: Received trajectory 457, duration 5.760s
[scan_planner_node-4] [FSM]: from EXEC_TRAJ to REPLAN_TRAJ
[scan_planner_node-4] 
[scan_planner_node-4] [rebo replan]: -------------------------------------477
[scan_planner_node-4] start: 3.77    7 1.38,   -0.625 -0.00798  0.00463
[scan_planner_node-4] goal:0.325     7   1.4,   -0.75 1.1e-12       0
[scan_planner_node-4] [32miter(+1)=1,time(ms)=0.011,total_t(ms)=0.011,cost=0.002
[scan_planner_node-4] [0mfirst_optimize_step_success=1
[scan_planner_node-4] total time:[42m0.000179[0m,optimize:0.000134,refine:4.47e-05
[scan_planner_node-4] final_plan_success=1
[scan_planner_node-4] [FSM]: from REPLAN_TRAJ to EXEC_TRAJ
[closed_loop_controller-6] [INFO] [1786010867.711470561] [closed_loop_controller]: Received trajectory 458, duration 5.440s
[scan_planner_node-4] [FSM]: from EXEC_TRAJ to REPLAN_TRAJ
[scan_planner_node-4] 
[scan_planner_node-4] [rebo replan]: -------------------------------------478
[scan_planner_node-4] start: 3.71    7 1.38,   -0.625 -0.00643  0.00458
[scan_planner_node-4] goal:-0.025      7    1.4,    -0.75 -1.2e-12        0
[scan_planner_node-4] [32miter(+1)=8,time(ms)=0.033,total_t(ms)=0.034,cost=0.005
[scan_planner_node-4] [0mfirst_optimize_step_success=1
[scan_planner_node-4] total time:[42m0.000217[0m,optimize:0.000173,refine:4.4e-05
[scan_planner_node-4] final_plan_success=1
[scan_planner_node-4] [FSM]: from REPLAN_TRAJ to EXEC_TRAJ
[closed_loop_controller-6] [INFO] [1786010867.817910754] [closed_loop_controller]: Received trajectory 459, duration 6.080s
[scan_planner_node-4] [FSM]: from EXEC_TRAJ to REPLAN_TRAJ
[scan_planner_node-4] 
[scan_planner_node-4] [rebo replan]: -------------------------------------479
[scan_planner_node-4] start: 3.64    7 1.38,   -0.625 -0.00469  0.00448
[scan_planner_node-4] goal:-0.025      7    1.4,    -0.75 -1.2e-12        0
[scan_planner_node-4] [32miter(+1)=4,time(ms)=0.025,total_t(ms)=0.025,cost=0.001
[scan_planner_node-4] [0mfirst_optimize_step_success=1
[scan_planner_node-4] total time:[42m0.000317[0m,optimize:0.000247,refine:7.06e-05
[scan_planner_node-4] final_plan_success=1
[scan_planner_node-4] [FSM]: from REPLAN_TRAJ to EXEC_TRAJ
[closed_loop_controller-6] [INFO] [1786010867.930413268] [closed_loop_controller]: Received trajectory 460, duration 5.760s
[scan_planner_node-4] [FSM]: from EXEC_TRAJ to REPLAN_TRAJ
[scan_planner_node-4] 
[scan_planner_node-4] [rebo replan]: -------------------------------------480
[scan_planner_node-4] start: 3.57    7 1.38,   -0.625 -0.00316  0.00434
[scan_planner_node-4] goal:-0.025      7    1.4,    -0.75 -1.2e-12        0
[scan_planner_node-4] [32miter(+1)=5,time(ms)=0.023,total_t(ms)=0.023,cost=0.005
[scan_planner_node-4] [0mfirst_optimize_step_success=1
[scan_planner_node-4] total time:[42m0.000207[0m,optimize:0.00016,refine:4.71e-05
[scan_planner_node-4] final_plan_success=1
[scan_planner_node-4] [FSM]: from REPLAN_TRAJ to EXEC_TRAJ
[closed_loop_controller-6] [INFO] [1786010868.034270437] [closed_loop_controller]: Received trajectory 461, duration 5.760s
[scan_planner_node-4] [FSM]: from EXEC_TRAJ to REPLAN_TRAJ
[scan_planner_node-4] 
[scan_planner_node-4] [rebo replan]: -------------------------------------481
[scan_planner_node-4] start:  3.5    7 1.38,   -0.625 -0.00159  0.00421
[scan_planner_node-4] goal:-0.025      7    1.4,    -0.75 -1.2e-12        0
[scan_planner_node-4] [32miter(+1)=8,time(ms)=0.028,total_t(ms)=0.028,cost=0.006
[scan_planner_node-4] [0mfirst_optimize_step_success=1
[scan_planner_node-4] total time:[42m0.000216[0m,optimize:0.000174,refine:4.17e-05
[scan_planner_node-4] final_plan_success=1
[scan_planner_node-4] [FSM]: from REPLAN_TRAJ to EXEC_TRAJ
[closed_loop_controller-6] [INFO] [1786010868.149835643] [closed_loop_controller]: Received trajectory 462, duration 5.760s
[scan_planner_node-4] [FSM]: from EXEC_TRAJ to REPLAN_TRAJ
[scan_planner_node-4] 
[scan_planner_node-4] [rebo replan]: -------------------------------------482
[scan_planner_node-4] start: 3.45    7 1.38,    -0.625 -0.000611   0.00414
[scan_planner_node-4] goal:-0.025      7    1.4,    -0.75 -1.2e-12        0
[scan_planner_node-4] [32miter(+1)=9,time(ms)=0.034,total_t(ms)=0.034,cost=0.009
[scan_planner_node-4] [0mfirst_optimize_step_success=1
[scan_planner_node-4] total time:[42m0.000231[0m,optimize:0.00019,refine:4.06e-05
[scan_planner_node-4] final_plan_success=1
[scan_planner_node-4] [FSM]: from REPLAN_TRAJ to EXEC_TRAJ
[closed_loop_controller-6] [INFO] [1786010868.232863126] [closed_loop_controller]: Received trajectory 463, duration 5.760s
[scan_planner_node-4] [INFO] [1786010868.243140136] [scan_planner_node]: [MapDecay] decayed=621 cleared=229 active_occupied=6522
[scan_planner_node-4] [FSM]: state: EXEC_TRAJ
[scan_planner_node-4] [FSM]: from EXEC_TRAJ to REPLAN_TRAJ
[scan_planner_node-4] 
[scan_planner_node-4] [rebo replan]: -------------------------------------483
[scan_planner_node-4] start: 3.37    7 1.38,  -0.625 0.00058 0.00408
[scan_planner_node-4] goal:-0.375      7    1.4,    -0.75 -1.1e-11        0
[scan_planner_node-4] [32miter(+1)=7,time(ms)=0.029,total_t(ms)=0.030,cost=0.006
[scan_planner_node-4] [0mfirst_optimize_step_success=1
[scan_planner_node-4] total time:[42m0.000259[0m,optimize:0.000203,refine:5.6e-05
[scan_planner_node-4] final_plan_success=1
[scan_planner_node-4] [FSM]: from REPLAN_TRAJ to EXEC_TRAJ
[closed_loop_controller-6] [INFO] [1786010868.353597092] [closed_loop_controller]: Received trajectory 464, duration 6.080s
[scan_planner_node-4] [FSM]: from EXEC_TRAJ to REPLAN_TRAJ
[scan_planner_node-4] 
[scan_planner_node-4] [rebo replan]: -------------------------------------484
[scan_planner_node-4] start: 3.32    7 1.38,  -0.625 0.00121 0.00403
[scan_planner_node-4] goal:-0.375      7    1.4,    -0.75 -1.1e-11        0
[scan_planner_node-4] [32miter(+1)=8,time(ms)=0.032,total_t(ms)=0.033,cost=0.007
[scan_planner_node-4] [0mfirst_optimize_step_success=1
[scan_planner_node-4] total time:[42m0.00021[0m,optimize:0.000166,refine:4.39e-05
[scan_planner_node-4] final_plan_success=1
[scan_planner_node-4] [FSM]: from REPLAN_TRAJ to EXEC_TRAJ
[closed_loop_controller-6] [INFO] [1786010868.432784665] [closed_loop_controller]: Received trajectory 465, duration 6.080s
[scan_planner_node-4] [INFO] [1786010868.484577148] [scan_planner_node]: [GridMapDiag] cloud=32768 accepted=19335 invalid=13433 below_sensor=0 outside_update=0 sensor_z=1.700 cutoff_z=2.700
[scan_planner_node-4] [FSM]: from EXEC_TRAJ to REPLAN_TRAJ
[scan_planner_node-4] 
[scan_planner_node-4] [rebo replan]: -------------------------------------485
[scan_planner_node-4] start: 3.25    7 1.38,  -0.625 0.00189 0.00392
[scan_planner_node-4] goal:-0.375      7    1.4,    -0.75 -1.1e-11        0
[scan_planner_node-4] [32miter(+1)=4,time(ms)=0.025,total_t(ms)=0.026,cost=0.004
[scan_planner_node-4] [0mfirst_optimize_step_success=1
[scan_planner_node-4] total time:[42m0.000288[0m,optimize:0.000232,refine:5.66e-05
[scan_planner_node-4] final_plan_success=1
[scan_planner_node-4] [FSM]: from REPLAN_TRAJ to EXEC_TRAJ
[closed_loop_controller-6] [INFO] [1786010868.551954265] [closed_loop_controller]: Received trajectory 466, duration 5.760s
[scan_planner_node-4] [FSM]: from EXEC_TRAJ to REPLAN_TRAJ
[scan_planner_node-4] 
[scan_planner_node-4] [rebo replan]: -------------------------------------486
[scan_planner_node-4] start:  3.2    7 1.38,  -0.625  0.0022 0.00385
[scan_planner_node-4] goal:-0.375      7    1.4,    -0.75 -1.1e-11        0
[scan_planner_node-4] [32miter(+1)=6,time(ms)=0.047,total_t(ms)=0.048,cost=0.006
[scan_planner_node-4] [0mfirst_optimize_step_success=1
[scan_planner_node-4] total time:[42m0.000313[0m,optimize:0.000256,refine:5.74e-05
[scan_planner_node-4] final_plan_success=1
[closed_loop_controller-6] [INFO] [1786010868.632911412] [closed_loop_controller]: Received trajectory 467, duration 5.760s
[scan_planner_node-4] [FSM]: from REPLAN_TRAJ to EXEC_TRAJ
[scan_planner_node-4] [FSM]: from EXEC_TRAJ to REPLAN_TRAJ
[scan_planner_node-4] 
[scan_planner_node-4] [rebo replan]: -------------------------------------487
[scan_planner_node-4] start: 3.13    7 1.38,  -0.625 0.00245 0.00376
[scan_planner_node-4] goal:-0.375      7    1.4,    -0.75 -1.1e-11        0
[scan_planner_node-4] [32miter(+1)=9,time(ms)=0.038,total_t(ms)=0.038,cost=0.006
[scan_planner_node-4] [0mfirst_optimize_step_success=1
[scan_planner_node-4] total time:[42m0.000283[0m,optimize:0.000241,refine:4.2e-05
[scan_planner_node-4] final_plan_success=1
[scan_planner_node-4] [FSM]: from REPLAN_TRAJ to EXEC_TRAJ
[closed_loop_controller-6] [INFO] [1786010868.749829815] [closed_loop_controller]: Received trajectory 468, duration 5.760s
[scan_planner_node-4] [FSM]: from EXEC_TRAJ to REPLAN_TRAJ
[scan_planner_node-4] 
[scan_planner_node-4] [rebo replan]: -------------------------------------488
[scan_planner_node-4] start: 3.07    7 1.38,  -0.625 0.00251 0.00372
[scan_planner_node-4] goal:-0.375      7    1.4,    -0.75 -1.1e-11        0
[scan_planner_node-4] [32miter(+1)=10,time(ms)=0.035,total_t(ms)=0.035,cost=0.008
[scan_planner_node-4] [0mfirst_optimize_step_success=1
[scan_planner_node-4] total time:[42m0.000206[0m,optimize:0.000165,refine:4.09e-05
[scan_planner_node-4] final_plan_success=1
[scan_planner_node-4] [FSM]: from REPLAN_TRAJ to EXEC_TRAJ
[closed_loop_controller-6] [INFO] [1786010868.832803604] [closed_loop_controller]: Received trajectory 469, duration 5.760s
[scan_planner_node-4] [FSM]: from EXEC_TRAJ to REPLAN_TRAJ
[scan_planner_node-4] 
[scan_planner_node-4] [rebo replan]: -------------------------------------489
[scan_planner_node-4] start:    3    7 1.38,  -0.625 0.00244 0.00369
[scan_planner_node-4] goal:-0.725      7    1.4,     -0.75 -8.37e-12         0
[scan_planner_node-4] [32miter(+1)=6,time(ms)=0.022,total_t(ms)=0.022,cost=0.001
[scan_planner_node-4] [0mfirst_optimize_step_success=1
[scan_planner_node-4] total time:[42m0.000241[0m,optimize:0.000202,refine:3.97e-05
[scan_planner_node-4] final_plan_success=1
[scan_planner_node-4] [FSM]: from REPLAN_TRAJ to EXEC_TRAJ
[closed_loop_controller-6] [INFO] [1786010868.950095243] [closed_loop_controller]: Received trajectory 470, duration 5.760s
[scan_planner_node-4] [FSM]: from EXEC_TRAJ to REPLAN_TRAJ
[scan_planner_node-4] 
[scan_planner_node-4] [rebo replan]: -------------------------------------490
[scan_planner_node-4] start: 2.95    7 1.38,  -0.625 0.00231 0.00365
[scan_planner_node-4] goal:-0.725      7    1.4,     -0.75 -8.37e-12         0
[scan_planner_node-4] [32miter(+1)=4,time(ms)=0.016,total_t(ms)=0.017,cost=0.001
[scan_planner_node-4] [0mfirst_optimize_step_success=1
[scan_planner_node-4] total time:[42m0.000187[0m,optimize:0.000148,refine:4e-05
[scan_planner_node-4] final_plan_success=1
[scan_planner_node-4] [FSM]: from REPLAN_TRAJ to EXEC_TRAJ
[closed_loop_controller-6] [INFO] [1786010869.032724608] [closed_loop_controller]: Received trajectory 471, duration 5.760s
[scan_planner_node-4] [FSM]: from EXEC_TRAJ to REPLAN_TRAJ
[scan_planner_node-4] 
[scan_planner_node-4] [rebo replan]: -------------------------------------491
[scan_planner_node-4] start: 2.88    7 1.38,  -0.625 0.00202 0.00355
[scan_planner_node-4] goal:-0.725      7    1.4,     -0.75 -8.37e-12         0
[scan_planner_node-4] [32miter(+1)=5,time(ms)=0.029,total_t(ms)=0.029,cost=0.005
[scan_planner_node-4] [0mfirst_optimize_step_success=1
[scan_planner_node-4] total time:[42m0.000289[0m,optimize:0.000229,refine:6.04e-05
[scan_planner_node-4] final_plan_success=1
[closed_loop_controller-6] [INFO] [1786010869.151573858] [closed_loop_controller]: Received trajectory 472, duration 5.760s
[scan_planner_node-4] [FSM]: from REPLAN_TRAJ to EXEC_TRAJ
[scan_planner_node-4] [FSM]: from EXEC_TRAJ to REPLAN_TRAJ
[scan_planner_node-4] [INFO] [1786010869.243095216] [scan_planner_node]: [MapDecay] decayed=667 cleared=231 active_occupied=6381
[scan_planner_node-4] 
[scan_planner_node-4] [rebo replan]: -------------------------------------492
[scan_planner_node-4] start: 2.79    7 1.38,  -0.625 0.00161 0.00345
[scan_planner_node-4] goal:-0.725      7    1.4,     -0.75 -8.37e-12         0
[scan_planner_node-4] [32miter(+1)=8,time(ms)=0.051,total_t(ms)=0.051,cost=0.006
[scan_planner_node-4] [0mfirst_optimize_step_success=1
[scan_planner_node-4] total time:[42m0.000341[0m,optimize:0.000269,refine:7.24e-05
[scan_planner_node-4] final_plan_success=1
[scan_planner_node-4] [FSM]: from REPLAN_TRAJ to EXEC_TRAJ
[closed_loop_controller-6] [INFO] [1786010869.282940557] [closed_loop_controller]: Received trajectory 473, duration 5.760s
[scan_planner_node-4] [FSM]: from EXEC_TRAJ to REPLAN_TRAJ
[scan_planner_node-4] 
[scan_planner_node-4] [rebo replan]: -------------------------------------493
[scan_planner_node-4] start: 2.73    7 1.38,  -0.625 0.00125 0.00338
[scan_planner_node-4] goal:-0.725      7    1.4,     -0.75 -8.37e-12         0
[scan_planner_node-4] [32miter(+1)=3,time(ms)=0.015,total_t(ms)=0.016,cost=0.002
[scan_planner_node-4] [0mfirst_optimize_step_success=1
[scan_planner_node-4] total time:[42m0.000168[0m,optimize:0.000131,refine:3.76e-05
[scan_planner_node-4] final_plan_success=1
[scan_planner_node-4] [FSM]: from REPLAN_TRAJ to EXEC_TRAJ
[closed_loop_controller-6] [INFO] [1786010869.389123962] [closed_loop_controller]: Received trajectory 474, duration 5.440s
[scan_planner_node-4] [FSM]: from EXEC_TRAJ to REPLAN_TRAJ
[scan_planner_node-4] 
[scan_planner_node-4] [rebo replan]: -------------------------------------494
[scan_planner_node-4] start: 2.63    7 1.38,   -0.625 0.000707  0.00334
[scan_planner_node-4] goal:-1.08     7   1.4,    -0.75 1.69e-10        0
[scan_planner_node-4] [32miter(+1)=5,time(ms)=0.028,total_t(ms)=0.028,cost=0.001
[scan_planner_node-4] [0mfirst_optimize_step_success=1
[scan_planner_node-4] total time:[42m0.000218[0m,optimize:0.000177,refine:4.02e-05
[scan_planner_node-4] final_plan_success=1
[scan_planner_node-4] [FSM]: from REPLAN_TRAJ to EXEC_TRAJ
[closed_loop_controller-6] [INFO] [1786010869.549658373] [closed_loop_controller]: Received trajectory 475, duration 5.760s
[scan_planner_node-4] [FSM]: from EXEC_TRAJ to REPLAN_TRAJ
[scan_planner_node-4] 
[scan_planner_node-4] [rebo replan]: -------------------------------------495
[scan_planner_node-4] start: 2.58    7 1.38,   -0.625 0.000443   0.0033
[scan_planner_node-4] goal:-1.08     7   1.4,    -0.75 1.69e-10        0
[scan_planner_node-4] [32miter(+1)=3,time(ms)=0.023,total_t(ms)=0.023,cost=0.002
[scan_planner_node-4] [0mfirst_optimize_step_success=1
[scan_planner_node-4] total time:[42m0.000353[0m,optimize:0.00028,refine:7.32e-05
[scan_planner_node-4] final_plan_success=1
[scan_planner_node-4] [FSM]: from REPLAN_TRAJ to EXEC_TRAJ
[closed_loop_controller-6] [INFO] [1786010869.633332888] [closed_loop_controller]: Received trajectory 476, duration 5.760s
[scan_planner_node-4] [FSM]: from EXEC_TRAJ to REPLAN_TRAJ
[scan_planner_node-4] 
[scan_planner_node-4] [rebo replan]: -------------------------------------496
[scan_planner_node-4] start:  2.5    7 1.38,  -0.625 9.6e-05 0.00322
[scan_planner_node-4] goal:-1.25     7   1.4,     -0.75 -5.08e-10         0
[scan_planner_node-4] [32miter(+1)=7,time(ms)=0.026,total_t(ms)=0.026,cost=0.005
[scan_planner_node-4] [0mfirst_optimize_step_success=1
[scan_planner_node-4] total time:[42m0.000228[0m,optimize:0.000186,refine:4.24e-05
[scan_planner_node-4] final_plan_success=1
[scan_planner_node-4] [FSM]: from REPLAN_TRAJ to EXEC_TRAJ
[closed_loop_controller-6] [INFO] [1786010869.753105358] [closed_loop_controller]: Received trajectory 477, duration 6.080s
[scan_planner_node-4] [FSM]: from EXEC_TRAJ to REPLAN_TRAJ
[scan_planner_node-4] 
[scan_planner_node-4] [rebo replan]: -------------------------------------497
[scan_planner_node-4] start: 2.45    7 1.38,    -0.625 -0.000102   0.00314
[scan_planner_node-4] goal:-1.25     7   1.4,     -0.75 -5.08e-10         0
[scan_planner_node-4] [32miter(+1)=9,time(ms)=0.058,total_t(ms)=0.058,cost=0.006
[scan_planner_node-4] [0mfirst_optimize_step_success=1
[scan_planner_node-4] total time:[42m0.000392[0m,optimize:0.000304,refine:8.85e-05
[scan_planner_node-4] final_plan_success=1
[scan_planner_node-4] [FSM]: from REPLAN_TRAJ to EXEC_TRAJ
[closed_loop_controller-6] [INFO] [1786010869.833280550] [closed_loop_controller]: Received trajectory 478, duration 6.080s
[scan_planner_node-4] [FSM]: from EXEC_TRAJ to REPLAN_TRAJ
[scan_planner_node-4] 
[scan_planner_node-4] [rebo replan]: -------------------------------------498
[scan_planner_node-4] start: 2.38    7 1.38,    -0.625 -0.000323   0.00304
[scan_planner_node-4] goal:-1.25     7   1.4,     -0.75 -5.08e-10         0
[scan_planner_node-4] [32miter(+1)=4,time(ms)=0.025,total_t(ms)=0.026,cost=0.003
[scan_planner_node-4] [0mfirst_optimize_step_success=1
[scan_planner_node-4] total time:[42m0.00026[0m,optimize:0.000202,refine:5.78e-05
[scan_planner_node-4] final_plan_success=1
[scan_planner_node-4] [FSM]: from REPLAN_TRAJ to EXEC_TRAJ
[closed_loop_controller-6] [INFO] [1786010869.947864761] [closed_loop_controller]: Received trajectory 479, duration 5.760s
[scan_planner_node-4] [FSM]: from EXEC_TRAJ to REPLAN_TRAJ
[scan_planner_node-4] 
[scan_planner_node-4] [rebo replan]: -------------------------------------499
[scan_planner_node-4] start: 2.33    7 1.38,    -0.625 -0.000444   0.00297
[scan_planner_node-4] goal:-1.25     7   1.4,     -0.75 -5.08e-10         0
[scan_planner_node-4] [32miter(+1)=6,time(ms)=0.025,total_t(ms)=0.025,cost=0.005
[scan_planner_node-4] [0mfirst_optimize_step_success=1
[scan_planner_node-4] total time:[42m0.000198[0m,optimize:0.000158,refine:4.08e-05
[scan_planner_node-4] final_plan_success=1
[scan_planner_node-4] [FSM]: from REPLAN_TRAJ to EXEC_TRAJ
[closed_loop_controller-6] [INFO] [1786010870.032813361] [closed_loop_controller]: Received trajectory 480, duration 5.760s
[scan_planner_node-4] [FSM]: from EXEC_TRAJ to REPLAN_TRAJ
[scan_planner_node-4] 
[scan_planner_node-4] [rebo replan]: -------------------------------------500
[scan_planner_node-4] start: 2.25    7 1.38,    -0.625 -0.000549   0.00291
[scan_planner_node-4] goal:-1.25     7   1.4,     -0.75 -5.08e-10         0
[scan_planner_node-4] [32miter(+1)=9,time(ms)=0.049,total_t(ms)=0.049,cost=0.006
[scan_planner_node-4] [0mfirst_optimize_step_success=1
[scan_planner_node-4] total time:[42m0.000309[0m,optimize:0.00025,refine:5.9e-05
[scan_planner_node-4] final_plan_success=1
[scan_planner_node-4] [FSM]: from REPLAN_TRAJ to EXEC_TRAJ
[closed_loop_controller-6] [INFO] [1786010870.148113938] [closed_loop_controller]: Received trajectory 481, duration 5.760s
[scan_planner_node-4] [FSM]: from EXEC_TRAJ to REPLAN_TRAJ
[scan_planner_node-4] 
[scan_planner_node-4] [rebo replan]: -------------------------------------501
[scan_planner_node-4] start:  2.2    7 1.38,   -0.625 -0.00059  0.00288
[scan_planner_node-4] goal:-1.25     7   1.4,     -0.75 -5.08e-10         0
[scan_planner_node-4] [32miter(+1)=10,time(ms)=0.040,total_t(ms)=0.041,cost=0.008
[scan_planner_node-4] [0mfirst_optimize_step_success=1
[scan_planner_node-4] total time:[42m0.000233[0m,optimize:0.000178,refine:5.53e-05
[scan_planner_node-4] final_plan_success=1
[scan_planner_node-4] [FSM]: from REPLAN_TRAJ to EXEC_TRAJ
[closed_loop_controller-6] [INFO] [1786010870.233299408] [closed_loop_controller]: Received trajectory 482, duration 5.760s
[scan_planner_node-4] [INFO] [1786010870.242992979] [scan_planner_node]: [MapDecay] decayed=761 cleared=256 active_occupied=5969
[scan_planner_node-4] [FSM]: from EXEC_TRAJ to REPLAN_TRAJ
[scan_planner_node-4] 
[scan_planner_node-4] [rebo replan]: -------------------------------------502
[scan_planner_node-4] start: 2.14    7 1.38,    -0.625 -0.000603   0.00287
[scan_planner_node-4] goal:-1.6    7  1.4,     -0.75 -2.48e-09         0
[scan_planner_node-4] [32miter(+1)=6,time(ms)=0.038,total_t(ms)=0.038,cost=0.001
[scan_planner_node-4] [0mfirst_optimize_step_success=1
[scan_planner_node-4] total time:[42m0.000257[0m,optimize:0.000202,refine:5.52e-05
[scan_planner_node-4] final_plan_success=1
[scan_planner_node-4] [FSM]: from REPLAN_TRAJ to EXEC_TRAJ
[closed_loop_controller-6] [INFO] [1786010870.328367850] [closed_loop_controller]: Received trajectory 483, duration 5.760s
[scan_planner_node-4] [FSM]: from EXEC_TRAJ to REPLAN_TRAJ
[scan_planner_node-4] 
[scan_planner_node-4] [rebo replan]: -------------------------------------503
[scan_planner_node-4] start:  2.1    7 1.38,    -0.625 -0.000596   0.00285
[scan_planner_node-4] goal:-1.6    7  1.4,     -0.75 -2.48e-09         0
[scan_planner_node-4] [32miter(+1)=5,time(ms)=0.019,total_t(ms)=0.019,cost=0.001
[scan_planner_node-4] [0mfirst_optimize_step_success=1
[scan_planner_node-4] total time:[42m0.000189[0m,optimize:0.000149,refine:4.05e-05
[scan_planner_node-4] final_plan_success=1
[scan_planner_node-4] [FSM]: from REPLAN_TRAJ to EXEC_TRAJ
[closed_loop_controller-6] [INFO] [1786010870.386561512] [closed_loop_controller]: Received trajectory 484, duration 5.760s
[scan_planner_node-4] [FSM]: from EXEC_TRAJ to REPLAN_TRAJ
[scan_planner_node-4] 
[scan_planner_node-4] [rebo replan]: -------------------------------------504
[scan_planner_node-4] start: 2.04    7 1.38,    -0.625 -0.000564    0.0028
[scan_planner_node-4] goal:-1.6    7  1.4,     -0.75 -2.48e-09         0
[scan_planner_node-4] [32miter(+1)=1,time(ms)=0.013,total_t(ms)=0.013,cost=0.003
[scan_planner_node-4] [0mfirst_optimize_step_success=1
[scan_planner_node-4] total time:[42m0.000191[0m,optimize:0.00015,refine:4.08e-05
[scan_planner_node-4] final_plan_success=1
[scan_planner_node-4] [FSM]: from REPLAN_TRAJ to EXEC_TRAJ
[closed_loop_controller-6] [INFO] [1786010870.484183817] [closed_loop_controller]: Received trajectory 485, duration 5.760s
[scan_planner_node-4] [FSM]: from EXEC_TRAJ to REPLAN_TRAJ
[scan_planner_node-4] [INFO] [1786010870.578931980] [scan_planner_node]: [GridMapDiag] cloud=32768 accepted=20681 invalid=12087 below_sensor=0 outside_update=0 sensor_z=1.700 cutoff_z=2.700
[scan_planner_node-4] 
[scan_planner_node-4] [rebo replan]: -------------------------------------505
[scan_planner_node-4] start: 1.98    7 1.38,    -0.625 -0.000508   0.00274
[scan_planner_node-4] goal:-1.6    7  1.4,     -0.75 -2.48e-09         0
[scan_planner_node-4] [32miter(+1)=6,time(ms)=0.030,total_t(ms)=0.030,cost=0.005
[scan_planner_node-4] [0mfirst_optimize_step_success=1
[scan_planner_node-4] total time:[42m0.000218[0m,optimize:0.000168,refine:5.06e-05
[scan_planner_node-4] final_plan_success=1
[scan_planner_node-4] [FSM]: from REPLAN_TRAJ to EXEC_TRAJ
[closed_loop_controller-6] [INFO] [1786010870.582822020] [closed_loop_controller]: Received trajectory 486, duration 5.760s
[scan_planner_node-4] [FSM]: from EXEC_TRAJ to REPLAN_TRAJ
[scan_planner_node-4] 
[scan_planner_node-4] [rebo replan]: -------------------------------------506
[scan_planner_node-4] start: 1.92    7 1.39,    -0.625 -0.000433   0.00269
[scan_planner_node-4] goal:-1.6    7  1.4,     -0.75 -2.48e-09         0
[scan_planner_node-4] [32miter(+1)=8,time(ms)=0.031,total_t(ms)=0.031,cost=0.006
[scan_planner_node-4] [0mfirst_optimize_step_success=1
[scan_planner_node-4] total time:[42m0.000201[0m,optimize:0.00016,refine:4.13e-05
[scan_planner_node-4] final_plan_success=1
[scan_planner_node-4] [FSM]: from REPLAN_TRAJ to EXEC_TRAJ
[closed_loop_controller-6] [INFO] [1786010870.685054397] [closed_loop_controller]: Received trajectory 487, duration 5.760s
[scan_planner_node-4] [FSM]: from EXEC_TRAJ to REPLAN_TRAJ
[scan_planner_node-4] 
[scan_planner_node-4] [rebo replan]: -------------------------------------507
[scan_planner_node-4] start: 1.85    7 1.39,    -0.625 -0.000348   0.00264
[scan_planner_node-4] goal:-1.6    7  1.4,     -0.75 -2.48e-09         0
[scan_planner_node-4] [32miter(+1)=4,time(ms)=0.017,total_t(ms)=0.017,cost=0.001
[scan_planner_node-4] [0mfirst_optimize_step_success=1
[scan_planner_node-4] total time:[42m0.000165[0m,optimize:0.000125,refine:3.97e-05
[scan_planner_node-4] final_plan_success=1
[scan_planner_node-4] [FSM]: from REPLAN_TRAJ to EXEC_TRAJ
[closed_loop_controller-6] [INFO] [1786010870.786393627] [closed_loop_controller]: Received trajectory 488, duration 5.440s
[scan_planner_node-4] [FSM]: from EXEC_TRAJ to REPLAN_TRAJ
[scan_planner_node-4] 
[scan_planner_node-4] [rebo replan]: -------------------------------------508
[scan_planner_node-4] start: 1.79    7 1.39,    -0.625 -0.000264   0.00262
[scan_planner_node-4] goal:-1.95     7   1.4,     -0.75 -5.56e-09         0
[scan_planner_node-4] [32miter(+1)=7,time(ms)=0.028,total_t(ms)=0.028,cost=0.006
[scan_planner_node-4] [0mfirst_optimize_step_success=1
[scan_planner_node-4] total time:[42m0.000237[0m,optimize:0.000194,refine:4.28e-05
[scan_planner_node-4] final_plan_success=1
[scan_planner_node-4] [FSM]: from REPLAN_TRAJ to EXEC_TRAJ
[closed_loop_controller-6] [INFO] [1786010870.885227732] [closed_loop_controller]: Received trajectory 489, duration 6.080s
[scan_planner_node-4] [FSM]: from EXEC_TRAJ to REPLAN_TRAJ
[scan_planner_node-4] 
[scan_planner_node-4] [rebo replan]: -------------------------------------509
[scan_planner_node-4] start: 1.73    7 1.39,   -0.625 -0.00018  0.00258
[scan_planner_node-4] goal:-1.95     7   1.4,     -0.75 -5.56e-09         0
[scan_planner_node-4] [32miter(+1)=9,time(ms)=0.039,total_t(ms)=0.040,cost=0.008
[scan_planner_node-4] [0mfirst_optimize_step_success=1
[scan_planner_node-4] total time:[42m0.000243[0m,optimize:0.000186,refine:5.66e-05
[scan_planner_node-4] final_plan_success=1
[scan_planner_node-4] [FSM]: from REPLAN_TRAJ to EXEC_TRAJ
[closed_loop_controller-6] [INFO] [1786010870.983659358] [closed_loop_controller]: Received trajectory 490, duration 6.080s
[scan_planner_node-4] [FSM]: from EXEC_TRAJ to REPLAN_TRAJ
[scan_planner_node-4] 
[scan_planner_node-4] [rebo replan]: -------------------------------------510
[scan_planner_node-4] start: 1.67    7 1.39,    -0.625 -9.98e-05   0.00252
[scan_planner_node-4] goal:-1.95     7   1.4,     -0.75 -5.56e-09         0
[scan_planner_node-4] [32miter(+1)=4,time(ms)=0.017,total_t(ms)=0.018,cost=0.004
[scan_planner_node-4] [0mfirst_optimize_step_success=1
[scan_planner_node-4] total time:[42m0.000182[0m,optimize:0.000142,refine:4.07e-05
[scan_planner_node-4] final_plan_success=1
[scan_planner_node-4] [FSM]: from REPLAN_TRAJ to EXEC_TRAJ
[closed_loop_controller-6] [INFO] [1786010871.085554896] [closed_loop_controller]: Received trajectory 491, duration 5.760s
[scan_planner_node-4] [FSM]: from EXEC_TRAJ to REPLAN_TRAJ
[scan_planner_node-4] 
[scan_planner_node-4] [rebo replan]: -------------------------------------511
[scan_planner_node-4] start: 1.61    7 1.39,   -0.625 -2.9e-05  0.00246
[scan_planner_node-4] goal:-1.95     7   1.4,     -0.75 -5.56e-09         0
[scan_planner_node-4] [32miter(+1)=8,time(ms)=0.029,total_t(ms)=0.029,cost=0.004
[scan_planner_node-4] [0mfirst_optimize_step_success=1
[scan_planner_node-4] total time:[42m0.000204[0m,optimize:0.000164,refine:3.99e-05
[scan_planner_node-4] final_plan_success=1
[scan_planner_node-4] [FSM]: from REPLAN_TRAJ to EXEC_TRAJ
[closed_loop_controller-6] [INFO] [1786010871.184478375] [closed_loop_controller]: Received trajectory 492, duration 5.760s
[scan_planner_node-4] [INFO] [1786010871.245846885] [scan_planner_node]: [MapDecay] decayed=600 cleared=366 active_occupied=6492
[scan_planner_node-4] [FSM]: from EXEC_TRAJ to REPLAN_TRAJ
[scan_planner_node-4] 
[scan_planner_node-4] [rebo replan]: -------------------------------------512
[scan_planner_node-4] start: 1.55    7 1.39,   -0.625 3.23e-05  0.00241
[scan_planner_node-4] goal:-1.95     7   1.4,     -0.75 -5.56e-09         0
[scan_planner_node-4] [32miter(+1)=9,time(ms)=0.037,total_t(ms)=0.037,cost=0.006
[scan_planner_node-4] [0mfirst_optimize_step_success=1
[scan_planner_node-4] total time:[42m0.000213[0m,optimize:0.000171,refine:4.2e-05
[scan_planner_node-4] final_plan_success=1
[scan_planner_node-4] [FSM]: from REPLAN_TRAJ to EXEC_TRAJ
[closed_loop_controller-6] [INFO] [1786010871.282847989] [closed_loop_controller]: Received trajectory 493, duration 5.760s
[scan_planner_node-4] [FSM]: from EXEC_TRAJ to REPLAN_TRAJ
[scan_planner_node-4] 
[scan_planner_node-4] [rebo replan]: -------------------------------------513
[scan_planner_node-4] start: 1.49    7 1.39,   -0.625 8.24e-05  0.00238
[scan_planner_node-4] goal:-1.95     7   1.4,     -0.75 -5.56e-09         0
[scan_planner_node-4] [32miter(+1)=4,time(ms)=0.023,total_t(ms)=0.023,cost=0.002
[scan_planner_node-4] [0mfirst_optimize_step_success=1
[scan_planner_node-4] total time:[42m0.000171[0m,optimize:0.000133,refine:3.78e-05
[scan_planner_node-4] final_plan_success=1
[scan_planner_node-4] [FSM]: from REPLAN_TRAJ to EXEC_TRAJ
[closed_loop_controller-6] [INFO] [1786010871.381558556] [closed_loop_controller]: Received trajectory 494, duration 5.440s
[scan_planner_node-4] [FSM]: from EXEC_TRAJ to REPLAN_TRAJ
[scan_planner_node-4] 
[scan_planner_node-4] [rebo replan]: -------------------------------------514
[scan_planner_node-4] start: 1.43    7 1.39,  -0.625 0.00012 0.00236
[scan_planner_node-4] goal:-2.3    7  1.4,    -0.75 1.24e-08        0
[scan_planner_node-4] [32miter(+1)=8,time(ms)=0.031,total_t(ms)=0.031,cost=0.006
[scan_planner_node-4] [0mfirst_optimize_step_success=1
[scan_planner_node-4] total time:[42m0.000223[0m,optimize:0.000164,refine:5.91e-05
[scan_planner_node-4] final_plan_success=1
[scan_planner_node-4] [FSM]: from REPLAN_TRAJ to EXEC_TRAJ
[closed_loop_controller-6] [INFO] [1786010871.479087455] [closed_loop_controller]: Received trajectory 495, duration 6.080s
[scan_planner_node-4] [FSM]: from EXEC_TRAJ to REPLAN_TRAJ
[scan_planner_node-4] 
[scan_planner_node-4] [rebo replan]: -------------------------------------515
[scan_planner_node-4] start: 1.36    7 1.39,   -0.625 0.000149  0.00233
[scan_planner_node-4] goal:-2.3    7  1.4,    -0.75 1.24e-08        0
[scan_planner_node-4] [32miter(+1)=9,time(ms)=0.048,total_t(ms)=0.049,cost=0.009
[scan_planner_node-4] [0mfirst_optimize_step_success=1
[scan_planner_node-4] total time:[42m0.00026[0m,optimize:0.000209,refine:5.1e-05
[scan_planner_node-4] final_plan_success=1
[scan_planner_node-4] [FSM]: from REPLAN_TRAJ to EXEC_TRAJ
[closed_loop_controller-6] [INFO] [1786010871.579852551] [closed_loop_controller]: Received trajectory 496, duration 6.080s
[scan_planner_node-4] [FSM]: from EXEC_TRAJ to REPLAN_TRAJ
[scan_planner_node-4] 
[scan_planner_node-4] [rebo replan]: -------------------------------------516
[scan_planner_node-4] start:  1.3    7 1.39,   -0.625 0.000167  0.00227
[scan_planner_node-4] goal:-2.3    7  1.4,    -0.75 1.24e-08        0
[scan_planner_node-4] [32miter(+1)=5,time(ms)=0.021,total_t(ms)=0.021,cost=0.005
[scan_planner_node-4] [0mfirst_optimize_step_success=1
[scan_planner_node-4] total time:[42m0.000184[0m,optimize:0.000144,refine:3.96e-05
[scan_planner_node-4] final_plan_success=1
[scan_planner_node-4] [FSM]: from REPLAN_TRAJ to EXEC_TRAJ
[closed_loop_controller-6] [INFO] [1786010871.682387367] [closed_loop_controller]: Received trajectory 497, duration 5.760s
[scan_planner_node-4] [FSM]: state: EXEC_TRAJ
[scan_planner_node-4] [FSM]: from EXEC_TRAJ to REPLAN_TRAJ
[scan_planner_node-4] 
[scan_planner_node-4] [rebo replan]: -------------------------------------517
[scan_planner_node-4] start: 1.24    7 1.39,   -0.625 0.000174  0.00222
[scan_planner_node-4] goal:-2.3    7  1.4,    -0.75 1.24e-08        0
[scan_planner_node-4] [32miter(+1)=8,time(ms)=0.030,total_t(ms)=0.031,cost=0.005
[scan_planner_node-4] [0mfirst_optimize_step_success=1
[scan_planner_node-4] total time:[42m0.000217[0m,optimize:0.000167,refine:4.95e-05
[scan_planner_node-4] final_plan_success=1
[scan_planner_node-4] [FSM]: from REPLAN_TRAJ to EXEC_TRAJ
[closed_loop_controller-6] [INFO] [1786010871.781581275] [closed_loop_controller]: Received trajectory 498, duration 5.760s
[scan_planner_node-4] [FSM]: from EXEC_TRAJ to REPLAN_TRAJ
[scan_planner_node-4] 
[scan_planner_node-4] [rebo replan]: -------------------------------------518
[scan_planner_node-4] start: 1.17    7 1.39,   -0.625 0.000173  0.00218
[scan_planner_node-4] goal:-2.3    7  1.4,    -0.75 1.24e-08        0
[scan_planner_node-4] [32miter(+1)=9,time(ms)=0.042,total_t(ms)=0.043,cost=0.009
[scan_planner_node-4] [0mfirst_optimize_step_success=1
[scan_planner_node-4] total time:[42m0.000214[0m,optimize:0.000171,refine:4.33e-05
[scan_planner_node-4] final_plan_success=1
[scan_planner_node-4] [FSM]: from REPLAN_TRAJ to EXEC_TRAJ
[closed_loop_controller-6] [INFO] [1786010871.884136324] [closed_loop_controller]: Received trajectory 499, duration 5.760s
[scan_planner_node-4] [FSM]: from EXEC_TRAJ to REPLAN_TRAJ
[scan_planner_node-4] 
[scan_planner_node-4] [rebo replan]: -------------------------------------519
[scan_planner_node-4] start: 1.11    7 1.39,   -0.625 0.000165  0.00215
[scan_planner_node-4] goal:-2.65     7   1.4,    -0.75 1.85e-07        0
[scan_planner_node-4] [32miter(+1)=6,time(ms)=0.024,total_t(ms)=0.025,cost=0.006
[scan_planner_node-4] [0mfirst_optimize_step_success=1
[scan_planner_node-4] total time:[42m0.000194[0m,optimize:0.000152,refine:4.21e-05
[scan_planner_node-4] final_plan_success=1
[scan_planner_node-4] [FSM]: from REPLAN_TRAJ to EXEC_TRAJ
[closed_loop_controller-6] [INFO] [1786010871.982734166] [closed_loop_controller]: Received trajectory 500, duration 6.080s
[scan_planner_node-4] [FSM]: from EXEC_TRAJ to REPLAN_TRAJ
[scan_planner_node-4] 
[scan_planner_node-4] [rebo replan]: -------------------------------------520
[scan_planner_node-4] start: 1.05    7 1.39,   -0.625 0.000151  0.00211
[scan_planner_node-4] goal:-2.65     7   1.4,    -0.75 1.85e-07        0
[scan_planner_node-4] [32miter(+1)=8,time(ms)=0.047,total_t(ms)=0.048,cost=0.007
[scan_planner_node-4] [0mfirst_optimize_step_success=1
[scan_planner_node-4] total time:[42m0.000282[0m,optimize:0.000222,refine:6.01e-05
[scan_planner_node-4] final_plan_success=1
[scan_planner_node-4] [FSM]: from REPLAN_TRAJ to EXEC_TRAJ
[closed_loop_controller-6] [INFO] [1786010872.083366699] [closed_loop_controller]: Received trajectory 501, duration 6.080s
[scan_planner_node-4] [FSM]: from EXEC_TRAJ to REPLAN_TRAJ
[scan_planner_node-4] 
[scan_planner_node-4] [rebo replan]: -------------------------------------521
[scan_planner_node-4] start: 0.989     7  1.39,   -0.625 0.000133  0.00206
[scan_planner_node-4] goal:-2.65     7   1.4,    -0.75 1.85e-07        0
[scan_planner_node-4] [32miter(+1)=4,time(ms)=0.021,total_t(ms)=0.021,cost=0.002
[scan_planner_node-4] [0mfirst_optimize_step_success=1
[scan_planner_node-4] total time:[42m0.000202[0m,optimize:0.000148,refine:5.37e-05
[scan_planner_node-4] final_plan_success=1
[scan_planner_node-4] [FSM]: from REPLAN_TRAJ to EXEC_TRAJ
[closed_loop_controller-6] [INFO] [1786010872.180946642] [closed_loop_controller]: Received trajectory 502, duration 5.760s
[scan_planner_node-4] [INFO] [1786010872.249132680] [scan_planner_node]: [MapDecay] decayed=938 cleared=583 active_occupied=7013
[scan_planner_node-4] [FSM]: from EXEC_TRAJ to REPLAN_TRAJ
[scan_planner_node-4] 
[scan_planner_node-4] [rebo replan]: -------------------------------------522
[scan_planner_node-4] start: 0.922     7  1.39,   -0.625 0.000111  0.00201
[scan_planner_node-4] goal:-2.65     7   1.4,    -0.75 1.85e-07        0
[scan_planner_node-4] [32miter(+1)=6,time(ms)=0.024,total_t(ms)=0.024,cost=0.006
[scan_planner_node-4] [0mfirst_optimize_step_success=1
[scan_planner_node-4] total time:[42m0.000192[0m,optimize:0.000151,refine:4.04e-05
[scan_planner_node-4] final_plan_success=1
[scan_planner_node-4] [FSM]: from REPLAN_TRAJ to EXEC_TRAJ
[closed_loop_controller-6] [INFO] [1786010872.287393106] [closed_loop_controller]: Received trajectory 503, duration 5.760s
[scan_planner_node-4] [FSM]: from EXEC_TRAJ to REPLAN_TRAJ
[scan_planner_node-4] 
[scan_planner_node-4] [rebo replan]: -------------------------------------523
[scan_planner_node-4] start: 0.82    7 1.39,   -0.625 7.28e-05  0.00195
[scan_planner_node-4] goal:-2.65     7   1.4,    -0.75 1.85e-07        0
[scan_planner_node-4] [32miter(+1)=4,time(ms)=0.026,total_t(ms)=0.026,cost=0.001
[scan_planner_node-4] [0mfirst_optimize_step_success=1
[scan_planner_node-4] total time:[42m0.000304[0m,optimize:0.000233,refine:7.13e-05
[scan_planner_node-4] final_plan_success=1
[closed_loop_controller-6] [INFO] [1786010872.450671200] [closed_loop_controller]: Received trajectory 504, duration 5.440s
[scan_planner_node-4] [FSM]: from REPLAN_TRAJ to EXEC_TRAJ
[scan_planner_node-4] [FSM]: from EXEC_TRAJ to REPLAN_TRAJ
[scan_planner_node-4] 
[scan_planner_node-4] [rebo replan]: -------------------------------------524
[scan_planner_node-4] start: 0.769     7  1.39,   -0.625 5.33e-05  0.00194
[scan_planner_node-4] goal:-2.65     7   1.4,    -0.75 1.85e-07        0
[scan_planner_node-4] [32miter(+1)=4,time(ms)=0.032,total_t(ms)=0.033,cost=0.004
[scan_planner_node-4] [0mfirst_optimize_step_success=1
[scan_planner_node-4] total time:[42m0.000296[0m,optimize:0.000232,refine:6.35e-05
[scan_planner_node-4] final_plan_success=1
[scan_planner_node-4] [FSM]: from REPLAN_TRAJ to EXEC_TRAJ
[closed_loop_controller-6] [INFO] [1786010872.532970062] [closed_loop_controller]: Received trajectory 505, duration 5.440s
[scan_planner_node-4] [FSM]: from EXEC_TRAJ to REPLAN_TRAJ
[scan_planner_node-4] [INFO] [1786010872.591001504] [scan_planner_node]: [GridMapDiag] cloud=32768 accepted=20954 invalid=11814 below_sensor=0 outside_update=0 sensor_z=1.700 cutoff_z=2.700
[scan_planner_node-4] 
[scan_planner_node-4] [rebo replan]: -------------------------------------525
[scan_planner_node-4] start: 0.692     7  1.39,   -0.625 2.58e-05  0.00193
[scan_planner_node-4] goal: -3   7 1.4,    -0.75 9.04e-07        0
[scan_planner_node-4] [32miter(+1)=9,time(ms)=0.057,total_t(ms)=0.058,cost=0.007
[scan_planner_node-4] [0mfirst_optimize_step_success=1
[scan_planner_node-4] total time:[42m0.000364[0m,optimize:0.000295,refine:6.93e-05
[scan_planner_node-4] final_plan_success=1
[scan_planner_node-4] [FSM]: from REPLAN_TRAJ to EXEC_TRAJ
[closed_loop_controller-6] [INFO] [1786010872.654791280] [closed_loop_controller]: Received trajectory 506, duration 6.080s
[scan_planner_node-4] [FSM]: from EXEC_TRAJ to REPLAN_TRAJ
[scan_planner_node-4] 
[scan_planner_node-4] [rebo replan]: -------------------------------------526
[scan_planner_node-4] start: 0.601     7  1.39,   -0.625 -2.7e-06  0.00189
[scan_planner_node-4] goal: -3   7 1.4,    -0.75 9.04e-07        0
[scan_planner_node-4] [32miter(+1)=5,time(ms)=0.023,total_t(ms)=0.024,cost=0.005
[scan_planner_node-4] [0mfirst_optimize_step_success=1
[scan_planner_node-4] total time:[42m0.000219[0m,optimize:0.000165,refine:5.41e-05
[scan_planner_node-4] final_plan_success=1
[scan_planner_node-4] [FSM]: from REPLAN_TRAJ to EXEC_TRAJ
[closed_loop_controller-6] [INFO] [1786010872.800082143] [closed_loop_controller]: Received trajectory 507, duration 5.760s
[scan_planner_node-4] [FSM]: from EXEC_TRAJ to REPLAN_TRAJ
[scan_planner_node-4] 
[scan_planner_node-4] [rebo replan]: -------------------------------------527
[scan_planner_node-4] start: 0.516     7  1.39,    -0.625 -2.34e-05   0.00183
[scan_planner_node-4] goal:-3.18     7   1.4,     -0.75 -1.54e-06         0
[scan_planner_node-4] [32miter(+1)=5,time(ms)=0.023,total_t(ms)=0.023,cost=0.001
[scan_planner_node-4] [0mfirst_optimize_step_success=1
[scan_planner_node-4] total time:[42m0.000205[0m,optimize:0.000163,refine:4.21e-05
[scan_planner_node-4] final_plan_success=1
[scan_planner_node-4] [FSM]: from REPLAN_TRAJ to EXEC_TRAJ
[closed_loop_controller-6] [INFO] [1786010872.936932106] [closed_loop_controller]: Received trajectory 508, duration 5.760s
[scan_planner_node-4] [FSM]: from EXEC_TRAJ to REPLAN_TRAJ
[scan_planner_node-4] 
[scan_planner_node-4] [rebo replan]: -------------------------------------528
[scan_planner_node-4] start: 0.456     7  1.39,    -0.625 -3.44e-05   0.00178
[scan_planner_node-4] goal:-3.18     7   1.4,     -0.75 -1.54e-06         0
[scan_planner_node-4] [32miter(+1)=4,time(ms)=0.030,total_t(ms)=0.031,cost=0.003
[scan_planner_node-4] [0mfirst_optimize_step_success=1
[scan_planner_node-4] total time:[42m0.000289[0m,optimize:0.000228,refine:6.17e-05
[scan_planner_node-4] final_plan_success=1
[closed_loop_controller-6] [INFO] [1786010873.032961076] [closed_loop_controller]: Received trajectory 509, duration 5.760s
[scan_planner_node-4] [FSM]: from REPLAN_TRAJ to EXEC_TRAJ
[scan_planner_node-4] [FSM]: from EXEC_TRAJ to REPLAN_TRAJ
[scan_planner_node-4] 
[scan_planner_node-4] [rebo replan]: -------------------------------------529
[scan_planner_node-4] start: 0.386     7  1.39,    -0.625 -4.35e-05   0.00173
[scan_planner_node-4] goal:-3.18     7   1.4,     -0.75 -1.54e-06         0
[scan_planner_node-4] [32miter(+1)=6,time(ms)=0.036,total_t(ms)=0.036,cost=0.006
[scan_planner_node-4] [0mfirst_optimize_step_success=1
[scan_planner_node-4] total time:[42m0.000294[0m,optimize:0.000236,refine:5.74e-05
[scan_planner_node-4] final_plan_success=1
[scan_planner_node-4] [FSM]: from REPLAN_TRAJ to EXEC_TRAJ
[closed_loop_controller-6] [INFO] [1786010873.147568006] [closed_loop_controller]: Received trajectory 510, duration 5.760s
[scan_planner_node-4] [FSM]: from EXEC_TRAJ to REPLAN_TRAJ
[scan_planner_node-4] 
[scan_planner_node-4] [rebo replan]: -------------------------------------530
[scan_planner_node-4] start: 0.334     7  1.39,    -0.625 -4.77e-05    0.0017
[scan_planner_node-4] goal:-3.18     7   1.4,     -0.75 -1.54e-06         0
[scan_planner_node-4] [32miter(+1)=8,time(ms)=0.031,total_t(ms)=0.031,cost=0.006
[scan_planner_node-4] [0mfirst_optimize_step_success=1
[scan_planner_node-4] total time:[42m0.000201[0m,optimize:0.000161,refine:4.07e-05
[scan_planner_node-4] final_plan_success=1
[scan_planner_node-4] [FSM]: from REPLAN_TRAJ to EXEC_TRAJ
[closed_loop_controller-6] [INFO] [1786010873.232821662] [closed_loop_controller]: Received trajectory 511, duration 5.760s
[scan_planner_node-4] [FSM]: from EXEC_TRAJ to REPLAN_TRAJ
[scan_planner_node-4] [INFO] [1786010873.349713337] [scan_planner_node]: [MapDecay] decayed=934 cleared=502 active_occupied=7301
[scan_planner_node-4] 
[scan_planner_node-4] [rebo replan]: -------------------------------------531
[scan_planner_node-4] start: 0.26    7 1.39,    -0.625 -5.02e-05   0.00167
[scan_planner_node-4] goal:-3.18     7   1.4,     -0.75 -1.54e-06         0
[scan_planner_node-4] [32miter(+1)=4,time(ms)=0.025,total_t(ms)=0.025,cost=0.003
[scan_planner_node-4] [0mfirst_optimize_step_success=1
[scan_planner_node-4] total time:[42m0.000253[0m,optimize:0.0002,refine:5.23e-05
[scan_planner_node-4] final_plan_success=1
[scan_planner_node-4] [FSM]: from REPLAN_TRAJ to EXEC_TRAJ
[closed_loop_controller-6] [INFO] [1786010873.350327666] [closed_loop_controller]: Received trajectory 512, duration 5.440s
[scan_planner_node-4] [FSM]: from EXEC_TRAJ to REPLAN_TRAJ
[scan_planner_node-4] 
[scan_planner_node-4] [rebo replan]: -------------------------------------532
[scan_planner_node-4] start: 0.209     7  1.39,    -0.625 -4.98e-05   0.00167
[scan_planner_node-4] goal:-3.53     7   1.4,     -0.75 -1.12e-06         0
[scan_planner_node-4] [32miter(+1)=8,time(ms)=0.048,total_t(ms)=0.048,cost=0.005
[scan_planner_node-4] [0mfirst_optimize_step_success=1
[scan_planner_node-4] total time:[42m0.000299[0m,optimize:0.000236,refine:6.35e-05
[scan_planner_node-4] final_plan_success=1
[scan_planner_node-4] [FSM]: from REPLAN_TRAJ to EXEC_TRAJ
[closed_loop_controller-6] [INFO] [1786010873.432955594] [closed_loop_controller]: Received trajectory 513, duration 6.080s
[scan_planner_node-4] [FSM]: from EXEC_TRAJ to REPLAN_TRAJ
[scan_planner_node-4] 
[scan_planner_node-4] [rebo replan]: -------------------------------------533
[scan_planner_node-4] start: 0.136     7  1.39,    -0.625 -4.68e-05   0.00164
[scan_planner_node-4] goal:-3.53     7   1.4,     -0.75 -1.12e-06         0
[scan_planner_node-4] [32miter(+1)=4,time(ms)=0.017,total_t(ms)=0.017,cost=0.001
[scan_planner_node-4] [0mfirst_optimize_step_success=1
[scan_planner_node-4] total time:[42m0.000208[0m,optimize:0.000167,refine:4.13e-05
[scan_planner_node-4] final_plan_success=1
[scan_planner_node-4] [FSM]: from REPLAN_TRAJ to EXEC_TRAJ
[closed_loop_controller-6] [INFO] [1786010873.548830446] [closed_loop_controller]: Received trajectory 514, duration 5.760s
[scan_planner_node-4] [FSM]: from EXEC_TRAJ to REPLAN_TRAJ
[scan_planner_node-4] 
[scan_planner_node-4] [rebo replan]: -------------------------------------534
[scan_planner_node-4] start: 0.0835      7   1.39,    -0.625 -4.31e-05    0.0016
[scan_planner_node-4] goal:-3.53     7   1.4,     -0.75 -1.12e-06         0
[scan_planner_node-4] [32miter(+1)=5,time(ms)=0.021,total_t(ms)=0.021,cost=0.004
[scan_planner_node-4] [0mfirst_optimize_step_success=1
[scan_planner_node-4] total time:[42m0.00023[0m,optimize:0.000182,refine:4.71e-05
[scan_planner_node-4] final_plan_success=1
[scan_planner_node-4] [FSM]: from REPLAN_TRAJ to EXEC_TRAJ
[closed_loop_controller-6] [INFO] [1786010873.632758621] [closed_loop_controller]: Received trajectory 515, duration 5.760s
[scan_planner_node-4] [FSM]: from EXEC_TRAJ to REPLAN_TRAJ
[scan_planner_node-4] 
[scan_planner_node-4] [rebo replan]: -------------------------------------535
[scan_planner_node-4] start: 0.011     7  1.39,    -0.625 -3.66e-05   0.00156
[scan_planner_node-4] goal:-3.53     7   1.4,     -0.75 -1.12e-06         0
[scan_planner_node-4] [32miter(+1)=8,time(ms)=0.043,total_t(ms)=0.044,cost=0.005
[scan_planner_node-4] [0mfirst_optimize_step_success=1
[scan_planner_node-4] total time:[42m0.000301[0m,optimize:0.000244,refine:5.68e-05
[scan_planner_node-4] final_plan_success=1
[scan_planner_node-4] [FSM]: from REPLAN_TRAJ to EXEC_TRAJ
[closed_loop_controller-6] [INFO] [1786010873.749776771] [closed_loop_controller]: Received trajectory 516, duration 5.760s
[scan_planner_node-4] [FSM]: from EXEC_TRAJ to REPLAN_TRAJ
[scan_planner_node-4] 
[scan_planner_node-4] [rebo replan]: -------------------------------------536
[scan_planner_node-4] start: -0.0402       7    1.39,    -0.625 -3.14e-05   0.00154
[scan_planner_node-4] goal:-3.53     7   1.4,     -0.75 -1.12e-06         0
[scan_planner_node-4] [32miter(+1)=9,time(ms)=0.055,total_t(ms)=0.055,cost=0.008
[scan_planner_node-4] [0mfirst_optimize_step_success=1
[scan_planner_node-4] total time:[42m0.000354[0m,optimize:0.000266,refine:8.82e-05
[scan_planner_node-4] final_plan_success=1
[scan_planner_node-4] [FSM]: from REPLAN_TRAJ to EXEC_TRAJ
[closed_loop_controller-6] [INFO] [1786010873.833084957] [closed_loop_controller]: Received trajectory 517, duration 5.760s
[scan_planner_node-4] [FSM]: from EXEC_TRAJ to REPLAN_TRAJ
[scan_planner_node-4] 
[scan_planner_node-4] [rebo replan]: -------------------------------------537
[scan_planner_node-4] start: -0.113      7   1.39,    -0.625 -2.36e-05   0.00152
[scan_planner_node-4] goal:-3.88     7   1.4,    -0.75 2.25e-05        0
[scan_planner_node-4] [32miter(+1)=6,time(ms)=0.035,total_t(ms)=0.035,cost=0.006
[scan_planner_node-4] [0mfirst_optimize_step_success=1
[scan_planner_node-4] total time:[42m0.000267[0m,optimize:0.000216,refine:5.1e-05
[scan_planner_node-4] final_plan_success=1
[scan_planner_node-4] [FSM]: from REPLAN_TRAJ to EXEC_TRAJ
[closed_loop_controller-6] [INFO] [1786010873.948824911] [closed_loop_controller]: Received trajectory 518, duration 6.080s
[scan_planner_node-4] [FSM]: from EXEC_TRAJ to REPLAN_TRAJ
[scan_planner_node-4] 
[scan_planner_node-4] [rebo replan]: -------------------------------------538
[scan_planner_node-4] start: -0.165      7   1.39,   -0.625 -1.8e-05   0.0015
[scan_planner_node-4] goal:-3.88     7   1.4,    -0.75 2.25e-05        0
[scan_planner_node-4] [32miter(+1)=8,time(ms)=0.031,total_t(ms)=0.031,cost=0.006
[scan_planner_node-4] [0mfirst_optimize_step_success=1
[scan_planner_node-4] total time:[42m0.000198[0m,optimize:0.000157,refine:4.04e-05
[scan_planner_node-4] final_plan_success=1
[scan_planner_node-4] [FSM]: from REPLAN_TRAJ to EXEC_TRAJ
[closed_loop_controller-6] [INFO] [1786010874.032841436] [closed_loop_controller]: Received trajectory 519, duration 6.080s
[scan_planner_node-4] [FSM]: from EXEC_TRAJ to REPLAN_TRAJ
[scan_planner_node-4] 
[scan_planner_node-4] [rebo replan]: -------------------------------------539
[scan_planner_node-4] start: -0.235      7   1.39,    -0.625 -1.08e-05   0.00146
[scan_planner_node-4] goal:-3.88     7   1.4,    -0.75 2.25e-05        0
[scan_planner_node-4] [32miter(+1)=3,time(ms)=0.018,total_t(ms)=0.018,cost=0.003
[scan_planner_node-4] [0mfirst_optimize_step_success=1
[scan_planner_node-4] total time:[42m0.000209[0m,optimize:0.000169,refine:4.01e-05
[scan_planner_node-4] final_plan_success=1
[scan_planner_node-4] [FSM]: from REPLAN_TRAJ to EXEC_TRAJ
[closed_loop_controller-6] [INFO] [1786010874.147054682] [closed_loop_controller]: Received trajectory 520, duration 5.760s
[scan_planner_node-4] [FSM]: from EXEC_TRAJ to REPLAN_TRAJ
[scan_planner_node-4] 
[scan_planner_node-4] [rebo replan]: -------------------------------------540
[scan_planner_node-4] start: -0.29     7  1.39,    -0.625 -5.62e-06   0.00142
[scan_planner_node-4] goal:-3.88     7   1.4,    -0.75 2.25e-05        0
[scan_planner_node-4] [32miter(+1)=6,time(ms)=0.039,total_t(ms)=0.039,cost=0.005
[scan_planner_node-4] [0mfirst_optimize_step_success=1
[scan_planner_node-4] total time:[42m0.000325[0m,optimize:0.000255,refine:6.95e-05
[scan_planner_node-4] final_plan_success=1
[scan_planner_node-4] [FSM]: from REPLAN_TRAJ to EXEC_TRAJ
[closed_loop_controller-6] [INFO] [1786010874.232970586] [closed_loop_controller]: Received trajectory 521, duration 5.760s
[scan_planner_node-4] [FSM]: from EXEC_TRAJ to REPLAN_TRAJ
[scan_planner_node-4] 
[scan_planner_node-4] [rebo replan]: -------------------------------------541
[scan_planner_node-4] start: -0.36     7  1.39,   -0.625 3.03e-07  0.00139
[scan_planner_node-4] goal:-3.88     7   1.4,    -0.75 2.25e-05        0
[scan_planner_node-4] [32miter(+1)=8,time(ms)=0.029,total_t(ms)=0.029,cost=0.006
[scan_planner_node-4] [0mfirst_optimize_step_success=1
[scan_planner_node-4] total time:[42m0.000216[0m,optimize:0.000176,refine:4.06e-05
[scan_planner_node-4] final_plan_success=1
[scan_planner_node-4] [FSM]: from REPLAN_TRAJ to EXEC_TRAJ
[closed_loop_controller-6] [INFO] [1786010874.345422408] [closed_loop_controller]: Received trajectory 522, duration 5.760s
[scan_planner_node-4] [INFO] [1786010874.444766097] [scan_planner_node]: [MapDecay] decayed=1268 cleared=599 active_occupied=7453
[scan_planner_node-4] [FSM]: from EXEC_TRAJ to REPLAN_TRAJ
[scan_planner_node-4] 
[scan_planner_node-4] [rebo replan]: -------------------------------------542
[scan_planner_node-4] start: -0.445      7   1.39,   -0.625 6.14e-06  0.00137
[scan_planner_node-4] goal:-3.88     7   1.4,    -0.75 2.25e-05        0
[scan_planner_node-4] [32miter(+1)=4,time(ms)=0.025,total_t(ms)=0.025,cost=0.003
[scan_planner_node-4] [0mfirst_optimize_step_success=1
[scan_planner_node-4] total time:[42m0.000175[0m,optimize:0.000131,refine:4.38e-05
[scan_planner_node-4] final_plan_success=1
[scan_planner_node-4] [FSM]: from REPLAN_TRAJ to EXEC_TRAJ
[closed_loop_controller-6] [INFO] [1786010874.481103370] [closed_loop_controller]: Received trajectory 523, duration 5.440s
[scan_planner_node-4] [FSM]: from EXEC_TRAJ to REPLAN_TRAJ
[scan_planner_node-4] 
[scan_planner_node-4] [rebo replan]: -------------------------------------543
[scan_planner_node-4] start: -0.508      7   1.39,  -0.625 9.4e-06 0.00137
[scan_planner_node-4] goal:-4.23     7   1.4,    -0.75 0.000162        0
[scan_planner_node-4] [32miter(+1)=8,time(ms)=0.034,total_t(ms)=0.035,cost=0.006
[scan_planner_node-4] [0mfirst_optimize_step_success=1
[scan_planner_node-4] total time:[42m0.000221[0m,optimize:0.000177,refine:4.38e-05
[scan_planner_node-4] final_plan_success=1
[scan_planner_node-4] [FSM]: from REPLAN_TRAJ to EXEC_TRAJ
[closed_loop_controller-6] [INFO] [1786010874.581558006] [closed_loop_controller]: Received trajectory 524, duration 6.080s
[scan_planner_node-4] [FSM]: from EXEC_TRAJ to REPLAN_TRAJ
[scan_planner_node-4] 
[scan_planner_node-4] [rebo replan]: -------------------------------------544
[scan_planner_node-4] start: -0.574      7   1.39,   -0.625 1.19e-05  0.00135
[scan_planner_node-4] goal:-4.23     7   1.4,    -0.75 0.000162        0
[scan_planner_node-4] [32miter(+1)=3,time(ms)=0.017,total_t(ms)=0.017,cost=0.002
[scan_planner_node-4] [0mfirst_optimize_step_success=1
[scan_planner_node-4] total time:[42m0.000189[0m,optimize:0.000147,refine:4.26e-05
[scan_planner_node-4] final_plan_success=1
[scan_planner_node-4] [FSM]: from REPLAN_TRAJ to EXEC_TRAJ
[closed_loop_controller-6] [INFO] [1786010874.689108152] [closed_loop_controller]: Received trajectory 525, duration 5.760s
[scan_planner_node-4] [FSM]: from EXEC_TRAJ to REPLAN_TRAJ
[scan_planner_node-4] [INFO] [1786010874.781282878] [scan_planner_node]: [GridMapDiag] cloud=32768 accepted=20984 invalid=11784 below_sensor=0 outside_update=0 sensor_z=1.700 cutoff_z=2.700
[scan_planner_node-4] 
[scan_planner_node-4] [rebo replan]: -------------------------------------545
[scan_planner_node-4] start: -0.635      7   1.39,   -0.625 1.33e-05  0.00132
[scan_planner_node-4] goal:-4.23     7   1.4,    -0.75 0.000162        0
[scan_planner_node-4] [32miter(+1)=5,time(ms)=0.021,total_t(ms)=0.021,cost=0.006
[scan_planner_node-4] [0mfirst_optimize_step_success=1
[scan_planner_node-4] total time:[42m0.000191[0m,optimize:0.000151,refine:3.99e-05
[scan_planner_node-4] final_plan_success=1
[scan_planner_node-4] [FSM]: from REPLAN_TRAJ to EXEC_TRAJ
[closed_loop_controller-6] [INFO] [1786010874.785906606] [closed_loop_controller]: Received trajectory 526, duration 5.760s
[scan_planner_node-4] [FSM]: from EXEC_TRAJ to REPLAN_TRAJ
[scan_planner_node-4] 
[scan_planner_node-4] [rebo replan]: -------------------------------------546
[scan_planner_node-4] start: -0.696      7   1.39,  -0.625 1.4e-05 0.00129
[scan_planner_node-4] goal:-4.23     7   1.4,    -0.75 0.000162        0
[scan_planner_node-4] [32miter(+1)=8,time(ms)=0.030,total_t(ms)=0.030,cost=0.005
[scan_planner_node-4] [0mfirst_optimize_step_success=1
[scan_planner_node-4] total time:[42m0.000208[0m,optimize:0.000167,refine:4.01e-05
[scan_planner_node-4] final_plan_success=1
[scan_planner_node-4] [FSM]: from REPLAN_TRAJ to EXEC_TRAJ
[closed_loop_controller-6] [INFO] [1786010874.885169476] [closed_loop_controller]: Received trajectory 527, duration 5.760s
[scan_planner_node-4] [FSM]: from EXEC_TRAJ to REPLAN_TRAJ
[scan_planner_node-4] 
[scan_planner_node-4] [rebo replan]: -------------------------------------547
[scan_planner_node-4] start: -0.798      7   1.39,   -0.625 1.36e-05  0.00125
[scan_planner_node-4] goal:-4.23     7   1.4,    -0.75 0.000162        0
[scan_planner_node-4] [32miter(+1)=4,time(ms)=0.017,total_t(ms)=0.017,cost=0.004
[scan_planner_node-4] [0mfirst_optimize_step_success=1
[scan_planner_node-4] total time:[42m0.0002[0m,optimize:0.000162,refine:3.79e-05
[scan_planner_node-4] final_plan_success=1
[scan_planner_node-4] [FSM]: from REPLAN_TRAJ to EXEC_TRAJ
[closed_loop_controller-6] [INFO] [1786010875.049288097] [closed_loop_controller]: Received trajectory 528, duration 5.440s
[scan_planner_node-4] [FSM]: from EXEC_TRAJ to REPLAN_TRAJ
[scan_planner_node-4] 
[scan_planner_node-4] [rebo replan]: -------------------------------------548
[scan_planner_node-4] start: -0.851      7   1.39,   -0.625 1.28e-05  0.00124
[scan_planner_node-4] goal:-4.4    7  1.4,    -0.75 -0.00033        0
[scan_planner_node-4] [32miter(+1)=6,time(ms)=0.033,total_t(ms)=0.033,cost=0.001
[scan_planner_node-4] [0mfirst_optimize_step_success=1
[scan_planner_node-4] total time:[42m0.000213[0m,optimize:0.000172,refine:4.13e-05
[scan_planner_node-4] final_plan_success=1
[scan_planner_node-4] [FSM]: from REPLAN_TRAJ to EXEC_TRAJ
[closed_loop_controller-6] [INFO] [1786010875.132807592] [closed_loop_controller]: Received trajectory 529, duration 5.440s
[scan_planner_node-4] [FSM]: state: EXEC_TRAJ
[scan_planner_node-4] [FSM]: from EXEC_TRAJ to REPLAN_TRAJ
[scan_planner_node-4] 
[scan_planner_node-4] [rebo replan]: -------------------------------------549
[scan_planner_node-4] start: -0.923      7   1.39,   -0.625 1.14e-05  0.00123
[scan_planner_node-4] goal:-4.4    7  1.4,    -0.75 -0.00033        0
[scan_planner_node-4] [32miter(+1)=5,time(ms)=0.021,total_t(ms)=0.021,cost=0.001
[scan_planner_node-4] [0mfirst_optimize_step_success=1
[scan_planner_node-4] total time:[42m0.000219[0m,optimize:0.000178,refine:4.14e-05
[scan_planner_node-4] final_plan_success=1
[scan_planner_node-4] [FSM]: from REPLAN_TRAJ to EXEC_TRAJ
[closed_loop_controller-6] [INFO] [1786010875.247177450] [closed_loop_controller]: Received trajectory 530, duration 5.440s
[scan_planner_node-4] [FSM]: from EXEC_TRAJ to REPLAN_TRAJ
[scan_planner_node-4] 
[scan_planner_node-4] [rebo replan]: -------------------------------------550
[scan_planner_node-4] start: -0.976      7   1.39,   -0.625 9.98e-06  0.00121
[scan_planner_node-4] goal:-4.4    7  1.4,    -0.75 -0.00033        0
[scan_planner_node-4] [32miter(+1)=4,time(ms)=0.017,total_t(ms)=0.017,cost=0.004
[scan_planner_node-4] [0mfirst_optimize_step_success=1
[scan_planner_node-4] total time:[42m0.000176[0m,optimize:0.00014,refine:3.65e-05
[scan_planner_node-4] final_plan_success=1
[scan_planner_node-4] [FSM]: from REPLAN_TRAJ to EXEC_TRAJ
[closed_loop_controller-6] [INFO] [1786010875.332763517] [closed_loop_controller]: Received trajectory 531, duration 5.440s
[scan_planner_node-4] [FSM]: from EXEC_TRAJ to REPLAN_TRAJ
[scan_planner_node-4] [INFO] [1786010875.444423899] [scan_planner_node]: [MapDecay] decayed=1066 cleared=626 active_occupied=7350
[scan_planner_node-4] 
[scan_planner_node-4] [rebo replan]: -------------------------------------551
[scan_planner_node-4] start: -1.05     7  1.39,   -0.625 7.94e-06   0.0012
[scan_planner_node-4] goal:-4.75     7   1.4,    -0.749 -0.000739         0
[scan_planner_node-4] [32miter(+1)=9,time(ms)=0.033,total_t(ms)=0.033,cost=0.006
[scan_planner_node-4] [0mfirst_optimize_step_success=1
[scan_planner_node-4] total time:[42m0.000223[0m,optimize:0.000182,refine:4.06e-05
[scan_planner_node-4] final_plan_success=1
[scan_planner_node-4] [FSM]: from REPLAN_TRAJ to EXEC_TRAJ
[closed_loop_controller-6] [INFO] [1786010875.444942655] [closed_loop_controller]: Received trajectory 532, duration 6.080s
[scan_planner_node-4] [FSM]: from EXEC_TRAJ to REPLAN_TRAJ
[scan_planner_node-4] 
[scan_planner_node-4] [rebo replan]: -------------------------------------552
[scan_planner_node-4] start: -1.13     7  1.39,   -0.625 5.31e-06  0.00116
[scan_planner_node-4] goal:-4.75     7   1.4,    -0.749 -0.000739         0
[scan_planner_node-4] [32miter(+1)=4,time(ms)=0.021,total_t(ms)=0.022,cost=0.004
[scan_planner_node-4] [0mfirst_optimize_step_success=1
[scan_planner_node-4] total time:[42m0.000212[0m,optimize:0.000158,refine:5.39e-05
[scan_planner_node-4] final_plan_success=1
[scan_planner_node-4] [FSM]: from REPLAN_TRAJ to EXEC_TRAJ
[closed_loop_controller-6] [INFO] [1786010875.580972388] [closed_loop_controller]: Received trajectory 533, duration 5.760s
[scan_planner_node-4] [FSM]: from EXEC_TRAJ to REPLAN_TRAJ
[scan_planner_node-4] 
[scan_planner_node-4] [rebo replan]: -------------------------------------553
[scan_planner_node-4] start: -1.19     7  1.39,   -0.625 3.49e-06  0.00113
[scan_planner_node-4] goal:-4.75     7   1.4,    -0.749 -0.000739         0
[scan_planner_node-4] [32miter(+1)=6,time(ms)=0.023,total_t(ms)=0.023,cost=0.007
[scan_planner_node-4] [0mfirst_optimize_step_success=1
[scan_planner_node-4] total time:[42m0.000185[0m,optimize:0.000145,refine:3.94e-05
[scan_planner_node-4] final_plan_success=1
[scan_planner_node-4] [FSM]: from REPLAN_TRAJ to EXEC_TRAJ
[closed_loop_controller-6] [INFO] [1786010875.677303781] [closed_loop_controller]: Received trajectory 534, duration 5.760s
[scan_planner_node-4] [FSM]: from EXEC_TRAJ to REPLAN_TRAJ
[scan_planner_node-4] 
[scan_planner_node-4] [rebo replan]: -------------------------------------554
[scan_planner_node-4] start: -1.26     7  1.39,   -0.625 1.81e-06  0.00109
[scan_planner_node-4] goal:-4.75     7   1.4,    -0.749 -0.000739         0
[scan_planner_node-4] [32miter(+1)=9,time(ms)=0.042,total_t(ms)=0.042,cost=0.007
[scan_planner_node-4] [0mfirst_optimize_step_success=1
[scan_planner_node-4] total time:[42m0.000243[0m,optimize:0.000192,refine:5.02e-05
[scan_planner_node-4] final_plan_success=1
[scan_planner_node-4] [FSM]: from REPLAN_TRAJ to EXEC_TRAJ
[closed_loop_controller-6] [INFO] [1786010875.779868533] [closed_loop_controller]: Received trajectory 535, duration 5.760s
[scan_planner_node-4] [FSM]: from EXEC_TRAJ to REPLAN_TRAJ
[scan_planner_node-4] 
[scan_planner_node-4] [rebo replan]: -------------------------------------555
[scan_planner_node-4] start: -1.32     7  1.39,  -0.625 3.8e-07 0.00107
[scan_planner_node-4] goal:-4.75     7   1.4,    -0.749 -0.000739         0
[scan_planner_node-4] [32miter(+1)=4,time(ms)=0.017,total_t(ms)=0.017,cost=0.003
[scan_planner_node-4] [0mfirst_optimize_step_success=1
[scan_planner_node-4] total time:[42m0.000158[0m,optimize:0.000121,refine:3.75e-05
[scan_planner_node-4] final_plan_success=1
[scan_planner_node-4] [FSM]: from REPLAN_TRAJ to EXEC_TRAJ
[closed_loop_controller-6] [INFO] [1786010875.881338934] [closed_loop_controller]: Received trajectory 536, duration 5.440s
[scan_planner_node-4] [FSM]: from EXEC_TRAJ to REPLAN_TRAJ
[scan_planner_node-4] 
[scan_planner_node-4] [rebo replan]: -------------------------------------556
[scan_planner_node-4] start: -1.38     7  1.39,    -0.625 -1.06e-06   0.00106
[scan_planner_node-4] goal:-5.1    7  1.4,   -0.75 0.00164       0
[scan_planner_node-4] [32miter(+1)=8,time(ms)=0.039,total_t(ms)=0.039,cost=0.006
[scan_planner_node-4] [0mfirst_optimize_step_success=1
[scan_planner_node-4] total time:[42m0.000231[0m,optimize:0.000183,refine:4.75e-05
[scan_planner_node-4] final_plan_success=1
[scan_planner_node-4] [FSM]: from REPLAN_TRAJ to EXEC_TRAJ
[closed_loop_controller-6] [INFO] [1786010875.983013050] [closed_loop_controller]: Received trajectory 537, duration 6.080s
[scan_planner_node-4] [FSM]: from EXEC_TRAJ to REPLAN_TRAJ
[scan_planner_node-4] 
[scan_planner_node-4] [rebo replan]: -------------------------------------557
[scan_planner_node-4] start: -1.44     7  1.39,    -0.625 -2.23e-06   0.00105
[scan_planner_node-4] goal:-5.1    7  1.4,   -0.75 0.00164       0
[scan_planner_node-4] [32miter(+1)=9,time(ms)=0.033,total_t(ms)=0.034,cost=0.009
[scan_planner_node-4] [0mfirst_optimize_step_success=1
[scan_planner_node-4] total time:[42m0.000198[0m,optimize:0.000157,refine:4.12e-05
[scan_planner_node-4] final_plan_success=1
[scan_planner_node-4] [FSM]: from REPLAN_TRAJ to EXEC_TRAJ
[closed_loop_controller-6] [INFO] [1786010876.078590673] [closed_loop_controller]: Received trajectory 538, duration 6.080s
[scan_planner_node-4] [FSM]: from EXEC_TRAJ to REPLAN_TRAJ
[scan_planner_node-4] 
[scan_planner_node-4] [rebo replan]: -------------------------------------558
[scan_planner_node-4] start: -1.51     7  1.39,    -0.625 -3.12e-06   0.00102
[scan_planner_node-4] goal:-5.1    7  1.4,   -0.75 0.00164       0
[scan_planner_node-4] [32miter(+1)=5,time(ms)=0.021,total_t(ms)=0.021,cost=0.006
[scan_planner_node-4] [0mfirst_optimize_step_success=1
[scan_planner_node-4] total time:[42m0.000175[0m,optimize:0.000135,refine:4.07e-05
[scan_planner_node-4] final_plan_success=1
[scan_planner_node-4] [FSM]: from REPLAN_TRAJ to EXEC_TRAJ
[closed_loop_controller-6] [INFO] [1786010876.184523570] [closed_loop_controller]: Received trajectory 539, duration 5.760s
[scan_planner_node-4] [FSM]: from EXEC_TRAJ to REPLAN_TRAJ
[scan_planner_node-4] 
[scan_planner_node-4] [rebo replan]: -------------------------------------559
[scan_planner_node-4] start: -1.57     7  1.39,    -0.625 -3.61e-06  0.000998
[scan_planner_node-4] goal:-5.1    7  1.4,   -0.75 0.00164       0
[scan_planner_node-4] [32miter(+1)=8,time(ms)=0.029,total_t(ms)=0.029,cost=0.005
[scan_planner_node-4] [0mfirst_optimize_step_success=1
[scan_planner_node-4] total time:[42m0.000198[0m,optimize:0.000158,refine:4.05e-05
[scan_planner_node-4] final_plan_success=1
[scan_planner_node-4] [FSM]: from REPLAN_TRAJ to EXEC_TRAJ
[closed_loop_controller-6] [INFO] [1786010876.283003680] [closed_loop_controller]: Received trajectory 540, duration 5.760s
[scan_planner_node-4] [FSM]: from EXEC_TRAJ to REPLAN_TRAJ
[scan_planner_node-4] 
[scan_planner_node-4] [rebo replan]: -------------------------------------560
[scan_planner_node-4] start: -1.63     7  1.39,    -0.625 -4.03e-06   0.00098
[scan_planner_node-4] goal:-5.1    7  1.4,   -0.75 0.00164       0
[scan_planner_node-4] [32miter(+1)=9,time(ms)=0.036,total_t(ms)=0.037,cost=0.009
[scan_planner_node-4] [0mfirst_optimize_step_success=1
[scan_planner_node-4] total time:[42m0.000226[0m,optimize:0.000186,refine:3.98e-05
[scan_planner_node-4] final_plan_success=1
[scan_planner_node-4] [FSM]: from REPLAN_TRAJ to EXEC_TRAJ
[closed_loop_controller-6] [INFO] [1786010876.381929366] [closed_loop_controller]: Received trajectory 541, duration 5.760s
[scan_planner_node-4] [INFO] [1786010876.447493254] [scan_planner_node]: [MapDecay] decayed=1318 cleared=674 active_occupied=7231
[scan_planner_node-4] [FSM]: from EXEC_TRAJ to REPLAN_TRAJ
[scan_planner_node-4] 
[scan_planner_node-4] [rebo replan]: -------------------------------------561
[scan_planner_node-4] start: -1.7    7 1.39,    -0.625 -4.69e-06  0.000968
[scan_planner_node-4] goal:-5.45     7   1.4,  -0.75 0.0238      0
[scan_planner_node-4] [32miter(+1)=6,time(ms)=0.025,total_t(ms)=0.025,cost=0.007
[scan_planner_node-4] [0mfirst_optimize_step_success=1
[scan_planner_node-4] total time:[42m0.000199[0m,optimize:0.000155,refine:4.4e-05
[scan_planner_node-4] final_plan_success=1
[scan_planner_node-4] [FSM]: from REPLAN_TRAJ to EXEC_TRAJ
[closed_loop_controller-6] [INFO] [1786010876.484822236] [closed_loop_controller]: Received trajectory 542, duration 6.080s
[scan_planner_node-4] [FSM]: from EXEC_TRAJ to REPLAN_TRAJ
[scan_planner_node-4] 
[scan_planner_node-4] [rebo replan]: -------------------------------------562
[scan_planner_node-4] start: -1.76     7  1.39,    -0.625 -5.37e-06  0.000951
[scan_planner_node-4] goal:-5.45     7   1.4,  -0.75 0.0238      0
[scan_planner_node-4] [32miter(+1)=9,time(ms)=0.055,total_t(ms)=0.055,cost=0.007
[scan_planner_node-4] [0mfirst_optimize_step_success=1
[scan_planner_node-4] total time:[42m0.000366[0m,optimize:0.000272,refine:9.43e-05
[scan_planner_node-4] final_plan_success=1
[scan_planner_node-4] [FSM]: from REPLAN_TRAJ to EXEC_TRAJ
[closed_loop_controller-6] [INFO] [1786010876.583079121] [closed_loop_controller]: Received trajectory 543, duration 6.080s
[scan_planner_node-4] [FSM]: from EXEC_TRAJ to REPLAN_TRAJ
[scan_planner_node-4] 
[scan_planner_node-4] [rebo replan]: -------------------------------------563
[scan_planner_node-4] start: -1.82     7  1.39,    -0.625 -5.42e-06  0.000928
[scan_planner_node-4] goal:-5.45     7   1.4,  -0.75 0.0238      0
[scan_planner_node-4] [32miter(+1)=4,time(ms)=0.016,total_t(ms)=0.016,cost=0.003
[scan_planner_node-4] [0mfirst_optimize_step_success=1
[scan_planner_node-4] total time:[42m0.000163[0m,optimize:0.000125,refine:3.84e-05
[scan_planner_node-4] final_plan_success=1
[scan_planner_node-4] [FSM]: from REPLAN_TRAJ to EXEC_TRAJ
[closed_loop_controller-6] [INFO] [1786010876.679927601] [closed_loop_controller]: Received trajectory 544, duration 5.760s
[scan_planner_node-4] [FSM]: from EXEC_TRAJ to REPLAN_TRAJ
[scan_planner_node-4] 
[scan_planner_node-4] [rebo replan]: -------------------------------------564
[scan_planner_node-4] start: -1.88     7  1.39,    -0.625 -5.06e-06  0.000905
[scan_planner_node-4] goal:-5.45     7   1.4,  -0.75 0.0238      0
[scan_planner_node-4] [32miter(+1)=6,time(ms)=0.023,total_t(ms)=0.023,cost=0.006
[scan_planner_node-4] [0mfirst_optimize_step_success=1
[scan_planner_node-4] total time:[42m0.000186[0m,optimize:0.000147,refine:3.87e-05
[scan_planner_node-4] final_plan_success=1
[scan_planner_node-4] [FSM]: from REPLAN_TRAJ to EXEC_TRAJ
[closed_loop_controller-6] [INFO] [1786010876.781033921] [closed_loop_controller]: Received trajectory 545, duration 5.760s
[scan_planner_node-4] [INFO] [1786010876.786316474] [scan_planner_node]: [GridMapDiag] cloud=32768 accepted=20754 invalid=12014 below_sensor=0 outside_update=0 sensor_z=1.700 cutoff_z=2.700
[scan_planner_node-4] [FSM]: from EXEC_TRAJ to REPLAN_TRAJ
[scan_planner_node-4] 
[scan_planner_node-4] [rebo replan]: -------------------------------------565
[scan_planner_node-4] start: -1.95     7   1.4,   -0.625 -4.1e-06 0.000888
[scan_planner_node-4] goal:-5.45     7   1.4,  -0.75 0.0238      0
[scan_planner_node-4] [32miter(+1)=8,time(ms)=0.040,total_t(ms)=0.040,cost=0.006
[scan_planner_node-4] [0mfirst_optimize_step_success=1
[scan_planner_node-4] total time:[42m0.000223[0m,optimize:0.000183,refine:4e-05
[scan_planner_node-4] final_plan_success=1
[scan_planner_node-4] [FSM]: from REPLAN_TRAJ to EXEC_TRAJ
[closed_loop_controller-6] [INFO] [1786010876.882661719] [closed_loop_controller]: Received trajectory 546, duration 5.760s
[scan_planner_node-4] [FSM]: from EXEC_TRAJ to REPLAN_TRAJ
[scan_planner_node-4] 
[scan_planner_node-4] [rebo replan]: -------------------------------------566
[scan_planner_node-4] start: -2.01     7   1.4,    -0.625 -6.51e-07  0.000877
[scan_planner_node-4] goal:-5.45     7   1.4,  -0.75 0.0238      0
[scan_planner_node-4] [32miter(+1)=1,time(ms)=0.012,total_t(ms)=0.012,cost=0.003
[scan_planner_node-4] [0mfirst_optimize_step_success=1
[scan_planner_node-4] total time:[42m0.000205[0m,optimize:0.000147,refine:5.76e-05
[scan_planner_node-4] final_plan_success=1
[closed_loop_controller-6] [INFO] [1786010876.982493416] [closed_loop_controller]: Received trajectory 547, duration 5.440s
[scan_planner_node-4] [FSM]: from REPLAN_TRAJ to EXEC_TRAJ
[scan_planner_node-4] [FSM]: from EXEC_TRAJ to REPLAN_TRAJ
[scan_planner_node-4] 
[scan_planner_node-4] [rebo replan]: -------------------------------------567
[scan_planner_node-4] start: -2.07     7   1.4,   -0.625 5.17e-06 0.000871
[scan_planner_node-4] goal:-5.8    7  1.4, -0.743  0.106      0
[scan_planner_node-4] [32miter(+1)=8,time(ms)=0.053,total_t(ms)=0.054,cost=0.007
[scan_planner_node-4] [0mfirst_optimize_step_success=1
[scan_planner_node-4] total time:[42m0.000276[0m,optimize:0.000235,refine:4.17e-05
[scan_planner_node-4] final_plan_success=1
[scan_planner_node-4] [FSM]: from REPLAN_TRAJ to EXEC_TRAJ
[closed_loop_controller-6] [INFO] [1786010877.081845166] [closed_loop_controller]: Received trajectory 548, duration 6.080s
[scan_planner_node-4] [FSM]: from EXEC_TRAJ to REPLAN_TRAJ
[scan_planner_node-4] 
[scan_planner_node-4] [rebo replan]: -------------------------------------568
[scan_planner_node-4] start: -2.13     7   1.4,   -0.625 7.97e-06 0.000859
[scan_planner_node-4] goal:-5.8    7  1.4, -0.743  0.106      0
[scan_planner_node-4] [32miter(+1)=9,time(ms)=0.058,total_t(ms)=0.058,cost=0.009
[scan_planner_node-4] [0mfirst_optimize_step_success=1
[scan_planner_node-4] total time:[42m0.000325[0m,optimize:0.000259,refine:6.68e-05
[scan_planner_node-4] final_plan_success=1
[scan_planner_node-4] [FSM]: from REPLAN_TRAJ to EXEC_TRAJ
[closed_loop_controller-6] [INFO] [1786010877.183566942] [closed_loop_controller]: Received trajectory 549, duration 6.080s
[scan_planner_node-4] [FSM]: from EXEC_TRAJ to REPLAN_TRAJ
[scan_planner_node-4] 
[scan_planner_node-4] [rebo replan]: -------------------------------------569
[scan_planner_node-4] start: -2.19     7   1.4,   -0.625 1.27e-06  0.00084
[scan_planner_node-4] goal:-5.8    7  1.4, -0.743  0.106      0
[scan_planner_node-4] [32miter(+1)=4,time(ms)=0.017,total_t(ms)=0.018,cost=0.007
[scan_planner_node-4] [0mfirst_optimize_step_success=1
[scan_planner_node-4] total time:[42m0.000193[0m,optimize:0.000131,refine:6.14e-05
[scan_planner_node-4] final_plan_success=1
[scan_planner_node-4] [FSM]: from REPLAN_TRAJ to EXEC_TRAJ
[closed_loop_controller-6] [INFO] [1786010877.281042865] [closed_loop_controller]: Received trajectory 550, duration 5.760s
[scan_planner_node-4] [FSM]: from EXEC_TRAJ to REPLAN_TRAJ
[scan_planner_node-4] 
[scan_planner_node-4] [rebo replan]: -------------------------------------570
[scan_planner_node-4] start: -2.26     7   1.4,    -0.625 -1.29e-05   0.00082
[scan_planner_node-4] goal:-5.8    7  1.4, -0.743  0.106      0
[scan_planner_node-4] [32miter(+1)=7,time(ms)=0.027,total_t(ms)=0.028,cost=0.007
[scan_planner_node-4] [0mfirst_optimize_step_success=1
[scan_planner_node-4] total time:[42m0.000201[0m,optimize:0.000161,refine:4.02e-05
[scan_planner_node-4] final_plan_success=1
[scan_planner_node-4] [FSM]: from REPLAN_TRAJ to EXEC_TRAJ
[closed_loop_controller-6] [INFO] [1786010877.387393927] [closed_loop_controller]: Received trajectory 551, duration 5.760s
[scan_planner_node-4] [FSM]: from EXEC_TRAJ to REPLAN_TRAJ
[scan_planner_node-4] 
[scan_planner_node-4] [rebo replan]: -------------------------------------571
[scan_planner_node-4] start: -2.32     7   1.4,    -0.625 -1.46e-05  0.000805
[scan_planner_node-4] goal:-5.8    7  1.4, -0.743  0.106      0
[scan_planner_node-4] [32miter(+1)=9,time(ms)=0.035,total_t(ms)=0.035,cost=0.008
[scan_planner_node-4] [0mfirst_optimize_step_success=1
[scan_planner_node-4] total time:[42m0.000212[0m,optimize:0.000169,refine:4.26e-05
[scan_planner_node-4] final_plan_success=1
[scan_planner_node-4] [FSM]: from REPLAN_TRAJ to EXEC_TRAJ
[closed_loop_controller-6] [INFO] [1786010877.482853920] [closed_loop_controller]: Received trajectory 552, duration 5.760s
[scan_planner_node-4] [FSM]: from EXEC_TRAJ to REPLAN_TRAJ
[scan_planner_node-4] [INFO] [1786010877.545047009] [scan_planner_node]: [MapDecay] decayed=1863 cleared=846 active_occupied=6015
[scan_planner_node-4] 
[scan_planner_node-4] [rebo replan]: -------------------------------------572
[scan_planner_node-4] start: -2.38     7   1.4,   -0.625 -5.4e-07 0.000795
[scan_planner_node-4] goal:-5.8    7  1.4, -0.743  0.106      0
[scan_planner_node-4] [32miter(+1)=4,time(ms)=0.019,total_t(ms)=0.019,cost=0.006
[scan_planner_node-4] [0mfirst_optimize_step_success=1
[scan_planner_node-4] total time:[42m0.000179[0m,optimize:0.00014,refine:3.86e-05
[scan_planner_node-4] final_plan_success=1
[scan_planner_node-4] [FSM]: from REPLAN_TRAJ to EXEC_TRAJ
[closed_loop_controller-6] [INFO] [1786010877.584324084] [closed_loop_controller]: Received trajectory 553, duration 5.440s
[scan_planner_node-4] [FSM]: from EXEC_TRAJ to REPLAN_TRAJ
[scan_planner_node-4] 
[scan_planner_node-4] [rebo replan]: -------------------------------------573
[scan_planner_node-4] start: -2.45     7   1.4,   -0.625  1.2e-05 0.000789
[scan_planner_node-4] goal:-5.99  7.01   1.4, -0.509 -0.241      0
[scan_planner_node-4] [32miter(+1)=10,time(ms)=0.038,total_t(ms)=0.038,cost=0.012
[scan_planner_node-4] [0mfirst_optimize_step_success=1
[scan_planner_node-4] total time:[42m0.000205[0m,optimize:0.000164,refine:4.06e-05
[scan_planner_node-4] final_plan_success=1
[scan_planner_node-4] [FSM]: from REPLAN_TRAJ to EXEC_TRAJ
[closed_loop_controller-6] [INFO] [1786010877.686765027] [closed_loop_controller]: Received trajectory 554, duration 5.760s
[scan_planner_node-4] [FSM]: from EXEC_TRAJ to REPLAN_TRAJ
[scan_planner_node-4] 
[scan_planner_node-4] [rebo replan]: -------------------------------------574
[scan_planner_node-4] start: -2.51     7   1.4,   -0.625 6.71e-06 0.000783
[scan_planner_node-4] goal:-5.99  7.01   1.4, -0.509 -0.241      0
[scan_planner_node-4] [32miter(+1)=13,time(ms)=0.125,total_t(ms)=0.125,cost=0.010
[scan_planner_node-4] [0mfirst_optimize_step_success=1
[scan_planner_node-4] total time:[42m0.000372[0m,optimize:0.000303,refine:6.91e-05
[scan_planner_node-4] final_plan_success=1
[closed_loop_controller-6] [INFO] [1786010877.782980152] [closed_loop_controller]: Received trajectory 555, duration 5.440s
[scan_planner_node-4] [FSM]: from REPLAN_TRAJ to EXEC_TRAJ
[scan_planner_node-4] [FSM]: from EXEC_TRAJ to REPLAN_TRAJ
[scan_planner_node-4] 
[scan_planner_node-4] [rebo replan]: -------------------------------------575
[scan_planner_node-4] start: -2.57     7   1.4,   -0.625 6.92e-05 0.000771
[scan_planner_node-4] goal:-5.99  6.67   1.4, -0.0451  -0.705       0
[scan_planner_node-4] [32miter(+1)=8,time(ms)=0.035,total_t(ms)=0.035,cost=0.026
[scan_planner_node-4] [0mfirst_optimize_step_success=1
[scan_planner_node-4] total time:[42m0.000229[0m,optimize:0.000187,refine:4.19e-05
[scan_planner_node-4] final_plan_success=1
[scan_planner_node-4] [FSM]: from REPLAN_TRAJ to EXEC_TRAJ
[closed_loop_controller-6] [INFO] [1786010877.887920174] [closed_loop_controller]: Received trajectory 556, duration 6.080s
[scan_planner_node-4] [FSM]: from EXEC_TRAJ to REPLAN_TRAJ
[scan_planner_node-4] 
[scan_planner_node-4] [rebo replan]: -------------------------------------576
[scan_planner_node-4] start: -2.64     7   1.4,   -0.625 0.000332 0.000754
[scan_planner_node-4] goal:-5.99  6.67   1.4, -0.0451  -0.705       0
[scan_planner_node-4] [32miter(+1)=10,time(ms)=0.040,total_t(ms)=0.040,cost=0.015
[scan_planner_node-4] [0mfirst_optimize_step_success=1
[scan_planner_node-4] total time:[42m0.000215[0m,optimize:0.000172,refine:4.24e-05
[scan_planner_node-4] final_plan_success=1
[scan_planner_node-4] [FSM]: from REPLAN_TRAJ to EXEC_TRAJ
[closed_loop_controller-6] [INFO] [1786010877.985865105] [closed_loop_controller]: Received trajectory 557, duration 6.080s
[scan_planner_node-4] [FSM]: from EXEC_TRAJ to REPLAN_TRAJ
[scan_planner_node-4] 
[scan_planner_node-4] [rebo replan]: -------------------------------------577
[scan_planner_node-4] start: -2.69     7   1.4,   -0.625 0.000675 0.000733
[scan_planner_node-4] goal:-5.99  6.67   1.4, -0.0451  -0.705       0
[scan_planner_node-4] [32miter(+1)=13,time(ms)=0.049,total_t(ms)=0.049,cost=0.028
[scan_planner_node-4] [0mfirst_optimize_step_success=1
[scan_planner_node-4] total time:[42m0.000265[0m,optimize:0.000226,refine:3.83e-05
[scan_planner_node-4] final_plan_success=1
[scan_planner_node-4] [FSM]: from REPLAN_TRAJ to EXEC_TRAJ
[closed_loop_controller-6] [INFO] [1786010878.081934983] [closed_loop_controller]: Received trajectory 558, duration 5.760s
[scan_planner_node-4] [FSM]: from EXEC_TRAJ to REPLAN_TRAJ
[scan_planner_node-4] 
[scan_planner_node-4] [rebo replan]: -------------------------------------578
[scan_planner_node-4] start: -2.76     7   1.4,   -0.625 0.000549 0.000713
[scan_planner_node-4] goal:-5.99  6.67   1.4, -0.0451  -0.705       0
[scan_planner_node-4] [32miter(+1)=6,time(ms)=0.025,total_t(ms)=0.026,cost=0.025
[scan_planner_node-4] [0mfirst_optimize_step_success=1
[scan_planner_node-4] total time:[42m0.000186[0m,optimize:0.000147,refine:3.84e-05
[scan_planner_node-4] final_plan_success=1
[scan_planner_node-4] [FSM]: from REPLAN_TRAJ to EXEC_TRAJ
[closed_loop_controller-6] [INFO] [1786010878.183870504] [closed_loop_controller]: Received trajectory 559, duration 5.760s
[scan_planner_node-4] [FSM]: from EXEC_TRAJ to REPLAN_TRAJ
[scan_planner_node-4] 
[scan_planner_node-4] [rebo replan]: -------------------------------------579
[scan_planner_node-4] start: -2.82     7   1.4,    -0.625 -0.000261  0.000699
[scan_planner_node-4] goal:-5.99  6.67   1.4, -0.0451  -0.705       0
[scan_planner_node-4] [32miter(+1)=11,time(ms)=0.044,total_t(ms)=0.044,cost=0.013
[scan_planner_node-4] [0mfirst_optimize_step_success=1
[scan_planner_node-4] total time:[42m0.000216[0m,optimize:0.000173,refine:4.27e-05
[scan_planner_node-4] final_plan_success=1
[scan_planner_node-4] [FSM]: from REPLAN_TRAJ to EXEC_TRAJ
[closed_loop_controller-6] [INFO] [1786010878.282723968] [closed_loop_controller]: Received trajectory 560, duration 5.760s
[scan_planner_node-4] [FSM]: from EXEC_TRAJ to REPLAN_TRAJ
[scan_planner_node-4] 
[scan_planner_node-4] [rebo replan]: -------------------------------------580
[scan_planner_node-4] start: -2.88     7   1.4,  -0.625 -0.0012 0.00069
[scan_planner_node-4] goal:-5.99  6.67   1.4, -0.0451  -0.705       0
[scan_planner_node-4] [32miter(+1)=14,time(ms)=0.053,total_t(ms)=0.054,cost=0.027
[scan_planner_node-4] [0mfirst_optimize_step_success=1
[scan_planner_node-4] total time:[42m0.000195[0m,optimize:0.000156,refine:3.82e-05
[scan_planner_node-4] final_plan_success=1
[scan_planner_node-4] [FSM]: from REPLAN_TRAJ to EXEC_TRAJ
[closed_loop_controller-6] [INFO] [1786010878.385819420] [closed_loop_controller]: Received trajectory 561, duration 5.440s
[scan_planner_node-4] [FSM]: from EXEC_TRAJ to REPLAN_TRAJ
[scan_planner_node-4] [FSM]: state: REPLAN_TRAJ
[scan_planner_node-4] 
[scan_planner_node-4] [rebo replan]: -------------------------------------581
[scan_planner_node-4] start: -2.95     7   1.4,   -0.625 -0.00157 0.000686
[scan_planner_node-4] goal:  -6 6.32  1.4, 0.0022  -0.75      0
[scan_planner_node-4] [32miter(+1)=10,time(ms)=0.042,total_t(ms)=0.042,cost=0.009
[scan_planner_node-4] [0mfirst_optimize_step_success=1
[scan_planner_node-4] total time:[42m0.000214[0m,optimize:0.000171,refine:4.34e-05
[scan_planner_node-4] final_plan_success=1
[scan_planner_node-4] [FSM]: from REPLAN_TRAJ to EXEC_TRAJ
[closed_loop_controller-6] [INFO] [1786010878.485364441] [closed_loop_controller]: Received trajectory 562, duration 6.080s
[scan_planner_node-4] [INFO] [1786010878.549664545] [scan_planner_node]: [MapDecay] decayed=1034 cleared=589 active_occupied=6460
[scan_planner_node-4] [FSM]: from EXEC_TRAJ to REPLAN_TRAJ
[scan_planner_node-4] 
[scan_planner_node-4] [rebo replan]: -------------------------------------582
[scan_planner_node-4] start: -3.01     7   1.4,   -0.625 -0.00112 0.000676
[scan_planner_node-4] goal:  -6 6.32  1.4, 0.0022  -0.75      0
[scan_planner_node-4] [32miter(+1)=9,time(ms)=0.033,total_t(ms)=0.033,cost=0.007
[scan_planner_node-4] [0mfirst_optimize_step_success=1
[scan_planner_node-4] total time:[42m0.000173[0m,optimize:0.000134,refine:3.86e-05
[scan_planner_node-4] final_plan_success=1
[scan_planner_node-4] [FSM]: from REPLAN_TRAJ to EXEC_TRAJ
[closed_loop_controller-6] [INFO] [1786010878.587331908] [closed_loop_controller]: Received trajectory 563, duration 5.760s
[scan_planner_node-4] [FSM]: from EXEC_TRAJ to REPLAN_TRAJ
[scan_planner_node-4] 
[scan_planner_node-4] [rebo replan]: -------------------------------------583
[scan_planner_node-4] start: -3.07     7   1.4,    -0.625 -6.21e-05  0.000662
[scan_planner_node-4] goal:  -6 6.32  1.4, 0.0022  -0.75      0
[scan_planner_node-4] [32miter(+1)=10,time(ms)=0.040,total_t(ms)=0.040,cost=0.008
[scan_planner_node-4] [0mfirst_optimize_step_success=1
[scan_planner_node-4] total time:[42m0.000212[0m,optimize:0.000172,refine:4.02e-05
[scan_planner_node-4] final_plan_success=1
[scan_planner_node-4] [FSM]: from REPLAN_TRAJ to EXEC_TRAJ
[closed_loop_controller-6] [INFO] [1786010878.682832759] [closed_loop_controller]: Received trajectory 564, duration 5.760s
[scan_planner_node-4] [FSM]: from EXEC_TRAJ to REPLAN_TRAJ
[scan_planner_node-4] 
[scan_planner_node-4] [rebo replan]: -------------------------------------584
[scan_planner_node-4] start: -3.13     7   1.4,   -0.625  0.00146 0.000648
[scan_planner_node-4] goal:  -6 6.15  1.4, -0.00399   -0.746        0
[scan_planner_node-4] [32miter(+1)=7,time(ms)=0.027,total_t(ms)=0.027,cost=0.009
[scan_planner_node-4] [0mfirst_optimize_step_success=1
[scan_planner_node-4] total time:[42m0.000195[0m,optimize:0.000151,refine:4.43e-05
[scan_planner_node-4] final_plan_success=1
[scan_planner_node-4] [FSM]: from REPLAN_TRAJ to EXEC_TRAJ
[closed_loop_controller-6] [INFO] [1786010878.781571259] [closed_loop_controller]: Received trajectory 565, duration 5.760s
[scan_planner_node-4] [INFO] [1786010878.787382384] [scan_planner_node]: [GridMapDiag] cloud=32768 accepted=19723 invalid=13045 below_sensor=0 outside_update=0 sensor_z=1.700 cutoff_z=2.700
[scan_planner_node-4] [FSM]: from EXEC_TRAJ to REPLAN_TRAJ
[scan_planner_node-4] 
[scan_planner_node-4] [rebo replan]: -------------------------------------585
[scan_planner_node-4] start: -3.2    7  1.4,   -0.625  0.00328 0.000633
[scan_planner_node-4] goal:  -6 6.15  1.4, -0.00399   -0.746        0
[scan_planner_node-4] [32miter(+1)=11,time(ms)=0.061,total_t(ms)=0.062,cost=0.007
[scan_planner_node-4] [0mfirst_optimize_step_success=1
[scan_planner_node-4] total time:[42m0.000307[0m,optimize:0.000246,refine:6.13e-05
[scan_planner_node-4] final_plan_success=1
[scan_planner_node-4] [FSM]: from REPLAN_TRAJ to EXEC_TRAJ
[closed_loop_controller-6] [INFO] [1786010878.887804524] [closed_loop_controller]: Received trajectory 566, duration 5.760s
[scan_planner_node-4] [FSM]: from EXEC_TRAJ to REPLAN_TRAJ
[scan_planner_node-4] 
[scan_planner_node-4] [rebo replan]: -------------------------------------586
[scan_planner_node-4] start: -3.26     7   1.4,   -0.625  0.00492 0.000621
[scan_planner_node-4] goal:  -6 6.15  1.4, -0.00399   -0.746        0
[scan_planner_node-4] [32miter(+1)=13,time(ms)=0.047,total_t(ms)=0.047,cost=0.007
[scan_planner_node-4] [0mfirst_optimize_step_success=1
[scan_planner_node-4] total time:[42m0.000209[0m,optimize:0.000168,refine:4.03e-05
[scan_planner_node-4] final_plan_success=1
[scan_planner_node-4] [FSM]: from REPLAN_TRAJ to EXEC_TRAJ
[closed_loop_controller-6] [INFO] [1786010878.982780502] [closed_loop_controller]: Received trajectory 567, duration 5.760s
[scan_planner_node-4] [FSM]: from EXEC_TRAJ to REPLAN_TRAJ
[scan_planner_node-4] 
[scan_planner_node-4] [rebo replan]: -------------------------------------587
[scan_planner_node-4] start: -3.32     7   1.4,   -0.625  0.00639 0.000611
[scan_planner_node-4] goal:  -6 5.97  1.4, 0.00302   -0.75       0
[scan_planner_node-4] [32miter(+1)=8,time(ms)=0.041,total_t(ms)=0.042,cost=0.010
[scan_planner_node-4] [0mfirst_optimize_step_success=1
[scan_planner_node-4] total time:[42m0.000212[0m,optimize:0.000171,refine:4.01e-05
[scan_planner_node-4] final_plan_success=1
[scan_planner_node-4] [FSM]: from REPLAN_TRAJ to EXEC_TRAJ
[closed_loop_controller-6] [INFO] [1786010879.086851425] [closed_loop_controller]: Received trajectory 568, duration 5.760s
[scan_planner_node-4] [FSM]: from EXEC_TRAJ to REPLAN_TRAJ
[scan_planner_node-4] 
[scan_planner_node-4] [rebo replan]: -------------------------------------588
[scan_planner_node-4] start: -3.38     7   1.4,   -0.625    0.007 0.000603
[scan_planner_node-4] goal:  -6 5.97  1.4, 0.00302   -0.75       0
[scan_planner_node-4] [32miter(+1)=9,time(ms)=0.050,total_t(ms)=0.050,cost=0.012
[scan_planner_node-4] [0mfirst_optimize_step_success=1
[scan_planner_node-4] total time:[42m0.000267[0m,optimize:0.000216,refine:5.04e-05
[scan_planner_node-4] final_plan_success=1
[scan_planner_node-4] [FSM]: from REPLAN_TRAJ to EXEC_TRAJ
[closed_loop_controller-6] [INFO] [1786010879.186274121] [closed_loop_controller]: Received trajectory 569, duration 5.760s
[scan_planner_node-4] [FSM]: from EXEC_TRAJ to REPLAN_TRAJ
[scan_planner_node-4] 
[scan_planner_node-4] [rebo replan]: -------------------------------------589
[scan_planner_node-4] start: -3.45     7   1.4,   -0.625  0.00641 0.000594
[scan_planner_node-4] goal: -6 5.8 1.4, -0.00178   -0.749        0
[scan_planner_node-4] [32miter(+1)=6,time(ms)=0.024,total_t(ms)=0.024,cost=0.010
[scan_planner_node-4] [0mfirst_optimize_step_success=1
[scan_planner_node-4] total time:[42m0.000184[0m,optimize:0.000144,refine:4.01e-05
[scan_planner_node-4] final_plan_success=1
[scan_planner_node-4] [FSM]: from REPLAN_TRAJ to EXEC_TRAJ
[closed_loop_controller-6] [INFO] [1786010879.290402609] [closed_loop_controller]: Received trajectory 570, duration 5.760s
[scan_planner_node-4] [FSM]: from EXEC_TRAJ to REPLAN_TRAJ
[scan_planner_node-4] 
[scan_planner_node-4] [rebo replan]: -------------------------------------590
[scan_planner_node-4] start: -3.51     7   1.4,   -0.625  0.00469 0.000585
[scan_planner_node-4] goal: -6 5.8 1.4, -0.00178   -0.749        0
[scan_planner_node-4] [32miter(+1)=8,time(ms)=0.032,total_t(ms)=0.032,cost=0.013
[scan_planner_node-4] [0mfirst_optimize_step_success=1
[scan_planner_node-4] total time:[42m0.000212[0m,optimize:0.000172,refine:4.01e-05
[scan_planner_node-4] final_plan_success=1
[scan_planner_node-4] [FSM]: from REPLAN_TRAJ to EXEC_TRAJ
[closed_loop_controller-6] [INFO] [1786010879.382794150] [closed_loop_controller]: Received trajectory 571, duration 5.760s
[scan_planner_node-4] [FSM]: from EXEC_TRAJ to REPLAN_TRAJ
[scan_planner_node-4] 
[scan_planner_node-4] [rebo replan]: -------------------------------------591
[scan_planner_node-4] start: -3.57     7   1.4,   -0.625  0.00131 0.000574
[scan_planner_node-4] goal: -6 5.8 1.4, -0.00178   -0.749        0
[scan_planner_node-4] [32miter(+1)=10,time(ms)=0.036,total_t(ms)=0.036,cost=0.016
[scan_planner_node-4] [0mfirst_optimize_step_success=1
[scan_planner_node-4] total time:[42m0.000202[0m,optimize:0.000162,refine:3.96e-05
[scan_planner_node-4] final_plan_success=1
[scan_planner_node-4] [FSM]: from REPLAN_TRAJ to EXEC_TRAJ
[closed_loop_controller-6] [INFO] [1786010879.486560180] [closed_loop_controller]: Received trajectory 572, duration 5.760s
[scan_planner_node-4] [FSM]: from EXEC_TRAJ to REPLAN_TRAJ
[scan_planner_node-4] 
[scan_planner_node-4] [rebo replan]: -------------------------------------592
[scan_planner_node-4] start: -3.63     7   1.4,   -0.625  -0.0032 0.000564
[scan_planner_node-4] goal:  -6 5.62  1.4, 0.000882    -0.75        0
[scan_planner_node-4] [32miter(+1)=7,time(ms)=0.028,total_t(ms)=0.028,cost=0.010
[scan_planner_node-4] [0mfirst_optimize_step_success=1
[scan_planner_node-4] total time:[42m0.000193[0m,optimize:0.000153,refine:3.98e-05
[scan_planner_node-4] final_plan_success=1
[scan_planner_node-4] [FSM]: from REPLAN_TRAJ to EXEC_TRAJ
[closed_loop_controller-6] [INFO] [1786010879.585032246] [closed_loop_controller]: Received trajectory 573, duration 5.760s
[scan_planner_node-4] [INFO] [1786010879.652598676] [scan_planner_node]: [MapDecay] decayed=1067 cleared=579 active_occupied=6337
[scan_planner_node-4] [FSM]: from EXEC_TRAJ to REPLAN_TRAJ
[scan_planner_node-4] 
[scan_planner_node-4] [rebo replan]: -------------------------------------593
[scan_planner_node-4] start: -3.7    7  1.4,   -0.624 -0.00916 0.000554
[scan_planner_node-4] goal:  -6 5.62  1.4, 0.000882    -0.75        0
[scan_planner_node-4] [32miter(+1)=9,time(ms)=0.033,total_t(ms)=0.033,cost=0.013
[scan_planner_node-4] [0mfirst_optimize_step_success=1
[scan_planner_node-4] total time:[42m0.000201[0m,optimize:0.000153,refine:4.86e-05
[scan_planner_node-4] final_plan_success=1
[scan_planner_node-4] [FSM]: from REPLAN_TRAJ to EXEC_TRAJ
[closed_loop_controller-6] [INFO] [1786010879.690025194] [closed_loop_controller]: Received trajectory 574, duration 5.760s
[scan_planner_node-4] [FSM]: from EXEC_TRAJ to REPLAN_TRAJ
[scan_planner_node-4] 
[scan_planner_node-4] [rebo replan]: -------------------------------------594
[scan_planner_node-4] start: -3.76     7   1.4,   -0.624  -0.0148 0.000544
[scan_planner_node-4] goal:  -6 5.62  1.4, 0.000882    -0.75        0
[scan_planner_node-4] [32miter(+1)=10,time(ms)=0.060,total_t(ms)=0.060,cost=0.016
[scan_planner_node-4] [0mfirst_optimize_step_success=1
[scan_planner_node-4] total time:[42m0.00031[0m,optimize:0.000245,refine:6.51e-05
[scan_planner_node-4] final_plan_success=1
[scan_planner_node-4] [FSM]: from REPLAN_TRAJ to EXEC_TRAJ
[closed_loop_controller-6] [INFO] [1786010879.783005610] [closed_loop_controller]: Received trajectory 575, duration 5.760s
[scan_planner_node-4] [FSM]: from EXEC_TRAJ to REPLAN_TRAJ
[scan_planner_node-4] 
[scan_planner_node-4] [rebo replan]: -------------------------------------595
[scan_planner_node-4] start: -3.82     7   1.4,   -0.624   -0.021 0.000536
[scan_planner_node-4] goal:  -6 5.45  1.4, 0 0 0
[scan_planner_node-4] [32miter(+1)=31,time(ms)=0.126,total_t(ms)=0.127,cost=0.014
[scan_planner_node-4] [0mfirst_optimize_step_success=1
[scan_planner_node-4] total time:[42m0.000278[0m,optimize:0.00024,refine:3.83e-05
[scan_planner_node-4] final_plan_success=1
[scan_planner_node-4] [FSM]: from REPLAN_TRAJ to EXEC_TRAJ
[closed_loop_controller-6] [INFO] [1786010879.886809246] [closed_loop_controller]: Received trajectory 576, duration 5.760s
[scan_planner_node-4] [FSM]: from EXEC_TRAJ to REPLAN_TRAJ
[scan_planner_node-4] 
[scan_planner_node-4] [rebo replan]: -------------------------------------596
[scan_planner_node-4] start: -3.88     7   1.4,   -0.624  -0.0266 0.000527
[scan_planner_node-4] goal:  -6 5.45  1.4, 0 0 0
[scan_planner_node-4] [32miter(+1)=33,time(ms)=0.139,total_t(ms)=0.139,cost=0.018
[scan_planner_node-4] [0mfirst_optimize_step_success=1
[scan_planner_node-4] total time:[42m0.000279[0m,optimize:0.000241,refine:3.81e-05
[scan_planner_node-4] final_plan_success=1
[scan_planner_node-4] [FSM]: from REPLAN_TRAJ to EXEC_TRAJ
[closed_loop_controller-6] [INFO] [1786010879.986003031] [closed_loop_controller]: Received trajectory 577, duration 5.440s
[scan_planner_node-4] [FSM]: from EXEC_TRAJ to REPLAN_TRAJ
[scan_planner_node-4] 
[scan_planner_node-4] [rebo replan]: -------------------------------------597
[scan_planner_node-4] start: -3.95  6.99   1.4,  -0.622 -0.0298 0.00052
[scan_planner_node-4] goal:  -6 5.45  1.4, 0 0 0
[scan_planner_node-4] [32miter(+1)=35,time(ms)=0.142,total_t(ms)=0.143,cost=0.015
[scan_planner_node-4] [0mfirst_optimize_step_success=1
[scan_planner_node-4] total time:[42m0.000284[0m,optimize:0.000242,refine:4.2e-05
[scan_planner_node-4] final_plan_success=1
[scan_planner_node-4] [FSM]: from REPLAN_TRAJ to EXEC_TRAJ
[closed_loop_controller-6] [INFO] [1786010880.088646318] [closed_loop_controller]: Received trajectory 578, duration 5.120s
[scan_planner_node-4] [FSM]: from EXEC_TRAJ to REPLAN_TRAJ
[scan_planner_node-4] 
[scan_planner_node-4] [rebo replan]: -------------------------------------598
[scan_planner_node-4] start: -4.01  6.99   1.4,   -0.621  -0.0233 0.000518
[scan_planner_node-4] goal:  -6 5.27  1.4, 0 0 0
[scan_planner_node-4] [32miter(+1)=26,time(ms)=0.109,total_t(ms)=0.109,cost=0.022
[scan_planner_node-4] [0mfirst_optimize_step_success=1
[scan_planner_node-4] total time:[42m0.000269[0m,optimize:0.000231,refine:3.82e-05
[scan_planner_node-4] final_plan_success=1
[closed_loop_controller-6] [INFO] [1786010880.182819054] [closed_loop_controller]: Received trajectory 579, duration 5.440s
[scan_planner_node-4] [FSM]: from REPLAN_TRAJ to EXEC_TRAJ
[scan_planner_node-4] [FSM]: from EXEC_TRAJ to REPLAN_TRAJ
[scan_planner_node-4] 
[scan_planner_node-4] [rebo replan]: -------------------------------------599
[scan_planner_node-4] start: -4.07  6.99   1.4,   -0.619 -0.00216 0.000519
[scan_planner_node-4] goal:  -6 5.27  1.4, 0 0 0
[scan_planner_node-4] [32miter(+1)=32,time(ms)=0.125,total_t(ms)=0.125,cost=0.023
[scan_planner_node-4] [0mfirst_optimize_step_success=1
[scan_planner_node-4] total time:[42m0.00026[0m,optimize:0.000224,refine:3.59e-05
[scan_planner_node-4] final_plan_success=1
[scan_planner_node-4] [FSM]: from REPLAN_TRAJ to EXEC_TRAJ
[closed_loop_controller-6] [INFO] [1786010880.291964073] [closed_loop_controller]: Received trajectory 580, duration 5.120s
[scan_planner_node-4] [FSM]: from EXEC_TRAJ to REPLAN_TRAJ
[scan_planner_node-4] 
[scan_planner_node-4] [rebo replan]: -------------------------------------600
[scan_planner_node-4] start: -4.13  6.99   1.4,   -0.619   0.0179 0.000521
[scan_planner_node-4] goal:  -6 5.27  1.4, 0 0 0
[scan_planner_node-4] [32miter(+1)=19,time(ms)=0.079,total_t(ms)=0.080,cost=0.032
[scan_planner_node-4] [0mfirst_optimize_step_success=1
[scan_planner_node-4] Need to reallocate time.
[scan_planner_node-4] total time:[42m0.000401[0m,optimize:0.000179,refine:0.000222
[scan_planner_node-4] final_plan_success=1
[scan_planner_node-4] [FSM]: from REPLAN_TRAJ to EXEC_TRAJ
[closed_loop_controller-6] [INFO] [1786010880.384282209] [closed_loop_controller]: Received trajectory 581, duration 6.082s
[scan_planner_node-4] [FSM]: from EXEC_TRAJ to REPLAN_TRAJ
[scan_planner_node-4] 
[scan_planner_node-4] [rebo replan]: -------------------------------------601
[scan_planner_node-4] start: -4.21     7   1.4,   -0.616   0.0401 0.000522
[scan_planner_node-4] goal:  -6 5.11  1.4, 0 0 0
[scan_planner_node-4] [32miter(+1)=29,time(ms)=0.124,total_t(ms)=0.124,cost=0.023
[scan_planner_node-4] [0mfirst_optimize_step_success=1
[scan_planner_node-4] total time:[42m0.000287[0m,optimize:0.000249,refine:3.82e-05
[scan_planner_node-4] final_plan_success=1
[scan_planner_node-4] [FSM]: from REPLAN_TRAJ to EXEC_TRAJ
[closed_loop_controller-6] [INFO] [1786010880.506757921] [closed_loop_controller]: Received trajectory 582, duration 5.120s
[scan_planner_node-4] [INFO] [1786010880.710746546] [scan_planner_node]: [MapDecay] decayed=1724 cleared=768 active_occupied=5218
[scan_planner_node-4] [FSM]: from EXEC_TRAJ to REPLAN_TRAJ
[scan_planner_node-4] 
[scan_planner_node-4] [rebo replan]: -------------------------------------602
[scan_planner_node-4] start: -4.38  7.01   1.4,   -0.616   0.0648 0.000513
[scan_planner_node-4] goal:  -6 5.01  1.4, 0 0 0
[scan_planner_node-4] [32miter(+1)=20,time(ms)=0.111,total_t(ms)=0.112,cost=0.025
[scan_planner_node-4] [0mfirst_optimize_step_success=1
[scan_planner_node-4] total time:[42m0.000377[0m,optimize:0.000321,refine:5.63e-05
[scan_planner_node-4] final_plan_success=1
[scan_planner_node-4] [FSM]: from REPLAN_TRAJ to EXEC_TRAJ
[closed_loop_controller-6] [INFO] [1786010880.787532098] [closed_loop_controller]: Received trajectory 583, duration 5.120s
[scan_planner_node-4] [FSM]: from EXEC_TRAJ to REPLAN_TRAJ
[scan_planner_node-4] [INFO] [1786010880.904769362] [scan_planner_node]: [GridMapDiag] cloud=32768 accepted=27517 invalid=5251 below_sensor=0 outside_update=0 sensor_z=0.700 cutoff_z=1.700
[scan_planner_node-4] 
[scan_planner_node-4] [rebo replan]: -------------------------------------603
[scan_planner_node-4] start: -4.46  7.02   1.4,    -0.62   0.0653 0.000506
[scan_planner_node-4] goal:  -6 5.01  1.4, 0 0 0
[scan_planner_node-4] [32miter(+1)=24,time(ms)=0.131,total_t(ms)=0.132,cost=0.030
[scan_planner_node-4] [0mfirst_optimize_step_success=1
[scan_planner_node-4] total time:[42m0.000304[0m,optimize:0.000265,refine:3.89e-05
[scan_planner_node-4] final_plan_success=1
[scan_planner_node-4] [FSM]: from REPLAN_TRAJ to EXEC_TRAJ
[closed_loop_controller-6] [INFO] [1786010880.910768771] [closed_loop_controller]: Received trajectory 584, duration 4.800s
[scan_planner_node-4] [FSM]: from EXEC_TRAJ to REPLAN_TRAJ
[scan_planner_node-4] 
[scan_planner_node-4] [rebo replan]: -------------------------------------604
[scan_planner_node-4] start: -4.53  7.03   1.4,   -0.624   0.0593 0.000501
[scan_planner_node-4] goal: -6   5 1.4, 0 0 0
[scan_planner_node-4] [32miter(+1)=26,time(ms)=0.137,total_t(ms)=0.138,cost=0.021
[scan_planner_node-4] [0mfirst_optimize_step_success=1
[scan_planner_node-4] total time:[42m0.000323[0m,optimize:0.00027,refine:5.37e-05
[scan_planner_node-4] final_plan_success=1
[scan_planner_node-4] [FSM]: from REPLAN_TRAJ to EXEC_TRAJ
[closed_loop_controller-6] [INFO] [1786010881.025847813] [closed_loop_controller]: Received trajectory 585, duration 4.800s
[scan_planner_node-4] [FSM]: from EXEC_TRAJ to REPLAN_TRAJ
[scan_planner_node-4] 
[scan_planner_node-4] [rebo replan]: -------------------------------------605
[scan_planner_node-4] start: -4.69  7.04   1.4,  -0.629 0.00213  0.0005
[scan_planner_node-4] goal: -6   5 1.4, 0 0 0
[scan_planner_node-4] [32miter(+1)=19,time(ms)=0.081,total_t(ms)=0.081,cost=0.029
[scan_planner_node-4] [0mfirst_optimize_step_success=1
[scan_planner_node-4] total time:[42m0.000305[0m,optimize:0.000271,refine:3.42e-05
[scan_planner_node-4] final_plan_success=1
[scan_planner_node-4] [FSM]: from REPLAN_TRAJ to EXEC_TRAJ
[closed_loop_controller-6] [INFO] [1786010881.287724211] [closed_loop_controller]: Received trajectory 586, duration 4.480s
[scan_planner_node-4] [FSM]: from EXEC_TRAJ to REPLAN_TRAJ
[scan_planner_node-4] 
[scan_planner_node-4] [rebo replan]: -------------------------------------606
[scan_planner_node-4] start: -4.78  7.03   1.4,   -0.629  -0.0476 0.000502
[scan_planner_node-4] goal: -6   5 1.4, 0 0 0
[scan_planner_node-4] [32miter(+1)=27,time(ms)=0.090,total_t(ms)=0.091,cost=0.025
[scan_planner_node-4] [0mfirst_optimize_step_success=1
[scan_planner_node-4] total time:[42m0.000217[0m,optimize:0.000186,refine:3.06e-05
[scan_planner_node-4] final_plan_success=1
[scan_planner_node-4] [FSM]: from REPLAN_TRAJ to EXEC_TRAJ
[closed_loop_controller-6] [INFO] [1786010881.425619581] [closed_loop_controller]: Received trajectory 587, duration 4.160s
[scan_planner_node-4] [FSM]: from EXEC_TRAJ to REPLAN_TRAJ
[scan_planner_node-4] 
[scan_planner_node-4] [rebo replan]: -------------------------------------607
[scan_planner_node-4] start: -4.86  7.02   1.4,   -0.626  -0.0966 0.000504
[scan_planner_node-4] goal: -6   5 1.4, 0 0 0
[scan_planner_node-4] [32miter(+1)=19,time(ms)=0.063,total_t(ms)=0.063,cost=0.033
[scan_planner_node-4] [0mfirst_optimize_step_success=1
[scan_planner_node-4] Need to reallocate time.
[scan_planner_node-4] total time:[42m0.000339[0m,optimize:0.000177,refine:0.000162
[scan_planner_node-4] final_plan_success=1
[scan_planner_node-4] [FSM]: from REPLAN_TRAJ to EXEC_TRAJ
[closed_loop_controller-6] [INFO] [1786010881.566517582] [closed_loop_controller]: Received trajectory 588, duration 4.873s
[scan_planner_node-4] [FSM]: from EXEC_TRAJ to REPLAN_TRAJ
[scan_planner_node-4] 
[scan_planner_node-4] [rebo replan]: -------------------------------------608
[scan_planner_node-4] start: -4.95  7.01   1.4,   -0.612   -0.139 0.000503
[scan_planner_node-4] goal: -6   5 1.4, 0 0 0
[scan_planner_node-4] [32miter(+1)=20,time(ms)=0.063,total_t(ms)=0.063,cost=0.040
[scan_planner_node-4] [0mfirst_optimize_step_success=1
[scan_planner_node-4] Need to reallocate time.
[scan_planner_node-4] total time:[42m0.000348[0m,optimize:0.000147,refine:0.000201
[scan_planner_node-4] final_plan_success=1
[scan_planner_node-4] [FSM]: from REPLAN_TRAJ to EXEC_TRAJ
[closed_loop_controller-6] [INFO] [1786010881.710074143] [closed_loop_controller]: Received trajectory 589, duration 4.553s
[scan_planner_node-4] [INFO] [1786010881.754959322] [scan_planner_node]: [MapDecay] decayed=1336 cleared=632 active_occupied=5903
[scan_planner_node-4] [FSM]: from EXEC_TRAJ to REPLAN_TRAJ
[scan_planner_node-4] 
[scan_planner_node-4] [rebo replan]: -------------------------------------609
[scan_planner_node-4] start: -5.04  6.98   1.4,   -0.582   -0.182 0.000496
[scan_planner_node-4] goal: -6   5 1.4, 0 0 0
[scan_planner_node-4] [32miter(+1)=22,time(ms)=0.075,total_t(ms)=0.076,cost=0.027
[scan_planner_node-4] [0mfirst_optimize_step_success=1
[scan_planner_node-4] total time:[42m0.000221[0m,optimize:0.000193,refine:2.8e-05
[scan_planner_node-4] final_plan_success=1
[scan_planner_node-4] [FSM]: from REPLAN_TRAJ to EXEC_TRAJ
[closed_loop_controller-6] [INFO] [1786010881.861286466] [closed_loop_controller]: Received trajectory 590, duration 3.840s
[scan_planner_node-4] [FSM]: from EXEC_TRAJ to REPLAN_TRAJ
[scan_planner_node-4] 
[scan_planner_node-4] [rebo replan]: -------------------------------------610
[scan_planner_node-4] start: -5.13  6.95   1.4,   -0.547   -0.225 0.000494
[scan_planner_node-4] goal: -6   5 1.4, 0 0 0
[scan_planner_node-4] [32miter(+1)=27,time(ms)=0.141,total_t(ms)=0.141,cost=0.033
[scan_planner_node-4] [0mfirst_optimize_step_success=1
[scan_planner_node-4] Need to reallocate time.
[scan_planner_node-4] total time:[42m0.000523[0m,optimize:0.000265,refine:0.000258
[scan_planner_node-4] final_plan_success=1
[scan_planner_node-4] [FSM]: from REPLAN_TRAJ to EXEC_TRAJ
[closed_loop_controller-6] [INFO] [1786010882.003650781] [closed_loop_controller]: Received trajectory 591, duration 4.027s
[scan_planner_node-4] [FSM]: from EXEC_TRAJ to REPLAN_TRAJ
[scan_planner_node-4] 
[scan_planner_node-4] [rebo replan]: -------------------------------------611
[scan_planner_node-4] start: -5.2 6.91  1.4,   -0.504   -0.273 0.000494
[scan_planner_node-4] goal: -6   5 1.4, 0 0 0
[scan_planner_node-4] [32miter(+1)=18,time(ms)=0.065,total_t(ms)=0.065,cost=0.038
[scan_planner_node-4] [0mfirst_optimize_step_success=1
[scan_planner_node-4] Need to reallocate time.
[scan_planner_node-4] total time:[42m0.000373[0m,optimize:0.000163,refine:0.00021
[scan_planner_node-4] final_plan_success=1
[scan_planner_node-4] [FSM]: from REPLAN_TRAJ to EXEC_TRAJ
[closed_loop_controller-6] [INFO] [1786010882.143663025] [closed_loop_controller]: Received trajectory 592, duration 4.137s
[scan_planner_node-4] [FSM]: from EXEC_TRAJ to REPLAN_TRAJ
[scan_planner_node-4] 
[scan_planner_node-4] [rebo replan]: -------------------------------------612
[scan_planner_node-4] start: -5.29  6.85   1.4,  -0.434  -0.337 0.00049
[scan_planner_node-4] goal: -6   5 1.4, 0 0 0
[scan_planner_node-4] [32miter(+1)=24,time(ms)=0.077,total_t(ms)=0.077,cost=0.041
[scan_planner_node-4] [0mfirst_optimize_step_success=1
[scan_planner_node-4] Need to reallocate time.
[scan_planner_node-4] total time:[42m0.000309[0m,optimize:0.000157,refine:0.000152
[scan_planner_node-4] final_plan_success=1
[scan_planner_node-4] [FSM]: from REPLAN_TRAJ to EXEC_TRAJ
[closed_loop_controller-6] [INFO] [1786010882.324486777] [closed_loop_controller]: Received trajectory 593, duration 3.689s
[scan_planner_node-4] [FSM]: from EXEC_TRAJ to REPLAN_TRAJ
[scan_planner_node-4] 
[scan_planner_node-4] [rebo replan]: -------------------------------------613
[scan_planner_node-4] start: -5.35  6.79   1.4,   -0.374   -0.389 0.000485
[scan_planner_node-4] goal: -6   5 1.4, 0 0 0
[scan_planner_node-4] [32miter(+1)=24,time(ms)=0.076,total_t(ms)=0.076,cost=0.027
[scan_planner_node-4] [0mfirst_optimize_step_success=1
[scan_planner_node-4] total time:[42m0.000262[0m,optimize:0.000234,refine:2.78e-05
[scan_planner_node-4] final_plan_success=1
[scan_planner_node-4] [FSM]: from REPLAN_TRAJ to EXEC_TRAJ
[closed_loop_controller-6] [INFO] [1786010882.466968839] [closed_loop_controller]: Received trajectory 594, duration 3.200s
[scan_planner_node-4] [FSM]: from EXEC_TRAJ to REPLAN_TRAJ
[scan_planner_node-4] 
[scan_planner_node-4] [rebo replan]: -------------------------------------614
[scan_planner_node-4] start: -5.41  6.72   1.4,   -0.303   -0.458 0.000488
[scan_planner_node-4] goal: -6   5 1.4, 0 0 0
[scan_planner_node-4] [32miter(+1)=20,time(ms)=0.073,total_t(ms)=0.073,cost=0.046
[scan_planner_node-4] [0mfirst_optimize_step_success=1
[scan_planner_node-4] Need to reallocate time.
[scan_planner_node-4] total time:[42m0.000258[0m,optimize:0.000141,refine:0.000117
[scan_planner_node-4] final_plan_success=1
[scan_planner_node-4] [FSM]: from REPLAN_TRAJ to EXEC_TRAJ
[closed_loop_controller-6] [INFO] [1786010882.629273091] [closed_loop_controller]: Received trajectory 595, duration 3.360s
[scan_planner_node-4] [FSM]: from EXEC_TRAJ to REPLAN_TRAJ
[scan_planner_node-4] 
[scan_planner_node-4] [rebo replan]: -------------------------------------615
[scan_planner_node-4] start: -5.46  6.61   1.4,   -0.221   -0.544 0.000491
[scan_planner_node-4] goal: -6   5 1.4, 0 0 0
[scan_planner_node-4] [32miter(+1)=23,time(ms)=0.061,total_t(ms)=0.062,cost=0.024
[scan_planner_node-4] [0mfirst_optimize_step_success=1
[scan_planner_node-4] total time:[42m0.000154[0m,optimize:0.000129,refine:2.45e-05
[scan_planner_node-4] final_plan_success=1
[scan_planner_node-4] [FSM]: from REPLAN_TRAJ to EXEC_TRAJ
[closed_loop_controller-6] [INFO] [1786010882.823876623] [closed_loop_controller]: Received trajectory 596, duration 2.880s
[scan_planner_node-4] [INFO] [1786010882.869319246] [scan_planner_node]: [MapDecay] decayed=1123 cleared=531 active_occupied=7227
[scan_planner_node-4] [INFO] [1786010882.919097881] [scan_planner_node]: [GridMapDiag] cloud=32768 accepted=15938 invalid=16830 below_sensor=0 outside_update=0 sensor_z=1.700 cutoff_z=2.700
[scan_planner_node-4] [FSM]: state: EXEC_TRAJ
[scan_planner_node-4] [FSM]: from EXEC_TRAJ to REPLAN_TRAJ
[scan_planner_node-4] 
[scan_planner_node-4] [rebo replan]: -------------------------------------616
[scan_planner_node-4] start: -5.49  6.51   1.4,   -0.163   -0.614 0.000493
[scan_planner_node-4] goal: -6   5 1.4, 0 0 0
[scan_planner_node-4] [32miter(+1)=19,time(ms)=0.047,total_t(ms)=0.047,cost=0.042
[scan_planner_node-4] [0mfirst_optimize_step_success=1
[scan_planner_node-4] Need to reallocate time.
[scan_planner_node-4] total time:[42m0.00023[0m,optimize:0.000131,refine:9.88e-05
[scan_planner_node-4] final_plan_success=1
[scan_planner_node-4] [FSM]: from REPLAN_TRAJ to EXEC_TRAJ
[closed_loop_controller-6] [INFO] [1786010882.993762371] [closed_loop_controller]: Received trajectory 597, duration 2.917s
[scan_planner_node-4] [FSM]: from EXEC_TRAJ to REPLAN_TRAJ
[scan_planner_node-4] 
[scan_planner_node-4] [rebo replan]: -------------------------------------617
[scan_planner_node-4] start: -5.52  6.41   1.4,   -0.121   -0.678 0.000494
[scan_planner_node-4] goal: -6   5 1.4, 0 0 0
[scan_planner_node-4] [32miter(+1)=20,time(ms)=0.073,total_t(ms)=0.073,cost=0.024
[scan_planner_node-4] [0mfirst_optimize_step_success=1
[scan_planner_node-4] total time:[42m0.00023[0m,optimize:0.000203,refine:2.7e-05
[scan_planner_node-4] final_plan_success=1
[scan_planner_node-4] [FSM]: from REPLAN_TRAJ to EXEC_TRAJ
[closed_loop_controller-6] [INFO] [1786010883.164646553] [closed_loop_controller]: Received trajectory 598, duration 2.560s
[scan_planner_node-4] [FSM]: from EXEC_TRAJ to REPLAN_TRAJ
[scan_planner_node-4] 
[scan_planner_node-4] [rebo replan]: -------------------------------------618
[scan_planner_node-4] start: -5.53  6.33   1.4,   -0.106    -0.71 0.000493
[scan_planner_node-4] goal: -6   5 1.4, 0 0 0
[scan_planner_node-4] [32miter(+1)=19,time(ms)=0.058,total_t(ms)=0.058,cost=0.016
[scan_planner_node-4] [0mfirst_optimize_step_success=1
[scan_planner_node-4] total time:[42m0.000144[0m,optimize:0.000123,refine:2.14e-05
[scan_planner_node-4] final_plan_success=1
[scan_planner_node-4] [FSM]: from REPLAN_TRAJ to EXEC_TRAJ
[closed_loop_controller-6] [INFO] [1786010883.283093826] [closed_loop_controller]: Received trajectory 599, duration 2.560s
[scan_planner_node-4] [FSM]: from EXEC_TRAJ to REPLAN_TRAJ
[scan_planner_node-4] 
[scan_planner_node-4] [rebo replan]: -------------------------------------619
[scan_planner_node-4] start: -5.54  6.26   1.4,  -0.0994   -0.735 0.000496
[scan_planner_node-4] goal: -6   5 1.4, 0 0 0
[scan_planner_node-4] [32miter(+1)=16,time(ms)=0.058,total_t(ms)=0.058,cost=0.040
[scan_planner_node-4] [0mfirst_optimize_step_success=1
[scan_planner_node-4] Need to reallocate time.
[scan_planner_node-4] total time:[42m0.000205[0m,optimize:0.000126,refine:7.96e-05
[scan_planner_node-4] final_plan_success=1
[scan_planner_node-4] [FSM]: from REPLAN_TRAJ to EXEC_TRAJ
[closed_loop_controller-6] [INFO] [1786010883.401934793] [closed_loop_controller]: Received trajectory 600, duration 2.509s
[scan_planner_node-4] [FSM]: from EXEC_TRAJ to REPLAN_TRAJ
[scan_planner_node-4] 
[scan_planner_node-4] [rebo replan]: -------------------------------------620
[scan_planner_node-4] start: -5.55  6.21   1.4,   -0.101   -0.749 0.000497
[scan_planner_node-4] goal: -6   5 1.4, 0 0 0
[scan_planner_node-4] [32miter(+1)=15,time(ms)=0.037,total_t(ms)=0.037,cost=0.031
[scan_planner_node-4] [0mfirst_optimize_step_success=1
[scan_planner_node-4] Need to reallocate time.
[scan_planner_node-4] total time:[42m0.000176[0m,optimize:9.64e-05,refine:7.96e-05
[scan_planner_node-4] final_plan_success=1
[scan_planner_node-4] [FSM]: from REPLAN_TRAJ to EXEC_TRAJ
[closed_loop_controller-6] [INFO] [1786010883.488433871] [closed_loop_controller]: Received trajectory 601, duration 2.469s
[scan_planner_node-4] [FSM]: from EXEC_TRAJ to REPLAN_TRAJ
[scan_planner_node-4] 
[scan_planner_node-4] [rebo replan]: -------------------------------------621
[scan_planner_node-4] start: -5.56  6.13   1.4,    -0.11   -0.764 0.000496
[scan_planner_node-4] goal: -6   5 1.4, 0 0 0
[scan_planner_node-4] [32miter(+1)=15,time(ms)=0.051,total_t(ms)=0.052,cost=0.021
[scan_planner_node-4] [0mfirst_optimize_step_success=1
[scan_planner_node-4] total time:[42m0.00016[0m,optimize:0.00013,refine:2.99e-05
[scan_planner_node-4] final_plan_success=1
[scan_planner_node-4] [FSM]: from REPLAN_TRAJ to EXEC_TRAJ
[closed_loop_controller-6] [INFO] [1786010883.607266473] [closed_loop_controller]: Received trajectory 602, duration 2.240s
[scan_planner_node-4] [FSM]: from EXEC_TRAJ to REPLAN_TRAJ
[scan_planner_node-4] 
[scan_planner_node-4] [rebo replan]: -------------------------------------622
[scan_planner_node-4] start: -5.57  6.02   1.4,   -0.132   -0.773 0.000497
[scan_planner_node-4] goal: -6   5 1.4, 0 0 0
[scan_planner_node-4] [32miter(+1)=15,time(ms)=0.033,total_t(ms)=0.033,cost=0.047
[scan_planner_node-4] [0mfirst_optimize_step_success=1
[scan_planner_node-4] Need to reallocate time.
[scan_planner_node-4] total time:[42m0.000158[0m,optimize:8.92e-05,refine:6.88e-05
[scan_planner_node-4] final_plan_success=1
[scan_planner_node-4] [FSM]: from REPLAN_TRAJ to EXEC_TRAJ
[closed_loop_controller-6] [INFO] [1786010883.770186893] [closed_loop_controller]: Received trajectory 603, duration 2.128s
[scan_planner_node-4] [FSM]: from EXEC_TRAJ to REPLAN_TRAJ
[scan_planner_node-4] 
[scan_planner_node-4] [rebo replan]: -------------------------------------623
[scan_planner_node-4] start: -5.59  5.94   1.4,   -0.154   -0.778 0.000497
[scan_planner_node-4] goal: -6   5 1.4, 0 0 0
[scan_planner_node-4] [32miter(+1)=13,time(ms)=0.037,total_t(ms)=0.037,cost=0.033
[scan_planner_node-4] [0mfirst_optimize_step_success=1
[scan_planner_node-4] Need to reallocate time.
[scan_planner_node-4] total time:[42m0.000193[0m,optimize:0.000106,refine:8.72e-05
[scan_planner_node-4] final_plan_success=1
[scan_planner_node-4] [FSM]: from REPLAN_TRAJ to EXEC_TRAJ
[closed_loop_controller-6] [INFO] [1786010883.890707436] [closed_loop_controller]: Received trajectory 604, duration 2.084s
[scan_planner_node-4] [INFO] [1786010883.972356599] [scan_planner_node]: [MapDecay] decayed=2028 cleared=844 active_occupied=7360
[scan_planner_node-4] [FSM]: from EXEC_TRAJ to REPLAN_TRAJ
[scan_planner_node-4] 
[scan_planner_node-4] [rebo replan]: -------------------------------------624
[scan_planner_node-4] start: -5.61  5.86   1.4,   -0.182   -0.778 0.000494
[scan_planner_node-4] goal: -6   5 1.4, 0 0 0
[scan_planner_node-4] [32miter(+1)=19,time(ms)=0.049,total_t(ms)=0.049,cost=0.005
[scan_planner_node-4] [0mfirst_optimize_step_success=1
[scan_planner_node-4] total time:[42m0.000141[0m,optimize:0.00012,refine:2.09e-05
[scan_planner_node-4] final_plan_success=1
[scan_planner_node-4] [FSM]: from REPLAN_TRAJ to EXEC_TRAJ
[closed_loop_controller-6] [INFO] [1786010884.014941617] [closed_loop_controller]: Received trajectory 605, duration 2.560s
[scan_planner_node-4] [FSM]: from EXEC_TRAJ to REPLAN_TRAJ
[scan_planner_node-4] 
[scan_planner_node-4] [rebo replan]: -------------------------------------625
[scan_planner_node-4] start: -5.63  5.77   1.4,   -0.207   -0.758 0.000451
[scan_planner_node-4] goal: -6   5 1.4, 0 0 0
[scan_planner_node-4] [32miter(+1)=15,time(ms)=0.037,total_t(ms)=0.037,cost=0.004
[scan_planner_node-4] [0mfirst_optimize_step_success=1
[scan_planner_node-4] total time:[42m0.000109[0m,optimize:8.93e-05,refine:2.02e-05
[scan_planner_node-4] final_plan_success=1
[scan_planner_node-4] [FSM]: from REPLAN_TRAJ to EXEC_TRAJ
[closed_loop_controller-6] [INFO] [1786010884.175305427] [closed_loop_controller]: Received trajectory 606, duration 2.240s
[scan_planner_node-4] [FSM]: from EXEC_TRAJ to REPLAN_TRAJ
[scan_planner_node-4] 
[scan_planner_node-4] [rebo replan]: -------------------------------------626
[scan_planner_node-4] start: -5.65   5.7   1.4,   -0.214    -0.73 0.000388
[scan_planner_node-4] goal: -6   5 1.4, 0 0 0
[scan_planner_node-4] [32miter(+1)=15,time(ms)=0.029,total_t(ms)=0.029,cost=0.004
[scan_planner_node-4] [0mfirst_optimize_step_success=1
[scan_planner_node-4] total time:[42m9.64e-05[0m,optimize:7.75e-05,refine:1.89e-05
[scan_planner_node-4] final_plan_success=1
[scan_planner_node-4] [FSM]: from REPLAN_TRAJ to EXEC_TRAJ
[closed_loop_controller-6] [INFO] [1786010884.317159987] [closed_loop_controller]: Received trajectory 607, duration 1.920s
[scan_planner_node-4] [FSM]: from EXEC_TRAJ to REPLAN_TRAJ
[scan_planner_node-4] 
[scan_planner_node-4] [rebo replan]: -------------------------------------627
[scan_planner_node-4] start: -5.67  5.62   1.4,   -0.219   -0.693 0.000346
[scan_planner_node-4] goal: -6   5 1.4, 0 0 0
[scan_planner_node-4] [32miter(+1)=15,time(ms)=0.032,total_t(ms)=0.033,cost=0.003
[scan_planner_node-4] [0mfirst_optimize_step_success=1
[scan_planner_node-4] total time:[42m0.000103[0m,optimize:8.32e-05,refine:2.01e-05
[scan_planner_node-4] final_plan_success=1
[scan_planner_node-4] [FSM]: from REPLAN_TRAJ to EXEC_TRAJ
[closed_loop_controller-6] [INFO] [1786010884.460784097] [closed_loop_controller]: Received trajectory 608, duration 1.920s
[scan_planner_node-4] [FSM]: from EXEC_TRAJ to REPLAN_TRAJ
[scan_planner_node-4] 
[scan_planner_node-4] [rebo replan]: -------------------------------------628
[scan_planner_node-4] start: -5.7 5.54  1.4,   -0.226    -0.65 0.000333
[scan_planner_node-4] goal: -6   5 1.4, 0 0 0
[scan_planner_node-4] [32miter(+1)=12,time(ms)=0.041,total_t(ms)=0.041,cost=0.004
[scan_planner_node-4] [0mfirst_optimize_step_success=1
[scan_planner_node-4] total time:[42m0.000153[0m,optimize:0.000115,refine:3.79e-05
[scan_planner_node-4] final_plan_success=1
[scan_planner_node-4] [FSM]: from REPLAN_TRAJ to EXEC_TRAJ
[closed_loop_controller-6] [INFO] [1786010884.616025004] [closed_loop_controller]: Received trajectory 609, duration 2.240s
[scan_planner_node-4] [FSM]: from EXEC_TRAJ to REPLAN_TRAJ
[scan_planner_node-4] 
[scan_planner_node-4] [rebo replan]: -------------------------------------629
[scan_planner_node-4] start: -5.72  5.48   1.4,   -0.221   -0.596 0.000312
[scan_planner_node-4] goal: -6   5 1.4, 0 0 0
[scan_planner_node-4] [32miter(+1)=13,time(ms)=0.031,total_t(ms)=0.032,cost=0.002
[scan_planner_node-4] [0mfirst_optimize_step_success=1
[scan_planner_node-4] total time:[42m0.000111[0m,optimize:9.11e-05,refine:1.98e-05
[scan_planner_node-4] final_plan_success=1
[scan_planner_node-4] [FSM]: from REPLAN_TRAJ to EXEC_TRAJ
[closed_loop_controller-6] [INFO] [1786010884.777649433] [closed_loop_controller]: Received trajectory 610, duration 2.240s
[scan_planner_node-4] [FSM]: from EXEC_TRAJ to REPLAN_TRAJ
[scan_planner_node-4] [INFO] [1786010884.926225822] [scan_planner_node]: [GridMapDiag] cloud=32768 accepted=15594 invalid=17174 below_sensor=0 outside_update=0 sensor_z=1.700 cutoff_z=2.700
[scan_planner_node-4] 
[scan_planner_node-4] [rebo replan]: -------------------------------------630
[scan_planner_node-4] start: -5.75  5.42   1.4,   -0.204   -0.542 0.000277
[scan_planner_node-4] goal: -6   5 1.4, 0 0 0
[scan_planner_node-4] [32miter(+1)=11,time(ms)=0.022,total_t(ms)=0.023,cost=0.002
[scan_planner_node-4] [0mfirst_optimize_step_success=1
[scan_planner_node-4] total time:[42m8.58e-05[0m,optimize:6.73e-05,refine:1.85e-05
[scan_planner_node-4] final_plan_success=1
[scan_planner_node-4] [FSM]: from REPLAN_TRAJ to EXEC_TRAJ
[closed_loop_controller-6] [INFO] [1786010884.926731295] [closed_loop_controller]: Received trajectory 611, duration 1.920s
[scan_planner_node-4] [FSM]: from EXEC_TRAJ to REPLAN_TRAJ
[scan_planner_node-4] [INFO] [1786010885.083263731] [scan_planner_node]: [MapDecay] decayed=2245 cleared=1132 active_occupied=7391
[scan_planner_node-4] 
[scan_planner_node-4] [rebo replan]: -------------------------------------631
[scan_planner_node-4] start: -5.77  5.36   1.4,   -0.188   -0.486 0.000253
[scan_planner_node-4] goal: -6   5 1.4, 0 0 0
[scan_planner_node-4] [32miter(+1)=16,time(ms)=0.063,total_t(ms)=0.064,cost=0.001
[scan_planner_node-4] [0mfirst_optimize_step_success=1
[scan_planner_node-4] total time:[42m0.00028[0m,optimize:0.000244,refine:3.55e-05
[scan_planner_node-4] final_plan_success=1
[closed_loop_controller-6] [INFO] [1786010885.083953204] [closed_loop_controller]: Received trajectory 612, duration 2.560s
[scan_planner_node-4] [FSM]: from REPLAN_TRAJ to EXEC_TRAJ
[scan_planner_node-4] [FSM]: from EXEC_TRAJ to REPLAN_TRAJ
[scan_planner_node-4] 
[scan_planner_node-4] [rebo replan]: -------------------------------------632
[scan_planner_node-4] start: -5.78  5.34   1.4,   -0.178   -0.445 0.000238
[scan_planner_node-4] goal: -6   5 1.4, 0 0 0
[scan_planner_node-4] [32miter(+1)=9,time(ms)=0.024,total_t(ms)=0.025,cost=0.009
[scan_planner_node-4] [0mfirst_optimize_step_success=1
[scan_planner_node-4] total time:[42m9.98e-05[0m,optimize:8.03e-05,refine:1.95e-05
[scan_planner_node-4] final_plan_success=1
[scan_planner_node-4] [FSM]: from REPLAN_TRAJ to EXEC_TRAJ
[closed_loop_controller-6] [INFO] [1786010885.189289387] [closed_loop_controller]: Received trajectory 613, duration 2.560s
[terrain_path_visualizer-10] [INFO] [1786010885.193051377] [terrain_path_segmenter]: Visualization advanced to segment 7/8
[scan_planner_node-4] [FSM]: from EXEC_TRAJ to REPLAN_TRAJ
[scan_planner_node-4] [INFO] [1786010885.318964580] [scan_planner_node]: [MapRefresh] Cleared occupancy and inflation for a new reference path; observation_sequence=517
[scan_planner_node-4] [INFO] [1786010885.319021710] [scan_planner_node]: [MapRefresh] Deferred reference path until 2 fresh map observations have been fused (target_sequence=519)
[scan_planner_node-4] [INFO] [1786010885.555825224] [scan_planner_node]: [MapRefresh] Fresh map ready at observation_sequence=519; accepting deferred reference path
[scan_planner_node-4] [INFO] [1786010885.604175930] [scan_planner_node]: Reference path accepted
[scan_planner_node-4] 
[scan_planner_node-4] [rebo replan]: -------------------------------------633
[scan_planner_node-4] start: -5.83  5.22   1.4,   -0.089   -0.259 0.000158
[scan_planner_node-4] goal:   -6  1.47 0.516, 0 0 0
[scan_planner_node-4] [32miter(+1)=38,time(ms)=0.375,total_t(ms)=0.376,cost=0.008
[scan_planner_node-4] [0mfirst_optimize_step_success=1
[scan_planner_node-4] total time:[42m0.00073[0m,optimize:0.000653,refine:7.69e-05
[scan_planner_node-4] final_plan_success=1
[closed_loop_controller-6] [INFO] [1786010885.605150270] [closed_loop_controller]: Received trajectory 614, duration 6.613s
[scan_planner_node-4] [FSM]: from REPLAN_TRAJ to EXEC_TRAJ
[scan_planner_node-4] [FSM]: from EXEC_TRAJ to REPLAN_TRAJ
[scan_planner_node-4] 
[scan_planner_node-4] [rebo replan]: -------------------------------------634
[scan_planner_node-4] start: -5.83   5.2   1.4,  -0.0701   -0.222 -0.00681
[scan_planner_node-4] goal:   -6  1.47 0.516, 0 0 0
[scan_planner_node-4] [32miter(+1)=22,time(ms)=0.156,total_t(ms)=0.156,cost=0.093
[scan_planner_node-4] [0mfirst_optimize_step_success=1
[scan_planner_node-4] Need to reallocate time.
[scan_planner_node-4] total time:[42m0.000766[0m,optimize:0.000343,refine:0.000423
[scan_planner_node-4] final_plan_success=1
[scan_planner_node-4] [FSM]: from REPLAN_TRAJ to EXEC_TRAJ
[closed_loop_controller-6] [INFO] [1786010885.683544709] [closed_loop_controller]: Received trajectory 615, duration 7.639s
[scan_planner_node-4] [FSM]: from EXEC_TRAJ to REPLAN_TRAJ
[scan_planner_node-4] 
[scan_planner_node-4] [rebo replan]: -------------------------------------635
[scan_planner_node-4] start: -5.84  5.13  1.38,  -0.046  -0.183 -0.0326
[scan_planner_node-4] goal:   -6  1.47 0.516, 0 0 0
[scan_planner_node-4] [32miter(+1)=21,time(ms)=0.098,total_t(ms)=0.099,cost=0.044
[scan_planner_node-4] [0mfirst_optimize_step_success=1
[scan_planner_node-4] total time:[42m0.000286[0m,optimize:0.000229,refine:5.69e-05
[scan_planner_node-4] final_plan_success=1
[scan_planner_node-4] [FSM]: from REPLAN_TRAJ to EXEC_TRAJ
[closed_loop_controller-6] [INFO] [1786010885.795055572] [closed_loop_controller]: Received trajectory 616, duration 6.400s
[scan_planner_node-4] [FSM]: from EXEC_TRAJ to REPLAN_TRAJ
[scan_planner_node-4] 
[scan_planner_node-4] [rebo replan]: -------------------------------------636
[scan_planner_node-4] start: -5.84  5.09  1.37, -0.0286  -0.179 -0.0604
[scan_planner_node-4] goal:   -6  1.47 0.516, 0 0 0
[scan_planner_node-4] [32miter(+1)=20,time(ms)=0.086,total_t(ms)=0.086,cost=0.084
[scan_planner_node-4] [0mfirst_optimize_step_success=1
[scan_planner_node-4] Need to reallocate time.
[scan_planner_node-4] total time:[42m0.000497[0m,optimize:0.000198,refine:0.000299
[scan_planner_node-4] final_plan_success=1
[scan_planner_node-4] [FSM]: from REPLAN_TRAJ to EXEC_TRAJ
[closed_loop_controller-6] [INFO] [1786010885.883104911] [closed_loop_controller]: Received trajectory 617, duration 7.439s
[scan_planner_node-4] [FSM]: from EXEC_TRAJ to REPLAN_TRAJ
[scan_planner_node-4] 
[scan_planner_node-4] [rebo replan]: -------------------------------------637
[scan_planner_node-4] start: -5.84  5.03  1.36, -0.00968   -0.183   -0.093
[scan_planner_node-4] goal:   -6  1.47 0.516, 0 0 0
[scan_planner_node-4] [32miter(+1)=21,time(ms)=0.105,total_t(ms)=0.105,cost=0.051
[scan_planner_node-4] [0mfirst_optimize_step_success=1
[scan_planner_node-4] Need to reallocate time.
[scan_planner_node-4] total time:[42m0.000528[0m,optimize:0.000226,refine:0.000302
[scan_planner_node-4] final_plan_success=1
[scan_planner_node-4] [FSM]: from REPLAN_TRAJ to EXEC_TRAJ
[closed_loop_controller-6] [INFO] [1786010885.996354598] [closed_loop_controller]: Received trajectory 618, duration 7.243s
[scan_planner_node-4] [FSM]: from EXEC_TRAJ to REPLAN_TRAJ
[scan_planner_node-4] 
[scan_planner_node-4] [rebo replan]: -------------------------------------638
[scan_planner_node-4] start: -5.83  4.98  1.35, 0.00222  -0.193  -0.112
[scan_planner_node-4] goal:   -6  1.47 0.516, 0 0 0
[scan_planner_node-4] [32miter(+1)=20,time(ms)=0.081,total_t(ms)=0.081,cost=0.036
[scan_planner_node-4] [0mfirst_optimize_step_success=1
[scan_planner_node-4] total time:[42m0.000247[0m,optimize:0.000202,refine:4.46e-05
[scan_planner_node-4] final_plan_success=1
[scan_planner_node-4] [FSM]: from REPLAN_TRAJ to EXEC_TRAJ
[closed_loop_controller-6] [INFO] [1786010886.082742648] [closed_loop_controller]: Received trajectory 619, duration 6.080s
[scan_planner_node-4] [INFO] [1786010886.157937012] [scan_planner_node]: [MapDecay] decayed=544 cleared=379 active_occupied=3992
[scan_planner_node-4] [FSM]: from EXEC_TRAJ to REPLAN_TRAJ
[scan_planner_node-4] 
[scan_planner_node-4] [rebo replan]: -------------------------------------639
[scan_planner_node-4] start: -5.83  4.93  1.33, 0.0162 -0.226  -0.13
[scan_planner_node-4] goal:   -6  1.29 0.474, 0 0 0
[scan_planner_node-4] [32miter(+1)=33,time(ms)=0.202,total_t(ms)=0.202,cost=0.046
[scan_planner_node-4] [0mfirst_optimize_step_success=1
[scan_planner_node-4] Need to reallocate time.
[scan_planner_node-4] total time:[42m0.000589[0m,optimize:0.000377,refine:0.000212
[scan_planner_node-4] final_plan_success=1
[scan_planner_node-4] [FSM]: from REPLAN_TRAJ to EXEC_TRAJ
[closed_loop_controller-6] [INFO] [1786010886.196823940] [closed_loop_controller]: Received trajectory 620, duration 7.227s
[scan_planner_node-4] [FSM]: from EXEC_TRAJ to REPLAN_TRAJ
[scan_planner_node-4] 
[scan_planner_node-4] [rebo replan]: -------------------------------------640
[scan_planner_node-4] start: -5.82  4.88  1.32, 0.0241 -0.252 -0.139
[scan_planner_node-4] goal:   -6  1.29 0.474, 0 0 0
[scan_planner_node-4] [32miter(+1)=34,time(ms)=0.209,total_t(ms)=0.209,cost=0.027
[scan_planner_node-4] [0mfirst_optimize_step_success=1
[scan_planner_node-4] total time:[42m0.000495[0m,optimize:0.000423,refine:7.22e-05
[scan_planner_node-4] final_plan_success=1
[scan_planner_node-4] [FSM]: from REPLAN_TRAJ to EXEC_TRAJ
[closed_loop_controller-6] [INFO] [1786010886.283147406] [closed_loop_controller]: Received trajectory 621, duration 6.080s
[scan_planner_node-4] [FSM]: from EXEC_TRAJ to REPLAN_TRAJ
[scan_planner_node-4] 
[scan_planner_node-4] [rebo replan]: -------------------------------------641
[scan_planner_node-4] start: -5.82  4.82  1.31, 0.0322 -0.294 -0.145
[scan_planner_node-4] goal:   -6  1.29 0.474, 0 0 0
[scan_planner_node-4] [32miter(+1)=20,time(ms)=0.092,total_t(ms)=0.092,cost=0.030
[scan_planner_node-4] [0mfirst_optimize_step_success=1
[scan_planner_node-4] total time:[42m0.000274[0m,optimize:0.000232,refine:4.23e-05
[scan_planner_node-4] final_plan_success=1
[scan_planner_node-4] [FSM]: from REPLAN_TRAJ to EXEC_TRAJ
[closed_loop_controller-6] [INFO] [1786010886.394599569] [closed_loop_controller]: Received trajectory 622, duration 6.080s
[scan_planner_node-4] [FSM]: from EXEC_TRAJ to REPLAN_TRAJ
[scan_planner_node-4] 
[scan_planner_node-4] [rebo replan]: -------------------------------------642
[scan_planner_node-4] start: -5.81  4.76   1.3, 0.0365 -0.335 -0.146
[scan_planner_node-4] goal:   -6  1.29 0.474, 0 0 0
[scan_planner_node-4] [32miter(+1)=31,time(ms)=0.132,total_t(ms)=0.132,cost=0.061
[scan_planner_node-4] [0mfirst_optimize_step_success=1
[scan_planner_node-4] Need to reallocate time.
[scan_planner_node-4] total time:[42m0.000467[0m,optimize:0.000247,refine:0.00022
[scan_planner_node-4] final_plan_success=1
[scan_planner_node-4] [FSM]: from REPLAN_TRAJ to EXEC_TRAJ
[closed_loop_controller-6] [INFO] [1786010886.492115978] [closed_loop_controller]: Received trajectory 623, duration 7.093s
[scan_planner_node-4] [FSM]: from EXEC_TRAJ to REPLAN_TRAJ
[scan_planner_node-4] 
[scan_planner_node-4] [rebo replan]: -------------------------------------643
[scan_planner_node-4] start: -5.81  4.71  1.28, 0.0385 -0.372 -0.145
[scan_planner_node-4] goal:   -6  1.29 0.474, 0 0 0
[scan_planner_node-4] [32miter(+1)=25,time(ms)=0.099,total_t(ms)=0.099,cost=0.043
[scan_planner_node-4] [0mfirst_optimize_step_success=1
[scan_planner_node-4] total time:[42m0.000256[0m,optimize:0.000215,refine:4.08e-05
[scan_planner_node-4] final_plan_success=1
[scan_planner_node-4] [FSM]: from REPLAN_TRAJ to EXEC_TRAJ
[closed_loop_controller-6] [INFO] [1786010886.597963054] [closed_loop_controller]: Received trajectory 624, duration 5.760s
[scan_planner_node-4] [FSM]: from EXEC_TRAJ to REPLAN_TRAJ
[scan_planner_node-4] 
[scan_planner_node-4] [rebo replan]: -------------------------------------644
[scan_planner_node-4] start: -5.8 4.63 1.26, 0.0371 -0.421 -0.143
[scan_planner_node-4] goal:   -6  1.29 0.474, 0 0 0
[scan_planner_node-4] [32miter(+1)=21,time(ms)=0.080,total_t(ms)=0.080,cost=0.029
[scan_planner_node-4] [0mfirst_optimize_step_success=1
[scan_planner_node-4] total time:[42m0.00025[0m,optimize:0.000206,refine:4.36e-05
[scan_planner_node-4] final_plan_success=1
[scan_planner_node-4] [FSM]: from REPLAN_TRAJ to EXEC_TRAJ
[closed_loop_controller-6] [INFO] [1786010886.743388898] [closed_loop_controller]: Received trajectory 625, duration 5.760s
[scan_planner_node-4] [FSM]: from EXEC_TRAJ to REPLAN_TRAJ
[scan_planner_node-4] 
[scan_planner_node-4] [rebo replan]: -------------------------------------645
[scan_planner_node-4] start: -5.8 4.57 1.24, 0.0326 -0.458 -0.142
[scan_planner_node-4] goal:   -6  1.02 0.405, 0 0 0
[scan_planner_node-4] [32miter(+1)=26,time(ms)=0.154,total_t(ms)=0.155,cost=0.035
[scan_planner_node-4] [0mfirst_optimize_step_success=1
[scan_planner_node-4] total time:[42m0.000436[0m,optimize:0.000365,refine:7.1e-05
[scan_planner_node-4] final_plan_success=1
[scan_planner_node-4] [FSM]: from REPLAN_TRAJ to EXEC_TRAJ
[closed_loop_controller-6] [INFO] [1786010886.856633182] [closed_loop_controller]: Received trajectory 626, duration 6.080s
[scan_planner_node-4] [FSM]: from EXEC_TRAJ to REPLAN_TRAJ
[scan_planner_node-4] 
[scan_planner_node-4] [rebo replan]: -------------------------------------646
[scan_planner_node-4] start: -5.79  4.51  1.23, 0.0272 -0.492 -0.141
[scan_planner_node-4] goal:   -6  1.02 0.405, 0 0 0
[scan_planner_node-4] [32miter(+1)=32,time(ms)=0.189,total_t(ms)=0.190,cost=0.071
[scan_planner_node-4] [0mfirst_optimize_step_success=1
[scan_planner_node-4] Need to reallocate time.
[scan_planner_node-4] total time:[42m0.000638[0m,optimize:0.000357,refine:0.000281
[scan_planner_node-4] final_plan_success=1
[scan_planner_node-4] [FSM]: from REPLAN_TRAJ to EXEC_TRAJ
[closed_loop_controller-6] [INFO] [1786010886.961798590] [closed_loop_controller]: Received trajectory 627, duration 7.197s
[scan_planner_node-4] [INFO] [1786010887.025563995] [scan_planner_node]: [GridMapDiag] cloud=32768 accepted=16868 invalid=15900 below_sensor=0 outside_update=0 sensor_z=1.615 cutoff_z=2.615
[scan_planner_node-4] [FSM]: from EXEC_TRAJ to REPLAN_TRAJ
[scan_planner_node-4] 
[scan_planner_node-4] [rebo replan]: -------------------------------------647
[scan_planner_node-4] start: -5.79  4.45  1.21, 0.0212  -0.52 -0.141
[scan_planner_node-4] goal: -6   1 0.4, 0 0 0
[scan_planner_node-4] [32miter(+1)=31,time(ms)=0.131,total_t(ms)=0.131,cost=0.048
[scan_planner_node-4] [0mfirst_optimize_step_success=1
[scan_planner_node-4] Need to reallocate time.
[scan_planner_node-4] total time:[42m0.000496[0m,optimize:0.000258,refine:0.000238
[scan_planner_node-4] final_plan_success=1
[scan_planner_node-4] [FSM]: from REPLAN_TRAJ to EXEC_TRAJ
[closed_loop_controller-6] [INFO] [1786010887.068272471] [closed_loop_controller]: Received trajectory 628, duration 6.835s
[scan_planner_node-4] [FSM]: from EXEC_TRAJ to REPLAN_TRAJ
[scan_planner_node-4] [INFO] [1786010887.172303101] [scan_planner_node]: [MapDecay] decayed=730 cleared=298 active_occupied=5713
[scan_planner_node-4] 
[scan_planner_node-4] [rebo replan]: -------------------------------------648
[scan_planner_node-4] start: -5.79  4.38   1.2, 0.0154  -0.54 -0.139
[scan_planner_node-4] goal: -6   1 0.4, 0 0 0
[scan_planner_node-4] [32miter(+1)=24,time(ms)=0.096,total_t(ms)=0.097,cost=0.034
[scan_planner_node-4] [0mfirst_optimize_step_success=1
[scan_planner_node-4] total time:[42m0.000261[0m,optimize:0.000219,refine:4.22e-05
[scan_planner_node-4] final_plan_success=1
[scan_planner_node-4] [FSM]: from REPLAN_TRAJ to EXEC_TRAJ
[closed_loop_controller-6] [INFO] [1786010887.172764114] [closed_loop_controller]: Received trajectory 629, duration 5.760s
[scan_planner_node-4] [FSM]: from EXEC_TRAJ to REPLAN_TRAJ
[scan_planner_node-4] 
[scan_planner_node-4] [rebo replan]: -------------------------------------649
[scan_planner_node-4] start: -5.79   4.3  1.18, 0.00685  -0.559  -0.139
[scan_planner_node-4] goal: -6   1 0.4, 0 0 0
[scan_planner_node-4] [32miter(+1)=20,time(ms)=0.076,total_t(ms)=0.076,cost=0.024
[scan_planner_node-4] [0mfirst_optimize_step_success=1
[scan_planner_node-4] total time:[42m0.000243[0m,optimize:0.000196,refine:4.78e-05
[scan_planner_node-4] final_plan_success=1
[scan_planner_node-4] [FSM]: from REPLAN_TRAJ to EXEC_TRAJ
[closed_loop_controller-6] [INFO] [1786010887.310839923] [closed_loop_controller]: Received trajectory 630, duration 5.760s
[scan_planner_node-4] [FSM]: from EXEC_TRAJ to REPLAN_TRAJ
[scan_planner_node-4] 
[scan_planner_node-4] [rebo replan]: -------------------------------------650
[scan_planner_node-4] start: -5.79  4.22  1.16, -0.00261   -0.574    -0.14
[scan_planner_node-4] goal: -6   1 0.4, 0 0 0
[scan_planner_node-4] [32miter(+1)=27,time(ms)=0.113,total_t(ms)=0.113,cost=0.051
[scan_planner_node-4] [0mfirst_optimize_step_success=1
[scan_planner_node-4] total time:[42m0.000278[0m,optimize:0.000238,refine:3.98e-05
[scan_planner_node-4] final_plan_success=1
[scan_planner_node-4] [FSM]: from REPLAN_TRAJ to EXEC_TRAJ
[closed_loop_controller-6] [INFO] [1786010887.454555508] [closed_loop_controller]: Received trajectory 631, duration 5.440s
[scan_planner_node-4] [FSM]: from EXEC_TRAJ to REPLAN_TRAJ
[scan_planner_node-4] 
[scan_planner_node-4] [rebo replan]: -------------------------------------651
[scan_planner_node-4] start: -5.79  4.14  1.14, -0.0101  -0.585  -0.142
[scan_planner_node-4] goal: -6   1 0.4, 0 0 0
[scan_planner_node-4] [32miter(+1)=23,time(ms)=0.103,total_t(ms)=0.103,cost=0.028
[scan_planner_node-4] [0mfirst_optimize_step_success=1
[scan_planner_node-4] total time:[42m0.000272[0m,optimize:0.000232,refine:4.02e-05
[scan_planner_node-4] final_plan_success=1
[scan_planner_node-4] [FSM]: from REPLAN_TRAJ to EXEC_TRAJ
[closed_loop_controller-6] [INFO] [1786010887.583780926] [closed_loop_controller]: Received trajectory 632, duration 5.440s
[scan_planner_node-4] [FSM]: from EXEC_TRAJ to REPLAN_TRAJ
[scan_planner_node-4] 
[scan_planner_node-4] [rebo replan]: -------------------------------------652
[scan_planner_node-4] start: -5.79  4.08  1.13, -0.0162   -0.59  -0.142
[scan_planner_node-4] goal: -6   1 0.4, 0 0 0
[scan_planner_node-4] [32miter(+1)=26,time(ms)=0.100,total_t(ms)=0.101,cost=0.073
[scan_planner_node-4] [0mfirst_optimize_step_success=1
[scan_planner_node-4] Need to reallocate time.
[scan_planner_node-4] total time:[42m0.000441[0m,optimize:0.000205,refine:0.000237
[scan_planner_node-4] final_plan_success=1
[scan_planner_node-4] [FSM]: from REPLAN_TRAJ to EXEC_TRAJ
[closed_loop_controller-6] [INFO] [1786010887.697594560] [closed_loop_controller]: Received trajectory 633, duration 6.289s
[scan_planner_node-4] [FSM]: from EXEC_TRAJ to REPLAN_TRAJ
[scan_planner_node-4] 
[scan_planner_node-4] [rebo replan]: -------------------------------------653
[scan_planner_node-4] start: -5.79  3.98   1.1, -0.0235  -0.589  -0.141
[scan_planner_node-4] goal: -6   1 0.4, 0 0 0
[scan_planner_node-4] [32miter(+1)=26,time(ms)=0.111,total_t(ms)=0.112,cost=0.030
[scan_planner_node-4] [0mfirst_optimize_step_success=1
[scan_planner_node-4] total time:[42m0.000313[0m,optimize:0.000275,refine:3.81e-05
[scan_planner_node-4] final_plan_success=1
[scan_planner_node-4] [FSM]: from REPLAN_TRAJ to EXEC_TRAJ
[closed_loop_controller-6] [INFO] [1786010887.855754532] [closed_loop_controller]: Received trajectory 634, duration 5.120s
[scan_planner_node-4] [FSM]: state: EXEC_TRAJ
[scan_planner_node-4] [FSM]: from EXEC_TRAJ to REPLAN_TRAJ
[scan_planner_node-4] 
[scan_planner_node-4] [rebo replan]: -------------------------------------654
[scan_planner_node-4] start: -5.8 3.92 1.09, -0.0264   -0.59   -0.14
[scan_planner_node-4] goal: -6   1 0.4, 0 0 0
[scan_planner_node-4] [32miter(+1)=23,time(ms)=0.083,total_t(ms)=0.084,cost=0.026
[scan_planner_node-4] [0mfirst_optimize_step_success=1
[scan_planner_node-4] total time:[42m0.000231[0m,optimize:0.000194,refine:3.75e-05
[scan_planner_node-4] final_plan_success=1
[scan_planner_node-4] [FSM]: from REPLAN_TRAJ to EXEC_TRAJ
[closed_loop_controller-6] [INFO] [1786010887.953442866] [closed_loop_controller]: Received trajectory 635, duration 5.120s
[scan_planner_node-4] [FSM]: from EXEC_TRAJ to REPLAN_TRAJ
[scan_planner_node-4] 
[scan_planner_node-4] [rebo replan]: -------------------------------------655
[scan_planner_node-4] start: -5.8 3.86 1.08, -0.0281  -0.592   -0.14
[scan_planner_node-4] goal: -6   1 0.4, 0 0 0
[scan_planner_node-4] [32miter(+1)=24,time(ms)=0.090,total_t(ms)=0.090,cost=0.071
[scan_planner_node-4] [0mfirst_optimize_step_success=1
[scan_planner_node-4] Need to reallocate time.
[scan_planner_node-4] total time:[42m0.000399[0m,optimize:0.000207,refine:0.000192
[scan_planner_node-4] final_plan_success=1
[scan_planner_node-4] [FSM]: from REPLAN_TRAJ to EXEC_TRAJ
[closed_loop_controller-6] [INFO] [1786010888.051025207] [closed_loop_controller]: Received trajectory 636, duration 5.795s
[scan_planner_node-4] [FSM]: from EXEC_TRAJ to REPLAN_TRAJ
[scan_planner_node-4] 
[scan_planner_node-4] [rebo replan]: -------------------------------------656
[scan_planner_node-4] start: -5.8  3.8 1.06, -0.0295  -0.591   -0.14
[scan_planner_node-4] goal: -6   1 0.4, 0 0 0
[scan_planner_node-4] [32miter(+1)=23,time(ms)=0.081,total_t(ms)=0.082,cost=0.040
[scan_planner_node-4] [0mfirst_optimize_step_success=1
[scan_planner_node-4] total time:[42m0.000233[0m,optimize:0.000195,refine:3.77e-05
[scan_planner_node-4] final_plan_success=1
[scan_planner_node-4] [FSM]: from REPLAN_TRAJ to EXEC_TRAJ
[closed_loop_controller-6] [INFO] [1786010888.156634254] [closed_loop_controller]: Received trajectory 637, duration 4.800s
[scan_planner_node-4] [FSM]: from EXEC_TRAJ to REPLAN_TRAJ
[scan_planner_node-4] [INFO] [1786010888.242712071] [scan_planner_node]: [MapDecay] decayed=492 cleared=164 active_occupied=6292
[scan_planner_node-4] 
[scan_planner_node-4] [rebo replan]: -------------------------------------657
[scan_planner_node-4] start: -5.81  3.71  1.04, -0.0295  -0.594   -0.14
[scan_planner_node-4] goal: -6   1 0.4, 0 0 0
[scan_planner_node-4] [32miter(+1)=23,time(ms)=0.094,total_t(ms)=0.095,cost=0.021
[scan_planner_node-4] [0mfirst_optimize_step_success=1
[scan_planner_node-4] total time:[42m0.000241[0m,optimize:0.000203,refine:3.82e-05
[scan_planner_node-4] final_plan_success=1
[scan_planner_node-4] [FSM]: from REPLAN_TRAJ to EXEC_TRAJ
[closed_loop_controller-6] [INFO] [1786010888.299816383] [closed_loop_controller]: Received trajectory 638, duration 4.800s
[scan_planner_node-4] [FSM]: from EXEC_TRAJ to REPLAN_TRAJ
[scan_planner_node-4] 
[scan_planner_node-4] [rebo replan]: -------------------------------------658
[scan_planner_node-4] start: -5.81  3.62  1.02, -0.0271  -0.607  -0.141
[scan_planner_node-4] goal: -6   1 0.4, 0 0 0
[scan_planner_node-4] [32miter(+1)=28,time(ms)=0.136,total_t(ms)=0.136,cost=0.044
[scan_planner_node-4] [0mfirst_optimize_step_success=1
[scan_planner_node-4] total time:[42m0.000323[0m,optimize:0.000279,refine:4.41e-05
[scan_planner_node-4] final_plan_success=1
[scan_planner_node-4] [FSM]: from REPLAN_TRAJ to EXEC_TRAJ
[closed_loop_controller-6] [INFO] [1786010888.450619871] [closed_loop_controller]: Received trajectory 639, duration 4.480s
[scan_planner_node-4] [FSM]: from EXEC_TRAJ to REPLAN_TRAJ
[scan_planner_node-4] 
[scan_planner_node-4] [rebo replan]: -------------------------------------659
[scan_planner_node-4] start: -5.81  3.57  1.01, -0.0258  -0.613  -0.141
[scan_planner_node-4] goal: -6   1 0.4, 0 0 0
[scan_planner_node-4] [32miter(+1)=27,time(ms)=0.118,total_t(ms)=0.119,cost=0.025
[scan_planner_node-4] [0mfirst_optimize_step_success=1
[scan_planner_node-4] total time:[42m0.000281[0m,optimize:0.000241,refine:4.06e-05
[scan_planner_node-4] final_plan_success=1
[scan_planner_node-4] [FSM]: from REPLAN_TRAJ to EXEC_TRAJ
[closed_loop_controller-6] [INFO] [1786010888.545263514] [closed_loop_controller]: Received trajectory 640, duration 4.480s
[scan_planner_node-4] [FSM]: from EXEC_TRAJ to REPLAN_TRAJ
[scan_planner_node-4] 
[scan_planner_node-4] [rebo replan]: -------------------------------------660
[scan_planner_node-4] start: -5.82  3.48 0.985, -0.0257  -0.611  -0.142
[scan_planner_node-4] goal: -6   1 0.4, 0 0 0
[scan_planner_node-4] [32miter(+1)=35,time(ms)=0.117,total_t(ms)=0.117,cost=0.060
[scan_planner_node-4] [0mfirst_optimize_step_success=1
[scan_planner_node-4] Need to reallocate time.
[scan_planner_node-4] total time:[42m0.000364[0m,optimize:0.000216,refine:0.000148
[scan_planner_node-4] final_plan_success=1
[scan_planner_node-4] [FSM]: from REPLAN_TRAJ to EXEC_TRAJ
[closed_loop_controller-6] [INFO] [1786010888.689381882] [closed_loop_controller]: Received trajectory 641, duration 5.020s
[scan_planner_node-4] [FSM]: from EXEC_TRAJ to REPLAN_TRAJ
[scan_planner_node-4] 
[scan_planner_node-4] [rebo replan]: -------------------------------------661
[scan_planner_node-4] start: -5.82  3.42 0.972, -0.0244  -0.607  -0.141
[scan_planner_node-4] goal: -6   1 0.4, 0 0 0
[scan_planner_node-4] [32miter(+1)=25,time(ms)=0.106,total_t(ms)=0.106,cost=0.043
[scan_planner_node-4] [0mfirst_optimize_step_success=1
[scan_planner_node-4] total time:[42m0.00023[0m,optimize:0.000198,refine:3.18e-05
[scan_planner_node-4] final_plan_success=1
[scan_planner_node-4] [FSM]: from REPLAN_TRAJ to EXEC_TRAJ
[closed_loop_controller-6] [INFO] [1786010888.782774837] [closed_loop_controller]: Received trajectory 642, duration 4.160s
[scan_planner_node-4] [FSM]: from EXEC_TRAJ to REPLAN_TRAJ
[scan_planner_node-4] 
[scan_planner_node-4] [rebo replan]: -------------------------------------662
[scan_planner_node-4] start: -5.82  3.36 0.958, -0.0212    -0.6  -0.141
[scan_planner_node-4] goal: -6   1 0.4, 0 0 0
[scan_planner_node-4] [32miter(+1)=23,time(ms)=0.085,total_t(ms)=0.086,cost=0.027
[scan_planner_node-4] [0mfirst_optimize_step_success=1
[scan_planner_node-4] total time:[42m0.000198[0m,optimize:0.000168,refine:2.97e-05
[scan_planner_node-4] final_plan_success=1
[scan_planner_node-4] [FSM]: from REPLAN_TRAJ to EXEC_TRAJ
[closed_loop_controller-6] [INFO] [1786010888.883088716] [closed_loop_controller]: Received trajectory 643, duration 4.160s
[scan_planner_node-4] [FSM]: from EXEC_TRAJ to REPLAN_TRAJ
[scan_planner_node-4] 
[scan_planner_node-4] [rebo replan]: -------------------------------------663
[scan_planner_node-4] start: -5.82  3.29 0.942, -0.0166  -0.591   -0.14
[scan_planner_node-4] goal: -6   1 0.4, 0 0 0
[scan_planner_node-4] [32miter(+1)=33,time(ms)=0.109,total_t(ms)=0.109,cost=0.074
[scan_planner_node-4] [0mfirst_optimize_step_success=1
[scan_planner_node-4] Need to reallocate time.
[scan_planner_node-4] total time:[42m0.000337[0m,optimize:0.000203,refine:0.000134
[scan_planner_node-4] final_plan_success=1
[scan_planner_node-4] [FSM]: from REPLAN_TRAJ to EXEC_TRAJ
[closed_loop_controller-6] [INFO] [1786010888.995292481] [closed_loop_controller]: Received trajectory 644, duration 4.670s
[scan_planner_node-4] [FSM]: from EXEC_TRAJ to REPLAN_TRAJ
[scan_planner_node-4] [INFO] [1786010889.146721547] [scan_planner_node]: [GridMapDiag] cloud=32768 accepted=22693 invalid=10075 below_sensor=0 outside_update=0 sensor_z=1.275 cutoff_z=2.275
[scan_planner_node-4] 
[scan_planner_node-4] [rebo replan]: -------------------------------------664
[scan_planner_node-4] start: -5.82   3.2 0.921, -0.00584   -0.578   -0.139
[scan_planner_node-4] goal: -6   1 0.4, 0 0 0
[scan_planner_node-4] [32miter(+1)=21,time(ms)=0.094,total_t(ms)=0.094,cost=0.041
[scan_planner_node-4] [0mfirst_optimize_step_success=1
[scan_planner_node-4] total time:[42m0.000251[0m,optimize:0.000209,refine:4.12e-05
[scan_planner_node-4] final_plan_success=1
[scan_planner_node-4] [FSM]: from REPLAN_TRAJ to EXEC_TRAJ
[closed_loop_controller-6] [INFO] [1786010889.149189700] [closed_loop_controller]: Received trajectory 645, duration 3.840s
[scan_planner_node-4] [FSM]: from EXEC_TRAJ to REPLAN_TRAJ
[scan_planner_node-4] 
[scan_planner_node-4] [rebo replan]: -------------------------------------665
[scan_planner_node-4] start: -5.82  3.14 0.907, 0.00274  -0.572  -0.138
[scan_planner_node-4] goal: -6   1 0.4, 0 0 0
[scan_planner_node-4] [32miter(+1)=24,time(ms)=0.073,total_t(ms)=0.073,cost=0.028
[scan_planner_node-4] [0mfirst_optimize_step_success=1
[scan_planner_node-4] total time:[42m0.000198[0m,optimize:0.00016,refine:3.84e-05
[scan_planner_node-4] final_plan_success=1
[scan_planner_node-4] [FSM]: from REPLAN_TRAJ to EXEC_TRAJ
[closed_loop_controller-6] [INFO] [1786010889.243048158] [closed_loop_controller]: Received trajectory 646, duration 3.840s
[scan_planner_node-4] [FSM]: from EXEC_TRAJ to REPLAN_TRAJ
[scan_planner_node-4] 
[scan_planner_node-4] [rebo replan]: -------------------------------------666
[scan_planner_node-4] start: -5.82  3.08 0.894, 0.0114 -0.565 -0.138
[scan_planner_node-4] goal: -6   1 0.4, 0 0 0
[scan_planner_node-4] [32miter(+1)=25,time(ms)=0.080,total_t(ms)=0.080,cost=0.078
[scan_planner_node-4] [0mfirst_optimize_step_success=1
[scan_planner_node-4] Need to reallocate time.
[scan_planner_node-4] total time:[42m0.000279[0m,optimize:0.000157,refine:0.000121
[scan_planner_node-4] final_plan_success=1
[scan_planner_node-4] [FSM]: from REPLAN_TRAJ to EXEC_TRAJ
[closed_loop_controller-6] [INFO] [1786010889.337606265] [closed_loop_controller]: Received trajectory 647, duration 4.226s
[scan_planner_node-4] [INFO] [1786010889.343804443] [scan_planner_node]: [MapDecay] decayed=472 cleared=268 active_occupied=7199
[scan_planner_node-4] [FSM]: from EXEC_TRAJ to REPLAN_TRAJ
[scan_planner_node-4] 
[scan_planner_node-4] [rebo replan]: -------------------------------------667
[scan_planner_node-4] start: -5.82  3.02 0.878, 0.0234 -0.558 -0.138
[scan_planner_node-4] goal: -6   1 0.4, 0 0 0
[scan_planner_node-4] [32miter(+1)=29,time(ms)=0.088,total_t(ms)=0.088,cost=0.040
[scan_planner_node-4] [0mfirst_optimize_step_success=1
[scan_planner_node-4] total time:[42m0.000217[0m,optimize:0.00019,refine:2.72e-05
[scan_planner_node-4] final_plan_success=1
[scan_planner_node-4] [FSM]: from REPLAN_TRAJ to EXEC_TRAJ
[closed_loop_controller-6] [INFO] [1786010889.451649924] [closed_loop_controller]: Received trajectory 648, duration 3.520s
[scan_planner_node-4] [FSM]: from EXEC_TRAJ to REPLAN_TRAJ
[scan_planner_node-4] 
[scan_planner_node-4] [rebo replan]: -------------------------------------668
[scan_planner_node-4] start: -5.82  2.95 0.863, 0.0396 -0.561 -0.137
[scan_planner_node-4] goal: -6   1 0.4, 0 0 0
[scan_planner_node-4] [32miter(+1)=28,time(ms)=0.091,total_t(ms)=0.091,cost=0.021
[scan_planner_node-4] [0mfirst_optimize_step_success=1
[scan_planner_node-4] total time:[42m0.00022[0m,optimize:0.000194,refine:2.64e-05
[scan_planner_node-4] final_plan_success=1
[scan_planner_node-4] [FSM]: from REPLAN_TRAJ to EXEC_TRAJ
[closed_loop_controller-6] [INFO] [1786010889.564169142] [closed_loop_controller]: Received trajectory 649, duration 3.520s
[scan_planner_node-4] [FSM]: from EXEC_TRAJ to REPLAN_TRAJ
[scan_planner_node-4] 
[scan_planner_node-4] [rebo replan]: -------------------------------------669
[scan_planner_node-4] start: -5.81  2.86 0.842,  0.068  -0.58 -0.139
[scan_planner_node-4] goal: -6   1 0.4, 0 0 0
[scan_planner_node-4] [32miter(+1)=24,time(ms)=0.065,total_t(ms)=0.065,cost=0.063
[scan_planner_node-4] [0mfirst_optimize_step_success=1
[scan_planner_node-4] Need to reallocate time.
[scan_planner_node-4] total time:[42m0.00028[0m,optimize:0.000137,refine:0.000143
[scan_planner_node-4] final_plan_success=1
[scan_planner_node-4] [FSM]: from REPLAN_TRAJ to EXEC_TRAJ
[closed_loop_controller-6] [INFO] [1786010889.708578216] [closed_loop_controller]: Received trajectory 650, duration 3.714s
[scan_planner_node-4] [FSM]: from EXEC_TRAJ to REPLAN_TRAJ
[scan_planner_node-4] 
[scan_planner_node-4] [rebo replan]: -------------------------------------670
[scan_planner_node-4] start:  -5.8  2.78 0.824,  0.093 -0.602 -0.139
[scan_planner_node-4] goal: -6   1 0.4, 0 0 0
[scan_planner_node-4] [32miter(+1)=24,time(ms)=0.101,total_t(ms)=0.102,cost=0.029
[scan_planner_node-4] [0mfirst_optimize_step_success=1
[scan_planner_node-4] total time:[42m0.000228[0m,optimize:0.000203,refine:2.57e-05
[scan_planner_node-4] final_plan_success=1
[scan_planner_node-4] [FSM]: from REPLAN_TRAJ to EXEC_TRAJ
[closed_loop_controller-6] [INFO] [1786010889.844390339] [closed_loop_controller]: Received trajectory 651, duration 3.200s
[scan_planner_node-4] [FSM]: from EXEC_TRAJ to REPLAN_TRAJ
[scan_planner_node-4] 
[scan_planner_node-4] [rebo replan]: -------------------------------------671
[scan_planner_node-4] start: -5.78   2.7 0.804,  0.115 -0.627 -0.139
[scan_planner_node-4] goal: -6   1 0.4, 0 0 0
[scan_planner_node-4] [32miter(+1)=20,time(ms)=0.076,total_t(ms)=0.076,cost=0.089
[scan_planner_node-4] [0mfirst_optimize_step_success=1
[scan_planner_node-4] Need to reallocate time.
[scan_planner_node-4] total time:[42m0.000337[0m,optimize:0.00017,refine:0.000168
[scan_planner_node-4] final_plan_success=1
[scan_planner_node-4] [FSM]: from REPLAN_TRAJ to EXEC_TRAJ
[closed_loop_controller-6] [INFO] [1786010889.988019532] [closed_loop_controller]: Received trajectory 652, duration 3.398s
[scan_planner_node-4] [FSM]: from EXEC_TRAJ to REPLAN_TRAJ
[scan_planner_node-4] 
[scan_planner_node-4] [rebo replan]: -------------------------------------672
[scan_planner_node-4] start: -5.77  2.63 0.788,  0.129 -0.647 -0.139
[scan_planner_node-4] goal: -6   1 0.4, 0 0 0
[scan_planner_node-4] [32miter(+1)=21,time(ms)=0.056,total_t(ms)=0.056,cost=0.049
[scan_planner_node-4] [0mfirst_optimize_step_success=1
[scan_planner_node-4] total time:[42m0.000146[0m,optimize:0.000123,refine:2.23e-05
[scan_planner_node-4] final_plan_success=1
[scan_planner_node-4] [FSM]: from REPLAN_TRAJ to EXEC_TRAJ
[closed_loop_controller-6] [INFO] [1786010890.098281440] [closed_loop_controller]: Received trajectory 653, duration 2.880s
[scan_planner_node-4] [FSM]: from EXEC_TRAJ to REPLAN_TRAJ
[scan_planner_node-4] 
[scan_planner_node-4] [rebo replan]: -------------------------------------673
[scan_planner_node-4] start: -5.76  2.57 0.775,  0.136 -0.664 -0.138
[scan_planner_node-4] goal: -6   1 0.4, 0 0 0
[scan_planner_node-4] [32miter(+1)=24,time(ms)=0.093,total_t(ms)=0.094,cost=0.030
[scan_planner_node-4] [0mfirst_optimize_step_success=1
[scan_planner_node-4] total time:[42m0.000215[0m,optimize:0.000186,refine:2.98e-05
[scan_planner_node-4] final_plan_success=1
[scan_planner_node-4] [FSM]: from REPLAN_TRAJ to EXEC_TRAJ
[closed_loop_controller-6] [INFO] [1786010890.194358578] [closed_loop_controller]: Received trajectory 654, duration 2.880s
[scan_planner_node-4] [FSM]: from EXEC_TRAJ to REPLAN_TRAJ
[scan_planner_node-4] [INFO] [1786010890.350841669] [scan_planner_node]: [MapDecay] decayed=799 cleared=453 active_occupied=7739
[scan_planner_node-4] 
[scan_planner_node-4] [rebo replan]: -------------------------------------674
[scan_planner_node-4] start: -5.74  2.47 0.753,  0.142 -0.694 -0.139
[scan_planner_node-4] goal: -6   1 0.4, 0 0 0
[scan_planner_node-4] [32miter(+1)=18,time(ms)=0.049,total_t(ms)=0.049,cost=0.080
[scan_planner_node-4] [0mfirst_optimize_step_success=1
[scan_planner_node-4] Need to reallocate time.
[scan_planner_node-4] total time:[42m0.000283[0m,optimize:0.000159,refine:0.000124
[scan_planner_node-4] final_plan_success=1
[scan_planner_node-4] [FSM]: from REPLAN_TRAJ to EXEC_TRAJ
[closed_loop_controller-6] [INFO] [1786010890.351542761] [closed_loop_controller]: Received trajectory 655, duration 2.931s
[scan_planner_node-4] [FSM]: from EXEC_TRAJ to REPLAN_TRAJ
[scan_planner_node-4] 
[scan_planner_node-4] [rebo replan]: -------------------------------------675
[scan_planner_node-4] start: -5.71  2.35 0.727,  0.131 -0.725 -0.138
[scan_planner_node-4] goal: -6   1 0.4, 0 0 0
[scan_planner_node-4] [32miter(+1)=19,time(ms)=0.049,total_t(ms)=0.049,cost=0.024
[scan_planner_node-4] [0mfirst_optimize_step_success=1
[scan_planner_node-4] total time:[42m0.000138[0m,optimize:0.000115,refine:2.23e-05
[scan_planner_node-4] final_plan_success=1
[scan_planner_node-4] [FSM]: from REPLAN_TRAJ to EXEC_TRAJ
[closed_loop_controller-6] [INFO] [1786010890.534669173] [closed_loop_controller]: Received trajectory 656, duration 2.560s
[scan_planner_node-4] [FSM]: from EXEC_TRAJ to REPLAN_TRAJ
[scan_planner_node-4] 
[scan_planner_node-4] [rebo replan]: -------------------------------------676
[scan_planner_node-4] start:  -5.7  2.26 0.708,  0.108 -0.739 -0.137
[scan_planner_node-4] goal: -6   1 0.4, 0 0 0
[scan_planner_node-4] [32miter(+1)=15,time(ms)=0.036,total_t(ms)=0.037,cost=0.083
[scan_planner_node-4] [0mfirst_optimize_step_success=1
[scan_planner_node-4] Need to reallocate time.
[scan_planner_node-4] total time:[42m0.000174[0m,optimize:9.59e-05,refine:7.77e-05
[scan_planner_node-4] final_plan_success=1
[scan_planner_node-4] [FSM]: from REPLAN_TRAJ to EXEC_TRAJ
[closed_loop_controller-6] [INFO] [1786010890.673731396] [closed_loop_controller]: Received trajectory 657, duration 2.518s
[scan_planner_node-4] [FSM]: from EXEC_TRAJ to REPLAN_TRAJ
[scan_planner_node-4] 
[scan_planner_node-4] [rebo replan]: -------------------------------------677
[scan_planner_node-4] start: -5.69   2.2 0.693, 0.0847  -0.75 -0.138
[scan_planner_node-4] goal: -6   1 0.4, 0 0 0
[scan_planner_node-4] [32miter(+1)=16,time(ms)=0.061,total_t(ms)=0.062,cost=0.046
[scan_planner_node-4] [0mfirst_optimize_step_success=1
[scan_planner_node-4] Need to reallocate time.
[scan_planner_node-4] total time:[42m0.000246[0m,optimize:0.000138,refine:0.000107
[scan_planner_node-4] final_plan_success=1
[scan_planner_node-4] [FSM]: from REPLAN_TRAJ to EXEC_TRAJ
[closed_loop_controller-6] [INFO] [1786010890.780221683] [closed_loop_controller]: Received trajectory 658, duration 2.461s
[scan_planner_node-4] [FSM]: from EXEC_TRAJ to REPLAN_TRAJ
[scan_planner_node-4] 
[scan_planner_node-4] [rebo replan]: -------------------------------------678
[scan_planner_node-4] start: -5.68  2.14 0.679, 0.0591 -0.757 -0.138
[scan_planner_node-4] goal: -6   1 0.4, 0 0 0
[scan_planner_node-4] [32miter(+1)=15,time(ms)=0.065,total_t(ms)=0.066,cost=0.028
[scan_planner_node-4] [0mfirst_optimize_step_success=1
[scan_planner_node-4] total time:[42m0.000175[0m,optimize:0.000149,refine:2.6e-05
[scan_planner_node-4] final_plan_success=1
[scan_planner_node-4] [FSM]: from REPLAN_TRAJ to EXEC_TRAJ
[closed_loop_controller-6] [INFO] [1786010890.876143010] [closed_loop_controller]: Received trajectory 659, duration 2.240s
[scan_planner_node-4] [FSM]: from EXEC_TRAJ to REPLAN_TRAJ
[scan_planner_node-4] 
[scan_planner_node-4] [rebo replan]: -------------------------------------679
[scan_planner_node-4] start: -5.68  2.08 0.665, 0.0301 -0.759 -0.138
[scan_planner_node-4] goal: -6   1 0.4, 0 0 0
[scan_planner_node-4] [32miter(+1)=13,time(ms)=0.074,total_t(ms)=0.074,cost=0.108
[scan_planner_node-4] [0mfirst_optimize_step_success=1
[scan_planner_node-4] Need to reallocate time.
[scan_planner_node-4] total time:[42m0.000321[0m,optimize:0.000162,refine:0.000158
[scan_planner_node-4] final_plan_success=1
[scan_planner_node-4] [FSM]: from REPLAN_TRAJ to EXEC_TRAJ
[closed_loop_controller-6] [INFO] [1786010890.975678484] [closed_loop_controller]: Received trajectory 660, duration 2.173s
[scan_planner_node-4] [FSM]: from EXEC_TRAJ to REPLAN_TRAJ
[scan_planner_node-4] 
[scan_planner_node-4] [rebo replan]: -------------------------------------680
[scan_planner_node-4] start: -5.68     2 0.648, -0.00882   -0.765   -0.138
[scan_planner_node-4] goal: -6   1 0.4, 0 0 0
[scan_planner_node-4] [32miter(+1)=14,time(ms)=0.029,total_t(ms)=0.029,cost=0.058
[scan_planner_node-4] [0mfirst_optimize_step_success=1
[scan_planner_node-4] Need to reallocate time.
[scan_planner_node-4] total time:[42m0.000149[0m,optimize:8.11e-05,refine:6.8e-05
[scan_planner_node-4] final_plan_success=1
[scan_planner_node-4] [FSM]: from REPLAN_TRAJ to EXEC_TRAJ
[closed_loop_controller-6] [INFO] [1786010891.098534194] [closed_loop_controller]: Received trajectory 661, duration 2.122s
[scan_planner_node-4] [FSM]: from EXEC_TRAJ to REPLAN_TRAJ
[scan_planner_node-4] [INFO] [1786010891.181555533] [scan_planner_node]: [GridMapDiag] cloud=32768 accepted=27664 invalid=5104 below_sensor=0 outside_update=0 sensor_z=0.944 cutoff_z=1.944
[scan_planner_node-4] 
[scan_planner_node-4] [rebo replan]: -------------------------------------681
[scan_planner_node-4] start: -5.68  1.95 0.636, -0.0376  -0.767  -0.138
[scan_planner_node-4] goal: -6   1 0.4, 0 0 0
[scan_planner_node-4] [32miter(+1)=14,time(ms)=0.040,total_t(ms)=0.040,cost=0.040
[scan_planner_node-4] [0mfirst_optimize_step_success=1
[scan_planner_node-4] Need to reallocate time.
[scan_planner_node-4] total time:[42m0.000201[0m,optimize:0.000107,refine:9.36e-05
[scan_planner_node-4] final_plan_success=1
[scan_planner_node-4] [FSM]: from REPLAN_TRAJ to EXEC_TRAJ
[closed_loop_controller-6] [INFO] [1786010891.182699710] [closed_loop_controller]: Received trajectory 662, duration 2.097s
[scan_planner_node-4] [FSM]: from EXEC_TRAJ to REPLAN_TRAJ
[scan_planner_node-4] 
[scan_planner_node-4] [rebo replan]: -------------------------------------682
[scan_planner_node-4] start: -5.69  1.88 0.621, -0.0735  -0.767  -0.137
[scan_planner_node-4] goal: -6   1 0.4, 0 0 0
[scan_planner_node-4] [32miter(+1)=18,time(ms)=0.043,total_t(ms)=0.044,cost=0.012
[scan_planner_node-4] [0mfirst_optimize_step_success=1
[scan_planner_node-4] total time:[42m0.000122[0m,optimize:0.000102,refine:2.01e-05
[scan_planner_node-4] final_plan_success=1
[scan_planner_node-4] [FSM]: from REPLAN_TRAJ to EXEC_TRAJ
[closed_loop_controller-6] [INFO] [1786010891.287056960] [closed_loop_controller]: Received trajectory 663, duration 2.560s
[scan_planner_node-4] [FSM]: from EXEC_TRAJ to REPLAN_TRAJ
[scan_planner_node-4] 
[scan_planner_node-4] [rebo replan]: -------------------------------------683
[scan_planner_node-4] start:  -5.7  1.83 0.609, -0.106 -0.754  -0.13
[scan_planner_node-4] goal: -6   1 0.4, 0 0 0
[scan_planner_node-4] [32miter(+1)=19,time(ms)=0.048,total_t(ms)=0.048,cost=0.006
[scan_planner_node-4] [0mfirst_optimize_step_success=1
[scan_planner_node-4] total time:[42m0.000143[0m,optimize:0.000122,refine:2.08e-05
[scan_planner_node-4] final_plan_success=1
[scan_planner_node-4] [FSM]: from REPLAN_TRAJ to EXEC_TRAJ
[closed_loop_controller-6] [INFO] [1786010891.400187122] [closed_loop_controller]: Received trajectory 664, duration 2.560s
[scan_planner_node-4] [INFO] [1786010891.463927607] [scan_planner_node]: [MapDecay] decayed=1784 cleared=734 active_occupied=8289
[scan_planner_node-4] [FSM]: from EXEC_TRAJ to REPLAN_TRAJ
[scan_planner_node-4] 
[scan_planner_node-4] [rebo replan]: -------------------------------------684
[scan_planner_node-4] start:  -5.7  1.78 0.599, -0.125 -0.736 -0.119
[scan_planner_node-4] goal: -6   1 0.4, 0 0 0
[scan_planner_node-4] [32miter(+1)=18,time(ms)=0.061,total_t(ms)=0.061,cost=0.012
[scan_planner_node-4] [0mfirst_optimize_step_success=1
[scan_planner_node-4] total time:[42m0.00017[0m,optimize:0.00014,refine:3.01e-05
[scan_planner_node-4] final_plan_success=1
[scan_planner_node-4] [FSM]: from REPLAN_TRAJ to EXEC_TRAJ
[closed_loop_controller-6] [INFO] [1786010891.502910474] [closed_loop_controller]: Received trajectory 665, duration 2.240s
[scan_planner_node-4] [FSM]: from EXEC_TRAJ to REPLAN_TRAJ
[scan_planner_node-4] 
[scan_planner_node-4] [rebo replan]: -------------------------------------685
[scan_planner_node-4] start: -5.72   1.7 0.582, -0.143 -0.706 -0.104
[scan_planner_node-4] goal: -6   1 0.4, 0 0 0
[scan_planner_node-4] [32miter(+1)=15,time(ms)=0.047,total_t(ms)=0.047,cost=0.021
[scan_planner_node-4] [0mfirst_optimize_step_success=1
[scan_planner_node-4] total time:[42m0.000149[0m,optimize:0.00012,refine:2.92e-05
[scan_planner_node-4] final_plan_success=1
[scan_planner_node-4] [FSM]: from REPLAN_TRAJ to EXEC_TRAJ
[closed_loop_controller-6] [INFO] [1786010891.660450351] [closed_loop_controller]: Received trajectory 666, duration 1.920s
[scan_planner_node-4] [FSM]: from EXEC_TRAJ to REPLAN_TRAJ
[scan_planner_node-4] 
[scan_planner_node-4] [rebo replan]: -------------------------------------686
[scan_planner_node-4] start: -5.73  1.63 0.568,  -0.156  -0.674 -0.0954
[scan_planner_node-4] goal: -6   1 0.4, 0 0 0
[scan_planner_node-4] [32miter(+1)=14,time(ms)=0.032,total_t(ms)=0.033,cost=0.008
[scan_planner_node-4] [0mfirst_optimize_step_success=1
[scan_planner_node-4] total time:[42m0.000104[0m,optimize:8.5e-05,refine:1.93e-05
[scan_planner_node-4] final_plan_success=1
[scan_planner_node-4] [FSM]: from REPLAN_TRAJ to EXEC_TRAJ
[closed_loop_controller-6] [INFO] [1786010891.798739474] [closed_loop_controller]: Received trajectory 667, duration 1.920s
[scan_planner_node-4] [FSM]: from EXEC_TRAJ to REPLAN_TRAJ
[scan_planner_node-4] 
[scan_planner_node-4] [rebo replan]: -------------------------------------687
[scan_planner_node-4] start: -5.75  1.56 0.554,   -0.17  -0.638 -0.0935
[scan_planner_node-4] goal: -6   1 0.4, 0 0 0
[scan_planner_node-4] [32miter(+1)=17,time(ms)=0.040,total_t(ms)=0.041,cost=0.005
[scan_planner_node-4] [0mfirst_optimize_step_success=1
[scan_planner_node-4] total time:[42m0.000116[0m,optimize:9.64e-05,refine:1.94e-05
[scan_planner_node-4] final_plan_success=1
[scan_planner_node-4] [FSM]: from REPLAN_TRAJ to EXEC_TRAJ
[closed_loop_controller-6] [INFO] [1786010891.940043576] [closed_loop_controller]: Received trajectory 668, duration 2.560s
[scan_planner_node-4] [FSM]: from EXEC_TRAJ to REPLAN_TRAJ
[scan_planner_node-4] 
[scan_planner_node-4] [rebo replan]: -------------------------------------688
[scan_planner_node-4] start: -5.76  1.52 0.546,  -0.174  -0.601 -0.0901
[scan_planner_node-4] goal: -6   1 0.4, 0 0 0
[scan_planner_node-4] [32miter(+1)=17,time(ms)=0.054,total_t(ms)=0.054,cost=0.002
[scan_planner_node-4] [0mfirst_optimize_step_success=1
[scan_planner_node-4] total time:[42m0.000187[0m,optimize:0.000156,refine:3.05e-05
[scan_planner_node-4] final_plan_success=1
[scan_planner_node-4] [FSM]: from REPLAN_TRAJ to EXEC_TRAJ
[closed_loop_controller-6] [INFO] [1786010892.057037958] [closed_loop_controller]: Received trajectory 669, duration 2.560s
[scan_planner_node-4] [FSM]: from EXEC_TRAJ to REPLAN_TRAJ
[scan_planner_node-4] 
[scan_planner_node-4] [rebo replan]: -------------------------------------689
[scan_planner_node-4] start: -5.78  1.45 0.534,  -0.17 -0.547 -0.079
[scan_planner_node-4] goal: -6   1 0.4, 0 0 0
[scan_planner_node-4] [32miter(+1)=13,time(ms)=0.028,total_t(ms)=0.028,cost=0.002
[scan_planner_node-4] [0mfirst_optimize_step_success=1
[scan_planner_node-4] total time:[42m9.67e-05[0m,optimize:7.75e-05,refine:1.92e-05
[scan_planner_node-4] final_plan_success=1
[scan_planner_node-4] [FSM]: from REPLAN_TRAJ to EXEC_TRAJ
[closed_loop_controller-6] [INFO] [1786010892.220409666] [closed_loop_controller]: Received trajectory 670, duration 2.240s
[scan_planner_node-4] [FSM]: from EXEC_TRAJ to REPLAN_TRAJ
[scan_planner_node-4] 
[scan_planner_node-4] [rebo replan]: -------------------------------------690
[scan_planner_node-4] start:  -5.8   1.4 0.523,  -0.159  -0.498 -0.0709
[scan_planner_node-4] goal: -6   1 0.4, 0 0 0
[scan_planner_node-4] [32miter(+1)=11,time(ms)=0.025,total_t(ms)=0.026,cost=0.004
[scan_planner_node-4] [0mfirst_optimize_step_success=1
[scan_planner_node-4] total time:[42m9.81e-05[0m,optimize:7.84e-05,refine:1.97e-05
[scan_planner_node-4] final_plan_success=1
[scan_planner_node-4] [FSM]: from REPLAN_TRAJ to EXEC_TRAJ
[closed_loop_controller-6] [INFO] [1786010892.367510910] [closed_loop_controller]: Received trajectory 671, duration 1.920s
[scan_planner_node-4] [FSM]: state: EXEC_TRAJ
[scan_planner_node-4] [FSM]: from EXEC_TRAJ to REPLAN_TRAJ
[scan_planner_node-4] [INFO] [1786010892.470563339] [scan_planner_node]: [MapDecay] decayed=1169 cleared=424 active_occupied=9856
[scan_planner_node-4] 
[scan_planner_node-4] [rebo replan]: -------------------------------------691
[scan_planner_node-4] start: -5.81  1.37 0.515,  -0.151  -0.463 -0.0686
[scan_planner_node-4] goal: -6   1 0.4, 0 0 0
[scan_planner_node-4] [32miter(+1)=15,time(ms)=0.036,total_t(ms)=0.036,cost=0.003
[scan_planner_node-4] [0mfirst_optimize_step_success=1
[scan_planner_node-4] total time:[42m0.000128[0m,optimize:0.000107,refine:2.11e-05
[scan_planner_node-4] final_plan_success=1
[scan_planner_node-4] [FSM]: from REPLAN_TRAJ to EXEC_TRAJ
[closed_loop_controller-6] [INFO] [1786010892.470991327] [closed_loop_controller]: Received trajectory 672, duration 2.560s
[terrain_path_visualizer-10] [INFO] [1786010892.493712547] [terrain_path_segmenter]: Visualization advanced to segment 8/8
[scan_planner_node-4] [FSM]: from EXEC_TRAJ to REPLAN_TRAJ
[scan_planner_node-4] [INFO] [1786010892.626350802] [scan_planner_node]: [MapRefresh] Cleared occupancy and inflation for a new reference path; observation_sequence=573
[scan_planner_node-4] [INFO] [1786010892.626398959] [scan_planner_node]: [MapRefresh] Deferred reference path until 2 fresh map observations have been fused (target_sequence=575)
[scan_planner_node-4] [INFO] [1786010892.914612418] [scan_planner_node]: [MapRefresh] Fresh map ready at observation_sequence=575; accepting deferred reference path
[scan_planner_node-4] [INFO] [1786010893.101514446] [scan_planner_node]: Reference path accepted
[scan_planner_node-4] 
[scan_planner_node-4] [rebo replan]: -------------------------------------692
[scan_planner_node-4] start: -5.88  1.16 0.485, -0.107 -0.311 -0.043
[scan_planner_node-4] goal:  -8.5 -0.158    0.4, -0.00208   -0.748        0
[scan_planner_node-4] iter=5,time(ms)=0.239,rebound.
[scan_planner_node-4] [32miter(+1)=24,time(ms)=0.123,total_t(ms)=0.367,cost=0.081
[scan_planner_node-4] [0mfirst_optimize_step_success=1
[scan_planner_node-4] Need to reallocate time.
[scan_planner_node-4] total time:[42m0.00086[0m,optimize:0.00052,refine:0.00034
[scan_planner_node-4] final_plan_success=1
[closed_loop_controller-6] [INFO] [1786010893.102761412] [closed_loop_controller]: Received trajectory 673, duration 6.143s
[scan_planner_node-4] [FSM]: from REPLAN_TRAJ to EXEC_TRAJ
[scan_planner_node-4] [FSM]: from EXEC_TRAJ to REPLAN_TRAJ
[scan_planner_node-4] [INFO] [1786010893.205245264] [scan_planner_node]: [GridMapDiag] cloud=32768 accepted=27523 invalid=5245 below_sensor=0 outside_update=0 sensor_z=0.707 cutoff_z=1.707
[scan_planner_node-4] 
[scan_planner_node-4] [rebo replan]: -------------------------------------693
[scan_planner_node-4] start: -5.89  1.13 0.485,  -0.108  -0.278 -0.0458
[scan_planner_node-4] goal:  -8.5 -0.158    0.4, -0.00208   -0.748        0
[scan_planner_node-4] [32miter(+1)=21,time(ms)=0.099,total_t(ms)=0.100,cost=0.019
[scan_planner_node-4] [0mfirst_optimize_step_success=1
[scan_planner_node-4] total time:[42m0.000284[0m,optimize:0.00024,refine:4.36e-05
[scan_planner_node-4] final_plan_success=1
[scan_planner_node-4] [FSM]: from REPLAN_TRAJ to EXEC_TRAJ
[closed_loop_controller-6] [INFO] [1786010893.206107351] [closed_loop_controller]: Received trajectory 674, duration 5.440s
[scan_planner_node-4] [FSM]: from EXEC_TRAJ to REPLAN_TRAJ
[scan_planner_node-4] 
[scan_planner_node-4] [rebo replan]: -------------------------------------694
[scan_planner_node-4] start: -5.93  1.08 0.483,  -0.134  -0.245 -0.0396
[scan_planner_node-4] goal:  -8.5 -0.158    0.4, -0.00208   -0.748        0
[scan_planner_node-4] [32miter(+1)=18,time(ms)=0.080,total_t(ms)=0.080,cost=0.016
[scan_planner_node-4] [0mfirst_optimize_step_success=1
[scan_planner_node-4] total time:[42m0.000247[0m,optimize:0.000206,refine:4.03e-05
[scan_planner_node-4] final_plan_success=1
[scan_planner_node-4] [FSM]: from REPLAN_TRAJ to EXEC_TRAJ
[closed_loop_controller-6] [INFO] [1786010893.323374773] [closed_loop_controller]: Received trajectory 675, duration 5.120s
[scan_planner_node-4] [FSM]: from EXEC_TRAJ to REPLAN_TRAJ
[scan_planner_node-4] 
[scan_planner_node-4] [rebo replan]: -------------------------------------695
[scan_planner_node-4] start: -5.98  1.04  0.48,  -0.177  -0.222 -0.0305
[scan_planner_node-4] goal:  -8.5 -0.158    0.4, -0.00208   -0.748        0
[scan_planner_node-4] [32miter(+1)=14,time(ms)=0.056,total_t(ms)=0.056,cost=0.015
[scan_planner_node-4] [0mfirst_optimize_step_success=1
[scan_planner_node-4] total time:[42m0.000236[0m,optimize:0.000193,refine:4.24e-05
[scan_planner_node-4] final_plan_success=1
[scan_planner_node-4] [FSM]: from REPLAN_TRAJ to EXEC_TRAJ
[closed_loop_controller-6] [INFO] [1786010893.436257598] [closed_loop_controller]: Received trajectory 676, duration 5.120s
[scan_planner_node-4] [FSM]: from EXEC_TRAJ to REPLAN_TRAJ
[scan_planner_node-4] 
[scan_planner_node-4] [rebo replan]: -------------------------------------696
[scan_planner_node-4] start: -6.03     1 0.478,  -0.224  -0.211 -0.0236
[scan_planner_node-4] goal:  -8.5 -0.158    0.4, -0.00208   -0.748        0
[scan_planner_node-4] [32miter(+1)=12,time(ms)=0.051,total_t(ms)=0.051,cost=0.017
[scan_planner_node-4] [0mfirst_optimize_step_success=1
[scan_planner_node-4] total time:[42m0.000216[0m,optimize:0.000168,refine:4.72e-05
[scan_planner_node-4] final_plan_success=1
[scan_planner_node-4] [FSM]: from REPLAN_TRAJ to EXEC_TRAJ
[closed_loop_controller-6] [INFO] [1786010893.532811627] [closed_loop_controller]: Received trajectory 677, duration 4.800s
[scan_planner_node-4] [FSM]: from EXEC_TRAJ to REPLAN_TRAJ
[scan_planner_node-4] 
[scan_planner_node-4] [rebo replan]: -------------------------------------697
[scan_planner_node-4] start: -6.06  0.98 0.477,  -0.253  -0.211 -0.0206
[scan_planner_node-4] goal:  -8.5 -0.158    0.4, -0.00208   -0.748        0
[scan_planner_node-4] [32miter(+1)=12,time(ms)=0.059,total_t(ms)=0.059,cost=0.012
[scan_planner_node-4] [0mfirst_optimize_step_success=1
[scan_planner_node-4] total time:[42m0.000227[0m,optimize:0.000189,refine:3.78e-05
[scan_planner_node-4] final_plan_success=1
[scan_planner_node-4] [FSM]: from REPLAN_TRAJ to EXEC_TRAJ
[closed_loop_controller-6] [INFO] [1786010893.583613005] [closed_loop_controller]: Received trajectory 678, duration 4.800s
[scan_planner_node-4] [INFO] [1786010893.666250875] [scan_planner_node]: [MapDecay] decayed=368 cleared=237 active_occupied=7254
[scan_planner_node-4] [FSM]: from EXEC_TRAJ to REPLAN_TRAJ
[scan_planner_node-4] 
[scan_planner_node-4] [rebo replan]: -------------------------------------698
[scan_planner_node-4] start: -6.12 0.942 0.475,  -0.319  -0.213 -0.0159
[scan_planner_node-4] goal:  -8.5 -0.333    0.4, 0.000876    -0.75        0
[scan_planner_node-4] [32miter(+1)=11,time(ms)=0.045,total_t(ms)=0.045,cost=0.008
[scan_planner_node-4] [0mfirst_optimize_step_success=1
[scan_planner_node-4] total time:[42m0.00021[0m,optimize:0.000172,refine:3.82e-05
[scan_planner_node-4] final_plan_success=1
[scan_planner_node-4] [FSM]: from REPLAN_TRAJ to EXEC_TRAJ
[closed_loop_controller-6] [INFO] [1786010893.709261347] [closed_loop_controller]: Received trajectory 679, duration 4.800s
[scan_planner_node-4] [FSM]: from EXEC_TRAJ to REPLAN_TRAJ
[scan_planner_node-4] 
[scan_planner_node-4] [rebo replan]: -------------------------------------699
[scan_planner_node-4] start: -6.18 0.906 0.473,  -0.387  -0.222 -0.0138
[scan_planner_node-4] goal:  -8.5 -0.333    0.4, 0.000876    -0.75        0
[scan_planner_node-4] [32miter(+1)=9,time(ms)=0.034,keep optimizing
[scan_planner_node-4] [0m[32miter(+1)=1,time(ms)=0.008,keep optimizing
[scan_planner_node-4] [0m[32miter(+1)=1,time(ms)=0.004,keep optimizing
[scan_planner_node-4] [0mfirst_optimize_step_success=0
[scan_planner_node-4] final_plan_success=0
[scan_planner_node-4] 
[scan_planner_node-4] [rebo replan]: -------------------------------------700
[scan_planner_node-4] start: -6.18 0.906 0.473,  -0.387  -0.222 -0.0138
[scan_planner_node-4] goal:  -8.5 -0.333    0.4, 0.000876    -0.75        0
[scan_planner_node-4] [WARN] [1786010893.846769667] [path_searching]: [AStarDiag] result=OPEN_SET_EMPTY start=[-7.440 0.492 0.441] end=[-7.672 0.584 0.435] adjusted_start=[-7.206 0.438 0.438] adjusted_end=[-7.606 0.588 0.438] iter=6985 occupied_rejects=924 pool_rejects=768 elapsed_ms=8.71
[scan_planner_node-4] [ERROR] [1786010893.846818505] [bspline_opt]: [ReplanDiag] init_control_points A-star failed ret=2 segment=1/2 ids=[7,8] start=[-7.440 0.492 0.441] end=[-7.672 0.584 0.435]
[scan_planner_node-4] [32miter(+1)=19,time(ms)=0.090,keep optimizing
[scan_planner_node-4] [WARN] [1786010893.855686428] [path_searching]: [AStarDiag] result=OPEN_SET_EMPTY start=[-7.440 0.477 0.441] end=[-7.675 0.577 0.435] adjusted_start=[-7.357 0.477 0.438] adjusted_end=[-7.607 0.577 0.438] iter=6971 occupied_rejects=979 pool_rejects=751 elapsed_ms=8.71
[scan_planner_node-4] [ERROR] [1786010893.855746155] [bspline_opt]: [ReplanDiag] init_control_points A-star failed ret=2 segment=1/2 ids=[7,8] start=[-7.440 0.477 0.441] end=[-7.675 0.577 0.435]
[scan_planner_node-4] [0m[32miter(+1)=10,time(ms)=0.060,keep optimizing
[scan_planner_node-4] [0m[32miter(+1)=13,time(ms)=0.093,total_t(ms)=17.950,cost=0.259
[scan_planner_node-4] [0mfirst_optimize_step_success=1
[scan_planner_node-4] Need to reallocate time.
[scan_planner_node-4] total time:[42m0.018[0m,optimize:0.018,refine:0.00028
[scan_planner_node-4] final_plan_success=1
[scan_planner_node-4] [FSM]: from REPLAN_TRAJ to EXEC_TRAJ
[scan_planner_node-4] 
[scan_planner_node-4] [rebo replan]: -------------------------------------701
[scan_planner_node-4] start: -6.18 0.904 0.473,  -0.388  -0.223 -0.0138
[scan_planner_node-4] goal:  -8.5 -0.333    0.4, 0.000876    -0.75        0
[closed_loop_controller-6] [INFO] [1786010893.856512824] [closed_loop_controller]: Received trajectory 680, duration 6.080s
[scan_planner_node-4] [WARN] [1786010893.857176435] [path_searching]: [AStarDiag] result=OPEN_SET_EMPTY start=[-7.639 0.558 0.439] end=[-7.812 0.659 0.435] adjusted_start=[-7.625 0.609 0.437] adjusted_end=[-7.925 0.759 0.437] iter=2 occupied_rejects=12 pool_rejects=0 elapsed_ms=0.01
[scan_planner_node-4] [ERROR] [1786010893.857198280] [bspline_opt]: [ReplanDiag] init_control_points A-star failed ret=2 segment=1/1 ids=[9,10] start=[-7.639 0.558 0.439] end=[-7.812 0.659 0.435]
[scan_planner_node-4] [WARN] [1786010893.857261200] [path_searching]: [AStarDiag] result=OPEN_SET_EMPTY start=[-7.636 0.559 0.439] end=[-7.999 0.759 0.430] adjusted_start=[-7.617 0.609 0.435] adjusted_end=[-7.967 0.759 0.435] iter=2 occupied_rejects=12 pool_rejects=0 elapsed_ms=0.01
[scan_planner_node-4] [ERROR] [1786010893.857274407] [bspline_opt]: [ReplanDiag] rebound A-star failed ret=2 segment=1/1 ids=[9,11] start=[-7.636 0.559 0.439] end=[-7.999 0.759 0.430]
[scan_planner_node-4] [WARN] [1786010893.857311533] [path_searching]: [AStarDiag] result=OPEN_SET_EMPTY start=[-7.634 0.569 0.439] end=[-8.001 0.758 0.430] adjusted_start=[-7.617 0.614 0.435] adjusted_end=[-7.967 0.764 0.435] iter=2 occupied_rejects=12 pool_rejects=0 elapsed_ms=0.00
[scan_planner_node-4] [ERROR] [1786010893.857322864] [bspline_opt]: [ReplanDiag] rebound A-star failed ret=2 segment=1/1 ids=[9,11] start=[-7.634 0.569 0.439] end=[-8.001 0.758 0.430]
[scan_planner_node-4] [WARN] [1786010893.857359728] [path_searching]: [AStarDiag] result=OPEN_SET_EMPTY start=[-7.635 0.575 0.439] end=[-8.003 0.750 0.430] adjusted_start=[-7.619 0.613 0.435] adjusted_end=[-7.969 0.763 0.435] iter=2 occupied_rejects=12 pool_rejects=0 elapsed_ms=0.00
[scan_planner_node-4] [ERROR] [1786010893.857372175] [bspline_opt]: [ReplanDiag] rebound A-star failed ret=2 segment=1/1 ids=[9,11] start=[-7.635 0.575 0.439] end=[-8.003 0.750 0.430]
[scan_planner_node-4] [WARN] [1786010893.857409169] [path_searching]: [AStarDiag] result=OPEN_SET_EMPTY start=[-7.633 0.580 0.439] end=[-8.004 0.747 0.430] adjusted_start=[-7.619 0.614 0.435] adjusted_end=[-7.969 0.764 0.435] iter=2 occupied_rejects=12 pool_rejects=0 elapsed_ms=0.00
[scan_planner_node-4] [ERROR] [1786010893.857421949] [bspline_opt]: [ReplanDiag] rebound A-star failed ret=2 segment=1/1 ids=[9,11] start=[-7.633 0.580 0.439] end=[-8.004 0.747 0.430]
[scan_planner_node-4] [WARN] [1786010893.857479255] [path_searching]: [AStarDiag] result=OPEN_SET_EMPTY start=[-7.634 0.582 0.439] end=[-8.005 0.743 0.430] adjusted_start=[-7.620 0.613 0.435] adjusted_end=[-7.970 0.763 0.435] iter=2 occupied_rejects=12 pool_rejects=0 elapsed_ms=0.00
[scan_planner_node-4] [ERROR] [1786010893.857498688] [bspline_opt]: [ReplanDiag] rebound A-star failed ret=2 segment=1/1 ids=[9,11] start=[-7.634 0.582 0.439] end=[-8.005 0.743 0.430]
[scan_planner_node-4] iter=6,time(ms)=0.0679,rebound.
[scan_planner_node-4] iter=5,time(ms)=0.0427,rebound.
[scan_planner_node-4] iter=5,time(ms)=0.0482,rebound.
[scan_planner_node-4] iter=5,time(ms)=0.054,rebound.
[scan_planner_node-4] iter=5,time(ms)=0.0697,rebound.
[scan_planner_node-4] [WARN] [1786010893.867302243] [path_searching]: [AStarDiag] result=OPEN_SET_EMPTY start=[-7.449 0.480 0.443] end=[-7.634 0.583 0.439] adjusted_start=[-7.291 0.431 0.441] adjusted_end=[-7.641 0.631 0.441] iter=6994 occupied_rejects=852 pool_rejects=765 elapsed_ms=9.72
[scan_planner_node-4] [ERROR] [1786010893.867350032] [bspline_opt]: [ReplanDiag] init_control_points A-star failed ret=2 segment=1/2 ids=[8,9] start=[-7.449 0.480 0.443] end=[-7.634 0.583 0.439]
[scan_planner_node-4] [32miter(+1)=3,time(ms)=0.014,keep optimizing
[scan_planner_node-4] [WARN] [1786010893.875665255] [path_searching]: [AStarDiag] result=OPEN_SET_EMPTY start=[-7.449 0.480 0.443] end=[-7.634 0.583 0.439] adjusted_start=[-7.291 0.431 0.441] adjusted_end=[-7.641 0.631 0.441] iter=6994 occupied_rejects=852 pool_rejects=765 elapsed_ms=8.21
[scan_planner_node-4] [ERROR] [1786010893.875707134] [bspline_opt]: [ReplanDiag] init_control_points A-star failed ret=2 segment=1/2 ids=[8,9] start=[-7.449 0.480 0.443] end=[-7.634 0.583 0.439]
[scan_planner_node-4] [0m[32miter(+1)=1,time(ms)=0.017,keep optimizing
[scan_planner_node-4] [WARN] [1786010893.884110467] [path_searching]: [AStarDiag] result=OPEN_SET_EMPTY start=[-7.449 0.480 0.443] end=[-7.634 0.583 0.439] adjusted_start=[-7.291 0.431 0.441] adjusted_end=[-7.641 0.631 0.441] iter=6994 occupied_rejects=852 pool_rejects=765 elapsed_ms=8.30
[scan_planner_node-4] [ERROR] [1786010893.884148487] [bspline_opt]: [ReplanDiag] init_control_points A-star failed ret=2 segment=1/2 ids=[8,9] start=[-7.449 0.480 0.443] end=[-7.634 0.583 0.439]
[scan_planner_node-4] [0m[32miter(+1)=1,time(ms)=0.015,keep optimizing
[scan_planner_node-4] [0mfirst_optimize_step_success=0
[scan_planner_node-4] final_plan_success=0
[scan_planner_node-4] 
[scan_planner_node-4] [rebo replan]: -------------------------------------702
[scan_planner_node-4] start: -6.18 0.904 0.473,  -0.388  -0.223 -0.0138
[scan_planner_node-4] goal:  -8.5 -0.333    0.4, 0.000876    -0.75        0
[scan_planner_node-4] [WARN] [1786010893.893118736] [path_searching]: [AStarDiag] result=OPEN_SET_EMPTY start=[-7.441 0.491 0.441] end=[-7.673 0.582 0.435] adjusted_start=[-7.207 0.437 0.438] adjusted_end=[-7.607 0.587 0.438] iter=6985 occupied_rejects=864 pool_rejects=768 elapsed_ms=8.46
[scan_planner_node-4] [ERROR] [1786010893.893166235] [bspline_opt]: [ReplanDiag] init_control_points A-star failed ret=2 segment=1/2 ids=[7,8] start=[-7.441 0.491 0.441] end=[-7.673 0.582 0.435]
[scan_planner_node-4] [32miter(+1)=19,time(ms)=0.091,keep optimizing
[scan_planner_node-4] [WARN] [1786010893.901878879] [path_searching]: [AStarDiag] result=OPEN_SET_EMPTY start=[-7.440 0.477 0.441] end=[-7.675 0.577 0.435] adjusted_start=[-7.358 0.477 0.438] adjusted_end=[-7.608 0.577 0.438] iter=6971 occupied_rejects=929 pool_rejects=751 elapsed_ms=8.59
[scan_planner_node-4] [ERROR] [1786010893.901935153] [bspline_opt]: [ReplanDiag] init_control_points A-star failed ret=2 segment=1/2 ids=[7,8] start=[-7.440 0.477 0.441] end=[-7.675 0.577 0.435]
[scan_planner_node-4] [0m[32miter(+1)=9,time(ms)=0.050,keep optimizing
[scan_planner_node-4] [0m[32miter(+1)=15,time(ms)=0.077,total_t(ms)=17.526,cost=0.259
[scan_planner_node-4] [0mfirst_optimize_step_success=1
[scan_planner_node-4] Need to reallocate time.
[scan_planner_node-4] total time:[42m0.018[0m,optimize:0.018,refine:0.00024
[scan_planner_node-4] final_plan_success=1
[scan_planner_node-4] [SAFETY]: from EXEC_TRAJ to EXEC_TRAJ
[closed_loop_controller-6] [INFO] [1786010893.902791464] [closed_loop_controller]: Received trajectory 681, duration 6.041s
[scan_planner_node-4] 
[scan_planner_node-4] [rebo replan]: -------------------------------------703
[scan_planner_node-4] start: -6.21 0.886 0.472,  -0.423   -0.23 -0.0133
[scan_planner_node-4] goal:  -8.5 -0.333    0.4, 0.000876    -0.75        0
[scan_planner_node-4] [WARN] [1786010893.980166951] [path_searching]: [AStarDiag] result=OPEN_SET_EMPTY start=[-7.671 0.575 0.438] end=[-7.845 0.675 0.434] adjusted_start=[-7.658 0.625 0.436] adjusted_end=[-7.808 0.675 0.436] iter=2 occupied_rejects=12 pool_rejects=0 elapsed_ms=0.01
[scan_planner_node-4] [ERROR] [1786010893.980200045] [bspline_opt]: [ReplanDiag] init_control_points A-star failed ret=2 segment=1/1 ids=[9,10] start=[-7.671 0.575 0.438] end=[-7.845 0.675 0.434]
[scan_planner_node-4] [WARN] [1786010893.980264221] [path_searching]: [AStarDiag] result=OPEN_SET_EMPTY start=[-7.669 0.577 0.438] end=[-8.034 0.769 0.429] adjusted_start=[-7.651 0.623 0.434] adjusted_end=[-8.001 0.773 0.434] iter=2 occupied_rejects=12 pool_rejects=0 elapsed_ms=0.01
[scan_planner_node-4] [ERROR] [1786010893.980278979] [bspline_opt]: [ReplanDiag] rebound A-star failed ret=2 segment=1/1 ids=[9,11] start=[-7.669 0.577 0.438] end=[-8.034 0.769 0.429]
[scan_planner_node-4] iter=5,time(ms)=0.0617,rebound.
[scan_planner_node-4] iter=5,time(ms)=0.0653,rebound.
[scan_planner_node-4] [WARN] [1786010893.988921749] [path_searching]: [AStarDiag] result=OPEN_SET_EMPTY start=[-7.296 0.430 0.446] end=[-7.666 0.607 0.438] adjusted_start=[-7.281 0.468 0.442] adjusted_end=[-7.631 0.618 0.442] iter=7015 occupied_rejects=848 pool_rejects=756 elapsed_ms=8.54
[scan_planner_node-4] [ERROR] [1786010893.988963005] [bspline_opt]: [ReplanDiag] rebound A-star failed ret=2 segment=1/1 ids=[7,9] start=[-7.296 0.430 0.446] end=[-7.666 0.607 0.438]
[scan_planner_node-4] iter=5,time(ms)=8.64,rebound.
[scan_planner_node-4] [WARN] [1786010893.996972366] [path_searching]: [AStarDiag] result=OPEN_SET_EMPTY start=[-7.296 0.436 0.446] end=[-7.662 0.619 0.438] adjusted_start=[-7.229 0.477 0.442] adjusted_end=[-7.629 0.627 0.442] iter=6990 occupied_rejects=909 pool_rejects=753 elapsed_ms=7.92
[scan_planner_node-4] [ERROR] [1786010893.997008807] [bspline_opt]: [ReplanDiag] rebound A-star failed ret=2 segment=1/1 ids=[7,9] start=[-7.296 0.436 0.446] end=[-7.662 0.619 0.438]
[scan_planner_node-4] iter=5,time(ms)=8.04,rebound.
[scan_planner_node-4] [WARN] [1786010894.005622944] [path_searching]: [AStarDiag] result=OPEN_SET_EMPTY start=[-7.295 0.439 0.446] end=[-7.660 0.624 0.438] adjusted_start=[-7.228 0.481 0.442] adjusted_end=[-7.928 0.781 0.442] iter=6950 occupied_rejects=838 pool_rejects=759 elapsed_ms=8.52
[scan_planner_node-4] [ERROR] [1786010894.005695360] [bspline_opt]: [ReplanDiag] rebound A-star failed ret=2 segment=1/1 ids=[7,9] start=[-7.295 0.439 0.446] end=[-7.660 0.624 0.438]
[scan_planner_node-4] iter=5,time(ms)=8.68,rebound.
[scan_planner_node-4] iter=5,time(ms)=0.156,rebound.
[scan_planner_node-4] [32miter(+1)=4,time(ms)=0.013,keep optimizing
[scan_planner_node-4] [0m[32miter(+1)=44,time(ms)=0.250,keep optimizing
[scan_planner_node-4] [0m[32miter(+1)=14,time(ms)=0.058,keep optimizing
[scan_planner_node-4] [0mfirst_optimize_step_success=0
[scan_planner_node-4] final_plan_success=0
[scan_planner_node-4] 
[scan_planner_node-4] [rebo replan]: -------------------------------------704
[scan_planner_node-4] start: -6.21 0.886 0.472,  -0.423   -0.23 -0.0133
[scan_planner_node-4] goal:  -8.5 -0.333    0.4, 0.000876    -0.75        0
[scan_planner_node-4] [32miter(+1)=17,time(ms)=0.102,total_t(ms)=0.103,cost=0.024
[scan_planner_node-4] [0mfirst_optimize_step_success=1
[scan_planner_node-4] total time:[42m0.00039[0m,optimize:0.00034,refine:4.8e-05
[scan_planner_node-4] final_plan_success=1
[scan_planner_node-4] [SAFETY]: from EXEC_TRAJ to EXEC_TRAJ
[closed_loop_controller-6] [INFO] [1786010894.007306048] [closed_loop_controller]: Received trajectory 682, duration 4.800s
[scan_planner_node-4] [FSM]: from EXEC_TRAJ to REPLAN_TRAJ
[scan_planner_node-4] 
[scan_planner_node-4] [rebo replan]: -------------------------------------705
[scan_planner_node-4] start: -6.28 0.853  0.47, -0.478 -0.253 -0.013
[scan_planner_node-4] goal:  -8.5 -0.508    0.4, -0.000315     -0.75         0
[scan_planner_node-4] [32miter(+1)=13,time(ms)=0.082,total_t(ms)=0.082,cost=0.009
[scan_planner_node-4] [0mfirst_optimize_step_success=1
[scan_planner_node-4] total time:[42m0.000316[0m,optimize:0.00026,refine:5.55e-05
[scan_planner_node-4] final_plan_success=1
[scan_planner_node-4] [FSM]: from REPLAN_TRAJ to EXEC_TRAJ
[closed_loop_controller-6] [INFO] [1786010894.147208728] [closed_loop_controller]: Received trajectory 683, duration 5.120s
[scan_planner_node-4] [FSM]: from EXEC_TRAJ to REPLAN_TRAJ
[scan_planner_node-4] 
[scan_planner_node-4] [rebo replan]: -------------------------------------706
[scan_planner_node-4] start: -6.36 0.805 0.468,  -0.528  -0.284 -0.0133
[scan_planner_node-4] goal:  -8.5 -0.508    0.4, -0.000315     -0.75         0
[scan_planner_node-4] [32miter(+1)=11,time(ms)=0.071,total_t(ms)=0.072,cost=0.010
[scan_planner_node-4] [0mfirst_optimize_step_success=1
[scan_planner_node-4] total time:[42m0.000341[0m,optimize:0.000277,refine:6.37e-05
[scan_planner_node-4] final_plan_success=1
[scan_planner_node-4] [FSM]: from REPLAN_TRAJ to EXEC_TRAJ
[closed_loop_controller-6] [INFO] [1786010894.313929616] [closed_loop_controller]: Received trajectory 684, duration 4.800s
[scan_planner_node-4] [FSM]: from EXEC_TRAJ to REPLAN_TRAJ
[scan_planner_node-4] [WARN] [1786010894.463988178] [scan_planner_node]: Local target was adjusted to a nearby collision-free point
[scan_planner_node-4] 
[scan_planner_node-4] [rebo replan]: -------------------------------------707
[scan_planner_node-4] start: -6.44 0.761 0.466,   -0.55  -0.305 -0.0136
[scan_planner_node-4] goal:  -8.5 -0.508    0.4, -0.000315     -0.75         0
[scan_planner_node-4] [32miter(+1)=11,time(ms)=0.065,total_t(ms)=0.066,cost=0.010
[scan_planner_node-4] [0mfirst_optimize_step_success=1
[scan_planner_node-4] total time:[42m0.00032[0m,optimize:0.000263,refine:5.67e-05
[scan_planner_node-4] final_plan_success=1
[scan_planner_node-4] [FSM]: from REPLAN_TRAJ to EXEC_TRAJ
[closed_loop_controller-6] [INFO] [1786010894.464691108] [closed_loop_controller]: Received trajectory 685, duration 4.800s
[scan_planner_node-4] [FSM]: from EXEC_TRAJ to REPLAN_TRAJ
[scan_planner_node-4] 
[scan_planner_node-4] [rebo replan]: -------------------------------------708
[scan_planner_node-4] start: -6.53 0.712 0.464,  -0.559  -0.319 -0.0138
[scan_planner_node-4] goal:  -8.5 -0.508    0.4, -0.000315     -0.75         0
[scan_planner_node-4] [32miter(+1)=9,time(ms)=0.062,total_t(ms)=0.062,cost=0.009
[scan_planner_node-4] [0mfirst_optimize_step_success=1
[scan_planner_node-4] total time:[42m0.000378[0m,optimize:0.000323,refine:5.49e-05
[scan_planner_node-4] final_plan_success=1
[scan_planner_node-4] [FSM]: from REPLAN_TRAJ to EXEC_TRAJ
[closed_loop_controller-6] [INFO] [1786010894.621241157] [closed_loop_controller]: Received trajectory 686, duration 4.480s
[scan_planner_node-4] [INFO] [1786010894.715105883] [scan_planner_node]: [MapDecay] decayed=845 cleared=368 active_occupied=9082
[scan_planner_node-4] [FSM]: from EXEC_TRAJ to REPLAN_TRAJ
[scan_planner_node-4] 
[scan_planner_node-4] [rebo replan]: -------------------------------------709
[scan_planner_node-4] start: -6.62 0.664 0.462, -0.562 -0.325 -0.014
[scan_planner_node-4] goal:  -8.5 -0.508    0.4, -0.000315     -0.75         0
[scan_planner_node-4] [32miter(+1)=11,time(ms)=0.054,total_t(ms)=0.055,cost=0.010
[scan_planner_node-4] [0mfirst_optimize_step_success=1
[scan_planner_node-4] total time:[42m0.000282[0m,optimize:0.000235,refine:4.7e-05
[scan_planner_node-4] final_plan_success=1
[scan_planner_node-4] [FSM]: from REPLAN_TRAJ to EXEC_TRAJ
[closed_loop_controller-6] [INFO] [1786010894.775556196] [closed_loop_controller]: Received trajectory 687, duration 4.480s
[scan_planner_node-4] [FSM]: from EXEC_TRAJ to REPLAN_TRAJ
[scan_planner_node-4] 
[scan_planner_node-4] [rebo replan]: -------------------------------------710
[scan_planner_node-4] start:  -6.7 0.613 0.459,  -0.564   -0.32 -0.0142
[scan_planner_node-4] goal:  -8.5 -0.508    0.4, -0.000315     -0.75         0
[scan_planner_node-4] [32miter(+1)=11,time(ms)=0.050,total_t(ms)=0.050,cost=0.009
[scan_planner_node-4] [0mfirst_optimize_step_success=1
[scan_planner_node-4] total time:[42m0.000282[0m,optimize:0.000241,refine:4.12e-05
[scan_planner_node-4] final_plan_success=1
[scan_planner_node-4] [FSM]: from REPLAN_TRAJ to EXEC_TRAJ
[closed_loop_controller-6] [INFO] [1786010894.935273632] [closed_loop_controller]: Received trajectory 688, duration 4.160s
[scan_planner_node-4] [FSM]: from EXEC_TRAJ to REPLAN_TRAJ
[scan_planner_node-4] 
[scan_planner_node-4] [rebo replan]: -------------------------------------711
[scan_planner_node-4] start: -6.77 0.578 0.458,  -0.568  -0.307 -0.0143
[scan_planner_node-4] goal:  -8.5 -0.508    0.4, -0.000315     -0.75         0
[scan_planner_node-4] [32miter(+1)=12,time(ms)=0.053,total_t(ms)=0.053,cost=0.009
[scan_planner_node-4] [0mfirst_optimize_step_success=1
[scan_planner_node-4] total time:[42m0.000276[0m,optimize:0.000236,refine:4.04e-05
[scan_planner_node-4] final_plan_success=1
[scan_planner_node-4] [FSM]: from REPLAN_TRAJ to EXEC_TRAJ
[closed_loop_controller-6] [INFO] [1786010895.049689404] [closed_loop_controller]: Received trajectory 689, duration 4.160s
[scan_planner_node-4] [FSM]: from EXEC_TRAJ to REPLAN_TRAJ
[scan_planner_node-4] 
[scan_planner_node-4] [rebo replan]: -------------------------------------712
[scan_planner_node-4] start: -6.85 0.536 0.456,  -0.575  -0.277 -0.0144
[scan_planner_node-4] goal: -8.5 -1.38   0.4, -9.28e-06     -0.75         0
[scan_planner_node-4] [32miter(+1)=5,time(ms)=0.034,total_t(ms)=0.034,cost=0.009
[scan_planner_node-4] [0mfirst_optimize_step_success=1
[scan_planner_node-4] total time:[42m0.000325[0m,optimize:0.000263,refine:6.2e-05
[scan_planner_node-4] final_plan_success=1
[scan_planner_node-4] [FSM]: from REPLAN_TRAJ to EXEC_TRAJ
[closed_loop_controller-6] [INFO] [1786010895.195909228] [closed_loop_controller]: Received trajectory 690, duration 5.120s
[scan_planner_node-4] [INFO] [1786010895.278607751] [scan_planner_node]: [GridMapDiag] cloud=32768 accepted=27711 invalid=5057 below_sensor=0 outside_update=0 sensor_z=0.700 cutoff_z=1.700
[scan_planner_node-4] 
[scan_planner_node-4] [rebo replan]: -------------------------------------713
[scan_planner_node-4] start:  -6.9 0.514 0.455,   -0.58  -0.252 -0.0141
[scan_planner_node-4] goal: -8.5 -1.38   0.4, -9.28e-06     -0.75         0
[scan_planner_node-4] iter=5,time(ms)=0.0444,rebound.
[scan_planner_node-4] [32miter(+1)=18,time(ms)=0.079,total_t(ms)=0.128,cost=0.006
[scan_planner_node-4] [0mfirst_optimize_step_success=1
[scan_planner_node-4] total time:[42m0.0004[0m,optimize:0.00035,refine:4.6e-05
[scan_planner_node-4] final_plan_success=1
[scan_planner_node-4] [SAFETY]: from EXEC_TRAJ to EXEC_TRAJ
[closed_loop_controller-6] [INFO] [1786010895.279561287] [closed_loop_controller]: Received trajectory 691, duration 5.120s
[scan_planner_node-4] [FSM]: from EXEC_TRAJ to REPLAN_TRAJ
[scan_planner_node-4] 
[scan_planner_node-4] [rebo replan]: -------------------------------------714
[scan_planner_node-4] start: -6.98 0.482 0.453,  -0.587  -0.214 -0.0129
[scan_planner_node-4] goal: -8.5 -1.38   0.4, -9.28e-06     -0.75         0
[scan_planner_node-4] iter=5,time(ms)=0.265,rebound.
[scan_planner_node-4] [32miter(+1)=27,time(ms)=0.128,total_t(ms)=0.397,cost=0.247
[scan_planner_node-4] [0mfirst_optimize_step_success=1
[scan_planner_node-4] Need to reallocate time.
[scan_planner_node-4] total time:[42m0.00081[0m,optimize:0.00056,refine:0.00024
[scan_planner_node-4] final_plan_success=1
[scan_planner_node-4] [FSM]: from REPLAN_TRAJ to EXEC_TRAJ
[closed_loop_controller-6] [INFO] [1786010895.418785526] [closed_loop_controller]: Received trajectory 692, duration 6.654s
[scan_planner_node-4] [FSM]: from EXEC_TRAJ to REPLAN_TRAJ
[scan_planner_node-4] [WARN] [1786010895.606530619] [scan_planner_node]: Local target was adjusted to a nearby collision-free point
[scan_planner_node-4] 
[scan_planner_node-4] [rebo replan]: -------------------------------------715
[scan_planner_node-4] start: -7.09 0.446 0.451,  -0.587  -0.168 -0.0112
[scan_planner_node-4] goal: -8.5 -1.38   0.4, -9.28e-06     -0.75         0
[scan_planner_node-4] iter=5,time(ms)=0.2,rebound.
[scan_planner_node-4] [32miter(+1)=24,time(ms)=0.114,total_t(ms)=0.320,cost=0.232
[scan_planner_node-4] [0mfirst_optimize_step_success=1
[scan_planner_node-4] Need to reallocate time.
[scan_planner_node-4] total time:[42m0.00088[0m,optimize:0.00056,refine:0.00032
[scan_planner_node-4] final_plan_success=1
[scan_planner_node-4] [FSM]: from REPLAN_TRAJ to EXEC_TRAJ
[closed_loop_controller-6] [INFO] [1786010895.607733063] [closed_loop_controller]: Received trajectory 693, duration 6.660s
[scan_planner_node-4] [FSM]: from EXEC_TRAJ to REPLAN_TRAJ
[scan_planner_node-4] [INFO] [1786010895.750110426] [scan_planner_node]: [MapDecay] decayed=3245 cleared=893 active_occupied=8331
[scan_planner_node-4] 
[scan_planner_node-4] [rebo replan]: -------------------------------------716
[scan_planner_node-4] start: -7.17 0.424 0.449,   -0.58  -0.137 -0.0102
[scan_planner_node-4] goal: -8.5 -1.38   0.4, -9.28e-06     -0.75         0
[scan_planner_node-4] iter=12,time(ms)=0.331,rebound.
[scan_planner_node-4] [32miter(+1)=13,time(ms)=0.063,total_t(ms)=0.403,cost=0.241
[scan_planner_node-4] [0mfirst_optimize_step_success=1
[scan_planner_node-4] Need to reallocate time.
[scan_planner_node-4] total time:[42m0.000841[0m,optimize:0.000571,refine:0.00027
[scan_planner_node-4] final_plan_success=1
[scan_planner_node-4] [FSM]: from REPLAN_TRAJ to EXEC_TRAJ
[closed_loop_controller-6] [INFO] [1786010895.751277409] [closed_loop_controller]: Received trajectory 694, duration 6.657s
[scan_planner_node-4] [FSM]: from EXEC_TRAJ to REPLAN_TRAJ
[scan_planner_node-4] 
[scan_planner_node-4] [rebo replan]: -------------------------------------717
[scan_planner_node-4] start:  -7.3 0.399 0.447,   -0.564   -0.103 -0.00919
[scan_planner_node-4] goal: -8.5 -1.56   0.4, 5.11e-06    -0.75        0
[scan_planner_node-4] iter=5,time(ms)=0.206,rebound.
[scan_planner_node-4] [32miter(+1)=26,time(ms)=0.138,total_t(ms)=0.348,cost=0.209
[scan_planner_node-4] [0mfirst_optimize_step_success=1
[scan_planner_node-4] Need to reallocate time.
[scan_planner_node-4] total time:[42m0.00081[0m,optimize:0.00053,refine:0.00028
[scan_planner_node-4] final_plan_success=1
[scan_planner_node-4] [FSM]: from REPLAN_TRAJ to EXEC_TRAJ
[closed_loop_controller-6] [INFO] [1786010895.962153485] [closed_loop_controller]: Received trajectory 695, duration 6.601s
[scan_planner_node-4] [FSM]: from EXEC_TRAJ to REPLAN_TRAJ
[scan_planner_node-4] 
[scan_planner_node-4] [rebo replan]: -------------------------------------718
[scan_planner_node-4] start: -7.37 0.386 0.446,   -0.554  -0.0879 -0.00879
[scan_planner_node-4] goal: -8.5 -1.56   0.4, 5.11e-06    -0.75        0
[scan_planner_node-4] iter=10,time(ms)=0.19,rebound.
[scan_planner_node-4] [32miter(+1)=8,time(ms)=0.048,total_t(ms)=0.272,cost=0.158
[scan_planner_node-4] [0mfirst_optimize_step_success=1
[scan_planner_node-4] Need to reallocate time.
[scan_planner_node-4] total time:[42m0.00087[0m,optimize:0.00051,refine:0.00036
[scan_planner_node-4] final_plan_success=1
[closed_loop_controller-6] [INFO] [1786010896.084031983] [closed_loop_controller]: Received trajectory 696, duration 6.289s
[scan_planner_node-4] [FSM]: from REPLAN_TRAJ to EXEC_TRAJ
[scan_planner_node-4] [FSM]: from EXEC_TRAJ to REPLAN_TRAJ
[scan_planner_node-4] 
[scan_planner_node-4] [rebo replan]: -------------------------------------719
[scan_planner_node-4] start: -7.47 0.372 0.445,   -0.542  -0.0738 -0.00844
[scan_planner_node-4] goal: -8.5 -1.56   0.4, 5.11e-06    -0.75        0
[scan_planner_node-4] iter=5,time(ms)=0.0947,rebound.
[scan_planner_node-4] [32miter(+1)=16,time(ms)=0.070,keep optimizing
[scan_planner_node-4] [0m[32miter(+1)=10,time(ms)=0.039,total_t(ms)=0.250,cost=0.234
[scan_planner_node-4] [0mfirst_optimize_step_success=1
[scan_planner_node-4] Need to reallocate time.
[scan_planner_node-4] total time:[42m0.0006[0m,optimize:0.00038,refine:0.00022
[scan_planner_node-4] final_plan_success=1
[scan_planner_node-4] [FSM]: from REPLAN_TRAJ to EXEC_TRAJ
[closed_loop_controller-6] [INFO] [1786010896.248027227] [closed_loop_controller]: Received trajectory 697, duration 6.530s
[scan_planner_node-4] [FSM]: from EXEC_TRAJ to REPLAN_TRAJ
[scan_planner_node-4] 
[scan_planner_node-4] [rebo replan]: -------------------------------------720
[scan_planner_node-4] start: -7.54 0.363 0.444,   -0.536  -0.0675 -0.00831
[scan_planner_node-4] goal: -8.5 -1.73   0.4, -2.46e-06     -0.75         0
[scan_planner_node-4] iter=5,time(ms)=0.129,rebound.
[scan_planner_node-4] [32miter(+1)=14,time(ms)=0.051,keep optimizing
[scan_planner_node-4] [0m[32miter(+1)=8,time(ms)=0.024,total_t(ms)=0.243,cost=0.173
[scan_planner_node-4] [0mfirst_optimize_step_success=1
[scan_planner_node-4] Need to reallocate time.
[scan_planner_node-4] total time:[42m0.00059[0m,optimize:0.0004,refine:0.00019
[scan_planner_node-4] final_plan_success=1
[scan_planner_node-4] [FSM]: from REPLAN_TRAJ to EXEC_TRAJ
[closed_loop_controller-6] [INFO] [1786010896.365691776] [closed_loop_controller]: Received trajectory 698, duration 6.220s
[scan_planner_node-4] [FSM]: from EXEC_TRAJ to REPLAN_TRAJ
[scan_planner_node-4] 
[scan_planner_node-4] [rebo replan]: -------------------------------------721
[scan_planner_node-4] start: -7.63 0.352 0.442,   -0.531  -0.0625 -0.00821
[scan_planner_node-4] goal: -8.5 -1.73   0.4, -2.46e-06     -0.75         0
[scan_planner_node-4] iter=5,time(ms)=0.102,rebound.
[scan_planner_node-4] [32miter(+1)=7,time(ms)=0.020,keep optimizing
[scan_planner_node-4] [0m[32miter(+1)=11,time(ms)=0.043,total_t(ms)=0.202,cost=0.076
[scan_planner_node-4] [0mfirst_optimize_step_success=1
[scan_planner_node-4] Need to reallocate time.
[scan_planner_node-4] total time:[42m0.00057[0m,optimize:0.00034,refine:0.00023
[scan_planner_node-4] final_plan_success=1
[scan_planner_node-4] [FSM]: from REPLAN_TRAJ to EXEC_TRAJ
[closed_loop_controller-6] [INFO] [1786010896.531076355] [closed_loop_controller]: Received trajectory 699, duration 5.722s
[scan_planner_node-4] [FSM]: from EXEC_TRAJ to REPLAN_TRAJ
[scan_planner_node-4] 
[scan_planner_node-4] [rebo replan]: -------------------------------------722
[scan_planner_node-4] start: -7.71 0.343 0.441,   -0.528  -0.0613 -0.00817
[scan_planner_node-4] goal: -8.5 -1.91   0.4, 1.03e-06    -0.75        0
[scan_planner_node-4] [WARN] [1786010896.660036270] [path_searching]: [AStarDiag] result=OPEN_SET_EMPTY start=[-9.020 -0.646 0.418] end=[-8.859 -0.988 0.413] adjusted_start=[-8.990 -0.667 0.416] adjusted_end=[-8.840 -0.967 0.416] iter=7660 occupied_rejects=1046 pool_rejects=1088 elapsed_ms=8.05
[scan_planner_node-4] [ERROR] [1786010896.660075342] [bspline_opt]: [ReplanDiag] rebound A-star failed ret=2 segment=1/1 ids=[10,12] start=[-9.020 -0.646 0.418] end=[-8.859 -0.988 0.413]
[scan_planner_node-4] iter=5,time(ms)=8.15,rebound.
[scan_planner_node-4] [WARN] [1786010896.669442568] [path_searching]: [AStarDiag] result=OPEN_SET_EMPTY start=[-9.016 -0.646 0.418] end=[-8.857 -0.987 0.413] adjusted_start=[-8.987 -0.667 0.416] adjusted_end=[-8.837 -0.967 0.416] iter=7660 occupied_rejects=1046 pool_rejects=1088 elapsed_ms=9.29
[scan_planner_node-4] [ERROR] [1786010896.669499172] [bspline_opt]: [ReplanDiag] rebound A-star failed ret=2 segment=1/1 ids=[10,12] start=[-9.016 -0.646 0.418] end=[-8.857 -0.987 0.413]
[scan_planner_node-4] iter=5,time(ms)=9.43,rebound.
[scan_planner_node-4] [WARN] [1786010896.677494952] [path_searching]: [AStarDiag] result=OPEN_SET_EMPTY start=[-9.011 -0.645 0.418] end=[-8.856 -0.987 0.413] adjusted_start=[-8.984 -0.666 0.416] adjusted_end=[-8.834 -0.966 0.416] iter=7660 occupied_rejects=1046 pool_rejects=1088 elapsed_ms=7.90
[scan_planner_node-4] [ERROR] [1786010896.677524253] [bspline_opt]: [ReplanDiag] rebound A-star failed ret=2 segment=1/1 ids=[10,12] start=[-9.011 -0.645 0.418] end=[-8.856 -0.987 0.413]
[scan_planner_node-4] iter=5,time(ms)=7.99,rebound.
[scan_planner_node-4] [32miter(+1)=4,time(ms)=0.017,keep optimizing
[scan_planner_node-4] [0m[32miter(+1)=1,time(ms)=0.005,keep optimizing
[scan_planner_node-4] [0m[32miter(+1)=1,time(ms)=0.004,keep optimizing
[scan_planner_node-4] [0mfirst_optimize_step_success=0
[scan_planner_node-4] final_plan_success=0
[scan_planner_node-4] 
[scan_planner_node-4] [rebo replan]: -------------------------------------723
[scan_planner_node-4] start: -7.71 0.343 0.441,   -0.528  -0.0613 -0.00817
[scan_planner_node-4] goal: -8.5 -1.91   0.4, 1.03e-06    -0.75        0
[scan_planner_node-4] [32miter(+1)=1,time(ms)=0.006,keep optimizing
[scan_planner_node-4] [0m[32miter(+1)=1,time(ms)=0.005,keep optimizing
[scan_planner_node-4] [0m[32miter(+1)=1,time(ms)=0.007,keep optimizing
[scan_planner_node-4] [0mfirst_optimize_step_success=0
[scan_planner_node-4] final_plan_success=0
[scan_planner_node-4] 
[scan_planner_node-4] [rebo replan]: -------------------------------------724
[scan_planner_node-4] start: -7.71 0.343 0.441,   -0.528  -0.0613 -0.00817
[scan_planner_node-4] goal: -8.5 -1.91   0.4, 1.03e-06    -0.75        0
[scan_planner_node-4] iter=5,time(ms)=0.846,rebound.
[scan_planner_node-4] iter=13,time(ms)=0.2,rebound.
[scan_planner_node-4] [32miter(+1)=25,time(ms)=0.140,total_t(ms)=1.199,cost=0.417
[scan_planner_node-4] [0mfirst_optimize_step_success=1
[scan_planner_node-4] Need to reallocate time.
[scan_planner_node-4] total time:[42m0.0016[0m,optimize:0.0014,refine:0.00024
[scan_planner_node-4] final_plan_success=1
[scan_planner_node-4] [FSM]: from REPLAN_TRAJ to EXEC_TRAJ
[closed_loop_controller-6] [INFO] [1786010896.679798906] [closed_loop_controller]: Received trajectory 700, duration 6.072s
[scan_planner_node-4] [INFO] [1786010896.767470532] [scan_planner_node]: [MapDecay] decayed=2184 cleared=904 active_occupied=9463
[scan_planner_node-4] [FSM]: from EXEC_TRAJ to REPLAN_TRAJ
[scan_planner_node-4] 
[scan_planner_node-4] [rebo replan]: -------------------------------------725
[scan_planner_node-4] start: -7.78 0.333  0.44,   -0.527  -0.0683 -0.00793
[scan_planner_node-4] goal: -8.5 -1.91   0.4, 1.03e-06    -0.75        0
[scan_planner_node-4] [32miter(+1)=14,time(ms)=0.060,total_t(ms)=0.060,cost=0.011
[scan_planner_node-4] [0mfirst_optimize_step_success=1
[scan_planner_node-4] total time:[42m0.000265[0m,optimize:0.000223,refine:4.2e-05
[scan_planner_node-4] final_plan_success=1
[scan_planner_node-4] [FSM]: from REPLAN_TRAJ to EXEC_TRAJ
[closed_loop_controller-6] [INFO] [1786010896.812454230] [closed_loop_controller]: Received trajectory 701, duration 5.120s
[scan_planner_node-4] [FSM]: from EXEC_TRAJ to REPLAN_TRAJ
[scan_planner_node-4] 
[scan_planner_node-4] [rebo replan]: -------------------------------------726
[scan_planner_node-4] start: -7.85 0.321 0.439,   -0.531  -0.0906 -0.00765
[scan_planner_node-4] goal: -8.5 -3.31   0.4, -2.91e-09     -0.75         0
[scan_planner_node-4] [32miter(+1)=12,time(ms)=0.055,total_t(ms)=0.056,cost=0.012
[scan_planner_node-4] [0mfirst_optimize_step_success=1
[scan_planner_node-4] total time:[42m0.000269[0m,optimize:0.000217,refine:5.18e-05
[scan_planner_node-4] final_plan_success=1
[scan_planner_node-4] [FSM]: from REPLAN_TRAJ to EXEC_TRAJ
[closed_loop_controller-6] [INFO] [1786010896.941261423] [closed_loop_controller]: Received trajectory 702, duration 6.720s
[scan_planner_node-4] [FSM]: from EXEC_TRAJ to REPLAN_TRAJ
[scan_planner_node-4] 
[scan_planner_node-4] [rebo replan]: -------------------------------------727
[scan_planner_node-4] start: -7.94 0.301 0.438,   -0.537   -0.133 -0.00706
[scan_planner_node-4] goal: -8.5 -3.31   0.4, -2.91e-09     -0.75         0
[scan_planner_node-4] [32miter(+1)=6,time(ms)=0.030,total_t(ms)=0.030,cost=0.013
[scan_planner_node-4] [0mfirst_optimize_step_success=1
[scan_planner_node-4] total time:[42m0.000255[0m,optimize:0.000203,refine:5.17e-05
[scan_planner_node-4] final_plan_success=1
[scan_planner_node-4] [FSM]: from REPLAN_TRAJ to EXEC_TRAJ
[closed_loop_controller-6] [INFO] [1786010897.093777768] [closed_loop_controller]: Received trajectory 703, duration 6.720s
[scan_planner_node-4] [FSM]: from EXEC_TRAJ to REPLAN_TRAJ
[scan_planner_node-4] 
[scan_planner_node-4] [rebo replan]: -------------------------------------728
[scan_planner_node-4] start: -8.01 0.279 0.438,   -0.542   -0.175 -0.00635
[scan_planner_node-4] goal: -8.5 -3.31   0.4, -2.91e-09     -0.75         0
[scan_planner_node-4] [32miter(+1)=8,time(ms)=0.067,total_t(ms)=0.067,cost=0.016
[scan_planner_node-4] [0mfirst_optimize_step_success=1
[scan_planner_node-4] total time:[42m0.000373[0m,optimize:0.000292,refine:8.13e-05
[scan_planner_node-4] final_plan_success=1
[scan_planner_node-4] [FSM]: from REPLAN_TRAJ to EXEC_TRAJ
[closed_loop_controller-6] [INFO] [1786010897.213298921] [closed_loop_controller]: Received trajectory 704, duration 6.720s
[scan_planner_node-4] [FSM]: from EXEC_TRAJ to REPLAN_TRAJ
[scan_planner_node-4] 
[scan_planner_node-4] [rebo replan]: -------------------------------------729
[scan_planner_node-4] start:  -8.1 0.246 0.437,   -0.544    -0.23 -0.00573
[scan_planner_node-4] goal: -8.5 -3.31   0.4, -2.91e-09     -0.75         0
[scan_planner_node-4] [32miter(+1)=5,time(ms)=0.032,total_t(ms)=0.032,cost=0.011
[scan_planner_node-4] [0mfirst_optimize_step_success=1
[scan_planner_node-4] total time:[42m0.000237[0m,optimize:0.000191,refine:4.61e-05
[scan_planner_node-4] final_plan_success=1
[scan_planner_node-4] [FSM]: from REPLAN_TRAJ to EXEC_TRAJ
[closed_loop_controller-6] [INFO] [1786010897.368226292] [closed_loop_controller]: Received trajectory 705, duration 6.400s
[scan_planner_node-4] [FSM]: from EXEC_TRAJ to REPLAN_TRAJ
[scan_planner_node-4] 
[scan_planner_node-4] [rebo replan]: -------------------------------------730
[scan_planner_node-4] start: -8.17 0.214 0.436,  -0.542  -0.271 -0.0055
[scan_planner_node-4] goal: -8.5 -3.31   0.4, -2.91e-09     -0.75         0
[scan_planner_node-4] [32miter(+1)=7,time(ms)=0.031,total_t(ms)=0.031,cost=0.014
[scan_planner_node-4] [0mfirst_optimize_step_success=1
[scan_planner_node-4] total time:[42m0.000222[0m,optimize:0.000176,refine:4.67e-05
[scan_planner_node-4] final_plan_success=1
[scan_planner_node-4] [FSM]: from REPLAN_TRAJ to EXEC_TRAJ
[closed_loop_controller-6] [INFO] [1786010897.489365788] [closed_loop_controller]: Received trajectory 706, duration 6.400s
[scan_planner_node-4] [FSM]: from EXEC_TRAJ to REPLAN_TRAJ
[scan_planner_node-4] [INFO] [1786010897.590803123] [scan_planner_node]: [GridMapDiag] cloud=32768 accepted=29193 invalid=3575 below_sensor=0 outside_update=0 sensor_z=0.700 cutoff_z=1.700
[scan_planner_node-4] 
[scan_planner_node-4] [rebo replan]: -------------------------------------731
[scan_planner_node-4] start: -8.26 0.163 0.435,   -0.535   -0.316 -0.00546
[scan_planner_node-4] goal: -8.5 -3.31   0.4, -2.91e-09     -0.75         0
[scan_planner_node-4] [32miter(+1)=6,time(ms)=0.027,total_t(ms)=0.028,cost=0.010
[scan_planner_node-4] [0mfirst_optimize_step_success=1
[scan_planner_node-4] total time:[42m0.000261[0m,optimize:0.000215,refine:4.55e-05
[scan_planner_node-4] final_plan_success=1
[scan_planner_node-4] [FSM]: from REPLAN_TRAJ to EXEC_TRAJ
[closed_loop_controller-6] [INFO] [1786010897.659003941] [closed_loop_controller]: Received trajectory 707, duration 6.080s
[scan_planner_node-4] [FSM]: from EXEC_TRAJ to REPLAN_TRAJ
[scan_planner_node-4] 
[scan_planner_node-4] [rebo replan]: -------------------------------------732
[scan_planner_node-4] start: -8.32 0.123 0.434,   -0.528   -0.339 -0.00552
[scan_planner_node-4] goal: -8.5 -3.31   0.4, -2.91e-09     -0.75         0
[scan_planner_node-4] [WARN] [1786010897.789051464] [path_searching]: [AStarDiag] result=OPEN_SET_EMPTY start=[-8.951 -0.823 0.423] end=[-8.891 -1.017 0.422] adjusted_start=[-8.971 -0.670 0.423] adjusted_end=[-8.871 -0.970 0.423] iter=7645 occupied_rejects=1027 pool_rejects=1091 elapsed_ms=8.13
[scan_planner_node-4] [ERROR] [1786010897.789091334] [bspline_opt]: [ReplanDiag] init_control_points A-star failed ret=2 segment=1/1 ids=[7,8] start=[-8.951 -0.823 0.423] end=[-8.891 -1.017 0.422]
[scan_planner_node-4] [32miter(+1)=7,time(ms)=0.037,total_t(ms)=0.037,cost=0.013
[scan_planner_node-4] [0mfirst_optimize_step_success=1
[scan_planner_node-4] total time:[42m0.00846[0m,optimize:0.00841,refine:4.43e-05
[scan_planner_node-4] final_plan_success=1
[scan_planner_node-4] [FSM]: from REPLAN_TRAJ to EXEC_TRAJ
[closed_loop_controller-6] [INFO] [1786010897.789403647] [closed_loop_controller]: Received trajectory 708, duration 6.080s
[scan_planner_node-4] [INFO] [1786010897.858615282] [scan_planner_node]: [MapDecay] decayed=1586 cleared=1008 active_occupied=7470
[scan_planner_node-4] [FSM]: from EXEC_TRAJ to REPLAN_TRAJ
[scan_planner_node-4] 
[scan_planner_node-4] [rebo replan]: -------------------------------------733
[scan_planner_node-4] start:  -8.38 0.0859  0.434,   -0.521   -0.355 -0.00558
[scan_planner_node-4] goal: -8.5 -3.48   0.4, 1.22e-09    -0.75        0
[scan_planner_node-4] [32miter(+1)=6,time(ms)=0.028,total_t(ms)=0.029,cost=0.009
[scan_planner_node-4] [0mfirst_optimize_step_success=1
[scan_planner_node-4] total time:[42m0.000214[0m,optimize:0.00017,refine:4.31e-05
[scan_planner_node-4] final_plan_success=1
[scan_planner_node-4] [FSM]: from REPLAN_TRAJ to EXEC_TRAJ
[closed_loop_controller-6] [INFO] [1786010897.897623524] [closed_loop_controller]: Received trajectory 709, duration 6.080s
[scan_planner_node-4] 
[scan_planner_node-4] [rebo replan]: -------------------------------------734
[scan_planner_node-4] start:  -8.43 0.0481  0.433,   -0.513   -0.368 -0.00559
[scan_planner_node-4] goal: -8.5 -3.48   0.4, 1.22e-09    -0.75        0
[scan_planner_node-4] [WARN] [1786010898.004112693] [path_searching]: [AStarDiag] result=OPEN_SET_EMPTY start=[-8.820 -1.135 0.421] end=[-8.700 -1.295 0.419] adjusted_start=[-8.810 -1.115 0.420] adjusted_end=[-8.710 -1.265 0.420] iter=2 occupied_rejects=13 pool_rejects=0 elapsed_ms=0.01
[scan_planner_node-4] [ERROR] [1786010898.004138566] [bspline_opt]: [ReplanDiag] init_control_points A-star failed ret=2 segment=2/2 ids=[8,9] start=[-8.820 -1.135 0.421] end=[-8.700 -1.295 0.419]
[scan_planner_node-4] [WARN] [1786010898.004235319] [path_searching]: [AStarDiag] result=OPEN_SET_EMPTY start=[-8.821 -1.132 0.421] end=[-8.589 -1.465 0.418] adjusted_start=[-8.805 -1.098 0.419] adjusted_end=[-8.605 -1.398 0.419] iter=2 occupied_rejects=12 pool_rejects=0 elapsed_ms=0.00
[scan_planner_node-4] [ERROR] [1786010898.004244020] [bspline_opt]: [ReplanDiag] init_control_points A-star failed ret=2 segment=2/2 ids=[8,10] start=[-8.821 -1.132 0.421] end=[-8.589 -1.465 0.418]
[scan_planner_node-4] [WARN] [1786010898.004294076] [path_searching]: [AStarDiag] result=OPEN_SET_EMPTY start=[-8.821 -1.132 0.421] end=[-8.589 -1.465 0.418] adjusted_start=[-8.805 -1.098 0.419] adjusted_end=[-8.605 -1.398 0.419] iter=2 occupied_rejects=12 pool_rejects=0 elapsed_ms=0.00
[scan_planner_node-4] [ERROR] [1786010898.004301235] [bspline_opt]: [ReplanDiag] init_control_points A-star failed ret=2 segment=2/2 ids=[8,10] start=[-8.821 -1.132 0.421] end=[-8.589 -1.465 0.418]
[scan_planner_node-4] [WARN] [1786010898.004346773] [path_searching]: [AStarDiag] result=OPEN_SET_EMPTY start=[-8.821 -1.132 0.421] end=[-8.589 -1.465 0.418] adjusted_start=[-8.805 -1.098 0.419] adjusted_end=[-8.605 -1.398 0.419] iter=2 occupied_rejects=12 pool_rejects=0 elapsed_ms=0.00
[scan_planner_node-4] [ERROR] [1786010898.004354007] [bspline_opt]: [ReplanDiag] init_control_points A-star failed ret=2 segment=2/2 ids=[8,10] start=[-8.821 -1.132 0.421] end=[-8.589 -1.465 0.418]
[scan_planner_node-4] [32miter(+1)=6,time(ms)=0.028,keep optimizing
[scan_planner_node-4] [0m[32miter(+1)=1,time(ms)=0.006,keep optimizing
[scan_planner_node-4] [0m[32miter(+1)=1,time(ms)=0.005,keep optimizing
[scan_planner_node-4] [0mfirst_optimize_step_success=0
[scan_planner_node-4] final_plan_success=0
[scan_planner_node-4] 
[scan_planner_node-4] [rebo replan]: -------------------------------------735
[scan_planner_node-4] start:  -8.43 0.0481  0.433,   -0.513   -0.368 -0.00559
[scan_planner_node-4] goal: -8.5 -3.48   0.4, 1.22e-09    -0.75        0
[scan_planner_node-4] [32miter(+1)=1,time(ms)=0.005,total_t(ms)=0.005,cost=0.001
[scan_planner_node-4] [0mfirst_optimize_step_success=1
[scan_planner_node-4] total time:[42m0.000158[0m,optimize:0.000114,refine:4.4e-05
[scan_planner_node-4] final_plan_success=1
[scan_planner_node-4] [SAFETY]: from EXEC_TRAJ to EXEC_TRAJ
[closed_loop_controller-6] [INFO] [1786010898.004712674] [closed_loop_controller]: Received trajectory 710, duration 6.080s
[scan_planner_node-4] [FSM]: from EXEC_TRAJ to REPLAN_TRAJ
[scan_planner_node-4] 
[scan_planner_node-4] [rebo replan]: -------------------------------------736
[scan_planner_node-4] start:  -8.48 0.0146  0.433,   -0.506   -0.377 -0.00557
[scan_planner_node-4] goal: -8.5 -3.48   0.4, 1.22e-09    -0.75        0
[scan_planner_node-4] [32miter(+1)=5,time(ms)=0.024,total_t(ms)=0.025,cost=0.009
[scan_planner_node-4] [0mfirst_optimize_step_success=1
[scan_planner_node-4] total time:[42m0.000229[0m,optimize:0.000185,refine:4.41e-05
[scan_planner_node-4] final_plan_success=1
[scan_planner_node-4] [FSM]: from REPLAN_TRAJ to EXEC_TRAJ
[closed_loop_controller-6] [INFO] [1786010898.096388802] [closed_loop_controller]: Received trajectory 711, duration 6.080s
[scan_planner_node-4] [FSM]: from EXEC_TRAJ to REPLAN_TRAJ
[scan_planner_node-4] 
[scan_planner_node-4] [rebo replan]: -------------------------------------737
[scan_planner_node-4] start:   -8.55 -0.0375   0.432,   -0.491   -0.393 -0.00552
[scan_planner_node-4] goal: -8.5 -3.48   0.4, 1.22e-09    -0.75        0
[scan_planner_node-4] [32miter(+1)=5,time(ms)=0.036,total_t(ms)=0.036,cost=0.002
[scan_planner_node-4] [0mfirst_optimize_step_success=1
[scan_planner_node-4] total time:[42m0.000322[0m,optimize:0.00026,refine:6.16e-05
[scan_planner_node-4] final_plan_success=1
[closed_loop_controller-6] [INFO] [1786010898.231664189] [closed_loop_controller]: Received trajectory 712, duration 5.760s
[scan_planner_node-4] [FSM]: from REPLAN_TRAJ to EXEC_TRAJ
[scan_planner_node-4] [FSM]: from EXEC_TRAJ to REPLAN_TRAJ
[scan_planner_node-4] 
[scan_planner_node-4] [rebo replan]: -------------------------------------738
[scan_planner_node-4] start:   -8.61 -0.0886   0.431,   -0.475   -0.409 -0.00546
[scan_planner_node-4] goal: -8.5 -3.83   0.4, 1.11e-10    -0.75        0
[scan_planner_node-4] [32miter(+1)=6,time(ms)=0.028,total_t(ms)=0.029,cost=0.008
[scan_planner_node-4] [0mfirst_optimize_step_success=1
[scan_planner_node-4] total time:[42m0.000257[0m,optimize:0.000211,refine:4.65e-05
[scan_planner_node-4] final_plan_success=1
[scan_planner_node-4] [FSM]: from REPLAN_TRAJ to EXEC_TRAJ
[closed_loop_controller-6] [INFO] [1786010898.359939302] [closed_loop_controller]: Received trajectory 713, duration 6.400s
[scan_planner_node-4] [FSM]: from EXEC_TRAJ to REPLAN_TRAJ
[scan_planner_node-4] 
[scan_planner_node-4] [rebo replan]: -------------------------------------739
[scan_planner_node-4] start:  -8.66 -0.136  0.431,   -0.458   -0.426 -0.00535
[scan_planner_node-4] goal: -8.5 -3.83   0.4, 1.11e-10    -0.75        0
[scan_planner_node-4] [32miter(+1)=9,time(ms)=0.036,total_t(ms)=0.037,cost=0.009
[scan_planner_node-4] [0mfirst_optimize_step_success=1
[scan_planner_node-4] total time:[42m0.000267[0m,optimize:0.000221,refine:4.65e-05
[scan_planner_node-4] final_plan_success=1
[scan_planner_node-4] [FSM]: from REPLAN_TRAJ to EXEC_TRAJ
[closed_loop_controller-6] [INFO] [1786010898.473088748] [closed_loop_controller]: Received trajectory 714, duration 6.400s
[scan_planner_node-4] [FSM]: state: EXEC_TRAJ
[scan_planner_node-4] [FSM]: from EXEC_TRAJ to REPLAN_TRAJ
[scan_planner_node-4] 
[scan_planner_node-4] [rebo replan]: -------------------------------------740
[scan_planner_node-4] start:  -8.71 -0.181   0.43,  -0.441  -0.443 -0.0052
[scan_planner_node-4] goal: -8.5 -3.83   0.4, 1.11e-10    -0.75        0
[scan_planner_node-4] [32miter(+1)=4,time(ms)=0.021,total_t(ms)=0.021,cost=0.006
[scan_planner_node-4] [0mfirst_optimize_step_success=1
[scan_planner_node-4] total time:[42m0.000252[0m,optimize:0.000208,refine:4.39e-05
[scan_planner_node-4] final_plan_success=1
[scan_planner_node-4] [FSM]: from REPLAN_TRAJ to EXEC_TRAJ
[closed_loop_controller-6] [INFO] [1786010898.578648792] [closed_loop_controller]: Received trajectory 715, duration 6.080s
[scan_planner_node-4] [FSM]: from EXEC_TRAJ to REPLAN_TRAJ
[scan_planner_node-4] 
[scan_planner_node-4] [rebo replan]: -------------------------------------741
[scan_planner_node-4] start:  -8.75 -0.229   0.43,    -0.42   -0.462 -0.00507
[scan_planner_node-4] goal: -8.5 -3.83   0.4, 1.11e-10    -0.75        0
[scan_planner_node-4] [32miter(+1)=6,time(ms)=0.025,total_t(ms)=0.025,cost=0.009
[scan_planner_node-4] [0mfirst_optimize_step_success=1
[scan_planner_node-4] total time:[42m0.000243[0m,optimize:0.000199,refine:4.4e-05
[scan_planner_node-4] final_plan_success=1
[scan_planner_node-4] [FSM]: from REPLAN_TRAJ to EXEC_TRAJ
[closed_loop_controller-6] [INFO] [1786010898.683317686] [closed_loop_controller]: Received trajectory 716, duration 6.080s
[scan_planner_node-4] [FSM]: from EXEC_TRAJ to REPLAN_TRAJ
[scan_planner_node-4] 
[scan_planner_node-4] [rebo replan]: -------------------------------------742
[scan_planner_node-4] start: -8.81 -0.29 0.429,    -0.39   -0.487 -0.00495
[scan_planner_node-4] goal: -8.5 -3.83   0.4, 1.11e-10    -0.75        0
[scan_planner_node-4] [32miter(+1)=15,time(ms)=0.078,keep optimizing
[scan_planner_node-4] [0m[32miter(+1)=7,time(ms)=0.022,total_t(ms)=0.151,cost=0.104
[scan_planner_node-4] [0mfirst_optimize_step_success=1
[scan_planner_node-4] total time:[42m0.00041[0m,optimize:0.00034,refine:7.2e-05
[scan_planner_node-4] final_plan_success=1
[scan_planner_node-4] [SAFETY]: from REPLAN_TRAJ to EXEC_TRAJ
[closed_loop_controller-6] [INFO] [1786010898.814071502] [closed_loop_controller]: Received trajectory 717, duration 5.760s
[scan_planner_node-4] [INFO] [1786010898.864560500] [scan_planner_node]: [MapDecay] decayed=1334 cleared=813 active_occupied=8592
[scan_planner_node-4] [FSM]: from EXEC_TRAJ to REPLAN_TRAJ
[scan_planner_node-4] 
[scan_planner_node-4] [rebo replan]: -------------------------------------743
[scan_planner_node-4] start:  -8.84 -0.335  0.428,   -0.364   -0.504 -0.00491
[scan_planner_node-4] goal: -8.5 -3.83   0.4, 1.11e-10    -0.75        0
[scan_planner_node-4] [32miter(+1)=4,time(ms)=0.029,total_t(ms)=0.029,cost=0.015
[scan_planner_node-4] [0mfirst_optimize_step_success=1
[scan_planner_node-4] total time:[42m0.000372[0m,optimize:0.000295,refine:7.62e-05
[scan_planner_node-4] final_plan_success=1
[closed_loop_controller-6] [INFO] [1786010898.903815316] [closed_loop_controller]: Received trajectory 718, duration 5.760s
[scan_planner_node-4] [FSM]: from REPLAN_TRAJ to EXEC_TRAJ
[scan_planner_node-4] [FSM]: from EXEC_TRAJ to REPLAN_TRAJ
[scan_planner_node-4] 
[scan_planner_node-4] [rebo replan]: -------------------------------------744
[scan_planner_node-4] start:  -8.88 -0.394  0.428,   -0.322   -0.525 -0.00488
[scan_planner_node-4] goal: -8.5 -3.83   0.4, 1.11e-10    -0.75        0
[scan_planner_node-4] [32miter(+1)=7,time(ms)=0.029,total_t(ms)=0.030,cost=0.014
[scan_planner_node-4] [0mfirst_optimize_step_success=1
[scan_planner_node-4] total time:[42m0.000207[0m,optimize:0.000164,refine:4.3e-05
[scan_planner_node-4] final_plan_success=1
[scan_planner_node-4] [FSM]: from REPLAN_TRAJ to EXEC_TRAJ
[closed_loop_controller-6] [INFO] [1786010899.015641816] [closed_loop_controller]: Received trajectory 719, duration 5.760s
[scan_planner_node-4] [FSM]: from EXEC_TRAJ to REPLAN_TRAJ
[scan_planner_node-4] 
[scan_planner_node-4] [rebo replan]: -------------------------------------745
[scan_planner_node-4] start:  -8.91 -0.451  0.427,   -0.276   -0.547 -0.00488
[scan_planner_node-4] goal: -8.5 -4.18   0.4, -2.22e-11     -0.75         0
[scan_planner_node-4] [32miter(+1)=4,time(ms)=0.020,total_t(ms)=0.020,cost=0.010
[scan_planner_node-4] [0mfirst_optimize_step_success=1
[scan_planner_node-4] total time:[42m0.000218[0m,optimize:0.000162,refine:5.56e-05
[scan_planner_node-4] final_plan_success=1
[scan_planner_node-4] [FSM]: from REPLAN_TRAJ to EXEC_TRAJ
[closed_loop_controller-6] [INFO] [1786010899.120679555] [closed_loop_controller]: Received trajectory 720, duration 6.080s
[scan_planner_node-4] [FSM]: from EXEC_TRAJ to REPLAN_TRAJ
[scan_planner_node-4] 
[scan_planner_node-4] [rebo replan]: -------------------------------------746
[scan_planner_node-4] start:  -8.94 -0.514  0.427,   -0.223   -0.569 -0.00482
[scan_planner_node-4] goal: -8.5 -4.18   0.4, -2.22e-11     -0.75         0
[scan_planner_node-4] [32miter(+1)=6,time(ms)=0.040,total_t(ms)=0.040,cost=0.012
[scan_planner_node-4] [0mfirst_optimize_step_success=1
[scan_planner_node-4] total time:[42m0.000349[0m,optimize:0.00027,refine:7.85e-05
[scan_planner_node-4] final_plan_success=1
[closed_loop_controller-6] [INFO] [1786010899.231374119] [closed_loop_controller]: Received trajectory 721, duration 6.080s
[scan_planner_node-4] [FSM]: from REPLAN_TRAJ to EXEC_TRAJ
[scan_planner_node-4] [FSM]: from EXEC_TRAJ to REPLAN_TRAJ
[scan_planner_node-4] 
[scan_planner_node-4] [rebo replan]: -------------------------------------747
[scan_planner_node-4] start:  -8.96 -0.587  0.426,   -0.162    -0.59 -0.00469
[scan_planner_node-4] goal: -8.5 -4.18   0.4, -2.22e-11     -0.75         0
[scan_planner_node-4] [32miter(+1)=9,time(ms)=0.066,total_t(ms)=0.066,cost=0.012
[scan_planner_node-4] [0mfirst_optimize_step_success=1
[scan_planner_node-4] total time:[42m0.000407[0m,optimize:0.000315,refine:9.15e-05
[scan_planner_node-4] final_plan_success=1
[closed_loop_controller-6] [INFO] [1786010899.354757203] [closed_loop_controller]: Received trajectory 722, duration 6.080s
[scan_planner_node-4] [FSM]: from REPLAN_TRAJ to EXEC_TRAJ
[scan_planner_node-4] [FSM]: from EXEC_TRAJ to REPLAN_TRAJ
[scan_planner_node-4] 
[scan_planner_node-4] [rebo replan]: -------------------------------------748
[scan_planner_node-4] start:  -8.98 -0.659  0.426,   -0.104   -0.606 -0.00457
[scan_planner_node-4] goal: -8.5 -4.18   0.4, -2.22e-11     -0.75         0
[scan_planner_node-4] [32miter(+1)=4,time(ms)=0.018,total_t(ms)=0.019,cost=0.010
[scan_planner_node-4] [0mfirst_optimize_step_success=1
[scan_planner_node-4] total time:[42m0.000262[0m,optimize:0.000216,refine:4.62e-05
[scan_planner_node-4] final_plan_success=1
[scan_planner_node-4] [FSM]: from REPLAN_TRAJ to EXEC_TRAJ
[closed_loop_controller-6] [INFO] [1786010899.471946880] [closed_loop_controller]: Received trajectory 723, duration 5.760s
[scan_planner_node-4] [FSM]: from EXEC_TRAJ to REPLAN_TRAJ
[scan_planner_node-4] [INFO] [1786010899.632366241] [scan_planner_node]: [GridMapDiag] cloud=32768 accepted=26941 invalid=5827 below_sensor=0 outside_update=0 sensor_z=0.700 cutoff_z=1.700
[scan_planner_node-4] 
[scan_planner_node-4] [rebo replan]: -------------------------------------749
[scan_planner_node-4] start:  -8.99 -0.758  0.425,  -0.0356    -0.62 -0.00447
[scan_planner_node-4] goal: -8.5 -4.18   0.4, -2.22e-11     -0.75         0
[scan_planner_node-4] [32miter(+1)=5,time(ms)=0.024,total_t(ms)=0.024,cost=0.006
[scan_planner_node-4] [0mfirst_optimize_step_success=1
[scan_planner_node-4] total time:[42m0.000202[0m,optimize:0.000151,refine:5.08e-05
[scan_planner_node-4] final_plan_success=1
[scan_planner_node-4] [FSM]: from REPLAN_TRAJ to EXEC_TRAJ
[closed_loop_controller-6] [INFO] [1786010899.633386974] [closed_loop_controller]: Received trajectory 724, duration 5.440s
[scan_planner_node-4] [FSM]: from EXEC_TRAJ to REPLAN_TRAJ
[scan_planner_node-4] 
[scan_planner_node-4] [rebo replan]: -------------------------------------750
[scan_planner_node-4] start: -8.99 -0.85 0.424,   0.0138   -0.626 -0.00444
[scan_planner_node-4] goal: -8.5 -4.53   0.4, -1.32e-11     -0.75         0
[scan_planner_node-4] [32miter(+1)=6,time(ms)=0.027,total_t(ms)=0.028,cost=0.009
[scan_planner_node-4] [0mfirst_optimize_step_success=1
[scan_planner_node-4] total time:[42m0.000309[0m,optimize:0.00025,refine:5.9e-05
[scan_planner_node-4] final_plan_success=1
[closed_loop_controller-6] [INFO] [1786010899.780947976] [closed_loop_controller]: Received trajectory 725, duration 6.080s
[scan_planner_node-4] [FSM]: from REPLAN_TRAJ to EXEC_TRAJ
[scan_planner_node-4] [FSM]: from EXEC_TRAJ to REPLAN_TRAJ
[scan_planner_node-4] 
[scan_planner_node-4] [rebo replan]: -------------------------------------751
[scan_planner_node-4] start:  -8.99 -0.935  0.424,   0.0441   -0.627 -0.00435
[scan_planner_node-4] goal: -8.5 -4.53   0.4, -1.32e-11     -0.75         0
[scan_planner_node-4] [32miter(+1)=5,time(ms)=0.021,total_t(ms)=0.021,cost=0.004
[scan_planner_node-4] [0mfirst_optimize_step_success=1
[scan_planner_node-4] total time:[42m0.000186[0m,optimize:0.000142,refine:4.45e-05
[scan_planner_node-4] final_plan_success=1
[scan_planner_node-4] [FSM]: from REPLAN_TRAJ to EXEC_TRAJ
[closed_loop_controller-6] [INFO] [1786010899.917435363] [closed_loop_controller]: Received trajectory 726, duration 5.760s
[scan_planner_node-4] [INFO] [1786010899.969322225] [scan_planner_node]: [MapDecay] decayed=1072 cleared=514 active_occupied=7434
[scan_planner_node-4] [FSM]: from EXEC_TRAJ to REPLAN_TRAJ
[scan_planner_node-4] 
[scan_planner_node-4] [rebo replan]: -------------------------------------752
[scan_planner_node-4] start:  -8.98 -0.993  0.423,   0.0563   -0.627 -0.00425
[scan_planner_node-4] goal: -8.5 -4.71   0.4, 7.23e-12    -0.75        0
[scan_planner_node-4] [32miter(+1)=5,time(ms)=0.036,total_t(ms)=0.037,cost=0.008
[scan_planner_node-4] [0mfirst_optimize_step_success=1
[scan_planner_node-4] total time:[42m0.000301[0m,optimize:0.000237,refine:6.45e-05
[scan_planner_node-4] final_plan_success=1
[scan_planner_node-4] [FSM]: from REPLAN_TRAJ to EXEC_TRAJ
[closed_loop_controller-6] [INFO] [1786010900.012755868] [closed_loop_controller]: Received trajectory 727, duration 6.080s
[scan_planner_node-4] [FSM]: from EXEC_TRAJ to REPLAN_TRAJ
[scan_planner_node-4] 
[scan_planner_node-4] [rebo replan]: -------------------------------------753
[scan_planner_node-4] start: -8.97 -1.07 0.423,    0.063   -0.626 -0.00411
[scan_planner_node-4] goal: -8.5 -4.71   0.4, 7.23e-12    -0.75        0
[scan_planner_node-4] [32miter(+1)=8,time(ms)=0.033,total_t(ms)=0.033,cost=0.008
[scan_planner_node-4] [0mfirst_optimize_step_success=1
[scan_planner_node-4] total time:[42m0.000241[0m,optimize:0.000184,refine:5.69e-05
[scan_planner_node-4] final_plan_success=1
[scan_planner_node-4] [FSM]: from REPLAN_TRAJ to EXEC_TRAJ
[closed_loop_controller-6] [INFO] [1786010900.129561719] [closed_loop_controller]: Received trajectory 728, duration 6.080s
[scan_planner_node-4] [FSM]: from EXEC_TRAJ to REPLAN_TRAJ
[scan_planner_node-4] 
[scan_planner_node-4] [rebo replan]: -------------------------------------754
[scan_planner_node-4] start: -8.97 -1.14 0.423,   0.0625   -0.625 -0.00399
[scan_planner_node-4] goal: -8.5 -4.88   0.4, -3.46e-12    -0.749         0
[scan_planner_node-4] [32miter(+1)=4,time(ms)=0.017,total_t(ms)=0.018,cost=0.006
[scan_planner_node-4] [0mfirst_optimize_step_success=1
[scan_planner_node-4] total time:[42m0.000202[0m,optimize:0.000158,refine:4.41e-05
[scan_planner_node-4] final_plan_success=1
[scan_planner_node-4] [FSM]: from REPLAN_TRAJ to EXEC_TRAJ
[closed_loop_controller-6] [INFO] [1786010900.239262004] [closed_loop_controller]: Received trajectory 729, duration 6.080s
[scan_planner_node-4] [FSM]: from EXEC_TRAJ to REPLAN_TRAJ
[scan_planner_node-4] 
[scan_planner_node-4] [rebo replan]: -------------------------------------755
[scan_planner_node-4] start: -8.96 -1.22 0.422,    0.057   -0.625 -0.00385
[scan_planner_node-4] goal: -8.5 -4.88   0.4, -3.46e-12    -0.749         0
[scan_planner_node-4] [32miter(+1)=6,time(ms)=0.027,total_t(ms)=0.028,cost=0.010
[scan_planner_node-4] [0mfirst_optimize_step_success=1
[scan_planner_node-4] total time:[42m0.000244[0m,optimize:0.000197,refine:4.68e-05
[scan_planner_node-4] final_plan_success=1
[scan_planner_node-4] [FSM]: from REPLAN_TRAJ to EXEC_TRAJ
[closed_loop_controller-6] [INFO] [1786010900.368566953] [closed_loop_controller]: Received trajectory 730, duration 6.080s
[scan_planner_node-4] [FSM]: from EXEC_TRAJ to REPLAN_TRAJ
[scan_planner_node-4] 
[scan_planner_node-4] [rebo replan]: -------------------------------------756
[scan_planner_node-4] start: -8.95 -1.31 0.422,   0.0484   -0.625 -0.00373
[scan_planner_node-4] goal: -8.5 -4.88   0.4, -3.46e-12    -0.749         0
[scan_planner_node-4] [32miter(+1)=3,time(ms)=0.017,total_t(ms)=0.017,cost=0.004
[scan_planner_node-4] [0mfirst_optimize_step_success=1
[scan_planner_node-4] total time:[42m0.000177[0m,optimize:0.000136,refine:4.18e-05
[scan_planner_node-4] final_plan_success=1
[scan_planner_node-4] [FSM]: from REPLAN_TRAJ to EXEC_TRAJ
[closed_loop_controller-6] [INFO] [1786010900.517967758] [closed_loop_controller]: Received trajectory 731, duration 5.760s
[scan_planner_node-4] [FSM]: from EXEC_TRAJ to REPLAN_TRAJ
[scan_planner_node-4] 
[scan_planner_node-4] [rebo replan]: -------------------------------------757
[scan_planner_node-4] start: -8.95 -1.41 0.421,   0.0417   -0.625 -0.00366
[scan_planner_node-4] goal: -8.5 -4.88   0.4, -3.46e-12    -0.749         0
[scan_planner_node-4] [32miter(+1)=6,time(ms)=0.022,total_t(ms)=0.023,cost=0.009
[scan_planner_node-4] [0mfirst_optimize_step_success=1
[scan_planner_node-4] total time:[42m0.000244[0m,optimize:0.000202,refine:4.23e-05
[scan_planner_node-4] final_plan_success=1
[scan_planner_node-4] [FSM]: from REPLAN_TRAJ to EXEC_TRAJ
[closed_loop_controller-6] [INFO] [1786010900.683879431] [closed_loop_controller]: Received trajectory 732, duration 5.760s
[scan_planner_node-4] [FSM]: from EXEC_TRAJ to REPLAN_TRAJ
[scan_planner_node-4] 
[scan_planner_node-4] [rebo replan]: -------------------------------------758
[scan_planner_node-4] start: -8.94 -1.51  0.42,   0.0438   -0.624 -0.00366
[scan_planner_node-4] goal: -8.5 -5.23   0.4, 0 0 0
[scan_planner_node-4] [32miter(+1)=23,time(ms)=0.121,total_t(ms)=0.122,cost=0.033
[scan_planner_node-4] [0mfirst_optimize_step_success=1
[scan_planner_node-4] Need to reallocate time.
[scan_planner_node-4] total time:[42m0.000498[0m,optimize:0.000259,refine:0.000239
[scan_planner_node-4] final_plan_success=1
[scan_planner_node-4] [FSM]: from REPLAN_TRAJ to EXEC_TRAJ
[closed_loop_controller-6] [INFO] [1786010900.836066890] [closed_loop_controller]: Received trajectory 733, duration 7.289s
[scan_planner_node-4] [FSM]: from EXEC_TRAJ to REPLAN_TRAJ
[scan_planner_node-4] 
[scan_planner_node-4] [rebo replan]: -------------------------------------759
[scan_planner_node-4] start: -8.93 -1.59  0.42,  0.0538   -0.62 -0.0036
[scan_planner_node-4] goal: -8.5 -5.23   0.4, 0 0 0
[scan_planner_node-4] [32miter(+1)=22,time(ms)=0.161,total_t(ms)=0.162,cost=0.032
[scan_planner_node-4] [0mfirst_optimize_step_success=1
[scan_planner_node-4] Need to reallocate time.
[scan_planner_node-4] total time:[42m0.000734[0m,optimize:0.000387,refine:0.000347
[scan_planner_node-4] final_plan_success=1
[scan_planner_node-4] [FSM]: from REPLAN_TRAJ to EXEC_TRAJ
[closed_loop_controller-6] [INFO] [1786010900.964407744] [closed_loop_controller]: Received trajectory 734, duration 7.278s
[scan_planner_node-4] [INFO] [1786010901.045916074] [scan_planner_node]: [MapDecay] decayed=698 cleared=340 active_occupied=7694
[scan_planner_node-4] [FSM]: from EXEC_TRAJ to REPLAN_TRAJ
[scan_planner_node-4] 
[scan_planner_node-4] [rebo replan]: -------------------------------------760
[scan_planner_node-4] start: -8.92 -1.68 0.419,   0.0724   -0.608 -0.00346
[scan_planner_node-4] goal: -8.5 -5.23   0.4, 0 0 0
[scan_planner_node-4] [32miter(+1)=32,time(ms)=0.166,total_t(ms)=0.166,cost=0.019
[scan_planner_node-4] [0mfirst_optimize_step_success=1
[scan_planner_node-4] total time:[42m0.00036[0m,optimize:0.000311,refine:4.95e-05
[scan_planner_node-4] final_plan_success=1
[scan_planner_node-4] [FSM]: from REPLAN_TRAJ to EXEC_TRAJ
[closed_loop_controller-6] [INFO] [1786010901.114560961] [closed_loop_controller]: Received trajectory 735, duration 5.760s
[scan_planner_node-4] [FSM]: from EXEC_TRAJ to REPLAN_TRAJ
[scan_planner_node-4] 
[scan_planner_node-4] [rebo replan]: -------------------------------------761
[scan_planner_node-4] start: -8.91 -1.78 0.419,   0.0995     -0.6 -0.00333
[scan_planner_node-4] goal: -8.5 -5.23   0.4, 0 0 0
[scan_planner_node-4] [32miter(+1)=23,time(ms)=0.092,total_t(ms)=0.093,cost=0.028
[scan_planner_node-4] [0mfirst_optimize_step_success=1
[scan_planner_node-4] Need to reallocate time.
[scan_planner_node-4] total time:[42m0.000486[0m,optimize:0.000257,refine:0.000229
[scan_planner_node-4] final_plan_success=1
[scan_planner_node-4] [FSM]: from REPLAN_TRAJ to EXEC_TRAJ
[closed_loop_controller-6] [INFO] [1786010901.277470765] [closed_loop_controller]: Received trajectory 736, duration 6.817s
[scan_planner_node-4] [FSM]: from EXEC_TRAJ to REPLAN_TRAJ
[scan_planner_node-4] 
[scan_planner_node-4] [rebo replan]: -------------------------------------762
[scan_planner_node-4] start: -8.89 -1.87 0.418,    0.125   -0.595 -0.00328
[scan_planner_node-4] goal: -8.5 -5.49   0.4, 0 0 0
[scan_planner_node-4] [32miter(+1)=20,time(ms)=0.095,total_t(ms)=0.095,cost=0.028
[scan_planner_node-4] [0mfirst_optimize_step_success=1
[scan_planner_node-4] Need to reallocate time.
[scan_planner_node-4] total time:[42m0.000472[0m,optimize:0.000231,refine:0.000242
[scan_planner_node-4] final_plan_success=1
[scan_planner_node-4] [FSM]: from REPLAN_TRAJ to EXEC_TRAJ
[closed_loop_controller-6] [INFO] [1786010901.419393674] [closed_loop_controller]: Received trajectory 737, duration 7.162s
[scan_planner_node-4] [FSM]: from EXEC_TRAJ to REPLAN_TRAJ
[scan_planner_node-4] 
[scan_planner_node-4] [rebo replan]: -------------------------------------763
[scan_planner_node-4] start: -8.87 -1.96 0.418,     0.15   -0.585 -0.00318
[scan_planner_node-4] goal: -8.5 -5.49   0.4, 0 0 0
[scan_planner_node-4] [32miter(+1)=23,time(ms)=0.094,total_t(ms)=0.094,cost=0.029
[scan_planner_node-4] [0mfirst_optimize_step_success=1
[scan_planner_node-4] total time:[42m0.00028[0m,optimize:0.000237,refine:4.3e-05
[scan_planner_node-4] final_plan_success=1
[scan_planner_node-4] [FSM]: from REPLAN_TRAJ to EXEC_TRAJ
[closed_loop_controller-6] [INFO] [1786010901.576014284] [closed_loop_controller]: Received trajectory 738, duration 5.760s
[scan_planner_node-4] [FSM]: from EXEC_TRAJ to REPLAN_TRAJ
[scan_planner_node-4] [INFO] [1786010901.733289160] [scan_planner_node]: [GridMapDiag] cloud=32768 accepted=26735 invalid=6033 below_sensor=0 outside_update=0 sensor_z=0.700 cutoff_z=1.700
[scan_planner_node-4] 
[scan_planner_node-4] [rebo replan]: -------------------------------------764
[scan_planner_node-4] start: -8.84 -2.05 0.417,   0.174  -0.572 -0.0031
[scan_planner_node-4] goal:-8.5 -5.5  0.4, 0 0 0
[scan_planner_node-4] [32miter(+1)=20,time(ms)=0.082,total_t(ms)=0.083,cost=0.033
[scan_planner_node-4] [0mfirst_optimize_step_success=1
[scan_planner_node-4] Need to reallocate time.
[scan_planner_node-4] total time:[42m0.00045[0m,optimize:0.000207,refine:0.000242
[scan_planner_node-4] final_plan_success=1
[scan_planner_node-4] [FSM]: from REPLAN_TRAJ to EXEC_TRAJ
[closed_loop_controller-6] [INFO] [1786010901.734315523] [closed_loop_controller]: Received trajectory 739, duration 6.927s
[scan_planner_node-4] [FSM]: from EXEC_TRAJ to REPLAN_TRAJ
[scan_planner_node-4] 
[scan_planner_node-4] [rebo replan]: -------------------------------------765
[scan_planner_node-4] start: -8.81 -2.16 0.417,    0.194   -0.555 -0.00304
[scan_planner_node-4] goal:-8.5 -5.5  0.4, 0 0 0
[scan_planner_node-4] [32miter(+1)=26,time(ms)=0.167,total_t(ms)=0.167,cost=0.021
[scan_planner_node-4] [0mfirst_optimize_step_success=1
[scan_planner_node-4] total time:[42m0.000399[0m,optimize:0.000333,refine:6.52e-05
[scan_planner_node-4] final_plan_success=1
[scan_planner_node-4] [FSM]: from REPLAN_TRAJ to EXEC_TRAJ
[closed_loop_controller-6] [INFO] [1786010901.919236491] [closed_loop_controller]: Received trajectory 740, duration 5.440s
[scan_planner_node-4] [FSM]: from EXEC_TRAJ to REPLAN_TRAJ
[scan_planner_node-4] 
[scan_planner_node-4] [rebo replan]: -------------------------------------766
[scan_planner_node-4] start: -8.79 -2.22 0.417,      0.2   -0.552 -0.00302
[scan_planner_node-4] goal:-8.5 -5.5  0.4, 0 0 0
[scan_planner_node-4] [32miter(+1)=22,time(ms)=0.096,total_t(ms)=0.097,cost=0.033
[scan_planner_node-4] [0mfirst_optimize_step_success=1
[scan_planner_node-4] Need to reallocate time.
[scan_planner_node-4] total time:[42m0.000455[0m,optimize:0.000204,refine:0.000251
[scan_planner_node-4] final_plan_success=1
[scan_planner_node-4] [FSM]: from REPLAN_TRAJ to EXEC_TRAJ
[closed_loop_controller-6] [INFO] [1786010902.011786756] [closed_loop_controller]: Received trajectory 741, duration 6.525s
[scan_planner_node-4] [INFO] [1786010902.081558261] [scan_planner_node]: [MapDecay] decayed=1365 cleared=706 active_occupied=8944
[scan_planner_node-4] [FSM]: from EXEC_TRAJ to REPLAN_TRAJ
[scan_planner_node-4] 
[scan_planner_node-4] [rebo replan]: -------------------------------------767
[scan_planner_node-4] start: -8.77 -2.28 0.416,    0.205   -0.551 -0.00301
[scan_planner_node-4] goal:-8.5 -5.5  0.4, 0 0 0
[scan_planner_node-4] [32miter(+1)=17,time(ms)=0.068,total_t(ms)=0.068,cost=0.037
[scan_planner_node-4] [0mfirst_optimize_step_success=1
[scan_planner_node-4] Need to reallocate time.
[scan_planner_node-4] total time:[42m0.000391[0m,optimize:0.000174,refine:0.000217
[scan_planner_node-4] final_plan_success=1
[scan_planner_node-4] [FSM]: from REPLAN_TRAJ to EXEC_TRAJ
[closed_loop_controller-6] [INFO] [1786010902.121954653] [closed_loop_controller]: Received trajectory 742, duration 6.636s
[scan_planner_node-4] [FSM]: from EXEC_TRAJ to REPLAN_TRAJ
[scan_planner_node-4] 
[scan_planner_node-4] [rebo replan]: -------------------------------------768
[scan_planner_node-4] start: -8.74 -2.34 0.416,    0.207    -0.55 -0.00299
[scan_planner_node-4] goal:-8.5 -5.5  0.4, 0 0 0
[scan_planner_node-4] [32miter(+1)=24,time(ms)=0.093,total_t(ms)=0.094,cost=0.028
[scan_planner_node-4] [0mfirst_optimize_step_success=1
[scan_planner_node-4] total time:[42m0.000254[0m,optimize:0.000201,refine:5.31e-05
[scan_planner_node-4] final_plan_success=1
[scan_planner_node-4] [FSM]: from REPLAN_TRAJ to EXEC_TRAJ
[closed_loop_controller-6] [INFO] [1786010902.219053537] [closed_loop_controller]: Received trajectory 743, duration 5.120s
[scan_planner_node-4] [FSM]: from EXEC_TRAJ to REPLAN_TRAJ
[scan_planner_node-4] 
[scan_planner_node-4] [rebo replan]: -------------------------------------769
[scan_planner_node-4] start: -8.72  -2.4 0.416,  0.207 -0.554 -0.003
[scan_planner_node-4] goal:-8.5 -5.5  0.4, 0 0 0
[scan_planner_node-4] [32miter(+1)=21,time(ms)=0.077,total_t(ms)=0.077,cost=0.037
[scan_planner_node-4] [0mfirst_optimize_step_success=1
[scan_planner_node-4] Need to reallocate time.
[scan_planner_node-4] total time:[42m0.000366[0m,optimize:0.000177,refine:0.000189
[scan_planner_node-4] final_plan_success=1
[scan_planner_node-4] [FSM]: from REPLAN_TRAJ to EXEC_TRAJ
[closed_loop_controller-6] [INFO] [1786010902.325931779] [closed_loop_controller]: Received trajectory 744, duration 6.213s
[scan_planner_node-4] [FSM]: from EXEC_TRAJ to REPLAN_TRAJ
[scan_planner_node-4] 
[scan_planner_node-4] [rebo replan]: -------------------------------------770
[scan_planner_node-4] start:  -8.7 -2.46 0.415,  0.205 -0.559 -0.003
[scan_planner_node-4] goal:-8.5 -5.5  0.4, 0 0 0
[scan_planner_node-4] [32miter(+1)=20,time(ms)=0.079,total_t(ms)=0.080,cost=0.031
[scan_planner_node-4] [0mfirst_optimize_step_success=1
[scan_planner_node-4] Need to reallocate time.
[scan_planner_node-4] total time:[42m0.000382[0m,optimize:0.000186,refine:0.000196
[scan_planner_node-4] final_plan_success=1
[scan_planner_node-4] [FSM]: from REPLAN_TRAJ to EXEC_TRAJ
[closed_loop_controller-6] [INFO] [1786010902.427193995] [closed_loop_controller]: Received trajectory 745, duration 6.067s
[scan_planner_node-4] [FSM]: from EXEC_TRAJ to REPLAN_TRAJ
[scan_planner_node-4] 
[scan_planner_node-4] [rebo replan]: -------------------------------------771
[scan_planner_node-4] start: -8.68 -2.52 0.415,    0.2 -0.563 -0.003
[scan_planner_node-4] goal:-8.5 -5.5  0.4, 0 0 0
[scan_planner_node-4] [32miter(+1)=22,time(ms)=0.082,total_t(ms)=0.083,cost=0.036
[scan_planner_node-4] [0mfirst_optimize_step_success=1
[scan_planner_node-4] Need to reallocate time.
[scan_planner_node-4] total time:[42m0.000428[0m,optimize:0.000192,refine:0.000237
[scan_planner_node-4] final_plan_success=1
[scan_planner_node-4] [FSM]: from REPLAN_TRAJ to EXEC_TRAJ
[closed_loop_controller-6] [INFO] [1786010902.528219275] [closed_loop_controller]: Received trajectory 746, duration 5.738s
[scan_planner_node-4] [FSM]: from EXEC_TRAJ to REPLAN_TRAJ
[scan_planner_node-4] 
[scan_planner_node-4] [rebo replan]: -------------------------------------772
[scan_planner_node-4] start: -8.66 -2.58 0.415,    0.193   -0.565 -0.00299
[scan_planner_node-4] goal:-8.5 -5.5  0.4, 0 0 0
[scan_planner_node-4] [32miter(+1)=24,time(ms)=0.093,total_t(ms)=0.093,cost=0.029
[scan_planner_node-4] [0mfirst_optimize_step_success=1
[scan_planner_node-4] Need to reallocate time.
[scan_planner_node-4] total time:[42m0.000363[0m,optimize:0.00019,refine:0.000172
[scan_planner_node-4] final_plan_success=1
[scan_planner_node-4] [FSM]: from REPLAN_TRAJ to EXEC_TRAJ
[closed_loop_controller-6] [INFO] [1786010902.639370138] [closed_loop_controller]: Received trajectory 747, duration 5.621s
[scan_planner_node-4] [FSM]: from EXEC_TRAJ to REPLAN_TRAJ
[scan_planner_node-4] 
[scan_planner_node-4] [rebo replan]: -------------------------------------773
[scan_planner_node-4] start: -8.64 -2.64 0.414,    0.185   -0.565 -0.00298
[scan_planner_node-4] goal:-8.5 -5.5  0.4, 0 0 0
[scan_planner_node-4] [32miter(+1)=21,time(ms)=0.075,total_t(ms)=0.075,cost=0.025
[scan_planner_node-4] [0mfirst_optimize_step_success=1
[scan_planner_node-4] total time:[42m0.000207[0m,optimize:0.000171,refine:3.6e-05
[scan_planner_node-4] final_plan_success=1
[scan_planner_node-4] [FSM]: from REPLAN_TRAJ to EXEC_TRAJ
[closed_loop_controller-6] [INFO] [1786010902.740488458] [closed_loop_controller]: Received trajectory 748, duration 4.800s
[scan_planner_node-4] [FSM]: from EXEC_TRAJ to REPLAN_TRAJ
[scan_planner_node-4] 
[scan_planner_node-4] [rebo replan]: -------------------------------------774
[scan_planner_node-4] start: -8.62  -2.7 0.414,    0.176   -0.569 -0.00299
[scan_planner_node-4] goal:-8.5 -5.5  0.4, 0 0 0
[scan_planner_node-4] [32miter(+1)=25,time(ms)=0.113,total_t(ms)=0.114,cost=0.027
[scan_planner_node-4] [0mfirst_optimize_step_success=1
[scan_planner_node-4] total time:[42m0.000274[0m,optimize:0.00023,refine:4.44e-05
[scan_planner_node-4] final_plan_success=1
[scan_planner_node-4] [FSM]: from REPLAN_TRAJ to EXEC_TRAJ
[closed_loop_controller-6] [INFO] [1786010902.846708601] [closed_loop_controller]: Received trajectory 749, duration 4.480s
[scan_planner_node-4] [FSM]: from EXEC_TRAJ to REPLAN_TRAJ
[scan_planner_node-4] 
[scan_planner_node-4] [rebo replan]: -------------------------------------775
[scan_planner_node-4] start: -8.59 -2.79 0.414,    0.162   -0.574 -0.00304
[scan_planner_node-4] goal:-8.5 -5.5  0.4, 0 0 0
[scan_planner_node-4] [32miter(+1)=21,time(ms)=0.075,total_t(ms)=0.075,cost=0.035
[scan_planner_node-4] [0mfirst_optimize_step_success=1
[scan_planner_node-4] Need to reallocate time.
[scan_planner_node-4] total time:[42m0.000398[0m,optimize:0.000169,refine:0.000229
[scan_planner_node-4] final_plan_success=1
[scan_planner_node-4] [FSM]: from REPLAN_TRAJ to EXEC_TRAJ
[closed_loop_controller-6] [INFO] [1786010902.994080463] [closed_loop_controller]: Received trajectory 750, duration 5.307s
[scan_planner_node-4] [FSM]: from EXEC_TRAJ to REPLAN_TRAJ
[scan_planner_node-4] 
[scan_planner_node-4] [rebo replan]: -------------------------------------776
[scan_planner_node-4] start: -8.58 -2.85 0.413,    0.152   -0.573 -0.00306
[scan_planner_node-4] goal:-8.5 -5.5  0.4, 0 0 0
[scan_planner_node-4] [32miter(+1)=19,time(ms)=0.065,total_t(ms)=0.066,cost=0.029
[scan_planner_node-4] [0mfirst_optimize_step_success=1
[scan_planner_node-4] Need to reallocate time.
[scan_planner_node-4] total time:[42m0.00035[0m,optimize:0.00016,refine:0.00019
[scan_planner_node-4] final_plan_success=1
[scan_planner_node-4] [FSM]: from REPLAN_TRAJ to EXEC_TRAJ
[closed_loop_controller-6] [INFO] [1786010903.087655880] [closed_loop_controller]: Received trajectory 751, duration 5.226s
[scan_planner_node-4] [INFO] [1786010903.156040131] [scan_planner_node]: [MapDecay] decayed=1157 cleared=535 active_occupied=6187
[scan_planner_node-4] [FSM]: from EXEC_TRAJ to REPLAN_TRAJ
[scan_planner_node-4] 
[scan_planner_node-4] [rebo replan]: -------------------------------------777
[scan_planner_node-4] start: -8.56 -2.91 0.413,    0.141   -0.569 -0.00305
[scan_planner_node-4] goal:-8.5 -5.5  0.4, 0 0 0
[scan_planner_node-4] [32miter(+1)=21,time(ms)=0.066,total_t(ms)=0.067,cost=0.036
[scan_planner_node-4] [0mfirst_optimize_step_success=1
[scan_planner_node-4] Need to reallocate time.
[scan_planner_node-4] total time:[42m0.000332[0m,optimize:0.000163,refine:0.000169
[scan_planner_node-4] final_plan_success=1
[scan_planner_node-4] [FSM]: from REPLAN_TRAJ to EXEC_TRAJ
[closed_loop_controller-6] [INFO] [1786010903.194323992] [closed_loop_controller]: Received trajectory 752, duration 4.939s
[scan_planner_node-4] [FSM]: from EXEC_TRAJ to REPLAN_TRAJ
[scan_planner_node-4] 
[scan_planner_node-4] [rebo replan]: -------------------------------------778
[scan_planner_node-4] start: -8.55 -2.97 0.413,     0.13   -0.563 -0.00304
[scan_planner_node-4] goal:-8.5 -5.5  0.4, 0 0 0
[scan_planner_node-4] [32miter(+1)=24,time(ms)=0.072,total_t(ms)=0.072,cost=0.028
[scan_planner_node-4] [0mfirst_optimize_step_success=1
[scan_planner_node-4] Need to reallocate time.
[scan_planner_node-4] total time:[42m0.000306[0m,optimize:0.00016,refine:0.000146
[scan_planner_node-4] final_plan_success=1
[scan_planner_node-4] [FSM]: from REPLAN_TRAJ to EXEC_TRAJ
[closed_loop_controller-6] [INFO] [1786010903.287487228] [closed_loop_controller]: Received trajectory 753, duration 4.862s
[scan_planner_node-4] [FSM]: from EXEC_TRAJ to REPLAN_TRAJ
[scan_planner_node-4] 
[scan_planner_node-4] [rebo replan]: -------------------------------------779
[scan_planner_node-4] start: -8.53 -3.03 0.412,    0.118   -0.557 -0.00302
[scan_planner_node-4] goal:-8.5 -5.5  0.4, 0 0 0
[scan_planner_node-4] [32miter(+1)=23,time(ms)=0.086,total_t(ms)=0.086,cost=0.024
[scan_planner_node-4] [0mfirst_optimize_step_success=1
[scan_planner_node-4] total time:[42m0.000239[0m,optimize:0.0002,refine:3.91e-05
[scan_planner_node-4] final_plan_success=1
[scan_planner_node-4] [FSM]: from REPLAN_TRAJ to EXEC_TRAJ
[closed_loop_controller-6] [INFO] [1786010903.394681317] [closed_loop_controller]: Received trajectory 754, duration 4.160s
[scan_planner_node-4] [FSM]: from EXEC_TRAJ to REPLAN_TRAJ
[scan_planner_node-4] 
[scan_planner_node-4] [rebo replan]: -------------------------------------780
[scan_planner_node-4] start: -8.52 -3.08 0.412,    0.109   -0.553 -0.00301
[scan_planner_node-4] goal:-8.5 -5.5  0.4, 0 0 0
[scan_planner_node-4] [32miter(+1)=18,time(ms)=0.053,total_t(ms)=0.054,cost=0.030
[scan_planner_node-4] [0mfirst_optimize_step_success=1
[scan_planner_node-4] Need to reallocate time.
[scan_planner_node-4] total time:[42m0.00028[0m,optimize:0.000141,refine:0.000139
[scan_planner_node-4] final_plan_success=1
[scan_planner_node-4] [FSM]: from REPLAN_TRAJ to EXEC_TRAJ
[closed_loop_controller-6] [INFO] [1786010903.482987178] [closed_loop_controller]: Received trajectory 755, duration 4.869s
[scan_planner_node-4] [FSM]: from EXEC_TRAJ to REPLAN_TRAJ
[scan_planner_node-4] [FSM]: state: REPLAN_TRAJ
[scan_planner_node-4] 
[scan_planner_node-4] [rebo replan]: -------------------------------------781
[scan_planner_node-4] start: -8.51 -3.15 0.412,   0.0967   -0.547 -0.00301
[scan_planner_node-4] goal:-8.5 -5.5  0.4, 0 0 0
[scan_planner_node-4] [32miter(+1)=22,time(ms)=0.074,total_t(ms)=0.075,cost=0.040
[scan_planner_node-4] [0mfirst_optimize_step_success=1
[scan_planner_node-4] Need to reallocate time.
[scan_planner_node-4] total time:[42m0.000311[0m,optimize:0.000165,refine:0.000145
[scan_planner_node-4] final_plan_success=1
[scan_planner_node-4] [FSM]: from REPLAN_TRAJ to EXEC_TRAJ
[closed_loop_controller-6] [INFO] [1786010903.594512915] [closed_loop_controller]: Received trajectory 756, duration 4.612s
[scan_planner_node-4] [FSM]: from EXEC_TRAJ to REPLAN_TRAJ
[scan_planner_node-4] 
[scan_planner_node-4] [rebo replan]: -------------------------------------782
[scan_planner_node-4] start:  -8.5 -3.21 0.411, 0.0872 -0.541 -0.003
[scan_planner_node-4] goal:-8.5 -5.5  0.4, 0 0 0
[scan_planner_node-4] [32miter(+1)=19,time(ms)=0.053,total_t(ms)=0.054,cost=0.034
[scan_planner_node-4] [0mfirst_optimize_step_success=1
[scan_planner_node-4] Need to reallocate time.
[scan_planner_node-4] total time:[42m0.000309[0m,optimize:0.000136,refine:0.000173
[scan_planner_node-4] final_plan_success=1
[scan_planner_node-4] [FSM]: from REPLAN_TRAJ to EXEC_TRAJ
[closed_loop_controller-6] [INFO] [1786010903.686958654] [closed_loop_controller]: Received trajectory 757, duration 4.544s
[scan_planner_node-4] [FSM]: from EXEC_TRAJ to REPLAN_TRAJ
[scan_planner_node-4] 
[scan_planner_node-4] [rebo replan]: -------------------------------------783
[scan_planner_node-4] start: -8.49 -3.28 0.411,    0.076   -0.534 -0.00298
[scan_planner_node-4] goal:-8.5 -5.5  0.4, 0 0 0
[scan_planner_node-4] [32miter(+1)=19,time(ms)=0.075,total_t(ms)=0.075,cost=0.026
[scan_planner_node-4] [0mfirst_optimize_step_success=1
[scan_planner_node-4] Need to reallocate time.
[scan_planner_node-4] total time:[42m0.000348[0m,optimize:0.000186,refine:0.000162
[scan_planner_node-4] final_plan_success=1
[scan_planner_node-4] [FSM]: from REPLAN_TRAJ to EXEC_TRAJ
[closed_loop_controller-6] [INFO] [1786010903.804616539] [closed_loop_controller]: Received trajectory 758, duration 4.458s
[scan_planner_node-4] [FSM]: from EXEC_TRAJ to REPLAN_TRAJ
[scan_planner_node-4] [INFO] [1786010903.882531951] [scan_planner_node]: [GridMapDiag] cloud=32768 accepted=27309 invalid=5459 below_sensor=0 outside_update=0 sensor_z=0.700 cutoff_z=1.700
[scan_planner_node-4] 
[scan_planner_node-4] [rebo replan]: -------------------------------------784
[scan_planner_node-4] start: -8.48 -3.33 0.411,   0.0689    -0.53 -0.00297
[scan_planner_node-4] goal:-8.5 -5.5  0.4, 0 0 0
[scan_planner_node-4] [32miter(+1)=24,time(ms)=0.082,total_t(ms)=0.083,cost=0.034
[scan_planner_node-4] [0mfirst_optimize_step_success=1
[scan_planner_node-4] Need to reallocate time.
[scan_planner_node-4] total time:[42m0.000309[0m,optimize:0.000162,refine:0.000148
[scan_planner_node-4] final_plan_success=1
[scan_planner_node-4] [FSM]: from REPLAN_TRAJ to EXEC_TRAJ
[closed_loop_controller-6] [INFO] [1786010903.883394967] [closed_loop_controller]: Received trajectory 759, duration 4.099s
[scan_planner_node-4] [FSM]: from EXEC_TRAJ to REPLAN_TRAJ
[scan_planner_node-4] 
[scan_planner_node-4] [rebo replan]: -------------------------------------785
[scan_planner_node-4] start: -8.48  -3.4  0.41,     0.06   -0.527 -0.00296
[scan_planner_node-4] goal:-8.5 -5.5  0.4, 0 0 0
[scan_planner_node-4] [32miter(+1)=16,time(ms)=0.074,total_t(ms)=0.075,cost=0.046
[scan_planner_node-4] [0mfirst_optimize_step_success=1
[scan_planner_node-4] Need to reallocate time.
[scan_planner_node-4] total time:[42m0.000454[0m,optimize:0.000194,refine:0.00026
[scan_planner_node-4] final_plan_success=1
[scan_planner_node-4] [FSM]: from REPLAN_TRAJ to EXEC_TRAJ
[closed_loop_controller-6] [INFO] [1786010903.995936802] [closed_loop_controller]: Received trajectory 760, duration 4.268s
[scan_planner_node-4] [FSM]: from EXEC_TRAJ to REPLAN_TRAJ
[scan_planner_node-4] 
[scan_planner_node-4] [rebo replan]: -------------------------------------786
[scan_planner_node-4] start: -8.47 -3.45  0.41,   0.0537   -0.527 -0.00295
[scan_planner_node-4] goal:-8.5 -5.5  0.4, 0 0 0
[scan_planner_node-4] [32miter(+1)=16,time(ms)=0.043,total_t(ms)=0.044,cost=0.038
[scan_planner_node-4] [0mfirst_optimize_step_success=1
[scan_planner_node-4] Need to reallocate time.
[scan_planner_node-4] total time:[42m0.000256[0m,optimize:0.000117,refine:0.00014
[scan_planner_node-4] final_plan_success=1
[scan_planner_node-4] [FSM]: from REPLAN_TRAJ to EXEC_TRAJ
[closed_loop_controller-6] [INFO] [1786010904.086002998] [closed_loop_controller]: Received trajectory 761, duration 4.164s
[scan_planner_node-4] [INFO] [1786010904.159050455] [scan_planner_node]: [MapDecay] decayed=1041 cleared=486 active_occupied=7043
[scan_planner_node-4] [FSM]: from EXEC_TRAJ to REPLAN_TRAJ
[scan_planner_node-4] 
[scan_planner_node-4] [rebo replan]: -------------------------------------787
[scan_planner_node-4] start: -8.46 -3.52  0.41,   0.0466   -0.528 -0.00294
[scan_planner_node-4] goal:-8.5 -5.5  0.4, 0 0 0
[scan_planner_node-4] [32miter(+1)=19,time(ms)=0.058,total_t(ms)=0.058,cost=0.046
[scan_planner_node-4] [0mfirst_optimize_step_success=1
[scan_planner_node-4] Need to reallocate time.
[scan_planner_node-4] total time:[42m0.000297[0m,optimize:0.000133,refine:0.000164
[scan_planner_node-4] final_plan_success=1
[scan_planner_node-4] [FSM]: from REPLAN_TRAJ to EXEC_TRAJ
[closed_loop_controller-6] [INFO] [1786010904.198005087] [closed_loop_controller]: Received trajectory 762, duration 3.774s
[scan_planner_node-4] [FSM]: from EXEC_TRAJ to REPLAN_TRAJ
[scan_planner_node-4] 
[scan_planner_node-4] [rebo replan]: -------------------------------------788
[scan_planner_node-4] start: -8.46 -3.58  0.41,   0.0421   -0.531 -0.00293
[scan_planner_node-4] goal:-8.5 -5.5  0.4, 0 0 0
[scan_planner_node-4] [32miter(+1)=20,time(ms)=0.092,total_t(ms)=0.093,cost=0.037
[scan_planner_node-4] [0mfirst_optimize_step_success=1
[scan_planner_node-4] Need to reallocate time.
[scan_planner_node-4] total time:[42m0.000374[0m,optimize:0.000211,refine:0.000163
[scan_planner_node-4] final_plan_success=1
[scan_planner_node-4] [FSM]: from REPLAN_TRAJ to EXEC_TRAJ
[closed_loop_controller-6] [INFO] [1786010904.283049950] [closed_loop_controller]: Received trajectory 763, duration 3.707s
[scan_planner_node-4] [FSM]: from EXEC_TRAJ to REPLAN_TRAJ
[scan_planner_node-4] 
[scan_planner_node-4] [rebo replan]: -------------------------------------789
[scan_planner_node-4] start: -8.45 -3.65 0.409,   0.0368    -0.54 -0.00293
[scan_planner_node-4] goal:-8.5 -5.5  0.4, 0 0 0
[scan_planner_node-4] [32miter(+1)=20,time(ms)=0.071,total_t(ms)=0.072,cost=0.026
[scan_planner_node-4] [0mfirst_optimize_step_success=1
[scan_planner_node-4] total time:[42m0.000177[0m,optimize:0.000153,refine:2.4e-05
[scan_planner_node-4] final_plan_success=1
[scan_planner_node-4] [FSM]: from REPLAN_TRAJ to EXEC_TRAJ
[closed_loop_controller-6] [INFO] [1786010904.401074578] [closed_loop_controller]: Received trajectory 764, duration 3.200s
[scan_planner_node-4] [FSM]: from EXEC_TRAJ to REPLAN_TRAJ
[scan_planner_node-4] 
[scan_planner_node-4] [rebo replan]: -------------------------------------790
[scan_planner_node-4] start: -8.45  -3.7 0.409,   0.0341   -0.555 -0.00294
[scan_planner_node-4] goal:-8.5 -5.5  0.4, 0 0 0
[scan_planner_node-4] [32miter(+1)=17,time(ms)=0.040,total_t(ms)=0.040,cost=0.055
[scan_planner_node-4] [0mfirst_optimize_step_success=1
[scan_planner_node-4] Need to reallocate time.
[scan_planner_node-4] total time:[42m0.000219[0m,optimize:0.000106,refine:0.000113
[scan_planner_node-4] final_plan_success=1
[scan_planner_node-4] [FSM]: from REPLAN_TRAJ to EXEC_TRAJ
[closed_loop_controller-6] [INFO] [1786010904.490109857] [closed_loop_controller]: Received trajectory 765, duration 3.432s
[scan_planner_node-4] [FSM]: from EXEC_TRAJ to REPLAN_TRAJ
[scan_planner_node-4] 
[scan_planner_node-4] [rebo replan]: -------------------------------------791
[scan_planner_node-4] start: -8.45 -3.77 0.409,   0.0316   -0.579 -0.00296
[scan_planner_node-4] goal:-8.5 -5.5  0.4, 0 0 0
[scan_planner_node-4] [32miter(+1)=19,time(ms)=0.050,total_t(ms)=0.051,cost=0.040
[scan_planner_node-4] [0mfirst_optimize_step_success=1
[scan_planner_node-4] Need to reallocate time.
[scan_planner_node-4] total time:[42m0.000227[0m,optimize:0.000119,refine:0.000108
[scan_planner_node-4] final_plan_success=1
[scan_planner_node-4] [FSM]: from REPLAN_TRAJ to EXEC_TRAJ
[closed_loop_controller-6] [INFO] [1786010904.600062743] [closed_loop_controller]: Received trajectory 766, duration 3.348s
[scan_planner_node-4] [FSM]: from EXEC_TRAJ to REPLAN_TRAJ
[scan_planner_node-4] 
[scan_planner_node-4] [rebo replan]: -------------------------------------792
[scan_planner_node-4] start: -8.44 -3.82 0.408,   0.0299   -0.597 -0.00296
[scan_planner_node-4] goal:-8.5 -5.5  0.4, 0 0 0
[scan_planner_node-4] [32miter(+1)=19,time(ms)=0.055,total_t(ms)=0.056,cost=0.031
[scan_planner_node-4] [0mfirst_optimize_step_success=1
[scan_planner_node-4] Need to reallocate time.
[scan_planner_node-4] total time:[42m0.000238[0m,optimize:0.000136,refine:0.000102
[scan_planner_node-4] final_plan_success=1
[scan_planner_node-4] [FSM]: from REPLAN_TRAJ to EXEC_TRAJ
[closed_loop_controller-6] [INFO] [1786010904.682943926] [closed_loop_controller]: Received trajectory 767, duration 3.285s
[scan_planner_node-4] [FSM]: from EXEC_TRAJ to REPLAN_TRAJ
[scan_planner_node-4] 
[scan_planner_node-4] [rebo replan]: -------------------------------------793
[scan_planner_node-4] start: -8.44 -3.89 0.408,   0.0276   -0.621 -0.00296
[scan_planner_node-4] goal:-8.5 -5.5  0.4, 0 0 0
[scan_planner_node-4] [32miter(+1)=15,time(ms)=0.051,total_t(ms)=0.051,cost=0.069
[scan_planner_node-4] [0mfirst_optimize_step_success=1
[scan_planner_node-4] Need to reallocate time.
[scan_planner_node-4] total time:[42m0.000223[0m,optimize:0.000133,refine:9e-05
[scan_planner_node-4] final_plan_success=1
[scan_planner_node-4] [FSM]: from REPLAN_TRAJ to EXEC_TRAJ
[closed_loop_controller-6] [INFO] [1786010904.798407580] [closed_loop_controller]: Received trajectory 768, duration 3.070s
[scan_planner_node-4] [FSM]: from EXEC_TRAJ to REPLAN_TRAJ
[scan_planner_node-4] 
[scan_planner_node-4] [rebo replan]: -------------------------------------794
[scan_planner_node-4] start: -8.44 -3.95 0.408,   0.0257    -0.64 -0.00295
[scan_planner_node-4] goal:-8.5 -5.5  0.4, 0 0 0
[scan_planner_node-4] [32miter(+1)=15,time(ms)=0.037,total_t(ms)=0.038,cost=0.054
[scan_planner_node-4] [0mfirst_optimize_step_success=1
[scan_planner_node-4] Need to reallocate time.
[scan_planner_node-4] total time:[42m0.000199[0m,optimize:0.000106,refine:9.34e-05
[scan_planner_node-4] final_plan_success=1
[scan_planner_node-4] [FSM]: from REPLAN_TRAJ to EXEC_TRAJ
[closed_loop_controller-6] [INFO] [1786010904.888469004] [closed_loop_controller]: Received trajectory 769, duration 3.015s
[scan_planner_node-4] [FSM]: from EXEC_TRAJ to REPLAN_TRAJ
[scan_planner_node-4] 
[scan_planner_node-4] [rebo replan]: -------------------------------------795
[scan_planner_node-4] start: -8.44 -4.02 0.407,   0.0231   -0.663 -0.00294
[scan_planner_node-4] goal:-8.5 -5.5  0.4, 0 0 0
[scan_planner_node-4] [32miter(+1)=16,time(ms)=0.037,total_t(ms)=0.037,cost=0.039
[scan_planner_node-4] [0mfirst_optimize_step_success=1
[scan_planner_node-4] Need to reallocate time.
[scan_planner_node-4] total time:[42m0.000183[0m,optimize:9.92e-05,refine:8.42e-05
[scan_planner_node-4] final_plan_success=1
[scan_planner_node-4] [FSM]: from REPLAN_TRAJ to EXEC_TRAJ
[closed_loop_controller-6] [INFO] [1786010904.999018059] [closed_loop_controller]: Received trajectory 770, duration 2.953s
[scan_planner_node-4] [FSM]: from EXEC_TRAJ to REPLAN_TRAJ
[scan_planner_node-4] 
[scan_planner_node-4] [rebo replan]: -------------------------------------796
[scan_planner_node-4] start: -8.43 -4.07 0.407,   0.0208   -0.679 -0.00292
[scan_planner_node-4] goal:-8.5 -5.5  0.4, 0 0 0
[scan_planner_node-4] [32miter(+1)=16,time(ms)=0.039,total_t(ms)=0.040,cost=0.030
[scan_planner_node-4] [0mfirst_optimize_step_success=1
[scan_planner_node-4] Need to reallocate time.
[scan_planner_node-4] total time:[42m0.000209[0m,optimize:0.000108,refine:0.0001
[scan_planner_node-4] final_plan_success=1
[scan_planner_node-4] [FSM]: from REPLAN_TRAJ to EXEC_TRAJ
[closed_loop_controller-6] [INFO] [1786010905.087108293] [closed_loop_controller]: Received trajectory 771, duration 2.903s
[scan_planner_node-4] [INFO] [1786010905.163779514] [scan_planner_node]: [MapDecay] decayed=1375 cleared=651 active_occupied=7856
[scan_planner_node-4] [FSM]: from EXEC_TRAJ to REPLAN_TRAJ
[scan_planner_node-4] 
[scan_planner_node-4] [rebo replan]: -------------------------------------797
[scan_planner_node-4] start: -8.43 -4.14 0.407,   0.0176   -0.699 -0.00292
[scan_planner_node-4] goal:-8.5 -5.5  0.4, 0 0 0
[scan_planner_node-4] [32miter(+1)=11,time(ms)=0.027,total_t(ms)=0.028,cost=0.072
[scan_planner_node-4] [0mfirst_optimize_step_success=1
[scan_planner_node-4] Need to reallocate time.
[scan_planner_node-4] total time:[42m0.000167[0m,optimize:8.41e-05,refine:8.31e-05
[scan_planner_node-4] final_plan_success=1
[scan_planner_node-4] [FSM]: from REPLAN_TRAJ to EXEC_TRAJ
[closed_loop_controller-6] [INFO] [1786010905.203054460] [closed_loop_controller]: Received trajectory 772, duration 2.652s
[scan_planner_node-4] [FSM]: from EXEC_TRAJ to REPLAN_TRAJ
[scan_planner_node-4] 
[scan_planner_node-4] [rebo replan]: -------------------------------------798
[scan_planner_node-4] start: -8.43 -4.19 0.406,   0.0152   -0.711 -0.00291
[scan_planner_node-4] goal:-8.5 -5.5  0.4, 0 0 0
[scan_planner_node-4] [32miter(+1)=12,time(ms)=0.039,total_t(ms)=0.040,cost=0.059
[scan_planner_node-4] [0mfirst_optimize_step_success=1
[scan_planner_node-4] Need to reallocate time.
[scan_planner_node-4] total time:[42m0.000223[0m,optimize:0.000117,refine:0.000105
[scan_planner_node-4] final_plan_success=1
[scan_planner_node-4] [FSM]: from REPLAN_TRAJ to EXEC_TRAJ
[closed_loop_controller-6] [INFO] [1786010905.282718450] [closed_loop_controller]: Received trajectory 773, duration 2.612s
[scan_planner_node-4] [FSM]: from EXEC_TRAJ to REPLAN_TRAJ
[scan_planner_node-4] 
[scan_planner_node-4] [rebo replan]: -------------------------------------799
[scan_planner_node-4] start: -8.43 -4.28 0.406,  0.0106  -0.728 -0.0029
[scan_planner_node-4] goal:-8.5 -5.5  0.4, 0 0 0
[scan_planner_node-4] [32miter(+1)=10,time(ms)=0.024,total_t(ms)=0.024,cost=0.134
[scan_planner_node-4] [0mfirst_optimize_step_success=1
[scan_planner_node-4] Need to reallocate time.
[scan_planner_node-4] total time:[42m0.000148[0m,optimize:7.65e-05,refine:7.13e-05
[scan_planner_node-4] final_plan_success=1
[scan_planner_node-4] [FSM]: from REPLAN_TRAJ to EXEC_TRAJ
[closed_loop_controller-6] [INFO] [1786010905.413984482] [closed_loop_controller]: Received trajectory 774, duration 2.293s
[scan_planner_node-4] [FSM]: from EXEC_TRAJ to REPLAN_TRAJ
[scan_planner_node-4] 
[scan_planner_node-4] [rebo replan]: -------------------------------------800
[scan_planner_node-4] start: -8.43 -4.36 0.406,   0.0051   -0.744 -0.00287
[scan_planner_node-4] goal:-8.5 -5.5  0.4, 0 0 0
[scan_planner_node-4] [32miter(+1)=11,time(ms)=0.024,total_t(ms)=0.025,cost=0.094
[scan_planner_node-4] [0mfirst_optimize_step_success=1
[scan_planner_node-4] Need to reallocate time.
[scan_planner_node-4] total time:[42m0.000164[0m,optimize:7.8e-05,refine:8.64e-05
[scan_planner_node-4] final_plan_success=1
[scan_planner_node-4] [FSM]: from REPLAN_TRAJ to EXEC_TRAJ
[closed_loop_controller-6] [INFO] [1786010905.546047669] [closed_loop_controller]: Received trajectory 775, duration 2.240s
[scan_planner_node-4] [FSM]: from EXEC_TRAJ to REPLAN_TRAJ
[scan_planner_node-4] 
[scan_planner_node-4] [rebo replan]: -------------------------------------801
[scan_planner_node-4] start: -8.43 -4.44 0.405,  -0.0007   -0.755 -0.00284
[scan_planner_node-4] goal:-8.5 -5.5  0.4, 0 0 0
[scan_planner_node-4] [32miter(+1)=12,time(ms)=0.026,total_t(ms)=0.027,cost=0.067
[scan_planner_node-4] [0mfirst_optimize_step_success=1
[scan_planner_node-4] Need to reallocate time.
[scan_planner_node-4] total time:[42m0.000164[0m,optimize:8.75e-05,refine:7.65e-05
[scan_planner_node-4] final_plan_success=1
[scan_planner_node-4] [FSM]: from REPLAN_TRAJ to EXEC_TRAJ
[closed_loop_controller-6] [INFO] [1786010905.662334189] [closed_loop_controller]: Received trajectory 776, duration 2.198s
[scan_planner_node-4] [FSM]: from EXEC_TRAJ to REPLAN_TRAJ
[scan_planner_node-4] 
[scan_planner_node-4] [rebo replan]: -------------------------------------802
[scan_planner_node-4] start: -8.43 -4.57 0.405,  -0.0112   -0.767 -0.00282
[scan_planner_node-4] goal:-8.5 -5.5  0.4, 0 0 0
[scan_planner_node-4] [32miter(+1)=15,time(ms)=0.048,total_t(ms)=0.048,cost=0.003
[scan_planner_node-4] [0mfirst_optimize_step_success=1
[scan_planner_node-4] total time:[42m0.000136[0m,optimize:0.000109,refine:2.72e-05
[scan_planner_node-4] final_plan_success=1
[scan_planner_node-4] [FSM]: from REPLAN_TRAJ to EXEC_TRAJ
[closed_loop_controller-6] [INFO] [1786010905.849607966] [closed_loop_controller]: Received trajectory 777, duration 2.240s
[scan_planner_node-4] [FSM]: from EXEC_TRAJ to REPLAN_TRAJ
[scan_planner_node-4] 
[scan_planner_node-4] [rebo replan]: -------------------------------------803
[scan_planner_node-4] start: -8.43 -4.62 0.404,  -0.0166   -0.759 -0.00272
[scan_planner_node-4] goal:-8.5 -5.5  0.4, 0 0 0
[scan_planner_node-4] [32miter(+1)=12,time(ms)=0.041,total_t(ms)=0.041,cost=0.003
[scan_planner_node-4] [0mfirst_optimize_step_success=1
[scan_planner_node-4] total time:[42m0.000124[0m,optimize:0.000104,refine:2.06e-05
[scan_planner_node-4] final_plan_success=1
[scan_planner_node-4] [FSM]: from REPLAN_TRAJ to EXEC_TRAJ
[closed_loop_controller-6] [INFO] [1786010905.962469927] [closed_loop_controller]: Received trajectory 778, duration 2.240s
[scan_planner_node-4] [INFO] [1786010906.001460410] [scan_planner_node]: [GridMapDiag] cloud=32768 accepted=27121 invalid=5647 below_sensor=0 outside_update=0 sensor_z=0.700 cutoff_z=1.700
[scan_planner_node-4] [FSM]: from EXEC_TRAJ to REPLAN_TRAJ
[scan_planner_node-4] 
[scan_planner_node-4] [rebo replan]: -------------------------------------804
[scan_planner_node-4] start: -8.43 -4.71 0.404,  -0.0201   -0.738 -0.00244
[scan_planner_node-4] goal:-8.5 -5.5  0.4, 0 0 0
[scan_planner_node-4] [32miter(+1)=12,time(ms)=0.025,total_t(ms)=0.026,cost=0.005
[scan_planner_node-4] [0mfirst_optimize_step_success=1
[scan_planner_node-4] total time:[42m9.64e-05[0m,optimize:7.61e-05,refine:2.03e-05
[scan_planner_node-4] final_plan_success=1
[scan_planner_node-4] [FSM]: from REPLAN_TRAJ to EXEC_TRAJ
[closed_loop_controller-6] [INFO] [1786010906.121674567] [closed_loop_controller]: Received trajectory 779, duration 1.920s
[scan_planner_node-4] [INFO] [1786010906.203340249] [scan_planner_node]: [MapDecay] decayed=1009 cleared=535 active_occupied=9345
[scan_planner_node-4] [FSM]: from EXEC_TRAJ to REPLAN_TRAJ
[scan_planner_node-4] 
[scan_planner_node-4] [rebo replan]: -------------------------------------805
[scan_planner_node-4] start: -8.43 -4.77 0.404,  -0.0194   -0.714 -0.00223
[scan_planner_node-4] goal:-8.5 -5.5  0.4, 0 0 0
[scan_planner_node-4] [32miter(+1)=11,time(ms)=0.032,total_t(ms)=0.033,cost=0.004
[scan_planner_node-4] [0mfirst_optimize_step_success=1
[scan_planner_node-4] total time:[42m0.000126[0m,optimize:0.000101,refine:2.48e-05
[scan_planner_node-4] final_plan_success=1
[scan_planner_node-4] [FSM]: from REPLAN_TRAJ to EXEC_TRAJ
[closed_loop_controller-6] [INFO] [1786010906.245331487] [closed_loop_controller]: Received trajectory 780, duration 1.920s
[scan_planner_node-4] [FSM]: from EXEC_TRAJ to REPLAN_TRAJ
[scan_planner_node-4] 
[scan_planner_node-4] [rebo replan]: -------------------------------------806
[scan_planner_node-4] start: -8.44 -4.86 0.403, -0.0157  -0.681 -0.0021
[scan_planner_node-4] goal:-8.5 -5.5  0.4, 0 0 0
[scan_planner_node-4] [32miter(+1)=17,time(ms)=0.044,total_t(ms)=0.044,cost=0.002
[scan_planner_node-4] [0mfirst_optimize_step_success=1
[scan_planner_node-4] total time:[42m0.000126[0m,optimize:9.99e-05,refine:2.61e-05
[scan_planner_node-4] final_plan_success=1
[scan_planner_node-4] [FSM]: from REPLAN_TRAJ to EXEC_TRAJ
[closed_loop_controller-6] [INFO] [1786010906.403420325] [closed_loop_controller]: Received trajectory 781, duration 2.560s
[scan_planner_node-4] [FSM]: from EXEC_TRAJ to REPLAN_TRAJ
[scan_planner_node-4] 
[scan_planner_node-4] [rebo replan]: -------------------------------------807
[scan_planner_node-4] start: -8.44 -4.93 0.403, -0.00983   -0.631  -0.0019
[scan_planner_node-4] goal:-8.5 -5.5  0.4, 0 0 0
[scan_planner_node-4] [32miter(+1)=12,time(ms)=0.043,total_t(ms)=0.044,cost=0.003
[scan_planner_node-4] [0mfirst_optimize_step_success=1
[scan_planner_node-4] total time:[42m0.000165[0m,optimize:0.000132,refine:3.36e-05
[scan_planner_node-4] final_plan_success=1
[scan_planner_node-4] [FSM]: from REPLAN_TRAJ to EXEC_TRAJ
[closed_loop_controller-6] [INFO] [1786010906.569209695] [closed_loop_controller]: Received trajectory 782, duration 2.240s
[scan_planner_node-4] [FSM]: from EXEC_TRAJ to REPLAN_TRAJ
[scan_planner_node-4] 
[scan_planner_node-4] [rebo replan]: -------------------------------------808
[scan_planner_node-4] start: -8.44 -4.98 0.403, -0.00424   -0.583 -0.00169
[scan_planner_node-4] goal:-8.5 -5.5  0.4, 0 0 0
[scan_planner_node-4] [32miter(+1)=10,time(ms)=0.023,total_t(ms)=0.024,cost=0.003
[scan_planner_node-4] [0mfirst_optimize_step_success=1
[scan_planner_node-4] total time:[42m9.15e-05[0m,optimize:7.21e-05,refine:1.94e-05
[scan_planner_node-4] final_plan_success=1
[scan_planner_node-4] [FSM]: from REPLAN_TRAJ to EXEC_TRAJ
[closed_loop_controller-6] [INFO] [1786010906.689169504] [closed_loop_controller]: Received trajectory 783, duration 1.920s
[scan_planner_node-4] [FSM]: from EXEC_TRAJ to REPLAN_TRAJ
[scan_planner_node-4] 
[scan_planner_node-4] [rebo replan]: -------------------------------------809
[scan_planner_node-4] start: -8.44 -5.02 0.403,  0.00111   -0.536 -0.00155
[scan_planner_node-4] goal:-8.5 -5.5  0.4, 0 0 0
[scan_planner_node-4] [32miter(+1)=10,time(ms)=0.022,total_t(ms)=0.023,cost=0.003
[scan_planner_node-4] [0mfirst_optimize_step_success=1
[scan_planner_node-4] total time:[42m9.02e-05[0m,optimize:6.97e-05,refine:2.05e-05
[scan_planner_node-4] final_plan_success=1
[scan_planner_node-4] [FSM]: from REPLAN_TRAJ to EXEC_TRAJ
[closed_loop_controller-6] [INFO] [1786010906.805403495] [closed_loop_controller]: Received trajectory 784, duration 1.920s
[scan_planner_node-4] [FSM]: from EXEC_TRAJ to REPLAN_TRAJ
[scan_planner_node-4] 
[scan_planner_node-4] [rebo replan]: -------------------------------------810
[scan_planner_node-4] start: -8.44 -5.07 0.403,  0.00419   -0.479 -0.00149
[scan_planner_node-4] goal:-8.5 -5.5  0.4, 0 0 0
[scan_planner_node-4] [32miter(+1)=9,time(ms)=0.030,total_t(ms)=0.031,cost=0.010
[scan_planner_node-4] [0mfirst_optimize_step_success=1
[scan_planner_node-4] total time:[42m0.000134[0m,optimize:0.000113,refine:2.04e-05
[scan_planner_node-4] final_plan_success=1
[scan_planner_node-4] [FSM]: from REPLAN_TRAJ to EXEC_TRAJ
[closed_loop_controller-6] [INFO] [1786010906.959066040] [closed_loop_controller]: Received trajectory 785, duration 2.560s
[scan_planner_node-4] [FSM]: from EXEC_TRAJ to REPLAN_TRAJ
[scan_planner_node-4] 
[scan_planner_node-4] [rebo replan]: -------------------------------------811
[scan_planner_node-4] start: -8.44 -5.12 0.402,  0.00401   -0.414 -0.00138
[scan_planner_node-4] goal:-8.5 -5.5  0.4, 0 0 0
[scan_planner_node-4] [32miter(+1)=8,time(ms)=0.028,total_t(ms)=0.029,cost=0.004
[scan_planner_node-4] [0mfirst_optimize_step_success=1
[scan_planner_node-4] total time:[42m0.00011[0m,optimize:8.91e-05,refine:2.07e-05
[scan_planner_node-4] final_plan_success=1
[scan_planner_node-4] [FSM]: from REPLAN_TRAJ to EXEC_TRAJ
[closed_loop_controller-6] [INFO] [1786010907.115229735] [closed_loop_controller]: Received trajectory 786, duration 2.240s
[scan_planner_node-4] [FSM]: from EXEC_TRAJ to REPLAN_TRAJ
[scan_planner_node-4] [INFO] [1786010907.275311143] [scan_planner_node]: [MapDecay] decayed=2301 cleared=1215 active_occupied=9210
[scan_planner_node-4] 
[scan_planner_node-4] [rebo replan]: -------------------------------------812
[scan_planner_node-4] start: -8.44 -5.16 0.402,  0.00416   -0.343 -0.00121
[scan_planner_node-4] goal:-8.5 -5.5  0.4, 0 0 0
[scan_planner_node-4] [32miter(+1)=10,time(ms)=0.029,total_t(ms)=0.029,cost=0.003
[scan_planner_node-4] [0mfirst_optimize_step_success=1
[scan_planner_node-4] total time:[42m0.000111[0m,optimize:8.5e-05,refine:2.6e-05
[scan_planner_node-4] final_plan_success=1
[scan_planner_node-4] [FSM]: from REPLAN_TRAJ to EXEC_TRAJ
[closed_loop_controller-6] [INFO] [1786010907.275730892] [closed_loop_controller]: Received trajectory 787, duration 1.920s
[scan_planner_node-4] [FSM]: from EXEC_TRAJ to REPLAN_TRAJ
[scan_planner_node-4] 
[scan_planner_node-4] [rebo replan]: -------------------------------------813
[scan_planner_node-4] start: -8.44  -5.2 0.402,  0.00114   -0.293 -0.00112
[scan_planner_node-4] goal:-8.5 -5.5  0.4, 0 0 0
[scan_planner_node-4] [32miter(+1)=7,time(ms)=0.028,total_t(ms)=0.029,cost=0.002
[scan_planner_node-4] [0mfirst_optimize_step_success=1
[scan_planner_node-4] total time:[42m0.000126[0m,optimize:9.61e-05,refine:3.03e-05
[scan_planner_node-4] final_plan_success=1
[scan_planner_node-4] [FSM]: from REPLAN_TRAJ to EXEC_TRAJ
[closed_loop_controller-6] [INFO] [1786010907.417464408] [closed_loop_controller]: Received trajectory 788, duration 1.920s
[loop_path_publisher.py-9] [INFO] [1786010907.466264758] [loop_path_publisher]: Published closed reference path with 328 dense points, run 2
[scan_planner_node-4] [FSM]: from EXEC_TRAJ to REPLAN_TRAJ
[terrain_path_visualizer-10] [INFO] [1786010907.506902007] [terrain_path_segmenter]: Segmented 328 path points into 8 sections
[scan_planner_node-4] 
[scan_planner_node-4] [rebo replan]: -------------------------------------814
[scan_planner_node-4] start: -8.44 -5.23 0.402, -0.00856   -0.256 -0.00111
[scan_planner_node-4] goal:-8.5 -5.5  0.4, 0 0 0
[scan_planner_node-4] [32miter(+1)=5,time(ms)=0.017,total_t(ms)=0.017,cost=0.007
[scan_planner_node-4] [0mfirst_optimize_step_success=1
[scan_planner_node-4] total time:[42m9.76e-05[0m,optimize:7.65e-05,refine:2.1e-05
[scan_planner_node-4] final_plan_success=1
[scan_planner_node-4] [FSM]: from REPLAN_TRAJ to EXEC_TRAJ
[closed_loop_controller-6] [INFO] [1786010907.582730032] [closed_loop_controller]: Received trajectory 789, duration 2.240s
[scan_planner_node-4] [INFO] [1786010907.640260506] [scan_planner_node]: [MapRefresh] Cleared occupancy and inflation for a new reference path; observation_sequence=673
[scan_planner_node-4] [INFO] [1786010907.640379613] [scan_planner_node]: [MapRefresh] Deferred reference path until 2 fresh map observations have been fused (target_sequence=675)
[scan_planner_node-4] [INFO] [1786010907.920314114] [scan_planner_node]: [MapRefresh] Fresh map ready at observation_sequence=675; accepting deferred reference path
[scan_planner_node-4] [TRIG]: from EXEC_TRAJ to REPLAN_TRAJ
[scan_planner_node-4] 
[scan_planner_node-4] [rebo replan]: -------------------------------------815
[scan_planner_node-4] start: -8.44 -5.29 0.402,   -0.0176    -0.153 -0.000785
[scan_planner_node-4] goal:-8.5 -7.5  0.9, 0 0 0
[scan_planner_node-4] [INFO] [1786010907.922011964] [scan_planner_node]: Reference path accepted
[scan_planner_node-4] [32miter(+1)=12,time(ms)=0.054,total_t(ms)=0.054,cost=0.020
[scan_planner_node-4] [0mfirst_optimize_step_success=1
[scan_planner_node-4] total time:[42m0.000216[0m,optimize:0.000177,refine:3.93e-05
[scan_planner_node-4] final_plan_success=1
[scan_planner_node-4] [FSM]: from REPLAN_TRAJ to EXEC_TRAJ
[closed_loop_controller-6] [INFO] [1786010907.922542909] [closed_loop_controller]: Received trajectory 790, duration 4.480s
[scan_planner_node-4] [INFO] [1786010908.004645376] [scan_planner_node]: [GridMapDiag] cloud=32768 accepted=27068 invalid=5700 below_sensor=0 outside_update=0 sensor_z=0.700 cutoff_z=1.700
[scan_planner_node-4] [FSM]: from EXEC_TRAJ to REPLAN_TRAJ
[scan_planner_node-4] 
[scan_planner_node-4] [rebo replan]: -------------------------------------816
[scan_planner_node-4] start: -8.44 -5.31 0.404, -0.0157  -0.116 0.00706
[scan_planner_node-4] goal:-8.5 -7.5  0.9, 0 0 0
[scan_planner_node-4] [32miter(+1)=14,time(ms)=0.044,total_t(ms)=0.044,cost=0.127
[scan_planner_node-4] [0mfirst_optimize_step_success=1
[scan_planner_node-4] Need to reallocate time.
[scan_planner_node-4] total time:[42m0.000309[0m,optimize:0.00014,refine:0.000168
[scan_planner_node-4] final_plan_success=1
[scan_planner_node-4] [FSM]: from REPLAN_TRAJ to EXEC_TRAJ
[closed_loop_controller-6] [INFO] [1786010908.080435820] [closed_loop_controller]: Received trajectory 791, duration 4.726s
[scan_planner_node-4] [FSM]: from EXEC_TRAJ to REPLAN_TRAJ
[scan_planner_node-4] 
[scan_planner_node-4] [rebo replan]: -------------------------------------817
[scan_planner_node-4] start: -8.45 -5.38 0.421, -0.0146   -0.12  0.0357
[scan_planner_node-4] goal:-8.5 -7.5  0.9, 0 0 0
[scan_planner_node-4] [32miter(+1)=13,time(ms)=0.037,total_t(ms)=0.038,cost=0.179
[scan_planner_node-4] [0mfirst_optimize_step_success=1
[scan_planner_node-4] Need to reallocate time.
[scan_planner_node-4] total time:[42m0.00023[0m,optimize:0.000114,refine:0.000116
[scan_planner_node-4] final_plan_success=1
[scan_planner_node-4] [FSM]: from REPLAN_TRAJ to EXEC_TRAJ
[closed_loop_controller-6] [INFO] [1786010908.232381808] [closed_loop_controller]: Received trajectory 792, duration 4.594s
[scan_planner_node-4] [FSM]: from EXEC_TRAJ to REPLAN_TRAJ
[scan_planner_node-4] [INFO] [1786010908.363363443] [scan_planner_node]: [MapDecay] decayed=100 cleared=65 active_occupied=7974
[scan_planner_node-4] 
[scan_planner_node-4] [rebo replan]: -------------------------------------818
[scan_planner_node-4] start: -8.45 -5.43 0.435, -0.014  -0.14 0.0705
[scan_planner_node-4] goal:-8.5 -7.5  0.9, 0 0 0
[scan_planner_node-4] [32miter(+1)=15,time(ms)=0.045,total_t(ms)=0.045,cost=0.120
[scan_planner_node-4] [0mfirst_optimize_step_success=1
[scan_planner_node-4] Need to reallocate time.
[scan_planner_node-4] total time:[42m0.000272[0m,optimize:0.00013,refine:0.000142
[scan_planner_node-4] final_plan_success=1
[scan_planner_node-4] [FSM]: from REPLAN_TRAJ to EXEC_TRAJ
[closed_loop_controller-6] [INFO] [1786010908.363915989] [closed_loop_controller]: Received trajectory 793, duration 4.492s
[scan_planner_node-4] [FSM]: from EXEC_TRAJ to REPLAN_TRAJ
[scan_planner_node-4] [FSM]: state: REPLAN_TRAJ
[scan_planner_node-4] 
[scan_planner_node-4] [rebo replan]: -------------------------------------819
[scan_planner_node-4] start: -8.46 -5.49 0.448, -0.0136  -0.164  0.0964
[scan_planner_node-4] goal:-8.5 -7.5  0.9, 0 0 0
[scan_planner_node-4] [32miter(+1)=15,time(ms)=0.049,total_t(ms)=0.050,cost=0.080
[scan_planner_node-4] [0mfirst_optimize_step_success=1
[scan_planner_node-4] Need to reallocate time.
[scan_planner_node-4] total time:[42m0.000252[0m,optimize:0.000131,refine:0.000121
[scan_planner_node-4] final_plan_success=1
[scan_planner_node-4] [FSM]: from REPLAN_TRAJ to EXEC_TRAJ
[closed_loop_controller-6] [INFO] [1786010908.483911367] [closed_loop_controller]: Received trajectory 794, duration 4.365s
[scan_planner_node-4] [FSM]: from EXEC_TRAJ to REPLAN_TRAJ
[scan_planner_node-4] 
[scan_planner_node-4] [rebo replan]: -------------------------------------820
[scan_planner_node-4] start: -8.46 -5.55 0.462, -0.0134  -0.194   0.115
[scan_planner_node-4] goal:-8.5 -7.5  0.9, 0 0 0
[scan_planner_node-4] [32miter(+1)=14,time(ms)=0.039,total_t(ms)=0.039,cost=0.054
[scan_planner_node-4] [0mfirst_optimize_step_success=1
[scan_planner_node-4] Need to reallocate time.
[scan_planner_node-4] total time:[42m0.000235[0m,optimize:0.000114,refine:0.000121
[scan_planner_node-4] final_plan_success=1
[scan_planner_node-4] [FSM]: from REPLAN_TRAJ to EXEC_TRAJ
[closed_loop_controller-6] [INFO] [1786010908.606987663] [closed_loop_controller]: Received trajectory 795, duration 4.222s
[scan_planner_node-4] [FSM]: from EXEC_TRAJ to REPLAN_TRAJ
[scan_planner_node-4] 
[scan_planner_node-4] [rebo replan]: -------------------------------------821
[scan_planner_node-4] start: -8.46 -5.62 0.484, -0.013 -0.242   0.13
[scan_planner_node-4] goal:-8.5 -7.5  0.9, 0 0 0
[scan_planner_node-4] [32miter(+1)=13,time(ms)=0.047,total_t(ms)=0.047,cost=0.115
[scan_planner_node-4] [0mfirst_optimize_step_success=1
[scan_planner_node-4] Need to reallocate time.
[scan_planner_node-4] total time:[42m0.000311[0m,optimize:0.00015,refine:0.000161
[scan_planner_node-4] final_plan_success=1
[scan_planner_node-4] [FSM]: from REPLAN_TRAJ to EXEC_TRAJ
[closed_loop_controller-6] [INFO] [1786010908.781368303] [closed_loop_controller]: Received trajectory 796, duration 4.107s
[scan_planner_node-4] [FSM]: from EXEC_TRAJ to REPLAN_TRAJ
[scan_planner_node-4] 
[scan_planner_node-4] [rebo replan]: -------------------------------------822
[scan_planner_node-4] start: -8.47 -5.69 0.504, -0.0126  -0.288   0.132
[scan_planner_node-4] goal:-8.5 -7.5  0.9, 0 0 0
[scan_planner_node-4] [32miter(+1)=12,time(ms)=0.051,total_t(ms)=0.051,cost=0.067
[scan_planner_node-4] [0mfirst_optimize_step_success=1
[scan_planner_node-4] Need to reallocate time.
[scan_planner_node-4] total time:[42m0.000363[0m,optimize:0.000159,refine:0.000204
[scan_planner_node-4] final_plan_success=1
[scan_planner_node-4] [FSM]: from REPLAN_TRAJ to EXEC_TRAJ
[closed_loop_controller-6] [INFO] [1786010908.940752893] [closed_loop_controller]: Received trajectory 797, duration 3.973s
[scan_planner_node-4] [FSM]: from EXEC_TRAJ to REPLAN_TRAJ
[scan_planner_node-4] 
[scan_planner_node-4] [rebo replan]: -------------------------------------823
[scan_planner_node-4] start: -8.47 -5.77 0.529, -0.012 -0.346  0.129
[scan_planner_node-4] goal:-8.5 -7.5  0.9, 0 0 0
[scan_planner_node-4] [32miter(+1)=17,time(ms)=0.043,total_t(ms)=0.044,cost=0.112
[scan_planner_node-4] [0mfirst_optimize_step_success=1
[scan_planner_node-4] Need to reallocate time.
[scan_planner_node-4] total time:[42m0.000225[0m,optimize:0.000115,refine:0.00011
[scan_planner_node-4] final_plan_success=1
[scan_planner_node-4] [FSM]: from REPLAN_TRAJ to EXEC_TRAJ
[closed_loop_controller-6] [INFO] [1786010909.134005364] [closed_loop_controller]: Received trajectory 798, duration 3.537s
[scan_planner_node-4] [FSM]: from EXEC_TRAJ to REPLAN_TRAJ
[scan_planner_node-4] 
[scan_planner_node-4] [rebo replan]: -------------------------------------824
[scan_planner_node-4] start: -8.47 -5.87 0.553, -0.0109  -0.405   0.124
[scan_planner_node-4] goal:-8.5 -7.5  0.9, 0 0 0
[scan_planner_node-4] [32miter(+1)=17,time(ms)=0.043,total_t(ms)=0.043,cost=0.051
[scan_planner_node-4] [0mfirst_optimize_step_success=1
[scan_planner_node-4] Need to reallocate time.
[scan_planner_node-4] total time:[42m0.000214[0m,optimize:0.000112,refine:0.000103
[scan_planner_node-4] final_plan_success=1
[scan_planner_node-4] [FSM]: from REPLAN_TRAJ to EXEC_TRAJ
[closed_loop_controller-6] [INFO] [1786010909.326612140] [closed_loop_controller]: Received trajectory 799, duration 3.360s
[scan_planner_node-4] [INFO] [1786010909.371017206] [scan_planner_node]: [MapDecay] decayed=1263 cleared=520 active_occupied=10030
[scan_planner_node-4] [FSM]: from EXEC_TRAJ to REPLAN_TRAJ
[scan_planner_node-4] 
[scan_planner_node-4] [rebo replan]: -------------------------------------825
[scan_planner_node-4] start: -8.47 -5.95 0.573, -0.00957   -0.457    0.122
[scan_planner_node-4] goal:-8.5 -7.5  0.9, 0 0 0
[scan_planner_node-4] [32miter(+1)=14,time(ms)=0.033,total_t(ms)=0.033,cost=0.117
[scan_planner_node-4] [0mfirst_optimize_step_success=1
[scan_planner_node-4] Need to reallocate time.
[scan_planner_node-4] total time:[42m0.00021[0m,optimize:0.000125,refine:8.52e-05
[scan_planner_node-4] final_plan_success=1
[scan_planner_node-4] [FSM]: from REPLAN_TRAJ to EXEC_TRAJ
[closed_loop_controller-6] [INFO] [1786010909.481610280] [closed_loop_controller]: Received trajectory 800, duration 3.096s
[scan_planner_node-4] [FSM]: from EXEC_TRAJ to REPLAN_TRAJ
[scan_planner_node-4] 
[scan_planner_node-4] [rebo replan]: -------------------------------------826
[scan_planner_node-4] start: -8.48 -6.03 0.591, -0.00833   -0.505    0.121
[scan_planner_node-4] goal:-8.5 -7.5  0.9, 0 0 0
[scan_planner_node-4] [32miter(+1)=14,time(ms)=0.032,total_t(ms)=0.033,cost=0.063
[scan_planner_node-4] [0mfirst_optimize_step_success=1
[scan_planner_node-4] Need to reallocate time.
[scan_planner_node-4] total time:[42m0.000191[0m,optimize:9.47e-05,refine:9.6e-05
[scan_planner_node-4] final_plan_success=1
[scan_planner_node-4] [FSM]: from REPLAN_TRAJ to EXEC_TRAJ
[closed_loop_controller-6] [INFO] [1786010909.621084702] [closed_loop_controller]: Received trajectory 801, duration 2.996s
[scan_planner_node-4] [FSM]: from EXEC_TRAJ to REPLAN_TRAJ
[scan_planner_node-4] 
[scan_planner_node-4] [rebo replan]: -------------------------------------827
[scan_planner_node-4] start: -8.48  -6.1 0.607, -0.00737   -0.547     0.12
[scan_planner_node-4] goal:-8.5 -7.5  0.9, 0 0 0
[scan_planner_node-4] [32miter(+1)=18,time(ms)=0.057,total_t(ms)=0.057,cost=0.035
[scan_planner_node-4] [0mfirst_optimize_step_success=1
[scan_planner_node-4] Need to reallocate time.
[scan_planner_node-4] total time:[42m0.000254[0m,optimize:0.000144,refine:0.00011
[scan_planner_node-4] final_plan_success=1
[scan_planner_node-4] [FSM]: from REPLAN_TRAJ to EXEC_TRAJ
[closed_loop_controller-6] [INFO] [1786010909.745209203] [closed_loop_controller]: Received trajectory 802, duration 2.893s
[scan_planner_node-4] [FSM]: from EXEC_TRAJ to REPLAN_TRAJ
[scan_planner_node-4] 
[scan_planner_node-4] [rebo replan]: -------------------------------------828
[scan_planner_node-4] start: -8.48 -6.17  0.62, -0.00669   -0.581     0.12
[scan_planner_node-4] goal:-8.5 -7.5  0.9, 0 0 0
[scan_planner_node-4] [32miter(+1)=13,time(ms)=0.034,total_t(ms)=0.035,cost=0.109
[scan_planner_node-4] [0mfirst_optimize_step_success=1
[scan_planner_node-4] Need to reallocate time.
[scan_planner_node-4] total time:[42m0.000183[0m,optimize:9.71e-05,refine:8.61e-05
[scan_planner_node-4] final_plan_success=1
[scan_planner_node-4] [FSM]: from REPLAN_TRAJ to EXEC_TRAJ
[closed_loop_controller-6] [INFO] [1786010909.855456299] [closed_loop_controller]: Received trajectory 803, duration 2.669s
[scan_planner_node-4] [FSM]: from EXEC_TRAJ to REPLAN_TRAJ
[scan_planner_node-4] 
[scan_planner_node-4] [rebo replan]: -------------------------------------829
[scan_planner_node-4] start: -8.48 -6.26  0.64, -0.00597    -0.63     0.12
[scan_planner_node-4] goal:-8.5 -7.5  0.9, 0 0 0
[scan_planner_node-4] [32miter(+1)=12,time(ms)=0.028,total_t(ms)=0.029,cost=0.053
[scan_planner_node-4] [0mfirst_optimize_step_success=1
[scan_planner_node-4] Need to reallocate time.
[scan_planner_node-4] total time:[42m0.000161[0m,optimize:9.11e-05,refine:7.01e-05
[scan_planner_node-4] final_plan_success=1
[scan_planner_node-4] [FSM]: from REPLAN_TRAJ to EXEC_TRAJ
[closed_loop_controller-6] [INFO] [1786010910.015531843] [closed_loop_controller]: Received trajectory 804, duration 2.565s
[scan_planner_node-4] [INFO] [1786010910.054480368] [scan_planner_node]: [GridMapDiag] cloud=32768 accepted=26208 invalid=6560 below_sensor=0 outside_update=0 sensor_z=0.862 cutoff_z=1.862
[scan_planner_node-4] [FSM]: from EXEC_TRAJ to REPLAN_TRAJ
[scan_planner_node-4] 
[scan_planner_node-4] [rebo replan]: -------------------------------------830
[scan_planner_node-4] start: -8.48 -6.36  0.66, -0.00571   -0.672    0.121
[scan_planner_node-4] goal:-8.5 -7.5  0.9, 0 0 0
[scan_planner_node-4] [32miter(+1)=11,time(ms)=0.023,total_t(ms)=0.023,cost=0.132
[scan_planner_node-4] [0mfirst_optimize_step_success=1
[scan_planner_node-4] Need to reallocate time.
[scan_planner_node-4] total time:[42m0.000141[0m,optimize:7.66e-05,refine:6.43e-05
[scan_planner_node-4] final_plan_success=1
[scan_planner_node-4] [FSM]: from REPLAN_TRAJ to EXEC_TRAJ
[closed_loop_controller-6] [INFO] [1786010910.171901233] [closed_loop_controller]: Received trajectory 805, duration 2.255s
[scan_planner_node-4] [FSM]: from EXEC_TRAJ to REPLAN_TRAJ
[scan_planner_node-4] 
[scan_planner_node-4] [rebo replan]: -------------------------------------831
[scan_planner_node-4] start: -8.48 -6.46 0.679, -0.00589   -0.707     0.12
[scan_planner_node-4] goal:-8.5 -7.5  0.9, 0 0 0
[scan_planner_node-4] [32miter(+1)=9,time(ms)=0.021,total_t(ms)=0.021,cost=0.068
[scan_planner_node-4] [0mfirst_optimize_step_success=1
[scan_planner_node-4] Need to reallocate time.
[scan_planner_node-4] total time:[42m0.000145[0m,optimize:8.08e-05,refine:6.37e-05
[scan_planner_node-4] final_plan_success=1
[scan_planner_node-4] [FSM]: from REPLAN_TRAJ to EXEC_TRAJ
[closed_loop_controller-6] [INFO] [1786010910.326183108] [closed_loop_controller]: Received trajectory 806, duration 2.183s
[scan_planner_node-4] [FSM]: from EXEC_TRAJ to REPLAN_TRAJ
[scan_planner_node-4] 
[scan_planner_node-4] [rebo replan]: -------------------------------------832
[scan_planner_node-4] start: -8.48 -6.54 0.696, -0.00636   -0.729     0.12
[scan_planner_node-4] goal:-8.5 -7.5  0.9, 0 0 0
[scan_planner_node-4] [32miter(+1)=13,time(ms)=0.028,total_t(ms)=0.029,cost=0.011
[scan_planner_node-4] [0mfirst_optimize_step_success=1
[scan_planner_node-4] total time:[42m0.000108[0m,optimize:8.74e-05,refine:2.01e-05
[scan_planner_node-4] final_plan_success=1
[scan_planner_node-4] [FSM]: from REPLAN_TRAJ to EXEC_TRAJ
[closed_loop_controller-6] [INFO] [1786010910.449254111] [closed_loop_controller]: Received trajectory 807, duration 2.560s
[scan_planner_node-4] [FSM]: from EXEC_TRAJ to REPLAN_TRAJ
[scan_planner_node-4] [INFO] [1786010910.577163578] [scan_planner_node]: [MapDecay] decayed=2210 cleared=977 active_occupied=9321
[scan_planner_node-4] 
[scan_planner_node-4] [rebo replan]: -------------------------------------833
[scan_planner_node-4] start: -8.48  -6.6 0.708, -0.00637   -0.733    0.114
[scan_planner_node-4] goal:-8.5 -7.5  0.9, 0 0 0
[scan_planner_node-4] [32miter(+1)=12,time(ms)=0.027,total_t(ms)=0.027,cost=0.017
[scan_planner_node-4] [0mfirst_optimize_step_success=1
[scan_planner_node-4] total time:[42m0.000104[0m,optimize:8.3e-05,refine:2.12e-05
[scan_planner_node-4] final_plan_success=1
[scan_planner_node-4] [FSM]: from REPLAN_TRAJ to EXEC_TRAJ
[closed_loop_controller-6] [INFO] [1786010910.577527673] [closed_loop_controller]: Received trajectory 808, duration 2.240s
[scan_planner_node-4] [FSM]: from EXEC_TRAJ to REPLAN_TRAJ
[scan_planner_node-4] 
[scan_planner_node-4] [rebo replan]: -------------------------------------834
[scan_planner_node-4] start: -8.48 -6.68 0.722, -0.00498   -0.719    0.101
[scan_planner_node-4] goal:-8.5 -7.5  0.9, 0 0 0
[scan_planner_node-4] [32miter(+1)=12,time(ms)=0.029,total_t(ms)=0.029,cost=0.005
[scan_planner_node-4] [0mfirst_optimize_step_success=1
[scan_planner_node-4] total time:[42m0.000102[0m,optimize:8.19e-05,refine:2.03e-05
[scan_planner_node-4] final_plan_success=1
[scan_planner_node-4] [FSM]: from REPLAN_TRAJ to EXEC_TRAJ
[closed_loop_controller-6] [INFO] [1786010910.728455927] [closed_loop_controller]: Received trajectory 809, duration 2.240s
[scan_planner_node-4] [FSM]: from EXEC_TRAJ to REPLAN_TRAJ
[scan_planner_node-4] 
[scan_planner_node-4] [rebo replan]: -------------------------------------835
[scan_planner_node-4] start: -8.48 -6.73 0.733, -0.00353   -0.698   0.0931
[scan_planner_node-4] goal:-8.5 -7.5  0.9, 0 0 0
[scan_planner_node-4] [32miter(+1)=9,time(ms)=0.030,total_t(ms)=0.030,cost=0.019
[scan_planner_node-4] [0mfirst_optimize_step_success=1
[scan_planner_node-4] total time:[42m0.000109[0m,optimize:8.97e-05,refine:1.93e-05
[scan_planner_node-4] final_plan_success=1
[scan_planner_node-4] [FSM]: from REPLAN_TRAJ to EXEC_TRAJ
[closed_loop_controller-6] [INFO] [1786010910.840636031] [closed_loop_controller]: Received trajectory 810, duration 1.920s
[scan_planner_node-4] [FSM]: from EXEC_TRAJ to REPLAN_TRAJ
[scan_planner_node-4] 
[scan_planner_node-4] [rebo replan]: -------------------------------------836
[scan_planner_node-4] start: -8.48  -6.8 0.744, -0.0018  -0.674  0.0882
[scan_planner_node-4] goal:-8.5 -7.5  0.9, 0 0 0
[scan_planner_node-4] [32miter(+1)=10,time(ms)=0.022,total_t(ms)=0.022,cost=0.009
[scan_planner_node-4] [0mfirst_optimize_step_success=1
[scan_planner_node-4] total time:[42m9.33e-05[0m,optimize:7.26e-05,refine:2.07e-05
[scan_planner_node-4] final_plan_success=1
[scan_planner_node-4] [FSM]: from REPLAN_TRAJ to EXEC_TRAJ
[closed_loop_controller-6] [INFO] [1786010910.967486980] [closed_loop_controller]: Received trajectory 811, duration 1.920s
[scan_planner_node-4] [FSM]: from EXEC_TRAJ to REPLAN_TRAJ
[scan_planner_node-4] 
[scan_planner_node-4] [rebo replan]: -------------------------------------837
[scan_planner_node-4] start: -8.48 -6.87 0.758, -0.000229    -0.646    0.0867
[scan_planner_node-4] goal:-8.5 -7.5  0.9, 0 0 0
[scan_planner_node-4] [32miter(+1)=13,time(ms)=0.032,total_t(ms)=0.032,cost=0.009
[scan_planner_node-4] [0mfirst_optimize_step_success=1
[scan_planner_node-4] total time:[42m0.00011[0m,optimize:8.99e-05,refine:2.03e-05
[scan_planner_node-4] final_plan_success=1
[scan_planner_node-4] [FSM]: from REPLAN_TRAJ to EXEC_TRAJ
[closed_loop_controller-6] [INFO] [1786010911.114314417] [closed_loop_controller]: Received trajectory 812, duration 2.560s
[scan_planner_node-4] [FSM]: from EXEC_TRAJ to REPLAN_TRAJ
[scan_planner_node-4] 
[scan_planner_node-4] [rebo replan]: -------------------------------------838
[scan_planner_node-4] start: -8.48  -6.9 0.764, 0.000545   -0.618    0.084
[scan_planner_node-4] goal:-8.5 -7.5  0.9, 0 0 0
[scan_planner_node-4] [32miter(+1)=10,time(ms)=0.035,total_t(ms)=0.036,cost=0.010
[scan_planner_node-4] [0mfirst_optimize_step_success=1
[scan_planner_node-4] total time:[42m0.000136[0m,optimize:0.000106,refine:2.92e-05
[scan_planner_node-4] final_plan_success=1
[scan_planner_node-4] [FSM]: from REPLAN_TRAJ to EXEC_TRAJ
[closed_loop_controller-6] [INFO] [1786010911.210940373] [closed_loop_controller]: Received trajectory 813, duration 2.240s
[scan_planner_node-4] [FSM]: from EXEC_TRAJ to REPLAN_TRAJ
[scan_planner_node-4] 
[scan_planner_node-4] [rebo replan]: -------------------------------------839
[scan_planner_node-4] start: -8.48 -6.94 0.771, 0.00216   -0.58  0.0775
[scan_planner_node-4] goal:-8.5 -7.5  0.9, 0 0 0
[scan_planner_node-4] [32miter(+1)=11,time(ms)=0.053,total_t(ms)=0.054,cost=0.005
[scan_planner_node-4] [0mfirst_optimize_step_success=1
[scan_planner_node-4] total time:[42m0.000169[0m,optimize:0.000134,refine:3.57e-05
[scan_planner_node-4] final_plan_success=1
[scan_planner_node-4] [FSM]: from REPLAN_TRAJ to EXEC_TRAJ
[closed_loop_controller-6] [INFO] [1786010911.324126918] [closed_loop_controller]: Received trajectory 814, duration 2.240s
[scan_planner_node-4] [FSM]: from EXEC_TRAJ to REPLAN_TRAJ
[scan_planner_node-4] 
[scan_planner_node-4] [rebo replan]: -------------------------------------840
[scan_planner_node-4] start: -8.48 -6.97 0.778, 0.00439  -0.538  0.0709
[scan_planner_node-4] goal:-8.5 -7.5  0.9, 0 0 0
[scan_planner_node-4] [32miter(+1)=10,time(ms)=0.026,total_t(ms)=0.026,cost=0.012
[scan_planner_node-4] [0mfirst_optimize_step_success=1
[scan_planner_node-4] total time:[42m9.95e-05[0m,optimize:8.03e-05,refine:1.92e-05
[scan_planner_node-4] final_plan_success=1
[scan_planner_node-4] [FSM]: from REPLAN_TRAJ to EXEC_TRAJ
[closed_loop_controller-6] [INFO] [1786010911.434143973] [closed_loop_controller]: Received trajectory 815, duration 1.920s
[scan_planner_node-4] [FSM]: from EXEC_TRAJ to REPLAN_TRAJ
[scan_planner_node-4] 
[scan_planner_node-4] [rebo replan]: -------------------------------------841
[scan_planner_node-4] start: -8.48 -7.02 0.787, 0.0066 -0.492  0.065
[scan_planner_node-4] goal:-8.5 -7.5  0.9, 0 0 0
[scan_planner_node-4] [32miter(+1)=10,time(ms)=0.022,total_t(ms)=0.022,cost=0.006
[scan_planner_node-4] [0mfirst_optimize_step_success=1
[scan_planner_node-4] total time:[42m9.04e-05[0m,optimize:7.09e-05,refine:1.95e-05
[scan_planner_node-4] final_plan_success=1
[scan_planner_node-4] [FSM]: from REPLAN_TRAJ to EXEC_TRAJ
[closed_loop_controller-6] [INFO] [1786010911.561258388] [closed_loop_controller]: Received trajectory 816, duration 1.920s
[scan_planner_node-4] [INFO] [1786010911.667236106] [scan_planner_node]: [MapDecay] decayed=500 cleared=279 active_occupied=7961
[scan_planner_node-4] [FSM]: from EXEC_TRAJ to REPLAN_TRAJ
[scan_planner_node-4] 
[scan_planner_node-4] [rebo replan]: -------------------------------------842
[scan_planner_node-4] start: -8.48 -7.07 0.797, 0.00705  -0.448  0.0617
[scan_planner_node-4] goal:-8.5 -7.5  0.9, 0 0 0
[scan_planner_node-4] [32miter(+1)=7,time(ms)=0.024,total_t(ms)=0.024,cost=0.015
[scan_planner_node-4] [0mfirst_optimize_step_success=1
[scan_planner_node-4] total time:[42m0.000105[0m,optimize:8.34e-05,refine:2.13e-05
[scan_planner_node-4] final_plan_success=1
[scan_planner_node-4] [FSM]: from REPLAN_TRAJ to EXEC_TRAJ
[closed_loop_controller-6] [INFO] [1786010911.707632968] [closed_loop_controller]: Received trajectory 817, duration 2.560s
[scan_planner_node-4] [FSM]: from EXEC_TRAJ to REPLAN_TRAJ
[scan_planner_node-4] 
[scan_planner_node-4] [rebo replan]: -------------------------------------843
[scan_planner_node-4] start: -8.48 -7.11 0.804, 0.00574  -0.393  0.0566
[scan_planner_node-4] goal:-8.5 -7.5  0.9, 0 0 0
[scan_planner_node-4] [32miter(+1)=8,time(ms)=0.020,total_t(ms)=0.020,cost=0.008
[scan_planner_node-4] [0mfirst_optimize_step_success=1
[scan_planner_node-4] total time:[42m8.72e-05[0m,optimize:6.77e-05,refine:1.95e-05
[scan_planner_node-4] final_plan_success=1
[scan_planner_node-4] [FSM]: from REPLAN_TRAJ to EXEC_TRAJ
[closed_loop_controller-6] [INFO] [1786010911.858234112] [closed_loop_controller]: Received trajectory 818, duration 2.240s
[terrain_path_visualizer-10] [INFO] [1786010911.863174306] [terrain_path_segmenter]: Visualization advanced to segment 2/8
[scan_planner_node-4] [INFO] [1786010911.976847883] [scan_planner_node]: [MapRefresh] Cleared occupancy and inflation for a new reference path; observation_sequence=706
[scan_planner_node-4] [INFO] [1786010911.976904957] [scan_planner_node]: [MapRefresh] Deferred reference path until 2 fresh map observations have been fused (target_sequence=708)
[scan_planner_node-4] [INFO] [1786010912.143952955] [scan_planner_node]: [GridMapDiag] cloud=32768 accepted=23384 invalid=9384 below_sensor=0 outside_update=0 sensor_z=1.150 cutoff_z=2.150
[scan_planner_node-4] [INFO] [1786010912.258378371] [scan_planner_node]: [MapRefresh] Fresh map ready at observation_sequence=708; accepting deferred reference path
[scan_planner_node-4] [TRIG]: from EXEC_TRAJ to REPLAN_TRAJ
[scan_planner_node-4] 
[scan_planner_node-4] [rebo replan]: -------------------------------------844
[scan_planner_node-4] start: -8.48 -7.34 0.852, -0.0228   -0.19  0.0467
[scan_planner_node-4] goal:-5.85  -8.5   0.9,     0.75 2.02e-06        0
[scan_planner_node-4] [32miter(+1)=1,time(ms)=0.013,total_t(ms)=0.014,cost=0.007
[scan_planner_node-4] [0mfirst_optimize_step_success=1
[scan_planner_node-4] total time:[42m0.000347[0m,optimize:0.000267,refine:7.93e-05
[scan_planner_node-4] final_plan_success=1
[scan_planner_node-4] [INFO] [1786010912.960670309] [scan_planner_node]: Reference path accepted
[closed_loop_controller-6] [INFO] [1786010912.961403828] [closed_loop_controller]: Received trajectory 819, duration 5.120s
[scan_planner_node-4] [FSM]: from REPLAN_TRAJ to EXEC_TRAJ
[scan_planner_node-4] [FSM]: from EXEC_TRAJ to REPLAN_TRAJ
[scan_planner_node-4] 
[scan_planner_node-4] [rebo replan]: -------------------------------------845
[scan_planner_node-4] start: -8.49 -7.36 0.853, -0.0233  -0.204  0.0376
[scan_planner_node-4] goal:-5.85  -8.5   0.9,     0.75 2.02e-06        0
[scan_planner_node-4] [32miter(+1)=16,time(ms)=0.083,total_t(ms)=0.083,cost=0.019
[scan_planner_node-4] [0mfirst_optimize_step_success=1
[scan_planner_node-4] total time:[42m0.000263[0m,optimize:0.000219,refine:4.39e-05
[scan_planner_node-4] final_plan_success=1
[scan_planner_node-4] [FSM]: from REPLAN_TRAJ to EXEC_TRAJ
[closed_loop_controller-6] [INFO] [1786010913.095569153] [closed_loop_controller]: Received trajectory 820, duration 4.800s
[scan_planner_node-4] [INFO] [1786010913.151824763] [scan_planner_node]: [MapDecay] decayed=3919 cleared=3919 active_occupied=1
[scan_planner_node-4] [FSM]: from EXEC_TRAJ to REPLAN_TRAJ
[scan_planner_node-4] 
[scan_planner_node-4] [rebo replan]: -------------------------------------846
[scan_planner_node-4] start: -8.48 -7.44 0.857, 0.0116 -0.249 0.0186
[scan_planner_node-4] goal:-5.85  -8.5   0.9,     0.75 2.02e-06        0
[scan_planner_node-4] [32miter(+1)=11,time(ms)=0.043,total_t(ms)=0.043,cost=0.015
[scan_planner_node-4] [0mfirst_optimize_step_success=1
[scan_planner_node-4] total time:[42m0.000218[0m,optimize:0.000178,refine:4e-05
[scan_planner_node-4] final_plan_success=1
[scan_planner_node-4] [FSM]: from REPLAN_TRAJ to EXEC_TRAJ
[closed_loop_controller-6] [INFO] [1786010913.271113106] [closed_loop_controller]: Received trajectory 821, duration 4.800s
[scan_planner_node-4] [FSM]: from EXEC_TRAJ to REPLAN_TRAJ
[scan_planner_node-4] 
[scan_planner_node-4] [rebo replan]: -------------------------------------847
[scan_planner_node-4] start: -8.46  -7.5 0.858,  0.0636  -0.293 0.00985
[scan_planner_node-4] goal:-5.85  -8.5   0.9,     0.75 2.02e-06        0
[scan_planner_node-4] [32miter(+1)=9,time(ms)=0.034,total_t(ms)=0.034,cost=0.011
[scan_planner_node-4] [0mfirst_optimize_step_success=1
[scan_planner_node-4] total time:[42m0.000202[0m,optimize:0.000163,refine:3.89e-05
[scan_planner_node-4] final_plan_success=1
[scan_planner_node-4] [FSM]: from REPLAN_TRAJ to EXEC_TRAJ
[closed_loop_controller-6] [INFO] [1786010913.388096095] [closed_loop_controller]: Received trajectory 822, duration 4.800s
[scan_planner_node-4] [FSM]: from EXEC_TRAJ to REPLAN_TRAJ
[scan_planner_node-4] 
[scan_planner_node-4] [rebo replan]: -------------------------------------848
[scan_planner_node-4] start: -8.44 -7.56 0.859,   0.123   -0.34 0.00571
[scan_planner_node-4] goal:-5.85  -8.5   0.9,     0.75 2.02e-06        0
[scan_planner_node-4] [32miter(+1)=9,time(ms)=0.052,total_t(ms)=0.053,cost=0.010
[scan_planner_node-4] [0mfirst_optimize_step_success=1
[scan_planner_node-4] total time:[42m0.000247[0m,optimize:0.000207,refine:4e-05
[scan_planner_node-4] final_plan_success=1
[scan_planner_node-4] [FSM]: from REPLAN_TRAJ to EXEC_TRAJ
[closed_loop_controller-6] [INFO] [1786010913.502477194] [closed_loop_controller]: Received trajectory 823, duration 4.800s
[scan_planner_node-4] [FSM]: from EXEC_TRAJ to REPLAN_TRAJ
[scan_planner_node-4] 
[scan_planner_node-4] [rebo replan]: -------------------------------------849
[scan_planner_node-4] start: -8.41 -7.61  0.86,   0.175  -0.377 0.00467
[scan_planner_node-4] goal:-5.68  -8.5   0.9,      0.75 -1.54e-06         0
[scan_planner_node-4] [32miter(+1)=6,time(ms)=0.026,total_t(ms)=0.026,cost=0.008
[scan_planner_node-4] [0mfirst_optimize_step_success=1
[scan_planner_node-4] total time:[42m0.000192[0m,optimize:0.000154,refine:3.86e-05
[scan_planner_node-4] final_plan_success=1
[scan_planner_node-4] [FSM]: from REPLAN_TRAJ to EXEC_TRAJ
[closed_loop_controller-6] [INFO] [1786010913.601064197] [closed_loop_controller]: Received trajectory 824, duration 4.800s
[scan_planner_node-4] [FSM]: from EXEC_TRAJ to REPLAN_TRAJ
[scan_planner_node-4] 
[scan_planner_node-4] [rebo replan]: -------------------------------------850
[scan_planner_node-4] start: -8.38 -7.66 0.861,   0.234  -0.414 0.00496
[scan_planner_node-4] goal:-5.68  -8.5   0.9,      0.75 -1.54e-06         0
[scan_planner_node-4] [32miter(+1)=6,time(ms)=0.033,total_t(ms)=0.034,cost=0.011
[scan_planner_node-4] [0mfirst_optimize_step_success=1
[scan_planner_node-4] total time:[42m0.000223[0m,optimize:0.000185,refine:3.82e-05
[scan_planner_node-4] final_plan_success=1
[scan_planner_node-4] [FSM]: from REPLAN_TRAJ to EXEC_TRAJ
[closed_loop_controller-6] [INFO] [1786010913.712578705] [closed_loop_controller]: Received trajectory 825, duration 4.800s
[scan_planner_node-4] [FSM]: from EXEC_TRAJ to REPLAN_TRAJ
[scan_planner_node-4] 
[scan_planner_node-4] [rebo replan]: -------------------------------------851
[scan_planner_node-4] start: -8.33 -7.74 0.862,   0.311  -0.448 0.00631
[scan_planner_node-4] goal:-5.68  -8.5   0.9,      0.75 -1.54e-06         0
[scan_planner_node-4] [32miter(+1)=4,time(ms)=0.016,total_t(ms)=0.017,cost=0.004
[scan_planner_node-4] [0mfirst_optimize_step_success=1
[scan_planner_node-4] total time:[42m0.000198[0m,optimize:0.000163,refine:3.51e-05
[scan_planner_node-4] final_plan_success=1
[scan_planner_node-4] [FSM]: from REPLAN_TRAJ to EXEC_TRAJ
[closed_loop_controller-6] [INFO] [1786010913.861354045] [closed_loop_controller]: Received trajectory 826, duration 4.480s
[scan_planner_node-4] [FSM]: from EXEC_TRAJ to REPLAN_TRAJ
[scan_planner_node-4] 
[scan_planner_node-4] [rebo replan]: -------------------------------------852
[scan_planner_node-4] start: -8.29 -7.79 0.863,   0.362   -0.46 0.00734
[scan_planner_node-4] goal:-5.68  -8.5   0.9,      0.75 -1.54e-06         0
[scan_planner_node-4] [32miter(+1)=5,time(ms)=0.020,total_t(ms)=0.021,cost=0.007
[scan_planner_node-4] [0mfirst_optimize_step_success=1
[scan_planner_node-4] total time:[42m0.000222[0m,optimize:0.000171,refine:5.05e-05
[scan_planner_node-4] final_plan_success=1
[scan_planner_node-4] [FSM]: from REPLAN_TRAJ to EXEC_TRAJ
[closed_loop_controller-6] [INFO] [1786010913.970585146] [closed_loop_controller]: Received trajectory 827, duration 4.480s
[scan_planner_node-4] [FSM]: from EXEC_TRAJ to REPLAN_TRAJ
[scan_planner_node-4] 
[scan_planner_node-4] [rebo replan]: -------------------------------------853
[scan_planner_node-4] start: -8.24 -7.85 0.864,   0.417  -0.457 0.00819
[scan_planner_node-4] goal:-5.68  -8.5   0.9,      0.75 -1.54e-06         0
[scan_planner_node-4] [32miter(+1)=5,time(ms)=0.020,total_t(ms)=0.020,cost=0.003
[scan_planner_node-4] [0mfirst_optimize_step_success=1
[scan_planner_node-4] total time:[42m0.000148[0m,optimize:0.000116,refine:3.23e-05
[scan_planner_node-4] final_plan_success=1
[scan_planner_node-4] [FSM]: from REPLAN_TRAJ to EXEC_TRAJ
[closed_loop_controller-6] [INFO] [1786010914.111928017] [closed_loop_controller]: Received trajectory 828, duration 4.160s
[scan_planner_node-4] [INFO] [1786010914.160437172] [scan_planner_node]: [MapDecay] decayed=394 cleared=243 active_occupied=5844
[scan_planner_node-4] [FSM]: from EXEC_TRAJ to REPLAN_TRAJ
[scan_planner_node-4] 
[scan_planner_node-4] [rebo replan]: -------------------------------------854
[scan_planner_node-4] start:  -8.2 -7.89 0.865,   0.446  -0.447 0.00846
[scan_planner_node-4] goal:-5.68  -8.5   0.9,      0.75 -1.54e-06         0
[scan_planner_node-4] [32miter(+1)=3,time(ms)=0.028,total_t(ms)=0.028,cost=0.004
[scan_planner_node-4] [0mfirst_optimize_step_success=1
[scan_planner_node-4] total time:[42m0.000249[0m,optimize:0.000207,refine:4.17e-05
[scan_planner_node-4] final_plan_success=1
[scan_planner_node-4] [FSM]: from REPLAN_TRAJ to EXEC_TRAJ
[closed_loop_controller-6] [INFO] [1786010914.202127853] [closed_loop_controller]: Received trajectory 829, duration 4.160s
[scan_planner_node-4] [INFO] [1786010914.273876856] [scan_planner_node]: [GridMapDiag] cloud=32768 accepted=22331 invalid=10437 below_sensor=0 outside_update=0 sensor_z=1.200 cutoff_z=2.200
[scan_planner_node-4] [FSM]: from EXEC_TRAJ to REPLAN_TRAJ
[scan_planner_node-4] 
[scan_planner_node-4] [rebo replan]: -------------------------------------855
[scan_planner_node-4] start: -8.15 -7.94 0.866,   0.476  -0.425 0.00858
[scan_planner_node-4] goal:-5.32  -8.5   0.9,      0.75 -4.45e-07         0
[scan_planner_node-4] [32miter(+1)=7,time(ms)=0.028,total_t(ms)=0.029,cost=0.008
[scan_planner_node-4] [0mfirst_optimize_step_success=1
[scan_planner_node-4] total time:[42m0.000187[0m,optimize:0.000149,refine:3.74e-05
[scan_planner_node-4] final_plan_success=1
[scan_planner_node-4] [FSM]: from REPLAN_TRAJ to EXEC_TRAJ
[closed_loop_controller-6] [INFO] [1786010914.316804483] [closed_loop_controller]: Received trajectory 830, duration 4.800s
[scan_planner_node-4] [FSM]: from EXEC_TRAJ to REPLAN_TRAJ
[scan_planner_node-4] 
[scan_planner_node-4] [rebo replan]: -------------------------------------856
[scan_planner_node-4] start: -8.09 -7.99 0.867,   0.498    -0.4 0.00842
[scan_planner_node-4] goal:-5.32  -8.5   0.9,      0.75 -4.45e-07         0
[scan_planner_node-4] [32miter(+1)=4,time(ms)=0.015,total_t(ms)=0.015,cost=0.002
[scan_planner_node-4] [0mfirst_optimize_step_success=1
[scan_planner_node-4] total time:[42m0.000147[0m,optimize:0.000113,refine:3.35e-05
[scan_planner_node-4] final_plan_success=1
[scan_planner_node-4] [FSM]: from REPLAN_TRAJ to EXEC_TRAJ
[closed_loop_controller-6] [INFO] [1786010914.423958419] [closed_loop_controller]: Received trajectory 831, duration 4.480s
[scan_planner_node-4] [FSM]: from EXEC_TRAJ to REPLAN_TRAJ
[scan_planner_node-4] 
[scan_planner_node-4] [rebo replan]: -------------------------------------857
[scan_planner_node-4] start: -8.04 -8.03 0.868,   0.518   -0.37 0.00804
[scan_planner_node-4] goal:-5.32  -8.5   0.9,      0.75 -4.45e-07         0
[scan_planner_node-4] [32miter(+1)=5,time(ms)=0.019,total_t(ms)=0.020,cost=0.006
[scan_planner_node-4] [0mfirst_optimize_step_success=1
[scan_planner_node-4] total time:[42m0.000173[0m,optimize:0.000136,refine:3.7e-05
[scan_planner_node-4] final_plan_success=1
[scan_planner_node-4] [FSM]: from REPLAN_TRAJ to EXEC_TRAJ
[closed_loop_controller-6] [INFO] [1786010914.539575481] [closed_loop_controller]: Received trajectory 832, duration 4.480s
[scan_planner_node-4] [FSM]: from EXEC_TRAJ to REPLAN_TRAJ
[scan_planner_node-4] 
[scan_planner_node-4] [rebo replan]: -------------------------------------858
[scan_planner_node-4] start: -7.98 -8.07 0.868,   0.534  -0.341 0.00768
[scan_planner_node-4] goal:-4.45  -8.5   0.9,      0.75 -5.55e-09         0
[scan_planner_node-4] [32miter(+1)=5,time(ms)=0.020,total_t(ms)=0.020,cost=0.005
[scan_planner_node-4] [0mfirst_optimize_step_success=1
[scan_planner_node-4] total time:[42m0.000196[0m,optimize:0.000153,refine:4.28e-05
[scan_planner_node-4] final_plan_success=1
[scan_planner_node-4] [FSM]: from REPLAN_TRAJ to EXEC_TRAJ
[closed_loop_controller-6] [INFO] [1786010914.646973602] [closed_loop_controller]: Received trajectory 833, duration 5.760s
[scan_planner_node-4] [FSM]: from EXEC_TRAJ to REPLAN_TRAJ
[scan_planner_node-4] 
[scan_planner_node-4] [rebo replan]: -------------------------------------859
[scan_planner_node-4] start:  -7.9 -8.11 0.869,   0.553  -0.303 0.00692
[scan_planner_node-4] goal:-4.45  -8.5   0.9,      0.75 -5.55e-09         0
[scan_planner_node-4] [32miter(+1)=5,time(ms)=0.024,total_t(ms)=0.025,cost=0.002
[scan_planner_node-4] [0mfirst_optimize_step_success=1
[scan_planner_node-4] total time:[42m0.000208[0m,optimize:0.000163,refine:4.47e-05
[scan_planner_node-4] final_plan_success=1
[scan_planner_node-4] [FSM]: from REPLAN_TRAJ to EXEC_TRAJ
[closed_loop_controller-6] [INFO] [1786010914.794301139] [closed_loop_controller]: Received trajectory 834, duration 5.440s
[scan_planner_node-4] [FSM]: state: EXEC_TRAJ
[scan_planner_node-4] [FSM]: from EXEC_TRAJ to REPLAN_TRAJ
[scan_planner_node-4] 
[scan_planner_node-4] [rebo replan]: -------------------------------------860
[scan_planner_node-4] start: -7.81 -8.16  0.87,   0.568  -0.265 0.00597
[scan_planner_node-4] goal:-4.1 -8.5  0.9,      0.75 -2.48e-09         0
[scan_planner_node-4] [32miter(+1)=5,time(ms)=0.035,total_t(ms)=0.036,cost=0.009
[scan_planner_node-4] [0mfirst_optimize_step_success=1
[scan_planner_node-4] total time:[42m0.00028[0m,optimize:0.000235,refine:4.53e-05
[scan_planner_node-4] final_plan_success=1
[scan_planner_node-4] [FSM]: from REPLAN_TRAJ to EXEC_TRAJ
[closed_loop_controller-6] [INFO] [1786010914.952419031] [closed_loop_controller]: Received trajectory 835, duration 6.080s
[scan_planner_node-4] [FSM]: from EXEC_TRAJ to REPLAN_TRAJ
[scan_planner_node-4] 
[scan_planner_node-4] [rebo replan]: -------------------------------------861
[scan_planner_node-4] start: -7.73 -8.19 0.871,    0.58  -0.236 0.00533
[scan_planner_node-4] goal:-4.1 -8.5  0.9,      0.75 -2.48e-09         0
[scan_planner_node-4] [32miter(+1)=4,time(ms)=0.024,total_t(ms)=0.024,cost=0.001
[scan_planner_node-4] [0mfirst_optimize_step_success=1
[scan_planner_node-4] total time:[42m0.000234[0m,optimize:0.000175,refine:5.87e-05
[scan_planner_node-4] final_plan_success=1
[scan_planner_node-4] [FSM]: from REPLAN_TRAJ to EXEC_TRAJ
[closed_loop_controller-6] [INFO] [1786010915.094680845] [closed_loop_controller]: Received trajectory 836, duration 5.760s
[scan_planner_node-4] [FSM]: from EXEC_TRAJ to REPLAN_TRAJ
[scan_planner_node-4] [INFO] [1786010915.248443963] [scan_planner_node]: [MapDecay] decayed=728 cleared=434 active_occupied=6768
[scan_planner_node-4] 
[scan_planner_node-4] [rebo replan]: -------------------------------------862
[scan_planner_node-4] start: -7.64 -8.23 0.872,   0.589  -0.209 0.00492
[scan_planner_node-4] goal:-4.1 -8.5  0.9,      0.75 -2.48e-09         0
[scan_planner_node-4] [32miter(+1)=5,time(ms)=0.020,total_t(ms)=0.020,cost=0.007
[scan_planner_node-4] [0mfirst_optimize_step_success=1
[scan_planner_node-4] total time:[42m0.000214[0m,optimize:0.000171,refine:4.23e-05
[scan_planner_node-4] final_plan_success=1
[scan_planner_node-4] [FSM]: from REPLAN_TRAJ to EXEC_TRAJ
[closed_loop_controller-6] [INFO] [1786010915.248952660] [closed_loop_controller]: Received trajectory 837, duration 5.760s
[scan_planner_node-4] [FSM]: from EXEC_TRAJ to REPLAN_TRAJ
[scan_planner_node-4] 
[scan_planner_node-4] [rebo replan]: -------------------------------------863
[scan_planner_node-4] start: -7.56 -8.26 0.872,   0.596  -0.189 0.00479
[scan_planner_node-4] goal:-4.1 -8.5  0.9,      0.75 -2.48e-09         0
[scan_planner_node-4] [32miter(+1)=5,time(ms)=0.028,total_t(ms)=0.029,cost=0.001
[scan_planner_node-4] [0mfirst_optimize_step_success=1
[scan_planner_node-4] total time:[42m0.000184[0m,optimize:0.000146,refine:3.86e-05
[scan_planner_node-4] final_plan_success=1
[scan_planner_node-4] [FSM]: from REPLAN_TRAJ to EXEC_TRAJ
[closed_loop_controller-6] [INFO] [1786010915.395643684] [closed_loop_controller]: Received trajectory 838, duration 5.440s
[scan_planner_node-4] [FSM]: from EXEC_TRAJ to REPLAN_TRAJ
[scan_planner_node-4] 
[scan_planner_node-4] [rebo replan]: -------------------------------------864
[scan_planner_node-4] start: -7.47 -8.28 0.873,   0.601  -0.174 0.00481
[scan_planner_node-4] goal:-3.75  -8.5   0.9,      0.75 -5.08e-10         0
[scan_planner_node-4] [32miter(+1)=6,time(ms)=0.023,total_t(ms)=0.023,cost=0.008
[scan_planner_node-4] [0mfirst_optimize_step_success=1
[scan_planner_node-4] total time:[42m0.000192[0m,optimize:0.00015,refine:4.22e-05
[scan_planner_node-4] final_plan_success=1
[scan_planner_node-4] [FSM]: from REPLAN_TRAJ to EXEC_TRAJ
[closed_loop_controller-6] [INFO] [1786010915.541021685] [closed_loop_controller]: Received trajectory 839, duration 6.080s
[scan_planner_node-4] [FSM]: from EXEC_TRAJ to REPLAN_TRAJ
[scan_planner_node-4] 
[scan_planner_node-4] [rebo replan]: -------------------------------------865
[scan_planner_node-4] start:  -7.4  -8.3 0.874,  0.603 -0.165 0.0048
[scan_planner_node-4] goal:-3.75  -8.5   0.9,      0.75 -5.08e-10         0
[scan_planner_node-4] [32miter(+1)=9,time(ms)=0.035,total_t(ms)=0.035,cost=0.009
[scan_planner_node-4] [0mfirst_optimize_step_success=1
[scan_planner_node-4] total time:[42m0.000242[0m,optimize:0.000197,refine:4.58e-05
[scan_planner_node-4] final_plan_success=1
[scan_planner_node-4] [FSM]: from REPLAN_TRAJ to EXEC_TRAJ
[closed_loop_controller-6] [INFO] [1786010915.649736986] [closed_loop_controller]: Received trajectory 840, duration 6.080s
[scan_planner_node-4] [FSM]: from EXEC_TRAJ to REPLAN_TRAJ
[scan_planner_node-4] 
[scan_planner_node-4] [rebo replan]: -------------------------------------866
[scan_planner_node-4] start: -7.32 -8.33 0.874,   0.606  -0.155 0.00468
[scan_planner_node-4] goal:-3.75  -8.5   0.9,      0.75 -5.08e-10         0
[scan_planner_node-4] [32miter(+1)=5,time(ms)=0.029,total_t(ms)=0.030,cost=0.006
[scan_planner_node-4] [0mfirst_optimize_step_success=1
[scan_planner_node-4] total time:[42m0.00022[0m,optimize:0.00018,refine:4.03e-05
[scan_planner_node-4] final_plan_success=1
[scan_planner_node-4] [FSM]: from REPLAN_TRAJ to EXEC_TRAJ
[closed_loop_controller-6] [INFO] [1786010915.796152148] [closed_loop_controller]: Received trajectory 841, duration 5.760s
[scan_planner_node-4] [FSM]: from EXEC_TRAJ to REPLAN_TRAJ
[scan_planner_node-4] 
[scan_planner_node-4] [rebo replan]: -------------------------------------867
[scan_planner_node-4] start: -7.22 -8.35 0.875,   0.608  -0.146 0.00454
[scan_planner_node-4] goal:-3.75  -8.5   0.9,      0.75 -5.08e-10         0
[scan_planner_node-4] [32miter(+1)=5,time(ms)=0.036,total_t(ms)=0.036,cost=0.001
[scan_planner_node-4] [0mfirst_optimize_step_success=1
[scan_planner_node-4] total time:[42m0.000308[0m,optimize:0.000239,refine:6.9e-05
[scan_planner_node-4] final_plan_success=1
[scan_planner_node-4] [FSM]: from REPLAN_TRAJ to EXEC_TRAJ
[closed_loop_controller-6] [INFO] [1786010915.948830436] [closed_loop_controller]: Received trajectory 842, duration 5.440s
[scan_planner_node-4] [FSM]: from EXEC_TRAJ to REPLAN_TRAJ
[scan_planner_node-4] 
[scan_planner_node-4] [rebo replan]: -------------------------------------868
[scan_planner_node-4] start: -7.13 -8.37 0.876,    0.61  -0.139 0.00447
[scan_planner_node-4] goal:-3.4 -8.5  0.9,     0.75 -3.4e-11        0
[scan_planner_node-4] [32miter(+1)=6,time(ms)=0.036,total_t(ms)=0.036,cost=0.008
[scan_planner_node-4] [0mfirst_optimize_step_success=1
[scan_planner_node-4] total time:[42m0.000246[0m,optimize:0.000201,refine:4.45e-05
[scan_planner_node-4] final_plan_success=1
[scan_planner_node-4] [FSM]: from REPLAN_TRAJ to EXEC_TRAJ
[closed_loop_controller-6] [INFO] [1786010916.094991910] [closed_loop_controller]: Received trajectory 843, duration 6.080s
[scan_planner_node-4] [FSM]: from EXEC_TRAJ to REPLAN_TRAJ
[scan_planner_node-4] 
[scan_planner_node-4] [rebo replan]: -------------------------------------869
[scan_planner_node-4] start: -7.04 -8.39 0.876,   0.611  -0.131 0.00434
[scan_planner_node-4] goal:-3.4 -8.5  0.9,     0.75 -3.4e-11        0
[scan_planner_node-4] [32miter(+1)=1,time(ms)=0.009,total_t(ms)=0.010,cost=0.002
[scan_planner_node-4] [0mfirst_optimize_step_success=1
[scan_planner_node-4] total time:[42m0.000216[0m,optimize:0.000169,refine:4.68e-05
[scan_planner_node-4] final_plan_success=1
[scan_planner_node-4] [FSM]: from REPLAN_TRAJ to EXEC_TRAJ
[closed_loop_controller-6] [INFO] [1786010916.246560855] [closed_loop_controller]: Received trajectory 844, duration 5.760s
[scan_planner_node-4] [INFO] [1786010916.287405489] [scan_planner_node]: [GridMapDiag] cloud=32768 accepted=22012 invalid=10756 below_sensor=0 outside_update=0 sensor_z=1.200 cutoff_z=2.200
[scan_planner_node-4] [INFO] [1786010916.358487990] [scan_planner_node]: [MapDecay] decayed=1564 cleared=648 active_occupied=7167
[scan_planner_node-4] [FSM]: from EXEC_TRAJ to REPLAN_TRAJ
[scan_planner_node-4] 
[scan_planner_node-4] [rebo replan]: -------------------------------------870
[scan_planner_node-4] start: -6.95 -8.41 0.877,   0.613  -0.122 0.00417
[scan_planner_node-4] goal:-3.4 -8.5  0.9,     0.75 -3.4e-11        0
[scan_planner_node-4] [32miter(+1)=6,time(ms)=0.032,total_t(ms)=0.033,cost=0.007
[scan_planner_node-4] [0mfirst_optimize_step_success=1
[scan_planner_node-4] total time:[42m0.000261[0m,optimize:0.000203,refine:5.77e-05
[scan_planner_node-4] final_plan_success=1
[closed_loop_controller-6] [INFO] [1786010916.396929584] [closed_loop_controller]: Received trajectory 845, duration 5.760s
[scan_planner_node-4] [FSM]: from REPLAN_TRAJ to EXEC_TRAJ
[scan_planner_node-4] [FSM]: from EXEC_TRAJ to REPLAN_TRAJ
[scan_planner_node-4] 
[scan_planner_node-4] [rebo replan]: -------------------------------------871
[scan_planner_node-4] start: -6.86 -8.43 0.878,   0.615  -0.111 0.00405
[scan_planner_node-4] goal:-3.4 -8.5  0.9,     0.75 -3.4e-11        0
[scan_planner_node-4] [32miter(+1)=4,time(ms)=0.017,total_t(ms)=0.017,cost=0.001
[scan_planner_node-4] [0mfirst_optimize_step_success=1
[scan_planner_node-4] total time:[42m0.000186[0m,optimize:0.000148,refine:3.88e-05
[scan_planner_node-4] final_plan_success=1
[scan_planner_node-4] [FSM]: from REPLAN_TRAJ to EXEC_TRAJ
[closed_loop_controller-6] [INFO] [1786010916.554355417] [closed_loop_controller]: Received trajectory 846, duration 5.440s
[scan_planner_node-4] [FSM]: from EXEC_TRAJ to REPLAN_TRAJ
[scan_planner_node-4] 
[scan_planner_node-4] [rebo replan]: -------------------------------------872
[scan_planner_node-4] start: -6.75 -8.44 0.878,   0.617 -0.0974 0.00401
[scan_planner_node-4] goal:-3.23  -8.5   0.9,      0.75 -8.44e-12         0
[scan_planner_node-4] [32miter(+1)=7,time(ms)=0.030,total_t(ms)=0.030,cost=0.007
[scan_planner_node-4] [0mfirst_optimize_step_success=1
[scan_planner_node-4] total time:[42m0.000226[0m,optimize:0.000182,refine:4.48e-05
[scan_planner_node-4] final_plan_success=1
[scan_planner_node-4] [FSM]: from REPLAN_TRAJ to EXEC_TRAJ
[closed_loop_controller-6] [INFO] [1786010916.729645845] [closed_loop_controller]: Received trajectory 847, duration 5.760s
[scan_planner_node-4] [FSM]: from EXEC_TRAJ to REPLAN_TRAJ
[scan_planner_node-4] 
[scan_planner_node-4] [rebo replan]: -------------------------------------873
[scan_planner_node-4] start: -6.67 -8.46 0.879,   0.619 -0.0866 0.00398
[scan_planner_node-4] goal:-3.23  -8.5   0.9,      0.75 -8.44e-12         0
[scan_planner_node-4] [32miter(+1)=1,time(ms)=0.010,total_t(ms)=0.011,cost=0.002
[scan_planner_node-4] [0mfirst_optimize_step_success=1
[scan_planner_node-4] total time:[42m0.00018[0m,optimize:0.000139,refine:4.08e-05
[scan_planner_node-4] final_plan_success=1
[scan_planner_node-4] [FSM]: from REPLAN_TRAJ to EXEC_TRAJ
[closed_loop_controller-6] [INFO] [1786010916.853497647] [closed_loop_controller]: Received trajectory 848, duration 5.440s
[scan_planner_node-4] [FSM]: from EXEC_TRAJ to REPLAN_TRAJ
[scan_planner_node-4] 
[scan_planner_node-4] [rebo replan]: -------------------------------------874
[scan_planner_node-4] start:  -6.6 -8.47 0.879,    0.62 -0.0769 0.00394
[scan_planner_node-4] goal:-2.88  -8.5   0.9,      0.75 -1.16e-11         0
[scan_planner_node-4] [32miter(+1)=7,time(ms)=0.031,total_t(ms)=0.031,cost=0.007
[scan_planner_node-4] [0mfirst_optimize_step_success=1
[scan_planner_node-4] total time:[42m0.000236[0m,optimize:0.000192,refine:4.34e-05
[scan_planner_node-4] final_plan_success=1
[scan_planner_node-4] [FSM]: from REPLAN_TRAJ to EXEC_TRAJ
[closed_loop_controller-6] [INFO] [1786010916.961551572] [closed_loop_controller]: Received trajectory 849, duration 6.080s
[scan_planner_node-4] [FSM]: from EXEC_TRAJ to REPLAN_TRAJ
[scan_planner_node-4] 
[scan_planner_node-4] [rebo replan]: -------------------------------------875
[scan_planner_node-4] start: -6.51 -8.48  0.88,   0.622 -0.0631 0.00379
[scan_planner_node-4] goal:-2.88  -8.5   0.9,      0.75 -1.16e-11         0
[scan_planner_node-4] [32miter(+1)=4,time(ms)=0.023,total_t(ms)=0.024,cost=0.003
[scan_planner_node-4] [0mfirst_optimize_step_success=1
[scan_planner_node-4] total time:[42m0.000225[0m,optimize:0.000168,refine:5.67e-05
[scan_planner_node-4] final_plan_success=1
[scan_planner_node-4] [FSM]: from REPLAN_TRAJ to EXEC_TRAJ
[closed_loop_controller-6] [INFO] [1786010917.113722598] [closed_loop_controller]: Received trajectory 850, duration 5.760s
[scan_planner_node-4] [FSM]: from EXEC_TRAJ to REPLAN_TRAJ
[scan_planner_node-4] 
[scan_planner_node-4] [rebo replan]: -------------------------------------876
[scan_planner_node-4] start: -6.43 -8.48  0.88,   0.623 -0.0518 0.00362
[scan_planner_node-4] goal:-2.88  -8.5   0.9,      0.75 -1.16e-11         0
[scan_planner_node-4] [32miter(+1)=6,time(ms)=0.035,total_t(ms)=0.036,cost=0.007
[scan_planner_node-4] [0mfirst_optimize_step_success=1
[scan_planner_node-4] total time:[42m0.000205[0m,optimize:0.000164,refine:4.17e-05
[scan_planner_node-4] final_plan_success=1
[scan_planner_node-4] [FSM]: from REPLAN_TRAJ to EXEC_TRAJ
[closed_loop_controller-6] [INFO] [1786010917.240146233] [closed_loop_controller]: Received trajectory 851, duration 5.760s
[scan_planner_node-4] [FSM]: from EXEC_TRAJ to REPLAN_TRAJ
[scan_planner_node-4] 
[scan_planner_node-4] [rebo replan]: -------------------------------------877
[scan_planner_node-4] start: -6.36 -8.49 0.881,   0.624  -0.042 0.00352
[scan_planner_node-4] goal:-2.88  -8.5   0.9,      0.75 -1.16e-11         0
[scan_planner_node-4] [32miter(+1)=9,time(ms)=0.031,total_t(ms)=0.031,cost=0.008
[scan_planner_node-4] [0mfirst_optimize_step_success=1
[scan_planner_node-4] total time:[42m0.000223[0m,optimize:0.000181,refine:4.15e-05
[scan_planner_node-4] final_plan_success=1
[scan_planner_node-4] [FSM]: from REPLAN_TRAJ to EXEC_TRAJ
[closed_loop_controller-6] [INFO] [1786010917.354953105] [closed_loop_controller]: Received trajectory 852, duration 5.760s
[scan_planner_node-4] [INFO] [1786010917.463258067] [scan_planner_node]: [MapDecay] decayed=1181 cleared=552 active_occupied=7298
[scan_planner_node-4] [FSM]: from EXEC_TRAJ to REPLAN_TRAJ
[scan_planner_node-4] 
[scan_planner_node-4] [rebo replan]: -------------------------------------878
[scan_planner_node-4] start: -6.25 -8.49 0.881,   0.624 -0.0288 0.00345
[scan_planner_node-4] goal:-2.52  -8.5   0.9,      0.75 -3.35e-12         0
[scan_planner_node-4] [32miter(+1)=7,time(ms)=0.027,total_t(ms)=0.028,cost=0.007
[scan_planner_node-4] [0mfirst_optimize_step_success=1
[scan_planner_node-4] total time:[42m0.000225[0m,optimize:0.000181,refine:4.36e-05
[scan_planner_node-4] final_plan_success=1
[scan_planner_node-4] [FSM]: from REPLAN_TRAJ to EXEC_TRAJ
[closed_loop_controller-6] [INFO] [1786010917.529724663] [closed_loop_controller]: Received trajectory 853, duration 6.080s
[scan_planner_node-4] [FSM]: from EXEC_TRAJ to REPLAN_TRAJ
[scan_planner_node-4] 
[scan_planner_node-4] [rebo replan]: -------------------------------------879
[scan_planner_node-4] start: -6.17  -8.5 0.882,   0.625 -0.0205 0.00338
[scan_planner_node-4] goal:-2.52  -8.5   0.9,      0.75 -3.35e-12         0
[scan_planner_node-4] [32miter(+1)=1,time(ms)=0.009,total_t(ms)=0.010,cost=0.003
[scan_planner_node-4] [0mfirst_optimize_step_success=1
[scan_planner_node-4] total time:[42m0.000178[0m,optimize:0.000136,refine:4.26e-05
[scan_planner_node-4] final_plan_success=1
[scan_planner_node-4] [FSM]: from REPLAN_TRAJ to EXEC_TRAJ
[closed_loop_controller-6] [INFO] [1786010917.655448534] [closed_loop_controller]: Received trajectory 854, duration 5.760s
[scan_planner_node-4] [FSM]: from EXEC_TRAJ to REPLAN_TRAJ
[scan_planner_node-4] 
[scan_planner_node-4] [rebo replan]: -------------------------------------880
[scan_planner_node-4] start:  -6.1  -8.5 0.882,   0.625 -0.0145  0.0033
[scan_planner_node-4] goal:-2.52  -8.5   0.9,      0.75 -3.35e-12         0
[scan_planner_node-4] [32miter(+1)=5,time(ms)=0.019,total_t(ms)=0.020,cost=0.007
[scan_planner_node-4] [0mfirst_optimize_step_success=1
[scan_planner_node-4] total time:[42m0.00021[0m,optimize:0.000168,refine:4.21e-05
[scan_planner_node-4] final_plan_success=1
[scan_planner_node-4] [FSM]: from REPLAN_TRAJ to EXEC_TRAJ
[closed_loop_controller-6] [INFO] [1786010917.763971587] [closed_loop_controller]: Received trajectory 855, duration 5.760s
[scan_planner_node-4] [FSM]: from EXEC_TRAJ to REPLAN_TRAJ
[scan_planner_node-4] 
[scan_planner_node-4] [rebo replan]: -------------------------------------881
[scan_planner_node-4] start: -6.01  -8.5 0.882,    0.625 -0.00775   0.0032
[scan_planner_node-4] goal:-2.52  -8.5   0.9,      0.75 -3.35e-12         0
[scan_planner_node-4] [32miter(+1)=5,time(ms)=0.030,total_t(ms)=0.031,cost=0.001
[scan_planner_node-4] [0mfirst_optimize_step_success=1
[scan_planner_node-4] total time:[42m0.000183[0m,optimize:0.000143,refine:3.99e-05
[scan_planner_node-4] final_plan_success=1
[scan_planner_node-4] [FSM]: from REPLAN_TRAJ to EXEC_TRAJ
[closed_loop_controller-6] [INFO] [1786010917.910140153] [closed_loop_controller]: Received trajectory 856, duration 5.440s
[scan_planner_node-4] [FSM]: from EXEC_TRAJ to REPLAN_TRAJ
[scan_planner_node-4] 
[scan_planner_node-4] [rebo replan]: -------------------------------------882
[scan_planner_node-4] start: -5.91  -8.5 0.883,   0.625 -0.0024 0.00314
[scan_planner_node-4] goal:-2.17  -8.5   0.9,      0.75 -4.64e-13         0
[scan_planner_node-4] [32miter(+1)=6,time(ms)=0.036,total_t(ms)=0.037,cost=0.009
[scan_planner_node-4] [0mfirst_optimize_step_success=1
[scan_planner_node-4] total time:[42m0.000336[0m,optimize:0.000278,refine:5.77e-05
[scan_planner_node-4] final_plan_success=1
[scan_planner_node-4] [FSM]: from REPLAN_TRAJ to EXEC_TRAJ
[closed_loop_controller-6] [INFO] [1786010918.068274787] [closed_loop_controller]: Received trajectory 857, duration 6.080s
[scan_planner_node-4] [FSM]: from EXEC_TRAJ to REPLAN_TRAJ
[scan_planner_node-4] 
[scan_planner_node-4] [rebo replan]: -------------------------------------883
[scan_planner_node-4] start: -5.84  -8.5 0.883,    0.625 0.000279  0.00308
[scan_planner_node-4] goal:-2.17  -8.5   0.9,      0.75 -4.64e-13         0
[scan_planner_node-4] [32miter(+1)=4,time(ms)=0.021,total_t(ms)=0.021,cost=0.001
[scan_planner_node-4] [0mfirst_optimize_step_success=1
[scan_planner_node-4] total time:[42m0.000218[0m,optimize:0.000174,refine:4.4e-05
[scan_planner_node-4] final_plan_success=1
[scan_planner_node-4] [FSM]: from REPLAN_TRAJ to EXEC_TRAJ
[closed_loop_controller-6] [INFO] [1786010918.180643594] [closed_loop_controller]: Received trajectory 858, duration 5.760s
[scan_planner_node-4] [FSM]: from EXEC_TRAJ to REPLAN_TRAJ
[scan_planner_node-4] [INFO] [1786010918.293802919] [scan_planner_node]: [GridMapDiag] cloud=32768 accepted=21858 invalid=10910 below_sensor=0 outside_update=0 sensor_z=1.200 cutoff_z=2.200
[scan_planner_node-4] 
[scan_planner_node-4] [rebo replan]: -------------------------------------884
[scan_planner_node-4] start: -5.77  -8.5 0.884,   0.625 0.00215   0.003
[scan_planner_node-4] goal:-2.17  -8.5   0.9,      0.75 -4.64e-13         0
[scan_planner_node-4] [32miter(+1)=5,time(ms)=0.019,total_t(ms)=0.019,cost=0.005
[scan_planner_node-4] [0mfirst_optimize_step_success=1
[scan_planner_node-4] total time:[42m0.000198[0m,optimize:0.000155,refine:4.25e-05
[scan_planner_node-4] final_plan_success=1
[closed_loop_controller-6] [INFO] [1786010918.294527122] [closed_loop_controller]: Received trajectory 859, duration 5.760s
[scan_planner_node-4] [FSM]: from REPLAN_TRAJ to EXEC_TRAJ
[scan_planner_node-4] [FSM]: from EXEC_TRAJ to REPLAN_TRAJ
[scan_planner_node-4] 
[scan_planner_node-4] [rebo replan]: -------------------------------------885
[scan_planner_node-4] start: -5.67  -8.5 0.884,   0.625 0.00354 0.00289
[scan_planner_node-4] goal:-2.17  -8.5   0.9,      0.75 -4.64e-13         0
[scan_planner_node-4] [32miter(+1)=5,time(ms)=0.018,total_t(ms)=0.019,cost=0.001
[scan_planner_node-4] [0mfirst_optimize_step_success=1
[scan_planner_node-4] total time:[42m0.000198[0m,optimize:0.000159,refine:3.88e-05
[scan_planner_node-4] final_plan_success=1
[scan_planner_node-4] [FSM]: from REPLAN_TRAJ to EXEC_TRAJ
[closed_loop_controller-6] [INFO] [1786010918.453530619] [closed_loop_controller]: Received trajectory 860, duration 5.440s
[scan_planner_node-4] [INFO] [1786010918.568862672] [scan_planner_node]: [MapDecay] decayed=1843 cleared=906 active_occupied=7804
[scan_planner_node-4] [FSM]: from EXEC_TRAJ to REPLAN_TRAJ
[scan_planner_node-4] 
[scan_planner_node-4] [rebo replan]: -------------------------------------886
[scan_planner_node-4] start: -5.55  -8.5 0.885,   0.625 0.00372 0.00284
[scan_planner_node-4] goal:-1.82  -8.5   0.9,     0.75 2.32e-14        0
[scan_planner_node-4] [32miter(+1)=6,time(ms)=0.023,total_t(ms)=0.024,cost=0.001
[scan_planner_node-4] [0mfirst_optimize_step_success=1
[scan_planner_node-4] total time:[42m0.000214[0m,optimize:0.00017,refine:4.39e-05
[scan_planner_node-4] final_plan_success=1
[scan_planner_node-4] [FSM]: from REPLAN_TRAJ to EXEC_TRAJ
[closed_loop_controller-6] [INFO] [1786010918.640804596] [closed_loop_controller]: Received trajectory 861, duration 5.760s
[scan_planner_node-4] [FSM]: from EXEC_TRAJ to REPLAN_TRAJ
[scan_planner_node-4] 
[scan_planner_node-4] [rebo replan]: -------------------------------------887
[scan_planner_node-4] start: -5.43  -8.5 0.885,   0.625 0.00288 0.00273
[scan_planner_node-4] goal:-1.82  -8.5   0.9,     0.75 2.32e-14        0
[scan_planner_node-4] [32miter(+1)=4,time(ms)=0.022,total_t(ms)=0.023,cost=0.005
[scan_planner_node-4] [0mfirst_optimize_step_success=1
[scan_planner_node-4] total time:[42m0.00022[0m,optimize:0.000176,refine:4.47e-05
[scan_planner_node-4] final_plan_success=1
[scan_planner_node-4] [FSM]: from REPLAN_TRAJ to EXEC_TRAJ
[closed_loop_controller-6] [INFO] [1786010918.835803295] [closed_loop_controller]: Received trajectory 862, duration 5.760s
[scan_planner_node-4] [FSM]: from EXEC_TRAJ to REPLAN_TRAJ
[scan_planner_node-4] 
[scan_planner_node-4] [rebo replan]: -------------------------------------888
[scan_planner_node-4] start: -5.35  -8.5 0.885,   0.625 0.00207 0.00263
[scan_planner_node-4] goal:-1.65  -8.5   0.9,      0.75 -4.18e-14         0
[scan_planner_node-4] [32miter(+1)=5,time(ms)=0.019,total_t(ms)=0.019,cost=0.001
[scan_planner_node-4] [0mfirst_optimize_step_success=1
[scan_planner_node-4] total time:[42m0.000264[0m,optimize:0.000207,refine:5.73e-05
[scan_planner_node-4] final_plan_success=1
[scan_planner_node-4] [FSM]: from REPLAN_TRAJ to EXEC_TRAJ
[closed_loop_controller-6] [INFO] [1786010918.963338652] [closed_loop_controller]: Received trajectory 863, duration 5.760s
[scan_planner_node-4] [FSM]: from EXEC_TRAJ to REPLAN_TRAJ
[scan_planner_node-4] 
[scan_planner_node-4] [rebo replan]: -------------------------------------889
[scan_planner_node-4] start: -5.28  -8.5 0.886,   0.625 0.00134 0.00256
[scan_planner_node-4] goal:-1.65  -8.5   0.9,      0.75 -4.18e-14         0
[scan_planner_node-4] [32miter(+1)=4,time(ms)=0.022,total_t(ms)=0.022,cost=0.003
[scan_planner_node-4] [0mfirst_optimize_step_success=1
[scan_planner_node-4] total time:[42m0.000274[0m,optimize:0.000211,refine:6.31e-05
[scan_planner_node-4] final_plan_success=1
[scan_planner_node-4] [FSM]: from REPLAN_TRAJ to EXEC_TRAJ
[closed_loop_controller-6] [INFO] [1786010919.076502103] [closed_loop_controller]: Received trajectory 864, duration 5.760s
[scan_planner_node-4] [FSM]: from EXEC_TRAJ to REPLAN_TRAJ
[scan_planner_node-4] 
[scan_planner_node-4] [rebo replan]: -------------------------------------890
[scan_planner_node-4] start: -5.18  -8.5 0.886,    0.625 0.000388  0.00248
[scan_planner_node-4] goal:-1.65  -8.5   0.9,      0.75 -4.18e-14         0
[scan_planner_node-4] [32miter(+1)=7,time(ms)=0.042,total_t(ms)=0.043,cost=0.007
[scan_planner_node-4] [0mfirst_optimize_step_success=1
[scan_planner_node-4] total time:[42m0.000313[0m,optimize:0.000237,refine:7.57e-05
[scan_planner_node-4] final_plan_success=1
[scan_planner_node-4] [FSM]: from REPLAN_TRAJ to EXEC_TRAJ
[closed_loop_controller-6] [INFO] [1786010919.241793941] [closed_loop_controller]: Received trajectory 865, duration 5.760s
[scan_planner_node-4] [FSM]: from EXEC_TRAJ to REPLAN_TRAJ
[scan_planner_node-4] 
[scan_planner_node-4] [rebo replan]: -------------------------------------891
[scan_planner_node-4] start: -5.08  -8.5 0.887,     0.625 -0.000351   0.00244
[scan_planner_node-4] goal:-1.65  -8.5   0.9,      0.75 -4.18e-14         0
[scan_planner_node-4] [32miter(+1)=4,time(ms)=0.025,total_t(ms)=0.025,cost=0.004
[scan_planner_node-4] [0mfirst_optimize_step_success=1
[scan_planner_node-4] total time:[42m0.000291[0m,optimize:0.000219,refine:7.2e-05
[scan_planner_node-4] final_plan_success=1
[scan_planner_node-4] [FSM]: from REPLAN_TRAJ to EXEC_TRAJ
[closed_loop_controller-6] [INFO] [1786010919.408145674] [closed_loop_controller]: Received trajectory 866, duration 5.440s
[scan_planner_node-4] [FSM]: from EXEC_TRAJ to REPLAN_TRAJ
[scan_planner_node-4] [INFO] [1786010919.568608268] [scan_planner_node]: [MapDecay] decayed=1306 cleared=486 active_occupied=8010
[scan_planner_node-4] 
[scan_planner_node-4] [rebo replan]: -------------------------------------892
[scan_planner_node-4] start: -4.98  -8.5 0.887,     0.625 -0.000802   0.00244
[scan_planner_node-4] goal:-1.3 -8.5  0.9,      0.75 -1.87e-14         0
[scan_planner_node-4] [32miter(+1)=4,time(ms)=0.026,total_t(ms)=0.026,cost=0.001
[scan_planner_node-4] [0mfirst_optimize_step_success=1
[scan_planner_node-4] total time:[42m0.000236[0m,optimize:0.000194,refine:4.25e-05
[scan_planner_node-4] final_plan_success=1
[scan_planner_node-4] [FSM]: from REPLAN_TRAJ to EXEC_TRAJ
[closed_loop_controller-6] [INFO] [1786010919.569116780] [closed_loop_controller]: Received trajectory 867, duration 5.760s
[scan_planner_node-4] [FSM]: from EXEC_TRAJ to REPLAN_TRAJ
[scan_planner_node-4] 
[scan_planner_node-4] [rebo replan]: -------------------------------------893
[scan_planner_node-4] start:  -4.9  -8.5 0.887,     0.625 -0.000973   0.00241
[scan_planner_node-4] goal:-1.3 -8.5  0.9,      0.75 -1.87e-14         0
[scan_planner_node-4] [32miter(+1)=5,time(ms)=0.022,total_t(ms)=0.022,cost=0.005
[scan_planner_node-4] [0mfirst_optimize_step_success=1
[scan_planner_node-4] total time:[42m0.000214[0m,optimize:0.000158,refine:5.58e-05
[scan_planner_node-4] final_plan_success=1
[scan_planner_node-4] [FSM]: from REPLAN_TRAJ to EXEC_TRAJ
[closed_loop_controller-6] [INFO] [1786010919.687056405] [closed_loop_controller]: Received trajectory 868, duration 5.760s
[scan_planner_node-4] [FSM]: from EXEC_TRAJ to REPLAN_TRAJ
[scan_planner_node-4] 
[scan_planner_node-4] [rebo replan]: -------------------------------------894
[scan_planner_node-4] start: -4.83  -8.5 0.887,    0.625 -0.00103  0.00234
[scan_planner_node-4] goal:-1.3 -8.5  0.9,      0.75 -1.87e-14         0
[scan_planner_node-4] [32miter(+1)=8,time(ms)=0.030,total_t(ms)=0.030,cost=0.006
[scan_planner_node-4] [0mfirst_optimize_step_success=1
[scan_planner_node-4] total time:[42m0.000203[0m,optimize:0.000162,refine:4.11e-05
[scan_planner_node-4] final_plan_success=1
[scan_planner_node-4] [FSM]: from REPLAN_TRAJ to EXEC_TRAJ
[closed_loop_controller-6] [INFO] [1786010919.808791107] [closed_loop_controller]: Received trajectory 869, duration 5.760s
[scan_planner_node-4] [FSM]: from EXEC_TRAJ to REPLAN_TRAJ
[scan_planner_node-4] [FSM]: state: REPLAN_TRAJ
[scan_planner_node-4] 
[scan_planner_node-4] [rebo replan]: -------------------------------------895
[scan_planner_node-4] start: -4.73  -8.5 0.888,     0.625 -0.000963   0.00226
[scan_planner_node-4] goal:-1.3 -8.5  0.9,      0.75 -1.87e-14         0
[scan_planner_node-4] [32miter(+1)=4,time(ms)=0.026,total_t(ms)=0.026,cost=0.003
[scan_planner_node-4] [0mfirst_optimize_step_success=1
[scan_planner_node-4] total time:[42m0.000271[0m,optimize:0.000207,refine:6.34e-05
[scan_planner_node-4] final_plan_success=1
[scan_planner_node-4] [FSM]: from REPLAN_TRAJ to EXEC_TRAJ
[closed_loop_controller-6] [INFO] [1786010919.962838185] [closed_loop_controller]: Received trajectory 870, duration 5.440s
[scan_planner_node-4] [FSM]: from EXEC_TRAJ to REPLAN_TRAJ
[scan_planner_node-4] 
[scan_planner_node-4] [rebo replan]: -------------------------------------896
[scan_planner_node-4] start: -4.63  -8.5 0.888,     0.625 -0.000788   0.00221
[scan_planner_node-4] goal:-0.95  -8.5   0.9,      0.75 -3.82e-15         0
[scan_planner_node-4] [32miter(+1)=5,time(ms)=0.020,total_t(ms)=0.020,cost=0.001
[scan_planner_node-4] [0mfirst_optimize_step_success=1
[scan_planner_node-4] total time:[42m0.000214[0m,optimize:0.000172,refine:4.25e-05
[scan_planner_node-4] final_plan_success=1
[scan_planner_node-4] [FSM]: from REPLAN_TRAJ to EXEC_TRAJ
[closed_loop_controller-6] [INFO] [1786010920.117251305] [closed_loop_controller]: Received trajectory 871, duration 5.760s
[scan_planner_node-4] [FSM]: from EXEC_TRAJ to REPLAN_TRAJ
[scan_planner_node-4] 
[scan_planner_node-4] [rebo replan]: -------------------------------------897
[scan_planner_node-4] start: -4.57  -8.5 0.888,     0.625 -0.000638   0.00218
[scan_planner_node-4] goal:-0.95  -8.5   0.9,      0.75 -3.82e-15         0
[scan_planner_node-4] [32miter(+1)=4,time(ms)=0.023,total_t(ms)=0.023,cost=0.004
[scan_planner_node-4] [0mfirst_optimize_step_success=1
[scan_planner_node-4] total time:[42m0.000231[0m,optimize:0.000182,refine:4.87e-05
[scan_planner_node-4] final_plan_success=1
[scan_planner_node-4] [FSM]: from REPLAN_TRAJ to EXEC_TRAJ
[closed_loop_controller-6] [INFO] [1786010920.219679714] [closed_loop_controller]: Received trajectory 872, duration 5.760s
[scan_planner_node-4] [FSM]: from EXEC_TRAJ to REPLAN_TRAJ
[scan_planner_node-4] [INFO] [1786010920.388760788] [scan_planner_node]: [GridMapDiag] cloud=32768 accepted=21614 invalid=11154 below_sensor=0 outside_update=0 sensor_z=1.200 cutoff_z=2.200
[scan_planner_node-4] 
[scan_planner_node-4] [rebo replan]: -------------------------------------898
[scan_planner_node-4] start: -4.46  -8.5 0.889,     0.625 -0.000367   0.00208
[scan_planner_node-4] goal:-0.95  -8.5   0.9,      0.75 -3.82e-15         0
[scan_planner_node-4] [32miter(+1)=8,time(ms)=0.045,total_t(ms)=0.046,cost=0.006
[scan_planner_node-4] [0mfirst_optimize_step_success=1
[scan_planner_node-4] total time:[42m0.000308[0m,optimize:0.000241,refine:6.69e-05
[scan_planner_node-4] final_plan_success=1
[scan_planner_node-4] [FSM]: from REPLAN_TRAJ to EXEC_TRAJ
[closed_loop_controller-6] [INFO] [1786010920.391540620] [closed_loop_controller]: Received trajectory 873, duration 5.760s
[scan_planner_node-4] [FSM]: from EXEC_TRAJ to REPLAN_TRAJ
[scan_planner_node-4] 
[scan_planner_node-4] [rebo replan]: -------------------------------------899
[scan_planner_node-4] start: -4.39  -8.5 0.889,     0.625 -0.000184   0.00203
[scan_planner_node-4] goal:-0.95  -8.5   0.9,      0.75 -3.82e-15         0
[scan_planner_node-4] [32miter(+1)=1,time(ms)=0.013,total_t(ms)=0.013,cost=0.004
[scan_planner_node-4] [0mfirst_optimize_step_success=1
[scan_planner_node-4] total time:[42m0.000181[0m,optimize:0.000141,refine:4.07e-05
[scan_planner_node-4] final_plan_success=1
[scan_planner_node-4] [FSM]: from REPLAN_TRAJ to EXEC_TRAJ
[closed_loop_controller-6] [INFO] [1786010920.512145311] [closed_loop_controller]: Received trajectory 874, duration 5.440s
[scan_planner_node-4] [FSM]: from EXEC_TRAJ to REPLAN_TRAJ
[scan_planner_node-4] [INFO] [1786010920.673260915] [scan_planner_node]: [MapDecay] decayed=515 cleared=210 active_occupied=5292
[scan_planner_node-4] 
[scan_planner_node-4] [rebo replan]: -------------------------------------900
[scan_planner_node-4] start: -4.29  -8.5 0.889,    0.625 1.79e-05  0.00199
[scan_planner_node-4] goal:-0.6 -8.5  0.9,      0.75 -2.54e-16         0
[scan_planner_node-4] [32miter(+1)=5,time(ms)=0.020,total_t(ms)=0.021,cost=0.001
[scan_planner_node-4] [0mfirst_optimize_step_success=1
[scan_planner_node-4] total time:[42m0.000211[0m,optimize:0.000168,refine:4.29e-05
[scan_planner_node-4] final_plan_success=1
[scan_planner_node-4] [FSM]: from REPLAN_TRAJ to EXEC_TRAJ
[closed_loop_controller-6] [INFO] [1786010920.673733989] [closed_loop_controller]: Received trajectory 875, duration 5.760s
[scan_planner_node-4] [FSM]: from EXEC_TRAJ to REPLAN_TRAJ
[scan_planner_node-4] 
[scan_planner_node-4] [rebo replan]: -------------------------------------901
[scan_planner_node-4] start: -4.19  -8.5  0.89,    0.625 0.000155  0.00194
[scan_planner_node-4] goal:-0.6 -8.5  0.9,      0.75 -2.54e-16         0
[scan_planner_node-4] [32miter(+1)=5,time(ms)=0.024,total_t(ms)=0.024,cost=0.005
[scan_planner_node-4] [0mfirst_optimize_step_success=1
[scan_planner_node-4] total time:[42m0.000207[0m,optimize:0.000165,refine:4.23e-05
[scan_planner_node-4] final_plan_success=1
[scan_planner_node-4] [FSM]: from REPLAN_TRAJ to EXEC_TRAJ
[closed_loop_controller-6] [INFO] [1786010920.827376505] [closed_loop_controller]: Received trajectory 876, duration 5.760s
[scan_planner_node-4] [FSM]: from EXEC_TRAJ to REPLAN_TRAJ
[scan_planner_node-4] 
[scan_planner_node-4] [rebo replan]: -------------------------------------902
[scan_planner_node-4] start: -4.12  -8.5  0.89,    0.625 0.000227  0.00188
[scan_planner_node-4] goal:-0.425   -8.5    0.9,      0.75 -7.17e-17         0
[scan_planner_node-4] [32miter(+1)=5,time(ms)=0.020,total_t(ms)=0.020,cost=0.001
[scan_planner_node-4] [0mfirst_optimize_step_success=1
[scan_planner_node-4] total time:[42m0.000208[0m,optimize:0.000166,refine:4.25e-05
[scan_planner_node-4] final_plan_success=1
[scan_planner_node-4] [FSM]: from REPLAN_TRAJ to EXEC_TRAJ
[closed_loop_controller-6] [INFO] [1786010920.951703785] [closed_loop_controller]: Received trajectory 877, duration 5.760s
[scan_planner_node-4] [FSM]: from EXEC_TRAJ to REPLAN_TRAJ
[scan_planner_node-4] 
[scan_planner_node-4] [rebo replan]: -------------------------------------903
[scan_planner_node-4] start: -4.05  -8.5  0.89,    0.625 0.000261  0.00182
[scan_planner_node-4] goal:-0.425   -8.5    0.9,      0.75 -7.17e-17         0
[scan_planner_node-4] [32miter(+1)=4,time(ms)=0.016,total_t(ms)=0.016,cost=0.004
[scan_planner_node-4] [0mfirst_optimize_step_success=1
[scan_planner_node-4] total time:[42m0.000202[0m,optimize:0.000161,refine:4.13e-05
[scan_planner_node-4] final_plan_success=1
[scan_planner_node-4] [FSM]: from REPLAN_TRAJ to EXEC_TRAJ
[closed_loop_controller-6] [INFO] [1786010921.064419786] [closed_loop_controller]: Received trajectory 878, duration 5.760s
[scan_planner_node-4] [FSM]: from EXEC_TRAJ to REPLAN_TRAJ
[scan_planner_node-4] 
[scan_planner_node-4] [rebo replan]: -------------------------------------904
[scan_planner_node-4] start: -3.95  -8.5  0.89,    0.625 0.000266  0.00176
[scan_planner_node-4] goal:-0.425   -8.5    0.9,      0.75 -7.17e-17         0
[scan_planner_node-4] [32miter(+1)=8,time(ms)=0.033,total_t(ms)=0.033,cost=0.006
[scan_planner_node-4] [0mfirst_optimize_step_success=1
[scan_planner_node-4] total time:[42m0.000208[0m,optimize:0.000164,refine:4.32e-05
[scan_planner_node-4] final_plan_success=1
[scan_planner_node-4] [FSM]: from REPLAN_TRAJ to EXEC_TRAJ
[closed_loop_controller-6] [INFO] [1786010921.216775909] [closed_loop_controller]: Received trajectory 879, duration 5.760s
[scan_planner_node-4] [FSM]: from EXEC_TRAJ to REPLAN_TRAJ
[scan_planner_node-4] 
[scan_planner_node-4] [rebo replan]: -------------------------------------905
[scan_planner_node-4] start: -3.88  -8.5  0.89,    0.625 0.000245  0.00172
[scan_planner_node-4] goal:-0.425   -8.5    0.9,      0.75 -7.17e-17         0
[scan_planner_node-4] [32miter(+1)=3,time(ms)=0.016,total_t(ms)=0.017,cost=0.002
[scan_planner_node-4] [0mfirst_optimize_step_success=1
[scan_planner_node-4] total time:[42m0.000176[0m,optimize:0.000126,refine:4.98e-05
[scan_planner_node-4] final_plan_success=1
[scan_planner_node-4] [FSM]: from REPLAN_TRAJ to EXEC_TRAJ
[closed_loop_controller-6] [INFO] [1786010921.335096357] [closed_loop_controller]: Received trajectory 880, duration 5.440s
[scan_planner_node-4] [FSM]: from EXEC_TRAJ to REPLAN_TRAJ
[scan_planner_node-4] 
[scan_planner_node-4] [rebo replan]: -------------------------------------906
[scan_planner_node-4] start:  -3.8  -8.5 0.891,    0.625 0.000207  0.00171
[scan_planner_node-4] goal:-0.075   -8.5    0.9,      0.75 -1.46e-16         0
[scan_planner_node-4] [32miter(+1)=8,time(ms)=0.041,total_t(ms)=0.041,cost=0.006
[scan_planner_node-4] [0mfirst_optimize_step_success=1
[scan_planner_node-4] total time:[42m0.000287[0m,optimize:0.000231,refine:5.66e-05
[scan_planner_node-4] final_plan_success=1
[closed_loop_controller-6] [INFO] [1786010921.458766923] [closed_loop_controller]: Received trajectory 881, duration 6.080s
[scan_planner_node-4] [FSM]: from REPLAN_TRAJ to EXEC_TRAJ
[scan_planner_node-4] [FSM]: from EXEC_TRAJ to REPLAN_TRAJ
[scan_planner_node-4] 
[scan_planner_node-4] [rebo replan]: -------------------------------------907
[scan_planner_node-4] start: -3.69  -8.5 0.891,    0.625 0.000137  0.00165
[scan_planner_node-4] goal:-0.075   -8.5    0.9,      0.75 -1.46e-16         0
[scan_planner_node-4] [32miter(+1)=4,time(ms)=0.018,total_t(ms)=0.018,cost=0.005
[scan_planner_node-4] [0mfirst_optimize_step_success=1
[scan_planner_node-4] total time:[42m0.000183[0m,optimize:0.000133,refine:5e-05
[scan_planner_node-4] final_plan_success=1
[scan_planner_node-4] [FSM]: from REPLAN_TRAJ to EXEC_TRAJ
[closed_loop_controller-6] [INFO] [1786010921.641090243] [closed_loop_controller]: Received trajectory 882, duration 5.760s
[scan_planner_node-4] [INFO] [1786010921.681179091] [scan_planner_node]: [MapDecay] decayed=293 cleared=143 active_occupied=5413
[scan_planner_node-4] [FSM]: from EXEC_TRAJ to REPLAN_TRAJ
[scan_planner_node-4] 
[scan_planner_node-4] [rebo replan]: -------------------------------------908
[scan_planner_node-4] start: -3.59  -8.5 0.891,    0.625 7.35e-05  0.00159
[scan_planner_node-4] goal:-0.075   -8.5    0.9,      0.75 -1.46e-16         0
[scan_planner_node-4] [32miter(+1)=5,time(ms)=0.020,total_t(ms)=0.021,cost=0.002
[scan_planner_node-4] [0mfirst_optimize_step_success=1
[scan_planner_node-4] total time:[42m0.000167[0m,optimize:0.000128,refine:3.88e-05
[scan_planner_node-4] final_plan_success=1
[scan_planner_node-4] [FSM]: from REPLAN_TRAJ to EXEC_TRAJ
[closed_loop_controller-6] [INFO] [1786010921.795958245] [closed_loop_controller]: Received trajectory 883, duration 5.440s
[scan_planner_node-4] [FSM]: from EXEC_TRAJ to REPLAN_TRAJ
[scan_planner_node-4] 
[scan_planner_node-4] [rebo replan]: -------------------------------------909
[scan_planner_node-4] start: -3.51  -8.5 0.891,    0.625 2.44e-05  0.00155
[scan_planner_node-4] goal:-0.075   -8.5    0.9,      0.75 -1.46e-16         0
[scan_planner_node-4] [32miter(+1)=4,time(ms)=0.017,total_t(ms)=0.017,cost=0.003
[scan_planner_node-4] [0mfirst_optimize_step_success=1
[scan_planner_node-4] total time:[42m0.000181[0m,optimize:0.000142,refine:3.85e-05
[scan_planner_node-4] final_plan_success=1
[scan_planner_node-4] [FSM]: from REPLAN_TRAJ to EXEC_TRAJ
[closed_loop_controller-6] [INFO] [1786010921.927581111] [closed_loop_controller]: Received trajectory 884, duration 5.440s
[scan_planner_node-4] [FSM]: from EXEC_TRAJ to REPLAN_TRAJ
[scan_planner_node-4] 
[scan_planner_node-4] [rebo replan]: -------------------------------------910
[scan_planner_node-4] start: -3.43  -8.5 0.892,     0.625 -1.19e-05   0.00154
[scan_planner_node-4] goal:0.275  -8.5   0.9,      0.75 -2.28e-16         0
[scan_planner_node-4] [32miter(+1)=8,time(ms)=0.031,total_t(ms)=0.031,cost=0.006
[scan_planner_node-4] [0mfirst_optimize_step_success=1
[scan_planner_node-4] total time:[42m0.00023[0m,optimize:0.000185,refine:4.47e-05
[scan_planner_node-4] final_plan_success=1
[scan_planner_node-4] [FSM]: from REPLAN_TRAJ to EXEC_TRAJ
[closed_loop_controller-6] [INFO] [1786010922.045409161] [closed_loop_controller]: Received trajectory 885, duration 6.080s
[scan_planner_node-4] [FSM]: from EXEC_TRAJ to REPLAN_TRAJ
[scan_planner_node-4] 
[scan_planner_node-4] [rebo replan]: -------------------------------------911
[scan_planner_node-4] start: -3.35  -8.5 0.892,     0.625 -4.17e-05   0.00152
[scan_planner_node-4] goal:0.275  -8.5   0.9,      0.75 -2.28e-16         0
[scan_planner_node-4] [32miter(+1)=4,time(ms)=0.034,total_t(ms)=0.035,cost=0.003
[scan_planner_node-4] [0mfirst_optimize_step_success=1
[scan_planner_node-4] total time:[42m0.000339[0m,optimize:0.000268,refine:7.11e-05
[scan_planner_node-4] final_plan_success=1
[scan_planner_node-4] [FSM]: from REPLAN_TRAJ to EXEC_TRAJ
[closed_loop_controller-6] [INFO] [1786010922.178965960] [closed_loop_controller]: Received trajectory 886, duration 5.760s
[scan_planner_node-4] [FSM]: from EXEC_TRAJ to REPLAN_TRAJ
[scan_planner_node-4] 
[scan_planner_node-4] [rebo replan]: -------------------------------------912
[scan_planner_node-4] start: -3.29  -8.5 0.892,     0.625 -5.77e-05   0.00148
[scan_planner_node-4] goal:0.275  -8.5   0.9,      0.75 -2.28e-16         0
[scan_planner_node-4] [32miter(+1)=6,time(ms)=0.026,total_t(ms)=0.027,cost=0.006
[scan_planner_node-4] [0mfirst_optimize_step_success=1
[scan_planner_node-4] total time:[42m0.000274[0m,optimize:0.000216,refine:5.8e-05
[scan_planner_node-4] final_plan_success=1
[scan_planner_node-4] [FSM]: from REPLAN_TRAJ to EXEC_TRAJ
[closed_loop_controller-6] [INFO] [1786010922.280557686] [closed_loop_controller]: Received trajectory 887, duration 5.760s
[scan_planner_node-4] [FSM]: from EXEC_TRAJ to REPLAN_TRAJ
[scan_planner_node-4] 
[scan_planner_node-4] [rebo replan]: -------------------------------------913
[scan_planner_node-4] start: -3.19  -8.5 0.892,     0.625 -6.92e-05   0.00143
[scan_planner_node-4] goal:0.275  -8.5   0.9,      0.75 -2.28e-16         0
[scan_planner_node-4] [32miter(+1)=4,time(ms)=0.029,total_t(ms)=0.029,cost=0.001
[scan_planner_node-4] [0mfirst_optimize_step_success=1
[scan_planner_node-4] total time:[42m0.000236[0m,optimize:0.000178,refine:5.8e-05
[scan_planner_node-4] final_plan_success=1
[scan_planner_node-4] [FSM]: from REPLAN_TRAJ to EXEC_TRAJ
[closed_loop_controller-6] [INFO] [1786010922.431156437] [closed_loop_controller]: Received trajectory 888, duration 5.440s
[scan_planner_node-4] [INFO] [1786010922.523190856] [scan_planner_node]: [GridMapDiag] cloud=32768 accepted=21557 invalid=11211 below_sensor=0 outside_update=0 sensor_z=1.200 cutoff_z=2.200
[scan_planner_node-4] [FSM]: from EXEC_TRAJ to REPLAN_TRAJ
[scan_planner_node-4] 
[scan_planner_node-4] [rebo replan]: -------------------------------------914
[scan_planner_node-4] start: -3.08  -8.5 0.892,     0.625 -6.76e-05    0.0014
[scan_planner_node-4] goal:0.625  -8.5   0.9,      0.75 -1.51e-16         0
[scan_planner_node-4] [32miter(+1)=5,time(ms)=0.038,total_t(ms)=0.038,cost=0.001
[scan_planner_node-4] [0mfirst_optimize_step_success=1
[scan_planner_node-4] total time:[42m0.000356[0m,optimize:0.000277,refine:7.9e-05
[scan_planner_node-4] final_plan_success=1
[closed_loop_controller-6] [INFO] [1786010922.615657180] [closed_loop_controller]: Received trajectory 889, duration 5.760s
[scan_planner_node-4] [FSM]: from REPLAN_TRAJ to EXEC_TRAJ
[scan_planner_node-4] [FSM]: from EXEC_TRAJ to REPLAN_TRAJ
[scan_planner_node-4] [INFO] [1786010922.839716866] [scan_planner_node]: [MapDecay] decayed=735 cleared=400 active_occupied=5179
[scan_planner_node-4] 
[scan_planner_node-4] [rebo replan]: -------------------------------------915
[scan_planner_node-4] start: -2.94  -8.5 0.893,     0.625 -4.95e-05   0.00133
[scan_planner_node-4] goal:0.625  -8.5   0.9,      0.75 -1.51e-16         0
[scan_planner_node-4] [32miter(+1)=6,time(ms)=0.028,total_t(ms)=0.029,cost=0.006
[scan_planner_node-4] [0mfirst_optimize_step_success=1
[scan_planner_node-4] total time:[42m0.00031[0m,optimize:0.000236,refine:7.39e-05
[scan_planner_node-4] final_plan_success=1
[scan_planner_node-4] [FSM]: from REPLAN_TRAJ to EXEC_TRAJ
[closed_loop_controller-6] [INFO] [1786010922.840380944] [closed_loop_controller]: Received trajectory 890, duration 5.760s
[scan_planner_node-4] [FSM]: from EXEC_TRAJ to REPLAN_TRAJ
[scan_planner_node-4] 
[scan_planner_node-4] [rebo replan]: -------------------------------------916
[scan_planner_node-4] start: -2.84  -8.5 0.893,     0.625 -3.13e-05   0.00127
[scan_planner_node-4] goal:0.625  -8.5   0.9,      0.75 -1.51e-16         0
[scan_planner_node-4] [32miter(+1)=4,time(ms)=0.023,total_t(ms)=0.023,cost=0.001
[scan_planner_node-4] [0mfirst_optimize_step_success=1
[scan_planner_node-4] total time:[42m0.000258[0m,optimize:0.000202,refine:5.62e-05
[scan_planner_node-4] final_plan_success=1
[scan_planner_node-4] [FSM]: from REPLAN_TRAJ to EXEC_TRAJ
[closed_loop_controller-6] [INFO] [1786010923.004943742] [closed_loop_controller]: Received trajectory 891, duration 5.440s
[scan_planner_node-4] [FSM]: from EXEC_TRAJ to REPLAN_TRAJ
[scan_planner_node-4] 
[scan_planner_node-4] [rebo replan]: -------------------------------------917
[scan_planner_node-4] start: -2.69  -8.5 0.893,     0.625 -7.41e-06   0.00126
[scan_planner_node-4] goal:0.975  -8.5   0.9,     0.75 2.96e-15        0
[scan_planner_node-4] [32miter(+1)=4,time(ms)=0.022,total_t(ms)=0.022,cost=0.001
[scan_planner_node-4] [0mfirst_optimize_step_success=1
[scan_planner_node-4] total time:[42m0.000333[0m,optimize:0.000254,refine:7.91e-05
[scan_planner_node-4] final_plan_success=1
[scan_planner_node-4] [FSM]: from REPLAN_TRAJ to EXEC_TRAJ
[closed_loop_controller-6] [INFO] [1786010923.241962116] [closed_loop_controller]: Received trajectory 892, duration 5.760s
[scan_planner_node-4] [FSM]: from EXEC_TRAJ to REPLAN_TRAJ
[scan_planner_node-4] 
[scan_planner_node-4] [rebo replan]: -------------------------------------918
[scan_planner_node-4] start: -2.57  -8.5 0.893,    0.625 6.95e-06  0.00123
[scan_planner_node-4] goal:1.15 -8.5  0.9,      0.75 -8.87e-15         0
[scan_planner_node-4] [32miter(+1)=8,time(ms)=0.047,total_t(ms)=0.048,cost=0.006
[scan_planner_node-4] [0mfirst_optimize_step_success=1
[scan_planner_node-4] total time:[42m0.000313[0m,optimize:0.000246,refine:6.73e-05
[scan_planner_node-4] final_plan_success=1
[scan_planner_node-4] [FSM]: from REPLAN_TRAJ to EXEC_TRAJ
[closed_loop_controller-6] [INFO] [1786010923.430427592] [closed_loop_controller]: Received trajectory 893, duration 6.080s
[scan_planner_node-4] [FSM]: from EXEC_TRAJ to REPLAN_TRAJ
[scan_planner_node-4] 
[scan_planner_node-4] [rebo replan]: -------------------------------------919
[scan_planner_node-4] start: -2.47  -8.5 0.894,    0.625 1.45e-05  0.00115
[scan_planner_node-4] goal:1.15 -8.5  0.9,      0.75 -8.87e-15         0
[scan_planner_node-4] [32miter(+1)=4,time(ms)=0.021,total_t(ms)=0.022,cost=0.004
[scan_planner_node-4] [0mfirst_optimize_step_success=1
[scan_planner_node-4] total time:[42m0.000299[0m,optimize:0.000237,refine:6.21e-05
[scan_planner_node-4] final_plan_success=1
[scan_planner_node-4] [FSM]: from REPLAN_TRAJ to EXEC_TRAJ
[closed_loop_controller-6] [INFO] [1786010923.600790308] [closed_loop_controller]: Received trajectory 894, duration 5.760s
[scan_planner_node-4] [FSM]: from EXEC_TRAJ to REPLAN_TRAJ
[scan_planner_node-4] 
[scan_planner_node-4] [rebo replan]: -------------------------------------920
[scan_planner_node-4] start: -2.39  -8.5 0.894,    0.625 1.68e-05  0.00111
[scan_planner_node-4] goal:1.15 -8.5  0.9,      0.75 -8.87e-15         0
[scan_planner_node-4] [32miter(+1)=7,time(ms)=0.035,total_t(ms)=0.035,cost=0.006
[scan_planner_node-4] [0mfirst_optimize_step_success=1
[scan_planner_node-4] total time:[42m0.000281[0m,optimize:0.000222,refine:5.93e-05
[scan_planner_node-4] final_plan_success=1
[scan_planner_node-4] [FSM]: from REPLAN_TRAJ to EXEC_TRAJ
[closed_loop_controller-6] [INFO] [1786010923.725031859] [closed_loop_controller]: Received trajectory 895, duration 5.760s
[scan_planner_node-4] [FSM]: from EXEC_TRAJ to REPLAN_TRAJ
[scan_planner_node-4] [INFO] [1786010923.884759333] [scan_planner_node]: [MapDecay] decayed=497 cleared=153 active_occupied=5114
[scan_planner_node-4] 
[scan_planner_node-4] [rebo replan]: -------------------------------------921
[scan_planner_node-4] start: -2.29  -8.5 0.894,    0.625 1.68e-05  0.00108
[scan_planner_node-4] goal:1.15 -8.5  0.9,      0.75 -8.87e-15         0
[scan_planner_node-4] [32miter(+1)=1,time(ms)=0.012,total_t(ms)=0.013,cost=0.003
[scan_planner_node-4] [0mfirst_optimize_step_success=1
[scan_planner_node-4] total time:[42m0.000227[0m,optimize:0.000172,refine:5.5e-05
[scan_planner_node-4] final_plan_success=1
[scan_planner_node-4] [FSM]: from REPLAN_TRAJ to EXEC_TRAJ
[closed_loop_controller-6] [INFO] [1786010923.885442138] [closed_loop_controller]: Received trajectory 896, duration 5.440s
[scan_planner_node-4] [FSM]: from EXEC_TRAJ to REPLAN_TRAJ
[scan_planner_node-4] 
[scan_planner_node-4] [rebo replan]: -------------------------------------922
[scan_planner_node-4] start:  -2.2  -8.5 0.894,    0.625 1.44e-05  0.00108
[scan_planner_node-4] goal: 1.5 -8.5  0.9,      0.75 -4.33e-14         0
[scan_planner_node-4] [32miter(+1)=8,time(ms)=0.039,total_t(ms)=0.040,cost=0.007
[scan_planner_node-4] [0mfirst_optimize_step_success=1
[scan_planner_node-4] total time:[42m0.000297[0m,optimize:0.000239,refine:5.8e-05
[scan_planner_node-4] final_plan_success=1
[scan_planner_node-4] [FSM]: from REPLAN_TRAJ to EXEC_TRAJ
[closed_loop_controller-6] [INFO] [1786010924.034476594] [closed_loop_controller]: Received trajectory 897, duration 6.080s
[scan_planner_node-4] [FSM]: from EXEC_TRAJ to REPLAN_TRAJ
[scan_planner_node-4] 
[scan_planner_node-4] [rebo replan]: -------------------------------------923
[scan_planner_node-4] start:  -2.1  -8.5 0.894,    0.625 1.08e-05  0.00106
[scan_planner_node-4] goal: 1.5 -8.5  0.9,      0.75 -4.33e-14         0
[scan_planner_node-4] [32miter(+1)=5,time(ms)=0.040,total_t(ms)=0.041,cost=0.005
[scan_planner_node-4] [0mfirst_optimize_step_success=1
[scan_planner_node-4] total time:[42m0.000426[0m,optimize:0.000327,refine:9.92e-05
[scan_planner_node-4] final_plan_success=1
[closed_loop_controller-6] [INFO] [1786010924.183860972] [closed_loop_controller]: Received trajectory 898, duration 5.760s
[scan_planner_node-4] [FSM]: from REPLAN_TRAJ to EXEC_TRAJ
[scan_planner_node-4] [FSM]: from EXEC_TRAJ to REPLAN_TRAJ
[scan_planner_node-4] 
[scan_planner_node-4] [rebo replan]: -------------------------------------924
[scan_planner_node-4] start: -2.02  -8.5 0.894,    0.625 7.05e-06  0.00103
[scan_planner_node-4] goal: 1.5 -8.5  0.9,      0.75 -4.33e-14         0
[scan_planner_node-4] [32miter(+1)=8,time(ms)=0.037,total_t(ms)=0.038,cost=0.006
[scan_planner_node-4] [0mfirst_optimize_step_success=1
[scan_planner_node-4] total time:[42m0.000272[0m,optimize:0.00022,refine:5.22e-05
[scan_planner_node-4] final_plan_success=1
[scan_planner_node-4] [FSM]: from REPLAN_TRAJ to EXEC_TRAJ
[closed_loop_controller-6] [INFO] [1786010924.323040370] [closed_loop_controller]: Received trajectory 899, duration 5.760s
[scan_planner_node-4] [FSM]: from EXEC_TRAJ to REPLAN_TRAJ
[scan_planner_node-4] 
[scan_planner_node-4] [rebo replan]: -------------------------------------925
[scan_planner_node-4] start: -1.95  -8.5 0.895,    0.625 4.44e-06    0.001
[scan_planner_node-4] goal: 1.5 -8.5  0.9,      0.75 -4.33e-14         0
[scan_planner_node-4] [32miter(+1)=3,time(ms)=0.020,total_t(ms)=0.020,cost=0.002
[scan_planner_node-4] [0mfirst_optimize_step_success=1
[scan_planner_node-4] total time:[42m0.000205[0m,optimize:0.000156,refine:4.94e-05
[scan_planner_node-4] final_plan_success=1
[scan_planner_node-4] [FSM]: from REPLAN_TRAJ to EXEC_TRAJ
[closed_loop_controller-6] [INFO] [1786010924.424595076] [closed_loop_controller]: Received trajectory 900, duration 5.440s
[scan_planner_node-4] [FSM]: from EXEC_TRAJ to REPLAN_TRAJ
[scan_planner_node-4] [INFO] [1786010924.609853167] [scan_planner_node]: [GridMapDiag] cloud=32768 accepted=21453 invalid=11315 below_sensor=0 outside_update=0 sensor_z=1.200 cutoff_z=2.200
[scan_planner_node-4] 
[scan_planner_node-4] [rebo replan]: -------------------------------------926
[scan_planner_node-4] start: -1.84  -8.5 0.895,    0.625 3.13e-07 0.000986
[scan_planner_node-4] goal:1.85 -8.5  0.9,      0.75 -9.71e-14         0
[scan_planner_node-4] [32miter(+1)=5,time(ms)=0.022,total_t(ms)=0.023,cost=0.001
[scan_planner_node-4] [0mfirst_optimize_step_success=1
[scan_planner_node-4] total time:[42m0.000235[0m,optimize:0.000186,refine:4.91e-05
[scan_planner_node-4] final_plan_success=1
[closed_loop_controller-6] [INFO] [1786010924.612349403] [closed_loop_controller]: Received trajectory 901, duration 5.760s
[scan_planner_node-4] [FSM]: from REPLAN_TRAJ to EXEC_TRAJ
[scan_planner_node-4] [FSM]: from EXEC_TRAJ to REPLAN_TRAJ
[scan_planner_node-4] 
[scan_planner_node-4] [rebo replan]: -------------------------------------927
[scan_planner_node-4] start: -1.72  -8.5 0.895,     0.625 -2.64e-06  0.000951
[scan_planner_node-4] goal:2.03 -8.5  0.9,     0.75 5.38e-14        0
[scan_planner_node-4] [32miter(+1)=6,time(ms)=0.029,total_t(ms)=0.030,cost=0.008
[scan_planner_node-4] [0mfirst_optimize_step_success=1
[scan_planner_node-4] total time:[42m0.00027[0m,optimize:0.000213,refine:5.65e-05
[scan_planner_node-4] final_plan_success=1
[scan_planner_node-4] [FSM]: from REPLAN_TRAJ to EXEC_TRAJ
[closed_loop_controller-6] [INFO] [1786010924.796542628] [closed_loop_controller]: Received trajectory 902, duration 6.080s
[scan_planner_node-4] [INFO] [1786010924.890841275] [scan_planner_node]: [MapDecay] decayed=508 cleared=168 active_occupied=6061
[scan_planner_node-4] [FSM]: from EXEC_TRAJ to REPLAN_TRAJ
[scan_planner_node-4] 
[scan_planner_node-4] [rebo replan]: -------------------------------------928
[scan_planner_node-4] start: -1.63  -8.5 0.895,     0.625 -3.99e-06  0.000904
[scan_planner_node-4] goal:2.03 -8.5  0.9,     0.75 5.38e-14        0
[scan_planner_node-4] [32miter(+1)=4,time(ms)=0.020,total_t(ms)=0.021,cost=0.001
[scan_planner_node-4] [0mfirst_optimize_step_success=1
[scan_planner_node-4] total time:[42m0.000201[0m,optimize:0.000153,refine:4.87e-05
[scan_planner_node-4] final_plan_success=1
[scan_planner_node-4] [FSM]: from REPLAN_TRAJ to EXEC_TRAJ
[closed_loop_controller-6] [INFO] [1786010924.936515927] [closed_loop_controller]: Received trajectory 903, duration 5.760s
[scan_planner_node-4] [FSM]: from EXEC_TRAJ to REPLAN_TRAJ
[scan_planner_node-4] 
[scan_planner_node-4] [rebo replan]: -------------------------------------929
[scan_planner_node-4] start: -1.53  -8.5 0.895,     0.625 -4.61e-06  0.000863
[scan_planner_node-4] goal:2.03 -8.5  0.9,     0.75 5.38e-14        0
[scan_planner_node-4] [32miter(+1)=6,time(ms)=0.027,total_t(ms)=0.027,cost=0.007
[scan_planner_node-4] [0mfirst_optimize_step_success=1
[scan_planner_node-4] total time:[42m0.000239[0m,optimize:0.000184,refine:5.52e-05
[scan_planner_node-4] final_plan_success=1
[scan_planner_node-4] [FSM]: from REPLAN_TRAJ to EXEC_TRAJ
[closed_loop_controller-6] [INFO] [1786010925.096072458] [closed_loop_controller]: Received trajectory 904, duration 5.760s
[scan_planner_node-4] [FSM]: from EXEC_TRAJ to REPLAN_TRAJ
[scan_planner_node-4] 
[scan_planner_node-4] [rebo replan]: -------------------------------------930
[scan_planner_node-4] start: -1.43  -8.5 0.895,    0.625 -4.4e-06 0.000844
[scan_planner_node-4] goal:2.03 -8.5  0.9,     0.75 5.38e-14        0
[scan_planner_node-4] [32miter(+1)=4,time(ms)=0.018,total_t(ms)=0.018,cost=0.001
[scan_planner_node-4] [0mfirst_optimize_step_success=1
[scan_planner_node-4] total time:[42m0.000203[0m,optimize:0.000154,refine:4.85e-05
[scan_planner_node-4] final_plan_success=1
[scan_planner_node-4] [FSM]: from REPLAN_TRAJ to EXEC_TRAJ
[closed_loop_controller-6] [INFO] [1786010925.256804267] [closed_loop_controller]: Received trajectory 905, duration 5.440s
[scan_planner_node-4] [FSM]: from EXEC_TRAJ to REPLAN_TRAJ
[scan_planner_node-4] 
[scan_planner_node-4] [rebo replan]: -------------------------------------931
[scan_planner_node-4] start: -1.37  -8.5 0.895,     0.625 -3.95e-06  0.000842
[scan_planner_node-4] goal:2.38 -8.5  0.9,      0.75 -1.08e-12         0
[scan_planner_node-4] [32miter(+1)=7,time(ms)=0.028,total_t(ms)=0.029,cost=0.006
[scan_planner_node-4] [0mfirst_optimize_step_success=1
[scan_planner_node-4] total time:[42m0.000284[0m,optimize:0.000237,refine:4.78e-05
[scan_planner_node-4] final_plan_success=1
[scan_planner_node-4] [FSM]: from REPLAN_TRAJ to EXEC_TRAJ
[closed_loop_controller-6] [INFO] [1786010925.360137512] [closed_loop_controller]: Received trajectory 906, duration 6.080s
[scan_planner_node-4] [FSM]: from EXEC_TRAJ to REPLAN_TRAJ
[scan_planner_node-4] 
[scan_planner_node-4] [rebo replan]: -------------------------------------932
[scan_planner_node-4] start: -1.29  -8.5 0.895,     0.625 -3.23e-06  0.000831
[scan_planner_node-4] goal:2.38 -8.5  0.9,      0.75 -1.08e-12         0
[scan_planner_node-4] [32miter(+1)=4,time(ms)=0.027,total_t(ms)=0.027,cost=0.001
[scan_planner_node-4] [0mfirst_optimize_step_success=1
[scan_planner_node-4] total time:[42m0.000379[0m,optimize:0.000296,refine:8.34e-05
[scan_planner_node-4] final_plan_success=1
[scan_planner_node-4] [FSM]: from REPLAN_TRAJ to EXEC_TRAJ
[closed_loop_controller-6] [INFO] [1786010925.482357492] [closed_loop_controller]: Received trajectory 907, duration 5.760s
[scan_planner_node-4] [FSM]: from EXEC_TRAJ to REPLAN_TRAJ
[scan_planner_node-4] 
[scan_planner_node-4] [rebo replan]: -------------------------------------933
[scan_planner_node-4] start: -1.18  -8.5 0.896,    0.625   -2e-06 0.000798
[scan_planner_node-4] goal:2.38 -8.5  0.9,      0.75 -1.08e-12         0
[scan_planner_node-4] [32miter(+1)=6,time(ms)=0.037,total_t(ms)=0.038,cost=0.007
[scan_planner_node-4] [0mfirst_optimize_step_success=1
[scan_planner_node-4] total time:[42m0.000301[0m,optimize:0.000247,refine:5.42e-05
[scan_planner_node-4] final_plan_success=1
[scan_planner_node-4] [FSM]: from REPLAN_TRAJ to EXEC_TRAJ
[closed_loop_controller-6] [INFO] [1786010925.660262686] [closed_loop_controller]: Received trajectory 908, duration 5.760s
[scan_planner_node-4] [FSM]: from EXEC_TRAJ to REPLAN_TRAJ
[scan_planner_node-4] 
[scan_planner_node-4] [rebo replan]: -------------------------------------934
[scan_planner_node-4] start: -1.08  -8.5 0.896,     0.625 -8.24e-07  0.000774
[scan_planner_node-4] goal:2.38 -8.5  0.9,      0.75 -1.08e-12         0
[scan_planner_node-4] [32miter(+1)=4,time(ms)=0.024,total_t(ms)=0.024,cost=0.001
[scan_planner_node-4] [0mfirst_optimize_step_success=1
[scan_planner_node-4] total time:[42m0.000228[0m,optimize:0.000171,refine:5.66e-05
[scan_planner_node-4] final_plan_success=1
[scan_planner_node-4] [FSM]: from REPLAN_TRAJ to EXEC_TRAJ
[closed_loop_controller-6] [INFO] [1786010925.825262027] [closed_loop_controller]: Received trajectory 909, duration 5.440s
[scan_planner_node-4] [FSM]: from EXEC_TRAJ to REPLAN_TRAJ
[scan_planner_node-4] [INFO] [1786010925.960666030] [scan_planner_node]: [MapDecay] decayed=1033 cleared=167 active_occupied=4857
[scan_planner_node-4] 
[scan_planner_node-4] [rebo replan]: -------------------------------------935
[scan_planner_node-4] start: -0.996   -8.5  0.896,     0.625 -1.98e-09  0.000766
[scan_planner_node-4] goal:2.73 -8.5  0.9,      0.75 -7.77e-12         0
[scan_planner_node-4] [32miter(+1)=8,time(ms)=0.032,total_t(ms)=0.033,cost=0.006
[scan_planner_node-4] [0mfirst_optimize_step_success=1
[scan_planner_node-4] total time:[42m0.000269[0m,optimize:0.000216,refine:5.35e-05
[scan_planner_node-4] final_plan_success=1
[scan_planner_node-4] [FSM]: from REPLAN_TRAJ to EXEC_TRAJ
[closed_loop_controller-6] [INFO] [1786010925.961266820] [closed_loop_controller]: Received trajectory 910, duration 6.080s
[scan_planner_node-4] [FSM]: from EXEC_TRAJ to REPLAN_TRAJ
[scan_planner_node-4] 
[scan_planner_node-4] [rebo replan]: -------------------------------------936
[scan_planner_node-4] start: -0.89  -8.5 0.896,    0.625 7.37e-07 0.000744
[scan_planner_node-4] goal:2.73 -8.5  0.9,      0.75 -7.77e-12         0
[scan_planner_node-4] [32miter(+1)=4,time(ms)=0.018,total_t(ms)=0.019,cost=0.005
[scan_planner_node-4] [0mfirst_optimize_step_success=1
[scan_planner_node-4] total time:[42m0.000201[0m,optimize:0.000152,refine:4.9e-05
[scan_planner_node-4] final_plan_success=1
[scan_planner_node-4] [FSM]: from REPLAN_TRAJ to EXEC_TRAJ
[closed_loop_controller-6] [INFO] [1786010926.130905370] [closed_loop_controller]: Received trajectory 911, duration 5.760s
[scan_planner_node-4] [FSM]: state: EXEC_TRAJ
[scan_planner_node-4] [FSM]: from EXEC_TRAJ to REPLAN_TRAJ
[scan_planner_node-4] 
[scan_planner_node-4] [rebo replan]: -------------------------------------937
[scan_planner_node-4] start: -0.775   -8.5  0.896,    0.625 1.15e-06 0.000709
[scan_planner_node-4] goal:2.73 -8.5  0.9,      0.75 -7.77e-12         0
[scan_planner_node-4] [32miter(+1)=8,time(ms)=0.032,total_t(ms)=0.033,cost=0.007
[scan_planner_node-4] [0mfirst_optimize_step_success=1
[scan_planner_node-4] total time:[42m0.000238[0m,optimize:0.000181,refine:5.67e-05
[scan_planner_node-4] final_plan_success=1
[scan_planner_node-4] [FSM]: from REPLAN_TRAJ to EXEC_TRAJ
[closed_loop_controller-6] [INFO] [1786010926.316040416] [closed_loop_controller]: Received trajectory 912, duration 5.760s
[scan_planner_node-4] [FSM]: from EXEC_TRAJ to REPLAN_TRAJ
[scan_planner_node-4] 
[scan_planner_node-4] [rebo replan]: -------------------------------------938
[scan_planner_node-4] start: -0.669   -8.5  0.896,    0.625 1.22e-06 0.000693
[scan_planner_node-4] goal:3.07 -8.5  0.9,      0.75 -2.69e-11         0
[scan_planner_node-4] [32miter(+1)=7,time(ms)=0.041,total_t(ms)=0.042,cost=0.006
[scan_planner_node-4] [0mfirst_optimize_step_success=1
[scan_planner_node-4] total time:[42m0.000263[0m,optimize:0.000211,refine:5.23e-05
[scan_planner_node-4] final_plan_success=1
[scan_planner_node-4] [FSM]: from REPLAN_TRAJ to EXEC_TRAJ
[closed_loop_controller-6] [INFO] [1786010926.486017967] [closed_loop_controller]: Received trajectory 913, duration 6.080s
[scan_planner_node-4] [INFO] [1786010926.614159616] [scan_planner_node]: [GridMapDiag] cloud=32768 accepted=21582 invalid=11186 below_sensor=0 outside_update=0 sensor_z=1.200 cutoff_z=2.200
[scan_planner_node-4] [FSM]: from EXEC_TRAJ to REPLAN_TRAJ
[scan_planner_node-4] 
[scan_planner_node-4] [rebo replan]: -------------------------------------939
[scan_planner_node-4] start: -0.536   -8.5  0.896,    0.625 1.02e-06 0.000662
[scan_planner_node-4] goal:3.07 -8.5  0.9,      0.75 -2.69e-11         0
[scan_planner_node-4] [32miter(+1)=4,time(ms)=0.017,total_t(ms)=0.018,cost=0.005
[scan_planner_node-4] [0mfirst_optimize_step_success=1
[scan_planner_node-4] total time:[42m0.000211[0m,optimize:0.000161,refine:4.92e-05
[scan_planner_node-4] final_plan_success=1
[scan_planner_node-4] [FSM]: from REPLAN_TRAJ to EXEC_TRAJ
[closed_loop_controller-6] [INFO] [1786010926.699205162] [closed_loop_controller]: Received trajectory 914, duration 5.760s
[scan_planner_node-4] [FSM]: from EXEC_TRAJ to REPLAN_TRAJ
[scan_planner_node-4] 
[scan_planner_node-4] [rebo replan]: -------------------------------------940
[scan_planner_node-4] start: -0.457   -8.5  0.896,    0.625 8.05e-07 0.000638
[scan_planner_node-4] goal:3.25 -8.5  0.9,     0.75 3.54e-11        0
[scan_planner_node-4] [32miter(+1)=5,time(ms)=0.034,total_t(ms)=0.034,cost=0.002
[scan_planner_node-4] [0mfirst_optimize_step_success=1
[scan_planner_node-4] total time:[42m0.000323[0m,optimize:0.000243,refine:8.04e-05
[scan_planner_node-4] final_plan_success=1
[scan_planner_node-4] [FSM]: from REPLAN_TRAJ to EXEC_TRAJ
[closed_loop_controller-6] [INFO] [1786010926.826890111] [closed_loop_controller]: Received trajectory 915, duration 5.760s
[scan_planner_node-4] [FSM]: from EXEC_TRAJ to REPLAN_TRAJ
[scan_planner_node-4] [INFO] [1786010926.997195698] [scan_planner_node]: [MapDecay] decayed=377 cleared=118 active_occupied=6265
[scan_planner_node-4] 
[scan_planner_node-4] [rebo replan]: -------------------------------------941
[scan_planner_node-4] start: -0.351   -8.5  0.897,    0.625  4.8e-07 0.000615
[scan_planner_node-4] goal:3.25 -8.5  0.9,     0.75 3.54e-11        0
[scan_planner_node-4] [32miter(+1)=5,time(ms)=0.020,total_t(ms)=0.020,cost=0.005
[scan_planner_node-4] [0mfirst_optimize_step_success=1
[scan_planner_node-4] total time:[42m0.000215[0m,optimize:0.000169,refine:4.61e-05
[scan_planner_node-4] final_plan_success=1
[scan_planner_node-4] [FSM]: from REPLAN_TRAJ to EXEC_TRAJ
[closed_loop_controller-6] [INFO] [1786010926.997774778] [closed_loop_controller]: Received trajectory 916, duration 5.760s
[scan_planner_node-4] [FSM]: from EXEC_TRAJ to REPLAN_TRAJ
[scan_planner_node-4] 
[scan_planner_node-4] [rebo replan]: -------------------------------------942
[scan_planner_node-4] start: -0.264   -8.5  0.897,    0.625 2.18e-07 0.000602
[scan_planner_node-4] goal:3.25 -8.5  0.9,     0.75 3.54e-11        0
[scan_planner_node-4] [32miter(+1)=8,time(ms)=0.047,total_t(ms)=0.047,cost=0.006
[scan_planner_node-4] [0mfirst_optimize_step_success=1
[scan_planner_node-4] total time:[42m0.000338[0m,optimize:0.000261,refine:7.61e-05
[scan_planner_node-4] final_plan_success=1
[scan_planner_node-4] [FSM]: from REPLAN_TRAJ to EXEC_TRAJ
[closed_loop_controller-6] [INFO] [1786010927.137558525] [closed_loop_controller]: Received trajectory 917, duration 5.760s
[scan_planner_node-4] [FSM]: from EXEC_TRAJ to REPLAN_TRAJ
[scan_planner_node-4] 
[scan_planner_node-4] [rebo replan]: -------------------------------------943
[scan_planner_node-4] start: -0.201   -8.5  0.897,    0.625 5.62e-08 0.000598
[scan_planner_node-4] goal:3.25 -8.5  0.9,     0.75 3.54e-11        0
[scan_planner_node-4] [32miter(+1)=1,time(ms)=0.010,total_t(ms)=0.011,cost=0.002
[scan_planner_node-4] [0mfirst_optimize_step_success=1
[scan_planner_node-4] total time:[42m0.000181[0m,optimize:0.000138,refine:4.32e-05
[scan_planner_node-4] final_plan_success=1
[scan_planner_node-4] [FSM]: from REPLAN_TRAJ to EXEC_TRAJ
[closed_loop_controller-6] [INFO] [1786010927.236179118] [closed_loop_controller]: Received trajectory 918, duration 5.440s
[scan_planner_node-4] [FSM]: from EXEC_TRAJ to REPLAN_TRAJ
[scan_planner_node-4] 
[scan_planner_node-4] [rebo replan]: -------------------------------------944
[scan_planner_node-4] start: -0.126   -8.5  0.897,     0.625 -9.96e-08  0.000597
[scan_planner_node-4] goal: 3.6 -8.5  0.9,      0.75 -7.89e-11         0
[scan_planner_node-4] [32miter(+1)=8,time(ms)=0.028,total_t(ms)=0.029,cost=0.006
[scan_planner_node-4] [0mfirst_optimize_step_success=1
[scan_planner_node-4] total time:[42m0.000241[0m,optimize:0.000197,refine:4.45e-05
[scan_planner_node-4] final_plan_success=1
[scan_planner_node-4] [FSM]: from REPLAN_TRAJ to EXEC_TRAJ
[closed_loop_controller-6] [INFO] [1786010927.358385424] [closed_loop_controller]: Received trajectory 919, duration 6.080s
[scan_planner_node-4] [FSM]: from EXEC_TRAJ to REPLAN_TRAJ
[scan_planner_node-4] 
[scan_planner_node-4] [rebo replan]: -------------------------------------945
[scan_planner_node-4] start: -0.0124    -8.5   0.897,     0.625 -2.54e-07  0.000579
[scan_planner_node-4] goal: 3.6 -8.5  0.9,      0.75 -7.89e-11         0
[scan_planner_node-4] [32miter(+1)=4,time(ms)=0.015,total_t(ms)=0.016,cost=0.005
[scan_planner_node-4] [0mfirst_optimize_step_success=1
[scan_planner_node-4] total time:[42m0.000181[0m,optimize:0.000139,refine:4.22e-05
[scan_planner_node-4] final_plan_success=1
[scan_planner_node-4] [FSM]: from REPLAN_TRAJ to EXEC_TRAJ
[closed_loop_controller-6] [INFO] [1786010927.538119703] [closed_loop_controller]: Received trajectory 920, duration 5.760s
[scan_planner_node-4] [FSM]: from EXEC_TRAJ to REPLAN_TRAJ
[scan_planner_node-4] 
[scan_planner_node-4] [rebo replan]: -------------------------------------946
[scan_planner_node-4] start: 0.0626   -8.5  0.897,     0.625 -3.04e-07  0.000559
[scan_planner_node-4] goal: 3.6 -8.5  0.9,      0.75 -7.89e-11         0
[scan_planner_node-4] [32miter(+1)=7,time(ms)=0.024,total_t(ms)=0.024,cost=0.006
[scan_planner_node-4] [0mfirst_optimize_step_success=1
[scan_planner_node-4] total time:[42m0.000226[0m,optimize:0.000183,refine:4.26e-05
[scan_planner_node-4] final_plan_success=1
[scan_planner_node-4] [FSM]: from REPLAN_TRAJ to EXEC_TRAJ
[closed_loop_controller-6] [INFO] [1786010927.660218424] [closed_loop_controller]: Received trajectory 921, duration 5.760s
[scan_planner_node-4] [FSM]: from EXEC_TRAJ to REPLAN_TRAJ
[scan_planner_node-4] 
[scan_planner_node-4] [rebo replan]: -------------------------------------947
[scan_planner_node-4] start: 0.131  -8.5 0.897,    0.625 -3.2e-07 0.000547
[scan_planner_node-4] goal: 3.6 -8.5  0.9,      0.75 -7.89e-11         0
[scan_planner_node-4] [32miter(+1)=4,time(ms)=0.016,total_t(ms)=0.016,cost=0.001
[scan_planner_node-4] [0mfirst_optimize_step_success=1
[scan_planner_node-4] total time:[42m0.000181[0m,optimize:0.000141,refine:3.98e-05
[scan_planner_node-4] final_plan_success=1
[scan_planner_node-4] [FSM]: from REPLAN_TRAJ to EXEC_TRAJ
[closed_loop_controller-6] [INFO] [1786010927.770746206] [closed_loop_controller]: Received trajectory 922, duration 5.440s
[scan_planner_node-4] [FSM]: from EXEC_TRAJ to REPLAN_TRAJ
[scan_planner_node-4] 
[scan_planner_node-4] [rebo replan]: -------------------------------------948
[scan_planner_node-4] start: 0.226  -8.5 0.897,     0.625 -3.03e-07   0.00054
[scan_planner_node-4] goal:3.95 -8.5  0.9,      0.75 -1.18e-09         0
[scan_planner_node-4] [32miter(+1)=8,time(ms)=0.030,total_t(ms)=0.031,cost=0.006
[scan_planner_node-4] [0mfirst_optimize_step_success=1
[scan_planner_node-4] total time:[42m0.000204[0m,optimize:0.000161,refine:4.36e-05
[scan_planner_node-4] final_plan_success=1
[scan_planner_node-4] [FSM]: from REPLAN_TRAJ to EXEC_TRAJ
[closed_loop_controller-6] [INFO] [1786010927.923375127] [closed_loop_controller]: Received trajectory 923, duration 6.080s
[scan_planner_node-4] [FSM]: from EXEC_TRAJ to REPLAN_TRAJ
[scan_planner_node-4] [INFO] [1786010928.056430463] [scan_planner_node]: [MapDecay] decayed=959 cleared=204 active_occupied=5086
[scan_planner_node-4] 
[scan_planner_node-4] [rebo replan]: -------------------------------------949
[scan_planner_node-4] start:  0.31  -8.5 0.897,    0.625 -2.6e-07 0.000529
[scan_planner_node-4] goal:3.95 -8.5  0.9,      0.75 -1.18e-09         0
[scan_planner_node-4] [32miter(+1)=1,time(ms)=0.009,total_t(ms)=0.010,cost=0.004
[scan_planner_node-4] [0mfirst_optimize_step_success=1
[scan_planner_node-4] total time:[42m0.000182[0m,optimize:0.000138,refine:4.35e-05
[scan_planner_node-4] final_plan_success=1
[scan_planner_node-4] [FSM]: from REPLAN_TRAJ to EXEC_TRAJ
[closed_loop_controller-6] [INFO] [1786010928.056956363] [closed_loop_controller]: Received trajectory 924, duration 5.760s
[scan_planner_node-4] [FSM]: from EXEC_TRAJ to REPLAN_TRAJ
[scan_planner_node-4] 
[scan_planner_node-4] [rebo replan]: -------------------------------------950
[scan_planner_node-4] start: 0.438  -8.5 0.897,     0.625 -1.67e-07  0.000503
[scan_planner_node-4] goal:3.95 -8.5  0.9,      0.75 -1.18e-09         0
[scan_planner_node-4] [32miter(+1)=8,time(ms)=0.031,total_t(ms)=0.031,cost=0.006
[scan_planner_node-4] [0mfirst_optimize_step_success=1
[scan_planner_node-4] total time:[42m0.000242[0m,optimize:0.000183,refine:5.81e-05
[scan_planner_node-4] final_plan_success=1
[scan_planner_node-4] [FSM]: from REPLAN_TRAJ to EXEC_TRAJ
[closed_loop_controller-6] [INFO] [1786010928.260556215] [closed_loop_controller]: Received trajectory 925, duration 5.760s
[scan_planner_node-4] [FSM]: from EXEC_TRAJ to REPLAN_TRAJ
[scan_planner_node-4] 
[scan_planner_node-4] [rebo replan]: -------------------------------------951
[scan_planner_node-4] start: 0.548  -8.5 0.897,     0.625 -7.86e-08  0.000489
[scan_planner_node-4] goal: 4.3 -8.5  0.9,      0.75 -5.75e-09         0
[scan_planner_node-4] [32miter(+1)=6,time(ms)=0.029,total_t(ms)=0.030,cost=0.007
[scan_planner_node-4] [0mfirst_optimize_step_success=1
[scan_planner_node-4] total time:[42m0.000229[0m,optimize:0.00018,refine:4.89e-05
[scan_planner_node-4] final_plan_success=1
[scan_planner_node-4] [FSM]: from REPLAN_TRAJ to EXEC_TRAJ
[closed_loop_controller-6] [INFO] [1786010928.436433497] [closed_loop_controller]: Received trajectory 926, duration 6.080s
[scan_planner_node-4] [FSM]: from EXEC_TRAJ to REPLAN_TRAJ
[scan_planner_node-4] 
[scan_planner_node-4] [rebo replan]: -------------------------------------952
[scan_planner_node-4] start: 0.631  -8.5 0.897,     0.625 -2.09e-08  0.000478
[scan_planner_node-4] goal: 4.3 -8.5  0.9,      0.75 -5.75e-09         0
[scan_planner_node-4] [32miter(+1)=4,time(ms)=0.026,total_t(ms)=0.026,cost=0.001
[scan_planner_node-4] [0mfirst_optimize_step_success=1
[scan_planner_node-4] total time:[42m0.000253[0m,optimize:0.000184,refine:6.89e-05
[scan_planner_node-4] final_plan_success=1
[scan_planner_node-4] [FSM]: from REPLAN_TRAJ to EXEC_TRAJ
[closed_loop_controller-6] [INFO] [1786010928.571996252] [closed_loop_controller]: Received trajectory 927, duration 5.760s
[scan_planner_node-4] [FSM]: from EXEC_TRAJ to REPLAN_TRAJ
[scan_planner_node-4] 
[scan_planner_node-4] [rebo replan]: -------------------------------------953
[scan_planner_node-4] start: 0.729  -8.5 0.897,    0.625 3.19e-08 0.000459
[scan_planner_node-4] goal:4.48 -8.5  0.9,     0.75 9.82e-09        0
[scan_planner_node-4] [32miter(+1)=6,time(ms)=0.025,total_t(ms)=0.026,cost=0.008
[scan_planner_node-4] [0mfirst_optimize_step_success=1
[scan_planner_node-4] total time:[42m0.000218[0m,optimize:0.00017,refine:4.78e-05
[scan_planner_node-4] final_plan_success=1
[scan_planner_node-4] [FSM]: from REPLAN_TRAJ to EXEC_TRAJ
[closed_loop_controller-6] [INFO] [1786010928.729533910] [closed_loop_controller]: Received trajectory 928, duration 6.080s
[scan_planner_node-4] [INFO] [1786010928.774348118] [scan_planner_node]: [GridMapDiag] cloud=32768 accepted=21532 invalid=11236 below_sensor=0 outside_update=0 sensor_z=1.200 cutoff_z=2.200
[scan_planner_node-4] [FSM]: from EXEC_TRAJ to REPLAN_TRAJ
[scan_planner_node-4] 
[scan_planner_node-4] [rebo replan]: -------------------------------------954
[scan_planner_node-4] start: 0.831  -8.5 0.898,    0.625 6.87e-08  0.00044
[scan_planner_node-4] goal:4.48 -8.5  0.9,     0.75 9.82e-09        0
[scan_planner_node-4] [32miter(+1)=1,time(ms)=0.009,total_t(ms)=0.009,cost=0.003
[scan_planner_node-4] [0mfirst_optimize_step_success=1
[scan_planner_node-4] total time:[42m0.000195[0m,optimize:0.000147,refine:4.77e-05
[scan_planner_node-4] final_plan_success=1
[scan_planner_node-4] [FSM]: from REPLAN_TRAJ to EXEC_TRAJ
[closed_loop_controller-6] [INFO] [1786010928.893013163] [closed_loop_controller]: Received trajectory 929, duration 5.760s
[scan_planner_node-4] [FSM]: from EXEC_TRAJ to REPLAN_TRAJ
[scan_planner_node-4] 
[scan_planner_node-4] [rebo replan]: -------------------------------------955
[scan_planner_node-4] start: 0.904  -8.5 0.898,    0.625 8.29e-08 0.000429
[scan_planner_node-4] goal:4.48 -8.5  0.9,     0.75 9.82e-09        0
[scan_planner_node-4] [32miter(+1)=6,time(ms)=0.025,total_t(ms)=0.026,cost=0.006
[scan_planner_node-4] [0mfirst_optimize_step_success=1
[scan_planner_node-4] total time:[42m0.000242[0m,optimize:0.000195,refine:4.77e-05
[scan_planner_node-4] final_plan_success=1
[scan_planner_node-4] [FSM]: from REPLAN_TRAJ to EXEC_TRAJ
[closed_loop_controller-6] [INFO] [1786010929.008414210] [closed_loop_controller]: Received trajectory 930, duration 5.760s
[scan_planner_node-4] [FSM]: from EXEC_TRAJ to REPLAN_TRAJ
[scan_planner_node-4] [INFO] [1786010929.167549169] [scan_planner_node]: [MapDecay] decayed=325 cleared=153 active_occupied=5676
[scan_planner_node-4] 
[scan_planner_node-4] [rebo replan]: -------------------------------------956
[scan_planner_node-4] start:     1  -8.5 0.898,    0.625 8.82e-08 0.000422
[scan_planner_node-4] goal:4.48 -8.5  0.9,     0.75 9.82e-09        0
[scan_planner_node-4] [32miter(+1)=4,time(ms)=0.016,total_t(ms)=0.016,cost=0.001
[scan_planner_node-4] [0mfirst_optimize_step_success=1
[scan_planner_node-4] total time:[42m0.00018[0m,optimize:0.000141,refine:3.95e-05
[scan_planner_node-4] final_plan_success=1
[scan_planner_node-4] [FSM]: from REPLAN_TRAJ to EXEC_TRAJ
[closed_loop_controller-6] [INFO] [1786010929.168009209] [closed_loop_controller]: Received trajectory 931, duration 5.440s
[scan_planner_node-4] [FSM]: from EXEC_TRAJ to REPLAN_TRAJ
[scan_planner_node-4] 
[scan_planner_node-4] [rebo replan]: -------------------------------------957
[scan_planner_node-4] start:   1.1  -8.5 0.898,    0.625    8e-08 0.000421
[scan_planner_node-4] goal:4.83 -8.5  0.9,     0.75 7.15e-09        0
[scan_planner_node-4] [32miter(+1)=8,time(ms)=0.034,total_t(ms)=0.034,cost=0.006
[scan_planner_node-4] [0mfirst_optimize_step_success=1
[scan_planner_node-4] total time:[42m0.000224[0m,optimize:0.000178,refine:4.62e-05
[scan_planner_node-4] final_plan_success=1
[scan_planner_node-4] [FSM]: from REPLAN_TRAJ to EXEC_TRAJ
[closed_loop_controller-6] [INFO] [1786010929.327468374] [closed_loop_controller]: Received trajectory 932, duration 6.080s
[scan_planner_node-4] [FSM]: from EXEC_TRAJ to REPLAN_TRAJ
[scan_planner_node-4] 
[scan_planner_node-4] [rebo replan]: -------------------------------------958
[scan_planner_node-4] start:   1.2  -8.5 0.898,    0.625 6.27e-08 0.000411
[scan_planner_node-4] goal:4.83 -8.5  0.9,     0.75 7.15e-09        0
[scan_planner_node-4] [32miter(+1)=4,time(ms)=0.026,total_t(ms)=0.026,cost=0.004
[scan_planner_node-4] [0mfirst_optimize_step_success=1
[scan_planner_node-4] total time:[42m0.000229[0m,optimize:0.000183,refine:4.6e-05
[scan_planner_node-4] final_plan_success=1
[scan_planner_node-4] [FSM]: from REPLAN_TRAJ to EXEC_TRAJ
[closed_loop_controller-6] [INFO] [1786010929.492191440] [closed_loop_controller]: Received trajectory 933, duration 5.760s
[scan_planner_node-4] [FSM]: from EXEC_TRAJ to REPLAN_TRAJ
[scan_planner_node-4] 
[scan_planner_node-4] [rebo replan]: -------------------------------------959
[scan_planner_node-4] start:   1.3  -8.5 0.898,    0.625  4.2e-08 0.000395
[scan_planner_node-4] goal:4.83 -8.5  0.9,     0.75 7.15e-09        0
[scan_planner_node-4] [32miter(+1)=8,time(ms)=0.029,total_t(ms)=0.030,cost=0.006
[scan_planner_node-4] [0mfirst_optimize_step_success=1
[scan_planner_node-4] total time:[42m0.0002[0m,optimize:0.000151,refine:4.83e-05
[scan_planner_node-4] final_plan_success=1
[scan_planner_node-4] [FSM]: from REPLAN_TRAJ to EXEC_TRAJ
[closed_loop_controller-6] [INFO] [1786010929.650420073] [closed_loop_controller]: Received trajectory 934, duration 5.760s
[scan_planner_node-4] [FSM]: from EXEC_TRAJ to REPLAN_TRAJ
[scan_planner_node-4] 
[scan_planner_node-4] [rebo replan]: -------------------------------------960
[scan_planner_node-4] start:  1.41  -8.5 0.898,    0.625 1.91e-08 0.000383
[scan_planner_node-4] goal:4.83 -8.5  0.9,     0.75 7.15e-09        0
[scan_planner_node-4] [32miter(+1)=4,time(ms)=0.026,total_t(ms)=0.027,cost=0.004
[scan_planner_node-4] [0mfirst_optimize_step_success=1
[scan_planner_node-4] total time:[42m0.000201[0m,optimize:0.000151,refine:4.98e-05
[scan_planner_node-4] final_plan_success=1
[scan_planner_node-4] [FSM]: from REPLAN_TRAJ to EXEC_TRAJ
[closed_loop_controller-6] [INFO] [1786010929.822009781] [closed_loop_controller]: Received trajectory 935, duration 5.440s
[scan_planner_node-4] [FSM]: from EXEC_TRAJ to REPLAN_TRAJ
[scan_planner_node-4] 
[scan_planner_node-4] [rebo replan]: -------------------------------------961
[scan_planner_node-4] start:  1.53  -8.5 0.898,     0.625 -2.96e-09  0.000381
[scan_planner_node-4] goal:5.18 -8.5  0.9,      0.75 -1.43e-07         0
[scan_planner_node-4] [32miter(+1)=1,time(ms)=0.012,total_t(ms)=0.013,cost=0.003
[scan_planner_node-4] [0mfirst_optimize_step_success=1
[scan_planner_node-4] total time:[42m0.000348[0m,optimize:0.0003,refine:4.83e-05
[scan_planner_node-4] final_plan_success=1
[scan_planner_node-4] [FSM]: from REPLAN_TRAJ to EXEC_TRAJ
[closed_loop_controller-6] [INFO] [1786010930.021387321] [closed_loop_controller]: Received trajectory 936, duration 5.760s
[scan_planner_node-4] [FSM]: from EXEC_TRAJ to REPLAN_TRAJ
[scan_planner_node-4] [INFO] [1786010930.205932556] [scan_planner_node]: [MapDecay] decayed=52 cleared=7 active_occupied=6144
[scan_planner_node-4] 
[scan_planner_node-4] [rebo replan]: -------------------------------------962
[scan_planner_node-4] start:  1.65  -8.5 0.898,     0.625 -1.77e-08  0.000369
[scan_planner_node-4] goal:5.18 -8.5  0.9,      0.75 -1.43e-07         0
[scan_planner_node-4] [32miter(+1)=7,time(ms)=0.030,total_t(ms)=0.031,cost=0.007
[scan_planner_node-4] [0mfirst_optimize_step_success=1
[scan_planner_node-4] total time:[42m0.000218[0m,optimize:0.000168,refine:5.08e-05
[scan_planner_node-4] final_plan_success=1
[scan_planner_node-4] [FSM]: from REPLAN_TRAJ to EXEC_TRAJ
[closed_loop_controller-6] [INFO] [1786010930.206456429] [closed_loop_controller]: Received trajectory 937, duration 5.760s
[scan_planner_node-4] [FSM]: from EXEC_TRAJ to REPLAN_TRAJ
[scan_planner_node-4] 
[scan_planner_node-4] [rebo replan]: -------------------------------------963
[scan_planner_node-4] start:  1.73  -8.5 0.898,     0.625 -2.35e-08  0.000356
[scan_planner_node-4] goal:5.18 -8.5  0.9,      0.75 -1.43e-07         0
[scan_planner_node-4] [32miter(+1)=1,time(ms)=0.017,total_t(ms)=0.017,cost=0.002
[scan_planner_node-4] [0mfirst_optimize_step_success=1
[scan_planner_node-4] total time:[42m0.000255[0m,optimize:0.000194,refine:6.13e-05
[scan_planner_node-4] final_plan_success=1
[scan_planner_node-4] [FSM]: from REPLAN_TRAJ to EXEC_TRAJ
[closed_loop_controller-6] [INFO] [1786010930.333410199] [closed_loop_controller]: Received trajectory 938, duration 5.440s
[scan_planner_node-4] [FSM]: from EXEC_TRAJ to REPLAN_TRAJ
[scan_planner_node-4] 
[scan_planner_node-4] [rebo replan]: -------------------------------------964
[scan_planner_node-4] start:  1.83  -8.5 0.898,     0.625 -2.59e-08  0.000345
[scan_planner_node-4] goal:5.53 -8.5  0.9,      0.75 -1.03e-06         0
[scan_planner_node-4] [32miter(+1)=5,time(ms)=0.020,total_t(ms)=0.021,cost=0.001
[scan_planner_node-4] [0mfirst_optimize_step_success=1
[scan_planner_node-4] total time:[42m0.000215[0m,optimize:0.000171,refine:4.37e-05
[scan_planner_node-4] final_plan_success=1
[scan_planner_node-4] [FSM]: from REPLAN_TRAJ to EXEC_TRAJ
[closed_loop_controller-6] [INFO] [1786010930.498855918] [closed_loop_controller]: Received trajectory 939, duration 5.760s
[scan_planner_node-4] [FSM]: from EXEC_TRAJ to REPLAN_TRAJ
[scan_planner_node-4] 
[scan_planner_node-4] [rebo replan]: -------------------------------------965
[scan_planner_node-4] start:  1.93  -8.5 0.898,     0.625 -2.39e-08  0.000335
[scan_planner_node-4] goal:5.53 -8.5  0.9,      0.75 -1.03e-06         0
[scan_planner_node-4] [32miter(+1)=5,time(ms)=0.021,total_t(ms)=0.022,cost=0.005
[scan_planner_node-4] [0mfirst_optimize_step_success=1
[scan_planner_node-4] total time:[42m0.000212[0m,optimize:0.000168,refine:4.42e-05
[scan_planner_node-4] final_plan_success=1
[scan_planner_node-4] [FSM]: from REPLAN_TRAJ to EXEC_TRAJ
[closed_loop_controller-6] [INFO] [1786010930.650286050] [closed_loop_controller]: Received trajectory 940, duration 5.760s
[scan_planner_node-4] [FSM]: from EXEC_TRAJ to REPLAN_TRAJ
[scan_planner_node-4] 
[scan_planner_node-4] [rebo replan]: -------------------------------------966
[scan_planner_node-4] start:  2.04  -8.5 0.898,     0.625 -1.78e-08  0.000318
[scan_planner_node-4] goal:5.53 -8.5  0.9,      0.75 -1.03e-06         0
[scan_planner_node-4] [32miter(+1)=5,time(ms)=0.021,total_t(ms)=0.021,cost=0.001
[scan_planner_node-4] [0mfirst_optimize_step_success=1
[scan_planner_node-4] total time:[42m0.000188[0m,optimize:0.000144,refine:4.38e-05
[scan_planner_node-4] final_plan_success=1
[scan_planner_node-4] [FSM]: from REPLAN_TRAJ to EXEC_TRAJ
[closed_loop_controller-6] [INFO] [1786010930.841390247] [closed_loop_controller]: Received trajectory 941, duration 5.440s
[scan_planner_node-4] [INFO] [1786010930.931986420] [scan_planner_node]: [GridMapDiag] cloud=32768 accepted=21454 invalid=11314 below_sensor=0 outside_update=0 sensor_z=1.200 cutoff_z=2.200
[scan_planner_node-4] [FSM]: from EXEC_TRAJ to REPLAN_TRAJ
[scan_planner_node-4] 
[scan_planner_node-4] [rebo replan]: -------------------------------------967
[scan_planner_node-4] start:  2.15  -8.5 0.898,     0.625 -1.05e-08  0.000311
[scan_planner_node-4] goal: 5.7 -8.5  0.9,    0.75 2.1e-06       0
[scan_planner_node-4] [32miter(+1)=6,time(ms)=0.024,total_t(ms)=0.024,cost=0.008
[scan_planner_node-4] [0mfirst_optimize_step_success=1
[scan_planner_node-4] total time:[42m0.000219[0m,optimize:0.000175,refine:4.38e-05
[scan_planner_node-4] final_plan_success=1
[scan_planner_node-4] [FSM]: from REPLAN_TRAJ to EXEC_TRAJ
[closed_loop_controller-6] [INFO] [1786010931.016639876] [closed_loop_controller]: Received trajectory 942, duration 5.760s
[scan_planner_node-4] [FSM]: from EXEC_TRAJ to REPLAN_TRAJ
[scan_planner_node-4] 
[scan_planner_node-4] [rebo replan]: -------------------------------------968
[scan_planner_node-4] start:  2.26  -8.5 0.898,     0.625 -4.05e-09  0.000306
[scan_planner_node-4] goal: 5.7 -8.5  0.9,    0.75 2.1e-06       0
[scan_planner_node-4] [32miter(+1)=1,time(ms)=0.014,total_t(ms)=0.014,cost=0.003
[scan_planner_node-4] [0mfirst_optimize_step_success=1
[scan_planner_node-4] total time:[42m0.000229[0m,optimize:0.000185,refine:4.34e-05
[scan_planner_node-4] final_plan_success=1
[scan_planner_node-4] [FSM]: from REPLAN_TRAJ to EXEC_TRAJ
[closed_loop_controller-6] [INFO] [1786010931.180227832] [closed_loop_controller]: Received trajectory 943, duration 5.440s
[scan_planner_node-4] [INFO] [1786010931.319661660] [scan_planner_node]: [MapDecay] decayed=1272 cleared=468 active_occupied=5964
[scan_planner_node-4] [FSM]: from EXEC_TRAJ to REPLAN_TRAJ
[scan_planner_node-4] 
[scan_planner_node-4] [rebo replan]: -------------------------------------969
[scan_planner_node-4] start:   2.4  -8.5 0.898,    0.625 3.03e-09 0.000298
[scan_planner_node-4] goal:6.05 -8.5  0.9,    0.75 4.7e-06       0
[scan_planner_node-4] [32miter(+1)=3,time(ms)=0.017,total_t(ms)=0.017,cost=0.002
[scan_planner_node-4] [0mfirst_optimize_step_success=1
[scan_planner_node-4] total time:[42m0.000228[0m,optimize:0.000181,refine:4.68e-05
[scan_planner_node-4] final_plan_success=1
[scan_planner_node-4] [FSM]: from REPLAN_TRAJ to EXEC_TRAJ
[closed_loop_controller-6] [INFO] [1786010931.405988283] [closed_loop_controller]: Received trajectory 944, duration 5.760s
[scan_planner_node-4] [FSM]: from EXEC_TRAJ to REPLAN_TRAJ
[scan_planner_node-4] 
[scan_planner_node-4] [rebo replan]: -------------------------------------970
[scan_planner_node-4] start:  2.51  -8.5 0.898,    0.625 6.31e-09 0.000287
[scan_planner_node-4] goal:6.05 -8.5  0.9,    0.75 4.7e-06       0
[scan_planner_node-4] [32miter(+1)=6,time(ms)=0.026,total_t(ms)=0.026,cost=0.008
[scan_planner_node-4] [0mfirst_optimize_step_success=1
[scan_planner_node-4] total time:[42m0.00022[0m,optimize:0.000174,refine:4.65e-05
[scan_planner_node-4] final_plan_success=1
[scan_planner_node-4] [FSM]: from REPLAN_TRAJ to EXEC_TRAJ
[closed_loop_controller-6] [INFO] [1786010931.583448233] [closed_loop_controller]: Received trajectory 945, duration 5.760s
[scan_planner_node-4] [FSM]: from EXEC_TRAJ to REPLAN_TRAJ
[scan_planner_node-4] 
[scan_planner_node-4] [rebo replan]: -------------------------------------971
[scan_planner_node-4] start:  2.63  -8.5 0.899,    0.625 7.29e-09 0.000271
[scan_planner_node-4] goal:6.05 -8.5  0.9,    0.75 4.7e-06       0
[scan_planner_node-4] [32miter(+1)=4,time(ms)=0.018,total_t(ms)=0.018,cost=0.004
[scan_planner_node-4] [0mfirst_optimize_step_success=1
[scan_planner_node-4] total time:[42m0.000175[0m,optimize:0.000134,refine:4.11e-05
[scan_planner_node-4] final_plan_success=1
[scan_planner_node-4] [FSM]: from REPLAN_TRAJ to EXEC_TRAJ
[closed_loop_controller-6] [INFO] [1786010931.782877247] [closed_loop_controller]: Received trajectory 946, duration 5.440s
[scan_planner_node-4] [FSM]: from EXEC_TRAJ to REPLAN_TRAJ
[scan_planner_node-4] 
[scan_planner_node-4] [rebo replan]: -------------------------------------972
[scan_planner_node-4] start:  2.75  -8.5 0.899,    0.625 6.46e-09 0.000266
[scan_planner_node-4] goal: 6.4 -8.5  0.9,      0.75 -1.05e-05         0
[scan_planner_node-4] [32miter(+1)=1,time(ms)=0.010,total_t(ms)=0.011,cost=0.002
[scan_planner_node-4] [0mfirst_optimize_step_success=1
[scan_planner_node-4] total time:[42m0.000184[0m,optimize:0.000142,refine:4.12e-05
[scan_planner_node-4] final_plan_success=1
[scan_planner_node-4] [FSM]: from REPLAN_TRAJ to EXEC_TRAJ
[closed_loop_controller-6] [INFO] [1786010931.972808694] [closed_loop_controller]: Received trajectory 947, duration 5.760s
[scan_planner_node-4] [FSM]: from EXEC_TRAJ to REPLAN_TRAJ
[scan_planner_node-4] 
[scan_planner_node-4] [rebo replan]: -------------------------------------973
[scan_planner_node-4] start:  2.82  -8.5 0.899,    0.625 5.66e-09 0.000262
[scan_planner_node-4] goal: 6.4 -8.5  0.9,      0.75 -1.05e-05         0
[scan_planner_node-4] [32miter(+1)=5,time(ms)=0.024,total_t(ms)=0.024,cost=0.006
[scan_planner_node-4] [0mfirst_optimize_step_success=1
[scan_planner_node-4] total time:[42m0.000209[0m,optimize:0.000166,refine:4.28e-05
[scan_planner_node-4] final_plan_success=1
[scan_planner_node-4] [FSM]: from REPLAN_TRAJ to EXEC_TRAJ
[closed_loop_controller-6] [INFO] [1786010932.085684852] [closed_loop_controller]: Received trajectory 948, duration 5.760s
[scan_planner_node-4] [FSM]: state: EXEC_TRAJ
[scan_planner_node-4] [FSM]: from EXEC_TRAJ to REPLAN_TRAJ
[scan_planner_node-4] 
[scan_planner_node-4] [rebo replan]: -------------------------------------974
[scan_planner_node-4] start:  2.89  -8.5 0.899,    0.625 4.18e-09 0.000255
[scan_planner_node-4] goal: 6.4 -8.5  0.9,      0.75 -1.05e-05         0
[scan_planner_node-4] [32miter(+1)=8,time(ms)=0.050,total_t(ms)=0.051,cost=0.006
[scan_planner_node-4] [0mfirst_optimize_step_success=1
[scan_planner_node-4] total time:[42m0.000286[0m,optimize:0.000225,refine:6.15e-05
[scan_planner_node-4] final_plan_success=1
[scan_planner_node-4] [FSM]: from REPLAN_TRAJ to EXEC_TRAJ
[closed_loop_controller-6] [INFO] [1786010932.203737071] [closed_loop_controller]: Received trajectory 949, duration 5.760s
[scan_planner_node-4] [FSM]: from EXEC_TRAJ to REPLAN_TRAJ
[scan_planner_node-4] [INFO] [1786010932.354326611] [scan_planner_node]: [MapDecay] decayed=1708 cleared=702 active_occupied=6200
[scan_planner_node-4] 
[scan_planner_node-4] [rebo replan]: -------------------------------------975
[scan_planner_node-4] start:  2.99  -8.5 0.899,    0.625 3.05e-09 0.000247
[scan_planner_node-4] goal:6.75 -8.5  0.9,      0.75 -0.000157         0
[scan_planner_node-4] [32miter(+1)=5,time(ms)=0.021,total_t(ms)=0.021,cost=0.008
[scan_planner_node-4] [0mfirst_optimize_step_success=1
[scan_planner_node-4] total time:[42m0.000234[0m,optimize:0.000188,refine:4.59e-05
[scan_planner_node-4] final_plan_success=1
[scan_planner_node-4] [FSM]: from REPLAN_TRAJ to EXEC_TRAJ
[closed_loop_controller-6] [INFO] [1786010932.354812203] [closed_loop_controller]: Received trajectory 950, duration 6.080s
[scan_planner_node-4] [FSM]: from EXEC_TRAJ to REPLAN_TRAJ
[scan_planner_node-4] 
[scan_planner_node-4] [rebo replan]: -------------------------------------976
[scan_planner_node-4] start:  3.11  -8.5 0.899,    0.625 2.04e-09 0.000233
[scan_planner_node-4] goal:6.75 -8.5  0.9,      0.75 -0.000157         0
[scan_planner_node-4] [32miter(+1)=1,time(ms)=0.011,total_t(ms)=0.011,cost=0.003
[scan_planner_node-4] [0mfirst_optimize_step_success=1
[scan_planner_node-4] total time:[42m0.000182[0m,optimize:0.000141,refine:4.19e-05
[scan_planner_node-4] final_plan_success=1
[scan_planner_node-4] [FSM]: from REPLAN_TRAJ to EXEC_TRAJ
[closed_loop_controller-6] [INFO] [1786010932.545349352] [closed_loop_controller]: Received trajectory 951, duration 5.760s
[scan_planner_node-4] [FSM]: from EXEC_TRAJ to REPLAN_TRAJ
[scan_planner_node-4] 
[scan_planner_node-4] [rebo replan]: -------------------------------------977
[scan_planner_node-4] start:  3.16  -8.5 0.899,    0.625  9.9e-10 0.000226
[scan_planner_node-4] goal:6.75 -8.5  0.9,      0.75 -0.000157         0
[scan_planner_node-4] [32miter(+1)=5,time(ms)=0.035,total_t(ms)=0.035,cost=0.006
[scan_planner_node-4] [0mfirst_optimize_step_success=1
[scan_planner_node-4] total time:[42m0.000277[0m,optimize:0.000219,refine:5.73e-05
[scan_planner_node-4] final_plan_success=1
[scan_planner_node-4] [FSM]: from REPLAN_TRAJ to EXEC_TRAJ
[closed_loop_controller-6] [INFO] [1786010932.632825615] [closed_loop_controller]: Received trajectory 952, duration 5.760s
[scan_planner_node-4] [FSM]: from EXEC_TRAJ to REPLAN_TRAJ
[scan_planner_node-4] 
[scan_planner_node-4] [rebo replan]: -------------------------------------978
[scan_planner_node-4] start:  3.24  -8.5 0.899,    0.625 1.08e-09 0.000219
[scan_planner_node-4] goal:6.75 -8.5  0.9,      0.75 -0.000157         0
[scan_planner_node-4] [32miter(+1)=8,time(ms)=0.038,total_t(ms)=0.038,cost=0.006
[scan_planner_node-4] [0mfirst_optimize_step_success=1
[scan_planner_node-4] total time:[42m0.000469[0m,optimize:0.00042,refine:4.88e-05
[scan_planner_node-4] final_plan_success=1
[closed_loop_controller-6] [INFO] [1786010932.757131600] [closed_loop_controller]: Received trajectory 953, duration 5.760s
[scan_planner_node-4] [FSM]: from REPLAN_TRAJ to EXEC_TRAJ
[scan_planner_node-4] [FSM]: from EXEC_TRAJ to REPLAN_TRAJ
[scan_planner_node-4] 
[scan_planner_node-4] [rebo replan]: -------------------------------------979
[scan_planner_node-4] start:  3.36  -8.5 0.899,    0.625 1.67e-08 0.000216
[scan_planner_node-4] goal: 7.1 -8.5  0.9,      0.75 -0.000764         0
[scan_planner_node-4] [32miter(+1)=6,time(ms)=0.029,total_t(ms)=0.029,cost=0.008
[scan_planner_node-4] [0mfirst_optimize_step_success=1
[scan_planner_node-4] total time:[42m0.000216[0m,optimize:0.000172,refine:4.39e-05
[scan_planner_node-4] final_plan_success=1
[scan_planner_node-4] [FSM]: from REPLAN_TRAJ to EXEC_TRAJ
[closed_loop_controller-6] [INFO] [1786010932.947517188] [closed_loop_controller]: Received trajectory 954, duration 6.080s
[scan_planner_node-4] [INFO] [1786010933.029610561] [scan_planner_node]: [GridMapDiag] cloud=32768 accepted=21554 invalid=11214 below_sensor=0 outside_update=0 sensor_z=1.200 cutoff_z=2.200
[scan_planner_node-4] [FSM]: from EXEC_TRAJ to REPLAN_TRAJ
[scan_planner_node-4] 
[scan_planner_node-4] [rebo replan]: -------------------------------------980
[scan_planner_node-4] start:  3.41  -8.5 0.899,    0.625 2.25e-08 0.000215
[scan_planner_node-4] goal: 7.1 -8.5  0.9,      0.75 -0.000764         0
[scan_planner_node-4] [32miter(+1)=8,time(ms)=0.033,total_t(ms)=0.034,cost=0.009
[scan_planner_node-4] [0mfirst_optimize_step_success=1
[scan_planner_node-4] total time:[42m0.000226[0m,optimize:0.000181,refine:4.46e-05
[scan_planner_node-4] final_plan_success=1
[scan_planner_node-4] [FSM]: from REPLAN_TRAJ to EXEC_TRAJ
[closed_loop_controller-6] [INFO] [1786010933.032773873] [closed_loop_controller]: Received trajectory 955, duration 6.080s
[scan_planner_node-4] [FSM]: from EXEC_TRAJ to REPLAN_TRAJ
[scan_planner_node-4] 
[scan_planner_node-4] [rebo replan]: -------------------------------------981
[scan_planner_node-4] start:  3.49  -8.5 0.899,    0.625 1.23e-08  0.00021
[scan_planner_node-4] goal: 7.1 -8.5  0.9,      0.75 -0.000764         0
[scan_planner_node-4] [32miter(+1)=4,time(ms)=0.016,total_t(ms)=0.016,cost=0.005
[scan_planner_node-4] [0mfirst_optimize_step_success=1
[scan_planner_node-4] total time:[42m0.000199[0m,optimize:0.000151,refine:4.88e-05
[scan_planner_node-4] final_plan_success=1
[scan_planner_node-4] [FSM]: from REPLAN_TRAJ to EXEC_TRAJ
[closed_loop_controller-6] [INFO] [1786010933.155852031] [closed_loop_controller]: Received trajectory 956, duration 5.760s
[scan_planner_node-4] [FSM]: from EXEC_TRAJ to REPLAN_TRAJ
[scan_planner_node-4] 
[scan_planner_node-4] [rebo replan]: -------------------------------------982
[scan_planner_node-4] start:   3.6  -8.5 0.899,     0.625 -1.12e-08  0.000202
[scan_planner_node-4] goal: 7.1 -8.5  0.9,      0.75 -0.000764         0
[scan_planner_node-4] [32miter(+1)=8,time(ms)=0.030,total_t(ms)=0.031,cost=0.007
[scan_planner_node-4] [0mfirst_optimize_step_success=1
[scan_planner_node-4] total time:[42m0.000185[0m,optimize:0.000142,refine:4.25e-05
[scan_planner_node-4] final_plan_success=1
[scan_planner_node-4] [FSM]: from REPLAN_TRAJ to EXEC_TRAJ
[closed_loop_controller-6] [INFO] [1786010933.339571373] [closed_loop_controller]: Received trajectory 957, duration 5.760s
[scan_planner_node-4] [INFO] [1786010933.381090026] [scan_planner_node]: [MapDecay] decayed=643 cleared=242 active_occupied=6164
[scan_planner_node-4] [FSM]: from EXEC_TRAJ to REPLAN_TRAJ
[scan_planner_node-4] 
[scan_planner_node-4] [rebo replan]: -------------------------------------983
[scan_planner_node-4] start:  3.68  -8.5 0.899,     0.625 -4.23e-08  0.000199
[scan_planner_node-4] goal: 7.1 -8.5  0.9,      0.75 -0.000764         0
[scan_planner_node-4] [32miter(+1)=4,time(ms)=0.025,total_t(ms)=0.026,cost=0.004
[scan_planner_node-4] [0mfirst_optimize_step_success=1
[scan_planner_node-4] total time:[42m0.000208[0m,optimize:0.000159,refine:4.9e-05
[scan_planner_node-4] final_plan_success=1
[scan_planner_node-4] [FSM]: from REPLAN_TRAJ to EXEC_TRAJ
[closed_loop_controller-6] [INFO] [1786010933.461756859] [closed_loop_controller]: Received trajectory 958, duration 5.440s
[scan_planner_node-4] [FSM]: from EXEC_TRAJ to REPLAN_TRAJ
[scan_planner_node-4] 
[scan_planner_node-4] [rebo replan]: -------------------------------------984
[scan_planner_node-4] start:  3.75  -8.5 0.899,     0.625 -1.08e-07  0.000197
[scan_planner_node-4] goal:7.28 -8.5  0.9,  0.749 0.0013      0
[scan_planner_node-4] [32miter(+1)=5,time(ms)=0.027,total_t(ms)=0.027,cost=0.002
[scan_planner_node-4] [0mfirst_optimize_step_success=1
[scan_planner_node-4] total time:[42m0.000254[0m,optimize:0.000206,refine:4.76e-05
[scan_planner_node-4] final_plan_success=1
[scan_planner_node-4] [FSM]: from REPLAN_TRAJ to EXEC_TRAJ
[closed_loop_controller-6] [INFO] [1786010933.575391232] [closed_loop_controller]: Received trajectory 959, duration 5.440s
[scan_planner_node-4] [FSM]: from EXEC_TRAJ to REPLAN_TRAJ
[scan_planner_node-4] 
[scan_planner_node-4] [rebo replan]: -------------------------------------985
[scan_planner_node-4] start:  3.84  -8.5 0.899,     0.625 -2.74e-07  0.000195
[scan_planner_node-4] goal:7.28 -8.5  0.9,  0.749 0.0013      0
[scan_planner_node-4] [32miter(+1)=4,time(ms)=0.017,total_t(ms)=0.017,cost=0.003
[scan_planner_node-4] [0mfirst_optimize_step_success=1
[scan_planner_node-4] total time:[42m0.000198[0m,optimize:0.000159,refine:3.93e-05
[scan_planner_node-4] final_plan_success=1
[scan_planner_node-4] [FSM]: from REPLAN_TRAJ to EXEC_TRAJ
[closed_loop_controller-6] [INFO] [1786010933.725518974] [closed_loop_controller]: Received trajectory 960, duration 5.440s
[scan_planner_node-4] [FSM]: from EXEC_TRAJ to REPLAN_TRAJ
[scan_planner_node-4] 
[scan_planner_node-4] [rebo replan]: -------------------------------------986
[scan_planner_node-4] start:  3.92  -8.5 0.899,     0.625 -3.72e-07  0.000192
[scan_planner_node-4] goal:7.63 -8.5  0.9,    0.749 0.000949        0
[scan_planner_node-4] [32miter(+1)=8,time(ms)=0.034,total_t(ms)=0.034,cost=0.006
[scan_planner_node-4] [0mfirst_optimize_step_success=1
[scan_planner_node-4] total time:[42m0.000215[0m,optimize:0.000173,refine:4.23e-05
[scan_planner_node-4] final_plan_success=1
[scan_planner_node-4] [FSM]: from REPLAN_TRAJ to EXEC_TRAJ
[closed_loop_controller-6] [INFO] [1786010933.848705422] [closed_loop_controller]: Received trajectory 961, duration 6.080s
[scan_planner_node-4] [FSM]: from EXEC_TRAJ to REPLAN_TRAJ
[scan_planner_node-4] 
[scan_planner_node-4] [rebo replan]: -------------------------------------987
[scan_planner_node-4] start:  3.99  -8.5 0.899,     0.625 -2.43e-07  0.000187
[scan_planner_node-4] goal:7.63 -8.5  0.9,    0.749 0.000949        0
[scan_planner_node-4] [32miter(+1)=1,time(ms)=0.016,total_t(ms)=0.016,cost=0.004
[scan_planner_node-4] [0mfirst_optimize_step_success=1
[scan_planner_node-4] total time:[42m0.000208[0m,optimize:0.00016,refine:4.79e-05
[scan_planner_node-4] final_plan_success=1
[scan_planner_node-4] [FSM]: from REPLAN_TRAJ to EXEC_TRAJ
[closed_loop_controller-6] [INFO] [1786010933.959512267] [closed_loop_controller]: Received trajectory 962, duration 5.760s
[scan_planner_node-4] [FSM]: from EXEC_TRAJ to REPLAN_TRAJ
[scan_planner_node-4] 
[scan_planner_node-4] [rebo replan]: -------------------------------------988
[scan_planner_node-4] start:   4.1  -8.5 0.899,    0.625 4.08e-07 0.000177
[scan_planner_node-4] goal:7.63 -8.5  0.9,    0.749 0.000949        0
[scan_planner_node-4] [32miter(+1)=7,time(ms)=0.041,total_t(ms)=0.042,cost=0.007
[scan_planner_node-4] [0mfirst_optimize_step_success=1
[scan_planner_node-4] total time:[42m0.000254[0m,optimize:0.000197,refine:5.71e-05
[scan_planner_node-4] final_plan_success=1
[scan_planner_node-4] [FSM]: from REPLAN_TRAJ to EXEC_TRAJ
[closed_loop_controller-6] [INFO] [1786010934.137463129] [closed_loop_controller]: Received trajectory 963, duration 5.760s
[scan_planner_node-4] [FSM]: from EXEC_TRAJ to REPLAN_TRAJ
[scan_planner_node-4] 
[scan_planner_node-4] [rebo replan]: -------------------------------------989
[scan_planner_node-4] start:  4.18  -8.5 0.899,    0.625 1.86e-07 0.000172
[scan_planner_node-4] goal:7.63 -8.5  0.9,    0.749 0.000949        0
[scan_planner_node-4] [32miter(+1)=1,time(ms)=0.010,total_t(ms)=0.011,cost=0.002
[scan_planner_node-4] [0mfirst_optimize_step_success=1
[scan_planner_node-4] total time:[42m0.000177[0m,optimize:0.000135,refine:4.17e-05
[scan_planner_node-4] final_plan_success=1
[scan_planner_node-4] [FSM]: from REPLAN_TRAJ to EXEC_TRAJ
[closed_loop_controller-6] [INFO] [1786010934.262833785] [closed_loop_controller]: Received trajectory 964, duration 5.440s
[scan_planner_node-4] [FSM]: from EXEC_TRAJ to REPLAN_TRAJ
[scan_planner_node-4] 
[scan_planner_node-4] [rebo replan]: -------------------------------------990
[scan_planner_node-4] start:  4.25  -8.5 0.899,     0.625 -1.11e-06  0.000169
[scan_planner_node-4] goal:7.98 -8.5  0.9,    0.75 -0.0186       0
[scan_planner_node-4] [32miter(+1)=6,time(ms)=0.023,total_t(ms)=0.024,cost=0.010
[scan_planner_node-4] [0mfirst_optimize_step_success=1
[scan_planner_node-4] total time:[42m0.000226[0m,optimize:0.000181,refine:4.52e-05
[scan_planner_node-4] final_plan_success=1
[scan_planner_node-4] [FSM]: from REPLAN_TRAJ to EXEC_TRAJ
[closed_loop_controller-6] [INFO] [1786010934.374780043] [closed_loop_controller]: Received trajectory 965, duration 6.080s
[scan_planner_node-4] [INFO] [1786010934.453134889] [scan_planner_node]: [MapDecay] decayed=1103 cleared=226 active_occupied=5485
[scan_planner_node-4] [FSM]: from EXEC_TRAJ to REPLAN_TRAJ
[scan_planner_node-4] 
[scan_planner_node-4] [rebo replan]: -------------------------------------991
[scan_planner_node-4] start:  4.34  -8.5 0.899,     0.625 -2.68e-06  0.000165
[scan_planner_node-4] goal:7.98 -8.5  0.9,    0.75 -0.0186       0
[scan_planner_node-4] [32miter(+1)=1,time(ms)=0.011,total_t(ms)=0.011,cost=0.004
[scan_planner_node-4] [0mfirst_optimize_step_success=1
[scan_planner_node-4] total time:[42m0.000167[0m,optimize:0.000125,refine:4.17e-05
[scan_planner_node-4] final_plan_success=1
[scan_planner_node-4] [FSM]: from REPLAN_TRAJ to EXEC_TRAJ
[closed_loop_controller-6] [INFO] [1786010934.520378533] [closed_loop_controller]: Received trajectory 966, duration 5.760s
[scan_planner_node-4] [FSM]: from EXEC_TRAJ to REPLAN_TRAJ
[scan_planner_node-4] 
[scan_planner_node-4] [rebo replan]: -------------------------------------992
[scan_planner_node-4] start:  4.44  -8.5 0.899,     0.625 -2.78e-06  0.000158
[scan_planner_node-4] goal:7.98 -8.5  0.9,    0.75 -0.0186       0
[scan_planner_node-4] [32miter(+1)=6,time(ms)=0.023,total_t(ms)=0.024,cost=0.008
[scan_planner_node-4] [0mfirst_optimize_step_success=1
[scan_planner_node-4] total time:[42m0.00022[0m,optimize:0.000177,refine:4.26e-05
[scan_planner_node-4] final_plan_success=1
[scan_planner_node-4] [FSM]: from REPLAN_TRAJ to EXEC_TRAJ
[closed_loop_controller-6] [INFO] [1786010934.674488422] [closed_loop_controller]: Received trajectory 967, duration 5.760s
[scan_planner_node-4] [FSM]: from EXEC_TRAJ to REPLAN_TRAJ
[scan_planner_node-4] 
[scan_planner_node-4] [rebo replan]: -------------------------------------993
[scan_planner_node-4] start:   4.5  -8.5 0.899,     0.625 -1.54e-06  0.000155
[scan_planner_node-4] goal:7.98 -8.5  0.9,    0.75 -0.0186       0
[scan_planner_node-4] [32miter(+1)=9,time(ms)=0.036,total_t(ms)=0.036,cost=0.008
[scan_planner_node-4] [0mfirst_optimize_step_success=1
[scan_planner_node-4] total time:[42m0.000229[0m,optimize:0.000171,refine:5.73e-05
[scan_planner_node-4] final_plan_success=1
[scan_planner_node-4] [FSM]: from REPLAN_TRAJ to EXEC_TRAJ
[closed_loop_controller-6] [INFO] [1786010934.783098791] [closed_loop_controller]: Received trajectory 968, duration 5.760s
[scan_planner_node-4] [FSM]: from EXEC_TRAJ to REPLAN_TRAJ
[scan_planner_node-4] 
[scan_planner_node-4] [rebo replan]: -------------------------------------994
[scan_planner_node-4] start:  4.58  -8.5 0.899,    0.625 7.22e-07 0.000153
[scan_planner_node-4] goal:8.33 -8.5  0.9,  0.74 -0.12     0
[scan_planner_node-4] [32miter(+1)=6,time(ms)=0.029,total_t(ms)=0.030,cost=0.011
[scan_planner_node-4] [0mfirst_optimize_step_success=1
[scan_planner_node-4] total time:[42m0.000221[0m,optimize:0.000174,refine:4.74e-05
[scan_planner_node-4] final_plan_success=1
[scan_planner_node-4] [FSM]: from REPLAN_TRAJ to EXEC_TRAJ
[closed_loop_controller-6] [INFO] [1786010934.903488087] [closed_loop_controller]: Received trajectory 969, duration 6.080s
[scan_planner_node-4] [FSM]: from EXEC_TRAJ to REPLAN_TRAJ
[scan_planner_node-4] [INFO] [1786010935.055214203] [scan_planner_node]: [GridMapDiag] cloud=32768 accepted=21584 invalid=11184 below_sensor=0 outside_update=0 sensor_z=1.200 cutoff_z=2.200
[scan_planner_node-4] 
[scan_planner_node-4] [rebo replan]: -------------------------------------995
[scan_planner_node-4] start:  4.68  -8.5 0.899,    0.625  2.3e-06 0.000149
[scan_planner_node-4] goal:8.33 -8.5  0.9,  0.74 -0.12     0
[scan_planner_node-4] [32miter(+1)=4,time(ms)=0.016,total_t(ms)=0.017,cost=0.006
[scan_planner_node-4] [0mfirst_optimize_step_success=1
[scan_planner_node-4] total time:[42m0.000199[0m,optimize:0.000156,refine:4.27e-05
[scan_planner_node-4] final_plan_success=1
[scan_planner_node-4] [FSM]: from REPLAN_TRAJ to EXEC_TRAJ
[closed_loop_controller-6] [INFO] [1786010935.058772306] [closed_loop_controller]: Received trajectory 970, duration 5.760s
[scan_planner_node-4] [FSM]: from EXEC_TRAJ to REPLAN_TRAJ
